:1010000097210500938101A317310500130181C2C7
:1010100017850000130585A997850000938505A90C
:101020001386818463FCC5008322050023A055003C
:101030001305450093854500E3E8C5FE13858184CB
:10104000938501206378B500232005001305450032
:10105000E36CB5FEEF000001EF40002A6F000000D6
:0410600067800000A5
:10106400130101FF232481002320210117840000A0
:10107400130484A317890000130909A333098940C1
:10108400232611002322910013592940630E0900DD
:101094009304000083270400938414001304440081
:1010A400E7800700E31899FE178400001304C49F27
:1010B400178900001309499F3309894013592940AE
:1010C400630E090093040000832704009384140032
:1010D40013044400E7800700E31899FE8320C1004D
:1010E4000324810083244100032901001301010129
:1010F40067800000938741839305050003A50700DB
:101104006F004001938741839305050003A5070001
:101114006F005036130101FD232291022320210385
:101124002326110223248102232E3101232C410181
:10113400232A5101232861012326710123248101DB
:10114400232291019384B5009307600113090500DC
:1011540063E697069307000163ECB722EF00501291
:1011640093040001930780011306200097190500DA
:101174009389098AB387F90003A44700138787FF7B
:101184006300E426832744008326C40003268400E6
:1011940093F7C7FFB307F40003A747002326D6003D
:1011A40023A4C600136717001305090023A2E70050
:1011B400EF00500D130584006F00401E93F484FF6C
:1011C40063C8041C63E6B41CEF00900B9307701F04
:1011D40063F4974A93D79400638C071E1307400067
:1011E4006368F74293D764001386970313858703D4
:1011F400931636009719050093898981B386D9001F
:1012040003A44600938686FF638C860283274400EA
:101214009305F00093F7C7FF3387974063C0E50257
:10122400635207380324C400638C86008327440078
:1012340093F7C7FF33879740E3D4E5FE1306050011
:1012440003A40901170805001308087D6308041B9B
:10125400832544001307F00093F5C5FFB387954039
:101264006342F74417070500232E077B1707050081
:101274002328077B63D807409307F01F63EAB7323C
:1012840093D53500938715009397370003A549003C
:10129400B387F90083A6070093D5254013071000F0
:1012A4003317B7003367A700938587FF2326B4005D
:1012B4002324D4009705050023AEE57423A08700FA
:1012C40023A686009357264093061000B396F60093
:1012D4006360D714B3F7E60063940702939616008D
:1012E4001376C6FFB3F7E60013064600639A0700B9
:1012F40093961600B3F7E60013064600E38A07FE4A
:101304001305F00093183600B3881901938508007B
:101314001303060003A4C500639A85006F0080319F
:10132400635407320324C400638685308327440052
:1013340093F7C7FF33879740E354E5FE8326C40041
:101344000326840093E514002322B4002326D60048
:1013540023A4C600B30494009706050023A4966C46
:101364009706050023AE966A9366170023A6040128
:1013740023A4040123A2D400B307F4001305090035
:1013840023A0E700EF000070130584006F00000144
:101394009307C0002320F900130500008320C10235
:1013A4000324810283244102032901028329C10108
:1013B400032A8101832A4101032B0101832BC100EC
:1013C400032C8100832C410013010103678000007A
:1013D40093060020130600041305F0036FF09FE149
:1013E40003A4C70013062600E39E87D803A40901BB
:1013F4001708050013084862E31C04E503A7490025
:101404009357264093061000B396F600E374D7EC86
:1014140003A48900832A440093FBCAFF63E89B006A
:10142400B3879B401307F0006348F7149387C18682
:10143400138CC18283AA070003270C009307F0FFD3
:10144400330A7401B38A54016306F734B7170000F2
:101454009387F700B38AFA00B7F7FFFFB3FAFA00ED
:1014640093850A0013050900EF00C0689307F0FF95
:10147400130B05006306F52863624529938C4187A5
:1014840083A70C00B387FA0023AAF1861387070009
:101494006306AA3A83260C009307F0FF638EF63A9C
:1014A400B3074B41B387E70023AAF186137C7B0083
:1014B40063060C30330B8B41B7170000130B8B0002
:1014C400138AF7FFB30A5B019387870033F74A0156
:1014D400B3878741B387E74033FA470193050A008E
:1014E40013050900EF0000619307F0FF6300F53C6A
:1014F40033056541B30A450183A70C0017070500AE
:10150400232C675193EA1A00B307FA0023AAF18641
:1015140023225B01630634351306F00063767635C7
:101524008326440013874BFF137787FF93F6160037
:10153400B3E6E6002322D40093055000B306E4008A
:1015440023A2B60023A4B600636CE636832A4B00BC
:1015540013040B0013874186032707006374F70005
:1015640023A2F1861387818603270700637EF71879
:1015740023A4F1866F00401913E714002322E4002A
:10158400B3049400170705002328974893E717002E
:101594001305090023A2F400EF00C04E13058400D4
:1015A4006FF0DFDF8326C400032684006FF09FBE44
:1015B40093D79500130740006378F712130740018F
:1015C4006368F7229386C7051387B7059396360099
:1015D400B386D90083A70600938686FF6380F61C32
:1015E40003A747001377C7FF63F6E50083A78700C7
:1015F400E398F6FE83A6C70003A749002326D40078
:101604002324F40023A4860023A687006FF09FCB35
:1016140013074001637CF710130740056368F71E46
:1016240093D7C4001386F7061385E706931636008E
:101634006FF05FBC13031300937733009385850029
:10164400E39A07CC6F004010B307F40003A74700E8
:101654008326C400032684001367170023A2E7002F
:101664002326D6001305090023A4C600EF008041F9
:10167400130584006FF09FD213D63400938784003F
:101684006FF0DFAEB305B40083A74500130509006E
:1016940093E7170023A2F500EF00C03E1305840072
:1016A4006FF0DFCF13E714002322E400B3049400A7
:1016B40017070500232897361707050023229736B6
:1016C40013E7170023A6040123A4040123A2E400C2
:1016D400B305B4001305090023A0F500EF00803A18
:1016E400130584006FF09FCB93D76500938697030F
:1016F40013878703939636006FF09FED63063413C8
:1017040003A48900832A440093FACAFFB3879A404A
:1017140063E69A001307F000E340F7E613050900B7
:10172400EF004036130500006FF05FC71386C7054E
:101734001385B705931636006FF0DFAB83A78800D7
:101744001306F6FF6398171D93773600938888FF76
:10175400E39607FE03A7490093C7F6FFB3F7E70034
:10176400170705002328F72A93961600E3E2D7CA41
:10177400E38006CA33F7F600631A0700939616004F
:1017840033F7F60013034300E30A07FE13060300CE
:101794006FF05FB7938A0A016FF09FCC03A54900ED
:1017A40093552740130710003317B7003367A7007A
:1017B4009705050023A0E5266FF05FE4B717000046
:1017C4001387F7FF330A5B01337AEA00B387474193
:1017D40033FAE70093050A0013050900EF0080318E
:1017E4009307F0FFE316F5D0130A00006FF0DFD083
:1017F400130740056360F70893D7C5009386F7067F
:101804001387E706939636006FF09FDC13074015A5
:101814006360F70893D7F400138687071385770767
:10182400931636006FF01F9D938C418783A70C009D
:101834003387FA0023AAE1866FF0DFC593164A01C5
:10184400E39A06C403A48900B38A5B0193EA1A00ED
:10185400232254016FF01FD023A661836FF01FC5AC
:1018640013040B006FF01FCF930710002322FB001B
:101874006FF0DFEA130740156362F70693D7F500AC
:101884009386870713877707939636006FF05FD4A4
:10189400130740556362F70693D724011386D707CD
:1018A4001385C707931636006FF0DF94130C8CFF73
:1018B400B38A8A01B38A6A41130A00006FF0DFC356
:1018C4009305840013050900EF00C03A03A48900BE
:1018D40083A70C00832A44006FF0DFC71307405529
:1018E4006364F70293D725019386D7071387C70745
:1018F400939636006FF0DFCD9306803F1306F00712
:101904001305E0076FF01F8F9306803F1307E0076E
:101914006FF01FCC83A749006FF01FE593073000D9
:1019240063F8C702B367B50093F737009306300036
:10193400639207060327050083A70500631CF704C9
:101944001306C6FF1305450093854500E3E4C6FE70
:101954009307F6FF630C06020347050083C60500E0
:10196400631ED70213871700930715003305E5009C
:101974006F00400103C7070083C605009387170063
:10198400631ED70093851500E396A7FE1305000098
:10199400678000009307F6FF6FF01FFC3305D74004
:1019A400678000001303F00013070500637EC30281
:1019B4009377F7006390070A63920508937606FF0E
:1019C4001376F600B386E6002320B7002322B7007F
:1019D4002324B7002326B70013070701E366D7FEC5
:1019E4006314060067800000B306C3409396260084
:1019F40097020000B38656006780C6002307B7002D
:101A0400A306B7002306B700A305B7002305B70054
:101A1400A304B7002304B700A303B7002303B7004C
:101A2400A302B7002302B700A301B7002301B70044
:101A3400A300B7002300B7006780000093F5F50FFB
:101A440093968500B3E5D50093960501B3E5D500DB
:101A54006FF0DFF69396270097020000B3865600D6
:101A640093820000E78006FA93800200938707FFC1
:101A74003307F7403306F600E378C3F66FF0DFF37D
:101A840067800000678000009387418383A7070075
:101A940023A4A70A23A6070A67800000938741832B
:101AA40003A80700B785954C9385D5F28326880A49
:101AB4000327C80AB387B60213861700B337F600A4
:101AC4002324C80A37F651581306D6423386C60271
:101AD4003307B702B3B6B6023307C7003307D700DC
:101AE400B387E700139517002326F80A135515004A
:101AF40067800000130101FF232481001304050003
:101B04001385050023AC011E23261100EF60D0735A
:101B14009307F0FF630AF5008320C10003248100CA
:101B240013010101678000009387811F83A70700C9
:101B3400E38407FE2320F4008320C10003248100F2
:101B44001301010167800000130101FE232C8100B1
:101B5400232A91002328210123263101138405001F
:101B6400232E110097090500938989EA13090500BA
:101B7400EFF01FF183A68900371700009307F7FEE3
:101B840083A446003384874093F4C4FF3304940051
:101B94001354C4001304F4FF1314C400634EE4008C
:101BA4009305000013050900EFF0DFF483A7890013
:101BB400B38797006306F50213050900EFF09FEC65
:101BC4008320C101032481018324410103290101EC
:101BD4008329C1001305000013010102678000007E
:101BE400B305804013050900EFF0DFF09307F0FF21
:101BF4006306F5049387418783A7070003A7890039
:101C0400B384844093E414003384874013050900AB
:101C14002322970023AA8186EFF0DFE68320C10107
:101C24000324810183244101032901018329C10083
:101C340013051000130101026780000093050000E2
:101C440013050900EFF01FEB03A789009306F000CA
:101C5400B307E540E3D2F6F69386C18283A6060075
:101C640093E717002322F7003305D54023AAA18662
:101C74006FF09FF4638E0512130101FF232481008A
:101C840023229100138405009304050023261100E8
:101C9400EFF01FDF8325C4FF130784FF170505003A
:101CA400130505D793F7E5FF3306F70083264600AF
:101CB4000328850093F6C6FF6304C81A2322D600BE
:101CC40093F515003308D6006394050A032384FFB3
:101CD4008325480097080500938808D43307674094
:101CE40003288700B387670093F51500630418156C
:101CF4000323C70023266800232403016380051EF1
:101D040093E617002322D7002320F6009306F01F42
:101D140063ECF60A93D73700938617009396360040
:101D2400832545003305D5000326050093D62740B7
:101D340093071000B397D700B3E7B700930685FF66
:101D44002326D7002324C7009706050023A4F6CC36
:101D54002320E5002326E600032481008320C1001C
:101D64001385040083244100130101016FF09FD106
:101D74008325480093F51500639E0502B387D700B9
:101D840097080500938848C98326860013E817003E
:101D9400B305F700638016170326C60023A6C60002
:101DA4002324D6002322070123A0F5006FF01FF699
:101DB4006780000093E61700232ED4FE2320F6004C
:101DC4009306F01FE3F8F6F493D697001306400049
:101DD4006364D60E93D667009385960313868603B1
:101DE40093953500B305B50083A60500938585FF5B
:101DF4006384D51203A646001376C6FF63F6C700B4
:101E040083A68600E398D5FE83A5C6002326B700E3
:101E14002324D7000324810023A4E5008320C100E8
:101E2400138504008324410023A6E6001301010165
:101E34006FF05FC563940514832586000326C600EE
:101E4400B387F60093E6170023A6C5002324B60043
:101E54002322D7003307F7002320F7006FF0DFEFCA
:101E640093F51500B387D70063900502832584FF9B
:101E74003307B7408326C70003268700B387B7001C
:101E84002326D60023A4C6009386018313E61700F5
:101E940083A606002322C70017060500232EE6B6F4
:101EA400E3ECD7EA9387C18683A507001385040072
:101EB400EFF09FC96FF05FEA130640016374D60226
:101EC40013064005636AD60693D6C7009385F606C3
:101ED4001386E606939535006FF0DFF0B387D700DD
:101EE4006FF09FEA9385C6051386B6059395350072
:101EF4006FF05FEF9706050023A6E6B2970605008C
:101F040023A0E6B223261701232417012322070165
:101F140023A0F5006FF05FE403254500930710004C
:101F2400135626403396C7003366A600970705006C
:101F340023A2C7AE6FF09FED13064015636CD60065
:101F440093D6F70093858607138676079395350015
:101F54006FF05FE913064055636CD60093D62701F2
:101F64009385D6071386C607939535006FF09FE7D0
:101F74009305803F1306E0076FF0DFE693E6170052
:101F84002322D7002320F6006FF01FDD130101FF89
:101F9400232481001384050083A5050023229100D6
:101FA400232611009304050063840500EFF01FFE4F
:101FB40093050400032481008320C10013850400D9
:101FC40083244100130101016FF0DFCA9387418329
:101FD40083A707006382A7100327C504130101FE2A
:101FE400232A9100232E1100232C81002328210170
:101FF400232631019304050063020704130900003A
:1020040093090008B307270183A50700638E050021
:1020140003A4050013850400EFF0DFC59305040055
:10202400E31804FE03A7C40413094900E31C39FDA3
:102034009305070013850400EFF0DFC383A50404B0
:102044006386050013850400EFF0DFC283A58414C2
:10205400638005021389C414638C250103A405005D
:1020640013850400EFF01FC193050400E31889FEF3
:1020740083A544056386050013850400EFF09FBF24
:1020840083A78403638C070283A7C4031385040016
:10209400E780070083A5042E6382050203248101DF
:1020A4008320C101032901018329C1001385040090
:1020B40083244101130101026FF05FED8320C1010C
:1020C4000324810183244101032901018329C100DF
:1020D400130101026780000067800000B7470F000A
:1020E40093870724B3D5F502B7C70000938787FF0A
:1020F4003306F600832706003385A5023305F50071
:1021040083270600B307F540E3DC07FE6780000081
:1021140013051000678000001305000067800000AD
:1021240083270500B385B70023A0C500678000009E
:1021340083270500B385B70003A505006780000069
:10214400130101FE232E1100232C8100232A910068
:102154002328210123263101130905009384050056
:102164000324850003A6850093058010130504004D
:10217400EFF01FFB8326440103A706001377170023
:1021840083A746009397170093F72700B367F700D8
:1021940003A78600131727001377C7003367F700D8
:1021A40083A7C6009397470093F7070133E7E70037
:1021B40083A706019397570093F70702B3E7E70055
:1021C40003A7440093761700638A06029376870078
:1021D400638E0606B7060300B3E7D700937647007D
:1021E40063860600B7060800B3E7D7001377070134
:1021F4006306070037071000B3E7E700032704016D
:10220400630C070683D60400130730036380E606D5
:1022140083D90400939989013707003FB3F9E90092
:10222400B3E93701B70712F883A7870093F71700BC
:102234006380070C3706B0F8B7E5F50593850510FC
:1022440013051000EFF09FE96FF0DFFD9376270090
:1022540063880600B7060100B3E7D7006FF01FF8E4
:10226400B7060200B3E7D7006FF05FF73707200027
:10227400B3E7E7006FF0DFF903D704001307A7FF04
:10228400131607011356060193063001E3E2C6F85C
:1022940013172600B7960000938686AA3307D70043
:1022A400032707006700070037072000B3E7E700AC
:1022B4006FF01FF637072000B3E7E7006FF05FF514
:1022C40037072000B3E7E7006FF09FF437072000DB
:1022D400B3E7E7006FF0DFF337072000B3E7E70069
:1022E4006FF01FF337072000B3E7E7006FF05FF2EA
:1022F400138609009305C01013050400EFF05FE294
:102304003706B0F8B7E5F5059385051013054006C3
:10231400EFF0DFDC03A741BB93071000E31CF7FEDB
:10232400938741BB23A0070083A7C7016392070AD1
:10233400938741BB83A70702639C0708938741BB2C
:1023440083A7470263960708938741BB83A7870245
:102354006390070883A7440013F7F7006304070892
:1023640093F7270063840704930500111305040001
:10237400EFF01FDC23A6A40093054011130504000D
:10238400EFF01FDB23A8A4009305801113050400BC
:10239400EFF01FDA23AAA4009305C011130504006B
:1023A400EFF01FD923ACA4006F00C0039305001104
:1023B40013050400EFF0DFD723A6A4009305401112
:1023C40013050400EFF0DFD623A8A4006F008001FA
:1023D400938741BB23AE070023A0070223A2070271
:1023E40023A4070203D70400930770036306F702CC
:1023F4002328040023248900130500008320C1013D
:102404000324810183244101032901018329C1009B
:102414001301010267800000930710002328F400D1
:102424006FF05FFD130101FE232E1100232C8100A8
:10243400232A910023282101232631011389050031
:1024440093090600138406008324850013060010F4
:10245400930500001385C1A9EFF0CFD41306001033
:10246400930500001385C199EFF0CFD31306001034
:1024740093050000372505001305C52CEFF08FD216
:1024840033862903135306019317060193D70701D3
:102494006384070013031300930600006F00C00653
:1024A400930500009307F3FF638AD70693E51502AB
:1024B400939736001387C1A9B388E70013982600C1
:1024C4001385C199330505012320150123A0B80004
:1024D40013074700B307F700372705001307C72C76
:1024E400330707012320F7001397060133078700FA
:1024F40023A0E700B707010063F6C700B707FFFF93
:102504003306F6009386160063FE6600B7070100E3
:10251400E3E8C7F8931506016FF0DFF893E5350299
:102524006FF01FF903A6C199930580151385040064
:10253400EFF01FBF130500008320C10103248101B4
:1025440083244101032901018329C10013010102EC
:1025540067800000130101FE232E1100232C81004B
:10256400232A910023282101232631012324410118
:1025740013040500138905009304060083298500CC
:1025840083A7490123A007000327860093071000AF
:102594006306F70683A749011307100023A4E70085
:1025A40003A74400930720006300F70683A74901AB
:1025B4001307100023A6E7002324340183A7840013
:1025C4009397070103A6C40033E6C70093054010A0
:1025D40013850900EFF0DFB4930509001305040027
:1025E400EFF01FB603A7440093072000630CF70A1B
:1025F400130A0000130400006F00C01383A74901ED
:1026040023A407006FF0DFF983A7490123A607007D
:102614006FF09FFA83A704009306140033878700A2
:102624000347070013062400B386D70083C60600B9
:10263400939686003367D700930634003386C70029
:1026440003460600131606013367C700B387D70095
:102654001304440003C60700131686013366C7003B
:102664009305001213850900EFF09FAB13091900BD
:1026740083A7C40093D72700E36EF9F8130A1A005E
:1026840083A784006376FA0E93054012138509002C
:10269400EFF01FAA13750540E30805FE13090000B7
:1026A4006FF01FFD130A0000130400006FF05FFDBC
:1026B400130900009307F00763CC27079305001262
:1026C40013850900EFF0DFA603A7040093061400A6
:1026D400330787002300A7001357850083A704004E
:1026E40013062400B387D7002380E700935605011F
:1026F40003A70400930734003307C7002300D7005F
:102704001355850103A70400B307F700130444001D
:102714002380A7003706B0F8B7E5F50593850510C3
:1027240013051000EFF09F9B130919006FF09FF839
:10273400130A1A0083A78400637CFA0293054012EB
:1027440013850900EFF0DF9EB71700009387078019
:102754003375F500E31E05F43706B0F8B7E5F50563
:102764009385051013051000EFF05F976FF01FFDC0
:10277400938741BB03A7470093071000E31AF7FEB2
:10278400938741BB23A20700130500008320C101E6
:102794000324810183244101032901018329C10008
:1027A400032A81001301010267800000835705009A
:1027B400130710016386E702130720016386E7020B
:1027C400130780016386E702130790016386E7001D
:1027D40013050000678000001305100067800000E7
:1027E40013051000678000001305100067800000C7
:1027F4001305100067800000130101FF2326110058
:1028040023248100232291002320210113090500A0
:10281400138405009304060013850500EFF01FF9E7
:10282400630A0502638A0400138604009305040006
:1028340013050900EFF01FD2130500008320C10027
:1028440003248100832441000329010013010101B1
:10285400678000009305040013050900EFF05F8E04
:102864006FF09FFD130101FF23261100930705005C
:10287400032585000326450003A787016366E60454
:102884001306070023A2C702B78701009387076ACC
:10289400B3C7C7023706010033E6C70093054000FB
:1028A400EFF01F883706B0F8B7E5F50593850510F6
:1028B4001305A000EFF09F82130500008320C100E0
:1028C400130101016780000003A74701E36CC7FA05
:1028D400130607006FF01FFB130101FF23261100ED
:1028E400930705000325850003A70702930730001B
:1028F40063F0E7021306200093058012EFF05F8275
:10290400130500008320C10013010101678000004A
:10291400130610006FF05FFE130101FF2326110060
:102924002324810013040500EFF0DFF313050400F2
:10293400EFF09FFA130500008320C10003248100F7
:102944001301010167800000130101FF2326110018
:1029540023248100130405008327050083A747006F
:1029640083A7C700E78007008327040083A74700E5
:1029740083A7070113050400E780070083270400E9
:1029840083A7470083A7470013050400E7800700D7
:10299400130500008320C1000324810013010101F9
:1029A40067800000130101FE232E1100232C8100F7
:1029B400232A910023282101232631011304050031
:1029C4009389050013058001EFE0CFF2930405001D
:1029D40013054001EFE00FF21309050023840400FE
:1029E400A384040023850400A38504002386040033
:1029F400A386040023870400A3870400238804001B
:102A0400A388040023890400A38904001306400159
:102A140093050000EFE01FF923A03401B7C70000BD
:102A24009387073523A2F40023AA240123249400C6
:102A34008326040037970000130787AF23A0E6001E
:102A44000327040083264700372700001307C77FA6
:102A540023A0E6000327040083264700373700003D
:102A64001307C79123A2E600032704008326470027
:102A7400372700001307471123A6E60003270400A5
:102A840083264700372700001307C71123A8E60051
:102A9400232CF400B73700009387470D232AF40052
:102AA400B70700202326F4028327040013070040FD
:102AB40023ACE700930740002320F402930710009F
:102AC400232EF400930700202326F4068327040012
:102AD4003707300023A6E70013050400EFF0DFE614
:102AE400130500008320C1010324810183244101D3
:102AF400032901018329C100130101026780000039
:102B040003250504137515006780000013070504E9
:102B1400930700212320F5048327070093F7070177
:102B2400E39C07FE67800000130101FF23261100C8
:102B3400232481001304050013050400EFF05FFC57
:102B4400E31C05FE8320C10003248100130101015D
:102B540067800000130101FF2326110013070042C0
:102B64002320E504EFF05FFC8320C1001301010181
:102B7400678000008327450093F70710E39C07FE56
:102B840067800000130101FF232611001307103092
:102B94002322E500EFF01FFE8320C1001301010191
:102BA40067800000032585001375F50F678000001A
:102BB4000325C5001375F50F3335A00067800000A9
:102BC4000325C5001375F50F133515006780000044
:102BD400130101FF232611002324810023229100E5
:102BE4001304050093840500377501F8EFF01FF214
:102BF400377701F8B7170000938707B22320F7004F
:102C0400377501F8EFF01FF8377501F8EFF05FFB47
:102C1400EF20D00363000502130410001305040021
:102C24008320C10003248100832441001301010196
:102C3400678000009357840037170000130707B01C
:102C4400B3E7E700377701F82320F700377501F879
:102C5400EFF05FF3377501F8EFF09FF6EF20007F98
:102C640063060500130410006FF05FFB1374F40F88
:102C7400B7170000938707B03364F400B77701F8FF
:102C840023A08700377501F8EFF0DFEF377501F8FF
:102C9400EFF01FF3EF20807B6306050013041000A0
:102CA4006FF0DFF7B7170000938707B0B3E4F400C1
:102CB400B77701F823A09700377501F8EFF09FEC80
:102CC400377501F8EFF0DFEFEF20407813040500CB
:102CD40063060500130410006FF05FF4377501F804
:102CE400EFF05FE76FF09FF3130101FE232E110055
:102CF400232C8100232A910023282101232631013A
:102D040093040500377501F8EFF05FE0377901F8B7
:102D140037140000930704B22320F900377501F833
:102D2400EFF05FE6377501F8EFF09FE9EF200072EE
:102D340093D78400930904B0B3E737012320F90043
:102D4400377501F8EFF01FE4377501F8EFF05FE72E
:102D5400EF20C06F93F4F40FB3E4340123209900FF
:102D6400377501F8EFF01FE2377501F8EFF05FE512
:102D7400EF20C06D377501F8EFF0DFDD377501F82E
:102D8400EFF0DFD8930714B22320F900377501F868
:102D9400EFF05FDF377501F8EFF09FE2EF20006B93
:102DA4001304F4BF23208900377501F8EFF09FDD89
:102DB400377501F8EFF0DFDFEF204069377501F870
:102DC400EFF05FDE1374F50F377501F8EFF09FD85D
:102DD400130504008320C1010324810183244101DC
:102DE400032901018329C100130101026780000046
:102DF400130101FF232611002324810093055000B1
:102E0400373400001305B40EEFF09FDC9305C000C7
:102E14001305B40EEFF0DFDB9305F00F1305A400E8
:102E2400EFF01FDB9305F00F1305B400EFF05FDA4A
:102E3400930550001305B40EEFF09FD9930590004D
:102E44001305B40EEFF0DFD88320C1000324810002
:102E54001301010167800000130101FF2326110003
:102E64002324810023229100930405001384050088
:102E7400935585001305C016EFF09FD593F5F40F15
:102E84001305D016EFF0DFD4935584001305E01634
:102E9400EFF01FD49375F40F1305F016EFF05FD322
:102EA4008320C10003248100832441001301010114
:102EB40067800000130101FE232E1100232C8100E2
:102EC400232A910023282101232631019309050097
:102ED40013890500930406001384060093558500A6
:102EE40013054016EFF0DFCE93F5F90F13055016D6
:102EF400EFF01FCE9355890013056016EFF05FCDF8
:102F04009375F90F13057016EFF09FCC93D58400D9
:102F140013058016EFF0DFCB93F5F40F130590162D
:102F2400EFF01FCB935584001305A016EFF05FCA92
:102F34009375F40F1305B016EFF09FC98320C101F8
:102F44000324810183244101032901018329C10050
:102F54001301010267800000130101FF2326110001
:102F64002324810023229100930405001384050087
:102F74009355850013054016EFF09FC593F5F40FA4
:102F840013055016EFF0DFC4935584001305601643
:102F9400EFF01FC49375F40F13057016EFF05FC3C1
:102FA4008320C10003248100832441001301010113
:102FB40067800000130101FF2326110023248100F0
:102FC4002322910093040500138405009355850082
:102FD40013058016EFF0DFBF93F5F40F1305901679
:102FE400EFF01FBF935584001305A016EFF05FBEEA
:102FF4009375F40F1305B016EFF09FBD8320C10045
:10300400032481008324410013010101678000002F
:10301400130101FF232611002324810013840500DA
:103024009307200063F4A7001305300093072000E2
:1030340063F487001304300093050500130540175B
:10304400EFF01FB99305040013055017EFF05FB8B4
:103054008320C10003248100130101016780000063
:10306400130101FF23261100232481002322910050
:1030740093040500138405009355850013054062ED
:10308400EFF01FB593F5F40F13055062EFF05FB442
:103094009355840013056062EFF09FB39375F40FAA
:1030A40013057062EFF0DFB28320C10003248100B6
:1030B400832441001301010167800000130101FE14
:1030C400232E1100232C8100232A9100232821017F
:1030D4002326310113040500938905009304060097
:1030E400138906009305000013050060EFF05FAE3E
:1030F400630404001384090093050400130510609D
:10310400EFF01FAD9305090013850400EFF05FF5A0
:103114008320C10103248101832441010329010186
:103124008329C1001301010267800000130101FE1D
:10313400232E1100232C8100232A9100232821010E
:10314400232631012324410123225101130A0500BE
:10315400938A050093090600138906009304070067
:10316400138407009305000013050060EFF05FA6C9
:103174009305100013051060EFF09FA593D5890007
:1031840093F5350013052060EFF09FA493F5F90F34
:1031940013053060EFF0DFA39355890093F53500F4
:1031A40013054060EFF0DFA29375F90F130550602B
:1031B400EFF01FA293D5840093F5350013056060EA
:1031C400EFF01FA19374F40F93850400130570604E
:1031D400EFF01FA09355840093F53500130580602C
:1031E400EFF01F9F9385040013059060EFF05F9E3E
:1031F40093850A0013050A00EFF09FE68320C101BE
:103204000324810183244101032901018329C1008D
:10321400032A8100832A4100130101026780000010
:10322400130101FF232611002324810013840500C8
:103234009305050013057015EFF09F99630C0500C5
:10324400130510008320C100032481001301010130
:10325400678000009355840093F5F50013058015ED
:10326400EFF01F979375F40F13059015EFF05F9629
:103274006FF05FFD130101FF232611002324810059
:10328400232291009305000013050010EFF05F94D2
:103294006300050213041000130504008320C10019
:1032A400032481008324410013010101678000008D
:1032B40013040500EFF0DFB393051000130540116C
:1032C400EFF01F919305000013058012EFF05F905B
:1032D400930580011305A012EFF09F8F9305000062
:1032E4001305B012EFF0DF8E9305400013050016AE
:1032F400EFF01F8E9305900513051016EFF05F8D08
:103304009305D00013052016EFF09F8C93058007DA
:1033140013053016EFF0DF8B9306B06E1306202BE7
:10332400B7150000938575A21305802AEFF09FB8A6
:103334009305804313050078EFF01FB29305100046
:1033440013050017EFF0DF8893051000130510171D
:10335400EFF01F889305000013050000EFF05FCB2A
:103364009305A0001305C018EFF09F869305A000F5
:103374001305D018EFF0DF859305500013051030C6
:10338400EFF01F859305100013053030EFF05F84D4
:103394009305300013054030EFF09F839305300010
:1033A40013055030EFF0DF82930500001305603001
:1033B400EFF01F829305000613057030EFF05F8174
:1033C4009305A00013059030EFF09F809305100043
:1033D4001305B030EFF0CFFF930500001305C030A4
:1033E400EFF00FFF930520071305D030EFF04FFEE9
:1033F4009305A00013059030EFF08FFD93051000A6
:103404001305B030EFF0CFFC930500001305C03076
:10341400EFF00FFC930520071305D030EFF04FFBBE
:103424009305002013050004EFF09FDF930560006F
:1034340013050016EFF0CFF99305300E130510169F
:10344400EFF00FF99305D00013052016EFF04FF8B5
:103454009305800713053016EFF08FF793054000AE
:103464001305A015EFF0CFF6930540051305B0152D
:10347400EFF00FF69305100013050019EFF04FF568
:103484009305000013051019EFF08FF49305100055
:1034940013053019EFF0CFF393050000130540191D
:1034A400EFF00FF39305000013055019EFF04FF2FE
:1034B4009305000013058019EFF08FF19305000FB9
:1034C40013059019EFF0CFF09305000F1305A01921
:1034D400EFF00FF0930500001305B019EFF04FEF74
:1034E4009305A0001305C019EFF08FEE93050000BB
:1034F4001305D019EFF0CFED930580001305E01903
:10350400EFF00FED930500001305F019EFF04FEC09
:10351400930580001305001AEFF08FEB930500006C
:103524001305101AEFF0CFEA9305C0001305201A13
:10353400EFF00FEA930500001305301AEFF04FE99E
:1035440093050000B7D400001385A41EEFF04FE8E4
:10355400930500061385B41EEFF08FE79305000072
:1035640013052017EFF0CFE69305100013050010A4
:10357400EFF00FE66FF05FD2032545001355050108
:103584001375F50F67800000130101FF2326110056
:103594002324810023229100130405009384050051
:1035A40013050400EFF05FFDE30C05FE23209400F7
:1035B4008320C100032481008324410013010101FD
:1035C40067800000130101FF2326110023248100DA
:1035D400232291009304050013840500834504000D
:1035E400638A05001304140013850400EFF0DFF967
:1035F4006FF0DFFE8320C100032481008324410097
:10360400130101016780000093952500B385A5008F
:1036140023A0C50067800000939575003385A5003D
:1036240093555600939525003305B500B725000042
:103634003305B50093071000B397C700638A0600EB
:1036440003260500B3E7C7002320F50067800000C8
:103654000326050093C7F7FFB3F7C7002320F5003F
:10366400678000009395C500B385A5003705200049
:10367400B385A50023A0C500678000009395C5000D
:10368400B385A5003705200013054500B385A500C3
:1036940003A50500678000009395C500B385A500C8
:1036A4003705200013054500B385A50023A0C500F8
:1036B4006780000093957500B385A50023AAC5040F
:1036C4006780000093957500B385A50003A54505A3
:1036D4003375A60067800000130101FF2326110043
:1036E40093050500370501F8EFF0DFED8320C100F5
:1036F4001301010167800000130101FF232611005B
:103704002324810023229100930405003704004000
:103714001304F4FF33848500131424006346040265
:10372400B3D7840013F7F700B79700009387C7B0A7
:10373400B387E70083C50700370501F8EFF0DFE43E
:103744001304C4FF6FF09FFD8320C1000324810094
:10375400832441001301010167800000130101FF6C
:1037640023261100232481001306000093058013EF
:1037740003A5C1B9EFE0DF9A9305001303A5C1B90E
:10378400EFE01F9B1304050093771500639E070663
:103794009377240063980708937744006394070A97
:1037A400937704016390070C937704026396070CE4
:1037B40093770404639C070C937704086398070EBB
:1037C4009317F40063C407109317E40063C007124F
:1037D4009317D40063CC07129317C40063C807146B
:1037E4009317A40063C407161306F0FC9305801313
:1037F40003A5C1B9EFE0DF928320C1000324810057
:1038040013010101678000001307100023AAE1BA25
:10381400130610009305001303A5C1B9EFE05F90F0
:103824006FF01FF7938741BB1307100023A2E70033
:10383400130620009305001303A5C1B9EFE05F8EC2
:103844006FF09FF5938741BB1307100023A4E70093
:10385400130640009305001303A5C1B9EFE05F8C84
:103864006FF01FF4130600019305001303A5C1B9FB
:10387400EFE01F8B6FF05FF3130600029305001354
:1038840003A5C1B9EFE0DF896FF09FF2938741BBD5
:103894001307100023AAE70013060004930500137E
:1038A40003A5C1B9EFE0DF876FF01FF1938741BB38
:1038B4001307100023ACE700130600089305001358
:1038C40003A5C1B9EFE0DF856FF09FEF938741BB9C
:1038D4001307100023AEE700370601009305001319
:1038E40003A5C1B9EFE0DF836FF01FEE938741BBFF
:1038F4001307100023A0E702370602009305001304
:1039040003A5C1B9EFE0DF816FF09FEC938741BB62
:103914001307100023A2E7023706040093050013DF
:1039240003A5C1B9EFE0CFFF6FF01FEB938741BB55
:103934001307100023A4E7023706080093050013B9
:1039440003A5C1B9EFE0CFFD6FF09FE93706200072
:103954009305001303A5C1B9EFE08FFC6FF0DFE816
:10396400130101FF23261100130600019305000033
:10397400370513F8EFF01FD563160504130600018D
:1039840093051000370513F8EFF0DFD3631E050627
:103994001306000193052000370513F8EFF09FD2BA
:1039A4006318050A1306000193053000370513F860
:1039B400EFF05FD16312050E8320C10013010101F2
:1039C400678000001306000193050000370513F813
:1039D400EFF05FCE138741BA832707009387170060
:1039E4002320F70013079000E35AF7F823A201BA43
:1039F40083A701BA93C7170023A0F1BA370711F8B8
:103A04002322F7006FF09FF71306000193051000BF
:103A1400370513F8EFF01FCA138741BA832747000D
:103A2400938717002322F70013079000E352F7F659
:103A3400938741BA23A2070083A701BA93C727003B
:103A440023A0F1BA370711F82322F7006FF05FF4CF
:103A54001306000193052000370513F8EFF09FC506
:103A6400138741BA83278700938717002324F7001D
:103A740013079000E358F7F2938741BA23A4070091
:103A840083A701BA93C7470023A0F1BA370711F8F7
:103A94002322F7006FF01FF1130600019305300095
:103AA400370513F8EFF01FC1138741BA8327C70006
:103AB400938717002326F70013079000E35EF7EEC1
:103AC400938741BA23A6070083A701BA93C7870047
:103AD40023A0F1BA370711F82322F7006FF0DFEDC6
:103AE400130101FF23261100B7950000938505B249
:103AF400370501F8EFF01FAD6F000000130101FF5F
:103B040023261100232481001304050037950000A7
:103B1400130505B3EFF05FBC9305800013050400A3
:103B2400EFF09FBD371505001305857BEFF0DFBA75
:103B3400B7950000938505B2370501F8EFF09FA80B
:103B44006F000000130101FF2326110023248100CC
:103B54001304050037950000130505B3EFF0DFB734
:103B64009305800013050400EFF01FB93715050015
:103B74001305857BEFF05FB68320C1000324810029
:103B84001301010167800000130101FF23261100C6
:103B9400232481006F008001EFF05FBC1306040052
:103BA400930500003705C0F8EFF01FAF9305000040
:103BB4003705C0F8EFF09FAC13040500630C050251
:103BC40093071001E30AF4FC930760016300F40215
:103BD40093070001E304F4FC37950000130505B4D2
:103BE400EFF09FAF13050400EFF05FF1EFF05FD744
:103BF4006FF0DFFA8320C100032481001301010167
:103C040067800000130101FF232611002324810093
:103C140023229100232021017324203463500404BF
:103C24009374F4009307B0006390F402EFF0DFF5AF
:103C34008320C1000324810083244100032901005F
:103C4400130101016780000037950000130545B595
:103C5400EFF09FA813850400EFF05FEA1359F40115
:103C640037950000130585B6EFF01FA71305040070
:103C7400EFF05FED13050900EFF05FE8130101FFBA
:103C84002326110023A001BA130700006F0080014E
:103C940093162700938741BAB387D70023A0070060
:103CA4001307170093073000E3D4E7FE1306000060
:103CB400930500003705C0F8EFF0DF9A9306100073
:103CC40013061001930500003705C0F8EFF0DF94E8
:103CD40013061000930510013705C0F8EFF0DF92CA
:103CE4009306100013066001930500003705C0F821
:103CF400EFF09F9213062000930560013705C0F88A
:103D0400EFF09F90B78700009387C75173905730A7
:103D1400B71700009387078073A04730B7270000C8
:103D240093878780739007308320C10013010101BA
:103D340067800000130101FF232611002324810062
:103D44000325850023AEA1B8130600009305401394
:103D5400EFE00FBD1306F0FC9305401303A5C1B9B2
:103D6400EFE00FBC1306F0FC9305801303A5C1B963
:103D7400EFE00FBB8320C100032481001301010184
:103D84006780000003254500135505011375F50FE1
:103D940067800000032545001355850167800000F6
:103DA400130101FF23261100232481002322910003
:103DB400130405009384050013050400EFF09FFC31
:103DC400E30C05FE232094008320C100032481001A
:103DD400832441001301010167800000130101FFE6
:103DE400232611002324810023229100930405003B
:103DF4001384050083450400638A0500130414003A
:103E040013850400EFF0DFF96FF0DFFE8320C100BB
:103E14000324810083244100130101016780000011
:103E2400130101FF2326110023248100130405003C
:103E340013050400EFF01FF6E30C05FE0325040050
:103E44001375F50F8320C1000324810013010101C0
:103E54006780000093060500B7C700001387C7FFFB
:103E64003387E60083250700938787FFB387F6002F
:103E740003A5070083270700E390B7FE67800000CF
:103E8400B7470F0093870724B3D5F502B7C70000DF
:103E9400938787FF3306F600832706003385A50240
:103EA4003305F50083270600B307F540E3DC07FE7E
:103EB40067800000130101FF23261100930505000C
:103EC400370501F8EFF0DFED8320C1001301010194
:103ED40067800000130101FF2326110023248100C1
:103EE40013040500034504006308050013041400CB
:103EF400EFF05FFC6FF01FFF8320C10003248100FB
:103F04001301010167800000130101FF2326110042
:103F14002324810023229100930405001304C0018B
:103F24006F004002B3D7840013F7F700B79700007F
:103F34009387C7B0B387E70003C50700EFF09FF787
:103F44001304C4FFE35004FE8320C1000324810052
:103F5400832441001301010167800000130101FF64
:103F640023261100232481002322910093040500B9
:103F74001304C0016F004002B3D7840013F7F700A5
:103F8400B7970000938747B7B387E70003C50700D7
:103F9400EFF05FF21304C4FFE35004FE8320C1007A
:103FA4000324810083244100130101016780000080
:103FB400130101FF232611001375F50FEFF09FEF96
:103FC4008320C1001301010167800000130101FF78
:103FD40023261100EFF01FF08320C100130101011B
:103FE40067800000130101FD2326110223248102AE
:103FF4002322910293040500634605001304010083
:104004006F00C0021305D002EFF09FFAB304904092
:104014006FF0DFFE1307A000B3E7E4029387070302
:104024002300F400B3C4E40213041400E39404FE74
:1040340093070100E300F4FE6F0000011304F4FF92
:1040440003450400EFF0DFF693070100E318F4FEE4
:104054008320C1020324810283244102130101034A
:1040640067800000130101FF2326110013070000DD
:104074009307700063C0E70293162700930700FFBD
:10408400B397D700B377F5006386070013071700CB
:104094006FF01FFEEFF09FEC8320C10013010101BC
:1040A40067800000130101FF23261100130700009D
:1040B4009307700063C0E70293162700930700FF7D
:1040C400B397D700B377F50063860700130717008B
:1040D4006FF01FFEEFF05FE38320C10013010101C5
:1040E40067800000939575003385A5009307F0FF62
:1040F400232AF5042328C5046780000093957500DE
:10410400B385A50023AAC5046780000093957500B4
:10411400B385A50093968600B3E6C60023A2D50412
:1041240067800000130101FC232E1100232C810061
:10413400232A9100930405002322B1022324C102FF
:104144002326D1022328E102232AF102232C01038E
:10415400232E1103930741022326F10013040000C8
:104164006F00C0018327C100138747002326E100A5
:1041740003A50700EFF0DFE313041400B387840002
:1041840003C507006302050C930750026306F50696
:10419400EFF01FE26FF05FFE8327C1001387470033
:1041A4002326E10003A50700EFF05FE26FF0DFFCD8
:1041B4008327C100138747002326E10003A50700D6
:1041C400EFF05FE26FF05FFB8327C10013874700C6
:1041D4002326E10003A50700EFF0DFEC6FF0DFF921
:1041E4008327C100138747002326E10003A50700A6
:1041F400EFF05FE76FF05FF813041400B3878400F7
:1042040083C70700E38A07F613073006E38CE7F455
:1042140013073007E382E7F813074006E38AE7F859
:1042240013078005E382E7FA13078007E38AE7FAB6
:1042340013076006E392E7FC37950000130585B881
:10424400EFF0DFD86FF05FF38320C1010324810115
:10425400832441011301010467800000130101FF5D
:104264002326110093050500370501F8EFF01FB769
:104274008320C1001301010167800000130101FCC8
:10428400232E1102232C8102232A910223282103A5
:1042940023263103232441032322510323206103D2
:1042A400930A05003706B0F8B7E5F50593850510C0
:1042B40037450F0013050524EFF09FBC13050008D4
:1042C400EFC05FE31304050013050002EFC09FE293
:1042D400930405001305C001EFC0DFE113090500D5
:1042E4001305C001EFC01FE1930905001305000188
:1042F400EFC05FE0130A050037950000130545BDC4
:10430400EFF05FE237950000130545BFEFF09FE142
:104314001306C0079305000013054400EFD08FE88F
:10432400130600029305000013850400EFD08FE705
:104334001306C0019305000013050900EFD08FE6B2
:104344001306C0019305000013850900EFD08FE523
:10435400130600019305000013050A00EFD08FE453
:10436400370602009305000037055002EFD08FE3B3
:104374002320940023A22401B70512F81305040096
:10438400EFE04FE213050400EFF0DF9A9385090094
:1043940013050400EF10C069630605028320C103FE
:1043A4000324810383244103032901038329C102D4
:1043B400032A8102832A4102032B0102130101040F
:1043C400678000009304050037950000130585C03D
:1043D400EFF05FD5B705020037055002EF105054D7
:1043E400032A84069307803E335AFA0283278407FC
:1043F4000329C4071319790193D797003369F90086
:1044040037950000130505C1EFF0DFD1B7C50000F3
:104414009385053537950000130585C4EFF09FD0CB
:1044240093050A0037950000130505C6EFF09FCFEA
:10443400832784078325C4079395C50093D7470131
:1044440013060900B3E5F50037950000130585C789
:10445400EFF05FCD8325040237950000130545CAAC
:10446400EFF05FCC13060010930500203795000091
:104474001305C5CBEFF01FCB93050008379500005B
:10448400130585CEEFF01FCA37950000130545D0FC
:10449400EFF05FC9E3840AF037950000130585D374
:1044A400EFF05FC8379500001305C5D9EFF09FC73B
:1044B40037950000130545DEEFF0DFC6370501F838
:1044C400EFF01F96E30C05FE930710076306F50053
:1044D40093071005631AF50037950000130585E965
:1044E400EFF05FC46FF09FEB37950000130505E50F
:1044F400EFF05FC36F00800093840410E3F024EBBB
:1045040093060010130600009385090013050400A8
:10451400EF10407C3705B0F8EFF0DF93130A050085
:10452400930600103706500293050000130504009B
:10453400EF1090033705B0F8EFF0DF91930A050010
:104544003705B0F8EFF01F91130B05009306001028
:10455400370650029305000013050400EF10D01035
:104564003705B0F8EFF01F8F23282101232691008F
:10457400930700102324F1002320A100232201002B
:1045840013080B009308000013870A009307000028
:1045940013060A0093060000B705500237055002BF
:1045A400EF10101C370501F8EFF0CFFEE30605F419
:1045B400B70701F803AA0700137AFA0FB7950000AA
:1045C400938585E8370501F8EFF05F8193050A00CC
:1045D400370501F8EFF0CFFCB71505009385C578D2
:1045E400370501F8EFF08FFF930710076306FA0011
:1045F40093071005E312FAF037950000130585E9D7
:10460400EFF05FB26FF09FD9130101FF2326110071
:104614002324810023229100232021011309050072
:1046240093840500130400006F0000059305040043
:1046340037950000130545EFEFF0DFAE9305090051
:1046440037950000130585F1EFF0DFAD9385040085
:1046540037950000130585F2EFF0DFAC3706B0F8AC
:10466400B7E5F5059385051037150300130505D443
:10467400EFF01F81130414009307300063C2870412
:10468400B70711F823A8870293172400138701C1E1
:10469400B307F70083A70700E38207FC93850400B0
:1046A40013050900EFE0DFB7E30205F89305040002
:1046B40037950000130505EDEFF0DFA66FF01FFA44
:1046C4008320C100032481008324410003290100C5
:1046D4001301010167800000130101FE232E110064
:1046E400232C8100232A9100232821012326310130
:1046F40023244101232251019304050093890500D9
:1047040013090600130400006F00C00B93F5F40FA7
:104714001305D019EFE0CFCB93DA890093850A0013
:104724001305E019EFE0CFCA13FAF90F93050A0055
:104734001305F019EFE0CFC993850A001305001A99
:10474400EFE00FC993050A001305101AEFE04FC8F4
:10475400935589001305201AEFE08FC79375F90F5D
:104764001305301AEFE0CFC6930504003795000017
:10477400130585F3EFF01F9B938504003795000024
:10478400130505F5EFF01F9A93850900379500008E
:10479400130545F6EFF01F999305090037950000BE
:1047A400130585F7EFF01F983706B0F8B7E5F50560
:1047B4009385051037150300130505D4EFF04FEC6E
:1047C400130414009307300063CA8702B70711F873
:1047D40023A8870293172400138701C1B307F700A6
:1047E40083A70700E38207FC93D584001305C0194F
:1047F400EFE00FBEE31A05FA6FF05FF18320C10109
:104804000324810183244101032901018329C10077
:10481400032A8100832A41001301010267800000FA
:10482400130101FE232E1100232C8100232A910061
:10483400232821012326310123244101232251016C
:1048440023206101EF301048B70711F883A4470013
:1048540093F484FF13070000B7473F009387F77F63
:1048640063CEE70093162700B7070002B387D7008B
:1048740023A00700130717006FF01FFE938701158D
:104884003707000223A0E70037A71F0213070740DA
:1048940023A2E70037573F021307078023A4E7004A
:1048A40037F75E02130707C023A6E70037977E0297
:1048B40023A8E70037379E021307074023AAE7001F
:1048C40037E7BD021307078023ACE7003787DD0213
:1048D400130707C023AEE7003727FD0223A0E70232
:1048E40037C71C031307074023A2E70237950000CC
:1048F4001305C5F8EFF01F83EF30D03C130400001C
:104904006F0080059305040037950000130545FEEC
:10491400EFF05F816F00C00893172400138701C173
:10492400B307F7001307100023A0E7009305040062
:104934003795000013054503EFF0CFFE3706B0F8B6
:10494400B7E5F5059385051037150300130505D460
:10495400EFF00FD3130414009307300063C08706ED
:1049640093172400138701C1B307F70023A007009E
:10497400B70711F823A887029305040037950000B0
:10498400130545FAEFF00FFAEF20C058E30C05F6D3
:104994009305040037950000130545FBEFF08FF8ED
:1049A400EFE05F8DE30A05F69305040037950000F8
:1049B40013054501EFF00FF76FF05FF8370911F8B1
:1049C40023229900138401151306000093050000A7
:1049D40003250400EF2090661306100093051000D1
:1049E40003254400EF209065130610009305000092
:1049F40003258400EF209064130600009305100043
:104A04000325C400EF2090631306000093052000E3
:104A140003254401EF209062130600009305200053
:104A240003258401EF209061130600009305200004
:104A34000325C401EF2090601306000093052000B5
:104A440003250402EF20905F130600009305200065
:104A540003254402EF20905E9307000013076016BD
:104A64009306800C1306C0239305800C0325440190
:104A7400EF20D02A93071000130760169306800CCA
:104A84001306C0239305800C03258401EF2010290D
:104A940093072000130760169306800C1306C023A7
:104AA4009305800C0325C401EF20502793073000A1
:104AB400130760169306800C1306C0239305800C1D
:104AC40003250402EF209025930740001307601686
:104AD4009306800C1306C0239305800C032544021F
:104AE400EF20D023130600009305300003250401B2
:104AF400EF20D05493067000130650009305000075
:104B0400370513F8EFF08FE093067000130650009A
:104B140093051000370513F8EFF04FDF930670008C
:104B24001306500093052000370513F8EFF00FDE4D
:104B3400930670001306500093053000370513F8F0
:104B4400EFF0CFDC9306700013066000930550006D
:104B5400370513F8EFF08FDB93067000130670002F
:104B640093054000370513F8EFF04FDA1306000100
:104B740093050000370513F8EFF0CFD61306F0FFC6
:104B840093051000370513F8EFF04FD71306000113
:104B940093051000370513F8EFF0CFD41306F0FF98
:104BA40093052000370513F8EFF04FD513060001E5
:104BB40093052000370513F8EFF0CFD21306F0FF6A
:104BC40093053000370513F8EFF04FD313060001B7
:104BD40093053000370513F8EFF0CFD0232C0902EA
:104BE4003706B0F837EAF50593050A1037150300C0
:104BF400130505D4EFF0CFA813050000EF3080149F
:104C040013051000EF30001413052000EF3080135B
:104C140013053000EF30001323AC0180232C09026C
:104C24003706B0F893050A10B72A060013850AA8B8
:104C3400EFF00FA5938781179304200023A097001A
:104C440023A207000327040023A4E700B7A91F0039
:104C54001387F93F23A6E70023A8970023AA070098
:104C64008326440023ACD70023AEE70023A0970299
:104C740023A207028326840023A4D70223A6E702E3
:104C840023A8970223AA07028326C40023ACD702D1
:104C940023AEE70213060000930540001385811735
:104CA400EF30C0159305100003254400EF20D04DCC
:104CB4009305200003258400EF20104D9305300058
:104CC4000325C400EF20504C130BF000232C690380
:104CD4003706B0F893050A1013850AA8EFF04F9A27
:104CE4009305400003250400EF3040393706B0F83F
:104CF40093050A1013850AA8EFF08F989387811BF8
:104D040023A097000327840123A2E70023A407001C
:104D14001387094023A6E70023A897008326C4012C
:104D240023AAD70023AC070023AEE70023A09702F1
:104D34008326040223A2D70223A4070223A6E702A0
:104D440023A897028326440223AAD70223AC07028E
:104D540023AEE70213066000930540001385811B10
:104D6400EF30401E3706B0F893050A1013850AA8E1
:104D7400EFF00F919305500003250401EF3000304C
:104D8400232009029307C0212322F90223240902C4
:104D9400930700782326F90293071000232AF902C7
:104DA400232E690383A7818213D5F741B715000029
:104DB4009385F5FF3375B5003305F5001355C540EC
:104DC4009397070193D70701B3F5B7001375F50F50
:104DD400EFF09F8303D6C18183D5018203D541823D
:104DE400EFF09F8F8320C1010324810183244101BB
:104DF400032901018329C100032A8100832A410078
:104E0400032B01001301010267800000678000008A
:104E1400130101FF232611002324810093071003AB
:104E2400630CF50893072003630EF50C9307300316
:104E3400630EF51093074003630EF51493075003B4
:104E4400630EF518930750076304F51E9307600774
:104E54006306F51E9307C0066308F51E9307C00496
:104E64006308F524930720076302F52A93072005B6
:104E7400630AF52C93077006630CF52E93077004F0
:104E84006304F532930720066306F5349307200480
:104E94006312F50683A7C181938707F823AEF180D7
:104EA4006356F03603D6C18183D5018203D541828E
:104EB400EFF09F826F00000423A00186EF20506C66
:104EC400370411F8232E04023706B0F8B7E5F505C8
:104ED4009385051037150300130505D4EFE05FFA39
:104EE40003A5011593050500EF3000249307500036
:104EF400232EF4028320C100032481001301010145
:104F0400678000001307100023A0E186EF2050679C
:104F1400370411F8232E04023706B0F8B7E5F50577
:104F24009385051037150300130505D4EFE05FF5ED
:104F34009387011503A5470093050500EF30C01EB4
:104F440093075000232EF4026FF0DFFA13072000BA
:104F540023A0E186EF20D062370411F8232E040247
:104F64003706B0F8B7E5F505938505103715030046
:104F7400130505D4EFE0DFF09387011503A587003F
:104F840093050500EF30401A93075000232EF402D6
:104F94006FF05FF61307300023A0E186EF20505E28
:104FA400370411F8232E04023706B0F8B7E5F505E7
:104FB4009385051037150300130505D4EFE05FEC66
:104FC4009387011503A5C70093050500EF30C015AD
:104FD40093075000232EF4026FF0DFF11307400013
:104FE40023A0E186EF20D059370411F8232E0402C0
:104FF4003706B0F8B7E5F5059385051037150300B6
:10500400130505D4EFE0DFE7938701153707000A9E
:1050140083A6C70003A6870083A5470003A507004E
:10502400EF30401A93075000232EF4026FF09FECE8
:1050340013050000EFF08FA46FF0DFEB13051000F1
:10504400EFF0CFA36FF01FEB83A781829387072034
:1050540023A4F182370710001307E7FF6358F70012
:10506400B70710009387F7FF23A4F18283A58182F9
:105074003795000013054505EFF0CF8A83A7818299
:1050840013D5F741B71500009385F5FF3375B500C7
:105094003305F5001355C5409397070193D70701CE
:1050A400B3F5B7001375F50FEFF00FD66FF09FE46B
:1050B40083A78182938707E023A4F182130700204A
:1050C4006344F70023A4E18283A58182379500001D
:1050D40013054505EFF00F8583A7818213D5F741AA
:1050E400B71500009385F5FF3375B5003305F5005A
:1050F4001355C5409397070193D70701B3F5B7003C
:105104001375F50FEFF04FD06FF0DFDE83A7418208
:105114009387070823A2F182371700001307E7FFDC
:105124006358F700B71700009387F7FF23A2F182B3
:1051340003D6C18183D5018203D54182EFF0CFD953
:105144006FF05FDB83A74182938707F823A2F18284
:10515400635CF00003D6C18183D5018203D541820B
:10516400EFF08FD76FF01FD923A201826FF09FFE5B
:1051740083A701829387070823A0F18237170000D1
:105184001307E7FF6358F700B71700009387F7FF8B
:1051940023A0F18203D6C18183D5018203D5418244
:1051A400EFF08FD36FF01FD583A70182938707F8A1
:1051B40023A0F182635CF00003D6C18183D5018210
:1051C40003D54182EFF04FD16FF0DFD223A00182EB
:1051D4006FF09FFE83A7C1819387070823AEF180F8
:1051E400371700001307E7FF6358F700B7170000ED
:1051F4009387F7FF23AEF18003D6C18183D5018263
:1052040003D54182EFF04FCD6FF0DFCE23AE0180A6
:105214006FF05FC9130101FE232E11009387818370
:1052240003A707002324E10083C747002306F100F6
:1052340083A701869387170023A0F18613074000F4
:105244006374F70023A0018683A701861307010175
:10525400B307F70003C587FFEFF09FBB8320C101AD
:105264001301010267800000130101FF23261100CE
:1052740023248100B70711F803A4470113743400F1
:1052840083A74181638C8702370711F8832747007E
:1052940093F7D7FF2322F700930730006308F40045
:1052A400B70711F803A447011374340093072000CF
:1052B4006300F402930710006304F40223AA8180BC
:1052C4008320C100032481001301010167800000D1
:1052D400379500001305C506EFE0DFE46FF01FFE0D
:1052E4003795000013050508EFE0DFE3EFF09FF2C8
:1052F4006FF0DFFC130101FF23261100232481003A
:105304003795000013054509EFE0DFE1B79500008C
:105314009385850C379500001305C50CEFE09FE0DD
:10532400EFE0DF95B70711F883A507043795000070
:105334001305C50DEFE01FDFEFF08FCE6F00000205
:105344003706B0F8B7E5F5059385051037850100F4
:105354001305056AEFE0DFB2EFF01FF1370501F83E
:10536400EFE05FA3E30E05FC370501F8EFE05FAB68
:1053740013040500B7950000938585E8370501F807
:10538400EFE0DFA593050400370501F8EFE05FA126
:10539400B71505009385C578370501F8EFE01FA41C
:1053A40013050400EFF0DFA66FF09FF90325450015
:1053B400135505011375F50F67800000130101FFF4
:1053C40023261100232481002322910013040500C5
:1053D4009384050013050400EFF05FFDE30C05FE64
:1053E400232094008320C1000324810083244100EE
:1053F4001301010167800000130101FF232611003E
:1054040023248100232291009304050013840500C2
:1054140083450400638A0500130414001385040003
:10542400EFF0DFF96FF0DFFE8320C1000324810079
:105434008324410013010101678000002320B5008B
:1054440067800000032505006780000063060500EF
:105454001305000067800000130101FF23261100DB
:10546400B795000093850510370501F8EFF0DFF8D4
:10547400130510008320C10013010101678000009F
:10548400130101FF232611002324810013040500C6
:105494009375F50F370501F8EFF05FF2130504007B
:1054A4008320C100032481001301010167800000EF
:1054B400130101FF23261100232481001304050096
:1054C4000345040063080500EFF09FFB1304140078
:1054D4006FF01FFF1305A000EFF09FFA1305000003
:1054E4008320C100032481001301010167800000AF
:1054F400130101FF2326110023248100232291009C
:1055040093040500370400401304F4FF338485003A
:105514001314240063460402B3D7840013F7F7007E
:10552400B79700009387C7B0B387E70083C5070028
:10553400370501F8EFF09FE81304C4FF6FF09FFDF7
:105544008320C1000324810083244100130101014D
:105554006780000003254500135505011375F50FF9
:1055640067800000130101FF23261100232481001A
:1055740023229100130405009384050013050400FD
:10558400EFF05FFDE30C05FE232094008320C100AF
:10559400032481008324410013010101678000007A
:1055A400B7470F0093870724B3D5F502B7C70000A8
:1055B400938787FF3306F600832706003385A50209
:1055C4003305F50083270600B307F540E3DC07FE47
:1055D40067800000130101FF2326110093050500D5
:1055E400370501F8EFF01FF88320C1001301010112
:1055F40067800000130101FF23261100232481008A
:105604001304050003450400630805001304140093
:10561400EFF05FFC6FF01FFF8320C10003248100C3
:105624001301010167800000130101FF232611000B
:105634002324810023229100930405001304C00154
:105644006F004002B3D7840013F7F700B797000048
:105654009387C7B0B387E70003C50700EFF09FF750
:105664001304C4FFE35004FE8320C100032481001B
:10567400832441001301010167800000130101FF2D
:105684002326110023248100232291009304050082
:105694001304C0016F004002B3D7840013F7F7006E
:1056A400B7970000938747B7B387E70003C50700A0
:1056B400EFF05FF21304C4FFE35004FE8320C10043
:1056C4000324810083244100130101016780000049
:1056D400130101FF232611001375F50FEFF09FEF5F
:1056E4008320C1001301010167800000130101FF41
:1056F40023261100EFF01FF08320C10013010101E4
:1057040067800000130101FD232611022324810276
:10571400232291029304050063460500130401004B
:105724006F00C0021305D002EFF09FFAB30490405B
:105734006FF0DFFE1307A000B3E7E40293870703CB
:105744002300F400B3C4E40213041400E39404FE3D
:1057540093070100E300F4FE6F0000011304F4FF5B
:1057640003450400EFF0DFF693070100E318F4FEAD
:105774008320C10203248102832441021301010313
:1057840067800000130101FF2326110013070000A6
:105794009307700063C0E70293162700930700FF86
:1057A400B397D700B377F500638607001307170094
:1057B4006FF01FFEEFF09FEC8320C1001301010185
:1057C40067800000130101FF232611001307000066
:1057D4009307700063C0E70293162700930700FF46
:1057E400B397D700B377F500638607001307170054
:1057F4006FF01FFEEFF05FE38320C100130101018E
:1058040067800000130101FC232E1100232C81006A
:10581400232A9100930405002322B1022324C10208
:105824002326D1022328E102232AF102232C010397
:10583400232E1103930741022326F10013040000D1
:105844006F00C0018327C100138747002326E100AE
:1058540003A50700EFF0DFE713041400B387840007
:1058640003C507006302050C930750026306F5069F
:10587400EFF01FE66FF05FFE8327C1001387470038
:105884002326E10003A50700EFF05FE66FF0DFFCDD
:105894008327C100138747002326E10003A50700DF
:1058A400EFF05FE66FF05FFB8327C10013874700CB
:1058B4002326E10003A50700EFF0DFF06FF0DFF926
:1058C4008327C100138747002326E10003A50700AF
:1058D400EFF05FEB6FF05FF813041400B3878400FC
:1058E40083C70700E38A07F613073006E38CE7F45F
:1058F40013073007E382E7F813074006E38AE7F863
:1059040013078005E382E7FA13078007E38AE7FABF
:1059140013076006E392E7FC37950000130585B88A
:10592400EFF0DFDC6FF05FF38320C101032481011A
:10593400832441011301010467800000130101FF66
:105944002326110003280500032848002390C500DE
:1059540023A2D50023A4E500832708001306000032
:10596400E78007008320C100130101016780000064
:10597400130101FF23261100232481002322910017
:1059840013040500938405000327C50513170701B5
:105994009306700013069000EFF05FFA83A7C4002B
:1059A400232EF40283A704012320F40403A7440153
:1059B4002322E40483A684012324D40493D78700F8
:1059C400B70640009386F6FFB3F7D7009387170016
:1059D4009396970093D66601232ED40693973701A6
:1059E400232CF4069357B70193F77700B79600007A
:1059F4009386461193972700B387F60083A7070081
:105A04001357870113773700131727003387E600EE
:105A140003270704B387E7022324F4068320C10085
:105A240003248100832441001301010167800000E5
:105A3400130101FE232E1100232C8100232A91003F
:105A4400232821012326310123244101232251014A
:105A5400130A050013840500930A00009304000050
:105A64009307100063CE571793850A0037950000FB
:105A740013054516EFF01FD993050000370912F8F6
:105A840013058900EFF09F9B1307000093060000A5
:105A9400130600009305040013050A00EFF01FEA43
:105AA4003706B0F8B7E5F505938505101305803E74
:105AB400EFF01FAF9305100013058900EFF01F9856
:105AC4001307A01A930650011306800093050400DF
:105AD40013050A00EFF09FE69305200013058900E3
:105AE400EFF0DF95130700009306500113067003CF
:105AF4009305040013050A00EFF05FE413090000A6
:105B04006390040A3706B0F8B7E9F50593850910E0
:105B140037C5000013050535EFF09FA89305400035
:105B2400B70412F813858400EFF05F9113070000A7
:105B340093065001130670039305040013050A002D
:105B4400EFF0DFDF9305500013858400EFF01F8F23
:105B540037071040930610001306900293050400C3
:105B640013050A00EFF09FDD8325C400379500007C
:105B740013050517EFF01FC98324C40093D4F4015F
:105B84003706B0F89385091037450F00130505242F
:105B9400EFF01FA11309190093079000E3D227F730
:105BA4006390040493071000639CFA003795000087
:105BB40013050518EFF01FC5130510006F00400F03
:105BC4003706B0F8B7E5F5059385051037450F009E
:105BD40013050524EFF0DF9C938A1A006FF05FE849
:105BE40013070000930670001306200093050400B9
:105BF40013050A00EFF09FD48327C4002326FA0478
:105C0400832704012328FA0483274401232AFA045E
:105C140083278401232CFA04130700009306500100
:105C2400130630009305040013050A00EFF01FD19A
:105C34008357E400232EFA049305040013050A0095
:105C4400EFF01FD30327CA05131707019306D001EA
:105C5400130670009305040013050A00EFF01FCE2D
:105C64000327CA051317070193065001130670038F
:105C74009305040013050A00EFF05FCC130720001E
:105C840093065001130660009305040013050A00EF
:105C9400EFF0DFCA1307002093065001130600013A
:105CA4009305040013050A00EFF05FC91305000013
:105CB4008320C101032481018324410103290101BB
:105CC4008329C100032A8100832A410013010102B0
:105CD40067800000130101FE232E1100232C810094
:105CE400232A91002328210123263101930405004E
:105CF40013890500930906001384060013070600A0
:105D04009306500113060002EFF05FC337078000CB
:105D14001307F7FF3307E40013179700330737011E
:105D2400930650011306100293050900138504001D
:105D3400EFF0DFC0130700009306D00113066002E2
:105D44009305090013850400EFF05FBF8320C101B0
:105D54000324810183244101032901018329C10012
:105D64001301010267800000130101FE232E1100BC
:105D7400232C8100232A9100232821012326310189
:105D84002324410123225101232061011309050029
:105D9400138B0500930A06009389060083270500E8
:105DA40003AA47001305C001EFB0CFB49304050064
:105DB40013050001EFB00FB4130405001306C0016E
:105DC4009305000013850400EFB0DFBD1306000146
:105DD4009305000013050400EFB0DFBC8327C90658
:105DE4002326F40023243401930710006388F90662
:105DF400930790012390F40023A4640193075001B6
:105E040023A2F40023205401930720002322F4004A
:105E140083270A0013060400938504001305090070
:105E2400E780070013850400EFB0CFAD130504002D
:105E3400EFB04FAD8320C1010324810183244101CC
:105E4400032901018329C100032A8100832A410017
:105E5400032B0100130101026780000093078001F6
:105E64002390F4006FF05FF9130101FE232E11005B
:105E7400232C8100232A9100232821012326310188
:105E8400232441012322510113090500938A0500AB
:105E9400130A0600938906001305C001EFB08FA50D
:105EA4009304050013050001EFB0CFA4130405000B
:105EB4001306C0019305000013850400EFB09FAEE4
:105EC400130600019305000013050400EFB09FAD15
:105ED4008327C9062326F4002324340193071000E2
:105EE400638AF906930720012390F40023A4540144
:105EF4009307500123A2F4002320440193071000C8
:105F04002322F4008327090083A7470083A70700FF
:105F1400130604009385040013050900E7800700B5
:105F240013850400EFB00F9E13050400EFB08F9D9E
:105F34008320C10103248101832441010329010138
:105F44008329C100032A8100832A4100130101022D
:105F540067800000930710012390F4006FF01FF98D
:105F6400130101FC232E1102232C8102232A910206
:105F7400232821032326310323244103232251030D
:105F840023206103232E7101232C8101232A9101F3
:105F94002328A1012326B10193090500138A0500D2
:105FA400130D0600938C060013090700138C0700D9
:105FB400930B0800138B080083240104832A4104F3
:105FC400832D81049307001063FAB70D13040010A6
:105FD400131494001306040093050A0013850900A2
:105FE400EFB0DF936310050C939D3D013305A94188
:105FF400B335A900330C9C41B305BC4013064006DD
:1060040093060000EF20405A13060500938605000E
:1060140013850D0093050000EF20005913090500B6
:1060240033857441B3B5A400B38A6A41B385BA40D9
:106034001306400693060000EF20005713060500E0
:106044009386050013850D0093050000EF20C055CD
:106054008327C10493F7F73F6382070A13050000FF
:106064008320C103032481038324410303290103FF
:106074008329C102032A8102832A4102032B0102DC
:10608400832BC101032C8101832C4101032D0101C8
:10609400832DC100130101046780000013840D00E7
:1060A4006FF01FF3032601058325C1043795000013
:1060B4001305C519EFF00FF593050000935724005D
:1060C40063FAF502B387B90003C60700B307BA0041
:1060D40083C607006316D600938515006FF01FFE74
:1060E400379500001305451BEFF0CFF113051000A1
:1060F4006FF01FF7130500006FF09FF613070500FC
:1061040093060900032601058325C1043795000081
:106114001305C51DEFF00FEF130500006FF05FF4DA
:10612400130101FF2326110023248100232291005F
:1061340023202101930405001389050013040000A2
:10614400637C2401EFB09F95B38784002380A7006C
:10615400130414006FF0DFFE03C50400EFB0DF92F8
:106164008320C1000324810083244100032901000A
:106174001301010167800000032545001355050143
:106184001375F50F67800000130101FF232611002A
:106194002324810023229100130405009384050025
:1061A40013050400EFF05FFDE30C05FE23209400CB
:1061B4008320C100032481008324410013010101D1
:1061C40067800000130101FF2326110093050500D9
:1061D400370501F8EFF05FFB8320C10013010101D3
:1061E40067800000130101FF23261100232481008E
:1061F4001304050003450400630805001304140098
:10620400EFF05FFC6FF01FFF8320C10003248100C7
:106214001301010167800000130101FF232611000F
:106224002324810023229100930405001304C00158
:106234006F004002B3D7840013F7F700B79700004C
:106244009387C7B0B387E70003C50700EFF09FF754
:106254001304C4FFE35004FE8320C100032481001F
:10626400832441001301010167800000130101FF31
:106274002326110023248100232291009304050086
:106284001304C0016F004002B3D7840013F7F70072
:10629400B7970000938747B7B387E70003C50700A4
:1062A400EFF05FF21304C4FFE35004FE8320C10047
:1062B400032481008324410013010101678000004D
:1062C400130101FF232611001375F50FEFF09FEF63
:1062D4008320C1001301010167800000130101FF45
:1062E40023261100EFF01FF08320C10013010101E8
:1062F40067800000130101FD23261102232481027B
:10630400232291029304050063460500130401004F
:106314006F00C0021305D002EFF09FFAB30490405F
:106324006FF0DFFE1307A000B3E7E40293870703CF
:106334002300F400B3C4E40213041400E39404FE41
:1063440093070100E300F4FE6F0000011304F4FF5F
:1063540003450400EFF0DFF693070100E318F4FEB1
:106364008320C10203248102832441021301010317
:1063740067800000130101FF2326110013070000AA
:106384009307700063C0E70293162700930700FF8A
:10639400B397D700B377F500638607001307170098
:1063A4006FF01FFEEFF09FEC8320C1001301010189
:1063B40067800000130101FF23261100130700006A
:1063C4009307700063C0E70293162700930700FF4A
:1063D400B397D700B377F500638607001307170058
:1063E4006FF01FFEEFF05FE38320C1001301010192
:1063F40067800000032505041375150067800000FD
:1064040013070504930700212320F50483270700BD
:1064140093F70701E39C07FE67800000130101FF67
:10642400232611002324810013040500130504000E
:10643400EFF05FFCE31C05FE8320C1000324810010
:106444001301010167800000130101FF23261100DD
:10645400130700422320E504EFF05FFC8320C10012
:1064640013010101678000008327450093F707109B
:10647400E39C07FE67800000130101FF232611003F
:10648400130710302322E500EFF01FFE8320C10024
:106494001301010167800000032585001375F50FC2
:1064A400678000000325C5001375F50F3335A00080
:1064B400678000000325C5001375F50F133515001B
:1064C40067800000130101FC232E1100232C81009E
:1064D400232A9100930405002322B1022324C1023C
:1064E4002326D1022328E102232AF102232C0103CB
:1064F400232E1103930741022326F1001304000005
:106504006F00C0018327C100138747002326E100E1
:1065140003A50700EFF0DFDA13041400B387840047
:1065240003C507006302050C930750026306F506D2
:10653400EFF01FD96FF05FFE8327C1001387470078
:106544002326E10003A50700EFF05FD96FF0DFFC1D
:106554008327C100138747002326E10003A5070012
:10656400EFF05FD96FF05FFB8327C100138747000B
:106574002326E10003A50700EFF0DFE36FF0DFF966
:106584008327C100138747002326E10003A50700E2
:10659400EFF05FDE6FF05FF813041400B38784003C
:1065A40083C70700E38A07F613073006E38CE7F492
:1065B40013073007E382E7F813074006E38AE7F896
:1065C40013078005E382E7FA13078007E38AE7FAF3
:1065D40013076006E392E7FC37950000130585B8BE
:1065E400EFF0DFCF6FF05FF38320C101032481015B
:1065F400832441011301010467800000130101FF9A
:106604002326110023248100232291001304050072
:1066140093840500377501F8EFF09FDE377701F8B2
:10662400B7170000938747B32320F700377501F8A5
:10663400EFF09FE4377501F8EFF0DFE7EFE01FE1DB
:106644006300050213041000130504008320C10035
:1066540003248100832441001301010167800000A9
:106664009357840037170000130707B0B3E7E70018
:10667400377701F82320F700377501F8EFF0DFDFF3
:10668400377501F8EFF01FE3EFE05FDC6306050008
:10669400130410006FF05FFB1374F40FB7170000BE
:1066A400938707B03364F400B77701F823A0870019
:1066B400377501F8EFF05FDC377501F8EFF09FDF15
:1066C400EFE0DFD863060500130410006FF0DFF776
:1066D400B7170000938707B0B3E4F400B77701F865
:1066E40023A09700377501F8EFF01FD9377501F82B
:1066F400EFF05FDCEFE09FD51304050063060500AF
:10670400130410006FF05FF4377501F8EFF0DFD376
:106714006FF09FF3130101FE232E1100232C81003F
:10672400232A910023282101232631019304050003
:10673400377501F8EFF0DFCC377901F83714000032
:10674400930744B32320F900377501F8EFF0DFD243
:10675400377501F8EFF01FD6EFE05FCF93D78400D1
:10676400930904B0B3E737012320F900377501F822
:10677400EFF09FD0377501F8EFF0DFD3EFE01FCDD6
:1067840093F4F40FB3E4340123209900377501F82E
:10679400EFF09FCE377501F8EFF0DFD1EFE01FCBBC
:1067A400377501F8EFF05FCA377501F8EFF05FC590
:1067B400930754B32320F900377501F8EFF0DFCBCA
:1067C400377501F8EFF01FCFEFE05FC81304F4BF93
:1067D40023208900377501F8EFF01FCA377501F8D7
:1067E400EFF05FCCEFE09FC6377501F8EFF0DFCA3A
:1067F4001374F50F377501F8EFF01FC51305040086
:106804008320C1010324810183244101032901015F
:106814008329C1001301010267800000130101FFF5
:106824002326110023248100232291002320210107
:10683400130905009384050093D5250037A50000AE
:106844001305C58BEFF01FC81304000063529402B4
:1068540093172400B307F90083C5270003D5070065
:10686400EFF0DFD963140502130414006FF01FFE68
:10687400130500008320C100032481008324410008
:1068840003290100130101016780000013051000B2
:106894006FF05FFE130101FF232611009305000032
:1068A40013050010EFF09FD5630A050013051000CF
:1068B4008320C100130101016780000093052013A8
:1068C400379500001305C522EFF05FF5631A050E36
:1068D40093052007379500001305C5221305854C41
:1068E400EFF0DFF36312050E93052000130510107B
:1068F400EFF0DFD063060500130510006FF05FFBB7
:106904009305900013050034EFF05FCF6306050094
:10691400130510006FF0DFF99305500913051034C7
:10692400EFF0DFCD63060500130510006FF05FF88C
:106934009305F00013052020EFF05FCC63060500FB
:10694400130510006FF0DFF69305600C130530207B
:10695400EFF0DFCA63060500130510006FF05FF562
:106964009305300013054020EFF05FC9630605006E
:10697400130510006FF0DFF393050000130550209A
:10698400EFF0DFC763060500130510006FF05FF238
:106994009305100013054011EFF05FC66306050070
:1069A400130510006FF0DFF09305100013050010BD
:1069B400EFF0DFC4E30E05EE130510006FF05FEF98
:1069C400130520006FF0DFEE130530006FF05FEE6B
:1069D400B7470F0093870724B3D5F502B7C7000064
:1069E400938787FF3306F600832706003385A502C5
:1069F4003305F50083270600B307F540E3DC07FE03
:106A040067800000032505041375150067800000E6
:106A140013070504930700212320F50483270700A7
:106A240093F70701E39C07FE67800000130101FF51
:106A340023261100232481001304050013050400F8
:106A4400EFF05FFCE31C05FE8320C10003248100FA
:106A54001301010167800000130101FF23261100C7
:106A6400130700422320E504EFF05FFC8320C100FC
:106A740013010101678000008327450093F7071085
:106A8400E39C07FE67800000130101FF2326110029
:106A9400130710302322E500EFF01FFE8320C1000E
:106AA4001301010167800000032585001375F50FAC
:106AB400678000000325C5001375F50F3335A0006A
:106AC400678000000325C5001375F50F1335150005
:106AD40067800000130101FF232611002324810095
:106AE400232291001304050093840500377501F8EF
:106AF400EFF01FF2377701F8B7170000938707B854
:106B04002320F700377501F8EFF01FF8377501F807
:106B1400EFF05FFBEFE09F936300050213041000A6
:106B2400130504008320C100032481008324410051
:106B34001301010167800000935784003717000098
:106B4400130707B0B3E7E700377701F82320F7000E
:106B5400377501F8EFF05FF3377501F8EFF09FF642
:106B6400EFE0DF8E63060500130410006FF05FFB97
:106B74001374F40FB7170000938707B03364F4005D
:106B8400B77701F823A08700377501F8EFF0DFEF3E
:106B9400377501F8EFF01FF3EFE05F8B6306050034
:106BA400130410006FF0DFF7B7170000938707B0E6
:106BB400B3E4F400B77701F823A09700377501F820
:106BC400EFF09FEC377501F8EFF0DFEFEFE01F888F
:106BD4001304050063060500130410006FF05FF44E
:106BE400377501F8EFF05FE76FF09FF3130101FFD2
:106BF400232611002324810023229100130405007D
:106C040093840500377501F8EFF09FE0377701F8BA
:106C1400B7170000938707B52320F700377501F8ED
:106C2400EFF09FE6377501F8EFF0DFE9EFE01F8240
:106C34006300050213041000130504008320C1003F
:106C440003248100832441001301010167800000B3
:106C54009357840037170000130707B0B3E7E70022
:106C6400377701F82320F700377501F8EFF0DFE1FB
:106C7400377501F8EFF01FE5EFE04FFD63060500FF
:106C8400130410006FF05FFB1374F40FB7170000C8
:106C9400938707B03364F400B77701F823A0870023
:106CA400377501F8EFF05FDE377501F8EFF09FE11B
:106CB400EFE0CFF963060500130410006FF0DFF76F
:106CC400B7170000938707B0B3E4F400B77701F86F
:106CD40023A09700377501F8EFF01FDB377501F833
:106CE400EFF05FDEEFE08FF61304050063060500A6
:106CF400130410006FF05FF4377501F8EFF0DFD57F
:106D04006FF09FF3130101FE232E1100232C810049
:106D1400232A91002328210123263101930405000D
:106D2400377501F8EFF0DFCE377901F8371400003A
:106D3400930704B82320F900377501F8EFF0DFD486
:106D4400377501F8EFF01FD8EFE04FF093D78400C8
:106D5400930904B0B3E737012320F900377501F82C
:106D6400EFF09FD2377501F8EFF0DFD5EFE00FEECB
:106D740093F4F40FB3E4340123209900377501F838
:106D8400EFF09FD0377501F8EFF0DFD3EFE00FECB1
:106D9400377501F8EFF05FCC377501F8EFF05FC796
:106DA400930714B82320F900377501F8EFF0DFCD0D
:106DB400377501F8EFF01FD1EFE04FE91304F4BF8A
:106DC40023208900377501F8EFF01FCC377501F8DF
:106DD400EFF05FCEEFE08FE7377501F8EFF0DFCC2F
:106DE4001374F50F377501F8EFF01FC7130504008E
:106DF4008320C1010324810183244101032901016A
:106E04008329C1001301010267800000130101FE00
:106E1400232E1100232C8100232A910023282101F1
:106E24002326310193040500377501F8EFF05FBEA6
:106E3400377901F837140000930704B52320F900CB
:106E4400377501F8EFF05FC4377501F8EFF09FC7AD
:106E5400EFE0CFDF93D78400930904B0B3E73701A1
:106E64002320F900377501F8EFF01FC2377501F8D8
:106E7400EFF05FC5EFE08FDD93F4F40FB3E434017A
:106E840023209900377501F8EFF01FC0377501F81A
:106E9400EFF05FC3EFE08FDB377501F8EFF0DFBB96
:106EA400377501F8EFF0DFB6930714B52320F90026
:106EB400377501F8EFF05FBD377501F8EFF09FC04B
:106EC400EFE0CFD81304F4BF23208900377501F80D
:106ED400EFF09FBB377501F8EFF0DFBDEFE00FD7A0
:106EE400377501F8EFF05FBC1374F50F377501F8CF
:106EF400EFF09FB6130504008320C1010324810130
:106F040083244101032901018329C10013010102E2
:106F140067800000130101FF232611002324810050
:106F2400930500081305402CEFF0DFBA630E05004B
:106F340013041000130504008320C10003248100FE
:106F440013010101678000003706B0F8B7E5F505C5
:106F54009385051037C5000013050535EFF05FA7CD
:106F64009305000113051033EFF0DFB69305000518
:106F74001305A040EFF09FC7930500051305A04437
:106F8400EFF0DFC6930500051305A048EFF01FC618
:106F94009305900313050032EFF05FC5930590034A
:106FA40013053032EFF09FC4930500091305402CFC
:106FB400EFF05FB21304050063060500130410002C
:106FC4006FF05FF73706B0F8B7E5F5059385051060
:106FD40037C5000013050535EFF09F9F6FF09FF54F
:106FE40003254500135505011375F50F678000004F
:106FF400130101FF23261100232481002322910081
:10700400130405009384050013050400EFF05FFDED
:10701400E30C05FE232094008320C1000324810097
:10702400832441001301010167800000130101FF63
:107034002326110093050500370501F8EFF05FFBE7
:107044008320C1001301010167800000130101FFC7
:1070540023261100232481001304050003450400A2
:107064006308050013041400EFF05FFC6FF01FFFCA
:107074008320C10003248100130101016780000003
:10708400130101FF232611002324810023229100F0
:10709400930405001304C0016F004002B3D78400B9
:1070A40013F7F700B79700009387C7B0B387E700DB
:1070B40003C50700EFF09FF71304C4FFE35004FE79
:1070C4008320C100032481008324410013010101B2
:1070D40067800000130101FF23261100232481008F
:1070E40023229100930405001304C0016F004002A1
:1070F400B3D7840013F7F700B7970000938747B717
:10710400B387E70003C50700EFF05FF21304C4FF81
:10711400E35004FE8320C100032481008324410042
:107124001301010167800000130101FF23261100F0
:107134001375F50FEFF09FEF8320C10013010101D8
:1071440067800000130101FF23261100EFF01FF0F8
:107154008320C1001301010167800000130101FDB8
:107164002326110223248102232291029304050081
:1071740063460500130401006F00C0021305D0022A
:10718400EFF09FFAB30490406FF0DFFE1307A00006
:10719400B3E7E402938707032300F400B3C4E402D3
:1071A40013041400E39404FE93070100E300F4FEC7
:1071B4006F0000011304F4FF03450400EFF0DFF651
:1071C40093070100E318F4FE8320C1020324810223
:1071D400832441021301010367800000130101FFAE
:1071E40023261100130700009307700063C0E70211
:1071F40093162700930700FFB397D700B377F500E2
:1072040063860700130717006FF01FFEEFF09FEC73
:107214008320C1001301010167800000130101FFF5
:1072240023261100130700009307700063C0E702D0
:1072340093162700930700FFB397D700B377F500A1
:1072440063860700130717006FF01FFEEFF05FE37C
:107254008320C1001301010167800000939575002C
:107264003385A5002320C5009386F6FFB7170000D9
:107274001387F7FFB3F6E600B3E6F6002326D5003E
:1072840067800000939575003385A5002328C50009
:107294009386F6FFB71700001387F7FFB3F6E600EF
:1072A400B3E6F600232ED5006780000093957500A1
:1072B4003385A5002324C500630E0700B72700000B
:1072C400638E060037470000B3E7E7002326F50086
:1072D40067800000930700006FF09FFE1307000013
:1072E4006FF09FFE939575003385A50093968600F5
:1072F400B3E6C60013170701B3E6E600232CD50056
:1073040063840700B7270000232EF5006780000080
:10731400939575003385A5001306F6FF2320C50257
:1073240063880600930730002326F5026780000077
:10733400930710006FF05FFF939575003385A500E8
:107344002328C506232C0506930700012326F502EE
:1073540067800000939575003385A500930710009E
:10736400232CF506930700012326F502678000000D
:1073740093957500B385A5009307400023A6F502F5
:1073840067800000939575003385A5009307F0FF8F
:10739400232AF5042328C50467800000939575000B
:1073A400B385A50003A5C502137515006780000009
:1073B40083A705002324F50283A745002326F502AD
:1073C40083A785002328F50283A7C5002328F50495
:1073D40083A70501232AF50483A74501232CF5047B
:1073E40067800000130101FC232E1100232C81006F
:1073F400232A9100930405002322B1022324C1020D
:107404002326D1022328E102232AF102232C01039B
:10741400232E1103930741022326F10013040000D5
:107424006F00C0018327C100138747002326E100B2
:1074340003A50700EFF05FCF13041400B3878400A3
:1074440003C507006302050C930750026306F506A3
:10745400EFF09FCD6FF05FFE8327C10013874700D5
:107464002326E10003A50700EFF0DFCD6FF0DFFC7A
:107474008327C100138747002326E10003A50700E3
:10748400EFF0DFCD6FF05FFB8327C1001387470068
:107494002326E10003A50700EFF05FD86FF0DFF9C2
:1074A4008327C100138747002326E10003A50700B3
:1074B400EFF0DFD26FF05FF813041400B387840099
:1074C40083C70700E38A07F613073006E38CE7F463
:1074D40013073007E382E7F813074006E38AE7F867
:1074E40013078005E382E7FA13078007E38AE7FAC4
:1074F40013076006E392E7FC37950000130585B88F
:10750400EFF05FC46FF05FF38320C10103248101B6
:1075140083244101130101046780000013D3250073
:10752400935E260013880600930807003306B640CE
:1075340093522600B30FD740130720006382E70657
:107544006370F702130730006382E70613074000F5
:107554006392E70437AF0000130F0FB26F0000020D
:10756400130710006398E700375F0300130F8FBE03
:107574006F00C000373F0400130F0F18130E0000F4
:107584009305000013060000130700009306000093
:107594006F000006373F0400130F0F186FF01FFE33
:1075A400376F0200130F0F656FF05FFD378F010017
:1075B400130F8F0B6FF09FFC6346060163C4C80072
:1075C400130E1E0013061600930500001307000097
:1075D4006F0000080324C10013010101678000004B
:1075E400130717009307001E630AF7089386160013
:1075F400B7F707009387F78F63C0D70AE34206FF04
:10760400E3C0C8FEE34E67FCE3CCEEFCE3CACFFD67
:10761400E3C8B2FC130101FF23268100930740173E
:10762400B307FE02B307FF0093932600B30375006C
:1076340013942500B387870083A7070023A0F300D2
:1076440093851500130717009307001EE306F7F64A
:1076540093861600B7F707009387F78FE3CCD7F626
:10766400E34206FFE3C0C8FEE34E67FCE3CCEEFC56
:10767400E3CACFFDE3C8B2FC6FF05FFA63460601CC
:1076840063C4C800130E1E00130616009305000001
:10769400130700006FF09FF567800000130101F7E6
:1076A4002326810837A300001303038E130E010061
:1076B4009302030803240300832F4300032F830052
:1076C400832EC30023208E002322FE012324EE01F7
:1076D4002326DE0113030301130E0E01E31C53FCE6
:1076E40093D8250093D52700338FB800130FFFFFDD
:1076F40013532600B305B340938F1500138E060071
:10770400B383D700B302F7401306000093050000CB
:10771400930700006F000006930680006304D808F6
:1077240093D6F54193DEE601B386D50193F6360090
:10773400B386D64193963600B38606019396260007
:10774400930E0108B386DE0083AE06F89316260076
:10775400B306D5003704010113041410B3EE8E00F0
:1077640023A0D601938717009306001E6384D704D1
:1077740013061600B7F607009386F68F63C2C60495
:10778400E3C217FFE340F3FEE3CEC5FDE34CB7FCD1
:10779400E354FFF8E3D2F7F9E3D0B3F8E3C455FCBC
:1077A4006FF09FF793162600B306D50023A00600BA
:1077B4006FF05FFB93851500930700006FF05FFB8C
:1077C4000324C108130101096780000013070000A6
:1077D400B7F707009387F78F63ECE7009317270049
:1077E400B307F50023A00700130717006FF05FFE2F
:1077F400930700006F004001139727003307E5004B
:10780400232007009387170037F707001307F78F24
:107814006364F7021307800733F7E7029306300126
:10782400E3ECE6FC139727003307E5009306F0FF2B
:107834002320D7006FF01FFD67800000130101E4CF
:107844009395150013882500B7A600009386068E2D
:1078540093870608130701009386062483AE070066
:1078640003AE470003A3870083A8C7002320D701E2
:107874002322C701232467002326170193870701C6
:1078840013070701E39CD7FC630E060693860500E5
:1078940013070000930800006F00C00A138305005B
:1078A4009306060093173300B387D70093972700F6
:1078B4009308011CB387F80083A807E493172700F3
:1078C400B307F50023A0170113071700B7F7070044
:1078D4009387F78F63E6E70AE30607FC9307C00381
:1078E400B377F702E39007FC9386160093078000B2
:1078F400E39AF6FA13031300E30268FA9306060008
:107904006FF05FFA13830500930606001307000067
:107914006FF0DFFB938605006F0000059397360038
:10792400B3871701939727001306011CB307F600CA
:1079340003A607E493172700B307F50023A0C700A5
:1079440013071700B7F707009387F78F63EAE70277
:10795400E30607FC9307001EB377F702E39007FCE6
:1079640093861600E308D8FAB7070100938707D275
:10797400B377F702E39407FA938818006FF01FFABD
:107984001301011C67800000130101FF232611006D
:10799400232481002322910093040500138405000D
:1079A400370513F8EFF09F9F63160506930504004F
:1079B4003715050013058573EFF0DFA29306001059
:1079C4001386040093050400370513F8EFF09F8B2A
:1079D400130700009306000013060000930504003B
:1079E400370513F8EFF09F8C9306100037A61F009D
:1079F4001306064093050400370513F8EFF05F9172
:107A04008320C10003248100832441001301010168
:107A14006780000093050400371505001305857180
:107A2400EFF05F9C93050400370513F8EFF05F94C3
:107A34006FF0DFF7130101FF2326110023248100D7
:107A440023229100232021011309050093840500BA
:107A54001304060093050500930600009307000035
:107A64006382060C370700081307F7FFB387E700A4
:107A740093975700B387F40023AC970023AE070015
:107A840093050400370513F8EFF05F916312050EB8
:107A940093050400370513F8EFF05F90E31A05FE31
:107AA4003715050013058577EFF0DF939305040080
:107AB400370513F8EFF0DF8B93050400370513F84F
:107AC400EFF01F8B930600101306090093050400C2
:107AD400370513F8EFF00FFB1307000093060000BF
:107AE4001306000093050400370513F8EFF00FFCAC
:107AF4001386040093050400370513F8EFF0DF83C1
:107B04003715050013050579EFF0DF8D8320C100DB
:107B1400032481008324410003290100130101018E
:107B240067800000139757003387E40037A61FC00F
:107B34001306F63F2322C700130800009308000031
:107B440023240701232617012328B700232A07002B
:107B540093871700139657003386C400232CC7005D
:107B6400232E070023200700938616006FF05FEF93
:107B7400930504003715050013058575EFF09F86FE
:107B840093050400370513F8EFF08FFE6FF05FF0F4
:107B9400130101FF232611002324810023229100D5
:107BA4002320210113090500938405001304060012
:107BB400930505009306000093070000638E060CEE
:107BC400370700081307F7FFB387E70093975700B9
:107BD400B387F40023AC970023AE07009305040099
:107BE400370513F8EFF08FFB631E050E93050400B1
:107BF400370513F8EFF08FFAE31A05FE3715050081
:107C04001305857AEFF00FFE93050400370513F88A
:107C1400EFF00FF61306000093050400370513F880
:107C2400EFF04FF693050400370513F8EFF04FF427
:107C3400B716000093860680130609009305040016
:107C4400370513F8EFF08FE19307100013070000D6
:107C5400930600001306000093050400370513F88B
:107C6400EFF04FE81386040093050400370513F87A
:107C7400EFF08FEC371505001305C57BEFF08FF699
:107C84008320C100032481008324410003290100CF
:107C94001301010167800000139757003387E40044
:107CA40037A61FC01306F63F2322C7002324B700BC
:107CB4002326070013080000930800002328070167
:107CC400232A170193871700139657003386C4009D
:107CD400232CC700232E07002320070093861600B9
:107CE4006FF0DFED371505001305857AEFF08FEFA0
:107CF40093050400370513F8EFF08FE76FF01FEFDB
:107D0400130101FF23261100371505001305457DD6
:107D1400EFF04FED93050000370513F8EFF04FE552
:107D2400371505001305857EEFF0CFEB9305200092
:107D3400370513F8EFF0CFE38320C10013010101ED
:107D440067800000130101FF232611002324810012
:107D54001304050093050500371505001305C57FB9
:107D6400EFF04FE893050400370513F8EFF04FE008
:107D74008320C100032481001301010167800000F6
:107D8400130101FF23261100372505001305058182
:107D9400EFF04FE593054000370513F8EFF04FDDA2
:107DA4003725050013050582EFF0CFE38320C100DA
:107DB4001301010167800000130101FF2326110054
:107DC40023248100130405003725050013050581CC
:107DD400EFF04FE193050400370513F8EFF04FD9A6
:107DE4003725050013050582EFF0CFDF8320C1009E
:107DF400032481001301010167800000130101FEC7
:107E0400232E1100232C8100232A910023282101F1
:107E14002326310113090500938405009309060004
:107E2400131466003725050013054583EFF08FDB37
:107E34003725050013058584EFF0CFDA930600009B
:107E440063FC9604139746003307E9008325070073
:107E5400B70714F83306F4002320B600832547003F
:107E6400138647003306C4002320B6008325870009
:107E7400138687003306C4002320B6000327C700F7
:107E84009387C700B307F40023A0E7001304040199
:107E9400938616006FF0DFFA3725050013058586F3
:107EA400EFF04FD493850900370513F8EFF00FCFA7
:107EB400631A05069385090037250500130505880F
:107EC400EFF04FD2930600101306000093850900CB
:107ED400370513F8EFF00FBB1307000093061000EB
:107EE4001306000093850900370513F8EFF00FBC63
:107EF40093850900370513F8EFF0CFC53725050042
:107F04001305458AEFF00FCE8320C10103248101BC
:107F140083244101032901018329C10013010102C2
:107F240067800000938509003715050013058571E6
:107F3400EFF04FCB93850900370513F8EFF04FC3EB
:107F44006FF05FF7130101FE232E1100232C810033
:107F5400232A910023282101232631011309050036
:107F64009384050093090600131466003725050061
:107F74001305458CEFF00FC7372505001305458D14
:107F8400EFF04FC69306000063FC96041397460077
:107F94003307E90083250700B70714F83306F40014
:107FA4002320B60083254700138647003306C40008
:107FB4002320B60083258700138687003306C40078
:107FC4002320B6000327C7009387C700B307F40034
:107FD40023A0E70013040401938616006FF0DFFA70
:107FE4003725050013058586EFF0CFBF372505003B
:107FF4001305458CEFF00FBF93850900370513F87F
:10800400EFF00FB71306000093850900370513F846
:10801400EFF04FB7B71600009386068013060000F2
:1080240093850900370513F8EFF04FA39307100069
:10803400130700009306000013060000938509004F
:10804400370513F8EFF00FAA93850900370513F8E5
:10805400EFF04FB0372505001305458FEFF08FB8CB
:108064008320C101032481018324410103290101E7
:108074008329C1001301010267800000130101FF7D
:108084002326110023248100232291009304050058
:1080940013840500372505001305458CEFF08FB4D4
:1080A40093050400370513F8EFF08FAC13060000B6
:1080B40093050400370513F8EFF0CFACB7160000B2
:1080C400938606801386040093050400370513F88D
:1080D400EFF0CF98930710001307000093060000F9
:1080E4001306000093050400370513F8EFF08F9F83
:1080F4009306100037A61F001306064093050400DC
:10810400370513F8EFF0CFA03725050013050582D6
:10811400EFF04FAD8320C10003248100832441008C
:108124001301010167800000130101FF23261100E0
:108134002324810013040500372505001305458C0D
:10814400EFF04FAA93054000370513F8EFF04FA264
:108154001306000093054000370513F8EFF08FA2D3
:10816400930600101306040093054000370513F826
:10817400EFF0CF8E93071000130700009306000062
:108184001306000093054000370513F8EFF08F95B0
:108194009306100037A61F001306064093054000FF
:1081A400370513F8EFF0CF96372505001305058240
:1081B400EFF04FA38320C1000324810013010101C8
:1081C40067800000130101FF23261100232481008E
:1081D40023229100930405001304070013070000F1
:1081E400130500006F0080071318550033080401BD
:1081F400B70700C09387F73B2322F8009357F70192
:10820400B387E70093D71740B7D80F0093880820A7
:10821400B3871703B718000093880887B3D71703E9
:1082240093972700B387F5002324F800232608003A
:10823400130300009303000023286800232A780016
:108244001305150093175500B307F400232CF80009
:10825400232E0800232008001307170093070700A4
:10826400371800001308F8866368E816130870438B
:108274006360F80893F71700E39807F6131855009E
:1082840033080401B70700C09387F73B2322F800A3
:108294009357F701B387E70093D71740B7D80F0078
:1082A40093880820B3871703B718000093880887BA
:1082B400B3D7170393972700B387F4002324F80058
:1082C40023260800130300009303000023286800FA
:1082D400232A78001305150093175500B307F400FB
:1082E400232CF800232E0800232008006FF0DFF66B
:1082F40013F81700631A080613185500330804010D
:10830400B70800C09388F83B23221801938787BCE1
:1083140093F7E7FFB7F8070093880890B38717032C
:10832400B718000093880887B3D7170393972700DB
:10833400B307F6002324F8002326080013030000E3
:108344009303000023286800232A780013051500EE
:1083540093175500B307F400232CF800232E0800CC
:10836400232008006FF05FEF131855003308040151
:10837400B70800C09388F83B23221801938787BC71
:1083840093F7E7FFB7F8070093880890B3871703BC
:10839400B718000093880887B3D71703939727006B
:1083A400B387F6002324F8002326080013030000F3
:1083B4009303000023286800232A7800130515007E
:1083C40093175500B307F400232CF800232E08005C
:1083D400232008006FF05FE8B70700089387F7FFD2
:1083E400B307F50093975700B307F40023AC870055
:1083F40023AE070093054000370513F8EFE01FFA9A
:108404006314050A93054000370513F8EFE01FF9DC
:10841400E31A05FE372505001305458CEFE09FFCA4
:1084240093054000370513F8EFE09FF413060000AE
:1084340093054000370513F8EFE0DFF4930540009F
:10844400370513F8EFE0DFF29306002013860400EB
:1084540093054000370513F8EFE05FE09307100041
:108464001307000093060000130600009305400064
:10847400370513F8EFE01FE71306040093054000E7
:10848400370513F8EFE05FEB372505001305058288
:10849400EFE05FF58320C1000324810083244100C1
:1084A4001301010167800000372505001305458C81
:1084B400EFE05FF393054000370513F8EFE05FEB5F
:1084C4006FF05FF4130101FD2326110293073000BE
:1084D4002324F100B78701009387076A2326F1005C
:1084E400930720032328F1009307D007232AF100E0
:1084F400232CF1009307A00F232EF1009305810094
:10850400377501F8EFE0DFEA8320C10213010103AC
:108514006780000067800000130101FC2320110024
:108524002322510023246100232671002328A10063
:10853400232AB100232CC100232ED1002320E102E1
:108544002322F10223240103232611032328C10338
:10855400232AD103232CE103232EF103EFB08FEA66
:108564008320010083224100032381008323C1006F
:108574000325010183254101032681018326C101CD
:108584000327010283274102032881028328C102B1
:10859400032E0103832E4103032F8103832FC10381
:1085A400130101047300203093870600930806002A
:1085B40013030500138805006396061A63FCC50CB3
:1085C400370701006364E622B7070001636AF640D7
:1085D40093568601930780011797040013074733C6
:1085E4003307D70003470700B307F7001307000258
:1085F4003307F740630C07003398E500B357F500E1
:10860400B318E60033E807013313E50013D6080175
:108614003355C8029396080193D606019357030174
:108624003377C802B385A602131707013368F7002E
:10863400637CB800330818019307F5FF63641801DD
:108644006368B83E138507003308B8403357C8023F
:1086540013130301135303013378C802B386E602EC
:108664001318080133686800637ED8003388080152
:108674009307F7FF636618011307E7FF6364D800E5
:1086840013870700131505013365E5009305000002
:10869400678000006316060013071000B358C70272
:1086A4003707010063E8E812B707000163E0F83414
:1086B40093D6880193078001179704001307472571
:1086C4003307D70083460700B386F60093070002FA
:1086D400B387D74063980712939E080133871541E7
:1086E40013DF080193DE0E01930510009357030175
:1086F4003355E7033377E703B306D50313170701AD
:10870400B367F70063FCD700B38717011307F5FFBE
:1087140063E4170163E4D73213050700B387D74036
:1087240033D7E7031313030113530301B3F7E70329
:10873400B30ED70393970701B3E7670063FED7012E
:10874400B387F8009306F7FF63E617011307E7FF03
:1087540063E4D70113870600131505013365E500AB
:108764006780000063E8D504B707010063EAF604F4
:10877400B707000163E0F62613D7860113088001CA
:10878400979704009387C718B387E70003C70700C8
:10879400130E000233070701330EEE4063160E106A
:1087A40063ECB6243335C50013451500930500006A
:1087B4006780000093050000130500006780000037
:1087C4009307F00F63F0D72413D7860013088000B3
:1087D4006FF01FFB1307F00F93860800E37E17ED7D
:1087E40093D68800930780006FF01FED1307F00FF6
:1087F40093060600E372C7DE935686009307800053
:108804006FF09FDDB398F80033D6D50013DF08016D
:10881400335EE6033397F500B356D50033E7E6003D
:10882400939E080193DE0E013313F500935507015F
:10883400B376E603B387CE0393960601B3E6B60098
:1088440063FEF600B38616011306FEFF63EE161DE3
:1088540063FCF61C130EEEFFB3861601B386F640D6
:1088640033D6E6039317070193D70701B3F6E6035C
:108874003385CE02139706013367F700637EA700A2
:10888400330717019307F6FF636817196376A71870
:108894001306E6FF3307170193150E013307A740AC
:1088A400B3E5C5006FF09FE4B357E600B396C60185
:1088B400B3E6D70033D3E50013DF0601B357E30370
:1088C400939E060193DE0E013398C5013357E500EC
:1088D40033680701935808013316C6013373E30361
:1088E400B385FE0213130301B368130163FEB800DA
:1088F400B388D8001387F7FF63E4D81263F2B81281
:108904009387E7FFB388D800B388B84033D7E80328
:108914001318080113580801B3F8E8033383EE026F
:1089240093980801B3E5080163FE6500B385D5009B
:108934001308F7FF63EED50C63FC650C1307E7FF20
:10894400B385D50093970701370F0100B3E7E7001C
:108954001307FFFFB3F6E70093D807013377E60068
:1089640013560601B38EE602B3856540B386C6028C
:1089740013D80E013387E802B386E600B306D800A5
:108984003386C80263F4E6003306E60193D8060191
:108994003386C80063EAC5026388C50013850700EF
:1089A4009305000067800000370701001307F7FFF5
:1089B400B3F6E60093960601B3FEEE003315C50147
:1089C400B386D601E37CD5FC1385F7FF930500003D
:1089D4006780000013D70601130800016FF05FDA07
:1089E40093560601930700016FF01FBF93D6080149
:1089F400930700016FF05FCC93050000130510008E
:108A04006780000013870600130800006FF05FD72B
:108A1400130708006FF01FF3138607006FF0DFE7FA
:108A2400930707006FF05FEE130E06006FF01FE36D
:108A34001305E5FF330818016FF01FC11305E5FFA7
:108A4400B38717016FF09FCD9387018783A7070032
:108A5400638A07003385A70023A8A186138507002E
:108A640067800000938701203385A70023A8A1868F
:088A7400138507006780000074
:048A7C00181E0500BB
:108A80001000000000000000017A5200017C01018A
:108A90001B0D0200100000001800000010FBFFFF7B
:088AA000A0040000000000002A
:108AA800AC2200001422000014220000142200004E
:108AB80014220000142200001422000014220000D6
:108AC800142200001422000014220000B822000022
:108AD800C4220000D022000014220000142200004A
:108AE8001422000014220000DC220000E82200000A
:108AF8006566785F73645F636F6E746F726C6C65C4
:108B0800720000003031323334353637383941425B
:108B180043444546000000000A2A2A2A20435241BD
:108B28005348202A2A2A0A00207769746820766127
:108B38006C7565203078000075736572496E7465D0
:108B48007272757074200A0D0000000074726170F2
:108B580020696E746572727570740A0D00000000E9
:108B68004E6F496E74200A0D000000003031323318
:108B78003435363738396162636465660000000051
:108B88003C466C6F6174696E6720706F696E742003
:108B98007072696E74696E67206E6F7420656E619D
:108BA800626C652E20506C6561736520456E61624C
:108BB8006C65206974206174206273702E68206669
:108BC800697273742E2E2E3E000000000A0D2D2DA2
:108BD8002D204546582D5344204361726420446536
:108BE8006D6F202D2D2D0A0D000000000D0A496E15
:108BF800697469616C697A652E2E2E3A000000004E
:108C0800446F6E650D0A0A002A2A2A2A2A2A2A2A65
:108C18002A2A2A2A2A2A53544152542053442043A8
:108C280061726420544553542A2A2A2A2A2A2A2A55
:108C38002A2A2A2A2A2A2A2A2A2A2A0D0A00000047
:108C48002A2A534420434C4F434B20535045454414
:108C5800203D2025640D0A002A2A4341524420530E
:108C680050454544203D202564206B487A0D0A0074
:108C78002A2A434152442053495A45203D2025641D
:108C8800204D6279746520546F74616C20424C4F9A
:108C9800434B203D2025640D0A0000002A2A534436
:108CA80020425553205749445448203D2025640DFF
:108CB8000A0000002A2A424C4F434B2053495A4588
:108CC800203D20256420425546464552204F4620E7
:108CD800424C4F434B203D2025640D0A0000000004
:108CE8002A2A544553542053495A45203D20256487
:108CF800206B627974650D0A000000002A2A2A2A6E
:108D08002A2A2A2A2A2A2A2A2A2A2A2A2A2A2A2ABB
:108D18002A2A2A2A2A2A2A2A2A2A2A2A2A2A2A2AAB
:108D28002A2A2A2A2A2A2A2A2A2A2A2A2A0D0A0002
:108D38000D0A212121215761726E696E6720212059
:108D480054686520666F6C6C6F77696E6720746510
:108D580073742077696C6C206F76657220777269FE
:108D680074652064617461206F6E2065616368209A
:108D78006D656D6F727920626C6F636B73206F66BF
:108D88002074686520534420636172642021212186
:108D9800210000000D0A2121212169742077696CC6
:108DA8006C20637261736820746865205344206383
:108DB8006172642064617461202C5075736820713D
:108DC800206F72205120746F207175697420746847
:108DD8006520746573742021212121000D0A4F72CA
:108DE80020796F7520636F756C64207075736820C7
:108DF800416E79204B657920746F20436F6E7469DA
:108E08006E756520746865207465737420616E647E
:108E180020796F7520636F756C6420707573682096
:108E280071206F72205120746F20717569742074DD
:108E38006865207465737420616E792074696D6546
:108E480021200D0A0A0000000D0A53746172742073
:108E5800746F204D656D6F727920426C6F636B7310
:108E68002057726974652F52656164204163636598
:108E78007373207465737421200D0A0A00000000C2
:108E88006563686F206368617261637465723A0034
:108E98000D0A5175697420746865204D656D6F728F
:108EA8007920426C6F636B732057726974652F5217
:108EB800656164204163636573732074657374210D
:108EC800200D0A0A0000000050692043616D657298
:108ED80061202564204272696768746E6573732027
:108EE8004572726F7220210A0D00000050692043FC
:108EF800616D657261202564204272696768746ECD
:108F080065737320446F6E6520210A0D0000000010
:108F1800414761696E3A20307825780A0D000000D3
:108F2800444761696E3A20307825780A0D000000C0
:108F380050692043616D65726120256420436F6C20
:108F48006F757220210A0D00526564204761696EB1
:108F58003A20307825780A0D0000000047726565D0
:108F68006E204761696E3A20307825780A0D000036
:108F7800426C7565204761696E3A20307825780A19
:108F88000D0000002043616D6572617320496E69B0
:108F98007469616C20210A0D00000000474D534C94
:108FA80020496E697469616C210A0D00474D534C64
:108FB80020536572696C697A657220616E64204419
:108FC80065736572696C697A657220496E6974693E
:108FD800616C204572726F72210A0D00474D534C27
:108FE80020536572696C697A657220616E642044E9
:108FF80065736572696C697A657220496E6974690E
:10900800616C20446F6E65210A0D00005069204391
:10901800616D65726120256420496E697469616CAF
:10902800204572726F7220210A0D0000506920439A
:10903800616D65726120256420496E697469616C8F
:1090480020446F6E6520210A0D00000063616D5F8A
:109058006272696768746E6573733A203078257830
:109068000A0D00004576656E74205377697463684D
:1090780020300A0D000000004576656E7420537795
:109088006974636820310A0D000000002A2A2A2A20
:109098002A2A2A2A2A2A2A2A2A2A205449313830CE
:1090A800204F4F4254657374202A2A2A2A2A2A2AD2
:1090B8002A2A2A2A2A2A2A2A2A2A2A2A0D0A000099
:1090C800332E310056657273696F6E203A20202561
:1090D800730D0A00486172647761726520436F6E90
:1090E80066696775726174696F6E20436F64653A6B
:1090F80020307825780A0D0020417373657274203A
:109108006661696C75726520210A00000000000024
:109118000A0000000C0000000D0000000F00000015
:1091280014000000190000001E00000023000000C9
:10913800280000002D000000320000003700000069
:109148003C0000004600000050000000102700000E
:10915800A086010040420F00809698004C6F6F7007
:109168003A2025640D0A0000526573706F73653AE2
:1091780020307825780D0A00457272203A20414344
:109188004D443431204F43522042555359210D0A42
:109198000000000054657374656420426C6F636B53
:1091A8002025642F25640A0D00000000636F6D7090
:1091B800617265206661696C206D3D256420777257
:1091C8003D20307825782072643D307825780A0D66
:1091D8000000000054657374656420426C6F636B13
:1091E8002025642F256420202020202020202020D6
:1091F800577269746520733D2564204B4279746504
:109208002F732020205265616420733D2564204B14
:10921800427974652F7320202020202020202020D0
:10922800200D0000360118003701000000E00000A2
:109238007AE0010008080200E94A1800EA4A080032
:109248001CF604001EF60400E94A2100EA4A8000E0
:10925800A8381F00A938FF00AA381F00AB38FF0044
:10926800D4550000D5550000D6550700D755FF0046
:10927800E8550700E955FF00EA550000EB550000E6
:109288004C5707004D57FF004E5700004F5700003E
:109298005457000055570000565707005757FF000E
:1092A8007359040074590100135DC300145D58001C
:1092B800155DA300165D1D00175D6500185D8C0027
:1092C8001A5D06001B5DA9001C5D45001D5D3A0086
:1092D8001E5DAB001F5D1500215D0E00225D520072
:1092E800235DAA00245D7D00255D5700265DA8004A
:1092F800375D5A00385D5A00775D7F00757B0E0038
:10930800767B0B00777B0800787B0A00797B470027
:109318007C7B00007D7B00001F8D0000278D0000F6
:10932800049003000092500001926C0002927100B8
:1093380003920000049271000592010071936A0083
:1093480073936A00759364001A9900006B998C00F6
:109358006C9964006D9950004C9A0D004D9A0D005F
:1093680001A00A0003A00A0005A00A0006A0010047
:1093780007A0C00009A0C0008A3D010021440400E4
:109388003B7B01004C7B0000059900000799000019
:10939800099900000B99000044993C0047993C004A
:1093A8004A998C004B9950004C991B004D998C00A0
:1093B8004E9950004F991B0050998C0051991B00F1
:1093C80052990A0053998C0054991B0055990A0028
:1093D800139A0400149A0400199A00001C9A0400B5
:1093E8001D9A0400269A0500279A05002C9A010068
:1093F8002D9A03002F9A0500309A0500419A000023
:10940800469A0000479A0000179C35001D9C3100C1
:10941800299C50003B9C2F00419C6B00479C2D00D1
:109428004D9C40006B9C0000719CC800739C3200EE
:10943800759C04007D9C2D00839C4000949C3F00FB
:10944800959C3F00969C3F00979C0000989C0000CC
:10945800999C00009A9C3F009B9C3F009C9C3F006D
:10946800A09C0F00A19C0F00A29C0F00A39C0000D1
:10947800A49C0000A59C0000A69C1E00A79C1E00A2
:10948800A89C1E00A99C0000AA9C0000AB9C0000A0
:10949800AC9C0900AD9C0900AE9C0900BD9C500025
:1094A800BF9C5000C19C5000C39C4000C59C40001C
:1094B800C79C4000C99C0A00CB9C0A00CD9C0A00AE
:1094C800179D35001D9D3100299D50003B9D2F00A3
:1094D800419D6B00479D42004D9D5A006B9D0000C9
:1094E800719DC800739D3200759D04007D9D4200EA
:1094F800839D5A00949D3F00959D3F00969D3F0097
:10950800979D0000989D0000999D00009A9D3F003E
:109518009B9D3F009C9D3F009D9D1F009E9D1F00A1
:109528009F9D1F00A09D0F00A19D0F00A29D0F00F1
:10953800A39D0000A49D0000A59D0000A69D1E00FF
:10954800A79D1E00A89D1E00A99D0000AA9D0000C1
:10955800AB9D0000AC9D0900AD9D0900AE9D0900C2
:10956800C99D0A00CB9D0A00CD9D0A00179E3500B3
:109578001D9E3100299E50003B9E2F00419E6B008E
:10958800479E2D004D9E40006B9E0000719EC800B6
:10959800739E3200759E0400949E0F00959E0F00E6
:1095A800969E0F00979E0000989E0000999E0000CE
:1095B800A09E0F00A19E0F00A29E0F00A39E000078
:1095C800A49E0000A59E0000A69E3F00A79E3F0007
:1095D800A89E3F00A99E0000AA9E0000AB9E000026
:1095E800AC9E0900AD9E0900AE9E0900C99E0A0006
:1095F800CB9E0A00CD9E0A00179F35001D9F3100A3
:10960800299F50003B9F2F00419F6B00479F4200BE
:109618004D9F5A006B9F0000719FC800739F3200D6
:10962800759F0400949F0F00959F0F00969F0F0051
:10963800979F0000989F0000999F00009A9F2F0015
:109648009B9F2F009C9F2F009D9F00009E9F0000C6
:109658009F9F0000A09F0F00A19F0F00A29F0F00D7
:10966800A39F0000A49F0000A59F0000A69F1E00C6
:10967800A79F1E00A89F1E00A99F0000AA9F000088
:10968800AB9F0000AC9F0900AD9F0900AE9F090089
:10969800C99F0A00CB9F0A00CD9F0A004BA1FF007B
:1096A80051A10C0053A1500055A1020057A1000080
:1096B800ADA1FF00B3A10C00B5A15000B9A10000F5
:1096C8004BA2FF0057A20000ADA2FF00B9A2000004
:1096D8001FB204005CB300005EB3080012010C0066
:1096E80013010C00140101005003000012010A00CC
:1096F80013010A0014010100420323004303400040
:109708004003060041030F00440300004503000026
:10971800460301004703780048030F004903D700B8
:109728004A030A004B036700E3000000E40000005E
:10973800FC000A00FD000A00FE000A00FF000A0003
:1097480020020000210211008103010083030100AF
:1097580085030100870301000009010001092200B7
:109768000209020040310200003C0000013C0100F7
:10977800023C9C000D3F000048570000495700007C
:109788004A5700004B57A400757B0E00767B0900F2
:10979800777B0800787B0600797B3400537B0000D8
:1097A800699373006B9364006D935F0004930300E7
:1097B800059380009A9E2F009B9E2F009C9E2F0051
:1097C8009D9E00009E9E00009F9E0000A9A227006B
:1097D800B7A20300010400000404000005041000FF
:1097E80008040000090436000A0400000B042000E5
:1097F8000C0407000D0480000E0404000F04380058
:109808004C0307004D0380004E0304004F0338004B
:10981800010305000303020005030200060300001C
:109828000703AF0009030A000B0301000D0303003F
:109838000E0300000F039600100301002008090022
:109848002108600022080000230800000A08000020
:109858000B0887000C0800000D084F000E080000D8
:109868000F0887001008000011085F0012080000A8
:1098780013085F001408000015084F0016080100BF
:1098880017083F001808000019083F004CE00000C6
:109898004DE087004EE000004FE01F00203E010031
:1098A800373E0000503F0000563F0100573F02007E
:1098B800F93F0100496D7834373720496E6974697A
:1098C800616C205461626C652073697A65203A2561
:1098D800642020210A0D0000FFFFFFFFFF00FF00AA
:1098E800FFFFFFFF00FF00FF00FF00FF0000000078
:1098F800FF00FF0000000000FFFFFFFF0000000066
:10990800FF00FF00FFFFFFFFFF00FF0000FF00FF59
:109918000100000000000000FFFFFFFFFF00FF0044
:10992800FFFFFFFF00FF00FF00FF00FF0000000037
:10993800FF00FF0000000000FFFFFFFF0000000025
:10994800FF00FF00FFFFFFFFFF00FF0000FF00FF19
:10995800010000000000000000000000FF00FF0000
:10996800FFFFFFFF00FF00FF00FF00FF00000000F7
:10997800FF00FF00FFFFFFFF0000000000000000E5
:10998800FF00FF00FFFFFFFFFF00FF0000FF00FFD9
:1099980000000000FFFFFFFFFFFFFFFFFF00FF00C9
:1099A8000000000000FF00FF00FF00FFFFFFFFFFB7
:1099B800FF00FF0000000000FFFFFFFF00000000A5
:1099C80000FF00FFFF00FF00FFFFFFFFFF00FF0099
:1099D8000000000000000000FFFFFFFFFFFFFFFF87
:1099E800FFFFFFFFFFFFFFFFFFFFFFFFFFFFFFFF7F
:1099F800FFFFFFFFFFFFFFFFFFFFFFFFFFFFFFFF6F
:109A0800FFFFFFFFFFFFFFFFFFFFFFFFFFFFFFFF5E
:109A1800FFFFFFFFFFFFFFFF000000000000000046
:109A2800000000000000000000000000000000002E
:109A3800000000000000000000000000000000001E
:109A4800000000000000000000000000000000000E
:109A580000000000000000000000000000000000FE
:109A680000000000000000000000000000000000EE
:109A7800000000000000000000FF00FF00FF00FFE2
:109A880000FF00FF00FF00FF00FF00FF00FF00FFD6
:109A980000FF00FF00FF00FFFF00FF00FF00FF00C6
:109AA800FF00FF00FF00FF00FF00FF00FF00FF00B6
:109AB800FF00FF00FF00FF000000000000000000A2
:109AC800000000000000000000000000000000008E
:109AD800000000000000000000FF00FF00FF00FF82
:109AE80000FF00FF00FF00FF00FF00FF00FF00FF76
:109AF80000FF00FF00FF00FFFF00FF00FF00FF0066
:109B0800FF00FF00FF00FF00FF00FF00FF00FF0055
:109B1800FF00FF00FF00FF00FFFFFFFFFFFFFFFF49
:109B2800FFFFFFFFFFFFFFFFFFFFFFFFFFFFFFFF3D
:109B3800FFFFFFFFFFFFFFFFFFFFFFFFFFFFFFFF2D
:109B4800FFFFFFFFFFFFFFFFFFFFFFFFFFFFFFFF1D
:109B5800FFFFFFFFFFFFFFFFFFFFFFFFFFFFFFFF0D
:109B6800FFFFFFFFFFFFFFFFFFFFFFFFFFFFFFFFFD
:109B7800FFFFFFFFFFFFFFFFFFFFFFFFFFFFFFFFED
:109B8800FFFFFFFFFFFFFFFFFFFFFFFFFFFFFFFFDD
:109B9800FFFFFFFFFFFFFFFFFFFFFFFFFFFFFFFFCD
:109BA800FFFFFFFFFFFFFFFFFFFFFFFFFFFFFFFFBD
:109BB800FFFFFFFFFFFFFFFFFFFFFFFFFFFFFFFFAD
:109BC800FFFFFFFFFFFFFFFFFFFFFFFFFFFFFFFF9D
:109BD800FFFFFFFFFFFFFFFFFFFFFFFFFFFFFFFF8D
:109BE800FFFFFFFFFFFFFFFFFFFFFFFFFFFFFFFF7D
:109BF800FFFFFFFFFFFFFFFFFFFFFFFFFFFFFFFF6D
:109C0800FFFFFFFFFFFFFFFFFFFFFFFFFFFFFFFF5C
:109C1800FFFFFFFFFFFFFFFFFFFFFFFFFFFFFFFF4C
:109C2800FFFFFFFFFFFFFFFFFFFFFFFFFFFFFFFF3C
:109C3800FFFFFFFFFFFFFFFFFFFFFFFFFFFFFFFF2C
:109C4800FFFFFFFFFFFFFFFFFFFFFFFFFFFFFFFF1C
:109C5800FFFFFFFFFFFFFFFFFFFFFFFFFFFFFFFF0C
:109C6800FFFFFFFFFFFFFFFFFFFFFFFFFFFFFFFFFC
:109C7800FFFFFFFFFFFFFFFFFFFFFFFFFFFFFFFFEC
:109C8800FFFFFFFFFFFFFFFFFFFFFFFFFFFFFFFFDC
:109C9800FFFFFFFFFFFFFFFFFFFFFFFFFFFFFFFFCC
:109CA800FFFFFFFFFFFFFFFFFFFFFFFFFFFFFFFFBC
:109CB800FFFFFFFFFFFFFFFFFFFFFFFFFFFFFFFFAC
:109CC800FFFFFFFFFFFFFFFFFFFFFFFFFFFFFFFF9C
:109CD800FFFFFFFFFFFFFFFFFFFFFFFFFFFFFFFF8C
:109CE800FFFFFFFFFFFFFFFFFFFFFFFFFFFFFFFF7C
:109CF800FFFFFFFFFFFFFFFFFFFFFFFFFFFFFFFF6C
:109D0800FFFFFFFFFFFFFFFFFFFFFFFFFFFFFFFF5B
:109D1800FFFFFFFFFFFFFFFFFFFFFFFFFFFFFFFF4B
:109D2800FFFFFFFFFFFFFFFFFFFFFFFFFFFFFFFF3B
:109D3800FFFFFFFFFFFFFFFFFFFFFFFFFFFFFFFF2B
:109D4800FFFFFFFFFFFFFFFFFFFFFFFFFFFFFFFF1B
:109D5800FFFFFFFFFFFFFFFFFFFFFFFFFFFFFFFF0B
:109D6800FFFFFFFFFFFFFFFFFFFFFFFFFFFFFFFFFB
:109D7800FFFFFFFFFFFFFFFFFFFFFFFFFFFFFFFFEB
:109D8800FFFFFFFFFFFFFFFFFFFFFFFFFFFFFFFFDB
:109D9800FFFFFFFFFFFFFFFFFFFFFFFFFFFFFFFFCB
:109DA800FFFFFFFFFFFFFFFFFFFFFFFFFFFFFFFFBB
:109DB800FFFFFFFFFFFFFFFFFFFFFFFFFFFFFFFFAB
:109DC800FFFFFFFFFFFFFFFFFFFFFFFFFFFFFFFF9B
:109DD800FFFFFFFFFFFFFFFFFFFFFFFFFFFFFFFF8B
:109DE800FFFFFFFFFFFFFFFFFFFFFFFFFFFFFFFF7B
:109DF800FFFFFFFFFFFFFFFFFFFFFFFFFFFFFFFF6B
:109E0800FFFFFFFFFFFFFFFFFFFFFFFFFFFFFFFF5A
:109E1800FFFFFFFFFFFFFFFFFFFFFFFFFFFFFFFF4A
:109E2800FFFFFFFFFFFFFFFFFFFFFFFFFFFFFFFF3A
:109E3800FFFFFFFFFFFFFFFFFFFFFFFFFFFFFFFF2A
:109E4800FFFFFFFFFFFFFFFFFFFFFFFFFFFFFFFF1A
:109E5800FFFFFFFFFFFFFFFFFFFFFFFFFFFFFFFF0A
:109E6800FFFFFFFFFFFFFFFFFFFFFFFFFFFFFFFFFA
:109E7800FFFFFFFFFFFFFFFFFFFFFFFFFFFFFFFFEA
:109E8800FFFFFFFFFFFFFFFFFFFFFFFFFFFFFFFFDA
:109E9800FFFFFFFFFFFFFFFFFFFFFFFFFFFFFFFFCA
:109EA800FFFFFFFFFFFFFFFFFFFFFFFFFFFFFFFFBA
:109EB800FFFFFFFFFFFFFFFFFFFFFFFFFFFFFFFFAA
:109EC800FFFFFFFFFFFFFFFFFFFFFFFFFFFFFFFF9A
:109ED800FFFFFFFFFFFFFFFFFFFFFFFFFFFFFFFF8A
:109EE800FFFFFFFFFFFFFFFFFFFFFFFFFFFFFFFF7A
:109EF800FFFFFFFFFFFFFFFFFFFFFFFFFFFFFFFF6A
:109F0800FFFFFFFFFFFFFFFFFFFFFFFFFFFFFFFF59
:109F1800FFFFFFFFFFFFFFFFFFFFFFFFFFFFFFFF49
:109F2800FFFFFFFFFFFFFFFFFFFFFFFFFFFFFFFF39
:109F3800FFFFFFFFFFFFFFFFFFFFFFFFFFFFFFFF29
:109F4800FFFFFFFFFFFFFFFFFFFFFFFFFFFFFFFF19
:109F5800FFFFFFFFFFFFFFFFFFFFFFFFFFFFFFFF09
:109F6800FFFFFFFFFFFFFFFFFFFFFFFFFFFFFFFFF9
:109F7800FFFFFFFFFFFFFFFFFFFFFFFFFFFFFFFFE9
:109F8800FFFFFFFFFFFFFFFFFFFFFFFFFFFFFFFFD9
:109F9800FFFFFFFFFFFFFFFFFFFFFFFFFFFFFFFFC9
:109FA800FFFFFFFFFFFFFFFFFFFFFFFFFFFFFFFFB9
:109FB800FFFFFFFFFFFFFFFFFFFFFFFFFFFFFFFFA9
:109FC800FFFFFFFFFFFFFFFFFFFFFFFFFFFFFFFF99
:109FD800FFFFFFFFFFFFFFFFFFFFFFFFFFFFFFFF89
:109FE800FFFFFFFFFFFFFFFFFFFFFFFFFFFFFFFF79
:109FF800FFFFFFFFFFFFFFFFFFFFFFFFFFFFFFFF69
:10A00800FFFFFFFFFFFFFFFFFFFFFFFFFFFFFFFF58
:10A01800FFFFFFFFFFFFFFFFFFFFFFFFFFFFFFFF48
:10A02800FFFFFFFFFFFFFFFFFFFFFFFFFFFFFFFF38
:10A03800FFFFFFFFFFFFFFFFFFFFFFFFFFFFFFFF28
:10A04800FFFFFFFFFFFFFFFFFFFFFFFFFFFFFFFF18
:10A05800FFFFFFFFFFFFFFFFFFFFFFFFFFFFFFFF08
:10A06800FFFFFFFFFFFFFFFFFFFFFFFFFFFFFFFFF8
:10A07800FFFFFFFFFFFFFFFFFFFFFFFFFFFFFFFFE8
:10A08800FFFFFFFFFFFFFFFFFFFFFFFFFFFFFFFFD8
:10A09800FFFFFFFFFFFFFFFFFFFFFFFFFFFFFFFFC8
:10A0A800FFFFFFFFFFFFFFFFFFFFFFFFFFFFFFFFB8
:10A0B800FFFFFFFFFFFFFFFFFFFFFFFFFFFFFFFFA8
:10A0C800FFFFFFFFFFFFFFFFFFFFFFFFFFFFFFFF98
:10A0D800FFFFFFFFFFFFFFFFFFFFFFFFFFFFFFFF88
:10A0E800FFFFFFFFFFFFFFFFFFFFFFFFFFFFFFFF78
:10A0F800FFFFFFFFFFFFFFFFFFFFFFFFFFFFFFFF68
:10A10800FFFFFFFFFFFFFFFFFFFFFFFFFFFFFFFF57
:10A11800FFFFFFFFFFFFFFFFFFFFFFFFFFFFFFFF47
:10A12800FFFFFFFFFFFFFFFFFFFFFFFFFFFFFFFF37
:10A13800FFFFFFFFFFFFFFFFFFFFFFFFFFFFFFFF27
:10A14800FFFFFFFFFFFFFFFFFFFFFFFFFFFFFFFF17
:10A15800FFFFFFFFFFFFFFFFFFFFFFFFFFFFFFFF07
:10A16800FFFFFFFFFFFFFFFFFFFFFFFFFFFFFFFFF7
:10A17800FFFFFFFFFFFFFFFFFFFFFFFFFFFFFFFFE7
:10A18800FFFFFFFFFFFFFFFFFFFFFFFFFFFFFFFFD7
:10A19800FFFFFFFFFFFFFFFFFFFFFFFFFFFFFFFFC7
:10A1A800FFFFFFFFFFFFFFFFFFFFFFFFFFFFFFFFB7
:10A1B800FFFFFFFFFFFFFFFFFFFFFFFFFFFFFFFFA7
:10A1C800FFFFFFFFFFFFFFFFFFFFFFFFFFFFFFFF97
:10A1D800FFFFFFFFFFFFFFFFFFFFFFFFFFFFFFFF87
:10A1E800FFFFFFFFFFFFFFFFFFFFFFFFFFFFFFFF77
:10A1F800FFFFFFFFFFFFFFFFFFFFFFFFFFFFFFFF67
:10A20800FFFFFFFFFFFFFFFFFFFFFFFFFFFFFFFF56
:10A21800FFFFFFFFFFFFFFFFFFFFFFFFFFFFFFFF46
:10A22800FFFFFFFFFFFFFFFFFFFFFFFFFFFFFFFF36
:10A23800FFFFFFFFFFFFFFFFFFFFFFFFFFFFFFFF26
:10A24800FFFFFFFFFFFFFFFFFFFFFFFFFFFFFFFF16
:10A25800FFFFFFFFFFFFFFFFFFFFFFFFFFFFFFFF06
:10A26800FFFFFFFFFFFFFFFFFFFFFFFFFFFFFFFFF6
:10A27800FFFFFFFFFFFFFFFFFFFFFFFFFFFFFFFFE6
:10A28800FFFFFFFFFFFFFFFFFFFFFFFFFFFFFFFFD6
:10A29800FFFFFFFFFFFFFFFFFFFFFFFFFFFFFFFFC6
:10A2A800FFFFFFFFFFFFFFFFFFFFFFFFFFFFFFFFB6
:10A2B800FFFFFFFFFFFFFFFFFFFFFFFFFFFFFFFFA6
:10A2C800FFFFFFFFFFFFFFFFFFFFFFFFFFFFFFFF96
:10A2D800FFFFFFFFFFFFFFFFFFFFFFFFFFFFFFFF86
:10A2E800FFFFFFFFFFFFFFFFFFFFFFFFFFFFFFFF76
:10A2F800FFFFFFFFFFFFFFFFFFFFFFFFFFFFFFFF66
:10A30800FFFFFFFFFFFFFFFFFFFFFFFFFFFFFFFF55
:10A31800FFFFFFFFFFFFFFFFFFFFFFFFFFFFFFFF45
:10A32800FFFFFFFFFFFFFFFFFFFFFFFFFFFFFFFF35
:10A33800FFFFFFFFFFFFFFFFFFFFFFFFFFFFFFFF25
:10A34800FFFFFFFFFFFFFFFFFFFFFFFFFFFFFFFF15
:10A35800FFFFFFFFFFFFFFFFFFFFFFFFFFFFFFFF05
:10A36800FFFFFFFFFFFFFFFFFFFFFFFFFFFFFFFFF5
:10A37800FFFFFFFFFFFFFFFFFFFFFFFFFFFFFFFFE5
:10A38800FFFFFFFFFFFFFFFFFFFFFFFFFFFFFFFFD5
:10A39800FFFFFFFFFFFFFFFFFFFFFFFFFFFFFFFFC5
:10A3A800FFFFFFFFFFFFFFFFFFFFFFFFFFFFFFFFB5
:10A3B800FFFFFFFFFFFFFFFFFFFFFFFFFFFFFFFFA5
:10A3C800FFFFFFFFFFFFFFFFFFFFFFFFFFFFFFFF95
:10A3D800FFFFFFFFFFFFFFFFFFFFFFFFFFFFFFFF85
:10A3E800FFFFFFFFFFFFFFFFFFFFFFFFFFFFFFFF75
:10A3F800FFFFFFFFFFFFFFFFFFFFFFFFFFFFFFFF65
:10A40800FFFFFFFFFFFFFFFFFFFFFFFFFFFFFFFF54
:10A41800FFFFFFFFFFFFFFFFFFFFFFFFFFFFFFFF44
:10A42800FFFFFFFFFFFFFFFFFFFFFFFFFFFFFFFF34
:10A43800FFFFFFFFFFFFFFFFFFFFFFFFFFFFFFFF24
:10A44800FFFFFFFFFFFFFFFFFFFFFFFFFFFFFFFF14
:10A45800FFFFFFFFFFFFFFFFFFFFFFFFFFFFFFFF04
:10A46800FFFFFFFFFFFFFFFFFFFFFFFFFFFFFFFFF4
:10A47800FFFFFFFFFFFFFFFFFFFFFFFFFFFFFFFFE4
:10A48800FFFFFFFFFFFFFFFFFFFFFFFFFFFFFFFFD4
:10A49800FFFFFFFFFFFFFFFFFFFFFFFFFFFFFFFFC4
:10A4A800FFFFFFFFFFFFFFFFFFFFFFFFFFFFFFFFB4
:10A4B800FFFFFFFFFFFFFFFFFFFFFFFFFFFFFFFFA4
:10A4C800FFFFFFFFFFFFFFFFFFFFFFFFFFFFFFFF94
:10A4D800FFFFFFFFFFFFFFFFFFFFFFFFFFFFFFFF84
:10A4E800FFFFFFFFFFFFFFFFFFFFFFFFFFFFFFFF74
:10A4F800FFFFFFFFFFFFFFFFFFFFFFFFFFFFFFFF64
:10A50800FFFFFFFFFFFFFFFFFFFFFFFFFFFFFFFF53
:10A51800FFFFFFFFFFFFFFFFFFFFFFFFFFFFFFFF43
:10A52800FFFFFFFFFFFFFFFFFFFFFFFFFFFFFFFF33
:10A53800FFFFFFFFFFFFFFFFFFFFFFFFFFFFFFFF23
:10A54800FFFFFFFFFFFFFFFFFFFFFFFFFFFFFFFF13
:10A55800FFFFFFFFFFFFFFFFFFFFFFFFFFFFFFFF03
:10A56800FFFFFFFFFFFFFFFFFFFFFFFFFFFFFFFFF3
:10A57800FFFFFFFFFFFFFFFFFFFFFFFFFFFFFFFFE3
:10A58800FFFFFFFFFFFFFFFFFFFFFFFFFFFFFFFFD3
:10A59800FFFFFFFFFFFFFFFFFFFFFFFFFFFFFFFFC3
:10A5A800FFFFFFFFFFFFFFFFFFFFFFFFFFFFFFFFB3
:10A5B800FFFFFFFFFFFFFFFFFFFFFFFFFFFFFFFFA3
:10A5C800FFFFFFFFFFFFFFFFFFFFFFFFFFFFFFFF93
:10A5D800FFFFFFFFFFFFFFFFFFFFFFFFFFFFFFFF83
:10A5E800FFFFFFFFFFFFFFFFFFFFFFFFFFFFFFFF73
:10A5F800FFFFFFFFFFFFFFFFFFFFFFFFFFFFFFFF63
:10A60800FFFFFFFFFFFFFFFFFFFFFFFFFFFFFFFF52
:10A61800FFFFFFFFFFFFFFFFFFFFFFFFFFFFFFFF42
:10A62800FFFFFFFFFFFFFFFFFFFFFFFFFFFFFFFF32
:10A63800FFFFFFFFFFFFFFFFFFFFFFFFFFFFFFFF22
:10A64800FFFFFFFFFFFFFFFFFFFFFFFFFFFFFFFF12
:10A65800FFFFFFFFFFFFFFFFFFFFFFFFFFFFFFFF02
:10A66800FFFFFFFFFFFFFFFFFFFFFFFFFFFFFFFFF2
:10A67800FFFFFFFFFFFFFFFFFFFFFFFFFFFFFFFFE2
:10A68800FFFFFFFFFFFFFFFFFFFFFFFFFFFFFFFFD2
:10A69800FFFFFFFFFFFFFFFFFFFFFFFFFFFFFFFFC2
:10A6A800FFFFFFFFFFFFFFFFFFFFFFFFFFFFFFFFB2
:10A6B800FFFFFFFFFFFFFFFFFFFFFFFFFFFFFFFFA2
:10A6C800FFFFFFFFFFFFFFFFFFFFFFFFFFFFFFFF92
:10A6D800FFFFFFFFFFFFFFFFFFFFFFFFFFFFFFFF82
:10A6E800FFFFFFFFFFFFFFFFFFFFFFFFFFFFFFFF72
:10A6F800FFFFFFFFFFFFFFFFFFFFFFFFFFFFFFFF62
:10A70800FFFFFFFFFFFFFFFFFFFFFFFFFFFFFFFF51
:10A71800FFFFFFFFFFFFFFFFFFFFFFFFFFFFFFFF41
:10A72800FFFFFFFFFFFFFFFFFFFFFFFFFFFFFFFF31
:10A73800FFFFFFFFFFFFFFFFFFFFFFFFFFFFFFFF21
:10A74800FFFFFFFFFFFFFFFFFFFFFFFFFFFFFFFF11
:10A75800FFFFFFFFFFFFFFFFFFFFFFFFFFFFFFFF01
:10A76800FFFFFFFFFFFFFFFFFFFFFFFFFFFFFFFFF1
:10A77800FFFFFFFFFFFFFFFFFFFFFFFFFFFFFFFFE1
:10A78800FFFFFFFFFFFFFFFFFFFFFFFFFFFFFFFFD1
:10A79800FFFFFFFFFFFFFFFFFFFFFFFFFFFFFFFFC1
:10A7A800FFFFFFFFFFFFFFFFFFFFFFFFFFFFFFFFB1
:10A7B800FFFFFFFFFFFFFFFFFFFFFFFFFFFFFFFFA1
:10A7C800FFFFFFFFFFFFFFFFFFFFFFFFFFFFFFFF91
:10A7D800FFFFFFFFFFFFFFFFFFFFFFFFFFFFFFFF81
:10A7E800FFFFFFFFFFFFFFFFFFFFFFFFFFFFFFFF71
:10A7F800FFFFFFFFFFFFFFFFFFFFFFFFFFFFFFFF61
:10A80800FFFFFFFFFFFFFFFFFFFFFFFFFFFFFFFF50
:10A81800FFFFFFFFFFFFFFFFFFFFFFFFFFFFFFFF40
:10A82800FFFFFFFFFFFFFFFFFFFFFFFFFFFFFFFF30
:10A83800FFFFFFFFFFFFFFFFFFFFFFFFFFFFFFFF20
:10A84800FFFFFFFFFFFFFFFFFFFFFFFFFFFFFFFF10
:10A85800FFFFFFFFFFFFFFFFFFFFFFFFFFFFFFFF00
:10A86800FFFFFFFFFFFFFFFFFFFFFFFFFFFFFFFFF0
:10A87800FFFFFFFFFFFFFFFFFFFFFFFFFFFFFFFFE0
:10A88800FFFFFFFFFFFFFFFFFFFFFFFFFFFFFFFFD0
:10A89800FFFFFFFFFFFFFFFFFFFFFFFFFFFFFFFFC0
:10A8A800FFFFFFFFFFFFFFFFFFFFFFFFFFFFFFFFB0
:10A8B800FFFFFFFFFFFFFFFFFFFFFFFFFFFFFFFFA0
:10A8C800FFFFFFFFFFFFFFFFFFFFFFFFFFFFFFFF90
:10A8D800FFFFFFFFFFFFFFFFFFFFFFFFFFFFFFFF80
:10A8E800FFFFFFFFFFFFFFFFFFFFFFFFFFFFFFFF70
:10A8F800FFFFFFFFFFFFFFFFFFFFFFFFFFFFFFFF60
:10A90800FFFFFFFFFFFFFFFFFFFFFFFFFFFFFFFF4F
:10A91800FFFFFFFFFFFFFFFFFFFFFFFFFFFFFFFF3F
:10A92800FFFFFFFFFFFFFFFFFFFFFFFFFFFFFFFF2F
:10A93800FFFFFFFFFFFFFFFFFFFFFFFFFFFFFFFF1F
:10A94800FFFFFFFFFFFFFFFFFFFFFFFFFFFFFFFF0F
:10A95800FFFFFFFFFFFFFFFFFFFFFFFFFFFFFFFFFF
:10A96800FFFFFFFFFFFFFFFFFFFFFFFFFFFFFFFFEF
:10A97800FFFFFFFFFFFFFFFFFFFFFFFFFFFFFFFFDF
:10A98800FFFFFFFFFFFFFFFFFFFFFFFFFFFFFFFFCF
:10A99800FFFFFFFFFFFFFFFFFFFFFFFFFFFFFFFFBF
:10A9A800FFFFFFFFFFFFFFFFFFFFFFFFFFFFFFFFAF
:10A9B800FFFFFFFFFFFFFFFFFFFFFFFFFFFFFFFF9F
:10A9C800FFFFFFFFFFFFFFFFFFFFFFFFFFFFFFFF8F
:10A9D800FFFFFFFFFFFFFFFFFFFFFFFFFFFFFFFF7F
:10A9E800FFFFFFFFFFFFFFFFFFFFFFFFFFFFFFFF6F
:10A9F800FFFFFFFFFFFFFFFFFFFFFFFFFFFFFFFF5F
:10AA0800FFFFFFFFFFFFFFFFFFFFFFFFFFFFFFFF4E
:10AA1800FFFFFFFFFFFFFFFFFFFFFFFFFFFFFFFF3E
:10AA2800FFFFFFFFFFFFFFFFFFFFFFFFFFFFFFFF2E
:10AA3800FFFFFFFFFFFFFFFFFFFFFFFFFFFFFFFF1E
:10AA4800FFFFFFFFFFFFFFFFFFFFFFFFFFFFFFFF0E
:10AA5800FFFFFFFFFFFFFFFFFFFFFFFFFFFFFFFFFE
:10AA6800FFFFFFFFFFFFFFFFFFFFFFFFFFFFFFFFEE
:10AA7800FFFFFFFFFFFFFFFFFFFFFFFFFFFFFFFFDE
:10AA8800FFFFFFFFFFFFFFFFFFFFFFFFFFFFFFFFCE
:10AA9800FFFFFFFFFFFFFFFFFFFFFFFFFFFFFFFFBE
:10AAA800FFFFFFFFFFFFFFFFFFFFFFFFFFFFFFFFAE
:10AAB800FFFFFFFFFFFFFFFFFFFFFFFFFFFFFFFF9E
:10AAC800FFFFFFFFFFFFFFFFFFFFFFFFFFFFFFFF8E
:10AAD800FFFFFFFFFFFFFFFFFFFFFFFFFFFFFFFF7E
:10AAE800FFFFFFFFFFFFFFFFFFFFFFFFFFFFFFFF6E
:10AAF800FFFFFFFFFFFFFFFFFFFFFFFFFFFFFFFF5E
:10AB0800FFFFFFFFFFFFFFFFFFFFFFFFFFFFFFFF4D
:10AB1800FFFFFFFFFFFFFFFFFFFFFFFFFFFFFFFF3D
:10AB2800FFFFFFFFFFFFFFFFFFFFFFFFFFFFFFFF2D
:10AB3800FFFFFFFFFFFFFFFFFFFFFFFFFFFFFFFF1D
:10AB4800FFFFFFFFFFFFFFFFFFFFFFFFFFFFFFFF0D
:10AB5800FFFFFFFFFFFFFFFFFFFFFFFFFFFFFFFFFD
:10AB6800FFFFFFFFFFFFFFFFFFFFFFFFFFFFFFFFED
:10AB7800FFFFFFFFFFFFFFFFFFFFFFFFFFFFFFFFDD
:10AB8800FFFFFFFFFFFFFFFFFFFFFFFFFFFFFFFFCD
:10AB9800FFFFFFFFFFFFFFFFFFFFFFFFFFFFFFFFBD
:10ABA800FFFFFFFFFFFFFFFFFFFFFFFFFFFFFFFFAD
:10ABB800FFFFFFFFFFFFFFFFFFFFFFFFFFFFFFFF9D
:10ABC800FFFFFFFFFFFFFFFFFFFFFFFFFFFFFFFF8D
:10ABD800FFFFFFFFFFFFFFFFFFFFFFFFFFFFFFFF7D
:10ABE800FFFFFFFFFFFFFFFFFFFFFFFFFFFFFFFF6D
:10ABF800FFFFFFFFFFFFFFFFFFFFFFFFFFFFFFFF5D
:10AC0800FFFFFFFFFFFFFFFFFFFFFFFFFFFFFFFF4C
:10AC1800FFFFFFFFFFFFFFFFFFFFFFFFFFFFFFFF3C
:10AC2800FFFFFFFFFFFFFFFFFFFFFFFFFFFFFFFF2C
:10AC3800FFFFFFFFFFFFFFFFFFFFFFFFFFFFFFFF1C
:10AC4800FFFFFFFFFFFFFFFFFFFFFFFFFFFFFFFF0C
:10AC5800FFFFFFFFFFFFFFFFFFFFFFFFFFFFFFFFFC
:10AC6800FFFFFFFFFFFFFFFFFFFFFFFFFFFFFFFFEC
:10AC7800FFFFFFFFFFFFFFFFFFFFFFFFFFFFFFFFDC
:10AC8800FFFFFFFFFFFFFFFFFFFFFFFFFFFFFFFFCC
:10AC9800FFFFFFFFFFFFFFFFFFFFFFFFFFFFFFFFBC
:10ACA800FFFFFFFFFFFFFFFFFFFFFFFFFFFFFFFFAC
:10ACB800FFFFFFFFFFFFFFFFFFFFFFFFFFFFFFFF9C
:10ACC800FFFFFFFFFFFFFFFFFFFFFFFFFFFFFFFF8C
:10ACD800FFFFFFFFFFFFFFFFFFFFFFFFFFFFFFFF7C
:10ACE800FFFFFFFFFFFFFFFFFFFFFFFFFFFFFFFF6C
:10ACF800FFFFFFFFFFFFFFFFFFFFFFFFFFFFFFFF5C
:10AD0800FFFFFFFFFFFFFFFFFFFFFFFFFFFFFFFF4B
:10AD1800FFFFFFFFFFFFFFFFFFFFFFFFFFFFFFFF3B
:10AD2800FFFFFFFFFFFFFFFFFFFFFFFFFFFFFFFF2B
:10AD3800FFFFFFFFFFFFFFFFFFFFFFFFFFFFFFFF1B
:10AD4800FFFFFFFFFFFFFFFFFFFFFFFFFFFFFFFF0B
:10AD5800FFFFFFFFFFFFFFFFFFFFFFFFFFFFFFFFFB
:10AD6800FFFFFFFFFFFFFFFFFFFFFFFFFFFFFFFFEB
:10AD7800FFFFFFFFFFFFFFFFFFFFFFFFFFFFFFFFDB
:10AD8800FFFFFFFFFFFFFFFFFFFFFFFFFFFFFFFFCB
:10AD9800FFFFFFFFFFFFFFFFFFFFFFFFFFFFFFFFBB
:10ADA800FFFFFFFFFFFFFFFFFFFFFFFFFFFFFFFFAB
:10ADB800FFFFFFFFFFFFFFFFFFFFFFFFFFFFFFFF9B
:10ADC800FFFFFFFFFFFFFFFFFFFFFFFFFFFFFFFF8B
:10ADD800FFFFFFFFFFFFFFFFFFFFFFFFFFFFFFFF7B
:10ADE800FFFFFFFFFFFFFFFFFFFFFFFFFFFFFFFF6B
:10ADF800FFFFFFFFFFFFFFFFFFFFFFFFFFFFFFFF5B
:10AE0800FFFFFFFFFFFFFFFFFFFFFFFFFFFFFFFF4A
:10AE1800FFFFFFFFFFFFFFFFFFFFFFFFFFFFFFFF3A
:10AE2800FFFFFFFFFFFFFFFFFFFFFFFFFFFFFFFF2A
:10AE3800FFFFFFFFFFFFFFFFFFFFFFFFFFFFFFFF1A
:10AE4800FFFFFFFFFFFFFFFFFFFFFFFFFFFFFFFF0A
:10AE5800FFFFFFFFFFFFFFFFFFFFFFFFFFFFFFFFFA
:10AE6800FFFFFFFFFFFFFFFFFFFFFFFFFFFFFFFFEA
:10AE7800FFFFFFFFFFFFFFFFFFFFFFFFFFFFFFFFDA
:10AE8800FFFFFFFFFFFFFFFFFFFFFFFFFFFFFFFFCA
:10AE9800FFFFFFFFFFFFFFFFFFFFFFFFFFFFFFFFBA
:10AEA800FFFFFFFFFFFFFFFFFFFFFFFFFFFFFFFFAA
:10AEB800FFFFFFFFFFFFFFFFFFFFFFFFFFFFFFFF9A
:10AEC800FFFFFFFFFFFFFFFFFFFFFFFFFFFFFFFF8A
:10AED800FFFFFFFFFFFFFFFFFFFFFFFFFFFFFFFF7A
:10AEE800FFFFFFFFFFFFFFFFFFFFFFFFFFFFFFFF6A
:10AEF800FFFFFFFFFFFFFFFFFFFFFFFFFFFFFFFF5A
:10AF0800FFFFFFFFFFFFFFFFFFFFFFFFFFFFFFFF49
:10AF1800FFFFFFFFFFFFFFFFFFFFFFFFFFFFFFFF39
:10AF2800FFFFFFFFFFFFFFFFFFFFFFFFFFFFFFFF29
:10AF3800FFFFFFFFFFFFFFFFFFFFFFFFFFFFFFFF19
:10AF4800FFFFFFFFFFFFFFFFFFFFFFFFFFFFFFFF09
:10AF5800FFFFFFFFFFFFFFFFFFFFFFFFFFFFFFFFF9
:10AF6800FFFFFFFFFFFFFFFFFFFFFFFFFFFFFFFFE9
:10AF7800FFFFFFFFFFFFFFFFFFFFFFFFFFFFFFFFD9
:10AF8800FFFFFFFFFFFFFFFFFFFFFFFFFFFFFFFFC9
:10AF9800FFFFFFFFFFFFFFFFFFFFFFFFFFFFFFFFB9
:10AFA800FFFFFFFFFFFFFFFFFFFFFFFFFFFFFFFFA9
:10AFB800FFFFFFFFFFFFFFFFFFFFFFFFFFFFFFFF99
:10AFC800FFFFFFFFFFFFFFFFFFFFFFFFFFFFFFFF89
:10AFD800FFFFFFFFFFFFFFFFFFFFFFFFFFFFFFFF79
:10AFE800FFFFFFFFFFFFFFFFFFFFFFFFFFFFFFFF69
:10AFF800FFFFFFFFFFFFFFFFFFFFFFFFFFFFFFFF59
:10B00800FFFFFFFFFFFFFFFFFFFFFFFFFFFFFFFF48
:10B01800FFFFFFFFFFFFFFFFFFFFFFFFFFFFFFFF38
:10B02800FFFFFFFFFFFFFFFFFFFFFFFFFFFFFFFF28
:10B03800FFFFFFFFFFFFFFFFFFFFFFFFFFFFFFFF18
:10B04800FFFFFFFFFFFFFFFFFFFFFFFFFFFFFFFF08
:10B05800FFFFFFFFFFFFFFFFFFFFFFFFFFFFFFFFF8
:10B06800FFFFFFFFFFFFFFFFFFFFFFFFFFFFFFFFE8
:10B07800FFFFFFFFFFFFFFFFFFFFFFFFFFFFFFFFD8
:10B08800FFFFFFFFFFFFFFFFFFFFFFFFFFFFFFFFC8
:10B09800FFFFFFFFFFFFFFFFFFFFFFFFFFFFFFFFB8
:10B0A800FFFFFFFFFFFFFFFFFFFFFFFFFFFFFFFFA8
:10B0B800FFFFFFFFFFFFFFFFFFFFFFFFFFFFFFFF98
:10B0C800FFFFFFFFFFFFFFFFFFFFFFFFFFFFFFFF88
:10B0D800FFFFFFFFFFFFFFFFFFFFFFFFFFFFFFFF78
:10B0E800FFFFFFFFFFFFFFFFFFFFFFFFFFFFFFFF68
:10B0F800FFFFFFFFFFFFFFFFFFFFFFFFFFFFFFFF58
:10B10800FFFFFFFFFFFFFFFFFFFFFFFFFFFFFFFF47
:10B11800FFFFFFFFFFFFFFFFFFFFFFFFFFFFFFFF37
:10B12800FFFFFFFFFFFFFFFFFFFFFFFFFFFFFFFF27
:10B13800FFFFFFFFFFFFFFFFFFFFFFFFFFFFFFFF17
:10B14800FFFFFFFFFFFFFFFFFFFFFFFFFFFFFFFF07
:10B15800FFFFFFFFFFFFFFFFFFFFFFFFFFFFFFFFF7
:10B16800FFFFFFFFFFFFFFFFFFFFFFFFFFFFFFFFE7
:10B17800FFFFFFFFFFFFFFFFFFFFFFFFFFFFFFFFD7
:10B18800FFFFFFFFFFFFFFFFFFFFFFFFFFFFFFFFC7
:10B19800FFFFFFFFFFFFFFFFFFFFFFFFFFFFFFFFB7
:10B1A800FFFFFFFFFFFFFFFFFFFFFFFFFFFFFFFFA7
:10B1B800FFFFFFFFFFFFFFFFFFFFFFFFFFFFFFFF97
:10B1C800FFFFFFFFFFFFFFFFFFFFFFFFFFFFFFFF87
:10B1D800FFFFFFFFFFFFFFFFFFFFFFFFFFFFFFFF77
:10B1E800FFFFFFFFFFFFFFFFFFFFFFFFFFFFFFFF67
:10B1F800FFFFFFFFFFFFFFFFFFFFFFFFFFFFFFFF57
:10B20800FFFFFFFFFFFFFFFFFFFFFFFFFFFFFFFF46
:10B21800FFFFFFFFFFFFFFFFFFFFFFFFFFFFFFFF36
:10B22800FFFFFFFFFFFFFFFFFFFFFFFFFFFFFFFF26
:10B23800FFFFFFFFFFFFFFFFFFFFFFFFFFFFFFFF16
:10B24800FFFFFFFFFFFFFFFFFFFFFFFFFFFFFFFF06
:10B25800FFFFFFFFFFFFFFFFFFFFFFFFFFFFFFFFF6
:10B26800FFFFFFFFFFFFFFFFFFFFFFFFFFFFFFFFE6
:10B27800FFFFFFFFFFFFFFFFFFFFFFFFFFFFFFFFD6
:10B28800FFFFFFFFFFFFFFFFFFFFFFFFFFFFFFFFC6
:10B29800FFFFFFFFFFFFFFFFFFFFFFFFFFFFFFFFB6
:10B2A800FFFFFFFFFFFFFFFFFFFFFFFFFFFFFFFFA6
:10B2B800FFFFFFFFFFFFFFFFFFFFFFFFFFFFFFFF96
:10B2C800FFFFFFFFFFFFFFFFFFFFFFFFFFFFFFFF86
:10B2D800FFFFFFFFFFFFFFFFFFFFFFFFFFFFFFFF76
:10B2E800FFFFFFFFFFFFFFFFFFFFFFFFFFFFFFFF66
:10B2F800FFFFFFFFFFFFFFFFFFFFFFFFFFFFFFFF56
:10B30800FFFFFFFFFFFFFFFFFFFFFFFFFFFFFFFF45
:10B31800FFFFFFFFFFFFFFFFFFFFFFFFFFFFFFFF35
:10B32800FFFFFFFFFFFFFFFFFFFFFFFFFFFFFFFF25
:10B33800FFFFFFFFFFFFFFFFFFFFFFFFFFFFFFFF15
:10B34800FFFFFFFFFFFFFFFFFFFFFFFFFFFFFFFF05
:10B35800FFFFFFFFFFFFFFFFFFFFFFFFFFFFFFFFF5
:10B36800FFFFFFFFFFFFFFFFFFFFFFFFFFFFFFFFE5
:10B37800FFFFFFFFFFFFFFFFFFFFFFFFFFFFFFFFD5
:10B38800FFFFFFFFFFFFFFFFFFFFFFFFFFFFFFFFC5
:10B39800FFFFFFFFFFFFFFFFFFFFFFFFFFFFFFFFB5
:10B3A800FFFFFFFFFFFFFFFFFFFFFFFFFFFFFFFFA5
:10B3B800FFFFFFFFFFFFFFFFFFFFFFFFFFFFFFFF95
:10B3C800FFFFFFFFFFFFFFFFFFFFFFFFFFFFFFFF85
:10B3D800FFFFFFFFFFFFFFFFFFFFFFFFFFFFFFFF75
:10B3E800FFFFFFFFFFFFFFFFFFFFFFFFFFFFFFFF65
:10B3F800FFFFFFFFFFFFFFFFFFFFFFFFFFFFFFFF55
:10B40800FFFFFFFFFFFFFFFFFFFFFFFFFFFFFFFF44
:10B41800FFFFFFFFFFFFFFFFFFFFFFFFFFFFFFFF34
:10B42800FFFFFFFFFFFFFFFFFFFFFFFFFFFFFFFF24
:10B43800FFFFFFFFFFFFFFFFFFFFFFFFFFFFFFFF14
:10B44800FFFFFFFFFFFFFFFFFFFFFFFFFFFFFFFF04
:10B45800FFFFFFFFFFFFFFFFFFFFFFFFFFFFFFFFF4
:10B46800FFFFFFFFFFFFFFFFFFFFFFFFFFFFFFFFE4
:10B47800FFFFFFFFFFFFFFFFFFFFFFFFFFFFFFFFD4
:10B48800FFFFFFFFFFFFFFFFFFFFFFFFFFFFFFFFC4
:10B49800FFFFFFFFFFFFFFFFFFFFFFFFFFFFFFFFB4
:10B4A800FFFFFFFFFFFFFFFFFFFFFFFFFFFFFFFFA4
:10B4B800FFFFFFFFFFFFFFFFFFFFFFFFFFFFFFFF94
:10B4C800FFFFFFFFFFFFFFFFFFFFFFFFFFFFFFFF84
:10B4D800FFFFFFFFFFFFFFFFFFFFFFFFFFFFFFFF74
:10B4E800FFFFFFFFFFFFFFFFFFFFFFFFFFFFFFFF64
:10B4F800FFFFFFFFFFFFFFFFFFFFFFFFFFFFFFFF54
:10B50800FFFFFFFFFFFFFFFFFFFFFFFFFFFFFFFF43
:10B51800FFFFFFFFFFFFFFFFFFFFFFFFFFFFFFFF33
:10B52800FFFFFFFFFFFFFFFFFFFFFFFFFFFFFFFF23
:10B53800FFFFFFFFFFFFFFFFFFFFFFFFFFFFFFFF13
:10B54800FFFFFFFFFFFFFFFFFFFFFFFFFFFFFFFF03
:10B55800FFFFFFFFFFFFFFFFFFFFFFFFFFFFFFFFF3
:10B56800FFFFFFFFFFFFFFFFFFFFFFFFFFFFFFFFE3
:10B57800FFFFFFFFFFFFFFFFFFFFFFFFFFFFFFFFD3
:10B58800FFFFFFFFFFFFFFFFFFFFFFFFFFFFFFFFC3
:10B59800FFFFFFFFFFFFFFFFFFFFFFFFFFFFFFFFB3
:10B5A800FFFFFFFFFFFFFFFFFFFFFFFFFFFFFFFFA3
:10B5B800FFFFFFFFFFFFFFFFFFFFFFFFFFFFFFFF93
:10B5C800FFFFFFFFFFFFFFFFFFFFFFFFFFFFFFFF83
:10B5D800FFFFFFFFFFFFFFFFFFFFFFFFFFFFFFFF73
:10B5E800FFFFFFFFFFFFFFFFFFFFFFFFFFFFFFFF63
:10B5F800FFFFFFFFFFFFFFFFFFFFFFFFFFFFFFFF53
:10B60800FFFFFFFFFFFFFFFFFFFFFFFFFFFFFFFF42
:10B61800FFFFFFFFFFFFFFFFFFFFFFFFFFFFFFFF32
:10B62800FFFFFFFFFFFFFFFFFFFFFFFFFFFFFFFF22
:10B63800FFFFFFFFFFFFFFFFFFFFFFFFFFFFFFFF12
:10B64800FFFFFFFFFFFFFFFFFFFFFFFFFFFFFFFF02
:10B65800FFFFFFFFFFFFFFFFFFFFFFFFFFFFFFFFF2
:10B66800FFFFFFFFFFFFFFFFFFFFFFFFFFFFFFFFE2
:10B67800FFFFFFFFFFFFFFFFFFFFFFFFFFFFFFFFD2
:10B68800FFFFFFFFFFFFFFFFFFFFFFFFFFFFFFFFC2
:10B69800FFFFFFFFFFFFFFFFFFFFFFFFFFFFFFFFB2
:10B6A800FFFFFFFFFFFFFFFFFFFFFFFFFFFFFFFFA2
:10B6B800FFFFFFFFFFFFFFFFFFFFFFFFFFFFFFFF92
:10B6C800FFFFFFFFFFFFFFFFFFFFFFFFFFFFFFFF82
:10B6D800FFFFFFFFFFFFFFFFFFFFFFFFFFFFFFFF72
:10B6E800FFFFFFFFFFFFFFFFFFFFFFFFFFFFFFFF62
:10B6F800FFFFFFFFFFFFFFFFFFFFFFFFFFFFFFFF52
:10B70800FFFFFFFFFFFFFFFFFFFFFFFFFFFFFFFF41
:10B71800FFFFFFFFFFFFFFFFFFFFFFFFFFFFFFFF31
:10B72800FFFFFFFFFFFFFFFFFFFFFFFFFFFFFFFF21
:10B73800FFFFFFFFFFFFFFFFFFFFFFFFFFFFFFFF11
:10B74800FFFFFFFFFFFFFFFFFFFFFFFFFFFFFFFF01
:10B75800FFFFFFFFFFFFFFFFFFFFFFFFFFFFFFFFF1
:10B76800FFFFFFFFFFFFFFFFFFFFFFFFFFFFFFFFE1
:10B77800FFFFFFFFFFFFFFFFFFFFFFFFFFFFFFFFD1
:10B78800FFFFFFFFFFFFFFFFFFFFFFFFFFFFFFFFC1
:10B79800FFFFFFFFFFFFFFFFFFFFFFFFFFFFFFFFB1
:10B7A800FFFFFFFFFFFFFFFFFFFFFFFFFFFFFFFFA1
:10B7B800FFFFFFFFFFFFFFFFFFFFFFFFFFFFFFFF91
:10B7C800FFFFFFFFFFFFFFFFFFFFFFFFFFFFFFFF81
:10B7D800FFFFFFFFFFFFFFFFFFFFFFFFFFFFFFFF71
:10B7E800FFFFFFFFFFFFFFFFFFFFFFFFFFFFFFFF61
:10B7F800FFFFFFFFFFFFFFFFFFFFFFFFFFFFFFFF51
:10B80800FFFFFFFFFFFFFFFFFFFFFFFFFFFFFFFF40
:10B81800FFFFFFFFFFFFFFFFFFFFFFFFFFFFFFFF30
:10B82800FFFFFFFFFFFFFFFFFFFFFFFFFFFFFFFF20
:10B83800FFFFFFFFFFFFFFFF4B4B50505050505092
:10B8480050505050505050505050505050505050F0
:10B8580050505050505050505050505050505050E0
:10B8680050505050505050505050505050505050D0
:10B8780050505050505050505050505050505050C0
:10B88800505050504B4BFFFFFFFFFFFFFFFFFFFFE4
:10B89800E3E350505050505050505050505050507A
:10B8A8005050505050505050505050505050505090
:10B8B8005050505050505050505050505050505080
:10B8C8005050505050505050505050505050505070
:10B8D8005050505050505050505050505050505060
:10B8E8005050505050505050505050505050505050
:10B8F8005050505050505050505050505050505040
:10B90800505050505050505050505050505050502F
:10B91800505050505050505050505050505050501F
:10B92800505050505050505050505050505050500F
:10B9380050505050505050505050505050505050FF
:10B9480050505050505050505050505050505050EF
:10B9580050505050505050505050505050505050DF
:10B9680050505050505050505050505050505050CF
:10B9780050505050505050505050505050505050BF
:10B988005050505050505050505050509494FFFFC9
:10B99800FFFFFFFFFFFFFFFFFFFFFFFFFFFFFFFFAF
:10B9A800FFFFFFFFFFFFFFFFFFFFFFFF4B4D505261
:10B9B800505250525052505250525052505250526F
:10B9C800505250525052505250525052505250525F
:10B9D800505250525052505250525052505250524F
:10B9E800505250525052505250525052505250523F
:10B9F80050525052505250524B4DFFFFFFFFFFFF25
:10BA0800FFFFFFFFE3E35052505250525052505242
:10BA1800505250525052505250525052505250520E
:10BA280050525052505250525052505250525052FE
:10BA380050525052505250525052505250525052EE
:10BA480050525052505250525052505250525052DE
:10BA580050525052505250525052505250525052CE
:10BA680050525052505250525052505250525052BE
:10BA780050525052505250525052505250525052AE
:10BA8800505250525052505250525052505250529E
:10BA9800505250525052505250525052505250528E
:10BAA800505250525052505250525052505250527E
:10BAB800505250525052505250525052505250526E
:10BAC800505250525052505250525052505250525E
:10BAD800505250525052505250525052505250524E
:10BAE800505250525052505250525052505250523E
:10BAF800505250525052505250525052505250532D
:10BB08009495FFFFFFFFFFFFFFFFFFFFFFFFFFFF12
:10BB1800FFFFFFFFFFFFFFFFFFFFFFFFFFFFFFFF2D
:10BB280050505756565756575657565756575657B2
:10BB38005657565756575657565756575657565795
:10BB48005657565756575657565756575657565785
:10BB58005657565756575657565756575657565775
:10BB68005657565756575657565756575657474784
:10BB7800FFFFFFFFFFFFFFFFE6E6555656565656F6
:10BB8800565656565656565656565656565656564D
:10BB9800565656565656565656565656565656563D
:10BBA800565656565656565656565656565656562D
:10BBB800565656565656565656565656565656561D
:10BBC800565656565656565656565656565656560D
:10BBD80056565656565656565656565656565656FD
:10BBE80056565656565656565656565656565656ED
:10BBF80056565656565656565656565656565656DD
:10BC080056565656565656565656565656565656CC
:10BC180056565656565656565656565656565656BC
:10BC280056565656565656565656565656565656AC
:10BC3800565656565656565656565656565656569C
:10BC4800565656565656565656565656565656568C
:10BC5800565656565656565656565656565656567C
:10BC6800565656565656565656565656565656566C
:10BC78005656575757579393FFFFFFFFFFFFFFFF96
:10BC8800FFFFFFFFFFFFFFFFFFFFFFFFFFFFFFFFBC
:10BC9800FFFFFFFF50525658575957595759575990
:10BCA800575957595759575957595759575957590C
:10BCB80057595759575957595759575957595759FC
:10BCC80057595759575957595759575957595759EC
:10BCD80057595759575957595759575957595759DC
:10BCE80057594749FFFFFFFFFFFFFFFFE6E556589B
:10BCF80056585658565856585658565856585658CC
:10BD080056585658565856585658565856585658BB
:10BD180056585658565856585658565856585658AB
:10BD2800565856585658565856585658565856589B
:10BD3800565856585658565856585658565856588B
:10BD4800565856585658565856585658565856587B
:10BD5800565856585658565856585658565856586B
:10BD6800565856585658565856585658565856585B
:10BD7800565856585658565856585658565856584B
:10BD8800565856585658565856585658565856583B
:10BD9800565856585658565856585658565856582B
:10BDA800565856585658565856585658565856581B
:10BDB800565856585658565856585658565856580B
:10BDC80056585658565856585658565856585658FB
:10BDD80056585658565856585658565856585658EB
:10BDE800565856585658575957599394FFFFFFFFBE
:10BDF800FFFFFFFFFFFFFFFFFFFFFFFFFFFFFFFF4B
:10BE0800FFFFFFFFFFFFFFFF51515B5B5F5F5D5C63
:10BE18005C5B5B5C5C5C5C5B5B5B5C5B5B5B5B5A65
:10BE28005B5A5B5A5A5A59595A5A59595B5A5A5A6B
:10BE38005A5B5B5B5B5B5B5B5B5B5B5B5B5B5C5B4A
:10BE48005C5C5D5C5C5D5C5C5D5D5D5D5C5D5D5D21
:10BE58005D5D5D5D5E5D5F5EA6A6FFFFFFFFFFFFA8
:10BE6800E6E65757565768646763676467646765AB
:10BE78006764676567656864686568656766686656
:10BE88006866686668666866696669666966696636
:10BE980069676967696769676A676A676A66696718
:10BEA8006A6769676A686A676A686A686A686A68FE
:10BEB8006A686A686A686A686A686A686A686A68EA
:10BEC8006A686A686A686A686A686A686A686A68DA
:10BED8006A686A686A6869676A686A686A686A67CD
:10BEE80069686967696769666967696769676967CA
:10BEF80069666966686668666866696668666866C7
:10BF080067656765686568656865686568656864C4
:10BF180067656765676567646765676567646764BC
:10BF280067656764676467646764676467646764B0
:10BF3800676467646764676567646764676568649E
:10BF48006765686568656864686567656865686683
:10BF58006866696669666864666568665152E7E797
:10BF6800FFFFFFFFFFFFFFFFFFFFFFFFFFFFFFFFD9
:10BF7800FFFFFFFFFFFFFFFFFFFFFFFF51535B5D69
:10BF88005F605C5E5B5E5C5E5C5D5B5D5B5D5B5DDC
:10BF98005B5D5A5D5A5C5A5C5A5C595C5A5C595BE9
:10BFA8005A5C5A5C5B5D5B5D5B5D5B5D5B5E5B5FCA
:10BFB8005B5E5B5E5C5E5C5D5D5E5C5E5D5F5D5EA8
:10BFC8005D5F5D5F5D5E5D5F5D5F5E60A6A8FFFFB4
:10BFD800FFFFFFFFE6E55759575A646263626463DF
:10BFE800646365626463656365636462656365630E
:10BFF80066636664666466636663666466636664ED
:10C0080066646664676367636764676467646764D4
:10C0180066656765676567646865676568666865B6
:10C02800686568666865686568666866686668669B
:10C038006866686668666866686668666866686688
:10C04800686668666866686668656766686668657B
:10C058006865676568656765676566646765676578
:10C068006765676566646664666466646664666474
:10C078006664666365636563656365626563656376
:10C08800656264636563656365626462656265636E
:10C098006463646365626462646264626462646265
:10C0A8006462646364626462646265626462646256
:10C0B800656364636563656365626463656365633B
:10C0C800656366636663666466636460656066602C
:10C0D8005257E7E6FFFFFFFFFFFFFFFFFFFFFFFFEE
:10C0E800FFFFFFFFFFFFFFFFFFFFFFFFFFFFFFFF58
:10C0F80051515B5BDCD8CFCDCBCBC8C5C4C2C2C065
:10C10800BDBCB9B7B4B4B1B0ADADA8A7A4A39F9E48
:10C118009B9A9695929299999FA0A3A4A8AAADAF2D
:10C12800B0B2B3B6B5B6B7BABABDBFC0C1C2C4C45F
:10C13800C6C6CBCBCCCDCFCFD3D1D5D2D6D5D6D4FE
:10C14800A6A6FFFFFFFFFFFFE6E657575254C1813F
:10C15800BC81C186C489C58BC98DCB92CE95D0963A
:10C16800D399D59CD89DDBA0DFA4E0A6E3A9E6ACD3
:10C17800E8AEEAB1EDB2EEB5F0B6F2B8F4BAF4BB97
:10C18800F6BEF6BEF7C0F7C1F8C4F8C5F9C6F9C8D7
:10C19800FAC9FACAFACAFACAFACBFBCCFBCCFBCC6E
:10C1A800FBCDFBCDFBCDFBCDFBCDFBCDFBCDFBCD47
:10C1B800FBCDFBCDFBCDFBCDFACCFACBF9CAF8C948
:10C1C800F8C9F7C7F6C6F5C5F4C3F2C1F1BFEFBDAC
:10C1D800EDBBECB9EAB7E9B7E6B3E4B1E1ACE0AA84
:10C1E800DEA7DDA7DBA5DAA3D89FD79ED59CD49A76
:10C1F800D398D196D195CF93CE94CD90CD8FCB8F28
:10C20800CA8CC98DC88AC889C687C586C585C486AB
:10C21800C485C383C383C383C484C484C585C686D5
:10C22800C789C88AC98ACB8ECD90CE91D293D3962E
:10C23800D59BD79CDB9FDEA3E1A8E6ACE9B0EDB5C2
:10C24800F2BBA08C9595FFFFFFFFFFFFFFFFFFFFED
:10C25800FFFFFFFFFFFFFFFFFFFFFFFFFFFFFFFFE6
:10C26800FFFFFFFF51535B5DD8D6CDCACBC9C5C50B
:10C27800C2C1C0BEBCBAB7B6B4B4B0B0ADADA7A663
:10C28800A3A29E9F9A9B95969293999DA0A4A4AAD7
:10C29800AAB2AFB7B2BCB6C1B6C2BAC5BDC7C0C9EB
:10C2A800C2CAC4CCC6CDCBD1CDD1CFD4D1D5D2D5AD
:10C2B800D5D7D4D6A6A8FFFFFFFFFFFFE6E557595D
:10C2C800545B8127812D862F89308B318D339234B1
:10C2D8009533963699379C399D3AA03BA43AA63DAA
:10C2E800A93EAC40AE42B143B245B545B646B847A3
:10C2F800BA48BB49BE4DBE52C056C159C45CC560A0
:10C30800C660C862C966CA68CA69CA6ACB6ACC6CA0
:10C31800CC6DCC6ECD6DCD6FCD6FCD6FCD6ECD703C
:10C32800CD70CD70CD70CD70CD6FCD6FCC6ECB6D27
:10C33800CA6CC96BC96AC767C667C565C364C1618A
:10C34800BF5EBD5DBB5BB958B756B753B351B14D6E
:10C35800AC4AAA46A743A740A53FA33E9F3C9E3CA4
:10C368009C3A9A3998389637953693359434903361
:10C378008F328F318C318D308A2F892E872D862DE3
:10C38800852C862C852B832B832B832A842A842B2C
:10C39800852C862C892C8A2D8A2E8E2C902F9130D4
:10C3A800933196329B349C359F36A339A83AAC3BDF
:10C3B800B03EB541BB448C619596FFFFFFFFFFFF80
:10C3C800FFFFFFFFFFFFFFFFFFFFFFFFFFFFFFFF75
:10C3D800FFFFFFFFFFFFFFFF50505B5BDFDDD3D0A8
:10C3E800D0CDCBC9C8C7C6C3C1C0BDBBB9B9B5B428
:10C3F800B2B1ACABA9A7A4A29F9E9A9A9695939323
:10C40800999B9FA0A6A6A8AAADAFB1B3B4B6B4B77E
:10C41800B8BABCBDBEC0C1C3C5C5C8C8CACACECDDE
:10C42800D1CFD4D2D4D3D3D2A6A6FFFFFFFFFFFF2C
:10C43800E6E657575254C181BD81C186C489C68C6E
:10C44800CA8DCC92CF95D096D399D59DD99DDCA095
:10C45800DFA5E1A6E4AAE7ADE9AEEBB2EEB2EEB62F
:10C46800F0B6F2B8F5BBF4BCF7BEF6BEF8C0F7C13B
:10C47800F9C5F8C6FAC6FAC9FBCAFBCBFBCBFBCA9F
:10C48800FBCCFCCDFCCDFCCDFCCEFCCEFCCEFCCE5A
:10C49800FCCEFCCEFCCEFCCEFCCEFCCEFCCEFCCE44
:10C4A800FBCDFBCBFACAF8C9F9CAF8C7F7C7F6C675
:10C4B800F5C4F3C2F2BFEFBDEDBBEDBAEBB8EAB716
:10C4C800E7B2E5AFE3AEE1AADFA7DEA7DCA5DBA311
:10C4D800D89FD89FD59CD49AD398D197D296CF93EA
:10C4E800CE94CD90CE90CC8FCB8DC98DC88BC98A78
:10C4F800C687C586C685C586C585C484C484C383E6
:10C50800C585C585C686C786C889C98AC98BCC8EA4
:10C51800CE90CE92D393D396D59BD79DDC9FDFA3A5
:10C52800E1A9E7ADE9B0EDB5E2B35252FFFFFFFF75
:10C53800FFFFFFFFFFFFFFFFFFFFFFFFFFFFFFFF03
:10C54800FFFFFFFFFFFFFFFFFFFFFFFF50535B5D94
:10C55800DDD9D0CDCDCAC9C7C7C3C3C2C0BEBBBA57
:10C56800B9B7B4B3B1B1ABABA7A7A2A39E9E9A9932
:10C57800959693949B9EA0A5A6ACAAB2AFB8B3BD5E
:10C58800B6C1B7C3BAC5BDC8C0CAC3CDC5CDC8CE6C
:10C59800CAD0CDD2CFD5D2D6D3D7D2D4A6A8FFFF72
:10C5A800FFFFFFFFE6E55759545B8127812D862F52
:10C5B80089308C318D3392349533963599369D393F
:10C5C8009D3AA03BA53AA63CAA3DAD40AE42B24337
:10C5D800B245B645B645B846BB47BC48BE4CBE5248
:10C5E800C056C158C55BC660C660C962CA66CB681A
:10C5F800CB69CA6ACC6ACD6BCD6DCD6ECE6DCE6F70
:10C60800CE6FCE6FCE6ECE70CE70CE70CE70CE7036
:10C61800CE6FCE6FCD6ECB6CCA6BC96BCA6AC7675B
:10C62800C767C665C464C261BF5EBD5DBB5BBA58FF
:10C63800B856B753B250AF4BAE4AAA45A743A74026
:10C64800A53FA33E9F3B9F3C9C3A9A389838973722
:10C65800963593349434903390318F308D318D30BA
:10C668008B2F8A2D872C862D852B862C852B842B2A
:10C67800842B83298529852B862C862C892B8A2D2A
:10C688008B2E8E2C902F9230933196329B349D3581
:10C698009F36A339A93AAD3BB03EB541B350525489
:10C6A800FFFFFFFFFFFFFFFFFFFFFFFFFFFFFFFF92
:10C6B800FFFFFFFFFFFFFFFFFFFFFFFFFFFFFFFF82
:10C6C80053535B5BE3E2D7D4D4D0D0CDCBC9C8C633
:10C6D800C4C3C1C0BDBBB9B7B5B4B1B0ADADA8A7EF
:10C6E800A4A29F9E9A9A969593939A9A9FA0A5A67C
:10C6F800A8AAADAFB1B3B4B6B5B7B8B9BCBCBFC0E2
:10C70800C1C3C5C5C7C7CBCBCECDD1D0D4D1D1D06D
:10C71800A6A6FFFFFFFFFFFFE6E657575254C18169
:10C72800BD81C186C489C68CCA8DCC92CF95D0965E
:10C73800D399D59DD99DDCA0DFA5E1A6E4AAE7ADF4
:10C74800E9AEEBB2EEB2EEB6F0B6F2B8F5BBF4BCB9
:10C75800F7BEF6BEF8C0F7C1F9C5F8C6FAC6FAC9F9
:10C76800FBCAFBCBFBCBFBCAFBCCFCCDFCCDFCCD89
:10C77800FCCEFCCEFCCEFCCEFCCEFCCEFCCEFCCE61
:10C78800FCCEFCCEFCCEFCCEFBCDFBCBFACAF8C966
:10C79800F9CAF8C7F7C7F6C6F5C4F3C2F2BFEFBDCA
:10C7A800EDBBEDBAEBB8EAB6E7B2E5AFE3AEE1AAA6
:10C7B800DFA7DEA7DCA5DBA3D89FD89FD59CD49A9A
:10C7C800D398D197D296CF93CE94CD90CE90CC8F4C
:10C7D800CB8DC98DC88BC98AC687C586C685C586CF
:10C7E800C585C484C484C383C585C585C686C786F4
:10C7F800C889C98AC98BCC8ECE90CE92D393D39652
:10C80800D59BD79DDC9FDFA3E1A9E7ADE9B0FFC1C8
:10C818003738FFFFFFFFFFFFFFFFFFFFFFFFFFFFAF
:10C82800FFFFFFFFFFFFFFFFFFFFFFFFFFFFFFFF10
:10C83800FFFFFFFF53555B5DE2DCD4D1D0CDCDCAFD
:10C84800C9C7C6C4C3C0C0BEBBBBB7B7B4B4B0B019
:10C85800ADADA7A7A2A39E9E9A9A959693949A9EE9
:10C86800A0A4A6ACAAB1AFB8B3BDB6C1B7C3B9C688
:10C87800BCC8C0CAC3CCC5CDC7CECBD1CDD2D0D40D
:10C88800D1D5D0D3A6A8FFFFFFFFFFFFE6E5575994
:10C89800545B8127812D862F89308C318D339234DA
:10C8A8009533963599369D399D3AA03BA53AA63CD5
:10C8B800AA3DAD40AE42B243B245B645B645B846CC
:10C8C800BB47BC48BE4CBE52C056C158C55BC660CB
:10C8D800C660C962CA66CB68CB69CA6ACC6ACD6BC6
:10C8E800CD6DCD6ECE6DCE6FCE6FCE6FCE6ECE705F
:10C8F800CE70CE70CE70CE70CE6FCE6FCD6ECB6C4C
:10C90800CA6BC96BCA6AC767C767C665C464C261B0
:10C91800BF5EBD5DBB5BBA58B855B653B250AF4B9E
:10C92800AE4AAA45A743A740A53FA33E9F3B9F3CCD
:10C938009C3A9A389838973796359334943490338C
:10C9480090318F308D318D308B2F8A2D872C862D0D
:10C95800852B862C852B842B842B83298529852B55
:10C96800862C862C892B8A2D8B2E8E2C902F9230FC
:10C97800933196329B349D359F36A339A93AAD3B06
:10C98800B03EC13D383EFFFFFFFFFFFFFFFFFFFF47
:10C99800FFFFFFFFFFFFFFFFFFFFFFFFFFFFFFFF9F
:10C9A800FFFFFFFFFFFFFFFF53535B5BE7E3DAD7B0
:10C9B800D6D4D3D0CFCDCBC9C9C6C5C3C1BFBDBBE3
:10C9C800B9B8B5B3B1B0ACABA7A6A3A29E9D9A9ACD
:10C9D800969493939A9AA1A2A5A7A9AAADB0B1B328
:10C9E800B3B6B4B8B9BABCBDBFC0C1C3C5C5C8C861
:10C9F800CBCBCECED1D0CFCEA6A6FFFFFFFFFFFF79
:10CA0800E6E657575254C181BD81C186C489C68C98
:10CA1800CA8DCC92CF95D096D399D59DD99DDCA0BF
:10CA2800DFA5E1A6E4AAE7ADE9AEEBB2EEB2EEB659
:10CA3800F0B6F2B8F5BBF4BCF7BEF6BEF8C0F7C165
:10CA4800F9C5F8C6FAC6FAC9FBCAFBCBFBCBFBCAC9
:10CA5800FBCCFCCDFCCDFCCDFCCEFCCEFCCEFCCE84
:10CA6800FCCEFCCEFCCEFCCEFCCEFCCEFCCEFCCE6E
:10CA7800FBCDFBCBFACAF8C9F9CAF8C7F7C7F6C69F
:10CA8800F5C4F3C2F2BFF0BDEDBCEBB8EBB8EAB643
:10CA9800E7B2E5AFE3AEE1AADFA7DEA7DCA5DBA33B
:10CAA800D89FD89FD59CD49AD398D197D296CF9314
:10CAB800CE94CD90CE90CC8FCB8DC98DC88BC98AA2
:10CAC800C687C586C685C586C585C484C484C38310
:10CAD800C585C585C686C786C889C98AC98BCC8ECF
:10CAE800CE90CE92D393D396D59BD79DDC9FDFA3D0
:10CAF800E1A9E7ADFEBD3339FFFFFFFFFFFFFFFFF1
:10CB0800FFFFFFFFFFFFFFFFFFFFFFFFFFFFFFFF2D
:10CB1800FFFFFFFFFFFFFFFFFFFFFFFF53555B5DB9
:10CB2800E3DED7D3D4D0D0CDCDCAC9C7C6C3C3C11D
:10CB3800BFBDBBBAB8B7B3B4B0B0ABABA6A6A2A2E0
:10CB48009D9E9A9A949593959A9FA2A6A7ADAAB2EC
:10CB5800B0B9B3BEB6C1B8C3BAC6BDC8C0CAC3CBE4
:10CB6800C5CDC8CECBD1CED3D0D4CED2A6A8FFFFC8
:10CB7800FFFFFFFFE6E55759545B8127812D862F7C
:10CB880089308C318D3392349533963599369D3969
:10CB98009D3AA03BA53AA63CAA3DAD40AE42B24361
:10CBA800B245B645B645B846BB47BC48BE4CBE5272
:10CBB800C056C158C55BC660C660C962CA66CB6844
:10CBC800CB69CA6ACC6ACD6BCD6DCD6ECE6DCE6F9A
:10CBD800CE6FCE6FCE6ECE70CE70CE70CE70CE7061
:10CBE800CE6FCE6FCD6ECB6CCA6BC96BCA6AC76786
:10CBF800C767C665C464C261BF5EBD5DBC5AB8582C
:10CC0800B856B653B250AF4BAE4AAA45A743A74051
:10CC1800A53FA33E9F3B9F3C9C3A9A38983897374C
:10CC2800963593349434903390318F308D318D30E4
:10CC38008B2F8A2D872C862D852B862C852B842B54
:10CC4800842B83298529852B862C862C892B8A2D54
:10CC58008B2E8E2C902F9230933196329B349D35AB
:10CC68009F36A339A93AAD3BBD363947FFFFFFFFD1
:10CC7800FFFFFFFFFFFFFFFFFFFFFFFFFFFFFFFFBC
:10CC8800FFFFFFFFFFFFFFFFFFFFFFFFFFFFFFFFAC
:10CC980053535B5BE9E7DDDAD9D7D6D4D3CFCFCC12
:10CCA800CAC8C8C6C5C4C0BFBDBBB8B7B5B5B0AEA5
:10CCB800ABAAA7A6A3A29F9E9999959494949B9C8E
:10CCC800A1A1A5A7A9ABADB0B2B4B3B6B5B7B9BA6F
:10CCD800BCBDBFC1C2C3C5C6C9C9CCCCCFCDCDCCE4
:10CCE800A6A6FFFFFFFFFFFFE6E657575254C18194
:10CCF800BD81C186C489C68CCA8DCC92CF95D09689
:10CD0800D399D59DD99DDCA0DFA5E1A6E4AAE7AD1E
:10CD1800E9AEEBB2EEB2EEB6F0B6F2B8F5BBF4BCE3
:10CD2800F7BEF6BEF8C0F7C1F9C5F8C6FAC6FAC923
:10CD3800FBCAFBCBFBCBFBCAFBCCFCCDFCCDFCCDB3
:10CD4800FCCEFCCEFCCEFCCEFCCEFCCEFCCEFCCE8B
:10CD5800FCCEFCCEFCCEFCCEFBCDFBCBFACAF8C990
:10CD6800F9CAF8C7F7C7F6C6F5C4F3C2F0C0F0BEF3
:10CD7800EDBCEBB8EBB8EAB6E7B2E5AFE3AEE1AAD3
:10CD8800DFA7DEA7DCA5DBA3D89FD89FD59CD49AC4
:10CD9800D398D197D296CF93CE94CD90CE90CC8F76
:10CDA800CB8DC98DC88BC98AC687C586C685C586F9
:10CDB800C585C484C484C383C585C585C686C7861E
:10CDC800C889C98AC98BCC8ECE90CE92D393D3967C
:10CDD800D59BD79DDC9FDFA3E1A9EEB03D45FFFFC2
:10CDE800FFFFFFFFFFFFFFFFFFFFFFFFFFFFFFFF4B
:10CDF800FFFFFFFFFFFFFFFFFFFFFFFFFFFFFFFF3B
:10CE0800FFFFFFFF53555B5DE7E2DAD6D7D4D4D0F6
:10CE1800CFCCCCC9C8C6C6C4C4C0BFBEBBBAB7B6DF
:10CE2800B5B3AEAEAAAAA6A6A2A29E9E999A9495BA
:10CE380094969C9FA1A6A7ADABB2B0B9B4BEB6C23A
:10CE4800B7C4BAC6BDC8C1CBC3CDC6CEC9CECCD275
:10CE5800CDD2CCD1A6A9FFFFFFFFFFFFE6E55759CA
:10CE6800545B8127812D862F89308C318D33923404
:10CE78009533963599369D399D3AA03BA53AA63CFF
:10CE8800AA3DAD40AE42B243B245B645B645B846F6
:10CE9800BB47BC48BE4CBE52C056C158C55BC660F5
:10CEA800C660C962CA66CB68CB69CA6ACC6ACD6BF0
:10CEB800CD6DCD6ECE6DCE6FCE6FCE6FCE6ECE7089
:10CEC800CE70CE70CE70CE70CE6FCE6FCD6ECB6C76
:10CED800CA6BC96BCA6AC767C767C665C464C261DB
:10CEE800C05FBE5DBC5BB858B856B653B250AF4BC6
:10CEF800AE4AAA45A743A740A53FA33E9F3B9F3CF8
:10CF08009C3A9A38983897379635933494349033B6
:10CF180090318F308D318D308B2F8A2D872C862D37
:10CF2800852B862C852B842B842B83298529852B7F
:10CF3800862C862C892B8A2D8B2E8E2C902F923026
:10CF4800933196329B349D359F36A339A93AB03731
:10CF58004558FFFFFFFFFFFFFFFFFFFFFFFFFFFF3A
:10CF6800FFFFFFFFFFFFFFFFFFFFFFFFFFFFFFFFC9
:10CF7800FFFFFFFFFFFFFFFF52525A5AECE8DFDEC8
:10CF8800DDDAD9D7D6D3D3D0CFCCCBC9C7C5C5C3A3
:10CF9800C1C0BCBBB9B8B4B3AFAEACABA7A6A3A174
:10CFA8009E9D9A99949395959B9BA1A3A6A6A9ABA0
:10CFB800AEB0B2B4B4B7B5B8B9BABCBDC0C1C2C3DB
:10CFC800C6C6C9C9CCCCCACAA6A6FFFFFFFFFFFFC9
:10CFD800E4E457575053C181BC81C186C489C58BCD
:10CFE800CA8DCB92CE95D096D399D59CD89DDCA0EE
:10CFF800DFA4E0A6E3A9E6ADE8AEEAB2EDB2EEB58D
:10D00800F0B6F2B8F4BAF4BBF6BEF6BEF7C0F7C194
:10D01800F8C5F8C5F9C6F9C8FAC9FACAFACAFACAFF
:10D02800FACBFBCCFBCCFBCCFBCDFBCDFBCDFBCDBE
:10D03800FBCDFBCDFBCDFBCDFBCDFBCDFBCDFBCDA8
:10D04800FACCFACBF9CAF8C9F8C9F7C7F6C6F5C6D3
:10D05800F3C2F2C2F1BFEFBDEDBBEBB8EAB7E9B579
:10D06800E6B2E4AFE2ADE0AADEA7DEA7DBA5DAA36D
:10D07800D89FD79ED59CD49AD398D196D195CF9343
:10D08800CE94CD90CD8FCB8FCA8CC98DC88AC889D4
:10D09800C687C586C585C486C485C384C384C3833F
:10D0A800C484C484C585C786C889C98AC98BCC8EFF
:10D0B800CE90CE92D393D396D59BD79DDC9FDFA3FA
:10D0C800E3A9575AEEEEFFFFFFFFFFFFFFFFFFFF49
:10D0D800FFFFFFFFFFFFFFFFFFFFFFFFFFFFFFFF58
:10D0E800FFFFFFFFFFFFFFFFFFFFFFFF52545A5CE8
:10D0F800E8E4DED8DAD6D7D3D3D0D0CDCCC9C9C7E7
:10D10800C5C3C3C0C0BDBBB9B8B6B3B2AEAEABAB96
:10D11800A6A6A1A29D9E9999939495969BA0A3A734
:10D12800A6ACABB4B0B8B4BEB7C2B8C4BAC6BDC872
:10D13800C1CAC3CCC6CEC9CFCCD2CACFA6A9FFFF1D
:10D14800FFFFFFFFE4E45759535A8127812D862FAB
:10D1580089308B318D3392349533963699379C3993
:10D168009D3AA03BA43AA63DA93EAD40AE42B2438B
:10D17800B245B545B646B847BA48BB48BE4DBE529B
:10D18800C056C159C55CC560C660C862C966CA6870
:10D19800CA69CA6ACB6ACC6BCC6DCC6ECD6DCD6FCB
:10D1A800CD6FCD6FCD6ECD70CD70CD70CD70CD7093
:10D1B800CD6FCD6FCC6ECB6CCA6BC96BC96AC767B4
:10D1C800C667C665C262C261BF5FBD5DBB5BB8585A
:10D1D800B756B553B250AF4BAD4AAA46A743A7407E
:10D1E800A53FA33E9F3C9E3C9C3A9A399838963777
:10D1F80095369335943490338F328F318C318D300E
:10D208008A2F892E872D862D852C862C852B842B7D
:10D21800842B832A842A842B852C862C892B8A2D7F
:10D228008B2E8E2C902F9230933196329B349D35D5
:10D238009F36A339A9385A61EEEFFFFFFFFFFFFFC2
:10D24800FFFFFFFFFFFFFFFFFFFFFFFFFFFFFFFFE6
:10D25800FFFFFFFFFFFFFFFFFFFFFFFFFFFFFFFFD6
:10D26800F7F75F5F9A9A9594949393919190908F22
:10D278008E8D8C8B8B89898887878686A5A4B8B77D
:10D28800B4B3AFAEABAAA7A5A3A29E9D9C9B717198
:10D298007373767679797A7A7B7C7D7F7F808081DB
:10D2A8008182838384858686878788888989898916
:10D2B800A6A6FFFFFFFFFFFFFFFFA6A654557C6948
:10D2C8007A687A6A7C6A7C6B7C6C7D6D7E6E7F6F17
:10D2D800806F817182728372847384738675867697
:10D2E8008776877788788879897989798A7A8A7A2E
:10D2F8008B7B8B7B8B7C8B7D8C7E8C7E8C7E8C7EE3
:10D308008B7F8B7F8B7F8B7F8B7F8D7F8D7F8D7FBF
:10D318008D7F8D7F8D7F8D7F8D7F8D7F8D7F8D7FA5
:10D328008D7F8D7F8D7F8D7F8B7F8B7F8B7F8C7F9C
:10D338008C7F8C7E8B7E8A7E8A7D897C897C8A7BA9
:10D34800897B887A877987798678867785768576DE
:10D358008475847483738272827181728170817022
:10D36800806F806F7F6F7F6F7E6F7E6E7E6D7D6D4D
:10D378007D6C7D6C7E6B7E6B7D6B7D6A7D6A7C6966
:10D388007C697C697C697C697C697C697D6AD28DF1
:10D39800C889C98AC98BCC8ECE90CE92D393D396A6
:10D3A800D59BD79DDC9FDEA38F7DA0A0FFFFFFFF4D
:10D3B800FFFFFFFFFFFFFFFFFFFFFFFFFFFFFFFF75
:10D3C800FFFFFFFFFFFFFFFFFFFFFFFFFFFFFFFF65
:10D3D800FFFFFFFFF7F75F619A99949393929191FA
:10D3E80090908F8E8D8C8B8B89898889878886868B
:10D3F800A4A5B7B6B3B2AEAEAAAAA5A5A2A29D9E91
:10D408009B9C717273757679797B7A7F7C817F8535
:10D418008086818882898389858A868B878C888D96
:10D42800898D898DA6A9FFFFFFFFFFFFFFFFA6A734
:10D438005558694E68506A516A536B526C536D5512
:10D448006E556F556F55715672567257735873589B
:10D4580075597659765A775B785A795C795C795B35
:10D468007A5D7A5C7B5E7B5F7C607D617E617E63DA
:10D478007E637E647F647F647F657F657F667F658A
:10D488007F667F677F677F667F667F667F667F666A
:10D498007F667F667F667F667F667F667F677F655C
:10D4A8007F667F667F657E647E657E637D647C6360
:10D4B8007C627B627B617A60795F795F785D775D9A
:10D4C800765C765B755A74597358725871577257EF
:10D4D800705670566F566F556F556F556F546E5422
:10D4E8006D536D536C536C536B526B516B516A5146
:10D4F8006A5069506950695069506950695069505B
:10D508006A528D29892B8A2D8B2E8E2C902F923042
:10D51800933196329B349D359F36A3397D5AA0A10D
:10D52800FFFFFFFFFFFFFFFFFFFFFFFFFFFFFFFF03
:10D53800FFFFFFFFFFFFFFFFFFFFFFFFFFFFFFFFF3
:10D54800FFFFFFFFFFFFFFFFFFFFFFFFFFFFFFFFE3
:10D55800FFFFFFFFFFFFFFFFFFFFFFFFFFFFFFFFD3
:10D5680049495A5A9392BCBAB8B7B4B3AFAEAAA94C
:10D57800A6A5A2A1A4A25252FFFFFFFFFFFFFFFF33
:10D58800FFFFFFFFFFFFFFFFFFFFFFFFFFFFFFFFA3
:10D59800FFFFFFFFFFFFFFFFFFFFFFFFFFFFFFFF93
:10D5A800FFFFFFFFFFFFFFFFFFFFFFFFFFFFFFFF83
:10D5B800FFFFFFFFFFFFFFFFFFFFFFFFFFFFFFFF73
:10D5C800FFFFFFFFFFFFFFFFFFFFFFFFFFFFFFFF63
:10D5D800FFFFFFFFFFFFFFFFFFFFFFFFFFFFFFFF53
:10D5E800FFFFFFFFFFFFFFFFFFFFFFFFFFFFFFFF43
:10D5F800FFFFFFFFFFFFFFFFFFFFFFFFFFFFFFFF33
:10D60800FFFFFFFFFFFFFFFFFFFFFFFFFFFFFFFF22
:10D61800FFFFFFFFFFFFFFFFFFFFFFFFFFFFFFFF12
:10D62800FFFFFFFFFFFFFFFFFFFFFFFFFFFFFFFF02
:10D63800FFFFFFFFFFFFFFFFFFFFFFFFFFFFFFFFF2
:10D64800FFFFFFFFFFFFFFFFFFFFFFFFFFFFFFFFE2
:10D65800FFFFFFFFFFFFFFFFFFFFFFFFFFFFFFFFD2
:10D66800FFFFFFFFFFFFFFFFFFFFFFFFFFFFFFFFC2
:10D67800FFFFFFFFC1C14A51D08BC98AC98BCC8E2D
:10D68800CE90CE92D393D396D59BD79DDC9FC99C41
:10D698006060FFFFFFFFFFFFFFFFFFFFFFFFFFFFD0
:10D6A800FFFFFFFFFFFFFFFFFFFFFFFFFFFFFFFF82
:10D6B800FFFFFFFFFFFFFFFFFFFFFFFFFFFFFFFF72
:10D6C800FFFFFFFFFFFFFFFFFFFFFFFFFFFFFFFF62
:10D6D800FFFFFFFF494B5A5C9293BABAB7B6B3B291
:10D6E800AEAEA9A9A5A6A1A2A2A35254FFFFFFFF0F
:10D6F800FFFFFFFFFFFFFFFFFFFFFFFFFFFFFFFF32
:10D70800FFFFFFFFFFFFFFFFFFFFFFFFFFFFFFFF21
:10D71800FFFFFFFFFFFFFFFFFFFFFFFFFFFFFFFF11
:10D72800FFFFFFFFFFFFFFFFFFFFFFFFFFFFFFFF01
:10D73800FFFFFFFFFFFFFFFFFFFFFFFFFFFFFFFFF1
:10D74800FFFFFFFFFFFFFFFFFFFFFFFFFFFFFFFFE1
:10D75800FFFFFFFFFFFFFFFFFFFFFFFFFFFFFFFFD1
:10D76800FFFFFFFFFFFFFFFFFFFFFFFFFFFFFFFFC1
:10D77800FFFFFFFFFFFFFFFFFFFFFFFFFFFFFFFFB1
:10D78800FFFFFFFFFFFFFFFFFFFFFFFFFFFFFFFFA1
:10D79800FFFFFFFFFFFFFFFFFFFFFFFFFFFFFFFF91
:10D7A800FFFFFFFFFFFFFFFFFFFFFFFFFFFFFFFF81
:10D7B800FFFFFFFFFFFFFFFFFFFFFFFFFFFFFFFF71
:10D7C800FFFFFFFFFFFFFFFFFFFFFFFFFFFFFFFF61
:10D7D800FFFFFFFFFFFFFFFFFFFFFFFFFFFFFFFF51
:10D7E800FFFFFFFFFFFFFFFFC1C1515E8B248A2DA2
:10D7F8008B2E8E2C902F9230933196329B349D3500
:10D808009F369C486062FFFFFFFFFFFFFFFFFFFF9F
:10D81800FFFFFFFFFFFFFFFFFFFFFFFFFFFFFFFF10
:10D82800FFFFFFFFFFFFFFFFFFFFFFFFFFFFFFFF00
:10D83800FFFFFFFFFFFFFFFFFFFFFFFFFFFFFFFFF0
:10D84800FFFFFFFFFFFFFFFF48485A5A9495BFBFED
:10D85800BBBBB7B6B3B2AFAEAAA9A6A5A8A7535388
:10D86800FFFFFFFFFFFFFFFFFFFFFFFFFFFFFFFFC0
:10D87800FFFFFFFFFFFFFFFFFFFFFFFFFFFFFFFFB0
:10D88800FFFFFFFFFFFFFFFFFFFFFFFFFFFFFFFFA0
:10D89800FFFFFFFFFFFFFFFFFFFFFFFFFFFFFFFF90
:10D8A800FFFFFFFFFFFFFFFFFFFFFFFFFFFFFFFF80
:10D8B800FFFFFFFFFFFFFFFFFFFFFFFFFFFFFFFF70
:10D8C800FFFFFFFFFFFFFFFFFFFFFFFFFFFFFFFF60
:10D8D800FFFFFFFFFFFFFFFFFFFFFFFFFFFFFFFF50
:10D8E800FFFFFFFFFFFFFFFFFFFFFFFFFFFFFFFF40
:10D8F800FFFFFFFFFFFFFFFFFFFFFFFFFFFFFFFF30
:10D90800FFFFFFFFFFFFFFFFFFFFFFFFFFFFFFFF1F
:10D91800FFFFFFFFFFFFFFFFFFFFFFFFFFFFFFFF0F
:10D92800FFFFFFFFFFFFFFFFFFFFFFFFFFFFFFFFFF
:10D93800FFFFFFFFFFFFFFFFFFFFFFFFFFFFFFFFEF
:10D94800FFFFFFFFFFFFFFFFFFFFFFFFFFFFFFFFDF
:10D95800FFFFFFFFFFFFFFFFFFFFFFFFFFFF666601
:10D968005A5ACA8AC98BCC8ECE90CE92D393D3966C
:10D97800D59BD79DE9A83E3FFFFFFFFFFFFFFFFFB5
:10D98800FFFFFFFFFFFFFFFFFFFFFFFFFFFFFFFF9F
:10D99800FFFFFFFFFFFFFFFFFFFFFFFFFFFFFFFF8F
:10D9A800FFFFFFFFFFFFFFFFFFFFFFFFFFFFFFFF7F
:10D9B800FFFFFFFFFFFFFFFFFFFFFFFF484A5A5C23
:10D9C8009594BFBCBBB9B6B5B2B1AEAEA9A9A5A670
:10D9D800A7A75355FFFFFFFFFFFFFFFFFFFFFFFF55
:10D9E800FFFFFFFFFFFFFFFFFFFFFFFFFFFFFFFF3F
:10D9F800FFFFFFFFFFFFFFFFFFFFFFFFFFFFFFFF2F
:10DA0800FFFFFFFFFFFFFFFFFFFFFFFFFFFFFFFF1E
:10DA1800FFFFFFFFFFFFFFFFFFFFFFFFFFFFFFFF0E
:10DA2800FFFFFFFFFFFFFFFFFFFFFFFFFFFFFFFFFE
:10DA3800FFFFFFFFFFFFFFFFFFFFFFFFFFFFFFFFEE
:10DA4800FFFFFFFFFFFFFFFFFFFFFFFFFFFFFFFFDE
:10DA5800FFFFFFFFFFFFFFFFFFFFFFFFFFFFFFFFCE
:10DA6800FFFFFFFFFFFFFFFFFFFFFFFFFFFFFFFFBE
:10DA7800FFFFFFFFFFFFFFFFFFFFFFFFFFFFFFFFAE
:10DA8800FFFFFFFFFFFFFFFFFFFFFFFFFFFFFFFF9E
:10DA9800FFFFFFFFFFFFFFFFFFFFFFFFFFFFFFFF8E
:10DAA800FFFFFFFFFFFFFFFFFFFFFFFFFFFFFFFF7E
:10DAB800FFFFFFFFFFFFFFFFFFFFFFFFFFFFFFFF6E
:10DAC800FFFFFFFFFFFFFFFFFFFFFFFFFFFFFFFF5E
:10DAD800FFFF66695A5C8A2C8B2E8E2C902F923011
:10DAE800933196329B349D35A8353F43FFFFFFFFA6
:10DAF800FFFFFFFFFFFFFFFFFFFFFFFFFFFFFFFF2E
:10DB0800FFFFFFFFFFFFFFFFFFFFFFFFFFFFFFFF1D
:10DB1800FFFFFFFFFFFFFFFFFFFFFFFFFFFFFFFF0D
:10DB2800FFFFFFFFFFFFFFFFFFFFFFFFFFFFFFFFFD
:10DB380048485A5A9795C3C1BFBEBBBAB7B6B3B225
:10DB4800AFADABAAACAC6262FFFFFFFFFFFFFFFF08
:10DB5800FFFFFFFFFFFFFFFFFFFFFFFFFFFFFFFFCD
:10DB6800FFFFFFFFFFFFFFFFFFFFFFFFFFFFFFFFBD
:10DB7800FFFFFFFFFFFFFFFFFFFFFFFFFFFFFFFFAD
:10DB8800FFFFFFFFFFFFFFFFFFFFFFFFFFFFFFFF9D
:10DB9800FFFFFFFFFFFFFFFFFFFFFFFFFFFFFFFF8D
:10DBA800FFFFFFFFFFFFFFFFFFFFFFFFFFFFFFFF7D
:10DBB800FFFFFFFFFFFFFFFFFFFFFFFFFFFFFFFF6D
:10DBC800FFFFFFFFFFFFFFFFFFFFFFFFFFFFFFFF5D
:10DBD800FFFFFFFFFFFFFFFFFFFFFFFFFFFFFFFF4D
:10DBE800FFFFFFFFFFFFFFFFFFFFFFFFFFFFFFFF3D
:10DBF800FFFFFFFFFFFFFFFFFFFFFFFFFFFFFFFF2D
:10DC0800FFFFFFFFFFFFFFFFFFFFFFFFFFFFFFFF1C
:10DC1800FFFFFFFFFFFFFFFFFFFFFFFFFFFFFFFF0C
:10DC2800FFFFFFFFFFFFFFFFFFFFFFFFFFFFFFFFFC
:10DC3800FFFFFFFFFFFFFFFFFFFFFFFFFFFFFFFFEC
:10DC4800FFFFFFFFFFFFFFFF4141977AC98ACC8E94
:10DC5800CE90CE92D393D396D59BE9A4383DFFFFBF
:10DC6800FFFFFFFFFFFFFFFFFFFFFFFFFFFFFFFFBC
:10DC7800FFFFFFFFFFFFFFFFFFFFFFFFFFFFFFFFAC
:10DC8800FFFFFFFFFFFFFFFFFFFFFFFFFFFFFFFF9C
:10DC9800FFFFFFFFFFFFFFFFFFFFFFFFFFFFFFFF8C
:10DCA800FFFFFFFF484A5A5C9598C1BFBEBCBAB98E
:10DCB800B6B5B2B2ADADAAAAACAC6264FFFFFFFFC5
:10DCC800FFFFFFFFFFFFFFFFFFFFFFFFFFFFFFFF5C
:10DCD800FFFFFFFFFFFFFFFFFFFFFFFFFFFFFFFF4C
:10DCE800FFFFFFFFFFFFFFFFFFFFFFFFFFFFFFFF3C
:10DCF800FFFFFFFFFFFFFFFFFFFFFFFFFFFFFFFF2C
:10DD0800FFFFFFFFFFFFFFFFFFFFFFFFFFFFFFFF1B
:10DD1800FFFFFFFFFFFFFFFFFFFFFFFFFFFFFFFF0B
:10DD2800FFFFFFFFFFFFFFFFFFFFFFFFFFFFFFFFFB
:10DD3800FFFFFFFFFFFFFFFFFFFFFFFFFFFFFFFFEB
:10DD4800FFFFFFFFFFFFFFFFFFFFFFFFFFFFFFFFDB
:10DD5800FFFFFFFFFFFFFFFFFFFFFFFFFFFFFFFFCB
:10DD6800FFFFFFFFFFFFFFFFFFFFFFFFFFFFFFFFBB
:10DD7800FFFFFFFFFFFFFFFFFFFFFFFFFFFFFFFFAB
:10DD8800FFFFFFFFFFFFFFFFFFFFFFFFFFFFFFFF9B
:10DD9800FFFFFFFFFFFFFFFFFFFFFFFFFFFFFFFF8B
:10DDA800FFFFFFFFFFFFFFFFFFFFFFFFFFFFFFFF7B
:10DDB800FFFFFFFFFFFFFFFFFFFFFFFF41437A4D1C
:10DDC8008A2E8E2C902F9230933196329B34A42E2B
:10DDD8003D48FFFFFFFFFFFFFFFFFFFFFFFFFFFFC4
:10DDE800FFFFFFFFFFFFFFFFFFFFFFFFFFFFFFFF3B
:10DDF800FFFFFFFFFFFFFFFFFFFFFFFFFFFFFFFF2B
:10DE0800FFFFFFFFFFFFFFFFFFFFFFFFFFFFFFFF1A
:10DE1800FFFFFFFFFFFFFFFF48485A5A9897C5C307
:10DE2800C3C1BFBEBBB9B8B6B3B2AEAEB0AF626223
:10DE3800FFFFFFFFFFFFFFFFFFFFFFFFFFFFFFFFEA
:10DE4800FFFFFFFFFFFFFFFFFFFFFFFFFFFFFFFFDA
:10DE5800FFFFFFFFFFFFFFFFFFFFFFFFFFFFFFFFCA
:10DE6800FFFFFFFFFFFFFFFFFFFFFFFFFFFFFFFFBA
:10DE7800FFFFFFFFFFFFFFFFFFFFFFFFFFFFFFFFAA
:10DE8800FFFFFFFFFFFFFFFFFFFFFFFFFFFFFFFF9A
:10DE9800FFFFFFFFFFFFFFFFFFFFFFFFFFFFFFFF8A
:10DEA800FFFFFFFFFFFFFFFFFFFFFFFFFFFFFFFF7A
:10DEB800FFFFFFFFFFFFFFFFFFFFFFFFFFFFFFFF6A
:10DEC800FFFFFFFFFFFFFFFFFFFFFFFFFFFFFFFF5A
:10DED800FFFFFFFFFFFFFFFFFFFFFFFFFFFFFFFF4A
:10DEE800FFFFFFFFFFFFFFFFFFFFFFFFFFFFFFFF3A
:10DEF800FFFFFFFFFFFFFFFFFFFFFFFFFFFFFFFF2A
:10DF0800FFFFFFFFFFFFFFFFFFFFFFFFFFFFFFFF19
:10DF1800FFFFFFFFFFFFFFFFFFFFFFFFFFFFFFFF09
:10DF2800FFFFFFFFFFFFFFFFFFFFFFFFFFFFFFFFF9
:10DF3800FFFF4B4DD091CC8ECE90CE92D393D396FB
:10DF4800DD9E3C47FFFFFFFFFFFFFFFFFFFFFFFFD7
:10DF5800FFFFFFFFFFFFFFFFFFFFFFFFFFFFFFFFC9
:10DF6800FFFFFFFFFFFFFFFFFFFFFFFFFFFFFFFFB9
:10DF7800FFFFFFFFFFFFFFFFFFFFFFFFFFFFFFFFA9
:10DF8800FFFFFFFFFFFFFFFFFFFFFFFF484A5A5C4D
:10DF98009799C3C3C1BFBEBCB9B8B6B5B2B1AEAE2E
:10DFA800AFAF6264FFFFFFFFFFFFFFFFFFFFFFFF51
:10DFB800FFFFFFFFFFFFFFFFFFFFFFFFFFFFFFFF69
:10DFC800FFFFFFFFFFFFFFFFFFFFFFFFFFFFFFFF59
:10DFD800FFFFFFFFFFFFFFFFFFFFFFFFFFFFFFFF49
:10DFE800FFFFFFFFFFFFFFFFFFFFFFFFFFFFFFFF39
:10DFF800FFFFFFFFFFFFFFFFFFFFFFFFFFFFFFFF29
:10E00800FFFFFFFFFFFFFFFFFFFFFFFFFFFFFFFF18
:10E01800FFFFFFFFFFFFFFFFFFFFFFFFFFFFFFFF08
:10E02800FFFFFFFFFFFFFFFFFFFFFFFFFFFFFFFFF8
:10E03800FFFFFFFFFFFFFFFFFFFFFFFFFFFFFFFFE8
:10E04800FFFFFFFFFFFFFFFFFFFFFFFFFFFFFFFFD8
:10E05800FFFFFFFFFFFFFFFFFFFFFFFFFFFFFFFFC8
:10E06800FFFFFFFFFFFFFFFFFFFFFFFFFFFFFFFFB8
:10E07800FFFFFFFFFFFFFFFFFFFFFFFFFFFFFFFFA8
:10E08800FFFFFFFFFFFFFFFFFFFFFFFFFFFFFFFF98
:10E09800FFFFFFFFFFFFFFFFFFFFFFFFFFFFFFFF88
:10E0A800FFFFFFFFFFFF4D5091328E2C902F9230D3
:10E0B800933196329E2F475AFFFFFFFFFFFFFFFF66
:10E0C800FFFFFFFFFFFFFFFFFFFFFFFFFFFFFFFF58
:10E0D800FFFFFFFFFFFFFFFFFFFFFFFFFFFFFFFF48
:10E0E800FFFFFFFFFFFFFFFFFFFFFFFFFFFFFFFF38
:10E0F800FFFFFFFFFFFFFFFFFFFFFFFFFFFFFFFF28
:10E1080048485A5A9C9CCAC7C6C3C2C0BFBDBBB9FF
:10E11800B7B5B3B1B5B46161FFFFFFFFFFFFFFFF04
:10E12800FFFFFFFFFFFFFFFFFFFFFFFFFFFFFFFFF7
:10E13800FFFFFFFFFFFFFFFFFFFFFFFFFFFFFFFFE7
:10E14800FFFFFFFFFFFFFFFFFFFFFFFFFFFFFFFFD7
:10E15800FFFFFFFFFFFFFFFFFFFFFFFFFFFFFFFFC7
:10E16800FFFFFFFFFFFFFFFFFFFFFFFFFFFFFFFFB7
:10E17800FFFFFFFFFFFFFFFFFFFFFFFFFFFFFFFFA7
:10E18800FFFFFFFFFFFFFFFFFFFFFFFFFFFFFFFF97
:10E19800FFFFFFFFFFFFFFFFFFFFFFFFFFFFFFFF87
:10E1A800FFFFFFFFFFFFFFFFFFFFFFFFFFFFFFFF77
:10E1B800FFFFFFFFFFFFFFFFFFFFFFFFFFFFFFFF67
:10E1C800FFFFFFFFFFFFFFFFFFFFFFFFFFFFFFFF57
:10E1D800FFFFFFFFFFFFFFFFFFFFFFFFFFFFFFFF47
:10E1E800FFFFFFFFFFFFFFFFFFFFFFFFFFFFFFFF37
:10E1F800FFFFFFFFFFFFFFFFFFFFFFFFFFFFFFFF27
:10E20800FFFFFFFFFFFFFFFFF3F3FFFFFFFFFFFF2E
:10E21800FFFFFFFFFFFFFFFFFFFFEDED4B50DA931E
:10E22800CE90CE92D393D5975559F0F0FFFFFFFFCC
:10E23800FFFFFFFFFFFFFFFFFFFFFFFFFFFFFFFFE6
:10E24800FFFFFFFFFFFFFFFFFFFFFFFFFFFFFFFFD6
:10E25800FFFFFFFFFFFFFFFFFFFFFFFFFFFFFFFFC6
:10E26800FFFFFFFFFFFFFFFFFFFFFFFFFFFFFFFFB6
:10E27800FFFFFFFF484A5A5C9C9DC7C5C3C3C0BF88
:10E28800BDBBB9B9B5B5B1B1B4B36164FFFFFFFFA8
:10E29800FFFFFFFFFFFFFFFFFFFFFFFFFFFFFFFF86
:10E2A800FFFFFFFFFFFFFFFFFFFFFFFFFFFFFFFF76
:10E2B800FFFFFFFFFFFFFFFFFFFFFFFFFFFFFFFF66
:10E2C800FFFFFFFFFFFFFFFFFFFFFFFFFFFFFFFF56
:10E2D800FFFFFFFFFFFFFFFFFFFFFFFFFFFFFFFF46
:10E2E800FFFFFFFFFFFFFFFFFFFFFFFFFFFFFFFF36
:10E2F800FFFFFFFFFFFFFFFFFFFFFFFFFFFFFFFF26
:10E30800FFFFFFFFFFFFFFFFFFFFFFFFFFFFFFFF15
:10E31800FFFFFFFFFFFFFFFFFFFFFFFFFFFFFFFF05
:10E32800FFFFFFFFFFFFFFFFFFFFFFFFFFFFFFFFF5
:10E33800FFFFFFFFFFFFFFFFFFFFFFFFFFFFFFFFE5
:10E34800FFFFFFFFFFFFFFFFFFFFFFFFFFFFFFFFD5
:10E35800FFFFFFFFFFFFFFFFFFFFFFFFFFFFFFFFC5
:10E36800FFFFFFFFFFFFFFFFFFFFFFFFFFFFFFFFB5
:10E37800FFFFFFFFFFFFFFFFFFFFFFFFF3F4FFFFBC
:10E38800FFFFFFFFFFFFFFFFFFFFFFFFFFFFEDEDB9
:10E39800505B9326902F9230933197305963F0EF6A
:10E3A800FFFFFFFFFFFFFFFFFFFFFFFFFFFFFFFF75
:10E3B800FFFFFFFFFFFFFFFFFFFFFFFFFFFFFFFF65
:10E3C800FFFFFFFFFFFFFFFFFFFFFFFFFFFFFFFF55
:10E3D800FFFFFFFFFFFFFFFFFFFFFFFFFFFFFFFF45
:10E3E800FFFFFFFFFFFFFFFF48485A5AAAA9CCCA00
:10E3F800CAC7C6C4C2C0BEBCBBB9B7B5BAB96161E9
:10E40800FFFFFFFFFFFFFFFFFFFF41414545454578
:10E418004545454545454545454545454040FFFF3A
:10E42800FFFF3F3F4545454545454545454545452C
:10E438004545454545454545454545454545454584
:10E4480045454545454545457070FFFFFFFFFFFFC2
:10E45800FFFFFFFFFFFFFFFFC8C84141FFFFFFFFAE
:10E46800FFFFFFFFFFFFFFFFFFFFFFFFFFFFFFFFB4
:10E47800FFFFFFFF7E7EFFFFFFFFFFFFFFFFFFFFA6
:10E48800FFFFFFFFFFFFFFFFFFFFA4A456565656EE
:10E4980056565656565656565656565656566464F8
:10E4A800FFFFFFFFADAD56565656565656565656B2
:10E4B80056565656565656566363FFFFFFFFAAAA8E
:10E4C80056565656565656565656565656565656E4
:10E4D80056565A5AFFFFBDBD5656565656565656AC
:10E4E800565656565656565656565656FFFFFFFF20
:10E4F800C5C59B9BFFFFFFFFFFFFFFFFFFFFFFFF60
:10E50800FFFFFFFF8B8B4B52D091CE92D393847336
:10E51800AAAAFFFFFFFFFFFFFFFFFFFFFFFFFFFFAD
:10E52800FFFF45453C3CFFFFFFFFFFFFFFFFFFFFED
:10E53800FFFFFFFFFFFFFFFFFFFFFFFFFFFFFFFFE3
:10E54800FFFFFFFFFFFFFFFFFFFFFFFFFFFFFFFFD3
:10E55800FFFFFFFFFFFFFFFFFFFFFFFF484A5A5C77
:10E56800A9A9CAC8C7C5C4C2C0BFBCBBB9B9B5B5DB
:10E57800B9B86163FFFFFFFFFFFFFFFFFFFF4143E4
:10E588004547454745474547454745474547454723
:10E598004042FFFFFFFF3F41454745474547454745
:10E5A8004547454745474547454745474547454703
:10E5B8004547454745474547454745487073FFFF29
:10E5C800FFFFFFFFFFFFFFFFFFFFFFFFC8C9414439
:10E5D800FFFFFFFFFFFFFFFFFFFFFFFFFFFFFFFF43
:10E5E800FFFFFFFFFFFFFFFF7E80FFFFFFFFFFFF33
:10E5F800FFFFFFFFFFFFFFFFFFFFFFFFFFFFA4A5D8
:10E608005658565856585658565856585658565892
:10E6180056586465FFFFFFFFADAF56585658565819
:10E628005658565856585658565856586365FFFF08
:10E63800FFFFAAAB5658565856585658565856586B
:10E648005658565856585A5CFFFFBDBD565856582E
:10E658005658565856585658565856585658565941
:10E66800FFFFFFFFC5C59B9CFFFFFFFFFFFFFFFFED
:10E67800FFFFFFFFFFFFFFFF8B8B525E912C923055
:10E6880093317359AAABFFFFFFFFFFFFFFFFFFFFA7
:10E69800FFFFFFFFFFFF45473C3EFFFFFFFFFFFF78
:10E6A800FFFFFFFFFFFFFFFFFFFFFFFFFFFFFFFF72
:10E6B800FFFFFFFFFFFFFFFFFFFFFFFFFFFFFFFF62
:10E6C800FFFFFFFFFFFFFFFFFFFFFFFFFFFFFFFF52
:10E6D80048485A5AACABD1CECCCAC9C6C5C3C2C0C9
:10E6E800BEBCBAB8BEBD6161FFFFFFFFFFFFFFFF01
:10E6F800FFFF515157575858585858585858585854
:10E708005858585858584848FFFF4E4E5757585869
:10E718005858585858585858585858585858585871
:10E728005858585858585858585858585858585861
:10E7380058587070FFFFFFFFFFFFFFFFFFFFFFFF4D
:10E74800535358586F6FFFFFFFFFFFFFFFFFFFFF97
:10E75800FFFFFFFFFFFFFFFFFFFFFFFF5555858509
:10E76800FFFFFFFFCFEFBFE9B5E6B5E6B5E6B5E6D3
:10E77800C7EC9FAB58585858585858585858585874
:10E7880058585858585858585B5BFFFFADAD575804
:10E7980058585858585858585858585858585858F1
:10E7A80058585A5AFFFFACAC5858585858585858E7
:10E7B8005858585858585858585858585252C4C405
:10E7C80057585858585858585858585858585858C2
:10E7D800585858584C4CFFFFC5C55858C1C1FFFF81
:10E7E800FFFFFFFFFFFFFFFFFFFFFFFFFFFF4646A3
:10E7F800796CCE91BA8C6464FFFFFFFFFFFFFFFFC7
:10E80800FFFFFFFFFFFFFFFF8282585857579A9A72
:10E81800FFFFFFFFFFFFFFFFFFFFFFFFFFFFFFFF00
:10E82800FFFFFFFFFFFFFFFFFFFFFFFFFFFFFFFFF0
:10E83800FFFFFFFFFFFFFFFFFFFFFFFFFFFFFFFFE0
:10E84800FFFFFFFF484A5A5CABAACECBCAC8C6C571
:10E85800C3C2C0BFBCBBB8B8BDBC6163FFFFFFFF8C
:10E86800FFFFFFFFFFFF51535759585A585A585A3C
:10E87800585A585A585A585A585A484AFFFF4E50E8
:10E888005759585A585A585A585A585A585A585AF2
:10E89800585A585A585A585A585A585A585A585AE0
:10E8A800585A585A585A7072FFFFFFFFFFFFFFFF70
:10E8B800FFFFFFFF5356585A6F71FFFFFFFFFFFF1F
:10E8C800FFFFFFFFFFFFFFFFFFFFFFFFFFFFFFFF50
:10E8D80055578586FFFFFFFFEF6BE93BE61DE61DF9
:10E8E800E61DE61DEC55AB78585A585A585A585AEE
:10E8F800585A585A585A585A585A585A5B5DFFFF2E
:10E90800ADB0585A585A585A585A585A585A585AC4
:10E91800585A585A585A5A5BFFFFACAD585A585A69
:10E92800585A585A585A585A585A585A585A585A4F
:10E938005254C4C5585A585A585A585A585A585A74
:10E94800585A585A585A585A4C4EFFFFC5C5585A23
:10E95800C1C2FFFFFFFFFFFFFFFFFFFFFFFFFFFF3A
:10E96800FFFF46476C5891308C436466FFFFFFFFFA
:10E97800FFFFFFFFFFFFFFFFFFFFFFFF8283585AE4
:10E9880057599A9BFFFFFFFFFFFFFFFFFFFFFFFFA6
:10E99800FFFFFFFFFFFFFFFFFFFFFFFFFFFFFFFF7F
:10E9A800FFFFFFFFFFFFFFFFFFFFFFFFFFFFFFFF6F
:10E9B800FFFFFFFFFFFFFFFF48485A5AADADD4D114
:10E9C800D0CECCCAC8C7C5C4C2C0BEBCC2C16161B2
:10E9D800FFFFFFFFFFFFFFFFFFFF51515A5B62621E
:10E9E80061636363636463646565656765666565DC
:10E9F800C6C64F4F5A5B666767676767676767672B
:10EA08006868676868686869686969696969696977
:10EA180068696868696969696A6A4949FFFFFFFF47
:10EA2800FFFFFFFFFFFFFFFF505057574949FFFF08
:10EA3800FFFFFFFFFFFFFFFFFFFFFFFFFFFFFFFFDE
:10EA4800FFFFFFFF54545A5A7878B5E6B5E6B5E6A5
:10EA5800B5E6B5E6B5E6B5E6B5E6B5E658575757AF
:10EA68007C7B7B7A7A797A79797879797978797807
:10EA78005050FFFFADAD58585555676766666666D6
:10EA8800666565656464656565655050FFFFACAC97
:10EA98005858575763636262616261616262636377
:10EAA800636464645152CFCF585855556969686991
:10EAB80068696969696A6969696A6A6A5757FFFFB3
:10EAC800C5C558585454FFFFFFFFFFFFFFFFFFFF66
:10EAD800FFFFFFFFFFFFFFFF4242C1914142FFFFDF
:10EAE800FFFFFFFFFFFFFFFFFFFFFFFFFFFFE1E16A
:10EAF800585858585D5D9F9FFFFFFFFFFFFFFFFFBE
:10EB0800FFFFFFFFFFFFFFFFFFFFFFFFFFFFFFFF0D
:10EB1800FFFFFFFFFFFFFFFFFFFFFFFFFFFFFFFFFD
:10EB2800FFFFFFFFFFFFFFFFFFFFFFFF484A5A5CA1
:10EB3800ADADD1CECECACAC8C7C5C4C2C0BFBCBBA2
:10EB4800C1BF6163FFFFFFFFFFFFFFFFFFFF5153DF
:10EB58005B5D62656365636664676467656767686C
:10EB680066696569C6C64F515B5D676A676A676AA9
:10EB7800676B676A686B686A686B696B696B696BF6
:10EB8800696B696B696B686B696B696B6A6C494B1C
:10EB9800FFFFFFFFFFFFFFFFFFFFFFFF5052575927
:10EBA800494BFFFFFFFFFFFFFFFFFFFFFFFFFFFFD7
:10EBB800FFFFFFFFFFFFFFFF54565A5C787AE61D00
:10EBC800E61DE61DE61DE61DE61DE61DE61DE61D25
:10EBD800575957597B7B7A7A797A7979787979791B
:10EBE800787878775052FFFFADB0585A5557676913
:10EBF80066696668656765676468656765675052D2
:10EC0800FFFFACAD585A575963656265626361632B
:10EC180062656366646664675254CFD0585A555724
:10EC2800696C696C696C696C6A6C696D6A6D6A6D2E
:10EC38005759FFFFC5C5585A5456FFFFFFFFFFFF3E
:10EC4800FFFFFFFFFFFFFFFFFFFFFFFF424591436D
:10EC58004246FFFFFFFFFFFFFFFFFFFFFFFFFFFF32
:10EC6800FFFFE1E0585A585A5D5F9FA0FFFFFFFF82
:10EC7800FFFFFFFFFFFFFFFFFFFFFFFFFFFFFFFF9C
:10EC8800FFFFFFFFFFFFFFFFFFFFFFFFFFFFFFFF8C
:10EC9800FFFFFFFFFFFFFFFFFFFFFFFFFFFFFFFF7C
:10ECA80048485A5AAFAFD7D4D3D0D0CDCBCAC8C6AC
:10ECB800C6C3C2BFC7C56262FFFFFFFFFFFFFFFFFA
:10ECC800FFFF5151595A989794949A9BA1A1A4A6D1
:10ECD800A9ABADAFB1B3AAADC6C64F4F5A5BBCBC6A
:10ECE800C2C3C5C6C8C8CBCBCECDD0D0D3D1D5D260
:10ECF800D8D6DBD9DCDAE0DDE2DFE3E0E6E4E7E41E
:10ED0800ECE94949FFFFFFFFFFFFFFFFFFFFB1B13C
:10ED1800585857578F90E2E2FFFFFFFFFFFFFFFFB2
:10ED2800FFFFFFFFFFFFFFFFFFFFFFFF5454535399
:10ED3800C0DDB5E6B5E6B5E6B5E6B5E6B5E6B5E6F1
:10ED4800B5E6B5E658575B5BEDE9EAE5E9E5E6E3E4
:10ED5800E7E2E2E0DFDEE0DD595AFFFFADAD5858EB
:10ED68005050D0CDCBC8C8C5C5C3C1BFBDBBBBB74C
:10ED7800B7B65D5CFFFFACAC58585252A3A39C9B3E
:10ED88009897949294939B9B9F9FA3A55D5ECFCFEA
:10ED980058585050B6B8B4B7B7BABABDBDBEC1C25C
:10EDA800C2C3C5C65F60FFFFC5C5585856553E3E2D
:10EDB800FFFFFFFFFFFFFFFFFFFFFFFFFFFFFFFF5B
:10EDC800FFFF2F2FFFFFFFFFFFFFFFFFFFFFFFFFEB
:10EDD800FFFFFFFFFFFF5353585858586E6F9F9F10
:10EDE800FFFFFFFFFFFFFFFFFFFFFFFFFFFFFFFF2B
:10EDF800FFFFFFFFFFFFFFFFFFFFFFFFFFFFFFFF1B
:10EE0800FFFFFFFFFFFFFFFFFFFFFFFFFFFFFFFF0A
:10EE1800FFFFFFFF484A5A5CAFAED4D1D0CECDCB6E
:10EE2800CAC8C6C5C3C1BFBFC5C36264FFFFFFFF71
:10EE3800FFFFFFFFFFFF51535A5C979794959B9DE7
:10EE4800A1A5A6ACABB2AFB9B3BEADB7C6C64F515C
:10EE58005B5DBCC6C3CCC6CEC8CECBD2CDD2D0D4D7
:10EE6800D1D6D2D7D6D7D9DBDADDDDDCDFE0E0E1F9
:10EE7800E4E2E4E3E9E6494BFFFFFFFFFFFFFFFFA2
:10EE8800FFFFB1B1585A57599091E2E3FFFFFFFFD6
:10EE9800FFFFFFFFFFFFFFFFFFFFFFFFFFFFFFFF7A
:10EEA80054565355DD62E61DE61DE61DE61DE61DBA
:10EEB800E61DE61DE61DE61D57595B5EE9E4E5E043
:10EEC800E5E0E3DEE2DCE0DADED9DDD85A5BFFFF1D
:10EED800ADB0585A5053CDCBC8C5C5C3C3C0BFBECB
:10EEE800BBBAB7B8B6B55C5FFFFFACAD585A525461
:10EEF800A3A29B9C9799929393959B9C9FA4A5AB47
:10EF08005E5FCFD0585A5051B8C4B7C3BAC5BDC652
:10EF1800BEC9C2CAC3CDC6CE6061FFFFC5C5585AB7
:10EF280055573E40FFFFFFFFFFFFFFFFFFFFFFFFBB
:10EF3800FFFFFFFFFFFF2F31FFFFFFFFFFFFFFFF77
:10EF4800FFFFFFFFFFFFFFFFFFFF5355585A585AB7
:10EF58006F6F9FA0FFFFFFFFFFFFFFFFFFFFFFFF98
:10EF6800FFFFFFFFFFFFFFFFFFFFFFFFFFFFFFFFA9
:10EF7800FFFFFFFFFFFFFFFFFFFFFFFFFFFFFFFF99
:10EF8800FFFFFFFFFFFFFFFF48485A5AB0B1DAD72B
:10EF9800D7D5D4D1CFCDCCCAC8C7C6C4CCCA626273
:10EFA800FFFFFFFFFFFFFFFFFFFF5151595A9E9DD3
:10EFB800959493939A9BA0A1A5A7AAABADB0A8AA34
:10EFC800C6C64F4F5A5BB9B9C0C1C2C3C5C6C8C8C7
:10EFD800CBCBCECDD1D0D3D1D5D4D8D7DBD8DDDBF0
:10EFE800DFDEE2DFE3E0E6E2EAE74949FFFFFFFFB1
:10EFF800FFFFFFFFFFFF4B4B58584D4DFFFF59597F
:10F00800FFFFFFFFFFFFFFFFFFFFFFFFFFFFFFFF08
:10F01800FFFFFFFF54545454B5E6B5E6B5E6B5E630
:10F02800B5E6B5E6B5E6B5E6B5E6B5E658575B5BD1
:10F03800F0ECEDE7EBE6E9E6E6E3E7E1E3DFE1DF65
:10F048005A59FFFFADAD58585050D4D1CDCACBC88E
:10F05800C7C5C4C3C1C0BEBCBBB95353FFFFACAC2A
:10F0680058585153A7A6A09F9D9C989894949595FD
:10F078009B9B9FA15D5ECFCF58585150B4B7B3B595
:10F08800B5B7B8B9BABCBEBFC1C1C2C45F5FFFFFE4
:10F09800C5C558584E4EE4E24040FFFFFFFFFFFF52
:10F0A800FFFFFFFFFFFFFFFFFFFFFFFFFFFFFFFF68
:10F0B800FFFFFFFFFFFFFFFFFFFFFFFF4242585820
:10F0C80057584141FFFFA0A0FFFFFFFFFFFFFFFFD1
:10F0D800FFFFFFFFFFFFFFFFFFFFFFFFFFFFFFFF38
:10F0E800FFFFFFFFFFFFFFFFFFFFFFFFFFFFFFFF28
:10F0F800FFFFFFFFFFFFFFFFFFFFFFFF484A5A5CCC
:10F10800B1B0D7D4D5D1D1CECDCACAC8C7C6C4C16B
:10F11800CAC86264FFFFFFFFFFFFFFFFFFFF5153F5
:10F128005A5C9D9D949593959B9FA1A5A7ACABB266
:10F13800B0B9AAB4C6C64F515B5DB9C4C1CAC3CD84
:10F14800C6CEC8CFCBD1CDD2D0D4D1D5D4D7D7D9AC
:10F15800D8DCDBDCDEDDDFE0E0DFE2E1E7E5494BE0
:10F16800FFFFFFFFFFFFFFFFFFFF4B4E585A4D4FBA
:10F17800FFFF595AFFFFFFFFFFFFFFFFFFFFFFFFE2
:10F18800FFFFFFFFFFFFFFFF54565456E61DE61D25
:10F19800E61DE61DE61DE61DE61DE61DE61DE61D4F
:10F1A80057595B5EECE6E7E3E6E1E6E0E3DEE1DD46
:10F1B800DFDBDFDA595BFFFFADB0585A5053D1CED1
:10F1C800CAC8C8C5C5C3C3C0C0BEBCBBB9B95355FE
:10F1D800FFFFACAD585A5355A6A69F9F9C9C989983
:10F1E800949595969B9EA1A45E60CFD0585A505294
:10F1F800B7C1B5C1B7C3B9C5BCC5BFCAC1CAC4CDFB
:10F208005F62FFFFC5C5585A4E50E2E64042FFFF15
:10F21800FFFFFFFFFFFFFFFFFFFFFFFFFFFFFFFFF6
:10F22800FFFFFFFFFFFFFFFFFFFFFFFFFFFFFFFFE6
:10F238004245585A585A4144FFFFA0A1FFFFFFFF1B
:10F24800FFFFFFFFFFFFFFFFFFFFFFFFFFFFFFFFC6
:10F25800FFFFFFFFFFFFFFFFFFFFFFFFFFFFFFFFB6
:10F26800FFFFFFFFFFFFFFFFFFFFFFFFFFFFFFFFA6
:10F278004848595AB3B2DEDBDAD8D6D5D3D0CFCD89
:10F28800CBC9C7C7D0CD6262FFFFFFFFFFFFFFFFFB
:10F29800FFFF51515959A2A19999959495969A9C15
:10F2A800A1A1A6A8A9ACA4A7C6C64F4F5A5BB5B7DB
:10F2B800BDBEC1C1C2C3C5C5C8C8CBCBCFCDD1D0D7
:10F2C800D3D2D5D4D8D6DBD8DDDBE0DEE2DFE5E289
:10F2D800E9E64949FFFFFFFFFFFFFFFFFFFF535329
:10F2E80058576060F5F25152FFFFFFFFFFFFFFFF25
:10F2F800FFFFFFFFFFFFFFFFFFFFFFFF5454A8D2F0
:10F30800B5E6B5E6B5E6B5E6B5E6B5E6B5E6B5E61D
:10F31800B5E6B5E658575B5BF0ECEDEAECE7EBE7F2
:10F32800E9E6E6E3E6E2E3DF5A5BFFFFADAD5858F6
:10F338005150D6D3D0CECDCBCBC7C7C5C4C2C1BF21
:10F34800BEBB5453FFFFACAC58585352ABAAA3A250
:10F358009F9E9C9A9898929395949C9B5C5DCFCF26
:10F3680058585151B1B4B1B4B4B6B4B7B8BBBBBCBA
:10F37800BEBFC2C25F61FFFFC5C558584F4FD6D543
:10F38800B9B96F70FFFFFFFFFFFFFFFFFFFFFFFF30
:10F39800FFFFFFFFFFFFFFFFFFFFFFFFFFFFFFFF75
:10F3A800FFFF3F3F585857574848FFFFFFFDA0A0B1
:10F3B800FFFFFFFFFFFFFFFFFFFFFFFFFFFFFFFF55
:10F3C800FFFFFFFFFFFFFFFFFFFFFFFFFFFFFFFF45
:10F3D800FFFFFFFFFFFFFFFFFFFFFFFFFFFFFFFF35
:10F3E800FFFFFFFF484A5A5CB2B1DBD7D8D4D5D16A
:10F3F800D0CDCDCAC9C7C7C4CDCB6264FFFFFFFF5C
:10F40800FFFFFFFFFFFF5153595BA1A1999A949504
:10F4180096969C9EA1A7A8AEACB3A7AFC6C64F51FF
:10F428005B5DB7C2BEC8C1CBC3CCC5CEC8CFCBD13C
:10F43800CDD2D0D4D2D6D4D9D6D8D8DBDBDDDEDE57
:10F44800DFE0E2E0E6E4494DFFFFFFFFFFFFFFFFDB
:10F45800FFFF535557596063F2EC5254FFFFFFFF0B
:10F46800FFFFFFFFFFFFFFFFFFFFFFFFFFFFFFFFA4
:10F478005456D224E61DE61DE61DE61DE61DE61DD2
:10F48800E61DE61DE61DE61D57595B5EECE6EAE45F
:10F49800E7E2E7E2E6E0E3DEE2DEDFDC5B5BFFFF1C
:10F4A800ADB0585A5052D3D0CECACBC9C7C6C5C3BF
:10F4B800C2C0BFBEBBBA5355FFFFACAD585A525578
:10F4C800AAAAA2A39E9F9A9C9898939494969B9E6E
:10F4D8005D5FCFD0585A5152B4BDB4BEB6C1B7C3A0
:10F4E800BBC6BCC6BFC9C2CB6162FFFFC5C5585AFF
:10F4F8004F50D5DAB9BD7071FFFFFFFFFFFFFFFF67
:10F50800FFFFFFFFFFFFFFFFFFFFFFFFFFFFFFFF03
:10F51800FFFFFFFFFFFF3F42585A5759484CFFFB78
:10F52800FDF8A0A1FFFFFFFFFFFFFFFFFFFFFFFFA9
:10F53800FFFFFFFFFFFFFFFFFFFFFFFFFFFFFFFFD3
:10F54800FFFFFFFFFFFFFFFFFFFFFFFFFFFFFFFFC3
:10F55800FFFFFFFFFFFFFFFF48485858B5B2DFDD48
:10F56800DDDADAD8D6D4D3D0D0CCCBC9D3D1626245
:10F57800FFFFFFFFFFFFFFFFFFFF5252595AA6A4EC
:10F588009E9D9899949395959C9CA2A3A6A8A3A3A5
:10F59800C6C64F4F5A5BB2B5B9BABDBDC0C0C3C429
:10F5A800C6C5C8C8CCCCCECDD2D0D3D1D5D4D8D767
:10F5B800DCDADEDCE0DDE2E1E7E44949FFFFFFFFFA
:10F5C800FFFFFFFF959558585656D7D5F2EFD5D37C
:10F5D800D4D4FFFFFFFFFFFFFFFFFFFFFFFFFFFF89
:10F5E800FFFFFFFF5D62B5E6B5E6B5E6B5E6B5E651
:10F5F800B5E6B5E6B5E6B5E6B5E6B5E658575B5BFC
:10F60800F2EEEEEAECE9EBE7EBE6EAE5E6E3E6E262
:10F618005A5AFFFFADAD58585150D8D7D3D0D0CD96
:10F62800CCCAC9C7C7C5C4C2C1BF5354FFFFACAC1D
:10F6380058585252AEADA7A6A3A1A09F9C9B9797DE
:10F64800939395955C5BCDCD58585151AFB0AEAF03
:10F65800B2B3B4B6B5B8B8BBBABDBFC06061FFFF3E
:10F66800C5C55858504FD2D2D0D07676C1C1FFFF09
:10F67800FFFFFFFFFFFFFFFFFFFFFFFFFFFFFFFF92
:10F68800FFFFFFFFFFFFFFFF767658585857545487
:10F69800FCF6F1EDFFFDA0A0FFFFFFFFFFFFFFFF5E
:10F6A800FFFFFFFFFFFFFFFFFFFFFFFFFFFFFFFF62
:10F6B800FFFFFFFFFFFFFFFFFFFFFFFFFFFFFFFF52
:10F6C800FFFFFFFFFFFFFFFFFFFFFFFF484A585AFA
:10F6D800B2B1DDD8DAD6D8D4D4D0D0CDCCC9C9C748
:10F6E800D1CD6264FFFFFFFFFFFFFFFFFFFF525412
:10F6F8005A5CA4A69D9E9999939495979CA0A3A7BC
:10F70800A8AEA3AAC6C64F515B5DB5C0BAC6BDC9EF
:10F71800C0CBC4CDC5CEC8CFCCD2CDD2D0D4D1D613
:10F72800D4D9D7D9DADCDCDEDDDCE1E0E4E3494B2F
:10F73800FFFFFFFFFFFFFFFF9597585A5658D5D296
:10F74800EFE8D3CFD4D4FFFFFFFFFFFFFFFFFFFF9A
:10F75800FFFFFFFFFFFFFFFF6251E61DE61DE61DED
:10F76800E61DE61DE61DE61DE61DE61DE61DE61D79
:10F7780057595B5EEEE8EAE5E9E3E7E2E6E1E5E052
:10F78800E3DEE2DF5A5CFFFFADB0585A5052D7D2E1
:10F79800D0CDCDCACAC8C7C4C5C2C2C0BFBE5455E1
:10F7A800FFFFACAD585A5254ADACA6A5A1A29F9E7E
:10F7B8009B9C9798939495975B5FCDCF585A5153DC
:10F7C800B0B8AFBAB3BEB6C2B8C4BBC6BDC7C0CA6C
:10F7D8006162FFFFC5C5585A4F51D2D7D0D5767848
:10F7E800C1C2FFFFFFFFFFFFFFFFFFFFFFFFFFFF9C
:10F7F800FFFFFFFFFFFFFFFFFFFFFFFF7677585A6E
:10F8080057595456F6F1EDE9FDF6A0A1FFFFFFFFA9
:10F81800FFFFFFFFFFFFFFFFFFFFFFFFFFFFFFFFF0
:10F82800FFFFFFFFFFFFFFFFFFFFFFFFFFFFFFFFE0
:10F83800FFFFFFFFFFFFFFFFFFFFFFFFFFFFFFFFD0
:10F848004A4A5858B5B6E3E0DFDDDDDAD9D7D6D471
:10F85800D3D0CFCCD6D46261FFFFFFFFFFFFFFFFFD
:10F86800FFFF5353595AAAA9A2A19D9C9898949313
:10F8780097979D9CA3A29FA0C6C64F4F5A5BB1B352
:10F88800B5B8B9BBBDBEC0C1C2C3C6C6C9C9CCCC58
:10F89800CFCFD2D0D4D1D6D5D8D7DCD9DEDCE0DEF4
:10F8A800E6E34949FFFFFFFFFFFFFFFF49495858BB
:10F8B8004B4BFDF8F1EDFFFC4C4DFFFFFFFFFFFF49
:10F8C800FFFFFFFFFFFFFFFFFFFFFFFFB5E6B5E606
:10F8D800B5E6B5E6B5E6CBE9B5E6B5E6B5E6B5E62F
:10F8E800B5E6B5E658575B5BF3EEEFECEDEAECEA0C
:10F8F800EBE7EBE5E8E5E6E45958FFFFABAB565616
:10F908004F50DBD8D5D3D3D0D0CDCCCACAC7C7C502
:10F91800C4C25453FFFFACAC58585252B2AFAAA954
:10F92800A7A6A2A19F9E9C9B979793925A5ABCBC4C
:10F9380058585251ABACABAEAFB1B1B4B2B6B5B822
:10F94800B9BBBBBD6060FFFFC5C55858504FD0D08C
:10F95800CDCDD4D34748FFFFFFFFFFFFFFFFFFFFD9
:10F96800FFFFFFFFFFFFFFFFFFFFFFFFFFFFD4D4F5
:10F97800585858585858B5B4EFECF2EDFFFCA0A011
:10F98800FFFFFFFFFFFFFFFFFFFFFFFFFFFFFFFF7F
:10F99800FFFFFFFFFFFFFFFFFFFFFFFFFFFFFFFF6F
:10F9A800FFFFFFFFFFFFFFFFFFFFFFFFFFFFFFFF5F
:10F9B800FFFFFFFF4A4C585AB6B4E0DADDD8DAD573
:10F9C800D7D4D4D0D0CDCCC8D4D16164FFFFFFFF49
:10F9D800FFFFFFFFFFFF53555A5CA9AAA1A29C9DF8
:10F9E8009899939497989CA1A2A7A0A5C6C64F5191
:10F9F8005B5DB3BFB8C4BBC6BEC8C1CBC3CCC6CEA3
:10FA0800C9D0CCD2CFD4D0D4D1D7D5D9D7D9D9DCB5
:10FA1800DCDDDEDEE3E2494BFFFFFFFFFFFFFFFF18
:10FA2800494C585A4B4EF8F2EDE9FCF54D4FFFFFA3
:10FA3800FFFFFFFFFFFFFFFFFFFFFFFFFFFFFFFFCE
:10FA4800E61DE61DE61DE61DE61DE963E61DE61D4D
:10FA5800E61DE61DE61DE61D57595B5EEEE8ECE681
:10FA6800EAE4EAE3E7E2E5E0E5DFE4DF585AFFFF2E
:10FA7800ABAC56585051D8D5D3CFD0CDCDCACAC8C3
:10FA8800C7C5C5C2C2BF5356FFFFACAD585A525482
:10FA9800AFB0A9A9A6A5A1A39E9E9B9C9798929357
:10FAA8005A5DBCBD585A5153ACB3AEB4B1BBB4BF28
:10FAB800B6C3B8C5BBC6BDC76062FFFFC5C5585A47
:10FAC8004F51D0D6CDD2D3D8484AFFFFFFFFFFFF12
:10FAD800FFFFFFFFFFFFFFFFFFFFFFFFFFFFFFFF2E
:10FAE800FFFFD4D5585A585A585AB4B2ECE7EDE744
:10FAF800FCF6A0A1FFFFFFFFFFFFFFFFFFFFFFFFD7
:10FB0800FFFFFFFFFFFFFFFFFFFFFFFFFFFFFFFFFD
:10FB1800FFFFFFFFFFFFFFFFFFFFFFFFFFFFFFFFED
:10FB2800FFFFFFFFFFFFFFFF4A4A5858B5B5E5E161
:10FB3800E1DEDEDDDDD9D9D6D5D4D3CFDAD762611F
:10FB4800FFFFFFFFFFFFFFFFFFFF5353595AAFAD02
:10FB5800A6A5A2A19E9D9897939298979B9E9A9AE4
:10FB6800C5C54949595AAFB1B5B7B6B8B9BBBDBE95
:10FB7800C0C1C3C3C7C7C9C9CDCDCFCFD2D1D5D3D3
:10FB8800D6D5D9D8DAD8DEDCE4E04949FFFFFFFF53
:10FB9800FFFFFDFD555556566C6DF2EDF2ECF1ED9B
:10FBA8006060FFFFFFFFFFFFFFFFFFFFFFFFFFFF9B
:10FBB800FFFFE1F5B5E6B5E6B5E6B5E6B5E6F4F07E
:10FBC800B5E6B5E6B5E6B5E6B5E6B5E658575B5B26
:10FBD800F3EFF1ECEFECECEAECE8EAE7EAE5E9E66A
:10FBE8005757FFFF969656564E50DFDCD8D5D6D3DA
:10FBF800D3D0CFCCCCCACAC7C7C45454FFFFACAC0F
:10FC080058585353B4B3AFACAAA9A6A5A3A19F9EB5
:10FC18009B9B97985959BCBC58585152A8A9A8AA57
:10FC2800ABAEAFB2B1B5B5B7B5B8B8BB5F60FFFFA3
:10FC3800C5C55858514FCDCDCBCBCECEDDDC3737EF
:10FC4800FFFFFFFFFFFFFFFFFFFFFFFFFFFFFFFFBC
:10FC5800FFFFFFFFFFFF5353585857596565F0ECF6
:10FC6800F0ECF0EDFFFBA0A0FFFFFFFFFFFFFFFFA1
:10FC7800FFFFFFFFFFFFFFFFFFFFFFFFFFFFFFFF8C
:10FC8800FFFFFFFFFFFFFFFFFFFFFFFFFFFFFFFF7C
:10FC9800FFFFFFFFFFFFFFFFFFFFFFFF4A4C585A20
:10FCA800B5B4E1DDDEDADDD7D9D5D6D3D4CFCFCC24
:10FCB800D7D46164FFFFFFFFFFFFFFFFFFFF53552E
:10FCC8005A5CADADA5A6A1A19D9D979892939798D2
:10FCD8009EA19A9FC5C6494B5A5CB1BBB7C2B8C46E
:10FCE800BBC6BEC9C1CAC3CCC7CFC9D0CDD3CFD478
:10FCF800D1D4D3D7D5D9D8DAD8DBDCDEE0E0494B8C
:10FD0800FFFFFFFFFFFFFDFC555756586D6FEDE8ED
:10FD1800ECE8EDEA6063FFFFFFFFFFFFFFFFFFFF77
:10FD2800FFFFFFFFFFFFF5A5E61DE61DE61DE61D2B
:10FD3800E61DF0EAE61DE61DE61DE61DE61DE61DCC
:10FD480057595B5EEFEAECE5ECE6EAE4E8E3E7E264
:10FD5800E5E0E6DF5758FFFF969856585051DCD833
:10FD6800D5D2D3D0D0CDCCCACAC8C7C4C4C25455C2
:10FD7800FFFFACAD585A5354B3B3ACACA9A9A5A670
:10FD8800A1A29E9E9B9B9897595DBCBD585A525301
:10FD9800A9AFAAB0AEB6B2BBB5BFB7C3B8C5BBC7EB
:10FDA8006062FFFFC5C5585A4F51CDD4CBD1CED2D2
:10FDB800DCE13739FFFFFFFFFFFFFFFFFFFFFFFF1A
:10FDC800FFFFFFFFFFFFFFFFFFFF5355585A595B27
:10FDD8006567ECE7ECE7EDE8FBF5A0A1FFFFFFFFA7
:10FDE800FFFFFFFFFFFFFFFFFFFFFFFFFFFFFFFF1B
:10FDF800FFFFFFFFFFFFFFFFFFFFFFFFFFFFFFFF0B
:10FE0800FFFFFFFFFFFFFFFFFFFFFFFFFFFFFFFFFA
:10FE18004A4A5858B8B6E6E3E4E1E2DFDFDDDCD968
:10FE2800D9D6D5D4DEDB6161FFFFFFFFFFFFFFFFFF
:10FE3800FFFF5353595AB3B2AAA9A6A5A2A29D9CE3
:10FE48009797929298989696B8B8FFFF57576A6B0B
:10FE58006A6B6C6C6E6E6A69C2C3C1C2C3C4C6C623
:10FE6800CACACCCCCFCFD2D0A09F7374747373742A
:10FE780075754747FFFFFFFFFFFF8787585857579C
:10FE8800E2DFF0ECF1EDF1ECDBD8C3C3FFFFFFFFDD
:10FE9800FFFFFFFFFFFFFFFFFFFFB5E6B5E6B5E693
:10FEA800B5E6B5E6DFEDF4F0B5E6B5E6B5E6B5E6F8
:10FEB800B5E6B5E658575C5CF3F0F1ECF1EBEFEC26
:10FEC800EDEBECE9E9E7EBE75856FFFF9696565657
:10FED800504EE0DCDBD9D9D5D4D3D2CFCFCCCACAE7
:10FEE800C9C65454FFFFACAC58585353B7B7B1B058
:10FEF800ADACAAA8A6A5A3A19E9D9B9A595ABCBC25
:10FF080058585252A4A5A5A6A9A9ACAFAEB2B2B58D
:10FF1800B4B7B6B95F5FFFFFC5C55858514FCACAD5
:10FF2800C9C9CCCCCECEDBD93F3FFFFFFFFFFFFFD7
:10FF3800FFFFFFFFFFFFFFFFFFFFFFFF454558588B
:10FF480057574343F3F0EEEBF0ECF0ECFEFBA0A0C8
:10FF5800FFFFFFFFFFFFFFFFFFFFFFFFFFFFFFFFA9
:10FF6800FFFFFFFFFFFFFFFFFFFFFFFFFFFFFFFF99
:10FF7800FFFFFFFFFFFFFFFFFFFFFFFFFFFFFFFF89
:10FF8800FFFFFFFF4A4C585AB6B5E3DEE1DEDFDA81
:10FF9800DDD8D9D5D6D3D4CFDBD76164FFFFFFFF37
:10FFA800FFFFFFFFFFFF53555A5CB2B2A9A9A5A5F1
:10FFB800A2A19C9D97989293989A9699B8B9FFFF99
:10FFC80057596B6E6B6F6C706E72696DC3CFC2CA16
:10FFD800C4CCC6CECAD0CCD2CFD4D0D39FA374754C
:10FFE8007375747575774749FFFFFFFFFFFF8787B4
:08FFF800585A5759DFDDECE710
:020000021000EC
:10000000EDE8ECE7D8D5C3C4FFFFFFFFFFFFFFFF1C
:10001000FFFFFFFFFFFFE61DE61DE61DE61DE61DD7
:10002000EDA6F0EAE61DE61DE61DE61DE61DE61D51
:1000300057595C5DF0E9ECE8EBE5ECE6EBE4E9E36D
:10004000E7E2E7E25659FFFF969856584E52DCD841
:10005000D9D5D5D3D3CECFCCCCC9CAC8C6C55457B1
:10006000FFFFACAD585A5355B7B6B0B0ACADA8A968
:10007000A5A6A1A29D9E9A9A5A5CBCBD585A5254FC
:10008000A5A8A6ACA9B1AFB7B2BCB5C0B7C3B9C536
:100090005F63FFFFC5C5585A4F51CAD3C9CFCCD2F1
:1000A000CED2D9DF3F42FFFFFFFFFFFFFFFFFFFF81
:1000B000FFFFFFFFFFFFFFFF4547585A57594346D1
:1000C000F0ECEBE7ECE7ECE7FBF5A0A1FFFFFFFFAF
:1000D000FFFFFFFFFFFFFFFFFFFFFFFFFFFFFFFF30
:1000E000FFFFFFFFFFFFFFFFFFFFFFFFFFFFFFFF20
:1000F000FFFFFFFFFFFFFFFFFFFFFFFFFFFFFFFF10
:100100004A4A5858B9B8E9E5E6E2E4E2E2DFDFDD61
:10011000DDDAD8D5E2DF6161FFFFFFFFFFFFFFFF00
:10012000FFFF5353595AB6B5AEADAAA9A6A5A2A1D1
:100130009C9A989792929190B8B8FFFFFFFFFFFFAB
:10014000FFFFF8F857575151C1C2BEBEC1C1C4C369
:10015000C7C7CACACCCDCFCE8D8DFFFFFFFFFFFF33
:10016000FFFFFFFFFFFFFFFFFFFF48485858494AC6
:10017000F6F2EEEBEFEBF1EDFEF84646FFFFFFFF88
:10018000FFFFFFFFFFFFFFFFCFEFB5E6B5E6B5E6E8
:10019000B5E6B9E7F4F0F4F0B5E6B5E6B5E6B5E6F0
:1001A000B5E6B5E658575F60F4F0F1EDF1ECF1EC2F
:1001B000EFECECEAECE8EBE95857FFFF9696565661
:1001C0004F4FE1E0DDDADBD8D9D6D4D3D3D0CFCCD2
:1001D000CBCA5554FFFFACAC58585151BCBAB4B45B
:1001E000B0AFAEADAAA8A6A5A3A1A09F5555BCBC13
:1001F000585853539F9FA1A2A5A7A8ABADAFB0B2CB
:10020000B2B4B3B75E5FFFFFC5C558585150C9C9F6
:10021000C6C6C9C9CBCBCDCDB0B07A7AFFFFFFFF40
:10022000FFFFFFFFFFFFFFFFFFFF404058585757FA
:100230004848FDFAECE9EDEAEDEBF0ECFEFAA0A09F
:10024000FFFFFFFFFFFFFFFFFFFFFFFFFFFFFFFFBE
:10025000FFFFFFFFFFFFFFFFFFFFFFFFFFFFFFFFAE
:10026000FFFFFFFFFFFFFFFFFFFFFFFFFFFFFFFF9E
:10027000FFFFFFFF4A4C585AB8B7E5E0E2DDE2DE87
:10028000DFDADDD8DAD6D5D2DFDB6164FFFFFFFF2E
:10029000FFFFFFFFFFFF53555A5CB5B6ADADA9A9EF
:1002A000A5A5A1A19A9C979892939093B8B9FFFFA6
:1002B000FFFFFFFFFFFFF8F857595152C2CEBEC9EA
:1002C000C1CAC3CCC7CFCACFCDD2CED38D90FFFF8A
:1002D000FFFFFFFFFFFFFFFFFFFFFFFFFFFF484B99
:1002E000585A4A4CF2EEEBE7EBE6EDE8F8F24649F5
:1002F000FFFFFFFFFFFFFFFFFFFFFFFFEF6BE61DAD
:10030000E61DE61DE61DE72CF0EAF0EAE61DE61D17
:10031000E61DE61DE61DE61D57596062F0EAEDE7B1
:10032000ECE8ECE5ECE6EAE4E8E3E9E45759FFFF42
:10033000969856584F52E0DBDAD7D8D4D6D3D3CEDE
:10034000D0CDCCC9CAC85456FFFFACAD585A515590
:10035000BAB9B4B2AFB0ADADA8A9A5A5A1A29F9EF0
:100360005557BCBD585A53559FA3A2A6A7ABABB2D5
:10037000AFB6B2BCB4BFB7C35F63FFFFC5C5585AC1
:100380005051C9D1C6CFC9CECBD1CDD2B0B57A7B71
:10039000FFFFFFFFFFFFFFFFFFFFFFFFFFFF4042E9
:1003A000585A5759484BFAF7E9E6EAE6EBE7ECE723
:1003B000FAF4A0A1FFFFFFFFFFFFFFFFFFFFFFFF1A
:1003C000FFFFFFFFFFFFFFFFFFFFFFFFFFFFFFFF3D
:1003D000FFFFFFFFFFFFFFFFFFFFFFFFFFFFFFFF2D
:1003E000FFFFFFFFFFFFFFFF4A4A5858BAB8EAE68F
:1003F000E9E5E6E3E4E2E3DFDFDDDDD9E6E26161E2
:10040000FFFFFFFFFFFFFFFFFFFF5353595ABBBA28
:10041000B3B2B0ADAAA9A6A6A1A09C9B97978A8DBE
:10042000B8B8FFFFFFFFFFFFFFFFEBEB575751513E
:10043000BDC0BABBBEBFC1C1C4C4C7C7CACACCCC89
:100440008C8DF7F7FFFFFFFFFFFFFFFFFFFFFFFFB1
:10045000F0F0565657578182EAE7ECE8EDEBEFEB08
:10046000F1ED6767FFFFFFFFFFFFFFFFFFFFFFFFEC
:10047000B5E6B5E6B5E6B5E6B5E6EEEFF4F0F4F0D0
:10048000B5E6B5E6B5E6B5E6B5E6B5E65757626159
:10049000F3EFF3EFF0EDF1ECF1EBEFECEDEBEDEA78
:1004A0005857FFFF969656564F4FE5E2DFDDDEDBED
:1004B000DBD8D9D5D5D4D3D0D0CD5455FFFFACACF3
:1004C00058585252BFBEB7B7B4B3B1B1ADABA9A97A
:1004D000A5A4A3A25353BCBC585852539A9A9C9CAF
:1004E000A1A2A6A7AAABACAEB0B2B2B65F60FFFF46
:1004F000C5C558585150C6C7C3C4C6C6C8C8CBCB5B
:10050000CECE7272CBCBFFFFFFFFFFFFFFFFFFFFDF
:100510007D7D585857585555F2EFE7E4E9E6ECE988
:10052000ECE8EDEAFDFAA0A0FFFFFFFFFFFFFFFFF1
:10053000FFFFFFFFFFFFFFFFFFFFFFFFFFFFFFFFCB
:10054000FFFFFFFFFFFFFFFFFFFFFFFFFFFFFFFFBB
:10055000FFFFFFFFFFFFFFFFFFFFFFFF4A4C585A5F
:10056000B8B7E6E1E5E0E3DEE2DEDFD9DDD7D9D5F5
:10057000E2DE6164FFFFFFFFFFFFFFFFFFFF535558
:100580005A5CBAB9B2B2ADADA9A9A6A5A0A09B9C70
:1005900097988D8EB8B9FFFFFFFFFFFFFFFFEBEAD3
:1005A00057595152C0CCBBC6BFC9C1C9C4CCC7CEB4
:1005B000CAD0CCD28D8FF7F7FFFFFFFFFFFFFFFF01
:1005C000FFFFFFFFF0F0565957598283E7E4E8E652
:1005D000EBE7EBE6EDE86769FFFFFFFFFFFFFFFFDB
:1005E000FFFFFFFFE61DE61DE61DE61DE61DEFD73A
:1005F000F0EAF0EAE61DE61DE61DE61DE61DE61D35
:1006000057596164EFE9EFE9EDE7ECE8EBE5ECE67B
:10061000EBE4EAE45759FFFF969856584F52E2DD53
:10062000DDD8DBD7D8D4D5D3D4CFD0CDCDC955568E
:10063000FFFFACAD585A5254BEBDB7B6B3B2B1B15C
:10064000ABACA9A8A4A5A2A35355BCBD585A5355F9
:100650009A9C9CA0A2A6A7ADABB2AEB7B2BCB6C1E5
:100660006062FFFFC5C5585A5051C7CFC4CCC6CE33
:10067000C8D0CBD1CED27274CBCDFFFFFFFFFFFF2E
:10068000FFFFFFFF7D7F585A585A5557EFEDE4E3BF
:10069000E6E3E9E6E8E6EAE7FAF4A0A1FFFFFFFFF8
:1006A000FFFFFFFFFFFFFFFFFFFFFFFFFFFFFFFF5A
:1006B000FFFFFFFFFFFFFFFFFFFFFFFFFFFFFFFF4A
:1006C000FFFFFFFFFFFFFFFFFFFFFFFFFFFFFFFF3A
:1006D0004A4A5858BAB9EBE7EBE7E7E5E6E3E4E165
:1006E000E2DFDFDCEAE56060FFFFFFFFFFFFFFFF07
:1006F000FFFF5353595ABFBDB7B5B2B1AEADAAA9AA
:10070000A4A4A0A09B9A908FB6B6FFFFFFFFFFFFA7
:10071000FFFFEBEB57575151BCBEB5B9BABCBDBEDC
:10072000C0C2C4C3C7C7CACA8C8CF7F7FFFFFFFF9C
:10073000FFFFFFFFFFFFFFFF6C6C58585656E9E7BD
:10074000E9E6EBE8ECE9EDEAEFEBE7E5ADADFFFF5D
:10075000FFFFFFFFFFFFBFE9B5E6B5E6B5E6B5E68B
:10076000C7EBF4F0F4F0F4F0B5E6B5E6B5E6B5E6BF
:10077000B5E6B5E652516261F5F1F3EFF3EFEFED57
:10078000F1ECF1EBF0ECEEEC5858FFFF9696565674
:100790004F4FE7E4E2DFDFDDDEDBDAD8D8D4D5D3B4
:1007A000D4D15454FFFFACAC58585252C2BFBCBA5B
:1007B000B8B6B5B3B0B0ADACA9A8A7A65353BCBCEE
:1007C00058585353949398989C9DA1A3A6A7A9AB5E
:1007D000ADAFB0B25F5FFFFFC5C558584F4FC3C440
:1007E000C2C2C4C5C6C6C9C9CBCBD3D24545FFFF1B
:1007F000FFFFFFFFFFFFD0D0585858585858B3B3E9
:10080000E5E1E6E3E7E4E9E6EBE9ECE9FCF9A0A0E1
:10081000FFFFFFFFFFFFFFFFFFFFFFFFFFFFFFFFE8
:10082000FFFFFFFFFFFFFFFFFFFFFFFFFFFFFFFFD8
:10083000FFFFFFFFFFFFFFFFFFFFFFFFFFFFFFFFC8
:10084000FFFFFFFF4A4C585AB9B7E7E2E7E2E5DF9E
:10085000E3DEE1DEDFDADCD8E5E06062FFFFFFFF28
:10086000FFFFFFFFFFFF53555A5CBDBCB5B5B1B1EB
:10087000ADADA9A9A4A4A09F9A9B8F90B6B7FFFF86
:10088000FFFFFFFFFFFFEBEA57595152BECAB9C441
:10089000BCC6BEC8C2C9C3CBC7CECAD08C8FF7F7FF
:1008A000FFFFFFFFFFFFFFFFFFFFFFFF6C6F585AC7
:1008B0005658E7E4E6E3E8E5E9E6EAE7EBE6E5E1F2
:1008C000ADAEFFFFFFFFFFFFFFFFE93BE61DE61DAB
:1008D000E61DE61DEB52F0EAF0EAF0EAE61DE61D41
:1008E000E61DE61DE61DE61D51546164F1EBEFE9DE
:1008F000EFE9EDE7ECE8EBE5ECE6ECE55858FFFF57
:10090000969856584F51E4E0DFDBDDD9DBD7D8D4D9
:10091000D4D2D3CFD1CE5456FFFFACAD585A525497
:10092000BFBEBAB9B6B6B3B2B0B0ACACA8A8A6A6B2
:100930005355BCBD585A5355939498999DA0A3A85C
:10094000A7ADABB2AFB7B2BC5F62FFFFC5C5585A27
:100950004F51C4CFC2CAC5CCC6CEC9CFCBD1D2D7D6
:100960004547FFFFFFFFFFFFFFFFD0D1585A585AFE
:10097000585AB3B3E1E0E3E1E4E3E6E3E9E6E9E5AD
:10098000F9F4A0A1FFFFFFFFFFFFFFFFFFFFFFFF45
:10099000FFFFFFFFFFFFFFFFFFFFFFFFFFFFFFFF67
:1009A000FFFFFFFFFFFFFFFFFFFFFFFFFFFFFFFF57
:1009B000FFFFFFFFFFFFFFFF4A4A5858BABAEDEAB0
:1009C000ECE7EBE7E8E5E6E3E4E1E1DEEDE97272AE
:1009D000FFFFFFFFFFFFFFFFFFFF5353595AC2C145
:1009E000BAB8B6B5B1B1AEADA9A7A4A4A09F939271
:1009F000D7D7FFFFFFFFFFFFFFFFEBEB575751512B
:100A0000B9BCB4B8B7B9BBBCBFC0C2C2C4C5C7C704
:100A10008B8CF7F7FFFFFFFFFFFFFFFFFFFFFFFFDD
:100A20004B4B58584949EBE8E7E4E8E6EBE9ECE9D9
:100A3000EDEAF9F43C3DFFFFFFFFFFFFF1FAB5E6F9
:100A4000B5E6B5E6B5E6B5E6FDF9F2F0F4F0F4F09A
:100A5000B5E6B5E6B5E6B5E6B5E6B5E6E8E55C5C6F
:100A6000F5F1F4F0F3EFF3EFEFEDF1ECF1EBF0EC87
:100A70005757FFFF969656564F4FEAE5E4E1E2DFFF
:100A8000DFDDDEDBDBD8D8D4D5D35555FFFFACACEA
:100A900058585252C5C2BEBCBBB9B8B7B4B3B0B156
:100AA000ADACAAA95253BCBC5858535397979292D5
:100AB0009A989D9EA2A3A6A7A9AAAEAF5C5DFFFFD0
:100AC000B5B558584F4FC1C1BFC0C1C2C4C4C7C7D4
:100AD000C9C9CCCCDBDB3837FFFFFFFFFFFF535327
:100AE00058585858696AE2DFE3E0E4E2E6E3E8E5F3
:100AF000E8E7EBE8FBF8A0A0FFFFFFFFFFFFFFFF29
:100B0000FFFFFFFFFFFFFFFFFFFFFFFFFFFFFFFFF5
:100B1000FFFFFFFFFFFFFFFFFFFFFFFFFFFFFFFFE5
:100B2000FFFFFFFFFFFFFFFFFFFFFFFF4A4C585A89
:100B3000BAB9EAE4E7E3E7E2E5E0E3DEE1DCDEDAE6
:100B4000E9E37274FFFFFFFFFFFFFFFFFFFF535555
:100B50005A5CC1BEB8B7B5B4B1B1ADADA7A7A4A337
:100B60009F9F9294D7D8FFFFFFFFFFFFFFFFEBEAA5
:100B700057595153BCC8B8C3B9C5BCC6C0C9C2CB0C
:100B8000C5CCC7CE8C8EF7F7FFFFFFFFFFFFFFFF3F
:100B9000FFFFFFFF4B4D585A494BE8E7E4E2E6E21E
:100BA000E9E5E9E5EAE7F4EF3D3FFFFFFFFFFFFF7F
:100BB000FAD5E61DE61DE61DE61DE61DF9F3F0EA91
:100BC000F0EAF0EAE61DE61DE61DE61DE61DE61D5F
:100BD000E5E15C5FF1EBF0EAEFE9EFE9EDE7ECE787
:100BE000EBE5ECE75758FFFF969856584F50E5DF76
:100BF000E1DCDFDADDD8DBD7D8D4D4D2D3CE555779
:100C0000FFFFACAD585A5254C2C2BCBBB9B9B7B65B
:100C1000B3B2B1B0ACACA9A95355BCBD585A5355E9
:100C200097989293989A9EA2A3A8A7AEAAB2AFB99A
:100C30005D5FFFFFB5B7585A4F50C1CDC0CAC2CA99
:100C4000C4CCC7CFC9CFCCD2DBE1373AFFFFFFFF1F
:100C5000FFFF5355585A585A6A6BDFDFE0DFE2E175
:100C6000E3E1E5E2E7E4E8E6F8F3A0A1FFFFFFFF38
:100C7000FFFFFFFFFFFFFFFFFFFFFFFFFFFFFFFF84
:100C8000FFFFFFFFFFFFFFFFFFFFFFFFFFFFFFFF74
:100C9000FFFFFFFFFFFFFFFFFFFFFFFFFFFFFFFF64
:100CA0004A4A5858BCBAEFEBEDEAEBE7EAE5E7E46D
:100CB000E6E3E3E0EDEB7171FFFFFFFFFFFFFFFFF6
:100CC000FFFF5353595AC7C5BEBCBAB8B6B5B2B187
:100CD000ADACA9A8A4A39798D6D6FFFFFFFFFFFF4E
:100CE000FFFFEBEB57575151B6B8B3B5B4B7B7BA2E
:100CF000BBBCBFBFC2C2C4C38989F7F7FFFFFFFFF8
:100D0000FFFFFFFFFFFFDEDE575757579291E3E0EB
:100D1000E6E3E7E4E8E6EBE8ECE8EEEA7D7DFFFFFA
:100D2000FFFFFFFFB5E6B5E6B5E6B5E6B5E67E95AD
:100D3000FDFAF3EEF3F0F4F0B5E6B5E6B5E6B5E6A8
:100D4000B5E6B5E6F3EFEBE8F4F0F4F0F4F0F3EF2A
:100D5000F3EFF0EDF1ECF2EC5353FFFF969656569D
:100D60004E4FEBE8E7E2E4E1E1DFDFDDDDD9DAD8A1
:100D7000D8D55353FFFF9D9D58585152C9C7C1BF85
:100D8000BEBCBBB9B8B6B4B3B0AFADAC5353BCBCCA
:100D9000585853539C9B969591929B9A9D9EA3A4C1
:100DA000A7A7AAAB5C5CFFFFB5B558584F4FBEBFB5
:100DB000BCBDC0C1C1C2C4C5C7C6CACACCCCD8D8C4
:100DC0004141FFFF4444585858584545E2E0DFDEB2
:100DD000E2DFE3E0E5E2E6E3E8E5EAE6FAF7A7A723
:100DE000FFFFFFFFFFFFFFFFFFFFFFFFFFFFFFFF13
:100DF000FFFFFFFFFFFFFFFFFFFFFFFFFFFFFFFF03
:100E0000FFFFFFFFFFFFFFFFFFFFFFFFFFFFFFFFF2
:100E1000FFFFFFFF4A4C585ABAB9EBE6EAE4E7E2B3
:100E2000E5E0E4DFE3DEE0DCEBE57173FFFFFFFF0D
:100E3000FFFFFFFFFFFF53555A5CC5C3BCBBB8B7EC
:100E4000B5B4B1B1ACACA8A7A3A39897D6D7FFFF10
:100E5000FFFFFFFFFFFFEBEA57595153B8C3B5C07F
:100E6000B7C4BAC6BCC7BFC9C2CBC3CB898DF7F75D
:100E7000FFFFFFFFFFFFFFFFFFFFDEDF575957595F
:100E80009193E0DFE3E2E4E2E6E3E8E5E8E6EAE7BF
:100E90007D7EFFFFFFFFFFFFE61DE61DE61DE61D51
:100EA000E61D953BFAF2EEE8F0EAF0EAE61DE61DF3
:100EB000E61DE61DE61DE61DEFE9E8E4F0EAF0EACE
:100EC000F0EAEFE9EFE9EDE7ECE7ECE65356FFFF78
:100ED000969856584F52E8E2E2DDE1DDDFD9DDD8E1
:100EE000D9D5D8D4D5D25354FFFF9D9E585A5254C9
:100EF000C7C4BFBFBCBBB9B9B6B6B3B2AFAFACAD78
:100F00005356BCBD585A53559B9C959592939A9CA9
:100F10009EA2A4A7A7AEABB45C5FFFFFB5B6585ABC
:100F20004F50BFCBBDC8C1CAC2CAC5CDC6CECAD03C
:100F3000CCD2D8DE4144FFFF4446585A585A45485F
:100F4000E0E2DEDDDFE0E0DFE2E1E3E1E5E2E6E38F
:100F5000F7F3A7A9FFFFFFFFFFFFFFFFFFFFFFFF63
:100F6000FFFFFFFFFFFFFFFFFFFFFFFFFFFFFFFF91
:100F7000FFFFFFFFFFFFFFFFFFFFFFFFFFFFFFFF81
:100F8000FFFFFFFFFFFFFFFF4A4A5858BAB9F1EAD7
:100F9000EFEAEDEAEBE7EAE6E7E4E7E1F1ED7171AC
:100FA000FFFFFFFFFFFFFFFFFFFF5353595ACAC761
:100FB000C2BFBEBCB9B9B5B4B1AFACABA9A79C9B1D
:100FC000D7D7FFFFFFFFFFFFFFFFEBEB5757525253
:100FD000B2B5B0B2B4B5B5B7B8BABBBDBFC0C1C287
:100FE0008889F6F6FFFFFFFFFFFFFFFFFFFF62624A
:100FF00058585455E5E3E1DEE4E1E5E3E7E4E8E6EB
:10100000ECE9ECEAEFEB9F9FFFFFDDF4B5E6B5E618
:10101000B5E6B5E6B5E65051FCF8F3EFF3EEF3F0C4
:10102000B5E6B5E6B5E6B5E6B5E6B5E6F4F0F4F056
:10103000F4F0F4F0F4F0F4F0F3EFF3EFEFEDF2EEA0
:101040005353FFFF969656564E4FECE8E7E4E7E31E
:10105000E3E0E2DFDFDDDCD9DAD95253FFFF9D9D0B
:1010600058585151CBC9C5C3C0BEBEBCBAB8B7B63B
:10107000B4B2B0B05353BCBC58585252A09F9999C7
:10108000949593929B9A9F9FA3A4A8A95C5DFFFF50
:10109000B5B558584F4FBBBDB9BCBDBEBFC0C1C32D
:1010A000C4C4C7C7CACACDCDABAB474758585757BA
:1010B0004A4BECEADCD9DEDCDFDEE1DFE3E0E5E24F
:1010C000E7E3E7E4F8F4B3B2FFFFFFFFFFFFFFFF42
:1010D000FFFFFFFFFFFFFFFFFFFFFFFFFFFFFFFF20
:1010E000FFFFFFFFFFFFFFFFFFFFFFFFFFFFFFFF10
:1010F000FFFFFFFFFFFFFFFFFFFFFFFF4A4C585AB4
:10110000B9B8EAE4EAE6EAE4E7E2E6E1E4DEE1DDF2
:10111000EDE87173FFFFFFFFFFFFFFFFFFFF535578
:101120005A5CC7C6BFBEBCBAB9B7B4B4AFAFABABFD
:10113000A7A79B9CD7D8FFFFFFFFFFFFFFFFEBEAAE
:1011400057595253B5BEB2BDB5C1B7C3BAC5BDC775
:10115000C0C9C2CB898DF6F6FFFFFFFFFFFFFFFF7F
:10116000FFFF6264585A5557E3E3DEDFE1DFE3E255
:10117000E4E3E6E3E9E6EAE5EBE89FA0FFFFF498A5
:10118000E61DE61DE61DE61DE61D5154F8F2EFE7EB
:10119000EEE8F0EAE61DE61DE61DE61DE61DE61D8D
:1011A000F0EAF0EAF0EAF0EAF0EAF0EAEFE9EFE973
:1011B000EDE7EEE85356FFFF969856584F51E8E397
:1011C000E4DFE3DDE0DCDFD9DDD8D9D5D9D553556F
:1011D000FFFF9D9E585A5154C9C5C3C0BEBEBCBB7B
:1011E000B8B9B6B5B2B2B0B05355BCBD585A5255E5
:1011F0009FA09999959692949A9B9FA3A4A8A9AF12
:101200005D5EFFFFB5B6585A4F50BDCABCC6BEC8DA
:10121000C0CBC3CCC4CCC7CECAD0CDD3ABB0474A69
:10122000585A57594B4DEAEDD9DBDCDDDEDDDFE006
:10123000E0DFE2E2E3E1E4E2F4F0B2B3FFFFFFFF5C
:10124000FFFFFFFFFFFFFFFFFFFFFFFFFFFFFFFFAE
:10125000FFFFFFFFFFFFFFFFFFFFFFFFFFFFFFFF9E
:10126000FFFFFFFFFFFFFFFFFFFFFFFFFFFFFFFF8E
:101270004A4A5858D5D3F1ECF0EBEDEAEDE9E9E74D
:10128000E9E5E6E3F5F07171FFFFFFFFFFFFFFFF08
:10129000FFFF53535859CFCCC5C3C1C0BDBBB9B86C
:1012A000B4B3B0AFACAB9F9ED6D6FFFFFFFFFFFF3E
:1012B000FFFFEBEB57575151AEB0ACAFB2B4B3B583
:1012C000B3B7B8BABCBCBFC08788FBFBFFFFFFFF4A
:1012D000FFFFFFFFFFFF4D4D58584C4CE0DEDFDDB8
:1012E000E1DEE4E1E6E3E7E4E9E6EBE9F3F03C3CE8
:1012F000FFFFB5E6B5E6B5E6B5E6B5E65E63505187
:10130000FCF8F1EEF3EFF3EEB5E6B5E6B5E6B5E6DB
:10131000B5E6B5E6F4F0F4F0F4F0F4F0F4F0F4F03F
:10132000F3EFF3EFF3EFF1EE5454FFFF96965656BA
:101330004E4EEEE9E9E5E7E4E7E2E3E0E1DEDEDD9B
:10134000DCD95352FFFF9D9D58585151CFCBC7C593
:10135000C4C2C1BFBEBBBBB8B7B6B4B35353BCBCA9
:1013600058585151A3A29D9C9898949293939A9AFD
:101370009F9FA3A55C5DFFFFB5B55858504FB8BA05
:10138000B7B9BABCBDBDC0C1C1C3C5C4C8C8C9C94D
:10139000CDCD6A6A58585454DFDED6D6DAD8DBD9B8
:1013A000DEDCE0DEE2DFE4E1E5E3E7E4F7F3B3B35C
:1013B000FFFFFFFFFFFFFFFFFFFFFFFFFFFFFFFF3D
:1013C000FFFFFFFFFFFFFFFFFFFFFFFFFFFFFFFF2D
:1013D000FFFFFFFFFFFFFFFFFFFFFFFFFFFFFFFF1D
:1013E000FFFFFFFF4A4C585AD3D0ECE7EBE5EAE5A4
:1013F000E9E4E7E2E5E0E3DEF0EA7172FFFFFFFF18
:10140000FFFFFFFFFFFF5355595BCCCAC3C1C0BEEE
:10141000BBBAB8B8B3B3AFB0ABAB9E9FD6D8FFFFE3
:10142000FFFFFFFFFFFFEBEA57595153B0B8AFB7CB
:10143000B4BEB5C1B7C4BAC6BCC8C0CA888BFBFBB2
:10144000FFFFFFFFFFFFFFFFFFFF4D4F585A4C4EBE
:10145000DEE0DDDDDEE0E1E0E3E2E4E2E6E3E9E672
:10146000F0EC3C3EFFFFE61DE61DE61DE61DE61D19
:1014700063525154F8F2EEE8EFE8EEE8E61DE61D9F
:10148000E61DE61DE61DE61DF0EAF0EAF0EAF0EAE8
:10149000F0EAF0EAEFE9EFE9EFE9EEE85456FFFF92
:1014A000969856584E51E9E4E5E0E4DFE2DDE0DBF2
:1014B000DEDADDD8D9D65255FFFF9D9E585A5153DA
:1014C000CBC9C5C2C2C0BFBEBBBAB8B8B6B5B3B14E
:1014D0005355BCBD585A5153A2A29C9D98999294C1
:1014E00093949A9D9FA3A5AA5D5FFFFFB5B6585A36
:1014F0004F51BAC7B9C5BCC6BDC9C1CBC3CDC4CC99
:10150000C8CEC9CFCDD36A6D585A5456DEE1D6D86D
:10151000D8DBD9DBDCDDDEDDDFE0E1E0E3E2E4E2E5
:10152000F3EFB3B4FFFFFFFFFFFFFFFFFFFFFFFF7E
:10153000FFFFFFFFFFFFFFFFFFFFFFFFFFFFFFFFBB
:10154000FFFFFFFFFFFFFFFFFFFFFFFFFFFFFFFFAB
:10155000FFFFFFFFFFFFFFFF4A4A5858D6D4F0EEC7
:10156000F1ECF0ECEDEAECE8EAE7E9E5F5F27171AF
:10157000FFFFFFFFFFFFFFFFFFFF53535859D1D07D
:10158000C9C7C6C3C1C0BEBBB9B8B4B3B1AFA3A1CC
:10159000D6D6FFFFFFFFFFFFFFFFEBEB5757525180
:1015A000AAABA8AAADB0B0B2B4B6B5B8B8BBBBBD13
:1015B0008686FBFBFFFFFFFFFFFFFFFFCFCF5757E5
:1015C0005758A3A3DBD8DDDBDFDCE1DFE4E1E5E3B3
:1015D000E7E4E9E6EBE98B8CC7ECB5E6B5E6B5E602
:1015E000B5E6C1E955555051FBF6F1EDF1EDF3EFDC
:1015F000B5E6B5E6B5E6B5E6B5E6B5E6F4F0F4F081
:10160000F4F0F4F0F4F0F4F0F4F0F4F0F3EFF4F0BC
:101610005453FFFF969656565454EFEBEBE6E8E52D
:10162000E6E3E6E1E3E0E1DEE1DE5353FFFF9D9D0B
:1016300058585151D1CDCBC7C7C5C5C3C1C0BEBA1B
:10164000BAB9B8B65252BCBC58585251A7A5A1A0BD
:101650009D9C9897959394949A9A9E9F5B5CFFFFAC
:10166000B5B55858504FB7B9B5B6B6B9B9BCBEBF85
:10167000C0C1C1C2C5C4C7C7CACAD1D14647ACAC34
:10168000D4D2D5D3D6D6DAD7DBD9DDDBE0DEE2DFC4
:10169000E3E0E4E3F4F1B3B3FFFFFFFFFFFFFFFF7D
:1016A000FFFFFFFFFFFFFFFFFFFFFFFFFFFFFFFF4A
:1016B000FFFFFFFFFFFFFFFFFFFFFFFFFFFFFFFF3A
:1016C000FFFFFFFFFFFFFFFFFFFFFFFF4A4C585ADE
:1016D000D4CFEEE7ECE7ECE6EAE4E8E3E7E2E5E0C6
:1016E000F2EB7172FFFFFFFFFFFFFFFFFFFF53559C
:1016F000595BD0CEC7C4C3C1C0BEBBBAB8B6B3B3C2
:10170000AFAFA1A2D6D7FFFFFFFFFFFFFFFFEBEABE
:1017100057595153ABB1AAB1B0B9B2BDB6C2B8C3F3
:10172000BBC6BDC8868CFBFBFFFFFFFFFFFFFFFFB3
:10173000CFD05759585AA3A5D8DBDBDCDCDDDFE07E
:10174000E1E0E3E2E4E3E6E3E9E68C8DEC55E61D57
:10175000E61DE61DE61DE94655575154F6F1EDE844
:10176000EDE8EFE7E61DE61DE61DE61DE61DE61DBC
:10177000F0EAF0EAF0EAF0EAF0EAF0EAF0EAF0EA99
:10178000EFE9F0EA5356FFFF969856585457EBE6A8
:10179000E6E1E5DFE3DEE1DDE0DBDED9DED953556E
:1017A000FFFF9D9E585A5153CDCBC7C5C5C2C3C07C
:1017B000C0BDBABAB9B8B6B65255BCBD585A5153E5
:1017C000A5A5A0A09C9D9799939494949A9D9FA35E
:1017D0005C5FFFFFB5B6585A4F51B9C6B6C2B9C51E
:1017E000BCC6BFC9C1CBC2CDC4CCC7CDCAD0D1D86D
:1017F0004749ACB0D2D6D3D7D6D8D7DAD9DBDBDDE0
:10180000DEDDDFE0E0E0E3E2F1EEB3B4FFFFFFFF97
:10181000FFFFFFFFFFFFFFFFFFFFFFFFFFFFFFFFD8
:10182000FFFFFFFFFFFFFFFFFFFFFFFFFFFFFFFFC8
:10183000FFFFFFFFFFFFFFFFFFFFFFFFFFFFFFFFB8
:101840004A4A5858D6D4F3EFF0EDF1ECEFECECEA5D
:10185000ECE9EAE7F9F37171FFFFFFFFFFFFFFFF1C
:10186000FFFF53535859D5D3CCC9C9C6C5C3C1C04E
:10187000BCBCB8B9B4B4A6A6D6D6FFFFFFFFFFFF25
:10188000FFFFEBEB57575252A6A6A4A6A9A9ADAFEE
:10189000B1B3B3B6B3B7B8BA8486FBFBFFFFFFFFA3
:1018A000FFFFFFFF555558585352DFDED7D6DAD920
:1018B000DDDBE0DDE3E0E3E0E5E4E8E5E9E6F3F0E5
:1018C000B5E6B5E6B5E6B5E6B5E6F6F655555051DA
:1018D000F9F6F0EBF1EDF1EDB5E6B5E6B5E6B5E616
:1018E000B5E6B5E6F4F0F4F0F4F0F4F0F4F0F4F06A
:1018F000F4F0F4F0F3EFF4F05453FFFF96965656DD
:101900005454F0EDECE8EBE6E9E5E6E3E7E2E4E089
:10191000E2DF5353FFFF9D9D58585051D4D1CDCA9B
:10192000CAC7C7C5C3C2C1BFBDBCBBB95252BCBC8C
:1019300058585151AAA9A4A2A1A09C9B98989493ED
:1019400094949A9C5C5CFFFFB5B558585050B6B85B
:10195000B4B6B4B7B7B9BBBBBDBEC0C0C2C3C4C4C4
:10196000C7C7CACAD2D2CFCED1D0D4D2D5D2D7D57A
:10197000D9D8DCDADEDCDFDDE2DFE3E0F3F0B3B3BD
:10198000FFFFFFFFFFFFFFFFFFFFFFFFFFFFFFFF67
:10199000FFFFFFFFFFFFFFFFFFFFFFFFFFFFFFFF57
:1019A000FFFFFFFFFFFFFFFFFFFFFFFFFFFFFFFF47
:1019B000FFFFFFFF4A4C585AD4CFEFE9EDE7ECE7C1
:1019C000ECE6EAE4E9E3E7E2F3ED7172FFFFFFFF23
:1019D000FFFFFFFFFFFF5355595BD3D0C9C7C6C3F5
:1019E000C3C1C0BEBCBBB9B6B4B3A6A6D6D7FFFFB1
:1019F000FFFFFFFFFFFFEBEA57595254A6ABA6AC1F
:101A0000A9B2AFB8B3BEB6C2B7C4BAC5868AFBFB2B
:101A1000FFFFFFFFFFFFFFFF5557585A5254DEE10B
:101A2000D6D8D9DBDBDDDDDDE0E0E0E0E4E2E5E2D5
:101A3000E6E3F0EDE61DE61DE61DE61DE61DF6F605
:101A400055575154F6F1EBE7EDE8EDE8E61DE61DDC
:101A5000E61DE61DE61DE61DF0EAF0EAF0EAF0EA12
:101A6000F0EAF0EAF0EAF0EAEFE9F0EA5356FFFFB5
:101A7000969856585455EDE7E8E3E6E1E5E0E3DFF4
:101A8000E2DDE0DBDFDA5355FFFF9D9E585A5153EC
:101A9000D1CECAC8C7C5C5C3C2BFBFBEBCBAB9B81C
:101AA0005254BCBD585A5153A9A9A2A3A0A09B9CB3
:101AB0009899939494969C9C5C5FFFFFB5B6585A96
:101AC0005051B8C2B6C1B7C3B9C6BBC5BEC8C0CBFA
:101AD000C3CDC4CCC7CECAD0D2D8CED3D0D4D2D620
:101AE000D2D6D5D8D8DADADBDCDDDDDCDFE0E0E049
:101AF000F0EEB3B4FFFFFFFFFFFFFFFFFFFFFFFFAD
:101B0000FFFFFFFFFFFFFFFFFFFFFFFFFFFFFFFFE5
:101B1000FFFFFFFFFFFFFFFFFFFFFFFFFFFFFFFFD5
:101B2000FFFFFFFFFFFFFFFF4A4A5858D6D4F2EEEF
:101B3000F3EFF0EDF1EDEFECEDEAEDE9FBF67372AA
:101B4000FFFFFFFFFFFFFFFFFFFF53535859D9D699
:101B5000D0CDCAC9C8C6C5C4C0BFBCBBB8B7A0A099
:101B6000D7D7FFFFFFFFFFFFFFFFEBEB57575252A7
:101B70009EA0A1A1A5A7A9ACAEB0B1B3B4B6B5B8AB
:101B80007D7EFBFBFFFFFFFFFFFFFFFF505057571E
:101B90005757D6D4D5D4D8D7DAD8DDDBE0DDE2DFAD
:101BA000E4E1E6E3E8E4C6E7B5E6B5E6B5E6B5E6C2
:101BB000D5F1F6F655555051F8F3EFECF1ECF2ECA7
:101BC000B5E6B5E6B5E6B5E6B5E6B5E6F4F0F4F0AB
:101BD000F4F0F4F0F4F0F4F0F4F0F4F0F4F0F4F0E5
:101BE0005453FFFF969656565454F1ECEDE9ECE64B
:101BF000EBE6E9E5E6E4E6E3E5DF5453FFFF9D9D10
:101C000058585150D7D4CFCBCCCACBC8C7C4C3C205
:101C1000C0BFBEBC5353BCBC58585050ADACA7A6B7
:101C2000A4A3A09F9B9B9797939395955050FFFFDC
:101C3000B5B558585050B3B4B3B4B4B6B5B7B7BAD5
:101C4000BABCBEBFC1C1C2C3C5C5C8C8CACACCCC54
:101C5000CFCFD2D0D3D1D5D4D7D5DBD9DCD9DDDB2A
:101C6000E1DEE2DFF1EEB3B3FFFFFFFFFFFFFFFFB7
:101C7000FFFFFFFFFFFFFFFFFFFFFFFFFFFFFFFF74
:101C8000FFFFFFFFFFFFFFFFFFFFFFFFFFFFFFFF64
:101C9000FFFFFFFFFFFFFFFFFFFFFFFF4A4C585A08
:101CA000D4CFEEE8EFE9EDE7EDE7ECE6EAE4E9E4CE
:101CB000F6F07275FFFFFFFFFFFFFFFFFFFF5355B9
:101CC000595BD6D3CDC9C9C7C6C4C4C0BFBDBBBB91
:101CD000B7B6A0A1D7D8FFFFFFFFFFFFFFFFEBEADA
:101CE00057595254A0A3A1A6A7ADACB2B0B9B3BD89
:101CF000B6C3B8C47E83FBFBFFFFFFFFFFFFFFFF00
:101D0000505257595759D4D8D4D8D7D8D8DBDBDC60
:101D1000DDDCDFE0E1E0E3E1E4E2E758E61DE61DBB
:101D2000E61DE61DF180F6F655575154F3EEECE54D
:101D3000ECE7ECE8E61DE61DE61DE61DE61DE61DEA
:101D4000F0EAF0EAF0EAF0EAF0EAF0EAF0EAF0EAC3
:101D5000F0EAF0E95356FFFF969856585455ECE8D0
:101D6000E9E4E6E2E6E1E5E0E4DFE3DDDFDC53546D
:101D7000FFFF9D9E585A5053D4D0CBCACAC8C8C57D
:101D8000C4C3C2BFBFBDBCBB5355BCBD585A5053E2
:101D9000ACACA6A7A3A39F9F9B9B97989394959663
:101DA0005052FFFFB5B6585A5051B4BEB4BEB6C279
:101DB000B7C3BAC5BCC6BFC8C1CBC3CCC5CDC8CEDE
:101DC000CAD0CCD2CFD3D0D4D1D6D4D7D5D8D9DAE3
:101DD000D9DADBDEDEDDDFE0EEEDB3B4FFFFFFFFDF
:101DE000FFFFFFFFFFFFFFFFFFFFFFFFFFFFFFFF03
:101DF000FFFFFFFFFFFFFFFFFFFFFFFFFFFFFFFFF3
:101E0000FFFFFFFFFFFFFFFFFFFFFFFFFFFFFFFFE2
:101E10004A4A5858D6D4F4F0F3EFF3EFF0EEF1ED70
:101E2000F0ECEDEBFCF77272FFFFFFFFFFFFFFFF2F
:101E3000FFFF53535859DCDAD3D0CFCCCBC9C8C637
:101E4000C3C2C0BFBCBBA3A3D7D7FFFFFFFFFFFF29
:101E5000FFFFEBEB5757535398999B9CA1A2A5A763
:101E6000AAABAEB1B1B3B4B57678FBFBFFFFFFFF11
:101E7000FFFFB4B458585858B3B2D1CFD4D2D6D546
:101E8000D8D6DCD9DDDBE0DDE3E0E5E2E6E3B5E68C
:101E9000B5E6B5E6B5E6B5E6B5E6B5E6B5E6B5E66A
:101EA000B5E6B5E6B5E6B5E6B5E6B5E6B5E6B5E65A
:101EB000B5E6B5E6B5E6B5E6B5E6F4F0F4F0F4F06F
:101EC000F4F0F4F0F4F0F5F15453FFFF9696565603
:101ED0005354F3EEEEEAEDEAEBE7EBE6E9E6E6E390
:101EE000E8E44D4EFFFF9E9E58585151D9D7D3D0AC
:101EF000CFCCCCCAC9C7C6C4C4C1C1C15252BFBF6E
:101F000058585050B0AFABA9A7A6A3A29F9E9C9BC8
:101F1000989794935252FFFFB5B558585050AFB0B0
:101F2000AFB1B1B4B4B5B5B7B8B9BABCBEBFC0C132
:101F3000C2C3C5C5C8C8CACACDCCCFCFD2D0D3D1F1
:101F4000D5D3D7D5DAD9DDDADEDCE1DDE7E5B3B329
:101F5000FFFFFFFFFFFFFFFFFFFFFFFFFFFFFFFF91
:101F6000FFFFFFFFFFFFFFFFFFFFFFFFFFFFFFFF81
:101F7000FFFFFFFFFFFFFFFFFFFFFFFFFFFFFFFF71
:101F8000FFFFFFFF4A4C585AD4CFF0EAEFE9EFE9E0
:101F9000EEE8EDE7ECE6EBE4F7F27275FFFFFFFF2A
:101FA000FFFFFFFFFFFF5355595BDAD6D0CDCCC9F9
:101FB000C9C7C6C4C2C0BFBDBBBAA3A4D7D8FFFFA0
:101FC000FFFFFFFFFFFFEBEA57595355999A9C9E7D
:101FD000A2A5A7ACABB3B1B9B3BEB5C1787DFBFBCD
:101FE000FFFFFFFFFFFFB4B4585A585AB2B6CFD420
:101FF000D2D6D5D7D6D9D9DBDBDDDDDDE0E0E2E036
:10200000E3E1E61DE61DE61DE61DE61DE61DE61DF7
:10201000E61DE61DE61DE61DE61DE61DE61DE61DA8
:10202000E61DE61DE61DE61DE61DE61DE61DF0EAC1
:10203000F0EAF0EAF0EAF0EAF0EAF1EB5356FFFFDB
:10204000969856585455EEE8EAE5EAE4E7E2E6E108
:10205000E6E0E3DEE4DF4E50FFFF9EA0585A515207
:10206000D7D2D0CDCCC8CAC8C7C5C4C3C1BFC1BEF2
:102070005255BFC0585A5052AFAFA9AAA6A7A2A3A3
:102080009E9E9B9C979893945254FFFFB5B6585AC6
:102090005052B0B8B1BAB4BEB5C1B7C3B9C5BCC56A
:1020A000BFC9C1CAC3CDC5CDC8CECAD0CCD2CFD48A
:1020B000D0D4D1D6D3D7D5D8D9DADADBDCDEDDDEA1
:1020C000E5E4B3B4FFFFFFFFFFFFFFFFFFFFFFFFEC
:1020D000FFFFFFFFFFFFFFFFFFFFFFFFFFFFFFFF10
:1020E000FFFFFFFFFFFFFFFFFFFFFFFFFFFFFFFF00
:1020F000FFFFFFFFFFFFFFFF4A4A5858D6D4F4F016
:10210000F4F0F2EEF3EFF0EEF1ECF0ECFDFB7272B6
:10211000FFFFFFFFFFFFFFFFFFFF53535859E0DDB5
:10212000D6D4D2CFCFCCCBC8C9C5C4C1C0BFA6A559
:10213000D7D7FFFFFFFFFFFFFFFFEBEB57575252D1
:10214000999895959C9CA1A2A6A8A9ACAEB0B2B452
:102150007677FBFBFFFFFFFFFFFF4F4F58585050B4
:10216000D5D4CFCDD2CFD4D2D6D5D9D7DCD9DEDC19
:10217000E1DDE2DFE5E2B5E6B5E6B5E6B5E6B5E612
:10218000B5E6B5E6B5E6B5E6B5E6B5E6B5E6B5E677
:10219000B5E6B5E6B5E6B5E6B5E6B5E6B5E6B5E667
:1021A000B5E6D0EAF4F0F4F0F4F0F4F0F4F0F5F180
:1021B0005453FFFF969656565354F3F0EFECECEA67
:1021C000ECEAEBE7EBE6E9E6E8E64E4DFFFFA1A11E
:1021D00058595151DCD9D6D3D3CFCFCDCCC9C9C7EB
:1021E000C6C4C4C25252B0B05A5A5151B4B3AFAEC1
:1021F000ABA9A6A5A3A1A09F9B9A97975151FFFFBA
:10220000B5B558585150ABACACAEAFB1B1B3B4B634
:10221000B4B7B8B9BABDBEBFC1C2C2C3C6C6C7C7CC
:10222000CBCBCECED0CFD2D1D4D2D5D3D6D6DAD98D
:10223000DDDBDEDDDEDDB3B3FFFFFFFFFFFFFFFF12
:10224000FFFFFFFFFFFFFFFFFFFFFFFFFFFFFFFF9E
:10225000FFFFFFFFFFFFFFFFFFFFFFFFFFFFFFFF8E
:10226000FFFFFFFFFFFFFFFFFFFFFFFF4A4C585A32
:10227000D4CFF0EAF0EAEEE8EFE9EEE8ECE6ECE6DF
:10228000FBF47275FFFFFFFFFFFFFFFFFFFF5355DA
:10229000595BDDD9D4D0CFCCCCC9C8C6C5C3C1BF6A
:1022A000BFBDA5A7D7D8FFFFFFFFFFFFFFFFEBEAEA
:1022B00057595255989995979CA0A2A6A8ADACB332
:1022C000B0BAB4BE777CFBFBFFFFFFFFFFFF4F51AF
:1022D000585A5052D4DBCDD2CFD4D2D7D5D9D7DAB1
:1022E000D9DBDCDDDDDEDFDFE2E0E61DE61DE61D3D
:1022F000E61DE61DE61DE61DE61DE61DE61DE61DC6
:10230000E61DE61DE61DE61DE61DE61DE61DE61DB5
:10231000E61DE61DE61DEA77F0EAF0EAF0EAF0EAEB
:10232000F0EAF1EB5356FFFF969856585455F0E8F3
:10233000ECE6EAE4EAE3E7E2E6E1E6E0E6E04D5077
:10234000FFFFA1A2595B5152D9D6D3D0CFCCCDC873
:10235000C9C8C7C5C4C3C2BF5254B0B15A5C5152F8
:10236000B3B3AEACA9AAA5A6A1A39F9E9A9B97982A
:102370005154FFFFB5B6585A5052ACB3AEB4B1BACF
:10238000B3BEB6C2B7C4B9C6BDC6BFCAC2CAC3CD42
:10239000C6CEC7CECBD1CED2CFD4D1D4D2D6D3D73E
:1023A000D6D7D9DBDBDBDDDEDDDDB3B4FFFFFFFF3E
:1023B000FFFFFFFFFFFFFFFFFFFFFFFFFFFFFFFF2D
:1023C000FFFFFFFFFFFFFFFFFFFFFFFFFFFFFFFF1D
:1023D000FFFFFFFFFFFFFFFFFFFFFFFFFFFFFFFF0D
:1023E0004A4A5858D6D4F4F0F4F0F4F0F2EEF2EF92
:1023F000F1EDF1ECFFFC7272FFFFFFFFFFFFFFFF4B
:10240000FFFF52525555E4E0D9D6D5D3D2CFCFCC29
:10241000CBC8C7C5C4C2A8A8D7D7FFFFFFFFFFFF1F
:10242000FFFFEBEB575751529E9E929296969C9DC2
:10243000A2A3A7A8AAABAEB07676FBFBFFFFFFFF77
:10244000FFFF535357575E5ECACACDCDD0CFD2D10E
:10245000D4D2D6D5DAD8DBD9DEDBE1DEE2E0B5E6F0
:10246000B5E6B5E6B5E6B5E6B5E6B5E6B5E6B5E694
:10247000B5E6B5E6B5E6B5E6B5E6B5E6B5E6B5E684
:10248000B5E6B5E6B5E6B5E6B5E6C4E8F4F0F4F0D1
:10249000F4F0F4F0F4F0F5F15453FFFF969656562D
:1024A0005353F3F0F1ECEFECECEAECEAEBE7EBE79B
:1024B000EAE74E4EFFFFC2C258585051DFDDD8D573
:1024C000D5D3D3D0CFCCCACAC8C6C7C55353B0B072
:1024D00056564F4FB7B6B1B1AEADAAA8A6A5A3A1A7
:1024E0009F9E9B9A5151FFFFB5B558585151A7A8CF
:1024F000A8AAABADAFB1B3B5B4B6B5B8B8BABBBCAA
:10250000BEBFC1C2C3C4C5C5C9C9CCCCCDCED0CE57
:10251000D2D0D5D3D5D3D8D6DBD9DCDADDDCB3B392
:10252000FFFFFFFFFFFFFFFFFFFFFFFFFFFFFFFFBB
:10253000FFFFFFFFFFFFFFFFFFFFFFFFFFFFFFFFAB
:10254000FFFFFFFFFFFFFFFFFFFFFFFFFFFFFFFF9B
:10255000FFFFFFFF4A4C585AD4CFF0EAF0EAF0EA06
:10256000EEE8EFE9EDE8ECE5FCF57275FFFFFFFF43
:10257000FFFFFFFFFFFF52545557E0DCD6D3D3CF08
:10258000CFCDCCC8C8C5C5C3C2BFA8A7D7D8FFFF89
:10259000FFFFFFFFFFFFEBEA575952549E9D9293B6
:1025A00096979DA0A3A7A8AFABB3B0B9767AFBFB73
:1025B000FFFFFFFFFFFF535557595E5FCAD0CDD3D2
:1025C000CFD4D1D4D2D6D5D9D8DAD9DBDBDEDEDF91
:1025D000E0DFE61DE61DE61DE61DE61DE61DE61D27
:1025E000E61DE61DE61DE61DE61DE61DE61DE61DD3
:1025F000E61DE61DE61DE61DE61DE61DE61DE8508E
:10260000F0EAF0EAF0EAF0EAF0EAF1EB5356FFFF05
:10261000969856585355F0EAECE6ECE6EAE4EAE31D
:10262000E7E2E7E2E7E14E50FFFFC2C3585A5154D8
:10263000DDD8D5D2D3CFD0CCCCC9CAC8C6C5C5C2C7
:102640005357B0B156584F51B6B6B1B1ADACA8A9B9
:10265000A5A5A1A29E9E9A9B5153FFFFB5B6585ABD
:102660005153A8ADAAB1ADB5B1BAB5BFB6C2B8C4E1
:10267000BAC6BCC6BFCAC2CAC4CCC5CEC9CFCCD2EA
:10268000CED2CED4D0D4D3D7D3D8D6D8D9DBDADAF9
:10269000DCDDB3B4FFFFFFFFFFFFFFFFFFFFFFFF26
:1026A000FFFFFFFFFFFFFFFFFFFFFFFFFFFFFFFF3A
:1026B000FFFFFFFFFFFFFFFFFFFFFFFFFFFFFFFF2A
:1026C000FFFFFFFFFFFFFFFF4B4B5858D6D4F4F03E
:1026D000F4F0F4F0F3EFF3EFF2EEF1EDFFFC7272D1
:1026E000FFFFFFFFFFFFFFFFFFFF55555555E6E3D7
:1026F000DCD9D9D5D5D3D2CFCECACBC8C7C4ABAB22
:10270000D7D7FFFFFFFFFFFFFFFFDFDF5757525213
:10271000A3A29898929297979C9DA2A3A6A8AAACD0
:102720007475FBFBFFFFFFFF9D9D58585758B4B5CC
:10273000C6C6CACACDCDD0CFD3D1D4D2D7D6DAD897
:10274000DBDADFDDE2DFB5E6B5E6B5E6B5E6B5E650
:10275000B5E6B5E6B5E6B5E6B5E6B5E6B5E6B5E6A1
:10276000B5E6B5E6B5E6B5E6B5E6B5E6B5E6B5E691
:10277000B5E6C8E9F4F0F4F0F4F0F4F0F4F0F5F1B3
:102780005453FFFF969656565353F4EFF1ECF1EC89
:10279000EFECECEBECE8EAE7ECE74E4EFFFFDCDCBD
:1027A00058584F50E2DFDAD9D8D5D5D2D3D0CFCCD4
:1027B000CBC9C8C75353919156564F4EBBBAB5B308
:1027C000B2B1ADACAAA8A8A5A2A1A09F4E4EFFFF92
:1027D000B5B558585252A2A3A5A6A8AAACADAFB1A0
:1027E000B2B4B4B6B5B8B8BBBBBCBEBFC1C1C2C43D
:1027F000C6C6C9C9CBCBCDCECFCFD3D0D5D3D6D5F6
:10280000D8D7DBDADCDBB3B3FFFFFFFFFFFFFFFF4F
:10281000FFFFFFFFFFFFFFFFFFFFFFFFFFFFFFFFC8
:10282000FFFFFFFFFFFFFFFFFFFFFFFFFFFFFFFFB8
:10283000FFFFFFFFFFFFFFFFFFFFFFFF4B4E585A59
:10284000D4CFF0EAF0EAF0EAEFE9EFE9EEE8EDE8FC
:10285000FCF57275FFFFFFFFFFFFFFFFFFFF5557FE
:102860005557E3DDD9D5D5D2D3CFCFCCCAC8C8C54B
:10287000C4C2ABA9D7D8FFFFFFFFFFFFFFFFDFDE1A
:1028800057595254A2A29899929397999DA1A3A89F
:10289000A8AEACB3757AFBFBFFFFFFFF9D9F585AB4
:1028A000585AB5BDC6CDCAD0CDD2CFD4D1D4D2D648
:1028B000D6D9D8DADADBDDDEDFDFE61DE61DE61D80
:1028C000E61DE61DE61DE61DE61DE61DE61DE61DF0
:1028D000E61DE61DE61DE61DE61DE61DE61DE61DE0
:1028E000E61DE61DE61DE959F0EAF0EAF0EAF0EA35
:1028F000F0EAF1EB5356FFFF969856585356EFE91E
:10290000ECE8ECE6ECE6EBE4E8E3E7E2E7E24E5085
:10291000FFFFDCDC585A5052DFDBD9D5D5D2D2CFFD
:10292000D0CDCCC9C9C7C7C55357919356584E513E
:10293000BABAB3B4B1B2ACADA8A9A5A5A1A29F9EE5
:102940004E4FFFFFB5B6585A5253A3A7A6ACAAB133
:10295000ADB6B1BCB4BFB6C3B8C4BBC6BCC7BFC9B3
:10296000C1CAC4CCC6CEC9CECBD1CED2CFD4D0D49E
:10297000D3D7D5D9D7D9DADCDBDCB3B4FFFFFFFF7F
:10298000FFFFFFFFFFFFFFFFFFFFFFFFFFFFFFFF57
:10299000FFFFFFFFFFFFFFFFFFFFFFFFFFFFFFFF47
:1029A000FFFFFFFFFFFFFFFFFFFFFFFFFFFFFFFF37
:1029B0004B4B5858D6D4F4F0F4F0F4F0F4F0F4F0B3
:1029C000F3EFF2EFFFFD7272FFFFFFFFFFFFFFFF6C
:1029D000FFFF55555555E9E5DFDBDCD9D9D5D4D214
:1029E000D2CFCECACBC7ACACD7D7FFFFFFFFFFFF1C
:1029F000FFFFD8D857575151A7A69D9C98979293FF
:102A000097979D9EA2A3A5A87373FBFBFFFFFFFFF3
:102A1000494958584D4DC9CAC4C4C6C6C9C9CDCC08
:102A2000D0CED3D0D5D3D7D6DAD8DDDBDEDDBBE54B
:102A3000B5E6B5E6B5E6B5E6B5E6B5E6B5E6B5E6BE
:102A4000B5E6B5E6B5E6B5E6B5E6B5E6B5E6B5E6AE
:102A5000B5E6B5E6B5E6B5E6B5E6DAECF4F0F4F0E1
:102A6000F4F0F4F0F4F0F5F15353FFFF858556567A
:102A70005353F5F1F0EDF1ECF1EBEFECEDEBECE9AC
:102A8000EDEA4E4EFFFFFFFF54544E4EE6E5DDDA11
:102A9000DBD9D7D5D4D2D3D0CECACBCA62625454F4
:102AA00056565353BEBDB9B8B4B4B1B1AEACA9A873
:102AB000A6A5A4A34647FFFFB5B5585852529E9EFF
:102AC000A1A2A5A7A8AAACAEAFB1B2B4B5B6BABC24
:102AD000B8BABABDBEBFC1C1C4C3C6C6C9C9CBCBD3
:102AE000CECED0CED3D2D5D3D6D5D8D6DBD9B3B3EC
:102AF000FFFFFFFFFFFFFFFFFFFFFFFFFFFFFFFFE6
:102B0000FFFFFFFFFFFFFFFFFFFFFFFFFFFFFFFFD5
:102B1000FFFFFFFFFFFFFFFFFFFFFFFFFFFFFFFFC5
:102B2000FFFFFFFF4B4D585AD4CFF0EAF0EAF0EA2E
:102B3000F0EAF0EAEFE9EFE9FDF67275FFFFFFFF5B
:102B4000FFFFFFFFFFFF55575557E5E0DBD8D9D50D
:102B5000D5D3D2CECFCCCAC9C7C5ACACD7D8FFFF6E
:102B6000FFFFFFFFFFFFD8D857595153A6A69C9DE2
:102B70009798939397999EA1A3A8A8AE7377FBFB10
:102B8000FFFFFFFF494B585A4D4ECAD2C4CCC6CEA8
:102B9000C9D0CCD2CED4D0D4D3D6D6D9D8DADBDAF9
:102BA000DDDEE537E61DE61DE61DE61DE61DE61D3C
:102BB000E61DE61DE61DE61DE61DE61DE61DE61DFD
:102BC000E61DE61DE61DE61DE61DE61DE61DEC986C
:102BD000F0EAF0EAF0EAF0EAF0EAF1EB5355FFFF31
:102BE000858756585356F1EBEDE7ECE8EBE5ECE65C
:102BF000EBE4E9E3EAE54E50FFFFFFFF54564E5188
:102C0000E5DFDAD7D9D5D5D1D2CED0CDCAC9CAC899
:102C10006265545656585355BDBBB8B7B4B4B1B13C
:102C2000ACACA8A8A5A6A3A4474AFFFFB5B6585ABE
:102C300052549EA0A2A6A7ADAAB1AEB6B1BCB4BF75
:102C4000B6C3BCC9BAC6BDC7BFC9C1C9C3CCC6CE4D
:102C5000C9CFCBD1CED3CED4D2D6D3D6D5D9D6DA4E
:102C6000D9DBB3B4FFFFFFFFFFFFFFFFFFFFFFFF55
:102C7000FFFFFFFFFFFFFFFFFFFFFFFFFFFFFFFF64
:102C8000FFFFFFFFFFFFFFFFFFFFFFFFFFFFFFFF54
:102C9000FFFFFFFFFFFFFFFF4B4B5858D6D4F4F068
:102CA000F4F0F4F0F4F0F4F0F4F0F3EFFFFE7272ED
:102CB000FFFFFFFFFFFFFFFFFFFF55555555EBE7F8
:102CC000E1DEDFDCDCD8DAD5D4D3D2CFCECAB0B0E7
:102CD000D7D7FFFFFFFFFFFFFFFFD8D8575751514E
:102CE000ABAAA2A19C9B9897929397989D9EA2A312
:102CF0007173FBFBFFFFFFFF545457576868BFC059
:102D0000C1C1C3C5C7C7CACACDCCCFCED2D1D4D218
:102D1000D6D5DAD8DCDADEDCE1DEE5E24546FFFFD7
:102D2000FFFFF6F655554F50E3E0DFDAE2DEE6E36B
:102D3000B5E6B5E6B5E6B5E6B5E6B5E6A3A3696AD8
:102D4000F4F2F4F0F4F0F4F0F4F0F4F0F4F0F5F15F
:102D50005353FFFF878756565353F5F1F3EFEFEDCB
:102D6000F1ECF1EBEFEBEDEBEFEA4E4EFFFFFFFF87
:102D70004B4B4F4FEEEADFDEDDDADBD8D8D5D5D3CB
:102D8000D2CFCFCB8585575757576564BFBDBCBAE7
:102D9000B9B7B5B4B1B0ADACA9A8A9A83F3FFFFF82
:102DA000B5B55858535398989C9CA1A1A5A6A9AA1B
:102DB000ACAFAFB1B3B55859BEC1B8BABBBDBEBF59
:102DC000C1C1B4B5CDCDC9C9CBCBCECDD0D0D3D276
:102DD000D5D2D6D5D7D6B3B3FFFFFFFFFFFFFFFF96
:102DE000FFFFFFFFFFFFFFFFFFFFFFFFFFFFFFFFF3
:102DF000FFFFFFFFFFFFFFFFFFFFFFFFFFFFFFFFE3
:102E0000FFFFFFFFFFFFFFFFFFFFFFFF4B4D585A84
:102E1000D4CFF0EAF0EAF0EAF0EAF0EAF0EAEFE91B
:102E2000FEF77275FFFFFFFFFFFFFFFFFFFF555724
:102E30005557E7E3DEDADCD8D8D4D5D4D3CECFCC1F
:102E4000CAC9B0AED7D8FFFFFFFFFFFFFFFFD8D83A
:102E500057595153AAAAA1A19B9C979993949899C9
:102E60009EA2A3A77376FBFBFFFFFFFF54565759A3
:102E7000686BC0CAC1C9C5CCC7CECAD0CCD2CED46B
:102E8000D1D4D2D7D5D8D8DADADBDCDEDEDFE2E1A6
:102E90004648FFFFFFFFF6F655575052E0DDDAD700
:102EA000DEDBE3DEE61DE61DE61DE61DE61DE61D96
:102EB000A3A46A6BF2ECF0EAF0EAF0EAF0EAF0EAD6
:102EC000F0EAF1EB5355FFFF878856585356F1EB64
:102ED000EFE9EDE7ECE7EBE5EBE6EBE4EAE64E4F96
:102EE000FFFFFFFF4B4D4F51EAE5DED9DAD6D8D4CC
:102EF000D5D2D3CFCFCCCBC9858657595759646724
:102F0000BDBCBABBB7B7B4B3B0B0ACADA8A8A8A8A5
:102F10003F41FFFFB5B6585A5355989B9CA0A1A5B9
:102F2000A6AAAAB1AFB7B1BCB5C0595AC1CEBAC6EC
:102F3000BDC8BFC9C1C9B5BDCDD5C9CFCBD2CDD212
:102F4000D0D5D2D6D2D6D5D9D6D9B3B4FFFFFFFFCC
:102F5000FFFFFFFFFFFFFFFFFFFFFFFFFFFFFFFF81
:102F6000FFFFFFFFFFFFFFFFFFFFFFFFFFFFFFFF71
:102F7000FFFFFFFFFFFFFFFFFFFFFFFFFFFFFFFF61
:102F80004B4B5858D6D4F4F0F4F0F4F0F4F0F4F0DD
:102F9000F4F0F3EFFFFE7272FFFFFFFFFFFFFFFF92
:102FA000FFFF55555555EEE9E4E0E0DFDFDCDCD905
:102FB000D9D6D5D2D0CEB1B0D7D7FFFFFFFFFFFF14
:102FC000FFFFD8D857575151B0AFA4A4A1A09C9AE5
:102FD0009797929298989D9D7071FBFBFFFF848458
:102FE00058585858B2B5BABDBEBFC0C1C4C5C7C78E
:102FF000CACACDCDD7D5D2D1D5D2D6D5DADADDDB96
:10300000DEDCE1DEBAB9E4E4FFFFF6F655555050D8
:10301000DFDBD9D6DFDAE4DFB5E6B5E6B5E6B5E65F
:10302000B5E6B5E6FFFF6E6E9E9CF2F0F4F0F4F0AC
:10303000F4F0F4F0F4F0F5F15353FFFF87875656A0
:103040005353F7F3F3EFF3EFEFEDF1ECF1EBEFECBC
:10305000F0ED4D4EFFFFFFFF54545455EAE8E2DF18
:10306000DFDDDDDADAD8D7D5D5D2D2CFD7D448490B
:103070004748CFCBC2BFBFBDBBBBB8B7B5B4B1B07B
:10308000ADACAFAF5B5BFFFFB5B5585853539393EF
:1030900098979D9DA0A2A5A7A8AAADAFB0B2585879
:1030A0005D5CB5B8B9BBBCBCCDCE5151CBCBC6C6AF
:1030B000C9C9CBCCCECDD0D0D3D1D5D2D6D5B3B350
:1030C000FFFFFFFFFFFFFFFFFFFFFFFFFFFFFFFF10
:1030D000FFFFFFFFFFFFFFFFFFFFFFFFFFFFFFFF00
:1030E000FFFFFFFFFFFFFFFFFFFFFFFFFFFFFFFFF0
:1030F000FFFFFFFF4B4D585AD4CFF0EAF0EAF0EA59
:10310000F0EAF0EAF0EAEFE9FEF77275FFFFFFFF81
:10311000FFFFFFFFFFFF55575557E9E4E0DBDFDA1C
:10312000DCD7D9D4D6D3D2CFCECBB0B1D7D8FFFF4E
:10313000FFFFFFFFFFFFD8D857595153AFAEA4A5EB
:10314000A0A09A9C97989293989A9DA17173FBFB6B
:10315000FFFF8486585A5859B5BFBDC7BFC9C1C9FA
:10316000C5CCC7CECAD0CDD2D5DBD1D5D2D5D5D856
:10317000DADADBDCDCDEDEE0B9B9E4E4FFFFF6F648
:1031800055575052DBD8D6D3DAD7DFDBE61DE61D24
:10319000E61DE61DE61DE61DFFFF6E709C9CF0EA35
:1031A000F0EAF0EAF0EAF0EAF0EAF1EB5355FFFF5B
:1031B000878856585356F3ECEFE9EFE9EDE7ECE773
:1031C000EBE5ECE6EDE74E50FFFFFFFF545555579A
:1031D000E8E4DFD9DDD8DAD6D8D4D5D1D2CFCFCC78
:1031E000D4D1494C484ACBCABFBFBDBCBBBAB7B6A5
:1031F000B4B2B0B0ACADAFAE5B5CFFFFB5B6585A81
:1032000053559394979A9DA0A2A7A7ADAAB2AFB722
:10321000B2BD58595C5FB8C4BBC7BCC8CED8515208
:10322000CBD4C6CEC9CFCCD2CDD2D0D5D1D5D2D5A4
:10323000D5D8B3B4FFFFFFFFFFFFFFFFFFFFFFFF86
:10324000FFFFFFFFFFFFFFFFFFFFFFFFFFFFFFFF8E
:10325000FFFFFFFFFFFFFFFFFFFFFFFFFFFFFFFF7E
:10326000FFFFFFFFFFFFFFFF4B4B5858D6D4F4F092
:10327000F4F0F4F0F4F0F4F0F4F0F4F0FFFF727214
:10328000FFFFFFFFFFFFFFFFFFFF55555555EEEC1A
:10329000E7E3E4E0E0DFDFDBDCDAD8D5D4D1B5B3B7
:1032A000D7D7FFFFFFFFFFFFFFFFD8D85757515178
:1032B000B5B3ABA9A4A4A1A09C9A97969292989812
:1032C0006E6FFBFBFFFF484858584E4EBABCB7BA6A
:1032D000BBBCBFC0C1C3C4C4C7C8CDCD4C4ED3D284
:1032E000D3D2D4D3D7D6DBD8DDDBDFDCEFEC5F5F26
:1032F000FFFFF6F655555050DAD7D5D1DAD7DFDBD8
:10330000B5E6B5E6B5E6B5E6B5E6B5E6FFFFFFFF1F
:103310004E4ED5D3F1EFF4F0F4F0F4F0F4F0F5F113
:103320005353FFFF878756565353F6F2F3EFF3EFED
:10333000F3EFF0EEF1ECF1EBF2ED4D4EFFFFFFFF9E
:10334000CDCD5858B5B3E4E0E1DEDFDDDDDADAD823
:10335000D7D5D5D1D2CFD0CCCECBC8C6C5C3C2C0AD
:10336000BFBDBABAB8B7B4B3B1B0A4A5B4B4FFFF87
:10337000B5B558585252989892939A979D9EA2A389
:10338000A6A7A9ABADAF5A5B56569EA0B6B8BDBEB8
:1033900048485B5BC8C9C4C5C7C7CACACCCCCECE77
:1033A000D1D0D4D2D4D2B3B3FFFFFFFFFFFFFFFFD2
:1033B000FFFFFFFFFFFFFFFFFFFFFFFFFFFFFFFF1D
:1033C000FFFFFFFFFFFFFFFFFFFFFFFFFFFFFFFF0D
:1033D000FFFFFFFFFFFFFFFFFFFFFFFF4B4D585AAF
:1033E000D4CFF0EAF0EAF0EAF0EAF0EAF0EAF0EA44
:1033F000FFF87275FFFFFFFFFFFFFFFFFFFF55574D
:103400005557ECE7E3DDE0DBDFD9DBD7DAD5D5D202
:10341000D1CEB3B4D7D8FFFFFFFFFFFFFFFFD8D84F
:1034200057595153B3B3A9A9A4A4A0A09A9B9697A6
:103430009293989A6F71FBFBFFFF484B585A4E4F7F
:10344000BCC9BAC5BCC7C0C9C3CCC4CDC8CECDD316
:103450004E4FD2D8D2D6D3D6D6D8D8DADBDCDCDD04
:10346000ECEC5F61FFFFF6F655575052D7D6D1CF3F
:10347000D7D4DBD8E61DE61DE61DE61DE61DE61DDC
:10348000FFFFFFFF4E4FD3D0EFEAF0EAF0EAF0EA99
:10349000F0EAF1EB5355FFFF878856585356F2EC8C
:1034A000EFE9EFE9EFE9EEE8ECE7EBE5EDE84E50A8
:1034B000FFFFFFFFCDCE585AB3B0E0DCDEDADDD837
:1034C000DAD6D8D4D5D1D1CFCFCCCCCACBC8C6C40C
:1034D000C3C1C0BFBDBCBAB9B7B6B3B2B0B0A5A581
:1034E000B4B5FFFFB5B6585A52559898939497992A
:1034F0009EA2A3A8A7ADABB2AFB75B5C5658A0A97C
:10350000B8C4BECA48485B5CC9D2C5CDC7CECACF15
:10351000CCD2CED3D0D4D2D6D2D6B3B4FFFFFFFF15
:10352000FFFFFFFFFFFFFFFFFFFFFFFFFFFFFFFFAB
:10353000FFFFFFFFFFFFFFFFFFFFFFFFFFFFFFFF9B
:10354000FFFFFFFFFFFFFFFFFFFFFFFFFFFFFFFF8B
:103550004B4B5858D6D4F4F0F4F0F4F0F4F0F4F007
:10356000F4F0F4F0FFFF7272FFFFFFFFFFFFFFFFB9
:10357000FFFF55555555F1EDE7E4E7E2E3DFE1DF05
:10358000DEDADAD9D8D5B7B5D6D6FFFFFFFFFFFF11
:10359000FFFFD8D857575050B9B7AEADA9A7A4A4CC
:1035A000A09F9B9A979691926C6CFBFBF2F25656F9
:1035B00056567274B3B5B4B7B7BABBBDBFC0C1C2BB
:1035C000C5C4D0D15050D3D4D0CFD3D2D5D4D7D5F1
:1035D000DAD9DDDBE0DE5150FFFFF6F655555050ED
:1035E000D4D0D1CDD8D2DBD7B5E6B5E6B5E6B5E6D1
:1035F000B5E6B5E6FFFFFFFFFFFF4040F9F5F3F04A
:10360000F4F0F4F0F4F0F5F15353FFFF87875656CA
:103610005353F6F2F4F0F4F0F3EFF3EFF0EDF1EDD5
:10362000F3ED4D4EFFFFFFFFFFFF45455454E9E426
:10363000E3E0E1DEDFDDDCD9D9D8D7D4D4D1D2CFF5
:10364000CECBCBC8C8C6C5C3C2BFBEBCBAB9B8B65C
:10365000B4B45D5EFFFFFFFFB5B5585852529C9B56
:103660009695929298989D9EA2A3A6A8ABAB54550E
:10367000FFFF5252C2C4757658585A5AC6C7C1C2C3
:10368000C4C5C7C7CACACCCCCECFD1CFD2D2B3B3B0
:10369000FFFFFFFFFFFFFFFFFFFFFFFFFFFFFFFF3A
:1036A000FFFFFFFFFFFFFFFFFFFFFFFFFFFFFFFF2A
:1036B000FFFFFFFFFFFFFFFFFFFFFFFFFFFFFFFF1A
:1036C000FFFFFFFF4B4D585AD4CFF0EAF0EAF0EA83
:1036D000F0EAF0EAF0EAF0EAFFF97275FFFFFFFFA7
:1036E000FFFFFFFFFFFF55575557EDE8E4DFE2DD31
:1036F000DFDCDFDADAD6D9D4D5D2B5B4D6D7FFFF3E
:10370000FFFFFFFFFFFFD8D857595053B7B8ADADF3
:10371000A7A7A4A49F9F9A9B969792926C6FFBFB7E
:10372000F2F2565856587477B5C0B7C3BAC6BDC87A
:10373000C0CAC2CBC4CCD1D75052D4D7CFD5D2D6A1
:10374000D4D6D5D7D9DBDBDCDEDE5053FFFFF6F66F
:1037500055575053D0D0CDCCD2D0D7D4E61DE61D8E
:10376000E61DE61DE61DE61DFFFFFFFFFFFF4042D1
:10377000F5EFF0EAF0EAF0EAF0EAF1EB5355FFFF7B
:10378000878856585356F2ECF0EAF0EAEFE9EFE991
:10379000EDE7EDE7EDE74E50FFFFFFFFFFFF454789
:1037A0005456E4DEE0DCDED9DDD8D9D5D8D3D4D187
:1037B000D1CECFCCCBC9C8C6C6C4C3C1BFBFBCBBAA
:1037C000B9B9B6B5B4B25E5FFFFFFFFFB5B6585AE0
:1037D00052549B9C95969293989A9EA2A3A8A8AEA9
:1037E000ABB45557FFFF5254C4D2767A585A5A5C3C
:1037F000C7D1C2CDC5CDC7CECACFCCD3CFD4CFD4FD
:10380000D2D5B3B4FFFFFFFFFFFFFFFFFFFFFFFFB6
:10381000FFFFFFFFFFFFFFFFFFFFFFFFFFFFFFFFB8
:10382000FFFFFFFFFFFFFFFFFFFFFFFFFFFFFFFFA8
:10383000FFFFFFFFFFFFFFFF4B4B5858D6D4F4F0BC
:10384000F4F0F4F0F4F0F4F0F4F0F4F0FFFF808022
:10385000FFFFFFFFFFFFFFFFFFFF55555555F1EE3F
:10386000EAE5E7E4E7E2E3DEE0DEDDDAD9D7B6B6A3
:10387000E1E1FFFFFFFFFFFFFFFFD8D85757505090
:10388000BDBBB2B1ACACA9A8A4A4A09F9A9A9695CE
:103890006B6BFCFC727258585656AEB1B0B2B3B4F2
:1038A000B4B7B7BABCBDBFC0C1C37D7F57577E7E1A
:1038B000CECDD1D0D4D2D6D3D8D7DBD9DDDBC2C0E0
:1038C000DFDFF6F655555151CCC8CCC7D1CFD7D391
:1038D000B5E6B5E6B5E6B5E6B5E6B5E6FFFFFFFF4A
:1038E000FFFFFFFF3E3EFFFEF3F0F4F0F4F0F5F1D2
:1038F0005453FFFF878756565353F6F2F4F0F4F013
:10390000F3EFF3EFF3EFF0EDF3EF4D4EFFFFFFFFBB
:10391000FFFFD1D15656F6F3E6E1E3DFE1DFDFDC6E
:10392000DDDADAD7D6D4D4D1D1CECECBCBC8C8C687
:10393000C5C3C1BFBEBCBAB8C1BF4747FFFFFFFF89
:10394000B3B3585852529F9E9999969592939A99CB
:103950009D9DA3A4A6A95455FFFFC0C052526A6AF8
:1039600053535A5AC4C5C0C1C2C2C5C5C8C8CACAC1
:10397000CDCDCFCED0CFB2B2FFFFFFFFFFFFFFFF15
:10398000FFFFFFFFFFFFFFFFFFFFFFFFFFFFFFFF47
:10399000FFFFFFFFFFFFFFFFFFFFFFFFFFFFFFFF37
:1039A000FFFFFFFFFFFFFFFFFFFFFFFF4B4D585AD9
:1039B000D4CFF0EAF0EAF0EAF0EAF0EAF0EAF0EA6E
:1039C000FFF98081FFFFFFFFFFFFFFFFFFFF55575C
:1039D0005557EEE8E5E0E4DFE2DDDEDBDED9DAD6FE
:1039E000D7D3B6B5E1E2FFFFFFFFFFFFFFFFD8D857
:1039F00057595052BBBBB1B1ACACA8A7A4A39F9F71
:103A00009A9A95966B6BFCFB7273585A5658B1B9DB
:103A1000B2BCB4C0B7C4BAC5BDC8C0CAC3CB7F822C
:103A200057597E81CDD2D0D5D2D6D3D7D7D7D9DBEF
:103A3000DBDCC0C2DFDEF6F655575153C8CAC7C833
:103A4000CFCDD3D1E61DE61DE61DE61DE61DE61D24
:103A5000FFFFFFFFFFFFFFFF3E40FEF8F0EAF0EA46
:103A6000F0EAF1EB5356FFFF878856585356F2ECB5
:103A7000F0EAF0EAEFE9EFE9EFE9EDE7EFE84E50C1
:103A8000FFFFFFFFFFFFD1D15659F3EDE1DDDFDB93
:103A9000DFD9DCD7DAD6D7D4D4D0D1CECECCCBC9EF
:103AA000C8C5C6C3C3C0BFBEBCBBB8B9BFBF47490A
:103AB000FFFFFFFFB3B4585A52549E9F99999595B2
:103AC0009394999B9DA2A4A9A9AF5556FFFFC0C18D
:103AD00052546A6B53555A5CC5D0C1CBC2CCC5CDCC
:103AE000C8CFCAD0CDD3CED3CFD4B2B4FFFFFFFF5F
:103AF000FFFFFFFFFFFFFFFFFFFFFFFFFFFFFFFFD6
:103B0000FFFFFFFFFFFFFFFFFFFFFFFFFFFFFFFFC5
:103B1000FFFFFFFFFFFFFFFFFFFFFFFFFFFFFFFFB5
:103B20004B4B5858D6D4F4F0F4F0F4F0F4F0F4F031
:103B3000F4F0F4F0FFFF8181FFFFFFFFFFFFFFFFC5
:103B4000FFFF55555555F3F1EAE8EAE6E7E4E7E10A
:103B5000E2DFDFDDDCD9B9B9E0E0FFFFFFFFFFFF07
:103B6000FFFFD8D857574F50C1BFB5B4B1B0ADACB7
:103B7000A8A7A4A29F9E9B9A6B6BFFFF4A4A585826
:103B80005050ACADADAFB2B4B2B5B5B8B9BBBBBCBB
:103B9000C6C74A4A51514B4BD2D2CECED1D0D4D146
:103BA000D6D3D8D6DBD9E8E75454F8F85555505158
:103BB000C5C1C4C1CCC8D2CFB5E6B5E6B5E6B5E659
:103BC000B5E6B5E6FFFFFFFFFFFFFFFFF2F2414260
:103BD000FFFBF3F0F4F0F6F24B4CFFFF87875656ED
:103BE0005353F6F2F4F0F4F0F4F0F3EFF3EFF3EFF5
:103BF000F3F04C4DFFFFFFFFFFFFFFFF67676060C3
:103C0000E7E4E7E1E4E0E0DFDFDDDCD9D9D6D6D3D5
:103C1000D3CFD1CECDCACBC7C9C5C4C3C1C0BEBC2A
:103C20006F6FF8F8FFFFFFFFA4A458585151A3A2EB
:103C30009D9C99999594929299989E9FA4A354566D
:103C4000FFFFFFFFAFAFFFFF52525A5AC1C1BDBEC7
:103C5000C0C1C2C2C4C5C8C8CBCBCDCDCECEB1B118
:103C6000FFFFFFFFFFFFFFFFFFFFFFFFFFFFFFFF64
:103C7000FFFFFFFFFFFFFFFFFFFFFFFFFFFFFFFF54
:103C8000FFFFFFFFFFFFFFFFFFFFFFFFFFFFFFFF44
:103C9000FFFFFFFF4B4D585AD4CFF0EAF0EAF0EAAD
:103CA000F0EAF0EAF0EAF0EAFFF98183FFFFFFFFB4
:103CB000FFFFFFFFFFFF55575557F1E9E8E3E6E146
:103CC000E4DFE1DDDFDADDD8D9D6B9B7E0E1FFFF27
:103CD000FFFFFFFFFFFFD8D857595052BFBEB4B403
:103CE000B0B0ACACA7A7A2A39E9F9A9B6B6DFFFF41
:103CF0004A4C585A5052ADB5AFB7B4BDB5C1B8C4AF
:103D0000BBC7BCC8C7D14A4C51544B4CD2D8CED2F9
:103D1000D0D4D1D6D3D7D6D8D9DBE7E85455F8F8E4
:103D200055575153C1C4C1C2C8C8CFCDE61DE61D09
:103D3000E61DE61DE61DE61DFFFFFFFFFFFFFFFF7F
:103D4000F2F34245FBF4F0EAF0EAF2EB4C4FFFFFEE
:103D5000878856585356F2ECF0EAF0EAF0EAEFE9B9
:103D6000EFE9EFE9F0EA4D4FFFFFFFFFFFFFFFFF35
:103D7000676A6062E4DFE1DDE0DCDFD9DDD8D9D558
:103D8000D6D4D3D0CFCDCECCCAC8C7C5C5C3C3BF88
:103D9000C0BEBCBB6F71F8F9FFFFFFFFA4A5585A66
:103DA0005153A2A39C9D999994959293989A9FA3FD
:103DB000A3A85657FFFFFFFFAFB0FFFF52545A5C56
:103DC000C1CCBEC9C1CBC2CCC5CDC8CECBD1CDD262
:103DD000CED5B1B2FFFFFFFFFFFFFFFFFFFFFFFFE9
:103DE000FFFFFFFFFFFFFFFFFFFFFFFFFFFFFFFFE3
:103DF000FFFFFFFFFFFFFFFFFFFFFFFFFFFFFFFFD3
:103E0000FFFFFFFFFFFFFFFF4B4B5858D6D2F2F0EA
:103E1000F4F0F4F0F4F0F4F0F4F0F4F0FFFF81814A
:103E2000FFFFFFFFFFFFFFFFFFFF55555555F5F162
:103E3000ECEAEAE7EAE5E6E3E5E2E3DEDFDEBBBA89
:103E4000E0E0FFFFFFFFFFFFFFFFD8D857574E50BE
:103E5000C6C3BAB9B5B3B1AFADACA8A6A3A3A09F72
:103E60006D6CE4E4575756587C7CA4A6A8AAADAE66
:103E7000B0B2B4B5B5B8B9BBB0B0CCCCBDBD565678
:103E8000C2C4CCCCCECED1CFD4D2D5D4D8D6DCDA25
:103E90005A5AFFFF55554F4FBCB9BEBAC5C2CDC91E
:103EA000C4D9BAE3B5E6B5E6B7E0D0E7FFFFFFFF58
:103EB000FFFFFFFFFFFFCDCD5151F9F4F4F0F6F213
:103EC0004D4DFFFF878756565353F6F2F4F0F4F04A
:103ED000F4F0F4F0F2EEF3EFF5F14A4AFFFFFFFFE2
:103EE000FFFFFFFFFFFF6060C0BEE5E2E6E2E3DE4A
:103EF000E1DFE0DCDDD9D9D7D5D3D3D0D1CECDCB5E
:103F0000CBC8C7C5C4C2B8B76767FFFFFFFFFFFFD5
:103F1000A4A458585151A6A6A1A09D9C99989594E7
:103F200092929A9A9E9E5555FFFFFFFFFFFFFFFF5B
:103F300052525A5ABCBFBABBBDBEC0C0C1C4C4C530
:103F4000C8C8CACACCCCCBCBFFFFFFFFFFFFFFFF27
:103F5000FFFFFFFFFFFFFFFFFFFFFFFFFFFFFFFF71
:103F6000FFFFFFFFFFFFFFFFFFFFFFFFFFFFFFFF61
:103F7000FFFFFFFFFFFFFFFFFFFFFFFF4B4D585A03
:103F8000D2CFF0EAF0EAF0EAF0EAF0EAF0EAF0EA9A
:103F9000FFF98183FFFFFFFFFFFFFFFFFFFF555783
:103FA0005557F1EDEAE3E7E2E5E0E3DEE2DEDEDAF3
:103FB000DED9BAB9E0E1FFFFFFFFFFFFFFFFD8D86E
:103FC00057595052C3C2B9B8B3B5AFB0ACACA6A73D
:103FD000A3A49F9F6C6DE4E45759585A7C7FA6AB0D
:103FE000AAB1AEB7B2BCB5C2B8C3BBC6B0B9CCCD2E
:103FF000BDBF5658C4C8CCD3CED3CFD4D2D6D4D7D5
:10400000D6D8DADD5A5CFFFF55574F51B9BDBABC5F
:10401000C2C3C9C9D97DE335E61DE61DE032E78B91
:10402000FFFFFFFFFFFFFFFFFFFFCDCD5154F4EE79
:10403000F0EAF2EB4D50FFFF878856585356F2ECEA
:10404000F0EAF0EAF0EAF0EAEEE8EFE9F1EB4A4DE7
:10405000FFFFFFFFFFFFFFFFFFFF6062BEBCE2DD6F
:10406000E2DDDEDBDFDADCD8D9D5D7D3D3CFD0CDD4
:10407000CECBCBC9C8C5C5C2C2C0B7B66768FFFF43
:10408000FFFFFFFFA4A5585A5153A6A6A0A09C9DD0
:10409000989A949592939A9B9EA25556FFFFFFFF84
:1040A000FFFFFFFF52545A5CBFCBBBC5BEC9C0CB9C
:1040B000C4CDC5CEC8CECAD0CCD4CBCCFFFFFFFF79
:1040C000FFFFFFFFFFFFFFFFFFFFFFFFFFFFFFFF00
:1040D000FFFFFFFFFFFFFFFFFFFFFFFFFFFFFFFFF0
:1040E000FFFFFFFFFFFFFFFFFFFFFFFFFFFFFFFFE0
:1040F0004B4B5858E6E2F3EEF2F0F4F0F4F0F4F043
:10410000F4F0F4F0FFFF8181FFFFFFFFFFFFFFFFEF
:10411000FFFF55555353FAF5ECEAEDE9E9E7E9E518
:10412000E5E3E5E2E2DEBDBCE0E0FFFFFFFFFFFF0D
:10413000FFFFD8D857574E4FC9C7BDBBB8B8B5B4A5
:10414000B0B0ACABA9A7A4A26F6E61615858565627
:10415000A0A19FA1A5A6A9AAADADB0B3B4B5B6B9AB
:104160004D4EFFFFFFFF4E4E6566C9C9CBCCCECD8D
:10417000D1D0D3D1D5D4D8D6C7C6BDBD56564F5051
:10418000B2B1B5B4BEBAC5C3CECAD3CFD7D3DAD8CD
:10419000BFBCE7E7FFFFFFFFFFFFFFFFFFFFFFFFE2
:1041A00097977778F4EFF6F24D4DFFFF86865656D7
:1041B0005253F6F2F4F0F4F0F4F0F4F0F4F0F3EF1C
:1041C000F5F14A4AFFFFFFFFFFFFFFFFFFFFFFFF81
:1041D0004D4DC0BEE6E4E6E2E3DFE0DDDFDCDCD946
:1041E000D8D6D6D4D4D1D0CECDCCCBC8BDBA41410F
:1041F000FFFFFFFFFFFFFFFFA4A458585151ABAAD8
:10420000A4A3A1A09D9C9898949394949B9A545590
:10421000FFFFFFFFFFFFFFFF52525A5ABABDB7B967
:10422000BABBBDBEC1C1C2C4C5C6C7C7C9CACACA56
:10423000FFFFFFFFFFFFFFFFFFFFFFFFFFFFFFFF8E
:10424000FFFFFFFFFFFFFFFFFFFFFFFFFFFFFFFF7E
:10425000FFFFFFFFFFFFFFFFFFFFFFFFFFFFFFFF6E
:10426000FFFFFFFF4B4D585AE2DCEEE7F0EAF0EAC1
:10427000F0EAF0EAF0EAF0EAFFF98183FFFFFFFFDE
:10428000FFFFFFFFFFFF55575355F5EFEAE3E9E462
:10429000E7E2E5E0E3DEE2DDDEDABCBBE0E1FFFF22
:1042A000FFFFFFFFFFFFD8D857594F52C7C5BBBB11
:1042B000B8B6B4B4B0B0ABABA7A6A2A36E7061633E
:1042C000585A5658A1A4A1A4A6ABAAB2ADB8B3BD82
:1042D000B5C2B9C54E4FFFFFFFFF4E506668C9D04B
:1042E000CCD2CDD2D0D5D1D7D4D8D6D8C6C8BDBFE0
:1042F00056585051B1B5B4B7BABEC3C3CAC9CFCE70
:10430000D3D2D8D6BCBCE7E7FFFFFFFFFFFFFFFF1C
:10431000FFFFFFFF97997879EFE9F2EB4D50FFFF30
:10432000868756585355F2ECF0EAF0EAF0EAF0EAE4
:10433000F0EAEFE9F1EB4A4DFFFFFFFFFFFFFFFF60
:10434000FFFFFFFF4D50BEBCE4DFE2DEDFDBDDDA66
:10435000DCD8D9D5D6D3D4D0D1CECECBCCCAC8C652
:10436000BAB94144FFFFFFFFFFFFFFFFA4A5585A62
:104370005153AAA9A3A4A0A09C9D98989394949506
:104380009A9C5557FFFFFFFFFFFFFFFF52545A5CF7
:10439000BDCAB9C6BBC5BEC8C1CBC4CDC6CEC7CECB
:1043A000CAD0CACBFFFFFFFFFFFFFFFFFFFFFFFFEA
:1043B000FFFFFFFFFFFFFFFFFFFFFFFFFFFFFFFF0D
:1043C000FFFFFFFFFFFFFFFFFFFFFFFFFFFFFFFFFD
:1043D000FFFFFFFFFFFFFFFF4B4B5858E6E2F2EEF7
:1043E000F3EFF3F0F4F0F4F0F4F0F4F0FFFF818178
:1043F000FFFFFFFFFFFFFFFFFFFF43435353FFFF9D
:10440000FFFAFCF9FCF6F9F4F7F2F5F1F3EFCAC89C
:10441000E0E0FFFFFFFFFFFFFFFFFFFF45455050BC
:10442000D7D4CCCAC7C5C2C2BDBCB8B7B4B3AFAE8F
:1044300073728E8E5757555597979E9EA4A5A8AB1D
:10444000ADAFB1B4B6B8BFC27272FFFFFFFFA9A98A
:104450005150D5D5D0D0D3D3D6D6D9D7DCD9DDDB02
:10446000EBE9555546465050AAAAAFAEBBB8C5C1F8
:10447000CDC8D5D0DAD6DFDBC2C0E7E7FFFFFFFF4C
:10448000FFFFFFFFFFFFFFFFFFFF7070B1B0FFFBFB
:104490004E4EFFFFF1F150505757FFFFFFFFFFFF58
:1044A000FFFFFFFFFFFFFFFFFFFF4B4CFFFFFFFF83
:1044B000FFFFFFFFFFFFFFFFFFFF87875252F3F170
:1044C000E9E6E3DEDFDEDEDBDBD9D9D6D6D4D6D330
:1044D000DFDC5C5D6D6DFFFFFFFFFFFFFFFFFFFF98
:1044E000FFFF4D4D5050B7B5AFAEABA9A7A5A2A0E9
:1044F0009E9D9A9799995757FFFFFFFFFFFFFFFF78
:1045000052525A5AB9BCB5B8B7BABABCBEBFC1C18B
:10451000C3C4C5C5C8C8CACAFFFFFFFFFFFFFFFF6E
:10452000FFFFFFFFFFFFFFFFFFFFFFFFFFFFFFFF9B
:10453000FFFFFFFFFFFFFFFFFFFFFFFFFFFFFFFF8B
:10454000FFFFFFFFFFFFFFFFFFFFFFFF4B4D585A2D
:10455000E2DFEEE8EFE8F0EAF0EAF0EAF0EAF0EAAB
:10456000FFF98183FFFFFFFFFFFFFFFFFFFF4345D1
:104570005355FFFEFAF3F9F1F6F0F4EFF2ECF1EC3B
:10458000EFEAC8C5E0E1FFFFFFFFFFFFFFFFFFFF0E
:1045900045475053D4D0CAC8C5C4C2BFBCBAB7B7C8
:1045A000B3B3AEAE72738E8E5759555797999EA17D
:1045B000A5AAABB0AFB6B4BCB8C3C2D07274FFFF8B
:1045C000FFFFA9A85052D5DFD0D6D3D9D6DBD7DC90
:1045D000D9DEDBE0E9EC555846485052AAB0AEB3FC
:1045E000B8BBC1C3C8CAD0CFD6D5DBD9C0BFE7E7F7
:1045F000FFFFFFFFFFFFFFFFFFFFFFFFFFFF7071E8
:10460000B0AEFBF44E51FFFFF1F15051575AFFFA93
:10461000FFF8FFF8FFF8FFF8FFF8FFF8FFF84C4F3E
:10462000FFFFFFFFFFFFFFFFFFFFFFFFFFFF87878A
:104630005255F1ECE6E1DEDADED8DBD7D9D5D6D3B8
:10464000D4D0D3D0DCD75D606D6FFFFFFFFFFFFFDD
:10465000FFFFFFFFFFFF4D4F5052B5B4AEADA9AA0B
:10466000A5A6A0A19D9E9798999A5759FFFFFFFF75
:10467000FFFFFFFF52545A5CBCC8B8C3BAC6BCC7E0
:10468000BFC9C1CAC4CCC5CEC8CFCACBFFFFFFFFCC
:10469000FFFFFFFFFFFFFFFFFFFFFFFFFFFFFFFF2A
:1046A000FFFFFFFFFFFFFFFFFFFFFFFFFFFFFFFF1A
:1046B000FFFFFFFFFFFFFFFFFFFFFFFFFFFFFFFF0A
:1046C0004B4B5858E7E3F2ECF3EFF3EEF3F0F4F072
:1046D000F4F0F4F0FFFF8181FFFFFFFFFFFFFFFF1A
:1046E000FFFFFFFF4C4C4A4A4A4A4A4A4A4A4A4A52
:1046F0004A4A4A4A4A4A4D4DDEDEFFFFFFFFFFFFAE
:10470000FFFFFFFFFFFF4D4D4B4C4C4C4C4C4C4CB6
:104710004D4C4D4C4D4D4D4D4D4DFFFF8F8F5252D9
:104720004C4C4C4C4B4B4B4B4A4A4A4A4A4A4949DF
:10473000FCFCFFFFFFFFFFFFACAC4949494848487C
:10474000484848484848484848474A4AFFFF3B3B92
:104750003A3A3A3A393939393839373737373737D2
:104760003939E2E2FFFFFFFFFFFFFFFFFFFFFFFF1F
:10477000FFFFFFFF6A6A35363535FFFFFFFFF5F5AE
:104780003D3D3A3A3A3A3A3A3A3A3A3A3A3A3A3A83
:104790003A3A3434FFFFFFFFFFFFFFFFFFFFFFFF49
:1047A000FFFFFFFFFFFF6C6B34356F6FA6A6BCB930
:1047B000BEBBA7A5727137385D5DFFFFFFFFFFFF2E
:1047C000FFFFFFFFFFFFFFFFFFFFFFFF3D3D3C3C03
:1047D0003C3C3D3D3D3D3D3D3D3D3D3D3D3D3B3B0F
:1047E000FFFFFFFFFFFFFFFF52525A5AB7BAB4B69E
:1047F000B4B7B8BABBBDBEBFC1C2C2C3C5C6CACAC0
:10480000FFFFFFFFFFFFFFFFFFFFFFFFFFFFFFFFB8
:10481000FFFFFFFFFFFFFFFFFFFFFFFFFFFFFFFFA8
:10482000FFFFFFFFFFFFFFFFFFFFFFFFFFFFFFFF98
:10483000FFFFFFFF4B4D585AE3DDECE8EFE8EEE8F1
:10484000F0EAF0EAF0EAF0EAFFF98183FFFFFFFF08
:10485000FFFFFFFFFFFFFFFF4C4F4A4C4A4C4A4C03
:104860004A4C4A4C4A4C4A4C4A4C4D4EDEDFFFFF04
:10487000FFFFFFFFFFFFFFFFFFFF4D4F4C4D4C4D74
:104880004C4E4C4E4C4F4C4F4D4F4D4F4D4FFFFFEC
:104890008F9152534C4E4C4D4B4D4B4C4A4B4A4BC7
:1048A0004A4B494AFCFBFFFFFFFFFFFFACAC494A04
:1048B000484A484A484A48494849484947494A4C69
:1048C000FFFF3B3D3A3C3A3C393B393B393B373AB9
:1048D000373A3739393CE2E2FFFFFFFFFFFFFFFFC6
:1048E000FFFFFFFFFFFFFFFF6A6B36383537FFFF23
:1048F000FFFFF5F53D3F3A3C3A3C3A3C3A3C3A3C06
:104900003A3C3A3C3A3C3436FFFFFFFFFFFFFFFFE3
:10491000FFFFFFFFFFFFFFFFFFFF6B6C35386F707E
:10492000A6A5B9B7BBB8A5A57173383A5D5FFFFFFF
:10493000FFFFFFFFFFFFFFFFFFFFFFFFFFFFFFFF87
:104940003D403C3F3C3F3D3F3D3F3D3F3D3F3D3F88
:104950003D403B3DFFFFFFFFFFFFFFFF52545A5C0E
:10496000BAC5B6C2B7C4BAC6BDC6BFC9C2CAC3CC2F
:10497000C6CECACBFFFFFFFFFFFFFFFFFFFFFFFF1A
:10498000FFFFFFFFFFFFFFFFFFFFFFFFFFFFFFFF37
:10499000FFFFFFFFFFFFFFFFFFFFFFFFFFFFFFFF27
:1049A000FFFFFFFFFFFFFFFF4B4B5858E5E2F1EC25
:1049B000F2ECF3EFF3EEF3F0F4F0F4F0FFFF8383A7
:1049C000FFFFFFFFFFFFFFFFFFFFFFFFFFFFFFFFF7
:1049D000FFFFFFFFFFFFFFFFFFFFFFFFFFFFFFFFE7
:1049E000FFFFFFFFFFFFFFFFFFFFFFFFFFFFFFFFD7
:1049F000FFFFFFFFFFFFFFFFFFFFFFFFFFFFFFFFC7
:104A0000FFFFFFFFFFFFFFFFFFFFFFFFFFFFFFFFB6
:104A1000FFFFFFFFFFFFFFFFFFFFFFFFFFFFFFFFA6
:104A2000FFFFFFFFFFFFFFFFFFFFFFFFFFFFFFFF96
:104A3000FFFFFFFFFFFFFFFFFFFFFFFFFFFFFFFF86
:104A4000FFFFFFFFFFFFFFFFFFFFFFFFFFFFFFFF76
:104A5000FFFFFFFFFFFFFFFFFFFFFFFFFFFFFFFF66
:104A6000FFFFFFFFFFFFFFFFFFFFFFFFFFFFFFFF56
:104A7000FFFFFFFFFFFFFFFFFFFFFFFFFFFFFFFF46
:104A8000FFFFFFFFFFFFFFFFFFFFFFFFFFFFFFFF36
:104A9000FFFFFFFFFBFBDBDBDBDBF5F5FFFFFFFFD2
:104AA000FFFFFFFFFFFFFFFFFFFFFFFFFFFFFFFF16
:104AB000FFFFFFFFFFFFFFFFFFFFFFFFFFFFFFFF06
:104AC000FFFFFFFFFFFFFFFFFFFFFFFFFFFFFFFFF6
:104AD00052525959B5B7B2B3B4B6B5B7B7BABBBDF0
:104AE000BEBFC1C2C3C4CACAFFFFFFFFFFFFFFFFB3
:104AF000FFFFFFFFFFFFFFFFFFFFFFFFFFFFFFFFC6
:104B0000FFFFFFFFFFFFFFFFFFFFFFFFFFFFFFFFB5
:104B1000FFFFFFFFFFFFFFFFFFFFFFFF4B4D585A57
:104B2000E2DDECE6ECE8EFE8EEE8F0EAF0EAF0EAE5
:104B3000FFFA8384FFFFFFFFFFFFFFFFFFFFFFFF81
:104B4000FFFFFFFFFFFFFFFFFFFFFFFFFFFFFFFF75
:104B5000FFFFFFFFFFFFFFFFFFFFFFFFFFFFFFFF65
:104B6000FFFFFFFFFFFFFFFFFFFFFFFFFFFFFFFF55
:104B7000FFFFFFFFFFFFFFFFFFFFFFFFFFFFFFFF45
:104B8000FFFFFFFFFFFFFFFFFFFFFFFFFFFFFFFF35
:104B9000FFFFFFFFFFFFFFFFFFFFFFFFFFFFFFFF25
:104BA000FFFFFFFFFFFFFFFFFFFFFFFFFFFFFFFF15
:104BB000FFFFFFFFFFFFFFFFFFFFFFFFFFFFFFFF05
:104BC000FFFFFFFFFFFFFFFFFFFFFFFFFFFFFFFFF5
:104BD000FFFFFFFFFFFFFFFFFFFFFFFFFFFFFFFFE5
:104BE000FFFFFFFFFFFFFFFFFFFFFFFFFFFFFFFFD5
:104BF000FFFFFFFFFFFFFFFFFFFFFFFFFFFFFFFFC5
:104C0000FFFFFFFFFFFFFFFFFBFCDBDBDBDCF5F55E
:104C1000FFFFFFFFFFFFFFFFFFFFFFFFFFFFFFFFA4
:104C2000FFFFFFFFFFFFFFFFFFFFFFFFFFFFFFFF94
:104C3000FFFFFFFFFFFFFFFFFFFFFFFFFFFFFFFF84
:104C4000FFFFFFFF5254595BB7C1B3BEB6C1B7C334
:104C5000BAC6BDC7BFC9C2C9C4CDCACBFFFFFFFF1B
:104C6000FFFFFFFFFFFFFFFFFFFFFFFFFFFFFFFF54
:104C7000FFFFFFFFFFFFFFFFFFFFFFFFFFFFFFFF44
:104C8000FFFFFFFFFFFFFFFFFFFFFFFFFFFFFFFF34
:104C90004B4B5858E3DFEFEBF0ECF2ECF3EFF3EEB5
:104CA000F3F0F4F0FFFF8484FFFFFFFFFFFFFFFF3F
:104CB000FFFFFFFFFFFFFFFFFFFFFFFFFFFFFFFF04
:104CC000FFFFFFFFFFFFFFFFFFFFFFFFFFFFFFFFF4
:104CD000FFFFFFFFFFFFFFFFFFFFFFFFFFFFFFFFE4
:104CE000FFFFFFFFFFFFFFFFFFFFFFFFFFFFFFFFD4
:104CF000FFFFFFFFFFFFFFFFFFFFFFFFFFFFFFFFC4
:104D0000FFFFFFFFFFFFFFFFFFFFFFFFFFFFFFFFB3
:104D1000FFFFFFFFFFFFFFFFFFFFFFFFFFFFFFFFA3
:104D2000FFFFFFFFFFFFFFFFFFFFFFFFFFFFFFFF93
:104D3000FFFFFFFFFFFFFFFFFFFFFFFFFFFFFFFF83
:104D4000FFFFFFFFFFFFFFFFFFFFFFFFFFFFFFFF73
:104D5000FFFFFFFFFFFFFFFFFFFFFFFFFFFFFFFF63
:104D6000FFFFFFFFFFFFFFFFFFFFFFFFFFFFFFFF53
:104D7000FFFFFFFFFFFFFFFFFFFFFFFFFFFFFFFF43
:104D8000FFFFFFFFFFFFFFFFFFFFFFFFFFFFFFFF33
:104D9000FFFFFFFFFFFFFFFFFFFFFFFFFFFFFFFF23
:104DA000FFFFFFFFFFFFFFFFFFFFFFFFFFFFFFFF13
:104DB000FFFFFFFFFFFFFFFF52525959B2B3AEB1E1
:104DC000B2B4B3B6B5B8B9BBBBBDBEBFC3C4CACA23
:104DD000FFFFFFFFFFFFFFFFFFFFFFFFFFFFFFFFE3
:104DE000FFFFFFFFFFFFFFFFFFFFFFFFFFFFFFFFD3
:104DF000FFFFFFFFFFFFFFFFFFFFFFFFFFFFFFFFC3
:104E0000FFFFFFFF4B4D585ADFDBEBE6ECE6ECE82B
:104E1000EFE8EEE8F0EAF0EAFFFA8485FFFFFFFF33
:104E2000FFFFFFFFFFFFFFFFFFFFFFFFFFFFFFFF92
:104E3000FFFFFFFFFFFFFFFFFFFFFFFFFFFFFFFF82
:104E4000FFFFFFFFFFFFFFFFFFFFFFFFFFFFFFFF72
:104E5000FFFFFFFFFFFFFFFFFFFFFFFFFFFFFFFF62
:104E6000FFFFFFFFFFFFFFFFFFFFFFFFFFFFFFFF52
:104E7000FFFFFFFFFFFFFFFFFFFFFFFFFFFFFFFF42
:104E8000FFFFFFFFFFFFFFFFFFFFFFFFFFFFFFFF32
:104E9000FFFFFFFFFFFFFFFFFFFFFFFFFFFFFFFF22
:104EA000FFFFFFFFFFFFFFFFFFFFFFFFFFFFFFFF12
:104EB000FFFFFFFFFFFFFFFFFFFFFFFFFFFFFFFF02
:104EC000FFFFFFFFFFFFFFFFFFFFFFFFFFFFFFFFF2
:104ED000FFFFFFFFFFFFFFFFFFFFFFFFFFFFFFFFE2
:104EE000FFFFFFFFFFFFFFFFFFFFFFFFFFFFFFFFD2
:104EF000FFFFFFFFFFFFFFFFFFFFFFFFFFFFFFFFC2
:104F0000FFFFFFFFFFFFFFFFFFFFFFFFFFFFFFFFB1
:104F1000FFFFFFFFFFFFFFFFFFFFFFFFFFFFFFFFA1
:104F2000FFFFFFFFFFFFFFFFFFFFFFFF5254595B33
:104F3000B3BBB1BAB4BEB6C2B8C4BBC6BDC8BFCAA3
:104F4000C4CDCACBFFFFFFFFFFFFFFFFFFFFFFFF47
:104F5000FFFFFFFFFFFFFFFFFFFFFFFFFFFFFFFF61
:104F6000FFFFFFFFFFFFFFFFFFFFFFFFFFFFFFFF51
:104F7000FFFFFFFFFFFFFFFF4B4B5858E0DDEBE863
:104F8000EFEBF1EDF2ECF3EFF3EEF4F0FFFF8484DE
:104F9000FFFFFFFFFFFFFFFFFFFFFFFFFFFFFFFF21
:104FA000FFFFFFFFFFFFFFFFFFFFFFFFFFFFFFFF11
:104FB000FFFFFFFFFFFFFFFFFFFFFFFFFFFFFFFF01
:104FC000FFFFFFFFFFFFFFFFFFFFFFFFFFFFFFFFF1
:104FD000FFFFFFFFFFFFFFFFFFFFFFFFFFFFFFFFE1
:104FE000FFFFFFFFFFFFFFFFFFFFFFFFFFFFFFFFD1
:104FF000FFFFFFFFFFFFFFFFFFFFFFFFFFFFFFFFC1
:10500000FFFFFFFFFFFFFFFFFFFFFFFFFFFFFFFFB0
:10501000FFFFFFFFFFFFFFFFFFFFFFFFFFFFFFFFA0
:10502000FFFFFFFFFFFFFFFFFFFFFFFFFFFFFFFF90
:10503000FFFFFFFFFFFFFFFFFFFFFFFFFFFFFFFF80
:10504000FFFFFFFFFFFFFFFFFFFFFFFFFFFFFFFF70
:10505000FFFFFFFFFFFFFFFFFFFFFFFFFFFFFFFF60
:10506000FFFFFFFFFFFFFFFFFFFFFFFFFFFFFFFF50
:10507000FFFFFFFFFFFFFFFFFFFFFFFFFFFFFFFF40
:10508000FFFFFFFFFFFFFFFFFFFFFFFFFFFFFFFF30
:10509000FFFFFFFFFFFFFFFFFFFFFFFFFFFFFFFF20
:1050A00052525959AEB0ACADAFB1B1B4B5B6B5B856
:1050B000B9BABCBCB1B3CACAFFFFFFFFFFFFFFFF15
:1050C000FFFFFFFFFFFFFFFFFFFFFFFFFFFFFFFFF0
:1050D000FFFFFFFFFFFFFFFFFFFFFFFFFFFFFFFFE0
:1050E000FFFFFFFFFFFFFFFFFFFFFFFF4B4D585A82
:1050F000DDD7E8E4EBE6EDE6ECE8EFE8EEE8F0EA31
:10510000FFFA8485FFFFFFFFFFFFFFFFFFFFFFFFA9
:10511000FFFFFFFFFFFFFFFFFFFFFFFFFFFFFFFF9F
:10512000FFFFFFFFFFFFFFFFFFFFFFFFFFFFFFFF8F
:10513000FFFFFFFFFFFFFFFFFFFFFFFFFFFFFFFF7F
:10514000FFFFFFFFFFFFFFFFFFFFFFFFFFFFFFFF6F
:10515000FFFFFFFFFFFFFFFFFFFFFFFFFFFFFFFF5F
:10516000FFFFFFFFFFFFFFFFFFFFFFFFFFFFFFFF4F
:10517000FFFFFFFFFFFFFFFFFFFFFFFFFFFFFFFF3F
:10518000FFFFFFFFFFFFFFFFFFFFFFFFFFFFFFFF2F
:10519000FFFFFFFFFFFFFFFFFFFFFFFFFFFFFFFF1F
:1051A000FFFFFFFFFFFFFFFFFFFFFFFFFFFFFFFF0F
:1051B000FFFFFFFFFFFFFFFFFFFFFFFFFFFFFFFFFF
:1051C000FFFFFFFFFFFFFFFFFFFFFFFFFFFFFFFFEF
:1051D000FFFFFFFFFFFFFFFFFFFFFFFFFFFFFFFFDF
:1051E000FFFFFFFFFFFFFFFFFFFFFFFFFFFFFFFFCF
:1051F000FFFFFFFFFFFFFFFFFFFFFFFFFFFFFFFFBF
:10520000FFFFFFFFFFFFFFFFFFFFFFFFFFFFFFFFAE
:10521000FFFFFFFF5254595BB0B7ADB5B1BBB4BE91
:10522000B6C2B8C4BAC7BCC8B3BACACBFFFFFFFF87
:10523000FFFFFFFFFFFFFFFFFFFFFFFFFFFFFFFF7E
:10524000FFFFFFFFFFFFFFFFFFFFFFFFFFFFFFFF6E
:10525000FFFFFFFFFFFFFFFFFFFFFFFFFFFFFFFF5E
:105260004B4B5A5ADEDBEAE7EDE8EFEBF1ECF2EC00
:10527000F3EFF3EEFFFF8484FFFFFFFFFFFFFFFF6D
:10528000FFFFFFFFFFFFFFFFFFFFFFFFFFFFFFFF2E
:10529000FFFFFFFFFFFFFFFFFFFFFFFFFFFFFFFF1E
:1052A000FFFFFFFFFFFFFFFFFFFFFFFFFFFFFFFF0E
:1052B000FFFFFFFFFFFFFFFFFFFFFFFFFFFFFFFFFE
:1052C000FFFFFFFFFFFFFFFFFFFFFFFFFFFFFFFFEE
:1052D000FFFFFFFFFFFFFFFFFFFFFFFFFFFFFFFFDE
:1052E000FFFFFFFFFFFFFFFFFFFFFFFFFFFFFFFFCE
:1052F000FFFFFFFFFFFFFFFFFFFFFFFFFFFFFFFFBE
:10530000FFFFFFFFFFFFFFFFFFFFFFFFFFFFFFFFAD
:10531000FFFFFFFFFFFFFFFFFFFFFFFFFFFFFFFF9D
:10532000FFFFFFFFFFFFFFFFFFFFFFFFFFFFFFFF8D
:10533000FFFFFFFFFFFFFFFFFFFFFFFFFFFFFFFF7D
:10534000FFFFFFFFFFFFFFFFFFFFFFFFFFFFFFFF6D
:10535000FFFFFFFFFFFFFFFFFFFFFFFFFFFFFFFF5D
:10536000FFFFFFFFFFFFFFFFFFFFFFFFFFFFFFFF4D
:10537000FFFFFFFFFFFFFFFFFFFFFFFFFFFFFFFF3D
:10538000FFFFFFFFFFFFFFFF52525959ABACA9AA25
:10539000ACAEAEB1B2B4B4B6B5B9B9BAAFB3CACAAD
:1053A000FFFFFFFFFFFFFFFFFFFFFFFFFFFFFFFF0D
:1053B000FFFFFFFFFFFFFFFFFFFFFFFFFFFFFFFFFD
:1053C000FFFFFFFFFFFFFFFFFFFFFFFFFFFFFFFFED
:1053D000FFFFFFFF4B4D5A5CDBD7E7E1E8E4EBE66C
:1053E000ECE6ECE8EFE8EEE8FFFA8485FFFFFFFF6C
:1053F000FFFFFFFFFFFFFFFFFFFFFFFFFFFFFFFFBD
:10540000FFFFFFFFFFFFFFFFFFFFFFFFFFFFFFFFAC
:10541000FFFFFFFFFFFFFFFFFFFFFFFFFFFFFFFF9C
:10542000FFFFFFFFFFFFFFFFFFFFFFFFFFFFFFFF8C
:10543000FFFFFFFFFFFFFFFFFFFFFFFFFFFFFFFF7C
:10544000FFFFFFFFFFFFFFFFFFFFFFFFFFFFFFFF6C
:10545000FFFFFFFFFFFFFFFFFFFFFFFFFFFFFFFF5C
:10546000FFFFFFFFFFFFFFFFFFFFFFFFFFFFFFFF4C
:10547000FFFFFFFFFFFFFFFFFFFFFFFFFFFFFFFF3C
:10548000FFFFFFFFFFFFFFFFFFFFFFFFFFFFFFFF2C
:10549000FFFFFFFFFFFFFFFFFFFFFFFFFFFFFFFF1C
:1054A000FFFFFFFFFFFFFFFFFFFFFFFFFFFFFFFF0C
:1054B000FFFFFFFFFFFFFFFFFFFFFFFFFFFFFFFFFC
:1054C000FFFFFFFFFFFFFFFFFFFFFFFFFFFFFFFFEC
:1054D000FFFFFFFFFFFFFFFFFFFFFFFFFFFFFFFFDC
:1054E000FFFFFFFFFFFFFFFFFFFFFFFFFFFFFFFFCC
:1054F000FFFFFFFFFFFFFFFFFFFFFFFF5254595B5E
:10550000ACB2AAB2AEB6B1BBB4BFB6C2B9C5BAC727
:10551000B3BACACBFFFFFFFFFFFFFFFFFFFFFFFF95
:10552000FFFFFFFFFFFFFFFFFFFFFFFFFFFFFFFF8B
:10553000FFFFFFFFFFFFFFFFFFFFFFFFFFFFFFFF7B
:10554000FFFFFFFFFFFFFFFF4D4D5B5CDAD6E7E497
:10555000E9E7ECE9EEECF0EDF1EDF3EFFFFF848429
:10556000FFFFFFFFFFFFFFFFFFFFFFFFFFFFFFFF4B
:10557000FFFFFFFFFFFFFFFFFFFFFFFFFFFFFFFF3B
:10558000FFFFFFFFFFFFFFFFFFFFFFFFFFFFFFFF2B
:10559000FFFFFFFFFFFFFFFFFFFFFFFFFFFFFFFF1B
:1055A000FFFFFFFFFFFFFFFFFFFFFFFFFFFFFFFF0B
:1055B000FFFFFFFFFFFFFFFFFFFFFFFFFFFFFFFFFB
:1055C000FFFFFFFFFFFFFFFFFFFFFFFFFFFFFFFFEB
:1055D000FFFFFFFFFFFFFFFFFFFFFFFFFFFFFFFFDB
:1055E000FFFFFFFFFFFFFFFFFFFFFFFFFFFFFFFFCB
:1055F000FFFFFFFFFFFFFFFFFFFFFFFFFFFFFFFFBB
:10560000FFFFFFFFFFFFFFFFFFFFFFFFFFFFFFFFAA
:10561000FFFFFFFFFFFFFFFFFFFFFFFFFFFFFFFF9A
:10562000FFFFFFFFFFFFFFFFFFFFFFFFFFFFFFFF8A
:10563000FFFFFFFFFFFFFFFFFFFFFFFFFFFFFFFF7A
:10564000FFFFFFFFFFFFFFFFFFFFFFFFFFFFFFFF6A
:10565000FFFFFFFFFFFFFFFFFFFFFFFFFFFFFFFF5A
:10566000FFFFFFFFFFFFFFFFFFFFFFFFFFFFFFFF4A
:1056700052525959A6A8A5A7A9AAACAFB0B1B1B4C6
:10568000B3B6B5B9AEB0CACAFFFFFFFFFFFFFFFF59
:10569000FFFFFFFFFFFFFFFFFFFFFFFFFFFFFFFF1A
:1056A000FFFFFFFFFFFFFFFFFFFFFFFFFFFFFFFF0A
:1056B000FFFFFFFFFFFFFFFFFFFFFFFF4D4F5C5EA0
:1056C000D6D4E4E0E7E1E9E3ECE6EDE6EDE8EFE788
:1056D000FFF98485FFFFFFFFFFFFFFFFFFFFFFFFD5
:1056E000FFFFFFFFFFFFFFFFFFFFFFFFFFFFFFFFCA
:1056F000FFFFFFFFFFFFFFFFFFFFFFFFFFFFFFFFBA
:10570000FFFFFFFFFFFFFFFFFFFFFFFFFFFFFFFFA9
:10571000FFFFFFFFFFFFFFFFFFFFFFFFFFFFFFFF99
:10572000FFFFFFFFFFFFFFFFFFFFFFFFFFFFFFFF89
:10573000FFFFFFFFFFFFFFFFFFFFFFFFFFFFFFFF79
:10574000FFFFFFFFFFFFFFFFFFFFFFFFFFFFFFFF69
:10575000FFFFFFFFFFFFFFFFFFFFFFFFFFFFFFFF59
:10576000FFFFFFFFFFFFFFFFFFFFFFFFFFFFFFFF49
:10577000FFFFFFFFFFFFFFFFFFFFFFFFFFFFFFFF39
:10578000FFFFFFFFFFFFFFFFFFFFFFFFFFFFFFFF29
:10579000FFFFFFFFFFFFFFFFFFFFFFFFFFFFFFFF19
:1057A000FFFFFFFFFFFFFFFFFFFFFFFFFFFFFFFF09
:1057B000FFFFFFFFFFFFFFFFFFFFFFFFFFFFFFFFF9
:1057C000FFFFFFFFFFFFFFFFFFFFFFFFFFFFFFFFE9
:1057D000FFFFFFFFFFFFFFFFFFFFFFFFFFFFFFFFD9
:1057E000FFFFFFFF5254595BA8ACA7ABAAB1AFB6FD
:1057F000B1BBB4BFB6C3B9C5B0B8CACBFFFFFFFFDA
:10580000FFFFFFFFFFFFFFFFFFFFFFFFFFFFFFFFA8
:10581000FFFFFFFFFFFFFFFFFFFFFFFFFFFFFFFF98
:10582000FFFFFFFFFFFFFFFFFFFFFFFFFFFFFFFF88
:105830004E4E5B5CD6D3E4E0E8E4EAE7ECE8EFEC5C
:10584000F0EDF1EDFFFF8484FFFFFFFFFFFFFFFF9F
:10585000FFFF525257575757575757575757575792
:1058600057575757575757575757575757575757C8
:1058700057575757575757575757575757575757B8
:1058800057575757575757575757575757575757A8
:105890005757575757575757575757575757575798
:1058A0005757575757575757575757575757575788
:1058B0005757575757575757575757575757575778
:1058C0005757575757575757575757575757575768
:1058D0005757575757575757575757575757575758
:1058E0005757575757575757575757575757575748
:1058F0005757575757575757575757575757575738
:105900005757575757575757575757575757575727
:105910005757575757575757575757575757575717
:105920005757575757575757575757575757575707
:1059300057575757575757575757575757575757F7
:105940005757575757575757575757575353F8F8AD
:10595000FFFFFFFFFFFFFFFF52525959A1A1A2A372
:10596000A5A7A9AAADAEB0B2B3B5B5B7ACAFCACA18
:10597000FFFFFFFFFFFFFFFFFFFFFFFFFFFFFFFF37
:10598000FFFFFFFFFFFFFFFFFFFFFFFFFFFFFFFF27
:10599000FFFFFFFFFFFFFFFFFFFFFFFFFFFFFFFF17
:1059A000FFFFFFFF4E505C5ED3CFE0DCE4E0E7E1B9
:1059B000E8E4ECE6EDE6EDE8FFF88485FFFFFFFFA5
:1059C000FFFFFFFFFFFF5254575957595759575977
:1059D0005759575957595759575957595759575947
:1059E0005759575957595759575957595759575937
:1059F0005759575957595759575957595759575927
:105A00005759575957595759575957595759575916
:105A10005759575957595759575957595759575906
:105A200057595759575957595759575957595759F6
:105A300057595759575957595759575957595759E6
:105A400057595759575957595759575957595759D6
:105A500057595759575957595759575957595759C6
:105A600057595759575957595759575957595759B6
:105A700057595759575957595759575957595759A6
:105A80005759575957595759575957595759575996
:105A90005759575957595759575957595759575986
:105AA0005759575957595759575957595759575976
:105AB0005759575957595759575957595759575966
:105AC0005355F8F8FFFFFFFFFFFFFFFF5254595BEC
:105AD000A1A6A3A7A7ACAAB2AEB7B2BCB5C0B7C3C4
:105AE000AFB8CACBFFFFFFFFFFFFFFFFFFFFFFFFC6
:105AF000FFFFFFFFFFFFFFFFFFFFFFFFFFFFFFFFB6
:105B0000FFFFFFFFFFFFFFFFFFFFFFFFFFFFFFFFA5
:105B1000FFFFFFFFFFFFFFFF4E4E5B5CD0CDDFDBE3
:105B2000E4E0E7E3EBE7EDE9EFECF0EDFFFF848481
:105B3000FFFFFFFFFFFFFFFFFFFF4F4F5959565673
:105B400056565656565656565656565656565656F5
:105B500056575657565756575657565756575657DD
:105B600056575657565756575657565756575657CD
:105B700056575657565756575757575757575757B9
:105B800057575757575757575757575757585758A3
:105B9000575857585758575857585758575857588D
:105BA000575857585758575857585758585858587B
:105BB0005858585858585858585858585858585865
:105BC0005858585858585858585858585858585855
:105BD0005858585858585858585858585858575846
:105BE000575857585758575857585758575857583D
:105BF000575857585758575857585758575857582D
:105C00005758575857585758575757575757575720
:105C10005757575757575757565756575657565718
:105C2000565756575657565756575656565656560F
:105C30005656555655565656FFFFFFFFFFFFFFFFBE
:105C4000525259599D9D9D9DA1A2A6A7A9AAADAF4B
:105C5000B0B2B4B5AAADCACAFFFFFFFFFFFFFFFF96
:105C6000FFFFFFFFFFFFFFFFFFFFFFFFFFFFFFFF44
:105C7000FFFFFFFFFFFFFFFFFFFFFFFFFFFFFFFF34
:105C8000FFFFFFFFFFFFFFFFFFFFFFFF4E505C5EC8
:105C9000CDCBDBD7E0DDE3DFE7E1E9E5ECE7EDE6FF
:105CA000FFF88485FFFFFFFFFFFFFFFFFFFF4F515E
:105CB000595B56585658565856585658565856596D
:105CC0005659565957595759575957595759575956
:105CD0005759575957595759575957595759575944
:105CE0005759575957595759575957595759575934
:105CF0005759575957595759575957595759575924
:105D0000585958595859585A585A585A585A585A06
:105D1000585A585A585A585A585A585A585A585AF3
:105D2000585A585A585A585A585A585A585A585AE3
:105D3000585A585A585A585A585A585A585A585AD3
:105D4000585A585A585A585A585A585A585A585AC3
:105D5000585A585A585A585A585A585A585A585AB3
:105D6000585A585A585A585A585A585A585A585AA3
:105D7000585A585A585A585A585958595759575999
:105D80005759575957595759575957595759575993
:105D90005759575957595759575957595759565885
:105DA000565856585658565856585658FFFFFFFFE3
:105DB000FFFFFFFF5255595B9D9E9DA1A2A6A7AD77
:105DC000AAB2AFB8B2BCB5C0ADB7CACBFFFFFFFF38
:105DD000FFFFFFFFFFFFFFFFFFFFFFFFFFFFFFFFD3
:105DE000FFFFFFFFFFFFFFFFFFFF7A7A85858585B5
:105DF00088889595FFFFFFFFFFFFCDCDFFFFFFFFD9
:105E00004E4E5B5CCCC7D9D6E0DBE4E1E8E3EBE7E0
:105E1000ECE9EFEBFFFE8484FFFFFFFFFFFFFFFFD6
:105E2000FFFF4F4F585AFFFFFFFBFDFBFCF7FBF650
:105E3000FBF5F8F4F5F1F5F0F2EDF1ECEDEAECE854
:105E4000EAE5E9E4E8E3E6E2E5DFE3DEE1DDE0DB25
:105E5000DEDADBD7DBD6D8D4D7D1D4D1D2CED0CDF1
:105E6000CFCACDCACBC8C9C6C8C4C5C2C4C1C1BFC8
:105E7000C1BDBEBBBCBAB9B7B7B6B5B4B4B3B1B1A6
:105E8000AFAFAEADABABAAA8A7A7A7A5A4A4A2A28B
:105E90009EA09D9E9B9D9A9B97989697939694966D
:105EA0009696959695989597959795979597969791
:105EB000969796989899989998999899989A999A5E
:105EC0009A9B9B9B9C9C9B9D9C9E9C9D9E9F9F9E0A
:105ED000A1A0A2A1A3A5A3A3A6A6A6A8A9A9AAAA70
:105EE000ABABAEAEAEB0B1B1B3B2B4B3B7B6B8B897
:105EF000BBBBBDBCC0BFC3C1C6C4C8C6CBC8CDCB6D
:105F0000CFCED4D2D6D5DAD8DEDCE1DFE6E2E7E6E2
:105F1000EDEBF1F0F7F6FCFAFFFFFFFFFFFF7C7CF3
:105F2000FFFFFFFFFFFFFFFF5353595997979998C2
:105F30009D9EA1A3A6A7AAABAFAEB0B2A9ACCACA98
:105F4000FFFFFFFFFFFFFFFFFFFFFFFFFFFFFFFF61
:105F5000FFFFFFFFFFFFFFFFFFFFFFFFFFFF7A7C59
:105F600085878587888B9597FFFFFFFFFFFFCDCD46
:105F7000FFFFFFFF4E505C5EC7C7D6D4DBD8E1DD24
:105F8000E3E0E7E1E9E5EBE7FEF88485FFFFFFFFEB
:105F9000FFFFFFFFFFFF4F515A5CFFFBFBF5FBF2DA
:105FA000F7F3F6F2F5EEF4EEF1EDF0EAEDE9ECE9F7
:105FB000EAE6E8E5E5E2E4E3E3E0E2E0DFDEDEDDB9
:105FC000DDDBDBDADAD8D7D7D6D6D4D6D1D2D1D169
:105FD000CED0CDCECACCCACCC8CAC6C8C4C7C2C42B
:105FE000C1C4BFC3BDC0BBBFBABEB7BBB6BBB4B8EC
:105FF000B3B8B1B4AFB4ADB2ABB0A8AEA7AEA5ACB8
:10600000A4AAA2A9A0A79EA69DA59BA198A097A07F
:10601000969E969F969F969F989F97A097A097A0D1
:1060200097A097A097A098A099A099A199A199A1AC
:106030009AA29AA29BA29BA49CA39DA59EA69DA565
:106040009FA79EA6A0A8A1A9A5ABA3ACA6ADA8AEEC
:10605000A9AFAAB0ABB1AEB3B0B5B1B6B2B8B3B830
:10606000B6BBB8BDBBBFBCC0BFC3C1C5C4C8C6CA30
:10607000C8CDCBCECED0D2D4D5D6D8D9DCDCDFE0DB
:10608000E2E2E6E6EBE9F0EEF6F3FAF7FFFAFFFFFD
:10609000FFFF7C7DFFFFFFFFFFFFFFFF5355595BB5
:1060A0009798989A9EA2A3A7A7ADABB3AEB8B2BC7F
:1060B000ACB5CACBFFFFFFFFFFFFFFFFFFFFFFFFF6
:1060C000FFFFFFFFFFFFFFFFFFFFFFFFFFFFFFFFE0
:1060D000FFFF31315757575746464B4BF9F9FFFFF2
:1060E000FFFF3F3FFFFFFFFF4E4E5B5CC7C3D5D1B5
:1060F000D9D6E0DCE5E1E8E5EBE8ECE8FFFD8484F7
:10610000FFFFFFFFFFFFFFFFFFFF5151585AF4EF62
:10611000ECE9ECE8EAE8E9E5E8E4E7E2E5E1E3DF19
:10612000E2DEE0DCDFDBDCD8DAD7D9D5D8D4D8D3CF
:10613000D5D3D4D0D2CFD3CED1CCCFCBCCC8CBC774
:10614000C9C6C8C4C8C3C4C1C3C0C2BDC0BCBFBB2C
:10615000BCB9BCB8B9B7B8B5B6B3B6B2B3B0B0AFE6
:10616000AEADADACABAAAAA8A7A7A6A6A4A3A3A3AD
:10617000A2A09F9F9D9E9C9C9B9B9898979894966D
:10618000949391928F918E908F9190919090909204
:1061900090929092909290929092919291929192EC
:1061A00092939293929292949293949594959495BB
:1061B0009497959796979799999899999A9A9C9D5B
:1061C0009C9C9E9E9EA0A0A1A1A2A3A3A4A4A6A6BF
:1061D000A7A7A9A9AAA8ACACAEAEB1AFB2B2B4B3EE
:1061E000B7B6BAB8BBBABDBCC1BEC2C2C6C4C9C7C5
:1061F000CBCACECCD2CFD6D2D7D6DBDADFDEE4E341
:10620000E7E6EDEBF1F06F6FFFFFFFFFFFFFFFFF32
:10621000535359599B9A939299999E9EA3A4A7A8C8
:10622000AAABADAFA7AACACAFFFFFFFFFFFFFFFFE0
:10623000FFFFFFFFFFFFFFFFFFFFFFFFFFFFFFFF6E
:10624000FFFFFFFFFFFF31335759575946494B4C6A
:10625000F9FAFFFFFFFF3F41FFFFFFFF4E505C5E7B
:10626000C3C2D1CFD6D5DCD8E1DDE5E1E8E2E8E58F
:10627000FDF78485FFFFFFFFFFFFFFFFFFFF515387
:106280005A5CEFEAE9E4E8E3E8E1E5E2E4E1E2DDD3
:10629000E1DDDFDCDEDADCD9DBD8D8D6D7D5D5D363
:1062A000D4D3D3D1D3D0D0D0CFCFCECDCCCBCBCAFB
:1062B000C8C9C7C7C6C8C4C5C3C4C1C3C0C1BDBFA0
:1062C000BCBEBBBDB9BCB8BBB7BAB5B8B3B7B2B545
:1062D000B0B3AFB4ADB1ACB0AAAEA8ACA7ABA6ABEF
:1062E000A3A8A3A7A0A59FA49EA49CA29BA1989F9E
:1062F000989F969D939B929A919A90989199919933
:10630000909992999299929A929A929A929A929A32
:10631000929A929A9399939B929A949C939C959C0F
:10632000959C959C979E979E979E99A0989F99A0C3
:106330009AA29DA29CA39EA4A0A5A1A6A2A7A3A940
:10634000A4A9A6ABA7ACA9ADA8AEACB1AEB2AFB391
:10635000B2B6B3B7B6B9B8BBBABEBCC0BEC1C2C490
:10636000C4C6C7C9CACACCCDCFD1D2D1D6D6DAD944
:10637000DEDDE3E1E6E5EBE8F0EC6F70FFFFFFFF49
:10638000FFFFFFFF5355595B9A9B9293999B9EA2E7
:10639000A4A7A8ADABB4AFB8AAB1CACBFFFFFFFFAB
:1063A000FFFFFFFFFFFFFFFFFFFFFFFFFFFFFFFFFD
:1063B000FFFFFFFFFFFFFFFFFFFFFFFF49494545CD
:1063C000FFFF4A4A4444FFFF3E3E4848FFFFFFFFAD
:1063D0004E4E5B5CC0BCCFCBD5D1DAD6E0DCE5E17C
:1063E000E9E5EAE7FFFB8484FFFFFFFFFFFFFFFF14
:1063F000FFFF5151585AF5F1ECE8ECE9ECE8E9E817
:10640000E9E5E8E5E6E2E5E1E4E0E2DDDFDDDFDB6A
:10641000DCD8DBD7D9D4D9D4D8D3D6D2D3CFD3CF25
:10642000D1CED1CCD0CCCCC8CCC8C9C5C8C4C6C3C9
:10643000C4C1C3C0C1BDC0BDBEBBBCBABCB7B9B688
:10644000B8B6B5B4B5B2B3B0B1AFAFADACABABAB42
:10645000A9A9A7A8A6A6A5A4A3A3A2A0A09F9E9D04
:106460009D9C9B9B979997989497939490918F91CB
:106470008E908F9190919091909290929092909214
:1064800090929092919291929293929392939292EF
:1064900092949393949595959596949795979697AE
:1064A0009799999899999A9A9B9D9C9C9E9E9EA03B
:1064B000A0A0A1A2A2A3A5A5A5A6A7A7A9A9AAA98C
:1064C000ADACAEADB1B0B2B1B5B3B7B6BAB8BBBA98
:1064D000BEBCC0BEC2C1C6C4C8C7CACACECDD1D058
:1064E000D6D2D7D6DBDADFDEE3E3E8E7EDEB6667AB
:1064F000FFFFFFFFFFFFFFFF53535959A09E9595E4
:10650000929299999E9EA3A3A7A8AAABA6A7CACA2E
:10651000FFFFFFFFFFFFFFFFFFFFFFFFFFFFFFFF8B
:10652000FFFFFFFFFFFFFFFFFFFFFFFFFFFFFFFF7B
:10653000494B4549FFFF4A4B4446FFFF3E41484A0D
:10654000FFFFFFFF4E505C5EBCBDCBCAD1CFD6D49F
:10655000DCD8E1DDE5E1E7E2FBF58485FFFFFFFF45
:10656000FFFFFFFFFFFF51535A5CF1ECE8E3E9E462
:10657000E8E3E8E0E5E2E5E1E2DEE1DDE0DBDDDA0B
:10658000DDDADBD8D8D6D7D5D4D3D4D4D3D1D2D1B1
:10659000CFD0CFCFCECDCCCBCCCAC8C9C8C8C5C848
:1065A000C4C5C3C4C1C3C0C2BDBFBDBFBBBDBABCEF
:1065B000B7BBB6B9B6B8B4B7B2B5B0B3AFB4ADB196
:1065C000ABB0ABAFA9ADA8AAA6ABA4A9A3A6A0A542
:1065D0009FA59DA49CA29BA1999F989F979E949BE9
:1065E0009199919A90989199919991999299929A59
:1065F000929A929A929A929A929A929A939A93993A
:10660000939B929A949C939C959C959C969D979E07
:10661000979E979E99A0989F99A09AA19DA29CA3AE
:106620009EA4A0A6A0A6A2A7A3A8A5A9A6ABA7AC16
:10663000A9AEA9AEACB1ADB2B0B3B1B5B3B8B6B94D
:10664000B8BBBABEBCC0BEC2C1C3C4C6C7C8CACB31
:10665000CDCED0D1D2D2D6D5DAD9DEDDE3E0E7E4B3
:10666000EBE86769FFFFFFFFFFFFFFFF5355595B33
:106670009E9F95969293999C9EA2A3A9A8AEABB318
:10668000A7AECACBFFFFFFFFFFFFFFFFFFFFFFFF2C
:10669000FFFFFFFFFFFFFFFFFFFFFFFFFFFFFFFF0A
:1066A000FFFFFFFF49494545FFFF4A4A5858484800
:1066B00058584848FFFFFFFF4E4E5B5CB9B4C8C452
:1066C000CFCBD6D0DAD7DFDAE5E0E8E4FDFA848490
:1066D000FFFFFFFFFFFFFFFFFFFF5151585AF7F386
:1066E000EFECECE8ECE9ECE8E9E8E9E5E8E5E7E31C
:1066F000E6E2E3DFE2DEDFDCDFDBDDD8DAD8DAD5C5
:10670000D8D4D8D3D5D2D4D0D2CFD1CED1CDCFCB6F
:10671000CDC9CBC7C9C6C9C5C7C3C5C2C3C0C1BE21
:10672000C0BDBEBBBDB9BBB8BAB7B8B6B6B3B6B2DA
:10673000B3B0B0B0AFADAEACABABAAA8A8A7A6A69D
:10674000A4A3A3A2A2A1A09F9D9D9C9C9B9B989962
:10675000979794979593919290918E908F91909115
:10676000909090929092909290929092909291921A
:1067700091929192929392939292929492939495F1
:1067800094949496949794979697979999979899A3
:106790009A9A9C9D9B9B9E9E9EA0A1A1A1A1A3A312
:1067A000A4A4A6A6A7A7A9A9ABA9ACABADAEB1AF4F
:1067B000B2B1B4B3B6B6BAB8BBBABDBBC0BEC2C242
:1067C000C6C4C9C6CAC9CDCCD1CFD6D2D8D7DBDAD8
:1067D000DFDFE3E3E7E66767FFFFFFFFFFFFFFFFA2
:1067E00053535959A4A2999795939494999A9EA01A
:1067F000A3A4A7A8A3A4CACAFFFFFFFFFFFFFFFF30
:10680000FFFFFFFFFFFFFFFFFFFFFFFFFFFFFFFF98
:10681000FFFFFFFFFFFFFFFF494C4549FFFF4A4BCA
:10682000585A484A585A484AFFFFFFFF4E505C5E8C
:10683000B4B6C4C5CBCAD0CFD7D5DAD7E0DCE4E153
:10684000FAF38486FFFFFFFFFFFFFFFFFFFF5153B7
:106850005A5CF3ECECE7E8E4E9E4E8E3E8E1E5E1DD
:10686000E5E1E3DEE2DEDFDBDEDADCD9DBD8D8D659
:10687000D8D5D5D3D4D4D3D1D2D0D0D0CFCFCECDFC
:10688000CDCCCBCAC9C9C7C8C6C8C5C5C3C4C2C395
:10689000C0C1BEC0BDBFBBBDB9BCB8BAB7BAB6B83F
:1068A000B3B7B2B5B0B3B0B4ADB0ACB0ABAFA8ACE9
:1068B000A7ABA6ABA3A8A2A7A1A59FA49DA49CA299
:1068C0009BA1999F979E979E939B929A919A90983D
:1068D00091999199909992999299929A929A929A61
:1068E000929A929A929A929A9399939B929A949C42
:1068F000939C959C949B969D979E979E979E99A0FE
:10690000979E99A09AA29DA29BA39EA4A0A5A1A791
:10691000A1A8A3A9A4A9A6ABA7ACA9ADA9AEABB0E9
:10692000AEB1AFB3B1B5B3B7B6B9B8BBBABEBBC001
:10693000BEC1C2C4C4C6C6C9C9CACCCDCFD1D2D1CA
:10694000D7D6DAD9DFDEE3E1E6E56769FFFFFFFFCF
:10695000FFFFFFFF5355595BA2A49799939494941A
:106960009A9BA0A3A4A9A8AEA4ABCACBFFFFFFFF2C
:10697000FFFFFFFFFFFFFFFFFFFFFFFFFFFFFFFF27
:10698000FFFFFFFFFFFFFFFFFFFFFFFF49494545F7
:10699000FFFF4A4A5858585857574848FFFFFFFFCB
:1069A0004E4E5B5CB0ADC0BDC8C5D0CBD6D1DAD73A
:1069B000E0DCE6E2FBF79393FFFFFFFFFFFFFFFF43
:1069C000FFFF5151585AF8F3F0ECEFECECE8EBE82C
:1069D000EAE7EAE8EAE6E8E5E7E2E6E2E4E0E1DE63
:1069E000DFDDDEDBDCD9DCD8D9D5D9D3D8D3D6D21C
:1069F000D3CFD2CFD1CED1CCD0CCCDC9CBC7C9C5C6
:106A0000C8C4C6C3C4C1C4C0C2BDC1BCBEBABCB97F
:106A1000BCB7B9B7B8B6B6B3B6B1B2B0B1AFAFAD37
:106A2000ADACABABAAA8A8A8A6A6A5A3A3A2A2A0FA
:106A3000A09F9D9D9D9C9B9B9898979894969494BD
:106A400091928F918E908F918F9190909092909241
:106A50009092909290929092919291929192929320
:106A600092939292929492939495949495969497EB
:106A7000959796979799999898999A9A9C9D9C9C86
:106A80009E9E9EA09FA0A1A2A2A3A4A4A5A6A6A6E6
:106A9000A9A9AAA9ACACAEADB1B0B1B2B5B4B7B604
:106AA000BAB8BBBABDBDC1BEC2C2C6C4C9C7CBC9D4
:106AB000CECCD1CFD6D2D7D6DBDADFE0E4E3666640
:106AC000FFFFFFFFFFFFFFFF53535959A7A69D9CF0
:106AD0009898959493939A9A9E9FA4A59FA1CACAA9
:106AE000FFFFFFFFFFFFFFFFFFFFFFFFFFFFFFFFB6
:106AF000FFFFFFFFFFFFFFFFFFFFFFFFFFFFFFFFA6
:106B0000494C4549FFFF4A4B585A585A5759484A29
:106B1000FFFFFFFF4E505C5EADAFBDBFC5C6CBCB28
:106B2000D1D0D7D4DCD9E2DDF7F29395FFFFFFFF98
:106B3000FFFFFFFFFFFF51535A5CF3ECECE5ECE77E
:106B4000E8E3E8E3E7E3E8E1E6E1E5E1E2DEE2DE0F
:106B5000E0DCDEDBDDDADBD8D9D6D8D5D5D3D3D4AB
:106B6000D3D1D2D1CFD0CFCFCECDCCCBCCC9C9C948
:106B7000C7C8C5C8C4C5C3C4C1C3C0C1BDBFBCBEEE
:106B8000BABCB9BCB7BCB7BAB6B8B3B7B1B4B0B396
:106B9000AFB4ADB2ACB0ABAFA8ACA8AAA6ABA3A83B
:106BA000A2A6A0A59FA59DA49CA29BA1989F989FEB
:106BB000969D949B929A919A909891999199909977
:106BC00092999299929A929A929A929A929A929A67
:106BD000929A9399939B929A949C939C959C949B44
:106BE000969D979E979E979E99A0989F99A09AA1EF
:106BF0009DA29CA39EA4A0A5A0A6A2A8A3A8A4A968
:106C0000A6ABA6ACA9ADA9AEACB1ADB2B0B3B2B5AE
:106C1000B4B8B6B9B8BBBABEBDBFBEC2C2C4C4C6A2
:106C2000C7C9C9CACCCDCFD1D2D2D6D6DAD9E0DE47
:106C3000E3E16669FFFFFFFFFFFFFFFF5355595B6D
:106C4000A6A69C9D9899949593949A9D9FA3A5AA76
:106C5000A1A7CACBFFFFFFFFFFFFFFFFFFFFFFFF63
:106C6000FFFFFFFFFFFFFFFFFFFFFFFFFFFFFFFF34
:106C7000FFFFFFFF49494545FFFF4A4A4B4B7474EC
:106C800048484848FFFFFFFF4E4E5B5CA6A5B7B4DF
:106C9000C1BCC8C4CFCCD6D1DCD8E0DCF8F3939328
:106CA000FFFFFFFFFFFFFFFFFFFF5151585AF9F5AC
:106CB000F1ECF0EBEEECECE8EBE8EBE7E9E8E9E42B
:106CC000E7E4E7E2E5E1E3DFE2DDDFDCDFDBDDD8BF
:106CD000DAD8D9D5D8D4D8D3D5D2D4D0D2CFD1CE72
:106CE000D1CCCFCBCCC8CBC7C9C6C9C5C6C3C4C11C
:106CF000C3C0C1BDC0BCBEBBBCB9BBB8BAB7B8B6D7
:106D0000B6B3B6B2B2B0B1B0AFACADACAAABA9A895
:106D1000A7A7A6A6A4A3A3A2A1A19F9E9E9E9C9D59
:106D20009B9A979996979496959390918F928E901F
:106D30008F91909190909092909290929092909248
:106D40009092919291929293929392939292929422
:106D500092939495949494969497959795969799E1
:106D6000999798999A9A9B9D9C9C9E9E9EA0A1A162
:106D7000A1A2A3A3A5A5A6A6A7A7A8A8ABA9ACABAB
:106D8000ADAEB1AFB2B1B4B3B7B6BAB8BBB9BEBBB2
:106D9000C0BEC2C2C6C4C8C7CBCACDCCD1D0D6D261
:106DA000D8D7DBDAE0DE6767FFFFFFFFFFFFFFFFFB
:106DB00053535959ABAAA1A09C9B9898949494942E
:106DC0009A9B9FA09C9EDBDBFFFFFFFFFFFFFFFF67
:106DD000FFFFFFFFFFFFFFFFFFFFFFFFFFFFFFFFC3
:106DE000FFFFFFFFFFFFFFFF494C4549FFFF4A4BF5
:106DF0004B4D7476484B484AFFFFFFFF4E505C5E98
:106E0000A5A9B4B6BCBFC4C6CCCBD1D1D8D5DCD92A
:106E1000F3EF9395FFFFFFFFFFFFFFFFFFFF5153CE
:106E20005A5CF5ECECE8EBE6ECE7E8E3E8E3E7E3F3
:106E3000E8E1E4E1E4E1E2DEE1DDDFDBDDDADCD95B
:106E4000DBD8D8D6D8D5D5D3D4D4D3D1D2D0D0CFFF
:106E5000CFCECECDCCCBCBCAC8C9C7C7C6C8C5C597
:106E6000C3C4C1C3C0C2BDBFBCBEBBBDB9BCB8BA40
:106E7000B7BAB6B8B3B7B2B5B0B3B0B4ACB0ACAFE4
:106E8000ABAFA8ACA7AAA6AAA3A8A2A7A1A59EA497
:106E90009EA49DA39AA099A0979E969D939A91993E
:106EA000929A90989199919990999299929A929A8E
:106EB000929A929A929A929A929A939A9399939B6F
:106EC000929A949C939C959C949B969D979E979E3A
:106ED000969D99A0979E99A09AA29DA29CA39EA5DB
:106EE000A0A5A1A7A2A8A3A9A5A9A6ABA7ACA8AD38
:106EF000A9AEABB0AEB1AFB3B1B5B3B7B6B9B8BB6D
:106F0000B9BEBBC0BEC1C2C4C4C6C7C8CACACCCD44
:106F1000D0D1D2D2D7D6DAD9DEDD6769FFFFFFFF45
:106F2000FFFFFFFF5355595BAAA9A09F9B9C98990F
:106F3000949594959B9DA0A49EA2DBDCFFFFFFFF90
:106F4000FFFFFFFFFFFFFFFFFFFFFFFFFFFFFFFF51
:106F5000FFFFFFFFFFFFFFFFFFFFFFFF7E7E7B7B4B
:106F6000FFFF7F7F7F7FFFFF7B7B7C7CFFFFFFFF3F
:106F700065656161A0A0B4B3C0BECBC8D5D1DDD971
:106F8000E3DEE9E5FFFC9393FFFFFFFFFFFFFFFF59
:106F9000FFFF4A4A5F5FFFFFFDF9FDF6FBF6FAF6D9
:106FA000F7F3F6F2F5F1F4F1F4F0F2EFF1ECF0EBC7
:106FB000EDE8EBE7E9E5E8E4E5E2E5E0E2DDE2DC87
:106FC000E1DBDFDADCD8DBD7DAD6D8D3D8D3D4D03C
:106FD000D3CFD1CDD0CCCECBCCC8CAC7C9C4C7C300
:106FE000C5C1C3C0C2BEC0BDBEBBBCBABBB8B9B6CA
:106FF000B7B5B4B2B2B1B1AFAFAEACACACAAA9A8A0
:10700000A8A7A5A4A3A3A2A2A0A19E9E9B9C9B9B74
:10701000979A979793949293919391939293929234
:10702000929492949294929492949394939493942D
:1070300094959495949594959696949696979898F9
:107040009899979A989B999A9A9C9C9C9C9D9E9D96
:107050009FA0A0A0A2A2A2A3A3A4A4A6A5A8A9A8F9
:10706000AAABABABAEAEAFAEB1B1B3B3B6B5B8B71A
:10707000BAB9BDBCC0BDC2C0C4C3C7C5C9C8CDCBE9
:10708000D0CED3D1D6D4DAD8DEDAE0DFE5E4696A4F
:10709000FFFFFFFFFFFFFFFF47475F5FB8B6ACAAE8
:1070A000A8A6A3A29F9E9A9A9B9BA2A29FA1DBDB6C
:1070B000FFFFFFFFFFFFFFFFFFFFFFFFFFFFFFFFE0
:1070C000FFFFFFFFFFFFFFFFFFFFFFFFFFFFFFFFD0
:1070D0007E807B7CFFFF7F807F80FFFF7B7E7C7ECE
:1070E000FFFFFFFF65676162A0A6B3B8BEC1C8CA53
:1070F000D1D2D9D7DEDDE5E3FCF79395FFFFFFFFA3
:10710000FFFFFFFFFFFF4A4C5F60FFF8F9F1F6F267
:10711000F6F0F6F0F3EDF2EDF1EDF1EBF0EBEFEA76
:10712000ECE8EBE7E8E5E7E3E5E2E4E1E2DEE0DE18
:10713000DDDADCDCDBD9DAD8D8D7D7D6D6D5D3D2CE
:10714000D3D1D0D1CFCFCDCFCCCDCBCCC8CAC7C86F
:10715000C4C6C3C5C1C3C0C3BEC2BDC0BBBEBABD29
:10716000B8BBB6B9B5B9B2B7B1B5AFB3AEB2ACB0E2
:10717000AAAFA8ADA7ABA4AAA3A9A2A8A1A79EA5A0
:107180009CA39BA39AA1979F949E939D939B939B53
:10719000939B929B949C949D949D949D949D949D6F
:1071A000949D949D959D959D959E959D969F969F4A
:1071B000979F989F99A09AA19BA29AA29CA39CA3F7
:1071C0009DA49DA4A0A6A0A7A2A7A3A9A4AAA6AB7C
:1071D000A8ACA8AEABB0ABB1AEB2AEB3B1B6B3B8BB
:1071E000B5B9B7BAB9BDBCBFBDC1C0C4C3C6C5C8B7
:1071F000C8CACBCDCECFD1D1D4D5D8D9DADADFDE5B
:10720000E4E26A6CFFFFFFFFFFFFFFFF474A5F609A
:10721000B6B6AAABA6A7A2A39E9F9A9B9B9CA2A42C
:10722000A1A4DBDAFFFFFFFFFFFFFFFFFFFFFFFF70
:10723000FFFFFFFFFFFFFFFFFFFFFFFFFFFFFFFF5E
:10724000FFFFFFFFFFFFFFFFFFFFFFFFFFFFFFFF4E
:10725000FFFFFFFFFFFFFFFFFFFF79795F5F5E5ECC
:107260005E5E5D5D5D5D5C5D5C5C5C5C5C5C9C9CD5
:10727000FFFFFFFFFFFFFFFFFFFFFFFF59594343E2
:1072800042424242424242424242424342434343DA
:1072900043434343434343434343434343434343BE
:1072A00043434343434443444444444444444444A4
:1072B000444444444444444444444444444444458D
:1072C000444545454545454545454545454545456F
:1072D0004545454545454545464646464646464656
:1072E000464646464646464646464646464747473B
:1072F000474747474747474747474747474747471E
:10730000474747474747474747474747474747470D
:1073100047474747474747474747474747474747FD
:1073200047474747474747474747474747474747ED
:1073300047474747474747474747474747474746DE
:1073400046464646464646464646464646464646DD
:1073500046464646464646464545454545454545D5
:1073600045454545454545454444444444444444D5
:107370004444444443434545FFFFFFFFFFFFFFFFF5
:10738000FFFF55554A4A4A4A4A4A4A4A4B4A4B4BDA
:107390004B4B4B4B4B4BD7D7FFFFFFFFFFFFFFFF85
:1073A000FFFFFFFFFFFFFFFFFFFFFFFFFFFFFFFFED
:1073B000FFFFFFFFFFFFFFFFFFFFFFFFFFFFFFFFDD
:1073C000FFFFFFFFFFFFFFFFFFFFFFFFFFFF797BD7
:1073D0005F615E605E605D5F5D5F5D5F5C5F5C5EC8
:1073E0005C5E9C9DFFFFFFFFFFFFFFFFFFFFFFFFB6
:1073F000595B434542454245424542454245434526
:107400004345434543454345434643464346434638
:107410004346434643464346444644464446444620
:107420004446444644464447444744474447444707
:1074300044474547454745474547454745474547ED
:1074400045474547454845484548454846484648D4
:1074500046484648464846484648464846484648BC
:10746000474847494749474947494749474947499D
:10747000474947494749474947494749474947498C
:10748000474947494749474947494749474947497C
:10749000474947494749474947494749474947496C
:1074A000474947494749474947494749474947495C
:1074B0004749464946484648464846484648464859
:1074C000464846484648464846484648454845474F
:1074D000454745474547454745474547444744474E
:1074E000444644464446444643464547FFFFFFFF63
:1074F000FFFFFFFFFFFF55564A4C4A4C4A4D4A4D8D
:107500004A4D4B4D4B4D4B4D4B4ED7D7FFFFFFFFD9
:10751000FFFFFFFFFFFFFFFFFFFFFFFFFFFFFFFF7B
:10752000FFFFFFFFFFFFFFFFFFFFFFFFFFFFFFFF6B
:10753000FFFFFFFFFFFFFFFFFFFFFFFFFFFFFFFF5B
:10754000FFFFFFFFFFFFFFFFFFFFFFFFFFFFFFFF4B
:10755000FFFFFFFFFFFFFFFFFFFFFFFFFFFFFFFF3B
:10756000FFFFFFFFFFFFFFFFFFFFFFFFFFFFFFFF2B
:10757000FFFFFFFFFFFFFFFFFFFFFFFFFFFFFFFF1B
:10758000FFFFFFFFFFFFFFFFFFFFFFFFFFFFFFFF0B
:10759000FFFFFFFFFFFFFFFFFFFFFFFFFFFFFFFFFB
:1075A000FFFFFFFFFFFFFFFFFFFFFFFFFFFFFFFFEB
:1075B000FFFFFFFFFFFFFFFFFFFFFFFFFFFFFFFFDB
:1075C000FFFFFFFFFFFFFFFFFFFFFFFFFFFFFFFFCB
:1075D000FFFFFFFFFFFFFFFFFFFFFFFFFFFFFFFFBB
:1075E000FFFFFFFFFFFFFFFFFFFFFFFFFFFFFFFFAB
:1075F000FFFFFFFFFFFFFFFFFFFFFFFFFFFFFFFF9B
:10760000FFFFFFFFFFFFFFFFFFFFFFFFFFFFFFFF8A
:10761000FFFFFFFFFFFFFFFFFFFFFFFFFFFFFFFF7A
:10762000FFFFFFFFFFFFFFFFFFFFFFFFFFFFFFFF6A
:10763000FFFFFFFFFFFFFFFFFFFFFFFFFFFFFFFF5A
:10764000FFFFFFFFFFFFFFFFFFFFFFFFFFFFFFFF4A
:10765000FFFFFFFFFFFFFFFFFFFFFFFFFFFFFFFF3A
:10766000FFFFFFFFFFFFFFFFFFFFFFFFFFFFFFFF2A
:10767000FFFFFFFFFFFFFFFFFFFFFFFFFFFFFFFF1A
:10768000FFFFFFFFFFFFFFFFFFFFFFFFFFFFFFFF0A
:10769000FFFFFFFFFFFFFFFFFFFFFFFFFFFFFFFFFA
:1076A000FFFFFFFFFFFFFFFFFFFFFFFFFFFFFFFFEA
:1076B000FFFFFFFFFFFFFFFFFFFFFFFFFFFFFFFFDA
:1076C000FFFFFFFFFFFFFFFFFFFFFFFFFFFFFFFFCA
:1076D000FFFFFFFFFFFFFFFFFFFFFFFFFFFFFFFFBA
:1076E000FFFFFFFFFFFFFFFFFFFFFFFFFFFFFFFFAA
:1076F000FFFFFFFFFFFFFFFFFFFFFFFFFFFFFFFF9A
:10770000FFFFFFFFFFFFFFFFFFFFFFFFFFFFFFFF89
:10771000FFFFFFFFFFFFFFFFFFFFFFFFFFFFFFFF79
:10772000FFFFFFFFFFFFFFFFFFFFFFFFFFFFFFFF69
:10773000FFFFFFFFFFFFFFFFFFFFFFFFFFFFFFFF59
:10774000FFFFFFFFFFFFFFFFFFFFFFFFFFFFFFFF49
:10775000FFFFFFFFFFFFFFFFFFFFFFFFFFFFFFFF39
:10776000FFFFFFFFFFFFFFFFFFFFFFFFFFFFFFFF29
:10777000FFFFFFFFFFFFFFFFFFFFFFFFFFFFFFFF19
:10778000FFFFFFFFFFFFFFFFFFFFFFFFFFFFFFFF09
:10779000FFFFFFFFFFFFFFFFFFFFFFFFFFFFFFFFF9
:1077A000FFFFFFFFFFFFFFFFFFFFFFFFFFFFFFFFE9
:1077B000FFFFFFFFFFFFFFFFFFFFFFFFFFFFFFFFD9
:1077C000FFFFFFFFFFFFFFFFFFFFFFFFFFFFFFFFC9
:1077D000FFFFFFFFFFFFFFFFFFFFFFFFFFFFFFFFB9
:1077E000FFFFFFFFFFFFFFFFFFFFFFFFFFFFFFFFA9
:1077F000FFFFFFFFFFFFFFFFFFFFFFFFFFFFFFFF99
:10780000FFFFFFFFFFFFFFFFFFFFFFFFFFFFFFFF88
:10781000FFFFFFFFFFFFFFFFFFFFFFFFFFFFFFFF78
:10782000FFFFFFFFFFFFFFFFFFFFFFFFFFFFFFFF68
:10783000FFFFFFFFFFFFFFFFFFFFFFFFFFFFFFFF58
:10784000FFFFFFFFFFFFFFFFFFFFFFFFFFFFFFFF48
:10785000FFFFFFFFFFFFFFFFFFFFFFFFFFFFFFFF38
:10786000FFFFFFFFFFFFFFFFFFFFFFFFFFFFFFFF28
:10787000FFFFFFFFFFFFFFFFFFFFFFFFFFFFFFFF18
:10788000FFFFFFFFFFFFFFFFFFFFFFFFFFFFFFFF08
:10789000FFFFFFFFFFFFFFFFFFFFFFFFFFFFFFFFF8
:1078A000FFFFFFFFFFFFFFFFFFFFFFFFFFFFFFFFE8
:1078B000FFFFFFFFFFFFFFFFFFFFFFFFFFFFFFFFD8
:1078C000FFFFFFFFFFFFFFFFFFFFFFFFFFFFFFFFC8
:1078D000FFFFFFFFFFFFFFFFFFFFFFFFFFFFFFFFB8
:1078E000FFFFFFFFFFFFFFFFFFFFFFFFFFFFFFFFA8
:1078F000FFFFFFFFFFFFFFFFFFFFFFFFFFFFFFFF98
:10790000FFFFFFFFFFFFFFFFFFFFFFFFFFFFFFFF87
:10791000FFFFFFFFFFFFFFFFFFFFFFFFFFFFFFFF77
:10792000FFFFFFFFFFFFFFFFFFFFFFFFFFFFFFFF67
:10793000FFFFFFFFFFFFFFFFFFFFFFFFFFFFFFFF57
:10794000FFFFFFFFFFFFFFFFFFFFFFFFFFFFFFFF47
:10795000FFFFFFFFFFFFFFFFFFFFFFFFFFFFFFFF37
:10796000FFFFFFFFFFFFFFFFFFFFFFFFFFFFFFFF27
:10797000FFFFFFFFFFFFFFFFFFFFFFFFFFFFFFFF17
:10798000FFFFFFFFFFFFFFFFFFFFFFFFFFFFFFFF07
:10799000FFFFFFFFFFFFFFFFFFFFFFFFFFFFFFFFF7
:1079A000FFFFFFFFFFFFFFFFFFFFFFFFFFFFFFFFE7
:1079B000FFFFFFFFFFFFFFFFFFFFFFFFFFFFFFFFD7
:1079C000FFFFFFFFFFFFFFFFFFFFFFFFFFFFFFFFC7
:1079D000FFFFFFFFFFFFFFFFFFFFFFFFFFFFFFFFB7
:1079E000FFFFFFFFFFFFFFFFFFFFFFFFFFFFFFFFA7
:1079F000FFFFFFFFFFFFFFFFFFFFFFFFFFFFFFFF97
:107A0000FFFFFFFFFFFFFFFFFFFFFFFFFFFFFFFF86
:107A1000FFFFFFFFFFFFFFFFFFFFFFFFFFFFFFFF76
:107A2000FFFFFFFFFFFFFFFFFFFFFFFFFFFFFFFF66
:107A3000FFFFFFFFFFFFFFFFFFFFFFFFFFFFFFFF56
:107A4000FFFFFFFFFFFFFFFFFFFFFFFFFFFFFFFF46
:107A5000FFFFFFFFFFFFFFFFFFFFFFFFFFFFFFFF36
:107A6000FFFFFFFFFFFFFFFFFFFFFFFFFFFFFFFF26
:107A7000FFFFFFFFFFFFFFFFFFFFFFFFFFFFFFFF16
:107A8000FFFFFFFFFFFFFFFFFFFFFFFFFFFFFFFF06
:107A9000FFFFFFFFFFFFFFFFFFFFFFFFFFFFFFFFF6
:107AA000FFFFFFFFFFFFFFFFFFFFFFFFFFFFFFFFE6
:107AB000FFFFFFFFFFFFFFFFFFFFFFFFFFFFFFFFD6
:107AC000FFFFFFFFFFFFFFFFFFFFFFFFFFFFFFFFC6
:107AD000FFFFFFFFFFFFFFFFFFFFFFFFFFFFFFFFB6
:107AE000FFFFFFFFFFFFFFFFFFFFFFFFFFFFFFFFA6
:107AF000FFFFFFFFFFFFFFFFFFFFFFFFFFFFFFFF96
:107B0000FFFFFFFFFFFFFFFFFFFFFFFFFFFFFFFF85
:107B1000FFFFFFFFFFFFFFFFFFFFFFFFFFFFFFFF75
:107B2000FFFFFFFFFFFFFFFFFFFFFFFFFFFFFFFF65
:107B3000FFFFFFFFFFFFFFFFFFFFFFFFFFFFFFFF55
:107B4000FFFFFFFFFFFFFFFFFFFFFFFFFFFFFFFF45
:107B5000FFFFFFFFFFFFFFFFFFFFFFFFFFFFFFFF35
:107B6000FFFFFFFFFFFFFFFFFFFFFFFFFFFFFFFF25
:107B7000FFFFFFFFFFFFFFFFFFFFFFFFFFFFFFFF15
:107B8000FFFFFFFFFFFFFFFFFFFFFFFFFFFFFFFF05
:107B9000FFFFFFFFFFFFFFFFFFFFFFFFFFFFFFFFF5
:107BA000FFFFFFFFFFFFFFFFFFFFFFFFFFFFFFFFE5
:107BB000FFFFFFFFFFFFFFFFFFFFFFFFFFFFFFFFD5
:107BC000FFFFFFFFFFFFFFFFFFFFFFFFFFFFFFFFC5
:107BD000FFFFFFFFFFFFFFFFFFFFFFFFFFFFFFFFB5
:107BE000FFFFFFFFFFFFFFFFFFFFFFFFFFFFFFFFA5
:107BF000FFFFFFFFFFFFFFFFFFFFFFFFFFFFFFFF95
:107C0000FFFFFFFFFFFFFFFFFFFFFFFFFFFFFFFF84
:107C1000FFFFFFFFFFFFFFFFFFFFFFFFFFFFFFFF74
:107C2000FFFFFFFFFFFFFFFFFFFFFFFFFFFFFFFF64
:107C3000FFFFFFFFFFFFFFFFFFFFFFFFFFFFFFFF54
:107C4000FFFFFFFFFFFFFFFFFFFFFFFFFFFFFFFF44
:107C5000FFFFFFFFFFFFFFFFFFFFFFFFFFFFFFFF34
:107C6000FFFFFFFFFFFFFFFFFFFFFFFFFFFFFFFF24
:107C7000FFFFFFFFFFFFFFFFFFFFFFFFFFFFFFFF14
:107C8000FFFFFFFFFFFFFFFFFFFFFFFFFFFFFFFF04
:107C9000FFFFFFFFFFFFFFFFFFFFFFFFFFFFFFFFF4
:107CA000FFFFFFFFFFFFFFFFFFFFFFFFFFFFFFFFE4
:107CB000FFFFFFFFFFFFFFFFFFFFFFFFFFFFFFFFD4
:107CC000FFFFFFFFFFFFFFFFFFFFFFFFFFFFFFFFC4
:107CD000FFFFFFFFFFFFFFFFFFFFFFFFFFFFFFFFB4
:107CE000FFFFFFFFFFFFFFFFFFFFFFFFFFFFFFFFA4
:107CF000FFFFFFFFFFFFFFFFFFFFFFFFFFFFFFFF94
:107D0000FFFFFFFFFFFFFFFFFFFFFFFFFFFFFFFF83
:107D1000FFFFFFFFFFFFFFFFFFFFFFFFFFFFFFFF73
:107D2000FFFFFFFFFFFFFFFFFFFFFFFFFFFFFFFF63
:107D3000FFFFFFFFFFFFFFFFFFFFFFFFFFFFFFFF53
:107D4000FFFFFFFFFFFFFFFFFFFFFFFFFFFFFFFF43
:107D5000FFFFFFFFFFFFFFFFFFFFFFFFFFFFFFFF33
:107D6000FFFFFFFFFFFFFFFFFFFFFFFFFFFFFFFF23
:107D7000FFFFFFFFFFFFFFFFFFFFFFFFFFFFFFFF13
:107D8000FFFFFFFFFFFFFFFFFFFFFFFFFFFFFFFF03
:107D9000FFFFFFFFFFFFFFFFFFFFFFFFFFFFFFFFF3
:107DA000FFFFFFFFFFFFFFFFFFFFFFFFFFFFFFFFE3
:107DB000FFFFFFFFFFFFFFFFFFFFFFFFFFFFFFFFD3
:107DC000FFFFFFFFFFFFFFFFFFFFFFFFFFFFFFFFC3
:107DD000FFFFFFFFFFFFFFFFFFFFFFFFFFFFFFFFB3
:107DE000FFFFFFFFFFFFFFFFFFFFFFFFFFFFFFFFA3
:107DF000FFFFFFFFFFFFFFFFFFFFFFFFFFFFFFFF93
:107E0000FFFFFFFFFFFFFFFFFFFFFFFFFFFFFFFF82
:107E1000FFFFFFFFFFFFFFFFFFFFFFFFFFFFFFFF72
:107E2000FFFFFFFFFFFFFFFFFFFFFFFFFFFFFFFF62
:107E3000FFFFFFFFFFFFFFFFFFFFFFFFFFFFFFFF52
:107E4000FFFFFFFFFFFFFFFFFFFFFFFFFFFFFFFF42
:107E5000FFFFFFFFFFFFFFFFFFFFFFFFFFFFFFFF32
:107E6000FFFFFFFFFFFFFFFFFFFFFFFFFFFFFFFF22
:107E7000FFFFFFFFFFFFFFFFFFFFFFFFFFFFFFFF12
:107E8000FFFFFFFFFFFFFFFFFFFFFFFFFFFFFFFF02
:107E9000FFFFFFFFFFFFFFFFFFFFFFFFFFFFFFFFF2
:107EA000FFFFFFFFFFFFFFFFFFFFFFFFFFFFFFFFE2
:107EB000FFFFFFFFFFFFFFFFFFFFFFFFFFFFFFFFD2
:107EC000FFFFFFFFFFFFFFFFFFFFFFFFFFFFFFFFC2
:107ED000FFFFFFFFFFFFFFFFFFFFFFFFFFFFFFFFB2
:107EE000FFFFFFFFFFFFFFFFFFFFFFFFFFFFFFFFA2
:107EF000FFFFFFFFFFFFFFFFFFFFFFFFFFFFFFFF92
:107F0000FFFFFFFFFFFFFFFFFFFFFFFFFFFFFFFF81
:107F1000FFFFFFFFFFFFFFFFFFFFFFFFFFFFFFFF71
:107F2000FFFFFFFFFFFFFFFFFFFFFFFFFFFFFFFF61
:107F3000FFFFFFFFFFFFFFFFFFFFFFFFFFFFFFFF51
:107F4000FFFFFFFFFFFFFFFFFFFFFFFFFFFFFFFF41
:107F5000FFFFFFFFFFFFFFFFFFFFFFFFFFFFFFFF31
:107F6000FFFFFFFFFFFFFFFFFFFFFFFFFFFFFFFF21
:107F7000FFFFFFFFFFFFFFFFFFFFFFFFFFFFFFFF11
:107F8000FFFFFFFFFFFFFFFFFFFFFFFFFFFFFFFF01
:107F9000FFFFFFFFFFFFFFFFFFFFFFFFFFFFFFFFF1
:107FA000FFFFFFFFFFFFFFFFFFFFFFFFFFFFFFFFE1
:107FB000FFFFFFFFFFFFFFFFFFFFFFFFFFFFFFFFD1
:107FC000FFFFFFFFFFFFFFFFFFFFFFFFFFFFFFFFC1
:107FD000FFFFFFFFFFFFFFFFFFFFFFFFFFFFFFFFB1
:107FE000FFFFFFFFFFFFFFFFFFFFFFFFFFFFFFFFA1
:107FF000FFFFFFFFFFFFFFFFFFFFFFFFFFFFFFFF91
:10800000FFFFFFFFFFFFFFFFFFFFFFFFFFFFFFFF80
:10801000FFFFFFFFFFFFFFFFFFFFFFFFFFFFFFFF70
:10802000FFFFFFFFFFFFFFFFFFFFFFFFFFFFFFFF60
:10803000FFFFFFFFFFFFFFFFFFFFFFFFFFFFFFFF50
:10804000FFFFFFFFFFFFFFFFFFFFFFFFFFFFFFFF40
:10805000FFFFFFFFFFFFFFFFFFFFFFFFFFFFFFFF30
:10806000FFFFFFFFFFFFFFFFFFFFFFFFFFFFFFFF20
:10807000FFFFFFFFFFFFFFFFFFFFFFFFFFFFFFFF10
:10808000FFFFFFFFFFFFFFFFFFFFFFFFFFFFFFFF00
:10809000FFFFFFFFFFFFFFFFFFFFFFFFFFFFFFFFF0
:1080A000FFFFFFFFFFFFFFFFFFFFFFFFFFFFFFFFE0
:1080B000FFFFFFFFFFFFFFFFFFFFFFFFFFFFFFFFD0
:1080C000FFFFFFFFFFFFFFFFFFFFFFFFFFFFFFFFC0
:1080D000FFFFFFFFFFFFFFFFFFFFFFFFFFFFFFFFB0
:1080E000FFFFFFFFFFFFFFFFFFFFFFFFFFFFFFFFA0
:1080F000FFFFFFFFFFFFFFFFFFFFFFFFFFFFFFFF90
:10810000FFFFFFFFFFFFFFFFFFFFFFFFFFFFFFFF7F
:10811000FFFFFFFFFFFFFFFFFFFFFFFFFFFFFFFF6F
:10812000FFFFFFFFFFFFFFFFFFFFFFFFFFFFFFFF5F
:10813000FFFFFFFFFFFFFFFFFFFFFFFFFFFFFFFF4F
:10814000FFFFFFFFFFFFFFFFFFFFFFFFFFFFFFFF3F
:10815000FFFFFFFFFFFFFFFFFFFFFFFFFFFFFFFF2F
:10816000FFFFFFFFFFFFFFFFFFFFFFFFFFFFFFFF1F
:10817000FFFFFFFFFFFFFFFFFFFFFFFFFFFFFFFF0F
:10818000FFFFFFFFFFFFFFFFFFFFFFFFFFFFFFFFFF
:10819000FFFFFFFFFFFFFFFFFFFFFFFFFFFFFFFFEF
:1081A000FFFFFFFFFFFFFFFFFFFFFFFFFFFFFFFFDF
:1081B000FFFFFFFFFFFFFFFFFFFFFFFFFFFFFFFFCF
:1081C000FFFFFFFFFFFFFFFFFFFFFFFFFFFFFFFFBF
:1081D000FFFFFFFFFFFFFFFFFFFFFFFFFFFFFFFFAF
:1081E000FFFFFFFFFFFFFFFFFFFFFFFFFFFFFFFF9F
:1081F000FFFFFFFFFFFFFFFFFFFFFFFFFFFFFFFF8F
:10820000FFFFFFFFFFFFFFFFFFFFFFFFFFFFFFFF7E
:10821000FFFFFFFFFFFFFFFFFFFFFFFFFFFFFFFF6E
:10822000FFFFFFFFFFFFFFFFFFFFFFFFFFFFFFFF5E
:10823000FFFFFFFFFFFFFFFFFFFFFFFFFFFFFFFF4E
:10824000FFFFFFFFFFFFFFFFFFFFFFFFFFFFFFFF3E
:10825000FFFFFFFFFFFFFFFFFFFFFFFFFFFFFFFF2E
:10826000FFFFFFFFFFFFFFFFFFFFFFFFFFFFFFFF1E
:10827000FFFFFFFFFFFFFFFFFFFFFFFFFFFFFFFF0E
:10828000FFFFFFFFFFFFFFFFFFFFFFFFFFFFFFFFFE
:10829000FFFFFFFFFFFFFFFFFFFFFFFFFFFFFFFFEE
:1082A000FFFFFFFFFFFFFFFFFFFFFFFFFFFFFFFFDE
:1082B000FFFFFFFFFFFFFFFFFFFFFFFFFFFFFFFFCE
:1082C000FFFFFFFFFFFFFFFFFFFFFFFFFFFFFFFFBE
:1082D000FFFFFFFFFFFFFFFFFFFFFFFFFFFFFFFFAE
:1082E000FFFFFFFFFFFFFFFFFFFFFFFFFFFFFFFF9E
:1082F000FFFFFFFFFFFFFFFFFFFFFFFFFFFFFFFF8E
:10830000FFFFFFFFFFFFFFFFFFFFFFFFFFFFFFFF7D
:10831000FFFFFFFFFFFFFFFFFFFFFFFFFFFFFFFF6D
:10832000FFFFFFFFFFFFFFFFFFFFFFFFFFFFFFFF5D
:10833000FFFFFFFFFFFFFFFFFFFFFFFFFFFFFFFF4D
:10834000FFFFFFFFFFFFFFFFFFFFFFFFFFFFFFFF3D
:10835000FFFFFFFFFFFFFFFFFFFFFFFFFFFFFFFF2D
:10836000FFFFFFFFFFFFFFFFFFFFFFFFFFFFFFFF1D
:10837000FFFFFFFFFFFFFFFFFFFFFFFFFFFFFFFF0D
:10838000FFFFFFFFFFFFFFFFFFFFFFFFFFFFFFFFFD
:10839000FFFFFFFFFFFFFFFFFFFFFFFFFFFFFFFFED
:1083A000FFFFFFFFFFFFFFFFFFFFFFFFFFFFFFFFDD
:1083B000FFFFFFFFFFFFFFFFFFFFFFFFFFFFFFFFCD
:1083C000FFFFFFFFFFFFFFFFFFFFFFFFFFFFFFFFBD
:1083D000FFFFFFFFFFFFFFFFFFFFFFFFFFFFFFFFAD
:1083E000FFFFFFFFFFFFFFFFFFFFFFFFFFFFFFFF9D
:1083F000FFFFFFFFFFFFFFFFFFFFFFFFFFFFFFFF8D
:10840000FFFFFFFFFFFFFFFFFFFFFFFFFFFFFFFF7C
:10841000FFFFFFFFFFFFFFFFFFFFFFFFFFFFFFFF6C
:10842000FFFFFFFFFFFFFFFFFFFFFFFFFFFFFFFF5C
:10843000FFFFFFFFFFFFFFFFFFFFFFFFFFFFFFFF4C
:10844000FFFFFFFFFFFFFFFFFFFFFFFFFFFFFFFF3C
:10845000FFFFFFFFFFFFFFFFFFFFFFFFFFFFFFFF2C
:10846000FFFFFFFFFFFFFFFFFFFFFFFFFFFFFFFF1C
:10847000FFFFFFFFFFFFFFFFFFFFFFFFFFFFFFFF0C
:10848000FFFFFFFFFFFFFFFFFFFFFFFFFFFFFFFFFC
:10849000FFFFFFFFFFFFFFFFFFFFFFFFFFFFFFFFEC
:1084A000FFFFFFFFFFFFFFFFFFFFFFFFFFFFFFFFDC
:1084B000FFFFFFFFFFFFFFFFFFFFFFFFFFFFFFFFCC
:1084C000FFFFFFFFFFFFFFFFFFFFFFFFFFFFFFFFBC
:1084D000FFFFFFFFFFFFFFFFFFFFFFFFFFFFFFFFAC
:1084E000FFFFFFFFFFFFFFFFFFFFFFFFFFFFFFFF9C
:1084F000FFFFFFFFFFFFFFFFFFFFFFFFFFFFFFFF8C
:10850000FFFFFFFFFFFFFFFFFFFFFFFFFFFFFFFF7B
:10851000FFFFFFFFFFFFFFFFFFFFFFFFFFFFFFFF6B
:10852000FFFFFFFFFFFFFFFFFFFFFFFFFFFFFFFF5B
:10853000FFFFFFFFFFFFFFFFFFFFFFFFFFFFFFFF4B
:10854000FFFFFFFFFFFFFFFFFFFFFFFFFFFFFFFF3B
:10855000FFFFFFFFFFFFFFFFFFFFFFFFFFFFFFFF2B
:10856000FFFFFFFFFFFFFFFFFFFFFFFFFFFFFFFF1B
:10857000FFFFFFFFFFFFFFFFFFFFFFFFFFFFFFFF0B
:10858000FFFFFFFFFFFFFFFFFFFFFFFFFFFFFFFFFB
:10859000FFFFFFFFFFFFFFFFFFFFFFFFFFFFFFFFEB
:1085A000FFFFFFFFFFFFFFFFFFFFFFFFFFFFFFFFDB
:1085B000FFFFFFFFFFFFFFFFFFFFFFFFFFFFFFFFCB
:1085C000FFFFFFFFFFFFFFFFFFFFFFFFFFFFFFFFBB
:1085D000FFFFFFFFFFFFFFFFFFFFFFFFFFFFFFFFAB
:1085E000FFFFFFFFFFFFFFFFFFFFFFFFFFFFFFFF9B
:1085F000FFFFFFFFFFFFFFFFFFFFFFFFFFFFFFFF8B
:10860000FFFFFFFFFFFFFFFFFFFFFFFFFFFFFFFF7A
:10861000FFFFFFFFFFFFFFFFFFFFFFFFFFFFFFFF6A
:10862000FFFFFFFFFFFFFFFFFFFFFFFFFFFFFFFF5A
:10863000FFFFFFFFFFFFFFFFFFFFFFFFFFFFFFFF4A
:10864000FFFFFFFFFFFFFFFFFFFFFFFFFFFFFFFF3A
:10865000FFFFFFFFFFFFFFFFFFFFFFFFFFFFFFFF2A
:10866000FFFFFFFFFFFFFFFFFFFFFFFFFFFFFFFF1A
:10867000FFFFFFFFFFFFFFFFFFFFFFFFFFFFFFFF0A
:10868000FFFFFFFFFFFFFFFFFFFFFFFFFFFFFFFFFA
:10869000FFFFFFFFFFFFFFFFFFFFFFFFFFFFFFFFEA
:1086A000FFFFFFFFFFFFFFFFFFFFFFFFFFFFFFFFDA
:1086B000FFFFFFFFFFFFFFFFFFFFFFFFFFFFFFFFCA
:1086C000FFFFFFFFFFFFFFFFFFFFFFFFFFFFFFFFBA
:1086D000FFFFFFFFFFFFFFFFFFFFFFFFFFFFFFFFAA
:1086E000FFFFFFFFFFFFFFFFFFFFFFFFFFFFFFFF9A
:1086F000FFFFFFFFFFFFFFFFFFFFFFFFFFFFFFFF8A
:10870000FFFFFFFFFFFFFFFFFFFFFFFFFFFFFFFF79
:10871000FFFFFFFFFFFFFFFFFFFFFFFFFFFFFFFF69
:10872000FFFFFFFFFFFFFFFFFFFFFFFFFFFFFFFF59
:10873000FFFFFFFFFFFFFFFFFFFFFFFFFFFFFFFF49
:10874000FFFFFFFFFFFFFFFFFFFFFFFFFFFFFFFF39
:10875000FFFFFFFFFFFFFFFFFFFFFFFFFFFFFFFF29
:10876000FFFFFFFFFFFFFFFFFFFFFFFFFFFFFFFF19
:10877000FFFFFFFFFFFFFFFFFFFFFFFFFFFFFFFF09
:10878000FFFFFFFFFFFFFFFFFFFFFFFFFFFFFFFFF9
:10879000FFFFFFFFFFFFFFFFFFFFFFFFFFFFFFFFE9
:1087A000FFFFFFFFFFFFFFFFFFFFFFFFFFFFFFFFD9
:1087B000FFFFFFFFFFFFFFFFFFFFFFFFFFFFFFFFC9
:1087C000FFFFFFFFFFFFFFFFFFFFFFFFFFFFFFFFB9
:1087D000FFFFFFFFFFFFFFFFFFFFFFFFFFFFFFFFA9
:1087E000FFFFFFFFFFFFFFFFFFFFFFFFFFFFFFFF99
:1087F000FFFFFFFFFFFFFFFFFFFFFFFFFFFFFFFF89
:10880000FFFFFFFFFFFFFFFFFFFFFFFFFFFFFFFF78
:10881000FFFFFFFFFFFFFFFFFFFFFFFFFFFFFFFF68
:10882000FFFFFFFFFFFFFFFFFFFFFFFFFFFFFFFF58
:10883000FFFFFFFFFFFFFFFFFFFFFFFFFFFFFFFF48
:10884000FFFFFFFFFFFFFFFFFFFFFFFFFFFFFFFF38
:10885000FFFFFFFFFFFFFFFFFFFFFFFFFFFFFFFF28
:10886000FFFFFFFFFFFFFFFFFFFFFFFFFFFFFFFF18
:10887000FFFFFFFFFFFFFFFFFFFFFFFFFFFFFFFF08
:10888000FFFFFFFFFFFFFFFFFFFFFFFFFFFFFFFFF8
:10889000FFFFFFFFFFFFFFFFFFFFFFFFFFFFFFFFE8
:1088A000FFFFFFFFFFFFFFFFFFFFFFFFFFFFFFFFD8
:1088B000FFFFFFFFFFFFFFFFFFFFFFFFFFFFFFFFC8
:1088C000FFFFFFFFFFFFFFFFFFFFFFFFFFFFFFFFB8
:1088D000FFFFFFFFFFFFFFFFFFFFFFFFFFFFFFFFA8
:1088E000FFFFFFFFFFFFFFFFFFFFFFFFFFFFFFFF98
:1088F000FFFFFFFFFFFFFFFFFFFFFFFFFFFFFFFF88
:10890000FFFFFFFFFFFFFFFFFFFFFFFFFFFFFFFF77
:10891000FFFFFFFFFFFFFFFFFFFFFFFFFFFFFFFF67
:10892000FFFFFFFFFFFFFFFFFFFFFFFFFFFFFFFF57
:10893000FFFFFFFFFFFFFFFFFFFFFFFFFFFFFFFF47
:10894000FFFFFFFFFFFFFFFFFFFFFFFFFFFFFFFF37
:10895000FFFFFFFFFFFFFFFFFFFFFFFFFFFFFFFF27
:10896000FFFFFFFFFFFFFFFFFFFFFFFFFFFFFFFF17
:10897000FFFFFFFFFFFFFFFFFFFFFFFFFFFFFFFF07
:10898000FFFFFFFFFFFFFFFFFFFFFFFFFFFFFFFFF7
:10899000FFFFFFFFFFFFFFFFFFFFFFFFFFFFFFFFE7
:1089A000FFFFFFFFFFFFFFFFFFFFFFFFFFFFFFFFD7
:1089B000FFFFFFFFFFFFFFFFFFFFFFFFFFFFFFFFC7
:1089C000FFFFFFFFFFFFFFFFFFFFFFFFFFFFFFFFB7
:1089D000FFFFFFFFFFFFFFFFFFFFFFFFFFFFFFFFA7
:1089E000FFFFFFFFFFFFFFFFFFFFFFFFFFFFFFFF97
:1089F000FFFFFFFFFFFFFFFFFFFFFFFFFFFFFFFF87
:108A0000FFFFFFFFFFFFFFFFFFFFFFFFFFFFFFFF76
:108A1000FFFFFFFFFFFFFFFFFFFFFFFFFFFFFFFF66
:108A2000FFFFFFFFFFFFFFFFFFFFFFFFFFFFFFFF56
:108A3000FFFFFFFFFFFFFFFFFFFFFFFFFFFFFFFF46
:108A4000FFFFFFFFFFFFFFFFFFFFFFFFFFFFFFFF36
:108A5000FFFFFFFFFFFFFFFFFFFFFFFFFFFFFFFF26
:108A6000FFFFFFFFFFFFFFFFFFFFFFFFFFFFFFFF16
:108A7000FFFFFFFFFFFFFFFFFFFFFFFFFFFFFFFF06
:108A8000FFFFFFFFFFFFFFFFFFFFFFFFFFFFFFFFF6
:108A9000FFFFFFFFFFFFFFFFFFFFFFFFFFFFFFFFE6
:108AA000FFFFFFFFFFFFFFFFFFFFFFFFFFFFFFFFD6
:108AB000FFFFFFFFFFFFFFFFFFFFFFFFFFFFFFFFC6
:108AC000FFFFFFFFFFFFFFFFFFFFFFFFFFFFFFFFB6
:108AD000FFFFFFFFFFFFFFFFFFFFFFFFFFFFFFFFA6
:108AE000FFFFFFFFFFFFFFFFFFFFFFFFFFFFFFFF96
:108AF000FFFFFFFFFFFFFFFFFFFFFFFFFFFFFFFF86
:108B0000FFFFFFFFFFFFFFFFFFFFFFFFFFFFFFFF75
:108B1000FFFFFFFFFFFFFFFFFFFFFFFFFFFFFFFF65
:108B2000FFFFFFFFFFFFFFFFFFFFFFFFFFFFFFFF55
:108B3000FFFFFFFFFFFFFFFFFFFFFFFFFFFFFFFF45
:108B4000FFFFFFFFFFFFFFFFFFFFFFFFFFFFFFFF35
:108B5000FFFFFFFFFFFFFFFFFFFFFFFFFFFFFFFF25
:108B6000FFFFFFFFFFFFFFFFFFFFFFFFFFFFFFFF15
:108B7000FFFFFFFFFFFFFFFFFFFFFFFFFFFFFFFF05
:108B8000FFFFFFFFFFFFFFFFFFFFFFFFFFFFFFFFF5
:108B9000FFFFFFFFFFFFFFFFFFFFFFFFFFFFFFFFE5
:108BA000FFFFFFFFFFFFFFFFFFFFFFFFFFFFFFFFD5
:108BB000FFFFFFFFFFFFFFFFFFFFFFFFFFFFFFFFC5
:108BC000FFFFFFFFFFFFFFFFFFFFFFFFFFFFFFFFB5
:108BD000FFFFFFFFFFFFFFFFFFFFFFFFFFFFFFFFA5
:108BE000FFFFFFFFFFFFFFFFFFFFFFFFFFFFFFFF95
:108BF000FFFFFFFFFFFFFFFFFFFFFFFFFFFFFFFF85
:108C0000FFFFFFFFFFFFFFFFFFFFFFFFFFFFFFFF74
:108C1000FFFFFFFFFFFFFFFFFFFFFFFFFFFFFFFF64
:108C2000FFFFFFFFFFFFFFFFFFFFFFFFFFFFFFFF54
:108C3000FFFFFFFFFFFFFFFFFFFFFFFFFFFFFFFF44
:108C4000FFFFFFFFFFFFFFFFFFFFFFFFFFFFFFFF34
:108C5000FFFFFFFFFFFFFFFFFFFFFFFFFFFFFFFF24
:108C6000FFFFFFFFFFFFFFFFFFFFFFFFFFFFFFFF14
:108C7000FFFFFFFFFFFFFFFFFFFFFFFFFFFFFFFF04
:108C8000FFFFFFFFFFFFFFFFFFFFFFFFFFFFFFFFF4
:108C9000FFFFFFFFFFFFFFFFFFFFFFFFFFFFFFFFE4
:108CA000FFFFFFFFFFFFFFFFFFFFFFFFFFFFFFFFD4
:108CB000FFFFFFFFFFFFFFFFFFFFFFFFFFFFFFFFC4
:108CC000FFFFFFFFFFFFFFFFFFFFFFFFFFFFFFFFB4
:108CD000FFFFFFFFFFFFFFFFFFFFFFFFFFFFFFFFA4
:108CE000FFFFFFFFFFFFFFFFFFFFFFFFFFFFFFFF94
:108CF000FFFFFFFFFFFFFFFFFFFFFFFFFFFFFFFF84
:108D0000FFFFFFFFFFFFFFFFFFFFFFFFFFFFFFFF73
:108D1000FFFFFFFFFFFFFFFFFFFFFFFFFFFFFFFF63
:108D2000FFFFFFFFFFFFFFFFFFFFFFFFFFFFFFFF53
:108D3000FFFFFFFFFFFFFFFFFFFFFFFFFFFFFFFF43
:108D4000FFFFFFFFFFFFFFFFFFFFFFFFFFFFFFFF33
:108D5000FFFFFFFFFFFFFFFFFFFFFFFFFFFFFFFF23
:108D6000FFFFFFFFFFFFFFFFFFFFFFFFFFFFFFFF13
:108D7000FFFFFFFFFFFFFFFFFFFFFFFFFFFFFFFF03
:108D8000FFFFFFFFFFFFFFFFFFFFFFFFFFFFFFFFF3
:108D9000FFFFFFFFFFFFFFFFFFFFFFFFFFFFFFFFE3
:108DA000FFFFFFFFFFFFFFFFFFFFFFFFFFFFFFFFD3
:108DB000FFFFFFFFFFFFFFFFFFFFFFFFFFFFFFFFC3
:108DC000FFFFFFFFFFFFFFFFFFFFFFFFFFFFFFFFB3
:108DD000FFFFFFFFFFFFFFFFFFFFFFFFFFFFFFFFA3
:108DE000FFFFFFFFFFFFFFFFFFFFFFFFFFFFFFFF93
:108DF000FFFFFFFFFFFFFFFFFFFFFFFFFFFFFFFF83
:108E0000FFFFFFFFFFFFFFFFFFFFFFFFFFFFFFFF72
:108E1000FFFFFFFFFFFFFFFFFFFFFFFFFFFFFFFF62
:108E2000FFFFFFFFFFFFFFFFFFFFFFFFFFFFFFFF52
:108E3000FFFFFFFFFFFFFFFFFFFFFFFFFFFFFFFF42
:108E4000FFFFFFFFFFFFFFFFFFFFFFFFFFFFFFFF32
:108E5000FFFFFFFFFFFFFFFFFFFFFFFFFFFFFFFF22
:108E6000FFFFFFFFFFFFFFFFFFFFFFFFFFFFFFFF12
:108E7000FFFFFFFFFFFFFFFFFFFFFFFFFFFFFFFF02
:108E8000FFFFFFFFFFFFFFFFFFFFFFFFFFFFFFFFF2
:108E9000FFFFFFFFFFFFFFFFFFFFFFFFFFFFFFFFE2
:108EA000FFFFFFFFFFFFFFFFFFFFFFFFFFFFFFFFD2
:108EB000FFFFFFFFFFFFFFFFFFFFFFFFFFFFFFFFC2
:108EC000FFFFFFFFFFFFFFFFFFFFFFFFFFFFFFFFB2
:108ED000FFFFFFFFFFFFFFFFFFFFFFFFFFFFFFFFA2
:108EE000FFFFFFFFFFFFFFFFFFFFFFFFFFFFFFFF92
:108EF000FFFFFFFFFFFFFFFFFFFFFFFFFFFFFFFF82
:108F0000FFFFFFFFFFFFFFFFFFFFFFFFFFFFFFFF71
:108F1000FFFFFFFFFFFFFFFFFFFFFFFFFFFFFFFF61
:108F2000FFFFFFFFFFFFFFFFFFFFFFFFFFFFFFFF51
:108F3000FFFFFFFFFFFFFFFFFFFFFFFFFFFFFFFF41
:108F4000FFFFFFFFFFFFFFFFFFFFFFFFFFFFFFFF31
:108F5000FFFFFFFFFFFFFFFFFFFFFFFFFFFFFFFF21
:108F6000FFFFFFFFFFFFFFFFFFFFFFFFFFFFFFFF11
:108F7000FFFFFFFFFFFFFFFFFFFFFFFFFFFFFFFF01
:108F8000FFFFFFFFFFFFFFFFFFFFFFFFFFFFFFFFF1
:108F9000FFFFFFFFFFFFFFFFFFFFFFFFFFFFFFFFE1
:108FA000FFFFFFFFFFFFFFFFFFFFFFFFFFFFFFFFD1
:108FB000FFFFFFFFFFFFFFFFFFFFFFFFFFFFFFFFC1
:108FC000FFFFFFFFFFFFFFFFFFFFFFFFFFFFFFFFB1
:108FD000FFFFFFFFFFFFFFFFFFFFFFFFFFFFFFFFA1
:108FE000FFFFFFFFFFFFFFFFFFFFFFFFFFFFFFFF91
:108FF000FFFFFFFFFFFFFFFFFFFFFFFFFFFFFFFF81
:10900000FFFFFFFFFFFFFFFFFFFFFFFFFFFFFFFF70
:10901000FFFFFFFFFFFFFFFFFFFFFFFFFFFFFFFF60
:10902000FFFFFFFFFFFFFFFFFFFFFFFFFFFFFFFF50
:10903000FFFFFFFFFFFFFFFFFFFFFFFFFFFFFFFF40
:10904000FFFFFFFFFFFFFFFFFFFFFFFFFFFFFFFF30
:10905000FFFFFFFFFFFFFFFFFFFFFFFFFFFFFFFF20
:10906000FFFFFFFFFFFFFFFFFFFFFFFFFFFFFFFF10
:10907000FFFFFFFFFFFFFFFFFFFFFFFFFFFFFFFF00
:10908000FFFFFFFFFFFFFFFFFFFFFFFFFFFFFFFFF0
:10909000FFFFFFFFFFFFFFFFFFFFFFFFFFFFFFFFE0
:1090A000FFFFFFFFFFFFFFFFFFFFFFFFFFFFFFFFD0
:1090B000FFFFFFFFFFFFFFFFFFFFFFFFFFFFFFFFC0
:1090C000FFFFFFFFFFFFFFFFFFFFFFFFFFFFFFFFB0
:1090D000FFFFFFFFFFFFFFFFFFFFFFFFFFFFFFFFA0
:1090E000FFFFFFFFFFFFFFFFFFFFFFFFFFFFFFFF90
:1090F000FFFFFFFFFFFFFFFFFFFFFFFFFFFFFFFF80
:10910000FFFFFFFFFFFFFFFFFFFFFFFFFFFFFFFF6F
:10911000FFFFFFFFFFFFFFFFFFFFFFFFFFFFFFFF5F
:10912000FFFFFFFFFFFFFFFFFFFFFFFFFFFFFFFF4F
:10913000FFFFFFFFFFFFFFFFFFFFFFFFFFFFFFFF3F
:10914000FFFFFFFFFFFFFFFFFFFFFFFFFFFFFFFF2F
:10915000FFFFFFFFFFFFFFFFFFFFFFFFFFFFFFFF1F
:10916000FFFFFFFFFFFFFFFFFFFFFFFFFFFFFFFF0F
:10917000FFFFFFFFFFFFFFFFFFFFFFFFFFFFFFFFFF
:10918000FFFFFFFFFFFFFFFFFFFFFFFFFFFFFFFFEF
:10919000FFFFFFFFFFFFFFFFFFFFFFFFFFFFFFFFDF
:1091A000FFFFFFFFFFFFFFFFFFFFFFFFFFFFFFFFCF
:1091B000FFFFFFFFFFFFFFFFFFFFFFFFFFFFFFFFBF
:1091C000FFFFFFFFFFFFFFFFFFFFFFFFFFFFFFFFAF
:1091D000FFFFFFFFFFFFFFFFFFFFFFFFFFFFFFFF9F
:1091E000FFFFFFFFFFFFFFFFFFFFFFFFFFFFFFFF8F
:1091F000FFFFFFFFFFFFFFFFFFFFFFFFFFFFFFFF7F
:10920000FFFFFFFFFFFFFFFFFFFFFFFFFFFFFFFF6E
:10921000FFFFFFFFFFFFFFFFFFFFFFFFFFFFFFFF5E
:10922000FFFFFFFFFFFFFFFFFFFFFFFFFFFFFFFF4E
:10923000FFFFFFFFFFFFFFFFFFFFFFFFFFFFFFFF3E
:10924000FFFFFFFFFFFFFFFFFFFFFFFFFFFFFFFF2E
:10925000FFFFFFFFFFFFFFFFFFFFFFFFFFFFFFFF1E
:10926000FFFFFFFFFFFFFFFFFFFFFFFFFFFFFFFF0E
:10927000FFFFFFFFFFFFFFFFFFFFFFFFFFFFFFFFFE
:10928000FFFFFFFFFFFFFFFFFFFFFFFFFFFFFFFFEE
:10929000FFFFFFFFFFFFFFFFFFFFFFFFFFFFFFFFDE
:1092A000FFFFFFFFFFFFFFFFFFFFFFFFFFFFFFFFCE
:1092B000FFFFFFFFFFFFFFFFFFFFFFFFFFFFFFFFBE
:1092C000FFFFFFFFFFFFFFFFFFFFFFFFFFFFFFFFAE
:1092D000FFFFFFFFFFFFFFFFFFFFFFFFFFFFFFFF9E
:1092E000FFFFFFFFFFFFFFFFFFFFFFFFFFFFFFFF8E
:1092F000FFFFFFFFFFFFFFFFFFFFFFFFFFFFFFFF7E
:10930000FFFFFFFFFFFFFFFFFFFFFFFFFFFFFFFF6D
:10931000FFFFFFFFFFFFFFFFFFFFFFFFFFFFFFFF5D
:10932000FFFFFFFFFFFFFFFFFFFFFFFFFFFFFFFF4D
:10933000FFFFFFFFFFFFFFFFFFFFFFFFFFFFFFFF3D
:10934000FFFFFFFFFFFFFFFFFFFFFFFFFFFFFFFF2D
:10935000FFFFFFFFFFFFFFFFFFFFFFFFFFFFFFFF1D
:10936000FFFFFFFFFFFFFFFFFFFFFFFFFFFFFFFF0D
:10937000FFFFFFFFFFFFFFFFFFFFFFFFFFFFFFFFFD
:10938000FFFFFFFFFFFFFFFFFFFFFFFFFFFFFFFFED
:10939000FFFFFFFFFFFFFFFFFFFFFFFFFFFFFFFFDD
:1093A000FFFFFFFFFFFFFFFFFFFFFFFFFFFFFFFFCD
:1093B000FFFFFFFFFFFFFFFFFFFFFFFFFFFFFFFFBD
:1093C000FFFFFFFFFFFFFFFFFFFFFFFFFFFFFFFFAD
:1093D000FFFFFFFFFFFFFFFFFFFFFFFFFFFFFFFF9D
:1093E000FFFFFFFFFFFFFFFFFFFFFFFFFFFFFFFF8D
:1093F000FFFFFFFFFFFFFFFFFFFFFFFFFFFFFFFF7D
:10940000FFFFFFFFFFFFFFFFFFFFFFFFFFFFFFFF6C
:10941000FFFFFFFFFFFFFFFFFFFFFFFFFFFFFFFF5C
:10942000FFFFFFFFFFFFFFFFFFFFFFFFFFFFFFFF4C
:10943000FFFFFFFFFFFFFFFFFFFFFFFFFFFFFFFF3C
:10944000FFFFFFFFFFFFFFFFFFFFFFFFFFFFFFFF2C
:10945000FFFFFFFFFFFFFFFFFFFFFFFFFFFFFFFF1C
:10946000FFFFFFFFFFFFFFFFFFFFFFFFFFFFFFFF0C
:10947000FFFFFFFFFFFFFFFFFFFFFFFFFFFFFFFFFC
:10948000FFFFFFFFFFFFFFFFFFFFFFFFFFFFFFFFEC
:10949000FFFFFFFFFFFFFFFFFFFFFFFFFFFFFFFFDC
:1094A000FFFFFFFFFFFFFFFFFFFFFFFFFFFFFFFFCC
:1094B000FFFFFFFFFFFFFFFFFFFFFFFFFFFFFFFFBC
:1094C000FFFFFFFFFFFFFFFFFFFFFFFFFFFFFFFFAC
:1094D000FFFFFFFFFFFFFFFFFFFFFFFFFFFFFFFF9C
:1094E000FFFFFFFFFFFFFFFFFFFFFFFFFFFFFFFF8C
:1094F000FFFFFFFFFFFFFFFFFFFFFFFFFFFFFFFF7C
:10950000FFFFFFFFFFFFFFFFFFFFFFFFFFFFFFFF6B
:10951000FFFFFFFFFFFFFFFFFFFFFFFFFFFFFFFF5B
:10952000FFFFFFFFFFFFFFFFFFFFFFFFFFFFFFFF4B
:10953000FFFFFFFFFFFFFFFFFFFFFFFFFFFFFFFF3B
:10954000FFFFFFFFFFFFFFFFFFFFFFFFFFFFFFFF2B
:10955000FFFFFFFFFFFFFFFFFFFFFFFFFFFFFFFF1B
:10956000FFFFFFFFFFFFFFFFFFFFFFFFFFFFFFFF0B
:10957000FFFFFFFFFFFFFFFFFFFFFFFFFFFFFFFFFB
:10958000FFFFFFFFFFFFFFFFFFFFFFFFFFFFFFFFEB
:10959000FFFFFFFFFFFFFFFFFFFFFFFFFFFFFFFFDB
:1095A000FFFFFFFFFFFFFFFFFFFFFFFFFFFFFFFFCB
:1095B000FFFFFFFFFFFFFFFFFFFFFFFFFFFFFFFFBB
:1095C000FFFFFFFFFFFFFFFFFFFFFFFFFFFFFFFFAB
:1095D000FFFFFFFFFFFFFFFFFFFFFFFFFFFFFFFF9B
:1095E000FFFFFFFFFFFFFFFFFFFFFFFFFFFFFFFF8B
:1095F000FFFFFFFFFFFFFFFFFFFFFFFFFFFFFFFF7B
:10960000FFFFFFFFFFFFFFFFFFFFFFFFFFFFFFFF6A
:10961000FFFFFFFFFFFFFFFFFFFFFFFFFFFFFFFF5A
:10962000FFFFFFFFFFFFFFFFFFFFFFFFFFFFFFFF4A
:10963000FFFFFFFFFFFFFFFFFFFFFFFFFFFFFFFF3A
:10964000FFFFFFFFFFFFFFFFFFFFFFFFFFFFFFFF2A
:10965000FFFFFFFFFFFFFFFFFFFFFFFFFFFFFFFF1A
:10966000FFFFFFFFFFFFFFFFFFFFFFFFFFFFFFFF0A
:10967000FFFFFFFFFFFFFFFFFFFFFFFFFFFFFFFFFA
:10968000FFFFFFFFFFFFFFFFFFFFFFFFFFFFFFFFEA
:10969000FFFFFFFFFFFFFFFFFFFFFFFFFFFFFFFFDA
:1096A000FFFFFFFFFFFFFFFFFFFFFFFFFFFFFFFFCA
:1096B000FFFFFFFFFFFFFFFFFFFFFFFFFFFFFFFFBA
:1096C000FFFFFFFFFFFFFFFFFFFFFFFFFFFFFFFFAA
:1096D000FFFFFFFFFFFFFFFFFFFFFFFFFFFFFFFF9A
:1096E000FFFFFFFFFFFFFFFFFFFFFFFFFFFFFFFF8A
:1096F000FFFFFFFFFFFFFFFFFFFFFFFFFFFFFFFF7A
:10970000FFFFFFFFFFFFFFFFFFFFFFFFFFFFFFFF69
:10971000FFFFFFFFFFFFFFFFFFFFFFFFFFFFFFFF59
:10972000FFFFFFFFFFFFFFFFFFFFFFFFFFFFFFFF49
:10973000FFFFFFFFFFFFFFFFFFFFFFFFFFFFFFFF39
:10974000FFFFFFFFFFFFFFFFFFFFFFFFFFFFFFFF29
:10975000FFFFFFFFFFFFFFFFFFFFFFFFFFFFFFFF19
:10976000FFFFFFFFFFFFFFFFFFFFFFFFFFFFFFFF09
:10977000FFFFFFFFFFFFFFFFFFFFFFFFFFFFFFFFF9
:10978000FFFFFFFFFFFFFFFFFFFFFFFFFFFFFFFFE9
:10979000FFFFFFFFFFFFFFFFFFFFFFFFFFFFFFFFD9
:1097A000FFFFFFFFFFFFFFFFFFFFFFFFFFFFFFFFC9
:1097B000FFFFFFFFFFFFFFFFFFFFFFFFFFFFFFFFB9
:1097C000FFFFFFFFFFFFFFFFFFFFFFFFFFFFFFFFA9
:1097D000FFFFFFFFFFFFFFFFFFFFFFFFFFFFFFFF99
:1097E000FFFFFFFFFFFFFFFFFFFFFFFFFFFFFFFF89
:1097F000FFFFFFFFFFFFFFFFFFFFFFFFFFFFFFFF79
:10980000FFFFFFFFFFFFFFFFFFFFFFFFFFFFFFFF68
:10981000FFFFFFFFFFFFFFFFFFFFFFFFFFFFFFFF58
:10982000FFFFFFFFFFFFFFFFFFFFFFFFFFFFFFFF48
:10983000FFFFFFFFFFFFFFFFFFFFFFFFFFFFFFFF38
:10984000FFFFFFFFFFFFFFFFFFFFFFFFFFFFFFFF28
:10985000FFFFFFFFFFFFFFFFFFFFFFFFFFFFFFFF18
:10986000FFFFFFFFFFFFFFFFFFFFFFFFFFFFFFFF08
:10987000FFFFFFFFFFFFFFFFFFFFFFFFFFFFFFFFF8
:10988000FFFFFFFFFFFFFFFFFFFFFFFFFFFFFFFFE8
:10989000FFFFFFFFFFFFFFFFFFFFFFFFFFFFFFFFD8
:1098A000FFFFFFFFFFFFFFFFFFFFFFFFFFFFFFFFC8
:1098B000FFFFFFFFFFFFFFFFFFFFFFFFFFFFFFFFB8
:1098C000FFFFFFFFFFFFFFFFFFFFFFFFFFFFFFFFA8
:1098D000FFFFFFFFFFFFFFFFFFFFFFFFFFFFFFFF98
:1098E000FFFFFFFFFFFFFFFFFFFFFFFFFFFFFFFF88
:1098F000FFFFFFFFFFFFFFFFFFFFFFFFFFFFFFFF78
:10990000FFFFFFFFFFFFFFFFFFFFFFFFFFFFFFFF67
:10991000FFFFFFFFFFFFFFFFFFFFFFFFFFFFFFFF57
:10992000FFFFFFFFFFFFFFFFFFFFFFFFFFFFFFFF47
:10993000FFFFFFFFFFFFFFFFFFFFFFFFFFFFFFFF37
:10994000FFFFFFFFFFFFFFFFFFFFFFFFFFFFFFFF27
:10995000FFFFFFFFFFFFFFFFFFFFFFFFFFFFFFFF17
:10996000FFFFFFFFFFFFFFFFFFFFFFFFFFFFFFFF07
:10997000FFFFFFFFFFFFFFFFFFFFFFFFFFFFFFFFF7
:10998000FFFFFFFFFFFFFFFFFFFFFFFFFFFFFFFFE7
:10999000FFFFFFFFFFFFFFFFFFFFFFFFFFFFFFFFD7
:1099A000FFFFFFFFFFFFFFFFFFFFFFFFFFFFFFFFC7
:1099B000FFFFFFFFFFFFFFFFFFFFFFFFFFFFFFFFB7
:1099C000FFFFFFFFFFFFFFFFFFFFFFFFFFFFFFFFA7
:1099D000FFFFFFFFFFFFFFFFFFFFFFFFFFFFFFFF97
:1099E000FFFFFFFFFFFFFFFFFFFFFFFFFFFFFFFF87
:1099F000FFFFFFFFFFFFFFFFFFFFFFFFFFFFFFFF77
:109A0000FFFFFFFFFFFFFFFFFFFFFFFFFFFFFFFF66
:109A1000FFFFFFFFFFFFFFFFFFFFFFFFFFFFFFFF56
:109A2000FFFFFFFFFFFFFFFFFFFFFFFFFFFFFFFF46
:109A3000FFFFFFFFFFFFFFFFFFFFFFFFFFFFFFFF36
:109A4000FFFFFFFFFFFFFFFFFFFFFFFFFFFFFFFF26
:109A5000FFFFFFFFFFFFFFFFFFFFFFFFFFFFFFFF16
:109A6000FFFFFFFFFFFFFFFFFFFFFFFFFFFFFFFF06
:109A7000FFFFFFFFFFFFFFFFFFFFFFFFFFFFFFFFF6
:109A8000FFFFFFFFFFFFFFFFFFFFFFFFFFFFFFFFE6
:109A9000FFFFFFFFFFFFFFFFFFFFFFFFFFFFFFFFD6
:109AA000FFFFFFFFFFFFFFFFFFFFFFFFFFFFFFFFC6
:109AB000FFFFFFFFFFFFFFFFFFFFFFFFFFFFFFFFB6
:109AC000FFFFFFFFFFFFFFFFFFFFFFFFFFFFFFFFA6
:109AD000FFFFFFFFFFFFFFFFFFFFFFFFFFFFFFFF96
:109AE000FFFFFFFFFFFFFFFFFFFFFFFFFFFFFFFF86
:109AF000FFFFFFFFFFFFFFFFFFFFFFFFFFFFFFFF76
:109B0000FFFFFFFFFFFFFFFFFFFFFFFFFFFFFFFF65
:109B1000FFFFFFFFFFFFFFFFFFFFFFFFFFFFFFFF55
:109B2000FFFFFFFFFFFFFFFFFFFFFFFFFFFFFFFF45
:109B3000FFFFFFFFFFFFFFFFFFFFFFFFFFFFFFFF35
:109B4000FFFFFFFFFFFFFFFFFFFFFFFFFFFFFFFF25
:109B5000FFFFFFFFFFFFFFFFFFFFFFFFFFFFFFFF15
:109B6000FFFFFFFFFFFFFFFFFFFFFFFFFFFFFFFF05
:109B7000FFFFFFFFFFFFFFFFFFFFFFFFFFFFFFFFF5
:109B8000FFFFFFFFFFFFFFFFFFFFFFFFFFFFFFFFE5
:109B9000FFFFFFFFFFFFFFFFFFFFFFFFFFFFFFFFD5
:109BA000FFFFFFFFFFFFFFFFFFFFFFFFFFFFFFFFC5
:109BB000FFFFFFFFFFFFFFFFFFFFFFFFFFFFFFFFB5
:109BC000FFFFFFFFFFFFFFFFFFFFFFFFFFFFFFFFA5
:109BD000FFFFFFFFFFFFFFFFFFFFFFFFFFFFFFFF95
:109BE000FFFFFFFFFFFFFFFFFFFFFFFFFFFFFFFF85
:109BF000FFFFFFFFFFFFFFFFFFFFFFFFFFFFFFFF75
:109C0000FFFFFFFFFFFFFFFFFFFFFFFFFFFFFFFF64
:109C1000FFFFFFFFFFFFFFFFFFFFFFFFFFFFFFFF54
:109C2000FFFFFFFFFFFFFFFFFFFFFFFFFFFFFFFF44
:109C3000FFFFFFFFFFFFFFFFFFFFFFFFFFFFFFFF34
:109C4000FFFFFFFFFFFFFFFFFFFFFFFFFFFFFFFF24
:109C5000FFFFFFFFFFFFFFFFFFFFFFFFFFFFFFFF14
:109C6000FFFFFFFFFFFFFFFFFFFFFFFFFFFFFFFF04
:109C7000FFFFFFFFFFFFFFFFFFFFFFFFFFFFFFFFF4
:109C8000FFFFFFFFFFFFFFFFFFFFFFFFFFFFFFFFE4
:109C9000FFFFFFFFFFFFFFFFFFFFFFFFFFFFFFFFD4
:109CA000FFFFFFFFFFFFFFFFFFFFFFFFFFFFFFFFC4
:109CB000FFFFFFFFFFFFFFFFFFFFFFFFFFFFFFFFB4
:109CC000FFFFFFFFFFFFFFFFFFFFFFFFFFFFFFFFA4
:109CD000FFFFFFFFFFFFFFFFFFFFFFFFFFFFFFFF94
:109CE000FFFFFFFFFFFFFFFFFFFFFFFFFFFFFFFF84
:109CF000FFFFFFFFFFFFFFFFFFFFFFFFFFFFFFFF74
:109D0000FFFFFFFFFFFFFFFFFFFFFFFFFFFFFFFF63
:109D1000FFFFFFFFFFFFFFFFFFFFFFFFFFFFFFFF53
:109D2000FFFFFFFFFFFFFFFFFFFFFFFFFFFFFFFF43
:109D3000FFFFFFFFFFFFFFFFFFFFFFFFFFFFFFFF33
:109D4000FFFFFFFFFFFFFFFFFFFFFFFFFFFFFFFF23
:109D5000FFFFFFFFFFFFFFFFFFFFFFFFFFFFFFFF13
:109D6000FFFFFFFFFFFFFFFFFFFFFFFFFFFFFFFF03
:109D7000FFFFFFFFFFFFFFFFFFFFFFFFFFFFFFFFF3
:109D8000FFFFFFFFFFFFFFFFFFFFFFFFFFFFFFFFE3
:109D9000FFFFFFFFFFFFFFFFFFFFFFFFFFFFFFFFD3
:109DA000FFFFFFFFFFFFFFFFFFFFFFFFFFFFFFFFC3
:109DB000FFFFFFFFFFFFFFFFFFFFFFFFFFFFFFFFB3
:109DC000FFFFFFFFFFFFFFFFFFFFFFFFFFFFFFFFA3
:109DD000FFFFFFFFFFFFFFFF4B4B50505050505015
:109DE0005050505050505050505050505050505073
:109DF0005050505050505050505050505050505063
:109E00005050505050505050505050505050505052
:109E10005050505050505050505050505050505042
:109E2000505050504B4BFFFFFFFFFFFFFFFFFFFF66
:109E3000E3E35050505050505050505050505050FC
:109E40005050505050505050505050505050505012
:109E50005050505050505050505050505050505002
:109E600050505050505050505050505050505050F2
:109E700050505050505050505050505050505050E2
:109E800050505050505050505050505050505050D2
:109E900050505050505050505050505050505050C2
:109EA00050505050505050505050505050505050B2
:109EB00050505050505050505050505050505050A2
:109EC0005050505050505050505050505050505092
:109ED0005050505050505050505050505050505082
:109EE0005050505050505050505050505050505072
:109EF0005050505050505050505050505050505062
:109F00005050505050505050505050505050505051
:109F10005050505050505050505050505050505041
:109F20005050505050505050505050509494FFFF4B
:109F3000FFFFFFFFFFFFFFFFFFFFFFFFFFFFFFFF31
:109F4000FFFFFFFFFFFFFFFFFFFFFFFF4B4D5052E3
:109F500050525052505250525052505250525052F1
:109F600050525052505250525052505250525052E1
:109F700050525052505250525052505250525052D1
:109F800050525052505250525052505250525052C1
:109F900050525052505250524B4DFFFFFFFFFFFFA7
:109FA000FFFFFFFFE3E350525052505250525052C5
:109FB0005052505250525052505250525052505291
:109FC0005052505250525052505250525052505281
:109FD0005052505250525052505250525052505271
:109FE0005052505250525052505250525052505261
:109FF0005052505250525052505250525052505251
:10A000005052505250525052505250525052505240
:10A010005052505250525052505250525052505230
:10A020005052505250525052505250525052505220
:10A030005052505250525052505250525052505210
:10A040005052505250525052505250525052505200
:10A0500050525052505250525052505250525052F0
:10A0600050525052505250525052505250525052E0
:10A0700050525052505250525052505250525052D0
:10A0800050525052505250525052505250525052C0
:10A0900050525052505250525052505250525053AF
:10A0A0009495FFFFFFFFFFFFFFFFFFFFFFFFFFFF95
:10A0B000FFFFFFFFFFFFFFFFFFFFFFFFFFFFFFFFB0
:10A0C0005050575656575657565756575657565735
:10A0D0005657565756575657565756575657565718
:10A0E0005657565756575657565756575657565708
:10A0F00056575657565756575657565756575657F8
:10A100005657565756575657565756575657474706
:10A11000FFFFFFFFFFFFFFFFE6E655565656565678
:10A1200056565656565656565656565656565656CF
:10A1300056565656565656565656565656565656BF
:10A1400056565656565656565656565656565656AF
:10A15000565656565656565656565656565656569F
:10A16000565656565656565656565656565656568F
:10A17000565656565656565656565656565656567F
:10A18000565656565656565656565656565656566F
:10A19000565656565656565656565656565656565F
:10A1A000565656565656565656565656565656564F
:10A1B000565656565656565656565656565656563F
:10A1C000565656565656565656565656565656562F
:10A1D000565656565656565656565656565656561F
:10A1E000565656565656565656565656565656560F
:10A1F00056565656565656565656565656565656FF
:10A2000056565656565656565656565656565656EE
:10A210005656575757579393FFFFFFFFFFFFFFFF18
:10A22000FFFFFFFFFFFFFFFFFFFFFFFFFFFFFFFF3E
:10A23000FFFFFFFF50525658575957595759575912
:10A24000575957595759575957595759575957598E
:10A25000575957595759575957595759575957597E
:10A26000575957595759575957595759575957596E
:10A27000575957595759575957595759575957595E
:10A2800057594749FFFFFFFFFFFFFFFFE6E556581D
:10A29000565856585658565856585658565856584E
:10A2A000565856585658565856585658565856583E
:10A2B000565856585658565856585658565856582E
:10A2C000565856585658565856585658565856581E
:10A2D000565856585658565856585658565856580E
:10A2E00056585658565856585658565856585658FE
:10A2F00056585658565856585658565856585658EE
:10A3000056585658565856585658565856585658DD
:10A3100056585658565856585658565856585658CD
:10A3200056585658565856585658565856585658BD
:10A3300056585658565856585658565856585658AD
:10A34000565856585658565856585658565856589D
:10A35000565856585658565856585658565856588D
:10A36000565856585658565856585658565856587D
:10A37000565856585658565856585658565856586D
:10A38000565856585658575957599394FFFFFFFF40
:10A39000FFFFFFFFFFFFFFFFFFFFFFFFFFFFFFFFCD
:10A3A000FFFFFFFFFFFFFFFF51515B5B5F5F5D5CE6
:10A3B0005C5B5B5C5C5C5C5B5B5B5C5B5B5B5B5AE8
:10A3C0005B5A5B5A5A5A59595A5A59595B5A5A5AEE
:10A3D0005A5B5B5B5B5B5B5B5B5B5B5B5B5B5C5BCD
:10A3E0005C5C5D5C5C5D5C5C5D5D5D5D5C5D5D5DA4
:10A3F0005D5D5D5D5E5D5F5EA6A6FFFFFFFFFFFF2B
:10A40000E6E657575657686467636764676467652D
:10A4100067646765676568646865686567666866D8
:10A4200068666866686668666966696669666966B8
:10A4300069676967696769676A676A676A6669679A
:10A440006A6769676A686A676A686A686A686A6880
:10A450006A686A686A686A686A686A686A686A686C
:10A460006A686A686A686A686A686A686A686A685C
:10A470006A686A686A6869676A686A686A686A674F
:10A48000696869676967696669676967696769674C
:10A490006966696668666866686669666866686649
:10A4A0006765676568656865686568656865686447
:10A4B000676567656765676467656765676467643F
:10A4C0006765676467646764676467646764676433
:10A4D0006764676467646765676467646765686421
:10A4E0006765686568656864686567656865686606
:10A4F0006866696669666864666568665152E7E71A
:10A50000FFFFFFFFFFFFFFFFFFFFFFFFFFFFFFFF5B
:10A51000FFFFFFFFFFFFFFFFFFFFFFFF51535B5DEB
:10A520005F605C5E5B5E5C5E5C5D5B5D5B5D5B5D5E
:10A530005B5D5A5D5A5C5A5C5A5C595C5A5C595B6B
:10A540005A5C5A5C5B5D5B5D5B5D5B5D5B5E5B5F4C
:10A550005B5E5B5E5C5E5C5D5D5E5C5E5D5F5D5E2A
:10A560005D5F5D5F5D5E5D5F5D5F5E60A6A8FFFF36
:10A57000FFFFFFFFE6E55759575A64626362646361
:10A580006463656264636563656364626563656390
:10A59000666366646664666366636664666366646F
:10A5A0006664666467636763676467646764676457
:10A5B0006665676567656764686567656866686539
:10A5C000686568666865686568666866686668661E
:10A5D000686668666866686668666866686668660B
:10A5E00068666866686668666865676668666865FE
:10A5F00068656765686567656765666467656765FB
:10A6000067656765666466646664666466646664F6
:10A6100066646663656365636563656265636563F8
:10A6200065626463656365636562646265626563F0
:10A6300064636463656264626462646264626462E7
:10A6400064626463646264626462656264626462D8
:10A6500065636463656365636562646365636563BD
:10A6600065636663666366646663646065606660AE
:10A670005257E7E6FFFFFFFFFFFFFFFFFFFFFFFF70
:10A68000FFFFFFFFFFFFFFFFFFFFFFFFFFFFFFFFDA
:10A6900051515B5BDCD8CFCDCBCBC8C5C4C2C2C0E7
:10A6A000BDBCB9B7B4B4B1B0ADADA8A7A4A39F9ECB
:10A6B0009B9A9695929299999FA0A3A4A8AAADAFB0
:10A6C000B0B2B3B6B5B6B7BABABDBFC0C1C2C4C4E2
:10A6D000C6C6CBCBCCCDCFCFD3D1D5D2D6D5D6D481
:10A6E000A6A6FFFFFFFFFFFFE6E657575254C181C2
:10A6F000BC81C186C489C58BC98DCB92CE95D096BD
:10A70000D399D59CD89DDBA0DFA4E0A6E3A9E6AC55
:10A71000E8AEEAB1EDB2EEB5F0B6F2B8F4BAF4BB19
:10A72000F6BEF6BEF7C0F7C1F8C4F8C5F9C6F9C859
:10A73000FAC9FACAFACAFACAFACBFBCCFBCCFBCCF0
:10A74000FBCDFBCDFBCDFBCDFBCDFBCDFBCDFBCDC9
:10A75000FBCDFBCDFBCDFBCDFACCFACBF9CAF8C9CA
:10A76000F8C9F7C7F6C6F5C5F4C3F2C1F1BFEFBD2E
:10A77000EDBBECB9EAB7E9B7E6B3E4B1E1ACE0AA06
:10A78000DEA7DDA7DBA5DAA3D89FD79ED59CD49AF8
:10A79000D398D196D195CF93CE94CD90CD8FCB8FAA
:10A7A000CA8CC98DC88AC889C687C586C585C4862E
:10A7B000C485C383C383C383C484C484C585C68658
:10A7C000C789C88AC98ACB8ECD90CE91D293D396B1
:10A7D000D59BD79CDB9FDEA3E1A8E6ACE9B0EDB545
:10A7E000F2BBA08C9595FFFFFFFFFFFFFFFFFFFF70
:10A7F000FFFFFFFFFFFFFFFFFFFFFFFFFFFFFFFF69
:10A80000FFFFFFFF51535B5DD8D6CDCACBC9C5C58D
:10A81000C2C1C0BEBCBAB7B6B4B4B0B0ADADA7A6E5
:10A82000A3A29E9F9A9B95969293999DA0A4A4AA59
:10A83000AAB2AFB7B2BCB6C1B6C2BAC5BDC7C0C96D
:10A84000C2CAC4CCC6CDCBD1CDD1CFD4D1D5D2D52F
:10A85000D5D7D4D6A6A8FFFFFFFFFFFFE6E55759DF
:10A86000545B8127812D862F89308B318D33923433
:10A870009533963699379C399D3AA03BA43AA63D2C
:10A88000A93EAC40AE42B143B245B545B646B84725
:10A89000BA48BB49BE4DBE52C056C159C45CC56022
:10A8A000C660C862C966CA68CA69CA6ACB6ACC6C23
:10A8B000CC6DCC6ECD6DCD6FCD6FCD6FCD6ECD70BF
:10A8C000CD70CD70CD70CD70CD6FCD6FCC6ECB6DAA
:10A8D000CA6CC96BC96AC767C667C565C364C1610D
:10A8E000BF5EBD5DBB5BB958B756B753B351B14DF1
:10A8F000AC4AAA46A743A740A53FA33E9F3C9E3C27
:10A900009C3A9A39983896379536933594349033E3
:10A910008F328F318C318D308A2F892E872D862D65
:10A92000852C862C852B832B832B832A842A842BAE
:10A93000852C862C892C8A2D8A2E8E2C902F913056
:10A94000933196329B349C359F36A339A83AAC3B61
:10A95000B03EB541BB448C619596FFFFFFFFFFFF02
:10A96000FFFFFFFFFFFFFFFFFFFFFFFFFFFFFFFFF7
:10A97000FFFFFFFFFFFFFFFF50505B5BDFDDD3D02A
:10A98000D0CDCBC9C8C7C6C3C1C0BDBBB9B9B5B4AA
:10A99000B2B1ACABA9A7A4A29F9E9A9A96959393A5
:10A9A000999B9FA0A6A6A8AAADAFB1B3B4B6B4B701
:10A9B000B8BABCBDBEC0C1C3C5C5C8C8CACACECD61
:10A9C000D1CFD4D2D4D3D3D2A6A6FFFFFFFFFFFFAF
:10A9D000E6E657575254C181BD81C186C489C68CF1
:10A9E000CA8DCC92CF95D096D399D59DD99DDCA018
:10A9F000DFA5E1A6E4AAE7ADE9AEEBB2EEB2EEB6B2
:10AA0000F0B6F2B8F5BBF4BCF7BEF6BEF8C0F7C1BD
:10AA1000F9C5F8C6FAC6FAC9FBCAFBCBFBCBFBCA21
:10AA2000FBCCFCCDFCCDFCCDFCCEFCCEFCCEFCCEDC
:10AA3000FCCEFCCEFCCEFCCEFCCEFCCEFCCEFCCEC6
:10AA4000FBCDFBCBFACAF8C9F9CAF8C7F7C7F6C6F7
:10AA5000F5C4F3C2F2BFEFBDEDBBEDBAEBB8EAB798
:10AA6000E7B2E5AFE3AEE1AADFA7DEA7DCA5DBA393
:10AA7000D89FD89FD59CD49AD398D197D296CF936C
:10AA8000CE94CD90CE90CC8FCB8DC98DC88BC98AFA
:10AA9000C687C586C685C586C585C484C484C38368
:10AAA000C585C585C686C786C889C98AC98BCC8E27
:10AAB000CE90CE92D393D396D59BD79DDC9FDFA328
:10AAC000E1A9E7ADE9B0EDB5E2B35252FFFFFFFFF8
:10AAD000FFFFFFFFFFFFFFFFFFFFFFFFFFFFFFFF86
:10AAE000FFFFFFFFFFFFFFFFFFFFFFFF50535B5D17
:10AAF000DDD9D0CDCDCAC9C7C7C3C3C2C0BEBBBADA
:10AB0000B9B7B4B3B1B1ABABA7A7A2A39E9E9A99B4
:10AB1000959693949B9EA0A5A6ACAAB2AFB8B3BDE0
:10AB2000B6C1B7C3BAC5BDC8C0CAC3CDC5CDC8CEEE
:10AB3000CAD0CDD2CFD5D2D6D3D7D2D4A6A8FFFFF4
:10AB4000FFFFFFFFE6E55759545B8127812D862FD4
:10AB500089308C318D3392349533963599369D39C1
:10AB60009D3AA03BA53AA63CAA3DAD40AE42B243B9
:10AB7000B245B645B645B846BB47BC48BE4CBE52CA
:10AB8000C056C158C55BC660C660C962CA66CB689C
:10AB9000CB69CA6ACC6ACD6BCD6DCD6ECE6DCE6FF2
:10ABA000CE6FCE6FCE6ECE70CE70CE70CE70CE70B9
:10ABB000CE6FCE6FCD6ECB6CCA6BC96BCA6AC767DE
:10ABC000C767C665C464C261BF5EBD5DBB5BBA5882
:10ABD000B856B753B250AF4BAE4AAA45A743A740A9
:10ABE000A53FA33E9F3B9F3C9C3A9A3898389737A5
:10ABF000963593349434903390318F308D318D303D
:10AC00008B2F8A2D872C862D852B862C852B842BAC
:10AC1000842B83298529852B862C862C892B8A2DAC
:10AC20008B2E8E2C902F9230933196329B349D3503
:10AC30009F36A339A93AAD3BB03EB541B35052540B
:10AC4000FFFFFFFFFFFFFFFFFFFFFFFFFFFFFFFF14
:10AC5000FFFFFFFFFFFFFFFFFFFFFFFFFFFFFFFF04
:10AC600053535B5BE3E2D7D4D4D0D0CDCBC9C8C6B5
:10AC7000C4C3C1C0BDBBB9B7B5B4B1B0ADADA8A771
:10AC8000A4A29F9E9A9A969593939A9A9FA0A5A6FE
:10AC9000A8AAADAFB1B3B4B6B5B7B8B9BCBCBFC064
:10ACA000C1C3C5C5C7C7CBCBCECDD1D0D4D1D1D0F0
:10ACB000A6A6FFFFFFFFFFFFE6E657575254C181EC
:10ACC000BD81C186C489C68CCA8DCC92CF95D096E1
:10ACD000D399D59DD99DDCA0DFA5E1A6E4AAE7AD77
:10ACE000E9AEEBB2EEB2EEB6F0B6F2B8F5BBF4BC3C
:10ACF000F7BEF6BEF8C0F7C1F9C5F8C6FAC6FAC97C
:10AD0000FBCAFBCBFBCBFBCAFBCCFCCDFCCDFCCD0B
:10AD1000FCCEFCCEFCCEFCCEFCCEFCCEFCCEFCCEE3
:10AD2000FCCEFCCEFCCEFCCEFBCDFBCBFACAF8C9E8
:10AD3000F9CAF8C7F7C7F6C6F5C4F3C2F2BFEFBD4C
:10AD4000EDBBEDBAEBB8EAB6E7B2E5AFE3AEE1AA28
:10AD5000DFA7DEA7DCA5DBA3D89FD89FD59CD49A1C
:10AD6000D398D197D296CF93CE94CD90CE90CC8FCE
:10AD7000CB8DC98DC88BC98AC687C586C685C58651
:10AD8000C585C484C484C383C585C585C686C78676
:10AD9000C889C98AC98BCC8ECE90CE92D393D396D4
:10ADA000D59BD79DDC9FDFA3E1A9E7ADE9B0FFC14B
:10ADB0003738FFFFFFFFFFFFFFFFFFFFFFFFFFFF32
:10ADC000FFFFFFFFFFFFFFFFFFFFFFFFFFFFFFFF93
:10ADD000FFFFFFFF53555B5DE2DCD4D1D0CDCDCA80
:10ADE000C9C7C6C4C3C0C0BEBBBBB7B7B4B4B0B09C
:10ADF000ADADA7A7A2A39E9E9A9A959693949A9E6C
:10AE0000A0A4A6ACAAB1AFB8B3BDB6C1B7C3B9C60A
:10AE1000BCC8C0CAC3CCC5CDC7CECBD1CDD2D0D48F
:10AE2000D1D5D0D3A6A8FFFFFFFFFFFFE6E5575916
:10AE3000545B8127812D862F89308C318D3392345C
:10AE40009533963599369D399D3AA03BA53AA63C57
:10AE5000AA3DAD40AE42B243B245B645B645B8464E
:10AE6000BB47BC48BE4CBE52C056C158C55BC6604D
:10AE7000C660C962CA66CB68CB69CA6ACC6ACD6B48
:10AE8000CD6DCD6ECE6DCE6FCE6FCE6FCE6ECE70E1
:10AE9000CE70CE70CE70CE70CE6FCE6FCD6ECB6CCE
:10AEA000CA6BC96BCA6AC767C767C665C464C26133
:10AEB000BF5EBD5DBB5BBA58B855B653B250AF4B21
:10AEC000AE4AAA45A743A740A53FA33E9F3B9F3C50
:10AED0009C3A9A389838973796359334943490330F
:10AEE00090318F308D318D308B2F8A2D872C862D90
:10AEF000852B862C852B842B842B83298529852BD8
:10AF0000862C862C892B8A2D8B2E8E2C902F92307E
:10AF1000933196329B349D359F36A339A93AAD3B88
:10AF2000B03EC13D383EFFFFFFFFFFFFFFFFFFFFC9
:10AF3000FFFFFFFFFFFFFFFFFFFFFFFFFFFFFFFF21
:10AF4000FFFFFFFFFFFFFFFF53535B5BE7E3DAD732
:10AF5000D6D4D3D0CFCDCBC9C9C6C5C3C1BFBDBB65
:10AF6000B9B8B5B3B1B0ACABA7A6A3A29E9D9A9A4F
:10AF7000969493939A9AA1A2A5A7A9AAADB0B1B3AA
:10AF8000B3B6B4B8B9BABCBDBFC0C1C3C5C5C8C8E3
:10AF9000CBCBCECED1D0CFCEA6A6FFFFFFFFFFFFFB
:10AFA000E6E657575254C181BD81C186C489C68C1B
:10AFB000CA8DCC92CF95D096D399D59DD99DDCA042
:10AFC000DFA5E1A6E4AAE7ADE9AEEBB2EEB2EEB6DC
:10AFD000F0B6F2B8F5BBF4BCF7BEF6BEF8C0F7C1E8
:10AFE000F9C5F8C6FAC6FAC9FBCAFBCBFBCBFBCA4C
:10AFF000FBCCFCCDFCCDFCCDFCCEFCCEFCCEFCCE07
:10B00000FCCEFCCEFCCEFCCEFCCEFCCEFCCEFCCEF0
:10B01000FBCDFBCBFACAF8C9F9CAF8C7F7C7F6C621
:10B02000F5C4F3C2F2BFF0BDEDBCEBB8EBB8EAB6C5
:10B03000E7B2E5AFE3AEE1AADFA7DEA7DCA5DBA3BD
:10B04000D89FD89FD59CD49AD398D197D296CF9396
:10B05000CE94CD90CE90CC8FCB8DC98DC88BC98A24
:10B06000C687C586C685C586C585C484C484C38392
:10B07000C585C585C686C786C889C98AC98BCC8E51
:10B08000CE90CE92D393D396D59BD79DDC9FDFA352
:10B09000E1A9E7ADFEBD3339FFFFFFFFFFFFFFFF73
:10B0A000FFFFFFFFFFFFFFFFFFFFFFFFFFFFFFFFB0
:10B0B000FFFFFFFFFFFFFFFFFFFFFFFF53555B5D3C
:10B0C000E3DED7D3D4D0D0CDCDCAC9C7C6C3C3C1A0
:10B0D000BFBDBBBAB8B7B3B4B0B0ABABA6A6A2A263
:10B0E0009D9E9A9A949593959A9FA2A6A7ADAAB26F
:10B0F000B0B9B3BEB6C1B8C3BAC6BDC8C0CAC3CB67
:10B10000C5CDC8CECBD1CED3D0D4CED2A6A8FFFF4A
:10B11000FFFFFFFFE6E55759545B8127812D862FFE
:10B1200089308C318D3392349533963599369D39EB
:10B130009D3AA03BA53AA63CAA3DAD40AE42B243E3
:10B14000B245B645B645B846BB47BC48BE4CBE52F4
:10B15000C056C158C55BC660C660C962CA66CB68C6
:10B16000CB69CA6ACC6ACD6BCD6DCD6ECE6DCE6F1C
:10B17000CE6FCE6FCE6ECE70CE70CE70CE70CE70E3
:10B18000CE6FCE6FCD6ECB6CCA6BC96BCA6AC76708
:10B19000C767C665C464C261BF5EBD5DBC5AB858AE
:10B1A000B856B653B250AF4BAE4AAA45A743A740D4
:10B1B000A53FA33E9F3B9F3C9C3A9A3898389737CF
:10B1C000963593349434903390318F308D318D3067
:10B1D0008B2F8A2D872C862D852B862C852B842BD7
:10B1E000842B83298529852B862C862C892B8A2DD7
:10B1F0008B2E8E2C902F9230933196329B349D352E
:10B200009F36A339A93AAD3BBD363947FFFFFFFF53
:10B21000FFFFFFFFFFFFFFFFFFFFFFFFFFFFFFFF3E
:10B22000FFFFFFFFFFFFFFFFFFFFFFFFFFFFFFFF2E
:10B2300053535B5BE9E7DDDAD9D7D6D4D3CFCFCC94
:10B24000CAC8C8C6C5C4C0BFBDBBB8B7B5B5B0AE27
:10B25000ABAAA7A6A3A29F9E9999959494949B9C10
:10B26000A1A1A5A7A9ABADB0B2B4B3B6B5B7B9BAF1
:10B27000BCBDBFC1C2C3C5C6C9C9CCCCCFCDCDCC66
:10B28000A6A6FFFFFFFFFFFFE6E657575254C18116
:10B29000BD81C186C489C68CCA8DCC92CF95D0960B
:10B2A000D399D59DD99DDCA0DFA5E1A6E4AAE7ADA1
:10B2B000E9AEEBB2EEB2EEB6F0B6F2B8F5BBF4BC66
:10B2C000F7BEF6BEF8C0F7C1F9C5F8C6FAC6FAC9A6
:10B2D000FBCAFBCBFBCBFBCAFBCCFCCDFCCDFCCD36
:10B2E000FCCEFCCEFCCEFCCEFCCEFCCEFCCEFCCE0E
:10B2F000FCCEFCCEFCCEFCCEFBCDFBCBFACAF8C913
:10B30000F9CAF8C7F7C7F6C6F5C4F3C2F0C0F0BE75
:10B31000EDBCEBB8EBB8EAB6E7B2E5AFE3AEE1AA55
:10B32000DFA7DEA7DCA5DBA3D89FD89FD59CD49A46
:10B33000D398D197D296CF93CE94CD90CE90CC8FF8
:10B34000CB8DC98DC88BC98AC687C586C685C5867B
:10B35000C585C484C484C383C585C585C686C786A0
:10B36000C889C98AC98BCC8ECE90CE92D393D396FE
:10B37000D59BD79DDC9FDFA3E1A9EEB03D45FFFF44
:10B38000FFFFFFFFFFFFFFFFFFFFFFFFFFFFFFFFCD
:10B39000FFFFFFFFFFFFFFFFFFFFFFFFFFFFFFFFBD
:10B3A000FFFFFFFF53555B5DE7E2DAD6D7D4D4D079
:10B3B000CFCCCCC9C8C6C6C4C4C0BFBEBBBAB7B662
:10B3C000B5B3AEAEAAAAA6A6A2A29E9E999A94953D
:10B3D00094969C9FA1A6A7ADABB2B0B9B4BEB6C2BD
:10B3E000B7C4BAC6BDC8C1CBC3CDC6CEC9CECCD2F8
:10B3F000CDD2CCD1A6A9FFFFFFFFFFFFE6E557594D
:10B40000545B8127812D862F89308C318D33923486
:10B410009533963599369D399D3AA03BA53AA63C81
:10B42000AA3DAD40AE42B243B245B645B645B84678
:10B43000BB47BC48BE4CBE52C056C158C55BC66077
:10B44000C660C962CA66CB68CB69CA6ACC6ACD6B72
:10B45000CD6DCD6ECE6DCE6FCE6FCE6FCE6ECE700B
:10B46000CE70CE70CE70CE70CE6FCE6FCD6ECB6CF8
:10B47000CA6BC96BCA6AC767C767C665C464C2615D
:10B48000C05FBE5DBC5BB858B856B653B250AF4B48
:10B49000AE4AAA45A743A740A53FA33E9F3B9F3C7A
:10B4A0009C3A9A3898389737963593349434903339
:10B4B00090318F308D318D308B2F8A2D872C862DBA
:10B4C000852B862C852B842B842B83298529852B02
:10B4D000862C862C892B8A2D8B2E8E2C902F9230A9
:10B4E000933196329B349D359F36A339A93AB037B4
:10B4F0004558FFFFFFFFFFFFFFFFFFFFFFFFFFFFBD
:10B50000FFFFFFFFFFFFFFFFFFFFFFFFFFFFFFFF4B
:10B51000FFFFFFFFFFFFFFFF52525A5AECE8DFDE4A
:10B52000DDDAD9D7D6D3D3D0CFCCCBC9C7C5C5C325
:10B53000C1C0BCBBB9B8B4B3AFAEACABA7A6A3A1F6
:10B540009E9D9A99949395959B9BA1A3A6A6A9AB22
:10B55000AEB0B2B4B4B7B5B8B9BABCBDC0C1C2C35D
:10B56000C6C6C9C9CCCCCACAA6A6FFFFFFFFFFFF4B
:10B57000E4E457575053C181BC81C186C489C58B4F
:10B58000CA8DCB92CE95D096D399D59CD89DDCA070
:10B59000DFA4E0A6E3A9E6ADE8AEEAB2EDB2EEB50F
:10B5A000F0B6F2B8F4BAF4BBF6BEF6BEF7C0F7C117
:10B5B000F8C5F8C5F9C6F9C8FAC9FACAFACAFACA82
:10B5C000FACBFBCCFBCCFBCCFBCDFBCDFBCDFBCD41
:10B5D000FBCDFBCDFBCDFBCDFBCDFBCDFBCDFBCD2B
:10B5E000FACCFACBF9CAF8C9F8C9F7C7F6C6F5C656
:10B5F000F3C2F2C2F1BFEFBDEDBBEBB8EAB7E9B5FC
:10B60000E6B2E4AFE2ADE0AADEA7DEA7DBA5DAA3EF
:10B61000D89FD79ED59CD49AD398D196D195CF93C5
:10B62000CE94CD90CD8FCB8FCA8CC98DC88AC88956
:10B63000C687C586C585C486C485C384C384C383C1
:10B64000C484C484C585C786C889C98AC98BCC8E81
:10B65000CE90CE92D393D396D59BD79DDC9FDFA37C
:10B66000E3A9575AEEEEFFFFFFFFFFFFFFFFFFFFCB
:10B67000FFFFFFFFFFFFFFFFFFFFFFFFFFFFFFFFDA
:10B68000FFFFFFFFFFFFFFFFFFFFFFFF52545A5C6A
:10B69000E8E4DED8DAD6D7D3D3D0D0CDCCC9C9C769
:10B6A000C5C3C3C0C0BDBBB9B8B6B3B2AEAEABAB19
:10B6B000A6A6A1A29D9E9999939495969BA0A3A7B7
:10B6C000A6ACABB4B0B8B4BEB7C2B8C4BAC6BDC8F5
:10B6D000C1CAC3CCC6CEC9CFCCD2CACFA6A9FFFFA0
:10B6E000FFFFFFFFE4E45759535A8127812D862F2E
:10B6F00089308B318D3392349533963699379C3916
:10B700009D3AA03BA43AA63DA93EAD40AE42B2430D
:10B71000B245B545B646B847BA48BB48BE4DBE521D
:10B72000C056C159C55CC560C660C862C966CA68F2
:10B73000CA69CA6ACB6ACC6BCC6DCC6ECD6DCD6F4D
:10B74000CD6FCD6FCD6ECD70CD70CD70CD70CD7015
:10B75000CD6FCD6FCC6ECB6CCA6BC96BC96AC76736
:10B76000C667C665C262C261BF5FBD5DBB5BB858DC
:10B77000B756B553B250AF4BAD4AAA46A743A74000
:10B78000A53FA33E9F3C9E3C9C3A9A3998389637F9
:10B7900095369335943490338F328F318C318D3090
:10B7A0008A2F892E872D862D852C862C852B842B00
:10B7B000842B832A842A842B852C862C892B8A2D02
:10B7C0008B2E8E2C902F9230933196329B349D3558
:10B7D0009F36A339A9385A61EEEFFFFFFFFFFFFF45
:10B7E000FFFFFFFFFFFFFFFFFFFFFFFFFFFFFFFF69
:10B7F000FFFFFFFFFFFFFFFFFFFFFFFFFFFFFFFF59
:10B80000F7F75F5F9A9A9594949393919190908FA4
:10B810008E8D8C8B8B89898887878686A5A4B8B7FF
:10B82000B4B3AFAEABAAA7A5A3A29E9D9C9B71711A
:10B830007373767679797A7A7B7C7D7F7F8080815D
:10B840008182838384858686878788888989898998
:10B85000A6A6FFFFFFFFFFFFFFFFA6A654557C69CA
:10B860007A687A6A7C6A7C6B7C6C7D6D7E6E7F6F99
:10B87000806F817182728372847384738675867619
:10B880008776877788788879897989798A7A8A7AB0
:10B890008B7B8B7B8B7C8B7D8C7E8C7E8C7E8C7E65
:10B8A0008B7F8B7F8B7F8B7F8B7F8D7F8D7F8D7F42
:10B8B0008D7F8D7F8D7F8D7F8D7F8D7F8D7F8D7F28
:10B8C0008D7F8D7F8D7F8D7F8B7F8B7F8B7F8C7F1F
:10B8D0008C7F8C7E8B7E8A7E8A7D897C897C8A7B2C
:10B8E000897B887A87798779867886778576857661
:10B8F00084758474837382728271817281708170A5
:10B90000806F806F7F6F7F6F7E6F7E6E7E6D7D6DCF
:10B910007D6C7D6C7E6B7E6B7D6B7D6A7D6A7C69E8
:10B920007C697C697C697C697C697C697D6AD28D73
:10B93000C889C98AC98BCC8ECE90CE92D393D39628
:10B94000D59BD79DDC9FDEA38F7DA0A0FFFFFFFFCF
:10B95000FFFFFFFFFFFFFFFFFFFFFFFFFFFFFFFFF7
:10B96000FFFFFFFFFFFFFFFFFFFFFFFFFFFFFFFFE7
:10B97000FFFFFFFFF7F75F619A999493939291917C
:10B9800090908F8E8D8C8B8B89898889878886860D
:10B99000A4A5B7B6B3B2AEAEAAAAA5A5A2A29D9E13
:10B9A0009B9C717273757679797B7A7F7C817F85B8
:10B9B0008086818882898389858A868B878C888D19
:10B9C000898D898DA6A9FFFFFFFFFFFFFFFFA6A7B7
:10B9D0005558694E68506A516A536B526C536D5595
:10B9E0006E556F556F55715672567257735873581E
:10B9F00075597659765A775B785A795C795C795BB8
:10BA00007A5D7A5C7B5E7B5F7C607D617E617E635C
:10BA10007E637E647F647F647F657F657F667F650C
:10BA20007F667F677F677F667F667F667F667F66EC
:10BA30007F667F667F667F667F667F667F677F65DE
:10BA40007F667F667F657E647E657E637D647C63E2
:10BA50007C627B627B617A60795F795F785D775D1C
:10BA6000765C765B755A7459735872587157725771
:10BA7000705670566F566F556F556F556F546E54A4
:10BA80006D536D536C536C536B526B516B516A51C8
:10BA90006A506950695069506950695069506950DD
:10BAA0006A528D29892B8A2D8B2E8E2C902F9230C5
:10BAB000933196329B349D359F36A3397D5AA0A190
:10BAC000FFFFFFFFFFFFFFFFFFFFFFFFFFFFFFFF86
:10BAD000FFFFFFFFFFFFFFFFFFFFFFFFFFFFFFFF76
:10BAE000FFFFFFFFFFFFFFFFFFFFFFFFFFFFFFFF66
:10BAF000FFFFFFFFFFFFFFFFFFFFFFFFFFFFFFFF56
:10BB000049495A5A9392BCBAB8B7B4B3AFAEAAA9CE
:10BB1000A6A5A2A1A4A25252FFFFFFFFFFFFFFFFB5
:10BB2000FFFFFFFFFFFFFFFFFFFFFFFFFFFFFFFF25
:10BB3000FFFFFFFFFFFFFFFFFFFFFFFFFFFFFFFF15
:10BB4000FFFFFFFFFFFFFFFFFFFFFFFFFFFFFFFF05
:10BB5000FFFFFFFFFFFFFFFFFFFFFFFFFFFFFFFFF5
:10BB6000FFFFFFFFFFFFFFFFFFFFFFFFFFFFFFFFE5
:10BB7000FFFFFFFFFFFFFFFFFFFFFFFFFFFFFFFFD5
:10BB8000FFFFFFFFFFFFFFFFFFFFFFFFFFFFFFFFC5
:10BB9000FFFFFFFFFFFFFFFFFFFFFFFFFFFFFFFFB5
:10BBA000FFFFFFFFFFFFFFFFFFFFFFFFFFFFFFFFA5
:10BBB000FFFFFFFFFFFFFFFFFFFFFFFFFFFFFFFF95
:10BBC000FFFFFFFFFFFFFFFFFFFFFFFFFFFFFFFF85
:10BBD000FFFFFFFFFFFFFFFFFFFFFFFFFFFFFFFF75
:10BBE000FFFFFFFFFFFFFFFFFFFFFFFFFFFFFFFF65
:10BBF000FFFFFFFFFFFFFFFFFFFFFFFFFFFFFFFF55
:10BC0000FFFFFFFFFFFFFFFFFFFFFFFFFFFFFFFF44
:10BC1000FFFFFFFFC1C14A51D08BC98AC98BCC8EAF
:10BC2000CE90CE92D393D396D59BD79DDC9FC99CC3
:10BC30006060FFFFFFFFFFFFFFFFFFFFFFFFFFFF52
:10BC4000FFFFFFFFFFFFFFFFFFFFFFFFFFFFFFFF04
:10BC5000FFFFFFFFFFFFFFFFFFFFFFFFFFFFFFFFF4
:10BC6000FFFFFFFFFFFFFFFFFFFFFFFFFFFFFFFFE4
:10BC7000FFFFFFFF494B5A5C9293BABAB7B6B3B213
:10BC8000AEAEA9A9A5A6A1A2A2A35254FFFFFFFF91
:10BC9000FFFFFFFFFFFFFFFFFFFFFFFFFFFFFFFFB4
:10BCA000FFFFFFFFFFFFFFFFFFFFFFFFFFFFFFFFA4
:10BCB000FFFFFFFFFFFFFFFFFFFFFFFFFFFFFFFF94
:10BCC000FFFFFFFFFFFFFFFFFFFFFFFFFFFFFFFF84
:10BCD000FFFFFFFFFFFFFFFFFFFFFFFFFFFFFFFF74
:10BCE000FFFFFFFFFFFFFFFFFFFFFFFFFFFFFFFF64
:10BCF000FFFFFFFFFFFFFFFFFFFFFFFFFFFFFFFF54
:10BD0000FFFFFFFFFFFFFFFFFFFFFFFFFFFFFFFF43
:10BD1000FFFFFFFFFFFFFFFFFFFFFFFFFFFFFFFF33
:10BD2000FFFFFFFFFFFFFFFFFFFFFFFFFFFFFFFF23
:10BD3000FFFFFFFFFFFFFFFFFFFFFFFFFFFFFFFF13
:10BD4000FFFFFFFFFFFFFFFFFFFFFFFFFFFFFFFF03
:10BD5000FFFFFFFFFFFFFFFFFFFFFFFFFFFFFFFFF3
:10BD6000FFFFFFFFFFFFFFFFFFFFFFFFFFFFFFFFE3
:10BD7000FFFFFFFFFFFFFFFFFFFFFFFFFFFFFFFFD3
:10BD8000FFFFFFFFFFFFFFFFC1C1515E8B248A2D24
:10BD90008B2E8E2C902F9230933196329B349D3582
:10BDA0009F369C486062FFFFFFFFFFFFFFFFFFFF22
:10BDB000FFFFFFFFFFFFFFFFFFFFFFFFFFFFFFFF93
:10BDC000FFFFFFFFFFFFFFFFFFFFFFFFFFFFFFFF83
:10BDD000FFFFFFFFFFFFFFFFFFFFFFFFFFFFFFFF73
:10BDE000FFFFFFFFFFFFFFFF48485A5A9495BFBF70
:10BDF000BBBBB7B6B3B2AFAEAAA9A6A5A8A753530B
:10BE0000FFFFFFFFFFFFFFFFFFFFFFFFFFFFFFFF42
:10BE1000FFFFFFFFFFFFFFFFFFFFFFFFFFFFFFFF32
:10BE2000FFFFFFFFFFFFFFFFFFFFFFFFFFFFFFFF22
:10BE3000FFFFFFFFFFFFFFFFFFFFFFFFFFFFFFFF12
:10BE4000FFFFFFFFFFFFFFFFFFFFFFFFFFFFFFFF02
:10BE5000FFFFFFFFFFFFFFFFFFFFFFFFFFFFFFFFF2
:10BE6000FFFFFFFFFFFFFFFFFFFFFFFFFFFFFFFFE2
:10BE7000FFFFFFFFFFFFFFFFFFFFFFFFFFFFFFFFD2
:10BE8000FFFFFFFFFFFFFFFFFFFFFFFFFFFFFFFFC2
:10BE9000FFFFFFFFFFFFFFFFFFFFFFFFFFFFFFFFB2
:10BEA000FFFFFFFFFFFFFFFFFFFFFFFFFFFFFFFFA2
:10BEB000FFFFFFFFFFFFFFFFFFFFFFFFFFFFFFFF92
:10BEC000FFFFFFFFFFFFFFFFFFFFFFFFFFFFFFFF82
:10BED000FFFFFFFFFFFFFFFFFFFFFFFFFFFFFFFF72
:10BEE000FFFFFFFFFFFFFFFFFFFFFFFFFFFFFFFF62
:10BEF000FFFFFFFFFFFFFFFFFFFFFFFFFFFF666684
:10BF00005A5ACA8AC98BCC8ECE90CE92D393D396EE
:10BF1000D59BD79DE9A83E3FFFFFFFFFFFFFFFFF37
:10BF2000FFFFFFFFFFFFFFFFFFFFFFFFFFFFFFFF21
:10BF3000FFFFFFFFFFFFFFFFFFFFFFFFFFFFFFFF11
:10BF4000FFFFFFFFFFFFFFFFFFFFFFFFFFFFFFFF01
:10BF5000FFFFFFFFFFFFFFFFFFFFFFFF484A5A5CA5
:10BF60009594BFBCBBB9B6B5B2B1AEAEA9A9A5A6F2
:10BF7000A7A75355FFFFFFFFFFFFFFFFFFFFFFFFD7
:10BF8000FFFFFFFFFFFFFFFFFFFFFFFFFFFFFFFFC1
:10BF9000FFFFFFFFFFFFFFFFFFFFFFFFFFFFFFFFB1
:10BFA000FFFFFFFFFFFFFFFFFFFFFFFFFFFFFFFFA1
:10BFB000FFFFFFFFFFFFFFFFFFFFFFFFFFFFFFFF91
:10BFC000FFFFFFFFFFFFFFFFFFFFFFFFFFFFFFFF81
:10BFD000FFFFFFFFFFFFFFFFFFFFFFFFFFFFFFFF71
:10BFE000FFFFFFFFFFFFFFFFFFFFFFFFFFFFFFFF61
:10BFF000FFFFFFFFFFFFFFFFFFFFFFFFFFFFFFFF51
:10C00000FFFFFFFFFFFFFFFFFFFFFFFFFFFFFFFF40
:10C01000FFFFFFFFFFFFFFFFFFFFFFFFFFFFFFFF30
:10C02000FFFFFFFFFFFFFFFFFFFFFFFFFFFFFFFF20
:10C03000FFFFFFFFFFFFFFFFFFFFFFFFFFFFFFFF10
:10C04000FFFFFFFFFFFFFFFFFFFFFFFFFFFFFFFF00
:10C05000FFFFFFFFFFFFFFFFFFFFFFFFFFFFFFFFF0
:10C06000FFFFFFFFFFFFFFFFFFFFFFFFFFFFFFFFE0
:10C07000FFFF66695A5C8A2C8B2E8E2C902F923093
:10C08000933196329B349D35A8353F43FFFFFFFF28
:10C09000FFFFFFFFFFFFFFFFFFFFFFFFFFFFFFFFB0
:10C0A000FFFFFFFFFFFFFFFFFFFFFFFFFFFFFFFFA0
:10C0B000FFFFFFFFFFFFFFFFFFFFFFFFFFFFFFFF90
:10C0C000FFFFFFFFFFFFFFFFFFFFFFFFFFFFFFFF80
:10C0D00048485A5A9795C3C1BFBEBBBAB7B6B3B2A8
:10C0E000AFADABAAACAC6262FFFFFFFFFFFFFFFF8B
:10C0F000FFFFFFFFFFFFFFFFFFFFFFFFFFFFFFFF50
:10C10000FFFFFFFFFFFFFFFFFFFFFFFFFFFFFFFF3F
:10C11000FFFFFFFFFFFFFFFFFFFFFFFFFFFFFFFF2F
:10C12000FFFFFFFFFFFFFFFFFFFFFFFFFFFFFFFF1F
:10C13000FFFFFFFFFFFFFFFFFFFFFFFFFFFFFFFF0F
:10C14000FFFFFFFFFFFFFFFFFFFFFFFFFFFFFFFFFF
:10C15000FFFFFFFFFFFFFFFFFFFFFFFFFFFFFFFFEF
:10C16000FFFFFFFFFFFFFFFFFFFFFFFFFFFFFFFFDF
:10C17000FFFFFFFFFFFFFFFFFFFFFFFFFFFFFFFFCF
:10C18000FFFFFFFFFFFFFFFFFFFFFFFFFFFFFFFFBF
:10C19000FFFFFFFFFFFFFFFFFFFFFFFFFFFFFFFFAF
:10C1A000FFFFFFFFFFFFFFFFFFFFFFFFFFFFFFFF9F
:10C1B000FFFFFFFFFFFFFFFFFFFFFFFFFFFFFFFF8F
:10C1C000FFFFFFFFFFFFFFFFFFFFFFFFFFFFFFFF7F
:10C1D000FFFFFFFFFFFFFFFFFFFFFFFFFFFFFFFF6F
:10C1E000FFFFFFFFFFFFFFFF4141977AC98ACC8E17
:10C1F000CE90CE92D393D396D59BE9A4383DFFFF42
:10C20000FFFFFFFFFFFFFFFFFFFFFFFFFFFFFFFF3E
:10C21000FFFFFFFFFFFFFFFFFFFFFFFFFFFFFFFF2E
:10C22000FFFFFFFFFFFFFFFFFFFFFFFFFFFFFFFF1E
:10C23000FFFFFFFFFFFFFFFFFFFFFFFFFFFFFFFF0E
:10C24000FFFFFFFF484A5A5C9598C1BFBEBCBAB910
:10C25000B6B5B2B2ADADAAAAACAC6264FFFFFFFF47
:10C26000FFFFFFFFFFFFFFFFFFFFFFFFFFFFFFFFDE
:10C27000FFFFFFFFFFFFFFFFFFFFFFFFFFFFFFFFCE
:10C28000FFFFFFFFFFFFFFFFFFFFFFFFFFFFFFFFBE
:10C29000FFFFFFFFFFFFFFFFFFFFFFFFFFFFFFFFAE
:10C2A000FFFFFFFFFFFFFFFFFFFFFFFFFFFFFFFF9E
:10C2B000FFFFFFFFFFFFFFFFFFFFFFFFFFFFFFFF8E
:10C2C000FFFFFFFFFFFFFFFFFFFFFFFFFFFFFFFF7E
:10C2D000FFFFFFFFFFFFFFFFFFFFFFFFFFFFFFFF6E
:10C2E000FFFFFFFFFFFFFFFFFFFFFFFFFFFFFFFF5E
:10C2F000FFFFFFFFFFFFFFFFFFFFFFFFFFFFFFFF4E
:10C30000FFFFFFFFFFFFFFFFFFFFFFFFFFFFFFFF3D
:10C31000FFFFFFFFFFFFFFFFFFFFFFFFFFFFFFFF2D
:10C32000FFFFFFFFFFFFFFFFFFFFFFFFFFFFFFFF1D
:10C33000FFFFFFFFFFFFFFFFFFFFFFFFFFFFFFFF0D
:10C34000FFFFFFFFFFFFFFFFFFFFFFFFFFFFFFFFFD
:10C35000FFFFFFFFFFFFFFFFFFFFFFFF41437A4D9E
:10C360008A2E8E2C902F9230933196329B34A42EAD
:10C370003D48FFFFFFFFFFFFFFFFFFFFFFFFFFFF46
:10C38000FFFFFFFFFFFFFFFFFFFFFFFFFFFFFFFFBD
:10C39000FFFFFFFFFFFFFFFFFFFFFFFFFFFFFFFFAD
:10C3A000FFFFFFFFFFFFFFFFFFFFFFFFFFFFFFFF9D
:10C3B000FFFFFFFFFFFFFFFF48485A5A9897C5C38A
:10C3C000C3C1BFBEBBB9B8B6B3B2AEAEB0AF6262A6
:10C3D000FFFFFFFFFFFFFFFFFFFFFFFFFFFFFFFF6D
:10C3E000FFFFFFFFFFFFFFFFFFFFFFFFFFFFFFFF5D
:10C3F000FFFFFFFFFFFFFFFFFFFFFFFFFFFFFFFF4D
:10C40000FFFFFFFFFFFFFFFFFFFFFFFFFFFFFFFF3C
:10C41000FFFFFFFFFFFFFFFFFFFFFFFFFFFFFFFF2C
:10C42000FFFFFFFFFFFFFFFFFFFFFFFFFFFFFFFF1C
:10C43000FFFFFFFFFFFFFFFFFFFFFFFFFFFFFFFF0C
:10C44000FFFFFFFFFFFFFFFFFFFFFFFFFFFFFFFFFC
:10C45000FFFFFFFFFFFFFFFFFFFFFFFFFFFFFFFFEC
:10C46000FFFFFFFFFFFFFFFFFFFFFFFFFFFFFFFFDC
:10C47000FFFFFFFFFFFFFFFFFFFFFFFFFFFFFFFFCC
:10C48000FFFFFFFFFFFFFFFFFFFFFFFFFFFFFFFFBC
:10C49000FFFFFFFFFFFFFFFFFFFFFFFFFFFFFFFFAC
:10C4A000FFFFFFFFFFFFFFFFFFFFFFFFFFFFFFFF9C
:10C4B000FFFFFFFFFFFFFFFFFFFFFFFFFFFFFFFF8C
:10C4C000FFFFFFFFFFFFFFFFFFFFFFFFFFFFFFFF7C
:10C4D000FFFF4B4DD091CC8ECE90CE92D393D3967E
:10C4E000DD9E3C47FFFFFFFFFFFFFFFFFFFFFFFF5A
:10C4F000FFFFFFFFFFFFFFFFFFFFFFFFFFFFFFFF4C
:10C50000FFFFFFFFFFFFFFFFFFFFFFFFFFFFFFFF3B
:10C51000FFFFFFFFFFFFFFFFFFFFFFFFFFFFFFFF2B
:10C52000FFFFFFFFFFFFFFFFFFFFFFFF484A5A5CCF
:10C530009799C3C3C1BFBEBCB9B8B6B5B2B1AEAEB0
:10C54000AFAF6264FFFFFFFFFFFFFFFFFFFFFFFFD3
:10C55000FFFFFFFFFFFFFFFFFFFFFFFFFFFFFFFFEB
:10C56000FFFFFFFFFFFFFFFFFFFFFFFFFFFFFFFFDB
:10C57000FFFFFFFFFFFFFFFFFFFFFFFFFFFFFFFFCB
:10C58000FFFFFFFFFFFFFFFFFFFFFFFFFFFFFFFFBB
:10C59000FFFFFFFFFFFFFFFFFFFFFFFFFFFFFFFFAB
:10C5A000FFFFFFFFFFFFFFFFFFFFFFFFFFFFFFFF9B
:10C5B000FFFFFFFFFFFFFFFFFFFFFFFFFFFFFFFF8B
:10C5C000FFFFFFFFFFFFFFFFFFFFFFFFFFFFFFFF7B
:10C5D000FFFFFFFFFFFFFFFFFFFFFFFFFFFFFFFF6B
:10C5E000FFFFFFFFFFFFFFFFFFFFFFFFFFFFFFFF5B
:10C5F000FFFFFFFFFFFFFFFFFFFFFFFFFFFFFFFF4B
:10C60000FFFFFFFFFFFFFFFFFFFFFFFFFFFFFFFF3A
:10C61000FFFFFFFFFFFFFFFFFFFFFFFFFFFFFFFF2A
:10C62000FFFFFFFFFFFFFFFFFFFFFFFFFFFFFFFF1A
:10C63000FFFFFFFFFFFFFFFFFFFFFFFFFFFFFFFF0A
:10C64000FFFFFFFFFFFF4D5091328E2C902F923055
:10C65000933196329E2F475AFFFFFFFFFFFFFFFFE8
:10C66000FFFFFFFFFFFFFFFFFFFFFFFFFFFFFFFFDA
:10C67000FFFFFFFFFFFFFFFFFFFFFFFFFFFFFFFFCA
:10C68000FFFFFFFFFFFFFFFFFFFFFFFFFFFFFFFFBA
:10C69000FFFFFFFFFFFFFFFFFFFFFFFFFFFFFFFFAA
:10C6A00048485A5A9C9CCAC7C6C3C2C0BFBDBBB982
:10C6B000B7B5B3B1B5B46161FFFFFFFFFFFFFFFF87
:10C6C000FFFFFFFFFFFFFFFFFFFFFFFFFFFFFFFF7A
:10C6D000FFFFFFFFFFFFFFFFFFFFFFFFFFFFFFFF6A
:10C6E000FFFFFFFFFFFFFFFFFFFFFFFFFFFFFFFF5A
:10C6F000FFFFFFFFFFFFFFFFFFFFFFFFFFFFFFFF4A
:10C70000FFFFFFFFFFFFFFFFFFFFFFFFFFFFFFFF39
:10C71000FFFFFFFFFFFFFFFFFFFFFFFFFFFFFFFF29
:10C72000FFFFFFFFFFFFFFFFFFFFFFFFFFFFFFFF19
:10C73000FFFFFFFFFFFFFFFFFFFFFFFFFFFFFFFF09
:10C74000FFFFFFFFFFFFFFFFFFFFFFFFFFFFFFFFF9
:10C75000FFFFFFFFFFFFFFFFFFFFFFFFFFFFFFFFE9
:10C76000FFFFFFFFFFFFFFFFFFFFFFFFFFFFFFFFD9
:10C77000FFFFFFFFFFFFFFFFFFFFFFFFFFFFFFFFC9
:10C78000FFFFFFFFFFFFFFFFFFFFFFFFFFFFFFFFB9
:10C79000FFFFFFFFFFFFFFFFFFFFFFFFFFFFFFFFA9
:10C7A000FFFFFFFFFFFFFFFFF3F3FFFFFFFFFFFFB1
:10C7B000FFFFFFFFFFFFFFFFFFFFEDED4B50DA93A1
:10C7C000CE90CE92D393D5975559F0F0FFFFFFFF4F
:10C7D000FFFFFFFFFFFFFFFFFFFFFFFFFFFFFFFF69
:10C7E000FFFFFFFFFFFFFFFFFFFFFFFFFFFFFFFF59
:10C7F000FFFFFFFFFFFFFFFFFFFFFFFFFFFFFFFF49
:10C80000FFFFFFFFFFFFFFFFFFFFFFFFFFFFFFFF38
:10C81000FFFFFFFF484A5A5C9C9DC7C5C3C3C0BF0A
:10C82000BDBBB9B9B5B5B1B1B4B36164FFFFFFFF2A
:10C83000FFFFFFFFFFFFFFFFFFFFFFFFFFFFFFFF08
:10C84000FFFFFFFFFFFFFFFFFFFFFFFFFFFFFFFFF8
:10C85000FFFFFFFFFFFFFFFFFFFFFFFFFFFFFFFFE8
:10C86000FFFFFFFFFFFFFFFFFFFFFFFFFFFFFFFFD8
:10C87000FFFFFFFFFFFFFFFFFFFFFFFFFFFFFFFFC8
:10C88000FFFFFFFFFFFFFFFFFFFFFFFFFFFFFFFFB8
:10C89000FFFFFFFFFFFFFFFFFFFFFFFFFFFFFFFFA8
:10C8A000FFFFFFFFFFFFFFFFFFFFFFFFFFFFFFFF98
:10C8B000FFFFFFFFFFFFFFFFFFFFFFFFFFFFFFFF88
:10C8C000FFFFFFFFFFFFFFFFFFFFFFFFFFFFFFFF78
:10C8D000FFFFFFFFFFFFFFFFFFFFFFFFFFFFFFFF68
:10C8E000FFFFFFFFFFFFFFFFFFFFFFFFFFFFFFFF58
:10C8F000FFFFFFFFFFFFFFFFFFFFFFFFFFFFFFFF48
:10C90000FFFFFFFFFFFFFFFFFFFFFFFFFFFFFFFF37
:10C91000FFFFFFFFFFFFFFFFFFFFFFFFF3F4FFFF3E
:10C92000FFFFFFFFFFFFFFFFFFFFFFFFFFFFEDED3B
:10C93000505B9326902F9230933197305963F0EFEC
:10C94000FFFFFFFFFFFFFFFFFFFFFFFFFFFFFFFFF7
:10C95000FFFFFFFFFFFFFFFFFFFFFFFFFFFFFFFFE7
:10C96000FFFFFFFFFFFFFFFFFFFFFFFFFFFFFFFFD7
:10C97000FFFFFFFFFFFFFFFFFFFFFFFFFFFFFFFFC7
:10C98000FFFFFFFFFFFFFFFF48485A5AAAA9CCCA82
:10C99000CAC7C6C4C2C0BEBCBBB9B7B5BAB961616B
:10C9A000FFFFFFFFFFFFFFFFFFFF414145454545FB
:10C9B0004545454545454545454545454040FFFFBD
:10C9C000FFFF3F3F454545454545454545454545AF
:10C9D0004545454545454545454545454545454507
:10C9E00045454545454545457070FFFFFFFFFFFF45
:10C9F000FFFFFFFFFFFFFFFFC8C84141FFFFFFFF31
:10CA0000FFFFFFFFFFFFFFFFFFFFFFFFFFFFFFFF36
:10CA1000FFFFFFFF7E7EFFFFFFFFFFFFFFFFFFFF28
:10CA2000FFFFFFFFFFFFFFFFFFFFA4A45656565670
:10CA3000565656565656565656565656565664647A
:10CA4000FFFFFFFFADAD5656565656565656565634
:10CA500056565656565656566363FFFFFFFFAAAA10
:10CA60005656565656565656565656565656565666
:10CA700056565A5AFFFFBDBD56565656565656562E
:10CA8000565656565656565656565656FFFFFFFFA2
:10CA9000C5C59B9BFFFFFFFFFFFFFFFFFFFFFFFFE2
:10CAA000FFFFFFFF8B8B4B52D091CE92D3938473B9
:10CAB000AAAAFFFFFFFFFFFFFFFFFFFFFFFFFFFF30
:10CAC000FFFF45453C3CFFFFFFFFFFFFFFFFFFFF70
:10CAD000FFFFFFFFFFFFFFFFFFFFFFFFFFFFFFFF66
:10CAE000FFFFFFFFFFFFFFFFFFFFFFFFFFFFFFFF56
:10CAF000FFFFFFFFFFFFFFFFFFFFFFFF484A5A5CFA
:10CB0000A9A9CAC8C7C5C4C2C0BFBCBBB9B9B5B55D
:10CB1000B9B86163FFFFFFFFFFFFFFFFFFFF414366
:10CB200045474547454745474547454745474547A5
:10CB30004042FFFFFFFF3F414547454745474547C7
:10CB40004547454745474547454745474547454785
:10CB50004547454745474547454745487073FFFFAB
:10CB6000FFFFFFFFFFFFFFFFFFFFFFFFC8C94144BB
:10CB7000FFFFFFFFFFFFFFFFFFFFFFFFFFFFFFFFC5
:10CB8000FFFFFFFFFFFFFFFF7E80FFFFFFFFFFFFB5
:10CB9000FFFFFFFFFFFFFFFFFFFFFFFFFFFFA4A55A
:10CBA0005658565856585658565856585658565815
:10CBB00056586465FFFFFFFFADAF5658565856589C
:10CBC0005658565856585658565856586365FFFF8B
:10CBD000FFFFAAAB565856585658565856585658EE
:10CBE0005658565856585A5CFFFFBDBD56585658B1
:10CBF00056585658565856585658565856585659C4
:10CC0000FFFFFFFFC5C59B9CFFFFFFFFFFFFFFFF6F
:10CC1000FFFFFFFFFFFFFFFF8B8B525E912C9230D7
:10CC200093317359AAABFFFFFFFFFFFFFFFFFFFF29
:10CC3000FFFFFFFFFFFF45473C3EFFFFFFFFFFFFFA
:10CC4000FFFFFFFFFFFFFFFFFFFFFFFFFFFFFFFFF4
:10CC5000FFFFFFFFFFFFFFFFFFFFFFFFFFFFFFFFE4
:10CC6000FFFFFFFFFFFFFFFFFFFFFFFFFFFFFFFFD4
:10CC700048485A5AACABD1CECCCAC9C6C5C3C2C04B
:10CC8000BEBCBAB8BEBD6161FFFFFFFFFFFFFFFF83
:10CC9000FFFF5151575758585858585858585858D6
:10CCA0005858585858584848FFFF4E4E57575858EC
:10CCB00058585858585858585858585858585858F4
:10CCC00058585858585858585858585858585858E4
:10CCD00058587070FFFFFFFFFFFFFFFFFFFFFFFFD0
:10CCE000535358586F6FFFFFFFFFFFFFFFFFFFFF1A
:10CCF000FFFFFFFFFFFFFFFFFFFFFFFF555585858C
:10CD0000FFFFFFFFFFFFFFFFFFFFFFFFFFFFFFFF33
:10CD1000FFFF9696585858585858585858585858C9
:10CD200058585858585858585B5BFFFFADAD575886
:10CD30005858585858585858585858585858585873
:10CD400058585A5AFFFFACAC585858585858585869
:10CD50005858585858585858585858585252C4C487
:10CD60005758585858585858585858585858585844
:10CD7000585858584C4CFFFFC5C55858C1C1FFFF03
:10CD8000FFFFFFFFFFFFFFFFFFFFFFFFFFFF464625
:10CD9000796CCE91BA8C6464FFFFFFFFFFFFFFFF49
:10CDA000FFFFFFFFFFFFFFFF8282585857579A9AF5
:10CDB000FFFFFFFFFFFFFFFFFFFFFFFFFFFFFFFF83
:10CDC000FFFFFFFFFFFFFFFFFFFFFFFFFFFFFFFF73
:10CDD000FFFFFFFFFFFFFFFFFFFFFFFFFFFFFFFF63
:10CDE000FFFFFFFF484A5A5CABAACECBCAC8C6C5F4
:10CDF000C3C2C0BFBCBBB8B8BDBC6163FFFFFFFF0F
:10CE0000FFFFFFFFFFFF51535759585A585A585ABE
:10CE1000585A585A585A585A585A484AFFFF4E506A
:10CE20005759585A585A585A585A585A585A585A74
:10CE3000585A585A585A585A585A585A585A585A62
:10CE4000585A585A585A7072FFFFFFFFFFFFFFFFF2
:10CE5000FFFFFFFF5356585A6F71FFFFFFFFFFFFA1
:10CE6000FFFFFFFFFFFFFFFFFFFFFFFFFFFFFFFFD2
:10CE700055578586FFFFFFFFFFFFFFFFFFFFFFFF07
:10CE8000FFFFFFFFFFFF9698585A585A585A585AB2
:10CE9000585A585A585A585A585A585A5B5DFFFFB0
:10CEA000ADB0585A585A585A585A585A585A585A47
:10CEB000585A585A585A5A5BFFFFACAD585A585AEC
:10CEC000585A585A585A585A585A585A585A585AD2
:10CED0005254C4C5585A585A585A585A585A585AF7
:10CEE000585A585A585A585A4C4EFFFFC5C5585AA6
:10CEF000C1C2FFFFFFFFFFFFFFFFFFFFFFFFFFFFBD
:10CF0000FFFF46476C5891308C436466FFFFFFFF7C
:10CF1000FFFFFFFFFFFFFFFFFFFFFFFF8283585A66
:10CF200057599A9BFFFFFFFFFFFFFFFFFFFFFFFF28
:10CF3000FFFFFFFFFFFFFFFFFFFFFFFFFFFFFFFF01
:10CF4000FFFFFFFFFFFFFFFFFFFFFFFFFFFFFFFFF1
:10CF5000FFFFFFFFFFFFFFFF48485A5AADADD4D196
:10CF6000D0CECCCAC8C7C5C4C2C0BEBCC2C1616134
:10CF7000FFFFFFFFFFFFFFFFFFFF51515A5B6262A0
:10CF8000616363636364636465656567656665655E
:10CF9000C6C64F4F5A5B66676767676767676767AD
:10CFA00068686768686868696869696969696969FA
:10CFB00068696868696969696A6A4949FFFFFFFFCA
:10CFC000FFFFFFFFFFFFFFFF505057574949FFFF8B
:10CFD000FFFFFFFFFFFFFFFFFFFFFFFFFFFFFFFF61
:10CFE000FFFFFFFF54545A5A7878FFFFFFFFFFFFFF
:10CFF000FFFFFFFFFFFFFFFFFFFF989858575757AE
:10D000007C7B7B7A7A797A79797879797978797889
:10D010005050FFFFADAD5858555567676666666658
:10D02000666565656464656565655050FFFFACAC19
:10D0300058585757636362626162616162626363F9
:10D04000636464645152CFCF585855556969686913
:10D0500068696969696A6969696A6A6A5757FFFF35
:10D06000C5C558585454FFFFFFFFFFFFFFFFFFFFE8
:10D07000FFFFFFFFFFFFFFFF4242C1914142FFFF61
:10D08000FFFFFFFFFFFFFFFFFFFFFFFFFFFFE1E1EC
:10D09000585858585D5D9F9FFFFFFFFFFFFFFFFF40
:10D0A000FFFFFFFFFFFFFFFFFFFFFFFFFFFFFFFF90
:10D0B000FFFFFFFFFFFFFFFFFFFFFFFFFFFFFFFF80
:10D0C000FFFFFFFFFFFFFFFFFFFFFFFF484A5A5C24
:10D0D000ADADD1CECECACAC8C7C5C4C2C0BFBCBB25
:10D0E000C1BF6163FFFFFFFFFFFFFFFFFFFF515362
:10D0F0005B5D6265636563666467646765676768EF
:10D1000066696569C6C64F515B5D676A676A676A2B
:10D11000676B676A686B686A686B696B696B696B78
:10D12000696B696B696B686B696B696B6A6C494B9E
:10D13000FFFFFFFFFFFFFFFFFFFFFFFF50525759A9
:10D14000494BFFFFFFFFFFFFFFFFFFFFFFFFFFFF59
:10D15000FFFFFFFFFFFFFFFF54565A5C787AFFFF87
:10D16000FFFFFFFFFFFFFFFFFFFFFFFFFFFF98999C
:10D17000575957597B7B7A7A797A7979787979799D
:10D18000787878775052FFFFADB0585A5557676995
:10D190006669666865676567646865676567505254
:10D1A000FFFFACAD585A57596365626562636163AE
:10D1B00062656366646664675254CFD0585A5557A7
:10D1C000696C696C696C696C6A6C696D6A6D6A6DB1
:10D1D0005759FFFFC5C5585A5456FFFFFFFFFFFFC1
:10D1E000FFFFFFFFFFFFFFFFFFFFFFFF42459143F0
:10D1F0004246FFFFFFFFFFFFFFFFFFFFFFFFFFFFB5
:10D20000FFFFE1E0585A585A5D5F9FA0FFFFFFFF04
:10D21000FFFFFFFFFFFFFFFFFFFFFFFFFFFFFFFF1E
:10D22000FFFFFFFFFFFFFFFFFFFFFFFFFFFFFFFF0E
:10D23000FFFFFFFFFFFFFFFFFFFFFFFFFFFFFFFFFE
:10D2400048485A5AAFAFD7D4D3D0D0CDCBCAC8C62E
:10D25000C6C3C2BFC7C56262FFFFFFFFFFFFFFFF7C
:10D26000FFFF5151595A989794949A9BA1A1A4A653
:10D27000A9ABADAFB1B3AAADC6C64F4F5A5BBCBCEC
:10D28000C2C3C5C6C8C8CBCBCECDD0D0D3D1D5D2E2
:10D29000D8D6DBD9DCDAE0DDE2DFE3E0E6E4E7E4A0
:10D2A000ECE94949FFFFFFFFFFFFFFFFFFFFB1B1BF
:10D2B000585857578F90E2E2FFFFFFFFFFFFFFFF35
:10D2C000FFFFFFFFFFFFFFFFFFFFFFFF545453531C
:10D2D000D1CF7373FFFFFFFFFFFFFFFFFFFFFFFFD4
:10D2E000FFFF989858575B5BEDE9EAE5E9E5E6E36F
:10D2F000E7E2E2E0DFDEE0DD595AFFFFADAD58586E
:10D300005050D0CDCBC8C8C5C5C3C1BFBDBBBBB7CE
:10D31000B7B65D5CFFFFACAC58585252A3A39C9BC0
:10D320009897949294939B9B9F9FA3A55D5ECFCF6C
:10D3300058585050B6B8B4B7B7BABABDBDBEC1C2DE
:10D34000C2C3C5C65F60FFFFC5C5585856553E3EAF
:10D35000FFFFFFFFFFFFFFFFFFFFFFFFFFFFFFFFDD
:10D36000FFFF2F2FFFFFFFFFFFFFFFFFFFFFFFFF6D
:10D37000FFFFFFFFFFFF5353585858586E6F9F9F92
:10D38000FFFFFFFFFFFFFFFFFFFFFFFFFFFFFFFFAD
:10D39000FFFFFFFFFFFFFFFFFFFFFFFFFFFFFFFF9D
:10D3A000FFFFFFFFFFFFFFFFFFFFFFFFFFFFFFFF8D
:10D3B000FFFFFFFF484A5A5CAFAED4D1D0CECDCBF1
:10D3C000CAC8C6C5C3C1BFBFC5C36264FFFFFFFFF4
:10D3D000FFFFFFFFFFFF51535A5C979794959B9D6A
:10D3E000A1A5A6ACABB2AFB9B3BEADB7C6C64F51DF
:10D3F0005B5DBCC6C3CCC6CEC8CECBD2CDD2D0D45A
:10D40000D1D6D2D7D6D7D9DBDADDDDDCDFE0E0E17B
:10D41000E4E2E4E3E9E6494BFFFFFFFFFFFFFFFF24
:10D42000FFFFB1B1585A57599091E2E3FFFFFFFF58
:10D43000FFFFFFFFFFFFFFFFFFFFFFFFFFFFFFFFFC
:10D4400054565355CFCD7375FFFFFFFFFFFFFFFF0E
:10D45000FFFFFFFFFFFF989957595B5EE9E4E5E0A6
:10D46000E5E0E3DEE2DCE0DADED9DDD85A5BFFFF9F
:10D47000ADB0585A5053CDCBC8C5C5C3C3C0BFBE4D
:10D48000BBBAB7B8B6B55C5FFFFFACAD585A5254E3
:10D49000A3A29B9C9799929393959B9C9FA4A5ABC9
:10D4A0005E5FCFD0585A5051B8C4B7C3BAC5BDC6D5
:10D4B000BEC9C2CAC3CDC6CE6061FFFFC5C5585A3A
:10D4C00055573E40FFFFFFFFFFFFFFFFFFFFFFFF3E
:10D4D000FFFFFFFFFFFF2F31FFFFFFFFFFFFFFFFFA
:10D4E000FFFFFFFFFFFFFFFFFFFF5355585A585A3A
:10D4F0006F6F9FA0FFFFFFFFFFFFFFFFFFFFFFFF1B
:10D50000FFFFFFFFFFFFFFFFFFFFFFFFFFFFFFFF2B
:10D51000FFFFFFFFFFFFFFFFFFFFFFFFFFFFFFFF1B
:10D52000FFFFFFFFFFFFFFFF48485A5AB0B1DAD7AD
:10D53000D7D5D4D1CFCDCCCAC8C7C6C4CCCA6262F5
:10D54000FFFFFFFFFFFFFFFFFFFF5151595A9E9D55
:10D55000959493939A9BA0A1A5A7AAABADB0A8AAB6
:10D56000C6C64F4F5A5BB9B9C0C1C2C3C5C6C8C849
:10D57000CBCBCECDD1D0D3D1D5D4D8D7DBD8DDDB72
:10D58000DFDEE2DFE3E0E6E2EAE74949FFFFFFFF33
:10D59000FFFFFFFFFFFF4B4B58584D4DFFFF595901
:10D5A000FFFFFFFFFFFFFFFFFFFFFFFFFFFFFFFF8B
:10D5B000FFFFFFFF54545454FEFBC7C57474FFFFB4
:10D5C000FFFFFFFFFFFFFFFFFFFF989858575B5BD0
:10D5D000F0ECEDE7EBE6E9E6E6E3E7E1E3DFE1DFE8
:10D5E0005A59FFFFADAD58585050D4D1CDCACBC811
:10D5F000C7C5C4C3C1C0BEBCBBB95353FFFFACACAD
:10D6000058585153A7A6A09F9D9C9898949495957F
:10D610009B9B9FA15D5ECFCF58585150B4B7B3B517
:10D62000B5B7B8B9BABCBEBFC1C1C2C45F5FFFFF66
:10D63000C5C558584E4EE4E24040FFFFFFFFFFFFD4
:10D64000FFFFFFFFFFFFFFFFFFFFFFFFFFFFFFFFEA
:10D65000FFFFFFFFFFFFFFFFFFFFFFFF42425858A2
:10D6600057584141FFFFA0A0FFFFFFFFFFFFFFFF53
:10D67000FFFFFFFFFFFFFFFFFFFFFFFFFFFFFFFFBA
:10D68000FFFFFFFFFFFFFFFFFFFFFFFFFFFFFFFFAA
:10D69000FFFFFFFFFFFFFFFFFFFFFFFF484A5A5C4E
:10D6A000B1B0D7D4D5D1D1CECDCACAC8C7C6C4C1EE
:10D6B000CAC86264FFFFFFFFFFFFFFFFFFFF515378
:10D6C0005A5C9D9D949593959B9FA1A5A7ACABB2E9
:10D6D000B0B9AAB4C6C64F515B5DB9C4C1CAC3CD07
:10D6E000C6CEC8CFCBD1CDD2D0D4D1D5D4D7D7D92F
:10D6F000D8DCDBDCDEDDDFE0E0DFE2E1E7E5494B63
:10D70000FFFFFFFFFFFFFFFFFFFF4B4E585A4D4F3C
:10D71000FFFF595AFFFFFFFFFFFFFFFFFFFFFFFF64
:10D72000FFFFFFFFFFFFFFFF54565456FBF4C5C336
:10D730007475FFFFFFFFFFFFFFFFFFFFFFFF9899DB
:10D7400057595B5EECE6E7E3E6E1E6E0E3DEE1DDC8
:10D75000DFDBDFDA595BFFFFADB0585A5053D1CE53
:10D76000CAC8C8C5C5C3C3C0C0BEBCBBB9B9535580
:10D77000FFFFACAD585A5355A6A69F9F9C9C989905
:10D78000949595969B9EA1A45E60CFD0585A505216
:10D79000B7C1B5C1B7C3B9C5BCC5BFCAC1CAC4CD7D
:10D7A0005F62FFFFC5C5585A4E50E2E64042FFFF98
:10D7B000FFFFFFFFFFFFFFFFFFFFFFFFFFFFFFFF79
:10D7C000FFFFFFFFFFFFFFFFFFFFFFFFFFFFFFFF69
:10D7D0004245585A585A4144FFFFA0A1FFFFFFFF9E
:10D7E000FFFFFFFFFFFFFFFFFFFFFFFFFFFFFFFF49
:10D7F000FFFFFFFFFFFFFFFFFFFFFFFFFFFFFFFF39
:10D80000FFFFFFFFFFFFFFFFFFFFFFFFFFFFFFFF28
:10D810004848595AB3B2DEDBDAD8D6D5D3D0CFCD0B
:10D82000CBC9C7C7D0CD6262FFFFFFFFFFFFFFFF7D
:10D83000FFFF51515959A2A19999959495969A9C97
:10D84000A1A1A6A8A9ACA4A7C6C64F4F5A5BB5B75D
:10D85000BDBEC1C1C2C3C5C5C8C8CBCBCFCDD1D059
:10D86000D3D2D5D4D8D6DBD8DDDBE0DEE2DFE5E20B
:10D87000E9E64949FFFFFFFFFFFFFFFFFFFF5353AB
:10D8800058576060F5F25152FFFFFFFFFFFFFFFFA7
:10D89000FFFFFFFFFFFFFFFFFFFFFFFF5454545444
:10D8A000FEFBF3EFC8C66262FFFFFFFFFFFFFFFF53
:10D8B000FFFF989858575B5BF0ECEDEAECE7EBE77D
:10D8C000E9E6E6E3E6E2E3DF5A5BFFFFADAD585879
:10D8D0005150D6D3D0CECDCBCBC7C7C5C4C2C1BFA4
:10D8E000BEBB5453FFFFACAC58585352ABAAA3A2D3
:10D8F0009F9E9C9A9898929395949C9B5C5DCFCFA9
:10D9000058585151B1B4B1B4B4B6B4B7B8BBBBBC3C
:10D91000BEBFC2C25F61FFFFC5C558584F4FD6D5C5
:10D92000B9B96F70FFFFFFFFFFFFFFFFFFFFFFFFB2
:10D93000FFFFFFFFFFFFFFFFFFFFFFFFFFFFFFFFF7
:10D94000FFFF3F3F585857574848FFFFFFFDA0A033
:10D95000FFFFFFFFFFFFFFFFFFFFFFFFFFFFFFFFD7
:10D96000FFFFFFFFFFFFFFFFFFFFFFFFFFFFFFFFC7
:10D97000FFFFFFFFFFFFFFFFFFFFFFFFFFFFFFFFB7
:10D98000FFFFFFFF484A5A5CB2B1DBD7D8D4D5D1EC
:10D99000D0CDCDCAC9C7C7C4CDCB6264FFFFFFFFDE
:10D9A000FFFFFFFFFFFF5153595BA1A1999A949587
:10D9B00096969C9EA1A7A8AEACB3A7AFC6C64F5182
:10D9C0005B5DB7C2BEC8C1CBC3CCC5CEC8CFCBD1BF
:10D9D000CDD2D0D4D2D6D4D9D6D8D8DBDBDDDEDEDA
:10D9E000DFE0E2E0E6E4494DFFFFFFFFFFFFFFFF5E
:10D9F000FFFF535557596063F2EC5254FFFFFFFF8E
:10DA0000FFFFFFFFFFFFFFFFFFFFFFFFFFFFFFFF26
:10DA100054565456FBF4EFE9C6C46264FFFFFFFF9F
:10DA2000FFFFFFFFFFFF989957595B5EECE6EAE4C2
:10DA3000E7E2E7E2E6E0E3DEE2DEDFDC5B5BFFFF9E
:10DA4000ADB0585A5052D3D0CECACBC9C7C6C5C341
:10DA5000C2C0BFBEBBBA5355FFFFACAD585A5255FA
:10DA6000AAAAA2A39E9F9A9C9898939494969B9EF0
:10DA70005D5FCFD0585A5152B4BDB4BEB6C1B7C322
:10DA8000BBC6BCC6BFC9C2CB6162FFFFC5C5585A81
:10DA90004F50D5DAB9BD7071FFFFFFFFFFFFFFFFE9
:10DAA000FFFFFFFFFFFFFFFFFFFFFFFFFFFFFFFF86
:10DAB000FFFFFFFFFFFF3F42585A5759484CFFFBFB
:10DAC000FDF8A0A1FFFFFFFFFFFFFFFFFFFFFFFF2C
:10DAD000FFFFFFFFFFFFFFFFFFFFFFFFFFFFFFFF56
:10DAE000FFFFFFFFFFFFFFFFFFFFFFFFFFFFFFFF46
:10DAF000FFFFFFFFFFFFFFFF48485858B5B2DFDDCB
:10DB0000DDDADAD8D6D4D3D0D0CCCBC9D3D16262C7
:10DB1000FFFFFFFFFFFFFFFFFFFF5252595AA6A46E
:10DB20009E9D9899949395959C9CA2A3A6A8A3A327
:10DB3000C6C64F4F5A5BB2B5B9BABDBDC0C0C3C4AB
:10DB4000C6C5C8C8CCCCCECDD2D0D3D1D5D4D8D7E9
:10DB5000DCDADEDCE0DDE2E1E7E44949FFFFFFFF7C
:10DB6000FFFFFFFF959558585656D7D5F2EFD5D3FE
:10DB7000D4D4FFFFFFFFFFFF959A656D3F483F48F4
:10DB80003F48656D494E5454FEFBF4F0F3EFD0CEA0
:10DB90006262FFFFFFFFFFFFFFFF989858575B5B34
:10DBA000F2EEEEEAECE9EBE7EBE6EAE5E6E3E6E2E5
:10DBB0005A5AFFFFADAD58585150D8D7D3D0D0CD19
:10DBC000CCCAC9C7C7C5C4C2C1BF5354FFFFACACA0
:10DBD00058585252AEADA7A6A3A1A09F9C9B979761
:10DBE000939395955C5BCDCD58585151AFB0AEAF86
:10DBF000B2B3B4B6B5B8B8BBBABDBFC06061FFFFC1
:10DC0000C5C55858504FD2D2D0D07676C1C1FFFF8B
:10DC1000FFFFFFFFFFFFFFFFFFFFFFFFFFFFFFFF14
:10DC2000FFFFFFFFFFFFFFFF767658585857545409
:10DC3000FCF6F1EDFFFDA0A0FFFFFFFFFFFFFFFFE0
:10DC4000FFFFFFFFFFFFFFFFFFFFFFFFFFFFFFFFE4
:10DC5000FFFFFFFFFFFFFFFFFFFFFFFFFFFFFFFFD4
:10DC6000FFFFFFFFFFFFFFFFFFFFFFFF484A585A7C
:10DC7000B2B1DDD8DAD6D8D4D4D0D0CDCCC9C9C7CA
:10DC8000D1CD6264FFFFFFFFFFFFFFFFFFFF525494
:10DC90005A5CA4A69D9E9999939495979CA0A3A73E
:10DCA000A8AEA3AAC6C64F515B5DB5C0BAC6BDC972
:10DCB000C0CBC4CDC5CEC8CFCCD2CDD2D0D4D1D696
:10DCC000D4D9D7D9DADCDCDEDDDCE1E0E4E3494BB2
:10DCD000FFFFFFFFFFFFFFFF9597585A5658D5D219
:10DCE000EFE8D3CFD4D4FFFFFFFFFFFF9AE36DD659
:10DCF00048CC48CC48CC6DD64E975456FBF4F0EA4D
:10DD0000EFE9CECB6265FFFFFFFFFFFFFFFF9899B2
:10DD100057595B5EEEE8EAE5E9E3E7E2E6E1E5E0D4
:10DD2000E3DEE2DF5A5CFFFFADB0585A5052D7D263
:10DD3000D0CDCDCACAC8C7C4C5C2C2C0BFBE545563
:10DD4000FFFFACAD585A5254ADACA6A5A1A29F9E00
:10DD50009B9C9798939495975B5FCDCF585A51535E
:10DD6000B0B8AFBAB3BEB6C2B8C4BBC6BDC7C0CAEE
:10DD70006162FFFFC5C5585A4F51D2D7D0D57678CA
:10DD8000C1C2FFFFFFFFFFFFFFFFFFFFFFFFFFFF1E
:10DD9000FFFFFFFFFFFFFFFFFFFFFFFF7677585AF0
:10DDA00057595456F6F1EDE9FDF6A0A1FFFFFFFF2C
:10DDB000FFFFFFFFFFFFFFFFFFFFFFFFFFFFFFFF73
:10DDC000FFFFFFFFFFFFFFFFFFFFFFFFFFFFFFFF63
:10DDD000FFFFFFFFFFFFFFFFFFFFFFFFFFFFFFFF53
:10DDE0004A4A5858B5B6E3E0DFDDDDDAD9D7D6D4F4
:10DDF000D3D0CFCCD6D46261FFFFFFFFFFFFFFFF80
:10DE0000FFFF5353595AAAA9A2A19D9C9898949395
:10DE100097979D9CA3A29FA0C6C64F4F5A5BB1B3D4
:10DE2000B5B8B9BBBDBEC0C1C2C3C6C6C9C9CCCCDA
:10DE3000CFCFD2D0D4D1D6D5D8D7DCD9DEDCE0DE76
:10DE4000E6E34949FFFFFFFFFFFFFFFF494958583D
:10DE50004B4BFDF8F1EDFFFC4C4D8C913F483F489A
:10DE60003F483F483F483F483F483F483F483F487A
:10DE70003F48BBBCF4F0F3EFD0CE5F5FFFFFFFFF86
:10DE8000FFFF989858575B5BF3EEEFECEDEAECEA96
:10DE9000EBE7EBE5E8E5E6E45958FFFFABAB565698
:10DEA0004F50DBD8D5D3D3D0D0CDCCCACAC7C7C585
:10DEB000C4C25453FFFFACAC58585252B2AFAAA9D7
:10DEC000A7A6A2A19F9E9C9B979793925A5ABCBCCF
:10DED00058585251ABACABAEAFB1B1B4B2B6B5B8A5
:10DEE000B9BBBBBD6060FFFFC5C55858504FD0D00F
:10DEF000CDCDD4D34748FFFFFFFFFFFFFFFFFFFF5C
:10DF0000FFFFFFFFFFFFFFFFFFFFFFFFFFFFD4D477
:10DF1000585858585858B5B4EFECF2EDFFFCA0A093
:10DF2000FFFFFFFFFFFFFFFFFFFFFFFFFFFFFFFF01
:10DF3000FFFFFFFFFFFFFFFFFFFFFFFFFFFFFFFFF1
:10DF4000FFFFFFFFFFFFFFFFFFFFFFFFFFFFFFFFE1
:10DF5000FFFFFFFF4A4C585AB6B4E0DADDD8DAD5F5
:10DF6000D7D4D4D0D0CDCCC8D4D16164FFFFFFFFCB
:10DF7000FFFFFFFFFFFF53555A5CA9AAA1A29C9D7A
:10DF80009899939497989CA1A2A7A0A5C6C64F5113
:10DF90005B5DB3BFB8C4BBC6BEC8C1CBC3CCC6CE25
:10DFA000C9D0CCD2CFD4D0D4D1D7D5D9D7D9D9DC38
:10DFB000DCDDDEDEE3E2494BFFFFFFFFFFFFFFFF9B
:10DFC000494C585A4B4EF8F2EDE9FCF54D4F91E0B3
:10DFD00048CC48CC48CC48CC48CC48CC48CC48CCA1
:10DFE00048CC48CC48CCBCE1F0EAEFE9CECB5F614D
:10DFF000FFFFFFFFFFFF989957595B5EEEE8ECE6E5
:10E00000EAE4EAE3E7E2E5E0E5DFE4DF585AFFFFB0
:10E01000ABAC56585051D8D5D3CFD0CDCDCACAC845
:10E02000C7C5C5C2C2BF5356FFFFACAD585A525404
:10E03000AFB0A9A9A6A5A1A39E9E9B9C97989293D9
:10E040005A5DBCBD585A5153ACB3AEB4B1BBB4BFAA
:10E05000B6C3B8C5BBC6BDC76062FFFFC5C5585AC9
:10E060004F51D0D6CDD2D3D8484AFFFFFFFFFFFF94
:10E07000FFFFFFFFFFFFFFFFFFFFFFFFFFFFFFFFB0
:10E08000FFFFD4D5585A585A585AB4B2ECE7EDE7C6
:10E09000FCF6A0A1FFFFFFFFFFFFFFFFFFFFFFFF59
:10E0A000FFFFFFFFFFFFFFFFFFFFFFFFFFFFFFFF80
:10E0B000FFFFFFFFFFFFFFFFFFFFFFFFFFFFFFFF70
:10E0C000FFFFFFFFFFFFFFFF4A4A5858B5B5E5E1E4
:10E0D000E1DEDEDDDDD9D9D6D5D4D3CFDAD76261A2
:10E0E000FFFFFFFFFFFFFFFFFFFF5353595AAFAD85
:10E0F000A6A5A2A19E9D9897939298979B9E9A9A67
:10E10000C5C54949595AAFB1B5B7B6B8B9BBBDBE17
:10E11000C0C1C3C3C7C7C9C9CDCDCFCFD2D1D5D355
:10E12000D6D5D9D8DAD8DEDCE4E04949FFFFFFFFD5
:10E13000FFFFFDFD555556566C6DF2EDF2ECADAEA0
:10E140003F483F483F483F483F483F483F483F4897
:10E150003F483F483F483F483F483F48767AF4F0C1
:10E16000F3EFD0CE5A5AFFFFFFFF989858575B5BEA
:10E17000F3EFF1ECEFECECEAECE8EAE7EAE5E9E6EC
:10E180005757FFFF969656564E50DFDCD8D5D6D35C
:10E19000D3D0CFCCCCCACAC7C7C45454FFFFACAC91
:10E1A00058585353B4B3AFACAAA9A6A5A3A19F9E38
:10E1B0009B9B97985959BCBC58585152A8A9A8AADA
:10E1C000ABAEAFB2B1B5B5B7B5B8B8BB5F60FFFF26
:10E1D000C5C55858514FCDCDCBCBCECEDDDC373772
:10E1E000FFFFFFFFFFFFFFFFFFFFFFFFFFFFFFFF3F
:10E1F000FFFFFFFFFFFF5353585857596565F0EC79
:10E20000F0ECF0EDFFFBA0A0FFFFFFFFFFFFFFFF23
:10E21000FFFFFFFFFFFFFFFFFFFFFFFFFFFFFFFF0E
:10E22000FFFFFFFFFFFFFFFFFFFFFFFFFFFFFFFFFE
:10E23000FFFFFFFFFFFFFFFFFFFFFFFF4A4C585AA2
:10E24000B5B4E1DDDEDADDD7D9D5D6D3D4CFCFCCA6
:10E25000D7D46164FFFFFFFFFFFFFFFFFFFF5355B0
:10E260005A5CADADA5A6A1A19D9D97989293979854
:10E270009EA19A9FC5C6494B5A5CB1BBB7C2B8C4F0
:10E28000BBC6BEC9C1CAC3CCC7CFC9D0CDD3CFD4FA
:10E29000D1D4D3D7D5D9D8DAD8DBDCDEE0E0494B0E
:10E2A000FFFFFFFFFFFFFDFC555756586D6FEDE870
:10E2B000ECE8AEDF48CC48CC48CC48CC48CC48CC85
:10E2C00048CC48CC48CC48CC48CC48CC48CC48CCAE
:10E2D0007AD5F0EAEFE9CECB5A5BFFFFFFFF9899C2
:10E2E00057595B5EEFEAECE5ECE6EAE4E8E3E7E2E7
:10E2F000E5E0E6DF5758FFFF969856585051DCD8B6
:10E30000D5D2D3D0D0CDCCCACAC8C7C4C4C2545544
:10E31000FFFFACAD585A5354B3B3ACACA9A9A5A6F2
:10E32000A1A29E9E9B9B9897595DBCBD585A525383
:10E33000A9AFAAB0AEB6B2BBB5BFB7C3B8C5BBC76D
:10E340006062FFFFC5C5585A4F51CDD4CBD1CED254
:10E35000DCE13739FFFFFFFFFFFFFFFFFFFFFFFF9C
:10E36000FFFFFFFFFFFFFFFFFFFF5355585A595BA9
:10E370006567ECE7ECE7EDE8FBF5A0A1FFFFFFFF29
:10E38000FFFFFFFFFFFFFFFFFFFFFFFFFFFFFFFF9D
:10E39000FFFFFFFFFFFFFFFFFFFFFFFFFFFFFFFF8D
:10E3A000FFFFFFFFFFFFFFFFFFFFFFFFFFFFFFFF7D
:10E3B0004A4A5858B8B6E6E3E4E1E2DFDFDDDCD9EB
:10E3C000D9D6D5D4DEDB6161FFFFFFFFFFFFFFFF82
:10E3D000FFFF5353595AB3B2AAA9A6A5A2A29D9C66
:10E3E0009797929298989696B8B8FFFF57576A6B8E
:10E3F0006A6B6C6C6E6E6A69C2C3C1C2C3C4C6C6A6
:10E40000CACACCCCCFCFD2D0A09F737474737374AC
:10E4100075754747FFFFFFFFFFFF8787585857571E
:10E42000E2DFF0ECC7C63F483F483F483F483F481F
:10E430003F483F483F483F483F483F483F483F48A4
:10E440003F483F483F489093F4F0F3EFDAD85959EA
:10E45000FFFF989858575C5CF3F0F1ECF1EBEFECB0
:10E46000EDEBECE9E9E7EBE75856FFFF96965656D9
:10E47000504EE0DCDBD9D9D5D4D3D2CFCFCCCACA69
:10E48000C9C65454FFFFACAC58585353B7B7B1B0DA
:10E49000ADACAAA8A6A5A3A19E9D9B9A595ABCBCA7
:10E4A00058585252A4A5A5A6A9A9ACAFAEB2B2B510
:10E4B000B4B7B6B95F5FFFFFC5C55858514FCACA58
:10E4C000C9C9CCCCCECEDBD93F3FFFFFFFFFFFFF5A
:10E4D000FFFFFFFFFFFFFFFFFFFFFFFF454558580E
:10E4E00057574343F3F0EEEBF0ECF0ECFEFBA0A04B
:10E4F000FFFFFFFFFFFFFFFFFFFFFFFFFFFFFFFF2C
:10E50000FFFFFFFFFFFFFFFFFFFFFFFFFFFFFFFF1B
:10E51000FFFFFFFFFFFFFFFFFFFFFFFFFFFFFFFF0B
:10E52000FFFFFFFF4A4C585AB6B5E3DEE1DEDFDA03
:10E53000DDD8D9D5D6D3D4CFDBD76164FFFFFFFFB9
:10E54000FFFFFFFFFFFF53555A5CB2B2A9A9A5A573
:10E55000A2A19C9D97989293989A9699B8B9FFFF1B
:10E5600057596B6E6B6F6C706E72696DC3CFC2CA98
:10E57000C4CCC6CECAD0CCD2CFD4D0D39FA37475CE
:10E580007375747575774749FFFFFFFFFFFF878736
:10E59000585A5759DFDDECE7C6E148CC48CC48CCA7
:10E5A00048CC48CC48CC48CC48CC48CC48CC48CCCB
:10E5B00048CC48CC48CC48CC48CC93DAF0EAEFE9D8
:10E5C000D8D4595BFFFF989957595C5DF0E9ECE8A6
:10E5D000EBE5ECE6EBE4E9E3E7E2E7E25659FFFFBF
:10E5E000969856584E52DCD8D9D5D5D3D3CECFCC69
:10E5F000CCC9CAC8C6C55457FFFFACAD585A53550D
:10E60000B7B6B0B0ACADA8A9A5A6A1A29D9E9A9A96
:10E610005A5CBCBD585A5254A5A8A6ACA9B1AFB714
:10E62000B2BCB5C0B7C3B9C55F63FFFFC5C5585A13
:10E630004F51CAD3C9CFCCD2CED2D9DF3F42FFFF90
:10E64000FFFFFFFFFFFFFFFFFFFFFFFFFFFFFFFFDA
:10E650004547585A57594346F0ECEBE7ECE7ECE7EF
:10E66000FBF5A0A1FFFFFFFFFFFFFFFFFFFFFFFF85
:10E67000FFFFFFFFFFFFFFFFFFFFFFFFFFFFFFFFAA
:10E68000FFFFFFFFFFFFFFFFFFFFFFFFFFFFFFFF9A
:10E69000FFFFFFFFFFFFFFFF4A4A5858B9B8E9E5FF
:10E6A000E6E2E4E2E2DFDFDDDDDAD8D5E2DF616178
:10E6B000FFFFFFFFFFFFFFFFFFFF5353595AB6B5A0
:10E6C000AEADAAA9A6A5A2A19C9A98979292919064
:10E6D000B8B8FFFFFFFFFFFFFFFFF8F85757515192
:10E6E000C1C2BEBEC1C1C4C3C7C7CACACCCDCFCECA
:10E6F0008D8DFFFFFFFFFFFFFFFFFFFFFFFFFFFF0E
:10E70000FFFF48485858494AF6F2EEEB86893F48E1
:10E710003F483F483F483F483F483F483F483F48C1
:10E720003F483F483F483F483F483F483F483F48B1
:10E73000F4F0F4F0F3EFDAD85454A0A058575F6027
:10E74000F4F0F1EDF1ECF1ECEFECECEAECE8EBE9F4
:10E750005857FFFF969656564F4FE1E0DDDADBD86B
:10E76000D9D6D4D3D3D0CFCCCBCA5554FFFFACAC81
:10E7700058585151BCBAB4B4B0AFAEADAAA8A6A512
:10E78000A3A1A09F5555BCBC585853539F9FA1A20D
:10E79000A5A7A8ABADAFB0B2B2B4B3B75E5FFFFF91
:10E7A000C5C558585150C9C9C6C6C9C9CBCBCDCDAE
:10E7B000B0B07A7AFFFFFFFFFFFFFFFFFFFFFFFF11
:10E7C000FFFF4040585857574848FDFAECE9EDEA3A
:10E7D000EDEBF0ECFEFAA0A0FFFFFFFFFFFFFFFF55
:10E7E000FFFFFFFFFFFFFFFFFFFFFFFFFFFFFFFF39
:10E7F000FFFFFFFFFFFFFFFFFFFFFFFFFFFFFFFF29
:10E80000FFFFFFFFFFFFFFFFFFFFFFFF4A4C585ACC
:10E81000B8B7E5E0E2DDE2DEDFDADDD8DAD6D5D280
:10E82000DFDB6164FFFFFFFFFFFFFFFFFFFF5355CB
:10E830005A5CB5B6ADADA9A9A5A5A1A19A9C97981A
:10E8400092939093B8B9FFFFFFFFFFFFFFFFF8F827
:10E8500057595152C2CEBEC9C1CAC3CCC7CFCACF05
:10E86000CDD2CED38D90FFFFFFFFFFFFFFFFFFFF55
:10E87000FFFFFFFFFFFF484B585A4A4CF2EEEBE711
:10E8800089D648CC48CC48CC48CC48CC48CC48CC9D
:10E8900048CC48CC48CC48CC48CC48CC48CC48CCD8
:10E8A00048CC48CCF0EAF0EAEFE9D8D45456A0A11D
:10E8B00057596062F0EAEDE7ECE8ECE5ECE6EAE4F3
:10E8C000E8E3E9E45759FFFF969856584F52E0DBCA
:10E8D000DAD7D8D4D6D3D3CED0CDCCC9CAC8545623
:10E8E000FFFFACAD585A5155BAB9B4B2AFB0ADADE7
:10E8F000A8A9A5A5A1A29F9E5557BCBD585A53557E
:10E900009FA3A2A6A7ABABB2AFB6B2BCB4BFB7C30E
:10E910005F63FFFFC5C5585A5051C9D1C6CFC9CE94
:10E92000CBD1CDD2B0B57A7BFFFFFFFFFFFFFFFF5A
:10E93000FFFFFFFFFFFF4042585A5759484BFAF775
:10E94000E9E6EAE6EBE7ECE7FAF4A0A1FFFFFFFF58
:10E95000FFFFFFFFFFFFFFFFFFFFFFFFFFFFFFFFC7
:10E96000FFFFFFFFFFFFFFFFFFFFFFFFFFFFFFFFB7
:10E97000FFFFFFFFFFFFFFFFFFFFFFFFFFFFFFFFA7
:10E980004A4A5858BAB8EAE6E9E5E6E3E4E2E3DFE2
:10E99000DFDDDDD9E6E26161FFFFFFFFFFFFFFFF83
:10E9A000FFFF5353595ABBBAB3B2B0ADAAA9A6A63A
:10E9B000A1A09C9B97978A8DB8B8FFFFFFFFFFFF30
:10E9C000FFFFEBEB57575151BDC0BABBBEBFC1C132
:10E9D000C4C4C7C7CACACCCC8C8DF7F7FFFFFFFFF2
:10E9E000FFFFFFFFFFFFFFFFF0F0565657578182F2
:10E9F000EAE7ECE885893F483F483F483F486E7565
:10EA0000B6B9FFFFFFFF8C913F483F483F483F4862
:10EA10003F483F483F483F48AFB0F4F0F4F0F3EFD1
:10EA2000DCD94F4F57576261F3EFF3EFF0EDF1ECA4
:10EA3000F1EBEFECEDEBEDEA5857FFFF96965656EB
:10EA40004F4FE5E2DFDDDEDBDBD8D9D5D5D4D3D03F
:10EA5000D0CD5455FFFFACAC58585252BFBEB7B7DB
:10EA6000B4B3B1B1ADABA9A9A5A4A3A25353BCBC87
:10EA7000585852539A9A9C9CA1A2A6A7AAABACAE96
:10EA8000B0B2B2B65F60FFFFC5C558585150C6C797
:10EA9000C3C4C6C6C8C8CBCBCECE7272CBCBFFFF29
:10EAA000FFFFFFFFFFFFFFFF7D7D5858575855556B
:10EAB000F2EFE7E4E9E6ECE9ECE8EDEAFDFAA0A024
:10EAC000FFFFFFFFFFFFFFFFFFFFFFFFFFFFFFFF56
:10EAD000FFFFFFFFFFFFFFFFFFFFFFFFFFFFFFFF46
:10EAE000FFFFFFFFFFFFFFFFFFFFFFFFFFFFFFFF36
:10EAF000FFFFFFFF4A4C585AB8B7E6E1E5E0E3DE16
:10EB0000E2DEDFD9DDD7D9D5E2DE6164FFFFFFFFAA
:10EB1000FFFFFFFFFFFF53555A5CBAB9B2B2ADAD6C
:10EB2000A9A9A6A5A0A09B9C97988D8EB8B9FFFF18
:10EB3000FFFFFFFFFFFFEBEA57595152C0CCBBC6A6
:10EB4000BFC9C1C9C4CCC7CECAD0CCD28D8FF7F74C
:10EB5000FFFFFFFFFFFFFFFFFFFFFFFFF0F0565932
:10EB600057598283E7E4E8E689D648CC48CC48CCBC
:10EB700048CC75D9B9ECFFFFFFFF91E048CC48CCF9
:10EB800048CC48CC48CC48CC48CC48CCB0DFF0EAA4
:10EB9000F0EAEFE9D9D54F5157596164EFE9EFE950
:10EBA000EDE7ECE8EBE5ECE6EBE4EAE45759FFFFD0
:10EBB000969856584F52E2DDDDD8DBD7D8D4D5D35E
:10EBC000D4CFD0CDCDC95556FFFFACAD585A525415
:10EBD000BEBDB7B6B3B2B1B1ABACA9A8A4A5A2A350
:10EBE0005355BCBD585A53559A9C9CA0A2A6A7AD9C
:10EBF000ABB2AEB7B2BCB6C16062FFFFC5C5585A72
:10EC00005051C7CFC4CCC6CEC8D0CBD1CED27274EF
:10EC1000CBCDFFFFFFFFFFFFFFFFFFFF7D7F585AB8
:10EC2000585A5557EFEDE4E3E6E3E9E6E8E6EAE7AC
:10EC3000FAF4A0A1FFFFFFFFFFFFFFFFFFFFFFFFB1
:10EC4000FFFFFFFFFFFFFFFFFFFFFFFFFFFFFFFFD4
:10EC5000FFFFFFFFFFFFFFFFFFFFFFFFFFFFFFFFC4
:10EC6000FFFFFFFFFFFFFFFF4A4A5858BAB9EBE723
:10EC7000EBE7E7E5E6E3E4E1E2DFDFDCEAE560605D
:10EC8000FFFFFFFFFFFFFFFFFFFF5353595ABFBDB9
:10EC9000B7B5B2B1AEADAAA9A4A4A0A09B9A908F1B
:10ECA000B6B6FFFFFFFFFFFFFFFFEBEB57575151DA
:10ECB000BCBEB5B9BABCBDBEC0C2C4C3C7C7CACA50
:10ECC0008C8CF7F7FFFFFFFFFFFFFFFFFFFFFFFF4A
:10ECD0006C6C58585656E9E7E9E6EBE884883F48FB
:10ECE0003F488287ADADFFFFFFFFFFFFFFFFFFFF44
:10ECF000FFFF3F483F483F483F483F483F483F4865
:10ED00006B71F4F0F4F0F4F0F3EFE7E55251626167
:10ED1000F5F1F3EFF3EFEFEDF1ECF1EBF0ECEEECFE
:10ED20005858FFFF969656564F4FE7E4E2DFDFDD77
:10ED3000DEDBDAD8D8D4D5D3D4D15454FFFFACAC71
:10ED400058585252C2BFBCBAB8B6B5B3B0B0ADACE9
:10ED5000A9A8A7A65353BCBC58585353949398984A
:10ED60009C9DA1A3A6A7A9ABADAFB0B25F5FFFFF0B
:10ED7000C5C558584F4FC3C4C2C2C4C5C6C6C9C909
:10ED8000CBCBD3D24545FFFFFFFFFFFFFFFFD0D026
:10ED9000585858585858B3B3E5E1E6E3E7E4E9E6D4
:10EDA000EBE9ECE9FCF9A0A0FFFFFFFFFFFFFFFF8D
:10EDB000FFFFFFFFFFFFFFFFFFFFFFFFFFFFFFFF63
:10EDC000FFFFFFFFFFFFFFFFFFFFFFFFFFFFFFFF53
:10EDD000FFFFFFFFFFFFFFFFFFFFFFFF4A4C585AF7
:10EDE000B9B7E7E2E7E2E5DFE3DEE1DEDFDADCD870
:10EDF000E5E06062FFFFFFFFFFFFFFFFFFFF5355EE
:10EE00005A5CBDBCB5B5B1B1ADADA9A9A4A4A09FD4
:10EE10009A9B8F90B6B7FFFFFFFFFFFFFFFFEBEA64
:10EE200057595152BECAB9C4BCC6BEC8C2C9C3CB69
:10EE3000C7CECAD08C8FF7F7FFFFFFFFFFFFFFFFA2
:10EE4000FFFFFFFF6C6F585A5658E7E4E6E3E8E52A
:10EE500088D648CC48CC87D4ADAEFFFFFFFFFFFF7C
:10EE6000FFFFFFFFFFFF48CC48CC48CC48CC48CC44
:10EE700048CC48CC71D4F0EAF0EAF0EAEFE9E5DFFB
:10EE800051546164F1EBEFE9EFE9EDE7ECE8EBE514
:10EE9000ECE6ECE55858FFFF969856584F51E4E0E1
:10EEA000DFDBDDD9DBD7D8D4D4D2D3CFD1CE545603
:10EEB000FFFFACAD585A5254BFBEBAB9B6B6B3B2E2
:10EEC000B0B0ACACA8A8A6A65355BCBD585A535573
:10EED000939498999DA0A3A8A7ADABB2AFB7B2BCCD
:10EEE0005F62FFFFC5C5585A4F51C4CFC2CAC5CCD7
:10EEF000C6CEC9CFCBD1D2D74547FFFFFFFFFFFF1B
:10EF0000FFFFD0D1585A585A585AB3B3E1E0E3E161
:10EF1000E4E3E6E3E9E6E9E5F9F4A0A1FFFFFFFF9A
:10EF2000FFFFFFFFFFFFFFFFFFFFFFFFFFFFFFFFF1
:10EF3000FFFFFFFFFFFFFFFFFFFFFFFFFFFFFFFFE1
:10EF4000FFFFFFFFFFFFFFFFFFFFFFFFFFFFFFFFD1
:10EF50004A4A5858BABAEDEAECE7EBE7E8E5E6E3E7
:10EF6000E4E1E1DEEDE97272FFFFFFFFFFFFFFFF6B
:10EF7000FFFF5353595AC2C1BAB8B6B5B1B1AEAD1D
:10EF8000A9A7A4A4A09F9392D7D7FFFFFFFFFFFFDD
:10EF9000FFFFEBEB57575151B9BCB4B8B7B9BBBC85
:10EFA000BFC0C2C2C4C5C7C78B8CF7F7FFFFFFFF46
:10EFB000FFFFFFFFFFFFFFFF4B4B58584949EBE8AE
:10EFC000E7E4E8E6C3C35058EDEAF9F43C3DFFFF3F
:10EFD000FFFFFFFFFFFFFFFFFFFFD2D43F483F4887
:10EFE0003F483F483F483F48636AF4F0F4F0F4F08C
:10EFF000F4F0F3EFE8E55C5CF5F1F4F0F3EFF3EF38
:10F00000EFEDF1ECF1EBF0EC5757FFFF969656560B
:10F010004F4FEAE5E4E1E2DFDFDDDEDBDBD8D8D429
:10F02000D5D35555FFFFACAC58585252C5C2BEBCE3
:10F03000BBB9B8B7B4B3B0B1ADACAAA95253BCBC5C
:10F0400058585353979792929A989D9EA2A3A6A719
:10F05000A9AAAEAF5C5DFFFFB5B558584F4FC1C10F
:10F06000BFC0C1C2C4C4C7C7C9C9CCCCDBDB383739
:10F07000FFFFFFFFFFFF535358585858696AE2DFFC
:10F08000E3E0E4E2E6E3E8E5E8E7EBE8FBF8A0A08C
:10F09000FFFFFFFFFFFFFFFFFFFFFFFFFFFFFFFF80
:10F0A000FFFFFFFFFFFFFFFFFFFFFFFFFFFFFFFF70
:10F0B000FFFFFFFFFFFFFFFFFFFFFFFFFFFFFFFF60
:10F0C000FFFFFFFF4A4C585ABAB9EAE4E7E3E7E228
:10F0D000E5E0E3DEE1DCDEDAE9E37274FFFFFFFF87
:10F0E000FFFFFFFFFFFF53555A5CC1BEB8B7B5B471
:10F0F000B1B1ADADA7A7A4A39F9F9294D7D8FFFFAE
:10F10000FFFFFFFFFFFFEBEA57595153BCC8B8C3DD
:10F11000B9C5BCC6C0C9C2CBC5CCC7CE8C8EF7F7AB
:10F12000FFFFFFFFFFFFFFFFFFFFFFFF4B4D585AA1
:10F13000494BE8E7E4E2E6E2C3DF58CEEAE7F4EF62
:10F140003D3FFFFFFFFFFFFFFFFFFFFFFFFFD4F388
:10F1500048CC48CC48CC48CC48CC48CC6AD2F0EA21
:10F16000F0EAF0EAF0EAEFE9E5E15C5FF1EBF0EA02
:10F17000EFE9EFE9EDE7ECE7EBE5ECE75758FFFFE8
:10F18000969856584F50E5DFE1DCDFDADDD8DBD763
:10F19000D8D4D4D2D3CE5557FFFFACAD585A525421
:10F1A000C2C2BCBBB9B9B7B6B3B2B1B0ACACA9A915
:10F1B0005355BCBD585A535597989293989A9EA20E
:10F1C000A3A8A7AEAAB2AFB95D5FFFFFB5B7585A03
:10F1D0004F50C1CDC0CAC2CAC4CCC7CFC9CFCCD290
:10F1E000DBE1373AFFFFFFFFFFFF5355585A585AEC
:10F1F0006A6BDFDFE0DFE2E1E3E1E5E2E7E4E8E6D6
:10F20000F8F3A0A1FFFFFFFFFFFFFFFFFFFFFFFFDE
:10F21000FFFFFFFFFFFFFFFFFFFFFFFFFFFFFFFFFE
:10F22000FFFFFFFFFFFFFFFFFFFFFFFFFFFFFFFFEE
:10F23000FFFFFFFFFFFFFFFF4A4A5858BCBAEFEB42
:10F24000EDEAEBE7EAE5E7E4E6E3E3E0EDEB717135
:10F25000FFFFFFFFFFFFFFFFFFFF5353595AC7C5D3
:10F26000BEBCBAB8B6B5B2B1ADACA9A8A4A39798C4
:10F27000D6D6FFFFFFFFFFFFFFFFEBEB57575151C4
:10F28000B6B8B3B5B4B7B7BABBBCBFBFC2C2C4C3CC
:10F290008989F7F7FFFFFFFFFFFFFFFFFFFFDEDEBC
:10F2A000575757579291E3E0E6E3E7E4E8E6EBE8E7
:10F2B000ECE8EEEA7D7DFFFFFFFFFFFFFFFFFFFFB2
:10F2C000FFFFFFFF3F483F483F483F483F483F4818
:10F2D000636AF4F0F4F0F4F0F4F0F4F0F3EFEBE838
:10F2E000F4F0F4F0F4F0F3EFF3EFF0EDF1ECF2EC16
:10F2F0005353FFFF969656564E4FEBE8E7E2E4E194
:10F30000E1DFDFDDDDD9DAD8D8D55353FFFF9D9D8E
:10F3100058585152C9C7C1BFBEBCBBB9B8B6B4B3C7
:10F32000B0AFADAC5353BCBC585853539C9B96954F
:10F3300091929B9A9D9EA3A4A7A7AAAB5C5CFFFF9A
:10F34000B5B558584F4FBEBFBCBDC0C1C1C2C4C582
:10F35000C7C6CACACCCCD8D84141FFFF444458588C
:10F3600058584545E2E0DFDEE2DFE3E0E5E2E6E3D0
:10F37000E8E5EAE6FAF7A7A7FFFFFFFFFFFFFFFFB9
:10F38000FFFFFFFFFFFFFFFFFFFFFFFFFFFFFFFF8D
:10F39000FFFFFFFFFFFFFFFFFFFFFFFFFFFFFFFF7D
:10F3A000FFFFFFFFFFFFFFFFFFFFFFFF4A4C585A21
:10F3B000BAB9EBE6EAE4E7E2E5E0E4DFE3DEE0DC6D
:10F3C000EBE57173FFFFFFFFFFFFFFFFFFFF5355EB
:10F3D0005A5CC5C3BCBBB8B7B5B4B1B1ACACA8A797
:10F3E000A3A39897D6D7FFFFFFFFFFFFFFFFEBEA2E
:10F3F00057595153B8C3B5C0B7C4BAC6BCC7BFC9C3
:10F40000C2CBC3CB898DF7F7FFFFFFFFFFFFFFFFE5
:10F41000FFFFDEDF575957599193E0DFE3E2E4E263
:10F42000E6E3E8E5E8E6EAE77D7EFFFFFFFFFFFFB2
:10F43000FFFFFFFFFFFFFFFF48CC48CC48CC48CC84
:10F4400048CC48CC6AD2F0EAF0EAF0EAF0EAF0EA16
:10F45000EFE9E8E4F0EAF0EAF0EAEFE9EFE9EDE7F6
:10F46000ECE7ECE65356FFFF969856584F52E8E209
:10F47000E2DDE1DDDFD9DDD8D9D5D8D4D5D25354FA
:10F48000FFFF9D9E585A5254C7C4BFBFBCBBB9B9F9
:10F49000B6B6B3B2AFAFACAD5356BCBD585A535568
:10F4A0009B9C959592939A9C9EA2A4A7A7AEABB461
:10F4B0005C5FFFFFB5B6585A4F50BFCBBDC8C1CA3D
:10F4C000C2CAC5CDC6CECAD0CCD2D8DE4144FFFF19
:10F4D0004446585A585A4548E0E2DEDDDFE0E0DFB6
:10F4E000E2E1E3E1E5E2E6E3F7F3A7A9FFFFFFFFCF
:10F4F000FFFFFFFFFFFFFFFFFFFFFFFFFFFFFFFF1C
:10F50000FFFFFFFFFFFFFFFFFFFFFFFFFFFFFFFF0B
:10F51000FFFFFFFFFFFFFFFFFFFFFFFFFFFFFFFFFB
:10F520004A4A5858BAB9F1EAEFEAEDEAEBE7EAE6F7
:10F53000E7E4E7E1F1ED7171FFFFFFFFFFFFFFFF80
:10F54000FFFF5353595ACAC7C2BFBEBCB9B9B5B4FD
:10F55000B1AFACABA9A79C9BD7D7FFFFFFFFFFFFC5
:10F56000FFFFEBEB57575252B2B5B0B2B4B5B5B7D7
:10F57000B8BABBBDBFC0C1C28889F6F6FFFFFFFFA6
:10F58000FFFFFFFFFFFF626258585455E5E3E1DEDD
:10F59000E4E1E5E3E7E4E8E6ECE9ECEAEFEB9F9F82
:10F5A000FFFFFFFFFFFFFFFFFFFFF6F63F483F486B
:10F5B0003F483F483F483F48888BF4F0F4F0F4F070
:10F5C000F4F0F4F0F4F0F4F0F4F0F4F0F4F0F4F01B
:10F5D000F3EFF3EFEFEDF2EE5353FFFF969656562F
:10F5E0004E4FECE8E7E4E7E3E3E0E2DFDFDDDCD920
:10F5F000DAD95253FFFF9D9D58585151CBC9C5C30D
:10F60000C0BEBEBCBAB8B7B6B4B2B0B05353BCBC3F
:10F6100058585252A09F9999949593929B9A9F9F64
:10F62000A3A4A8A95C5DFFFFB5B558584F4FBBBD5B
:10F63000B9BCBDBEBFC0C1C3C4C4C7C7CACACDCD93
:10F64000ABAB4747585857574A4BECEADCD9DEDC9E
:10F65000DFDEE1DFE3E0E5E2E7E3E7E4F8F4B3B2BD
:10F66000FFFFFFFFFFFFFFFFFFFFFFFFFFFFFFFFAA
:10F67000FFFFFFFFFFFFFFFFFFFFFFFFFFFFFFFF9A
:10F68000FFFFFFFFFFFFFFFFFFFFFFFFFFFFFFFF8A
:10F69000FFFFFFFF4A4C585AB9B8EAE4EAE6EAE449
:10F6A000E7E2E6E1E4DEE1DDEDE87173FFFFFFFF95
:10F6B000FFFFFFFFFFFF53555A5CC7C6BFBEBCBA72
:10F6C000B9B7B4B4AFAFABABA7A79B9CD7D8FFFF7C
:10F6D000FFFFFFFFFFFFEBEA57595253B5BEB2BD24
:10F6E000B5C1B7C3BAC5BDC7C0C9C2CB898DF6F60F
:10F6F000FFFFFFFFFFFFFFFFFFFF6264585A5557F0
:10F70000E3E3DEDFE1DFE3E2E4E3E6E3E9E6EAE5C3
:10F71000EBE89FA0FFFFFFFFFFFFFFFFFFFFF6F6F5
:10F7200048CC48CC48CC48CC48CC48CC8BD8F0EA24
:10F73000F0EAF0EAF0EAF0EAF0EAF0EAF0EAF0EAF9
:10F74000F0EAF0EAEFE9EFE9EDE7EEE85356FFFF04
:10F75000969856584F51E8E3E4DFE3DDE0DCDFD96B
:10F76000DDD8D9D5D9D55355FFFF9D9E585A515450
:10F77000C9C5C3C0BEBEBCBBB8B9B6B5B2B2B0B0E5
:10F780005355BCBD585A52559FA09999959692943D
:10F790009A9B9FA3A4A8A9AF5D5EFFFFB5B6585A78
:10F7A0004F50BDCABCC6BEC8C0CBC3CCC4CCC7CEEC
:10F7B000CAD0CDD3ABB0474A585A57594B4DEAED52
:10F7C000D9DBDCDDDEDDDFE0E0DFE2E2E3E1E4E245
:10F7D000F4F0B2B3FFFFFFFFFFFFFFFFFFFFFFFFEC
:10F7E000FFFFFFFFFFFFFFFFFFFFFFFFFFFFFFFF29
:10F7F000FFFFFFFFFFFFFFFFFFFFFFFFFFFFFFFF19
:10F80000FFFFFFFFFFFFFFFF4A4A5858D5D3F1EC37
:10F81000F0EBEDEAEDE9E9E7E9E5E6E3F5F0717132
:10F82000FFFFFFFFFFFFFFFFFFFF53535859CFCCF0
:10F83000C5C3C1C0BDBBB9B8B4B3B0AFACAB9F9E7C
:10F84000D6D6FFFFFFFFFFFFFFFFEBEB57575151EE
:10F85000AEB0ACAFB2B4B3B5B3B7B8BABCBCBFC04E
:10F860008788FBFBFFFFFFFFFFFFFFFFFFFF4D4D03
:10F8700058584C4CE0DEDFDDE1DEE4E1E6E3E7E4AE
:10F88000E9E6EBE9F3F03C3CFFFFFFFFFFFFFFFF82
:10F89000FFFFB0B33F483F483F483F483F483F48DD
:10F8A000F3F0F4F0F4F0F4F0F4F0F4F0F4F0F4F039
:10F8B000F4F0F4F0F4F0F4F0F3EFF3EFF3EFF1EE33
:10F8C0005454FFFF969656564E4EEEE9E9E5E7E4AE
:10F8D000E7E2E3E0E1DEDEDDDCD95352FFFF9D9D90
:10F8E00058585151CFCBC7C5C4C2C1BFBEBBBBB8AE
:10F8F000B7B6B4B35353BCBC58585151A3A29D9C46
:10F900009898949293939A9A9F9FA3A55C5DFFFF0A
:10F91000B5B55858504FB8BAB7B9BABCBDBDC0C1DB
:10F92000C1C3C5C4C8C8C9C9CDCD6A6A58585454E2
:10F93000DFDED6D6DAD8DBD9DEDCE0DEE2DFE4E1FA
:10F94000E5E3E7E4F7F3B3B3FFFFFFFFFFFFFFFFDC
:10F95000FFFFFFFFFFFFFFFFFFFFFFFFFFFFFFFFB7
:10F96000FFFFFFFFFFFFFFFFFFFFFFFFFFFFFFFFA7
:10F97000FFFFFFFFFFFFFFFFFFFFFFFF4A4C585A4B
:10F98000D3D0ECE7EBE5EAE5E9E4E7E2E5E0E3DE46
:10F99000F0EA7172FFFFFFFFFFFFFFFFFFFF53550C
:10F9A000595BCCCAC3C1C0BEBBBAB8B8B3B3AFB061
:10F9B000ABAB9E9FD6D8FFFFFFFFFFFFFFFFEBEA39
:10F9C00057595153B0B8AFB7B4BEB5C1B7C4BAC632
:10F9D000BCC8C0CA888BFBFBFFFFFFFFFFFFFFFF18
:10F9E000FFFF4D4F585A4C4EDEE0DDDDDEE0E1E03A
:10F9F000E3E2E4E2E6E3E9E6F0EC3C3EFFFFFFFF92
:10FA0000FFFFFFFFFFFFB3E648CC48CC48CC48CC13
:10FA100048CC48CCF0EAF0EAF0EAF0EAF0EAF0EAA2
:10FA2000F0EAF0EAF0EAF0EAF0EAF0EAEFE9EFE90A
:10FA3000EFE9EEE85456FFFF969856584E51E9E428
:10FA4000E5E0E4DFE2DDE0DBDEDADDD8D9D65255F1
:10FA5000FFFF9D9E585A5153CBC9C5C2C2C0BFBEFD
:10FA6000BBBAB8B8B6B5B3B15355BCBD585A51536B
:10FA7000A2A29C9D9899929493949A9D9FA3A5AAC3
:10FA80005D5FFFFFB5B6585A4F51BAC7B9C5BCC67E
:10FA9000BDC9C1CBC3CDC4CCC8CEC9CFCDD36A6D8F
:10FAA000585A5456DEE1D6D8D8DBD9DBDCDDDEDDB2
:10FAB000DFE0E1E0E3E2E4E2F3EFB3B4FFFFFFFFF6
:10FAC000FFFFFFFFFFFFFFFFFFFFFFFFFFFFFFFF46
:10FAD000FFFFFFFFFFFFFFFFFFFFFFFFFFFFFFFF36
:10FAE000FFFFFFFFFFFFFFFFFFFFFFFFFFFFFFFF26
:10FAF0004A4A5858D6D4F0EEF1ECF0ECEDEAECE8D6
:10FB0000EAE7E9E5F5F27171FFFFFFFFFFFFFFFF95
:10FB1000FFFF53535859D1D0C9C7C6C3C1C0BEBBDC
:10FB2000B9B8B4B3B1AFA3A1D6D6FFFFFFFFFFFFB3
:10FB3000FFFFEBEB57575251AAABA8AAADB0B0B23A
:10FB4000B4B6B5B8B8BBBBBD8686FBFBFFFFFFFFF5
:10FB5000FFFFFFFFCFCF57575758A3A3DBD8DDDBFD
:10FB6000DFDCE1DFE4E1E5E3E7E4E9E6EBE98B8C08
:10FB7000FFFFFFFFFFFFFFFFFFFF3F483F483F48FA
:10FB80003F483F483F483F48F3EEF4F0F4F0F4F0CC
:10FB9000F4F0F4F0F4F0F4F0F4F0F4F0F4F0F4F045
:10FBA000F4F0F4F0F3EFF4F05453FFFF969656564A
:10FBB0005454EFEBEBE6E8E5E6E3E6E1E3E0E1DE13
:10FBC000E1DE5353FFFF9D9D58585151D1CDCBC716
:10FBD000C7C5C5C3C1C0BEBABAB9B8B65252BCBC1B
:10FBE00058585251A7A5A1A09D9C9897959394947D
:10FBF0009A9A9E9F5B5CFFFFB5B55858504FB7B9B6
:10FC0000B5B6B6B9B9BCBEBFC0C1C1C2C5C4C7C70D
:10FC1000CACAD1D14647ACACD4D2D5D3D6D6DAD71E
:10FC2000DBD9DDDBE0DEE2DFE3E0E4E3F4F1B3B314
:10FC3000FFFFFFFFFFFFFFFFFFFFFFFFFFFFFFFFD4
:10FC4000FFFFFFFFFFFFFFFFFFFFFFFFFFFFFFFFC4
:10FC5000FFFFFFFFFFFFFFFFFFFFFFFFFFFFFFFFB4
:10FC6000FFFFFFFF4A4C585AD4CFEEE7ECE7ECE633
:10FC7000EAE4E8E3E7E2E5E0F2EB7172FFFFFFFFA1
:10FC8000FFFFFFFFFFFF5355595BD0CEC7C4C3C171
:10FC9000C0BEBBBAB8B6B3B3AFAFA1A2D6D7FFFF51
:10FCA000FFFFFFFFFFFFEBEA57595153ABB1AAB17A
:10FCB000B0B9B2BDB6C2B8C3BBC6BDC8868CFBFB6B
:10FCC000FFFFFFFFFFFFFFFFCFD05759585AA3A5F3
:10FCD000D8DBDBDCDCDDDFE0E1E0E3E2E4E3E6E32C
:10FCE000E9E68C8DFFFFFFFFFFFFFFFFFFFF48CC22
:10FCF00048CC48CC48CC48CC48CC48CCEEE8F0EADC
:10FD0000F0EAF0EAF0EAF0EAF0EAF0EAF0EAF0EA23
:10FD1000F0EAF0EAF0EAF0EAEFE9F0EA5356FFFF22
:10FD2000969856585457EBE6E6E1E5DFE3DEE1DD71
:10FD3000E0DBDED9DED95355FFFF9D9E585A515363
:10FD4000CDCBC7C5C5C2C3C0C0BDBABAB9B8B6B6B7
:10FD50005255BCBD585A5153A5A5A0A09C9D97993A
:10FD6000939494949A9D9FA35C5FFFFFB5B6585AF5
:10FD70004F51B9C6B6C2B9C5BCC6BFC9C1CBC2CD49
:10FD8000C4CCC7CDCAD0D1D84749ACB0D2D6D3D7CE
:10FD9000D6D8D7DAD9DBDBDDDEDDDFE0E0E0E3E299
:10FDA000F1EEB3B4FFFFFFFFFFFFFFFFFFFFFFFF19
:10FDB000FFFFFFFFFFFFFFFFFFFFFFFFFFFFFFFF53
:10FDC000FFFFFFFFFFFFFFFFFFFFFFFFFFFFFFFF43
:10FDD000FFFFFFFFFFFFFFFF4A4A5858D6D4F3EF5B
:10FDE000F0EDF1ECEFECECEAECE9EAE7F9F3717134
:10FDF000FFFFFFFFFFFFFFFFFFFF53535859D5D30E
:10FE0000CCC9C9C6C5C3C1C0BCBCB8B9B4B4A6A628
:10FE1000D6D6FFFFFFFFFFFFFFFFEBEB5757525216
:10FE2000A6A6A4A6A9A9ADAFB1B3B3B6B3B7B8BAE5
:10FE30008486FBFBFFFFFFFFFFFFFFFF5555585870
:10FE40005352DFDED7D6DAD9DDDBE0DDE3E0E3E0F5
:10FE5000E5E4E8E5E9E6F3F08D8DFFFFFFFFB6B9D5
:10FE60003F483F483F483F483F483F483F48D9D632
:10FE7000F3EFF3EEF4F0F4F0F4F0F4F0F4F0F4F067
:10FE8000F4F0F4F0F4F0F4F0F4F0F4F0F3EFF4F054
:10FE90005453FFFF969656565454F0EDECE8EBE6BB
:10FEA000E9E5E6E3E7E2E4E0E2DF5353FFFF9D9D8F
:10FEB00058585051D4D1CDCACAC7C7C5C3C2C1BF93
:10FEC000BDBCBBB95252BCBC58585151AAA9A4A23E
:10FED000A1A09C9B9898949394949A9C5C5CFFFF3F
:10FEE000B5B558585050B6B8B4B6B4B7B7B9BBBB2F
:10FEF000BDBEC0C0C2C3C4C4C7C7CACAD2D2CFCE97
:10FF0000D1D0D4D2D5D2D7D5D9D8DCDADEDCDFDD7A
:10FF1000E2DFE3E0F3F0B3B3FFFFFFFFFFFFFFFF1C
:10FF2000FFFFFFFFFFFFFFFFFFFFFFFFFFFFFFFFE1
:10FF3000FFFFFFFFFFFFFFFFFFFFFFFFFFFFFFFFD1
:10FF4000FFFFFFFFFFFFFFFFFFFFFFFF4A4C585A75
:10FF5000D4CFEFE9EDE7ECE7ECE6EAE4E9E3E7E24A
:10FF6000F3ED7172FFFFFFFFFFFFFFFFFFFF535530
:10FF7000595BD3D0C9C7C6C3C3C1C0BEBCBBB9B629
:10FF8000B4B3A6A6D6D7FFFFFFFFFFFFFFFFEBEA44
:10FF900057595254A6ABA6ACA9B2AFB8B3BEB6C2BD
:10FFA000B7C4BAC5868AFBFBFFFFFFFFFFFFFFFF59
:10FFB0005557585A5254DEE1D6D8D9DBDBDDDDDDAA
:10FFC000E0E0E0E0E4E2E5E2E6E3F0ED8D8FFFFF64
:10FFD000FFFFB9EC48CC48CC48CC48CC48CC48CC06
:10FFE00048CCD6E4EFE7EEE8F0EAF0EAF0EAF0EA2F
:10FFF000F0EAF0EAF0EAF0EAF0EAF0EAF0EAF0EA31
:020000022000DC
:10000000EFE9F0EA5356FFFF969856585455EDE73E
:10001000E8E3E6E1E5E0E3DFE2DDE0DBDFDA5355EC
:10002000FFFF9D9E585A5153D1CECAC8C7C5C5C3FC
:10003000C2BFBFBEBCBAB9B85254BCBD585A515366
:10004000A9A9A2A3A0A09B9C9899939494969C9CE8
:100050005C5FFFFFB5B6585A5051B8C2B6C1B7C3BE
:10006000B9C6BBC5BEC8C0CBC3CDC4CCC7CECAD031
:10007000D2D8CED3D0D4D2D6D2D6D5D8D8DADADB2D
:10008000DCDDDDDCDFE0E0E0F0EEB3B4FFFFFFFF3E
:10009000FFFFFFFFFFFFFFFFFFFFFFFFFFFFFFFF70
:1000A000FFFFFFFFFFFFFFFFFFFFFFFFFFFFFFFF60
:1000B000FFFFFFFFFFFFFFFFFFFFFFFFFFFFFFFF50
:1000C0004A4A5858D6D4F2EEF3EFF0EDF1EDEFECEA
:1000D000EDEAEDE9FBF67372FFFFFFFFFFFFFFFFA5
:1000E000FFFF53535859D9D6D0CDCAC9C8C6C5C4C5
:1000F000C0BFBCBBB8B7A0A0D7D7FFFFFFFFFFFFB3
:10010000FFFFEBEB575752529EA0A1A1A5A7A9ACA8
:10011000AEB0B1B3B4B6B5B87D7EFBFBFFFFFFFF59
:10012000FFFFFFFF505057575757D6D4D5D4D8D7D5
:10013000DAD8DDDBE0DDE2DFE4E13F483F483F487D
:100140003F483F483F483F483F483F483F483F4877
:100150003F483F48B9B9F2ECF1EDF3EFF3EEF4F0BC
:10016000F4F0F4F0F4F0F4F0F4F0F4F0F4F0F4F06F
:10017000F4F0F4F0F4F0F4F05453FFFF9696565672
:100180005454F1ECEDE9ECE6EBE6E9E5E6E4E6E310
:10019000E5DF5453FFFF9D9D58585150D7D4CFCB26
:1001A000CCCACBC8C7C4C3C2C0BFBEBC5353BCBCFF
:1001B00058585050ADACA7A6A4A3A09F9B9B97975F
:1001C000939395955050FFFFB5B558585050B3B420
:1001D000B3B4B4B6B5B7B7BABABCBEBFC1C1C2C377
:1001E000C5C5C8C8CACACCCCCFCFD2D0D3D1D5D43C
:1001F000D7D5DBD9DCD9DDDBE1DEE2DFF1EEB3B36D
:10020000FFFFFFFFFFFFFFFFFFFFFFFFFFFFFFFFFE
:10021000FFFFFFFFFFFFFFFFFFFFFFFFFFFFFFFFEE
:10022000FFFFFFFFFFFFFFFFFFFFFFFFFFFFFFFFDE
:10023000FFFFFFFF4A4C585AD4CFEEE8EFE9EDE755
:10024000EDE7ECE6EAE4E9E4F6F07275FFFFFFFFA4
:10025000FFFFFFFFFFFF5355595BD6D3CDC9C9C779
:10026000C6C4C4C0BFBDBBBBB7B6A0A1D7D8FFFF33
:10027000FFFFFFFFFFFFEBEA57595254A0A3A1A6CF
:10028000A7ADACB2B0B9B3BDB6C3B8C47E83FBFBF7
:10029000FFFFFFFFFFFFFFFF505257595759D4D8B8
:1002A000D4D8D7D8D8DBDBDCDDDCDFE0E1E048CC3C
:1002B00048CC48CC48CC48CC48CC48CC48CC48CC9E
:1002C00048CC48CC48CC48CCB9DFECE8EDE8EFE7C7
:1002D000EEE8F0EAF0EAF0EAF0EAF0EAF0EAF0EA52
:1002E000F0EAF0EAF0EAF0EAF0EAF0E95356FFFF4C
:1002F000969856585455ECE8E9E4E6E2E6E1E5E084
:10030000E4DFE3DDDFDC5354FFFF9D9E585A50537A
:10031000D4D0CBCACAC8C8C5C4C3C2BFBFBDBCBB8A
:100320005355BCBD585A5053ACACA6A7A3A39F9F2E
:100330009B9B9798939495965052FFFFB5B6585A49
:100340005051B4BEB4BEB6C2B7C3BAC5BCC6BFC8AE
:10035000C1CBC3CCC5CDC8CECAD0CCD2CFD3D0D4DC
:10036000D1D6D4D7D5D8D9DAD9DADBDEDEDDDFE0F5
:10037000EEEDB3B4FFFFFFFFFFFFFFFFFFFFFFFF47
:10038000FFFFFFFFFFFFFFFFFFFFFFFFFFFFFFFF7D
:10039000FFFFFFFFFFFFFFFFFFFFFFFFFFFFFFFF6D
:1003A000FFFFFFFFFFFFFFFF4A4A5858D6D4F4F083
:1003B000F3EFF3EFF0EEF1EDF0ECEDEBFCF7727232
:1003C000FFFFFFFFFFFFFFFFFFFF53535859DCDA2A
:1003D000D3D0CFCCCBC9C8C6C3C2C0BFBCBBA3A3FC
:1003E000D7D7FFFFFFFFFFFFFFFFEBEB575753533D
:1003F00098999B9CA1A2A5A7AAABAEB1B1B3B4B585
:100400007678FBFBFFFFFFFFFFFFB4B45858585846
:10041000B3B2D1CFD4D2D6D5D8D6DCD9DDDBE0DDAE
:10042000A5A63F483F483F483F483F483F483F48D0
:100430003F483F483F483F48767BECE8EFECF1EC23
:10044000F2ECF1EDF3EFF2EFF4F0F4F0F4F0F4F09D
:10045000F4F0F4F0F4F0F4F0F4F0F4F0F4F0F5F17A
:100460005453FFFF969656565354F3EEEEEAEDEAD8
:10047000EBE7EBE6E9E6E6E3E8E44D4EFFFF9E9EA0
:1004800058585151D9D7D3D0CFCCCCCAC9C7C6C47C
:10049000C4C1C1C15252BFBF58585050B0AFABA930
:1004A000A7A6A3A29F9E9C9B989794935252FFFF4E
:1004B000B5B558585050AFB0AFB1B1B4B4B5B5B789
:1004C000B8B9BABCBEBFC0C1C2C3C5C5C8C8CACA14
:1004D000CDCCCFCFD2D0D3D1D5D3D7D5DAD9DDDAE1
:1004E000DEDCE1DDE7E5B3B3FFFFFFFFFFFFFFFF6A
:1004F000FFFFFFFFFFFFFFFFFFFFFFFFFFFFFFFF0C
:10050000FFFFFFFFFFFFFFFFFFFFFFFFFFFFFFFFFB
:10051000FFFFFFFFFFFFFFFFFFFFFFFF4A4C585A9F
:10052000D4CFF0EAEFE9EFE9EEE8EDE7ECE6EBE453
:10053000F7F27275FFFFFFFFFFFFFFFFFFFF53554D
:10054000595BDAD6D0CDCCC9C9C7C6C4C2C0BFBDFD
:10055000BBBAA3A4D7D8FFFFFFFFFFFFFFFFEBEA63
:1005600057595355999A9C9EA2A5A7ACABB3B1B964
:10057000B3BEB5C1787DFBFBFFFFFFFFFFFFB4B447
:10058000585A585AB2B6CFD4D2D6D5D7D6D9D9DB45
:10059000DBDDDDDDA6D948CC48CC48CC48CC48CC06
:1005A00048CC48CC48CC48CC48CC48CC7BD5E8E4B7
:1005B000ECE5ECE6ECE8EDE8EFE7EFE9F0EAF0EA8D
:1005C000F0EAF0EAF0EAF0EAF0EAF0EAF0EAF0EA5B
:1005D000F0EAF1EB5356FFFF969856585455EEE863
:1005E000EAE5EAE4E7E2E6E1E6E0E3DEE4DF4E50F6
:1005F000FFFF9EA0585A5152D7D2D0CDCCC8CAC8FE
:10060000C7C5C4C3C1BFC1BE5255BFC0585A50525E
:10061000AFAFA9AAA6A7A2A39E9E9B9C97989394CE
:100620005254FFFFB5B6585A5052B0B8B1BAB4BE22
:10063000B5C1B7C3B9C5BCC5BFC9C1CAC3CDC5CD96
:10064000C8CECAD0CCD2CFD4D0D4D1D6D3D7D5D897
:10065000D9DADADBDCDEDDDEE5E4B3B4FFFFFFFF91
:10066000FFFFFFFFFFFFFFFFFFFFFFFFFFFFFFFF9A
:10067000FFFFFFFFFFFFFFFFFFFFFFFFFFFFFFFF8A
:10068000FFFFFFFFFFFFFFFFFFFFFFFFFFFFFFFF7A
:100690004A4A5858D6D4F4F0F4F0F2EEF3EFF0EE04
:1006A000F1ECF0ECFDFB7272FFFFFFFFFFFFFFFFBD
:1006B000FFFF53535859E0DDD6D4D2CFCFCCCBC8AF
:1006C000C9C5C4C1C0BFA6A5D7D7FFFFFFFFFFFFA5
:1006D000FFFFEBEB57575252999895959C9CA1A21E
:1006E000A6A8A9ACAEB0B2B47677FBFBFFFFFFFFC4
:1006F000FFFF4F4F58585050D5D4CFCDD2CFD4D282
:10070000D6D5D9D7DCD9DEDCA3A43F483F483F4843
:100710003F483F483F483F483F483F483F483F48A1
:100720005158AAAAEDE9EFECF0ECF2ECF2EEF3EF9F
:10073000F3F1F4EFF4F0F4F0F4F0F4F0F4F0F4F09A
:10074000F4F0F4F0F4F0F5F15453FFFF969656569A
:100750005354F3F0EFECECEAECEAEBE7EBE6E9E616
:10076000E8E64E4DFFFFA1A158595151DCD9D6D32F
:10077000D3CFCFCDCCC9C9C7C6C4C4C25252B0B002
:100780005A5A5151B4B3AFAEABA9A6A5A3A1A09F2D
:100790009B9A97975151FFFFB5B558585150ABAC44
:1007A000ACAEAFB1B1B3B4B6B4B7B8B9BABDBEBFF1
:1007B000C1C2C2C3C6C6C7C7CBCBCECED0CFD2D1A3
:1007C000D4D2D5D3D6D6DAD9DDDBDEDDDEDDB3B3E8
:1007D000FFFFFFFFFFFFFFFFFFFFFFFFFFFFFFFF29
:1007E000FFFFFFFFFFFFFFFFFFFFFFFFFFFFFFFF19
:1007F000FFFFFFFFFFFFFFFFFFFFFFFFFFFFFFFF09
:10080000FFFFFFFF4A4C585AD4CFF0EAF0EAEEE877
:10081000EFE9EEE8ECE6ECE6FBF47275FFFFFFFFB4
:10082000FFFFFFFFFFFF5355595BDDD9D4D0CFCC7D
:10083000CCC9C8C6C5C3C1BFBFBDA5A7D7D8FFFF18
:10084000FFFFFFFFFFFFEBEA575952559899959725
:100850009CA0A2A6A8ADACB3B0BAB4BE777CFBFB9B
:10086000FFFFFFFFFFFF4F51585A5052D4DBCDD24C
:10087000CFD4D2D7D5D9D7DAD9DBDCDDA4D848CCD0
:1008800048CC48CC48CC48CC48CC48CC48CC48CCC8
:1008900048CC48CC58CFAAD9E9E4ECE6ECE6ECE841
:1008A000EEE8EFE7F1EBEFE9F0EAF0EAF0EAF0EA80
:1008B000F0EAF0EAF0EAF0EAF0EAF1EB5356FFFF73
:1008C000969856585455F0E8ECE6EAE4EAE3E7E295
:1008D000E6E1E6E0E6E04D50FFFFA1A2595B515290
:1008E000D9D6D3D0CFCCCDC8C9C8C7C5C4C3C2BF61
:1008F0005254B0B15A5C5152B3B3AEACA9AAA5A63A
:10090000A1A39F9E9A9B97985154FFFFB5B6585A42
:100910005052ACB3AEB4B1BAB3BEB6C2B7C4B9C626
:10092000BDC6BFCAC2CAC3CDC6CEC7CECBD1CED23A
:10093000CFD4D1D4D2D6D3D7D6D7D9DBDBDBDDDE4B
:10094000DDDDB3B4FFFFFFFFFFFFFFFFFFFFFFFF92
:10095000FFFFFFFFFFFFFFFFFFFFFFFFFFFFFFFFA7
:10096000FFFFFFFFFFFFFFFFFFFFFFFFFFFFFFFF97
:10097000FFFFFFFFFFFFFFFF4A4A5858D6D4F4F0AD
:10098000F4F0F4F0F2EEF2EFF1EDF1ECFFFC727244
:10099000FFFFFFFFFFFFFFFFFFFF52525555E4E04F
:1009A000D9D6D5D3D2CFCFCCCBC8C7C5C4C2A8A8BF
:1009B000D7D7FFFFFFFFFFFFFFFFEBEB575751526A
:1009C0009E9E929296969C9DA2A3A7A8AAABAEB01B
:1009D0007676FBFBFFFFFFFFFFFF535357575E5E2B
:1009E000CACACDCDD0CFD2D1D4D2D6D5DAD8DBD9E0
:1009F000A2A33F483F483F483F483F483F483F4801
:100A00003F483F483F483F483F483F483F48D5D38D
:100A1000EFECF0ECF2ECF2EECBC8FFFFF4F0F4F008
:100A2000F4F0F4F0F4F0F4F0F4F0F4F0F4F0F5F1A4
:100A30005453FFFF969656565353F3F0F1ECEFECF8
:100A4000ECEAECEAEBE7EBE7EAE74E4EFFFFC2C267
:100A500058585051DFDDD8D5D5D3D3D0CFCCCACA62
:100A6000C8C6C7C55353B0B056564F4FB7B6B1B14D
:100A7000AEADAAA8A6A5A3A19F9E9B9A5151FFFF28
:100A8000B5B558585151A7A8A8AAABADAFB1B3B5E9
:100A9000B4B6B5B8B8BABBBCBEBFC1C2C3C4C5C585
:100AA000C9C9CCCCCDCED0CED2D0D5D3D5D3D8D643
:100AB000DBD9DCDADDDCB3B3FFFFFFFFFFFFFFFFB5
:100AC000FFFFFFFFFFFFFFFFFFFFFFFFFFFFFFFF36
:100AD000FFFFFFFFFFFFFFFFFFFFFFFFFFFFFFFF26
:100AE000FFFFFFFFFFFFFFFFFFFFFFFF4A4C585ACA
:100AF000D4CFF0EAF0EAF0EAEEE8EFE9EDE8ECE571
:100B0000FCF57275FFFFFFFFFFFFFFFFFFFF525471
:100B10005557E0DCD6D3D3CFCFCDCCC8C8C5C5C3DD
:100B2000C2BFA8A7D7D8FFFFFFFFFFFFFFFFEBEA79
:100B3000575952549E9D929396979DA0A3A7A8AFF4
:100B4000ABB3B0B9767AFBFBFFFFFFFFFFFF535556
:100B500057595E5FCAD0CDD3CFD4D1D4D2D6D5D950
:100B6000D8DAD9DBA3D848CC48CC48CC48CC48CC40
:100B700048CC48CC48CC48CC48CC48CC48CC48CCD5
:100B800048CCD3E1ECE6ECE6ECE8EEE8C8C3FFFACB
:100B9000F0EAF0EAF0EAF0EAF0EAF0EAF0EAF0EA85
:100BA000F0EAF1EB5356FFFF969856585355F0EA8A
:100BB000ECE6ECE6EAE4EAE3E7E2E7E2E7E14E50FE
:100BC000FFFFC2C3585A5154DDD8D5D2D3CFD0CCB1
:100BD000CCC9CAC8C6C5C5C25357B0B156584F5183
:100BE000B6B6B1B1ADACA8A9A5A5A1A29E9E9A9B8F
:100BF0005153FFFFB5B6585A5153A8ADAAB1ADB580
:100C0000B1BAB5BFB6C2B8C4BAC6BCC6BFCAC2CAFA
:100C1000C4CCC5CEC9CFCCD2CED2CED4D0D4D3D7EB
:100C2000D3D8D6D8D9DBDADADCDDB3B4FFFFFFFFE7
:100C3000FFFFFFFFFFFFFFFFFFFFFFFFFFFFFFFFC4
:100C4000FFFFFFFFFFFFFFFFFFFFFFFFFFFFFFFFB4
:100C5000FFFFFFFFFFFFFFFFFFFFFFFFFFFFFFFFA4
:100C60004B4B5858D6D4F4F0F4F0F4F0F3EFF3EF24
:100C7000F2EEF1EDFFFC7272FFFFFFFFFFFFFFFFDF
:100C8000FFFF55555555E6E3DCD9D9D5D5D3D2CF9D
:100C9000CECACBC8C7C4ABABD7D7FFFFFFFFFFFFA0
:100CA000FFFFDFDF57575252A3A29898929297976F
:100CB0009C9DA2A3A6A8AAAC7475FBFBFFFFFFFF37
:100CC0009D9D58585758B4B5C6C6CACACDCDD0CFC9
:100CD000D3D1D4D2D7D6DAD8DBDA3F483F483F4821
:100CE0003F483F483F483F483F483F483F483F48CC
:100CF0003F483F483F483F48D5D3EFECF0EDF2EC9A
:100D0000D6D24546FFFFF4F0F4F0F4F0F4F0F4F03E
:100D1000F4F0F4F0F4F0F5F15453FFFF96965656C4
:100D20005353F4EFF1ECF1ECEFECECEBECE8EAE729
:100D3000ECE74E4EFFFFDCDC58584F50E2DFDAD9CB
:100D4000D8D5D5D2D3D0CFCCCBC9C8C75353919126
:100D500056564F4EBBBAB5B3B2B1ADACAAA8A8A512
:100D6000A2A1A09F4E4EFFFFB5B558585252A2A364
:100D7000A5A6A8AAACADAFB1B2B4B4B6B5B8B8BB6D
:100D8000BBBCBEBFC1C1C2C4C6C6C9C9CBCBCDCE18
:100D9000CFCFD3D0D5D3D6D5D8D7DBDADCDBB3B33E
:100DA000FFFFFFFFFFFFFFFFFFFFFFFFFFFFFFFF53
:100DB000FFFFFFFFFFFFFFFFFFFFFFFFFFFFFFFF43
:100DC000FFFFFFFFFFFFFFFFFFFFFFFFFFFFFFFF33
:100DD000FFFFFFFF4B4E585AD4CFF0EAF0EAF0EA9B
:100DE000EFE9EFE9EEE8EDE8FCF57275FFFFFFFFD4
:100DF000FFFFFFFFFFFF55575557E3DDD9D5D5D28C
:100E0000D3CFCFCCCAC8C8C5C4C2ABA9D7D8FFFFFF
:100E1000FFFFFFFFFFFFDFDE57595254A2A2989950
:100E2000929397999DA1A3A8A8AEACB3757AFBFB4A
:100E3000FFFFFFFF9D9F585A585AB5BDC6CDCAD077
:100E4000CDD2CFD4D1D4D2D6D6D9D8DADADB48CCE9
:100E500048CC48CC48CC48CC48CC48CC48CC48CCF2
:100E600048CC48CC48CC48CC48CC48CCD3E2ECE683
:100E7000EDE6ECE8D2CE4648FFF8F0EAF0EAF0EA18
:100E8000F0EAF0EAF0EAF0EAF0EAF1EB5356FFFF9D
:100E9000969856585356EFE9ECE8ECE6ECE6EBE4AE
:100EA000E8E3E7E2E7E24E50FFFFDCDC585A50523D
:100EB000DFDBD9D5D5D2D2CFD0CDCCC9C9C7C7C534
:100EC0005357919356584E51BABAB3B4B1B2ACAD70
:100ED000A8A9A5A5A1A29F9E4E4FFFFFB5B6585A3F
:100EE0005253A3A7A6ACAAB1ADB6B1BCB4BFB6C3AA
:100EF000B8C4BBC6BCC7BFC9C1CAC4CCC6CEC9CEA4
:100F0000CBD1CED2CFD4D0D4D3D7D5D9D7D9DADCA0
:100F1000DBDCB3B4FFFFFFFFFFFFFFFFFFFFFFFFBF
:100F2000FFFFFFFFFFFFFFFFFFFFFFFFFFFFFFFFD1
:100F3000FFFFFFFFFFFFFFFFFFFFFFFFFFFFFFFFC1
:100F4000FFFFFFFFFFFFFFFF4B4B5858D6D4F4F0D5
:100F5000F4F0F4F0F4F0F4F0F3EFF2EFFFFD72725E
:100F6000FFFFFFFFFFFFFFFFFFFF55555555E9E569
:100F7000DFDBDCD9D9D5D4D2D2CFCECACBC7ACAC8B
:100F8000D7D7FFFFFFFFFFFFFFFFD8D857575151BB
:100F9000A7A69D9C9897929397979D9EA2A3A5A87C
:100FA0007373FBFBFFFFFFFF494958584D4DC9CAFA
:100FB000C4C4C6C6C9C9CDCCD0CED3D0D5D3D7D65C
:100FC000DAD8DDDBDEDDE1DEE4E0F2EF6B6BFFFFC4
:100FD000797F3F483F483F483F483F483F483F4868
:100FE0003F48ECE8EFECF0EDD3D0B9B9494AFAF755
:100FF000F4F0F4F0F4F0F4F0F4F0F4F0F4F0F5F1CF
:101000005353FFFF858556565353F5F1F0EDF1EC40
:10101000F1EBEFECEDEBECE9EDEA4E4EFFFFFFFFFD
:1010200054544E4EE6E5DDDADBD9D7D5D4D2D3D051
:10103000CECACBCA6262545456565353BEBDB9B8D9
:10104000B4B4B1B1AEACA9A8A6A5A4A34647FFFF0E
:10105000B5B5585852529E9EA1A2A5A7A8AAACAE5B
:10106000AFB1B2B4B5B6BABCB8BABABDBEBFC1C1F1
:10107000C4C3C6C6C9C9CBCBCECED0CED3D2D5D3AE
:10108000D6D5D8D6DBD9B3B3FFFFFFFFFFFFFFFFF5
:10109000FFFFFFFFFFFFFFFFFFFFFFFFFFFFFFFF60
:1010A000FFFFFFFFFFFFFFFFFFFFFFFFFFFFFFFF50
:1010B000FFFFFFFFFFFFFFFFFFFFFFFF4B4D585AF2
:1010C000D4CFF0EAF0EAF0EAF0EAF0EAEFE9EFE98B
:1010D000FDF67275FFFFFFFFFFFFFFFFFFFF555794
:1010E0005557E5E0DBD8D9D5D5D3D2CECFCCCAC9B8
:1010F000C7C5ACACD7D8FFFFFFFFFFFFFFFFD8D8B5
:1011000057595153A6A69C9D9798939397999EA142
:10111000A3A8A8AE7377FBFBFFFFFFFF494B585A0C
:101120004D4ECAD2C4CCC6CEC9D0CCD2CED4D0D4E7
:10113000D3D6D6D9D8DADBDADDDEDEDFE0DFEFECDE
:101140006B6EFFFF7FDB48CC48CC48CC48CC48CC0A
:1011500048CC48CC48CCE8E5ECE7EDE6D0CDB9BAD0
:101160004A4CF7F0F0EAF0EAF0EAF0EAF0EAF0EAE6
:10117000F0EAF1EB5355FFFF858756585356F1EBD4
:10118000EDE7ECE8EBE5ECE6EBE4E9E3EAE54E500D
:10119000FFFFFFFF54564E51E5DFDAD7D9D5D5D141
:1011A000D2CED0CDCAC9CAC8626554565658535516
:1011B000BDBBB8B7B4B4B1B1ACACA8A8A5A6A3A444
:1011C000474AFFFFB5B6585A52549EA0A2A6A7ADF3
:1011D000AAB1AEB6B1BCB4BFB6C3BCC9BAC6BDC76E
:1011E000BFC9C1C9C3CCC6CEC9CFCBD1CED3CED453
:1011F000D2D6D3D6D5D9D6DAD9DBB3B4FFFFFFFF29
:10120000FFFFFFFFFFFFFFFFFFFFFFFFFFFFFFFFEE
:10121000FFFFFFFFFFFFFFFFFFFFFFFFFFFFFFFFDE
:10122000FFFFFFFFFFFFFFFFFFFFFFFFFFFFFFFFCE
:101230004B4B5858D6D4F4F0F4F0F4F0F4F0F4F04A
:10124000F4F0F3EFFFFE7272FFFFFFFFFFFFFFFFFF
:10125000FFFF55555555EBE7E1DEDFDCDCD8DAD58D
:10126000D4D3D2CFCECAB0B0D7D7FFFFFFFFFFFF96
:10127000FFFFD8D857575151ABAAA2A19C9B989772
:10128000929397989D9EA2A37173FBFBFFFFFFFFB4
:10129000545457576868BFC0C1C1C3C5C7C7CACA7D
:1012A000CDCCCFCED2D1D4D2D6D5DAD8DCDADEDCF2
:1012B000E1DEE5E24546FFFFFFFFDDDE3F483F4858
:1012C0003F483F483F483F483F488488ECE9EFECBF
:1012D000D3D0E7E7A3A3696AF4F2F4F0F4F0F4F0F2
:1012E000F4F0F4F0F4F0F5F15353FFFF878756560E
:1012F0005353F5F1F3EFEFEDF1ECF1EBEFEBEDEB39
:10130000EFEA4E4EFFFFFFFF4B4B4F4FEEEADFDEA3
:10131000DDDADBD8D8D5D5D3D2CFCFCB858557571B
:1013200057576564BFBDBCBAB9B7B5B4B1B0ADACC1
:10133000A9A8A9A83F3FFFFFB5B55858535398989F
:101340009C9CA1A1A5A6A9AAACAFAFB1B3B55859B1
:10135000BEC1B8BABBBDBEBFC1C1B4B5CDCDC9C990
:10136000CBCBCECDD0D0D3D2D5D2D6D5D7D6B3B3A2
:10137000FFFFFFFFFFFFFFFFFFFFFFFFFFFFFFFF7D
:10138000FFFFFFFFFFFFFFFFFFFFFFFFFFFFFFFF6D
:10139000FFFFFFFFFFFFFFFFFFFFFFFFFFFFFFFF5D
:1013A000FFFFFFFF4B4D585AD4CFF0EAF0EAF0EAC6
:1013B000F0EAF0EAF0EAEFE9FEF77275FFFFFFFFEF
:1013C000FFFFFFFFFFFF55575557E7E3DEDADCD895
:1013D000D8D4D5D4D3CECFCCCAC9B0AED7D8FFFFDE
:1013E000FFFFFFFFFFFFD8D857595153AAAAA1A169
:1013F0009B9C9799939498999EA2A3A77376FBFBC5
:10140000FFFFFFFF54565759686BC0CAC1C9C5CC0E
:10141000C7CECAD0CCD2CED4D1D4D2D7D5D8D8DAB0
:10142000DADBDCDEDEDFE2E14648FFFFFFFFDEF075
:1014300048CC48CC48CC48CC48CC48CC48CC88D5C3
:10144000E9E4ECE6D0CCE7E7A3A46A6BF2ECF0EABF
:10145000F0EAF0EAF0EAF0EAF0EAF1EB5355FFFFC8
:10146000878856585356F1EBEFE9EDE7ECE7EBE5EB
:10147000EBE6EBE4EAE64E4FFFFFFFFF4B4D4F512B
:10148000EAE5DED9DAD6D8D4D5D2D3CFCFCCCBC902
:101490008586575957596467BDBCBABBB7B7B4B353
:1014A000B0B0ACADA8A8A8A83F41FFFFB5B6585A48
:1014B0005355989B9CA0A1A5A6AAAAB1AFB7B1BC51
:1014C000B5C0595AC1CEBAC6BDC8BFC9C1C9B5BDDC
:1014D000CDD5C9CFCBD2CDD2D0D5D2D6D2D6D5D9F3
:1014E000D6D9B3B4FFFFFFFFFFFFFFFFFFFFFFFFF2
:1014F000FFFFFFFFFFFFFFFFFFFFFFFFFFFFFFFFFC
:10150000FFFFFFFFFFFFFFFFFFFFFFFFFFFFFFFFEB
:10151000FFFFFFFFFFFFFFFF4B4B5858D6D4F4F0FF
:10152000F4F0F4F0F4F0F4F0F4F0F3EFFFFE727284
:10153000FFFFFFFFFFFFFFFFFFFF55555555EEE98A
:10154000E4E0E0DFDFDCDCD9D9D6D5D2D0CEB1B053
:10155000D7D7FFFFFFFFFFFFFFFFD8D857575151E5
:10156000B0AFA4A4A1A09C9A9797929298989D9DA1
:101570007071FBFBFFFF848458585858B2B5BABD50
:10158000BEBFC0C1C4C5C7C7CACACDCDD7D5D2D1C9
:10159000D5D2D6D5DADADDDBDEDCE1DEBAB9E4E4D9
:1015A000FFFFF6F6484D3F483F483F483F483F4819
:1015B0003F483F48EBE8ECE9D2CFE7E7FFFF6E6E2C
:1015C0009E9CF2F0F4F0F4F0F4F0F4F0F4F0F5F1A5
:1015D0005353FFFF878756565353F7F3F3EFF3EF59
:1015E000EFEDF1ECF1EBEFECF0ED4D4EFFFFFFFF17
:1015F00054545455EAE8E2DFDFDDDDDADAD8D7D536
:10160000D5D2D2CFD7D448494748CFCBC2BFBFBD30
:10161000BBBBB8B7B5B4B1B0ADACAFAF5B5BFFFFB0
:10162000B5B558585353939398979D9DA0A2A5A7DD
:10163000A8AAADAFB0B258585D5CB5B8B9BBBCBCD8
:10164000CDCE5151CBCBC6C6C9C9CBCCCECDD0D0D7
:10165000D3D1D5D2D6D5B3B3FFFFFFFFFFFFFFFF36
:10166000FFFFFFFFFFFFFFFFFFFFFFFFFFFFFFFF8A
:10167000FFFFFFFFFFFFFFFFFFFFFFFFFFFFFFFF7A
:10168000FFFFFFFFFFFFFFFFFFFFFFFF4B4D585A1C
:10169000D4CFF0EAF0EAF0EAF0EAF0EAF0EAEFE9B3
:1016A000FEF77275FFFFFFFFFFFFFFFFFFFF5557BC
:1016B0005557E9E4E0DBDFDADCD7D9D4D6D3D2CF93
:1016C000CECBB0B1D7D8FFFFFFFFFFFFFFFFD8D8C9
:1016D00057595153AFAEA4A5A0A09A9C9798929346
:1016E000989A9DA17173FBFBFFFF8486585A585945
:1016F000B5BFBDC7BFC9C1C9C5CCC7CECAD0CDD281
:10170000D5DBD1D5D2D5D5D8DADADBDCDCDEDEE04C
:10171000B9B9E4E4FFFFF6F64D9D48CC48CC48CC7F
:1017200048CC48CC48CC48CCE8E2E9E4CFCCE7E769
:10173000FFFF6E709C9CF0EAF0EAF0EAF0EAF0EA53
:10174000F0EAF1EB5355FFFF878856585356F3ECF8
:10175000EFE9EFE9EDE7ECE7EBE5ECE6EDE74E501E
:10176000FFFFFFFF54555557E8E4DFD9DDD8DAD63F
:10177000D8D4D5D1D2CFCFCCD4D1494C484ACBCA7A
:10178000BFBFBDBCBBBAB7B6B4B2B0B0ACADAFAE04
:101790005B5CFFFFB5B6585A53559394979A9DA03A
:1017A000A2A7A7ADAAB2AFB7B2BD58595C5FB8C483
:1017B000BBC7BCC8CED85152CBD4C6CEC9CFCCD271
:1017C000CDD2D0D5D1D5D2D5D5D8B3B4FFFFFFFF78
:1017D000FFFFFFFFFFFFFFFFFFFFFFFFFFFFFFFF19
:1017E000FFFFFFFFFFFFFFFFFFFFFFFFFFFFFFFF09
:1017F000FFFFFFFFFFFFFFFFFFFFFFFFFFFFFFFFF9
:101800004B4B5858D6D4F4F0F4F0F4F0F4F0F4F074
:10181000F4F0F4F0FFFF7272FFFFFFFFFFFFFFFF26
:10182000FFFF55555555EEECE7E3E4E0E0DFDFDB85
:10183000DCDAD8D5D4D1B5B3D7D7FFFFFFFFFFFF90
:10184000FFFFD8D857575151B5B3ABA9A4A4A1A055
:101850009C9A9796929298986E6FFBFBFFFF484870
:1018600058584E4EBABCB7BABBBCBFC0C1C3C4C443
:10187000C7C8CDCD4C4ED3D2D3D2D4D3D7D6DBD854
:10188000DDDBDFDCEFEC5F5FFFFFF6F655553F4831
:101890003F483F483F483F483F483F48EAE6EBE87B
:1018A000CECBE7E7FFFFFFFF4E4ED5D3F1EFF4F0CD
:1018B000F4F0F4F0F4F0F5F15353FFFF8787565638
:1018C0005353F6F2F3EFF3EFF3EFF0EEF1ECF1EB4D
:1018D000F2ED4D4EFFFFFFFFCDCD5858B5B3E4E01C
:1018E000E1DEDFDDDDDADAD8D7D5D5D1D2CFD0CC85
:1018F000CECBC8C6C5C3C2C0BFBDBABAB8B7B4B3F1
:10190000B1B0A4A5B4B4FFFFB5B5585852529898D9
:1019100092939A979D9EA2A3A6A7A9ABADAF5A5B3F
:1019200056569EA0B6B8BDBE48485B5BC8C9C4C584
:10193000C7C7CACACCCCCECED1D0D4D2D4D2B3B3FE
:10194000FFFFFFFFFFFFFFFFFFFFFFFFFFFFFFFFA7
:10195000FFFFFFFFFFFFFFFFFFFFFFFFFFFFFFFF97
:10196000FFFFFFFFFFFFFFFFFFFFFFFFFFFFFFFF87
:10197000FFFFFFFF4B4D585AD4CFF0EAF0EAF0EAF0
:10198000F0EAF0EAF0EAF0EAFFF87275FFFFFFFF15
:10199000FFFFFFFFFFFF55575557ECE7E3DDE0DBA7
:1019A000DFD9DBD7DAD5D5D2D1CEB3B4D7D8FFFFC4
:1019B000FFFFFFFFFFFFD8D857595153B3B3A9A971
:1019C000A4A4A0A09A9B96979293989A6F71FBFB00
:1019D000FFFF484B585A4E4FBCC9BAC5BCC7C0C917
:1019E000C3CCC4CDC8CECDD34E4FD2D8D2D6D3D609
:1019F000D6D8D8DADBDCDCDDECEC5F61FFFFF6F695
:101A0000555748CC48CC48CC48CC48CC48CC48CC9E
:101A1000E6E0E8E3CBC7E7E7FFFFFFFF4E4FD3D099
:101A2000EFEAF0EAF0EAF0EAF0EAF1EB5355FFFFF3
:101A3000878856585356F2ECEFE9EFE9EFE9EEE804
:101A4000ECE7EBE5EDE84E50FFFFFFFFCDCE585A37
:101A5000B3B0E0DCDEDADDD8DAD6D8D4D5D1D1CF58
:101A6000CFCCCCCACBC8C6C4C3C1C0BFBDBCBAB939
:101A7000B7B6B3B2B0B0A5A5B4B5FFFFB5B6585A66
:101A800052559898939497999EA2A3A8A7ADABB2EC
:101A9000AFB75B5C5658A0A9B8C4BECA48485B5CE7
:101AA000C9D2C5CDC7CECACFCCD2CED3D0D4D2D650
:101AB000D2D6B3B4FFFFFFFFFFFFFFFFFFFFFFFF23
:101AC000FFFFFFFFFFFFFFFFFFFFFFFFFFFFFFFF26
:101AD000FFFFFFFFFFFFFFFFFFFFFFFFFFFFFFFF16
:101AE000FFFFFFFFFFFFFFFF4B4B5858D6D4F4F02A
:101AF000F4F0F4F0F4F0F4F0F4F0F4F0FFFF7272AC
:101B0000FFFFFFFFFFFFFFFFFFFF55555555F1EDAD
:101B1000E7E4E7E2E3DFE1DFDEDADAD9D8D5B7B52B
:101B2000D6D6FFFFFFFFFFFFFFFFD8D85757505013
:101B3000B9B7AEADA9A7A4A4A09F9B9A979691927E
:101B40006C6CFBFBF2F2565656567274B3B5B4B7D2
:101B5000B7BABBBDBFC0C1C2C5C4D0D15050D3D429
:101B6000D0CFD3D2D5D4D7D5DAD9DDDBE0DE515012
:101B7000FFFFF6F655553F483F483F483F483F482E
:101B80003F483F48E7E3EAE6C5C3E7E7FFFFFFFF5B
:101B9000FFFF4040F9F5F3F0F4F0F4F0F4F0F5F164
:101BA0005353FFFF878756565353F6F2F4F0F4F081
:101BB000F3EFF3EFF0EDF1EDF3ED4D4EFFFFFFFF2F
:101BC000FFFF45455454E9E4E3E0E1DEDFDDDCD925
:101BD000D9D8D7D4D4D1D2CFCECBCBC8C8C6C5C321
:101BE000C2BFBEBCBAB9B8B6B4B45D5EFFFFFFFFFA
:101BF000B5B5585852529C9B9695929298989D9E36
:101C0000A2A3A6A8ABAB5455FFFF5252C2C475762F
:101C100058585A5AC6C7C1C2C4C5C7C7CACACCCC0D
:101C2000CECFD1CFD2D2B3B3FFFFFFFFFFFFFFFF75
:101C3000FFFFFFFFFFFFFFFFFFFFFFFFFFFFFFFFB4
:101C4000FFFFFFFFFFFFFFFFFFFFFFFFFFFFFFFFA4
:101C5000FFFFFFFFFFFFFFFFFFFFFFFF4B4D585A46
:101C6000D4CFF0EAF0EAF0EAF0EAF0EAF0EAF0EADB
:101C7000FFF97275FFFFFFFFFFFFFFFFFFFF5557E3
:101C80005557EDE8E4DFE2DDDFDCDFDADAD6D9D480
:101C9000D5D2B5B4D6D7FFFFFFFFFFFFFFFFD8D8DF
:101CA00057595053B7B8ADADA7A7A4A49F9F9A9B0F
:101CB000969792926C6FFBFBF2F2565856587477D7
:101CC000B5C0B7C3BAC6BDC8C0CAC2CBC4CCD1D7D1
:101CD0005052D4D7CFD5D2D6D4D6D5D7D9DBDBDCAA
:101CE000DEDE5053FFFFF6F6555748CC48CC48CCC3
:101CF00048CC48CC48CC48CCE3DFE6E1C3C1E7E7B9
:101D0000FFFFFFFFFFFF4042F5EFF0EAF0EAF0EAE5
:101D1000F0EAF1EB5355FFFF878856585356F2EC23
:101D2000F0EAF0EAEFE9EFE9EDE7EDE7EDE74E5035
:101D3000FFFFFFFFFFFF45475456E4DEE0DCDED93E
:101D4000DDD8D9D5D8D3D4D1D1CECFCCCBC9C8C684
:101D5000C6C4C3C1BFBFBCBBB9B9B6B5B4B25E5F80
:101D6000FFFFFFFFB5B6585A52549B9C959692932D
:101D7000989A9EA2A3A8A8AEABB45557FFFF5254A1
:101D8000C4D2767A585A5A5CC7D1C2CDC5CDC7CE17
:101D9000CACFCCD3CFD4CFD4D2D5B3B4FFFFFFFFBB
:101DA000FFFFFFFFFFFFFFFFFFFFFFFFFFFFFFFF43
:101DB000FFFFFFFFFFFFFFFFFFFFFFFFFFFFFFFF33
:101DC000FFFFFFFFFFFFFFFFFFFFFFFFFFFFFFFF23
:101DD0004B4B5858D6D4F4F0F4F0F4F0F4F0F4F09F
:101DE000F4F0F4F0FFFF8080FFFFFFFFFFFFFFFF35
:101DF000FFFF55555555F1EEEAE5E7E4E7E2E3DE8E
:101E0000E0DEDDDAD9D7B6B6E1E1FFFFFFFFFFFF85
:101E1000FFFFD8D857575050BDBBB2B1ACACA9A842
:101E2000A4A4A09F9A9A96956B6BFCFC727258586A
:101E30005656AEB1B0B2B3B4B4B7B7BABCBDBFC0FA
:101E4000C1C37D7F57577E7ECECDD1D0D4D2D6D3DD
:101E5000D8D7DBD9DDDBC2C0DFDFF6F655553F480A
:101E60003F483F483F483F483F483F48E4E0E7E4B9
:101E7000C4C2E7E7FFFFFFFFFFFFFFFF3E3EFFFE9D
:101E8000F3F0F4F0F4F0F5F15453FFFF8787565662
:101E90005353F6F2F4F0F4F0F3EFF3EFF3EFF0ED69
:101EA000F3EF4D4EFFFFFFFFFFFFD1D15656F6F384
:101EB000E6E1E3DFE1DFDFDCDDDADAD7D6D4D4D167
:101EC000D1CECECBCBC8C8C6C5C3C1BFBEBCBAB8C5
:101ED000C1BF4747FFFFFFFFB3B3585852529F9E01
:101EE0009999969592939A999D9DA3A4A6A95455C4
:101EF000FFFFC0C052526A6A53535A5AC4C5C0C188
:101F0000C2C2C5C5C8C8CACACDCDCFCED0CFB2B265
:101F1000FFFFFFFFFFFFFFFFFFFFFFFFFFFFFFFFD1
:101F2000FFFFFFFFFFFFFFFFFFFFFFFFFFFFFFFFC1
:101F3000FFFFFFFFFFFFFFFFFFFFFFFFFFFFFFFFB1
:101F4000FFFFFFFF4B4D585AD4CFF0EAF0EAF0EA1A
:101F5000F0EAF0EAF0EAF0EAFFF98081FFFFFFFF24
:101F6000FFFFFFFFFFFF55575557EEE8E5E0E4DFC1
:101F7000E2DDDEDBDED9DAD6D7D3B6B5E1E2FFFFAC
:101F8000FFFFFFFFFFFFD8D857595052BBBBB1B17D
:101F9000ACACA8A7A4A39F9F9A9A95966B6BFCFBE9
:101FA0007273585A5658B1B9B2BCB4C0B7C4BAC5A6
:101FB000BDC8C0CAC3CB7F8257597E81CDD2D0D590
:101FC000D2D6D3D7D7D7D9DBDBDCC0C2DFDEF6F67B
:101FD000555748CC48CC48CC48CC48CC48CC48CCC9
:101FE000E0DCE4E0C2C0E7E7FFFFFFFFFFFFFFFF29
:101FF0003E40FEF8F0EAF0EAF0EAF1EB5356FFFF5C
:10200000878856585356F2ECF0EAF0EAEFE9EFE928
:10201000EFE9EDE7EFE84E50FFFFFFFFFFFFD1D103
:102020005659F3EDE1DDDFDBDFD9DCD7DAD6D7D4E3
:10203000D4D0D1CECECCCBC9C8C5C6C3C3C0BFBE19
:10204000BCBBB8B9BFBF4749FFFFFFFFB3B4585A85
:1020500052549E9F999995959394999B9DA2A4A95A
:10206000A9AF5556FFFFC0C152546A6B53555A5C15
:10207000C5D0C1CBC2CCC5CDC8CFCAD0CDD3CED3AD
:10208000CFD4B2B4FFFFFFFFFFFFFFFFFFFFFFFF53
:10209000FFFFFFFFFFFFFFFFFFFFFFFFFFFFFFFF50
:1020A000FFFFFFFFFFFFFFFFFFFFFFFFFFFFFFFF40
:1020B000FFFFFFFFFFFFFFFF4B4B5858D6D4F4F054
:1020C000F4F0F4F0F4F0F4F0F4F0F4F0FFFF8181B8
:1020D000FFFFFFFFFFFFFFFFFFFF55555555F3F1D2
:1020E000EAE8EAE6E7E4E7E1E2DFDFDDDCD9B9B917
:1020F000E0E0FFFFFFFFFFFFFFFFD8D857574F502B
:10210000C1BFB5B4B1B0ADACA8A7A4A29F9E9B9A25
:102110006B6BFFFF4A4A58585050ACADADAFB2B4EC
:10212000B2B5B5B8B9BBBBBCC6C74A4A51514B4B97
:10213000D2D2CECED1D0D4D1D6D3D8D6DBD9E8E73F
:102140005454F8F8464C3F483F483F483F483F48C2
:102150003F483F48E0DBE4E0C3C1E7E7FFFFFFFFA4
:10216000FFFFFFFFF2F24142FFFBF3F0F4F0F6F263
:102170004B4CFFFF878756565353F6F2F4F0F4F0BA
:10218000F4F0F3EFF3EFF3EFF3F04C4DFFFFFFFF4D
:10219000FFFFFFFF67676060E7E4E7E1E4E0E0DF9F
:1021A000DFDDDCD9D9D6D6D3D3CFD1CECDCACBC7FC
:1021B000C9C5C4C3C1C0BEBC6F6FF8F8FFFFFFFF45
:1021C000A4A458585151A3A29D9C99999594929278
:1021D00099989E9FA4A35456FFFFFFFFAFAFFFFF48
:1021E00052525A5AC1C1BDBEC0C1C2C2C4C5C8C87C
:1021F000CBCBCDCDCECEB1B1FFFFFFFFFFFFFFFFB9
:10220000FFFFFFFFFFFFFFFFFFFFFFFFFFFFFFFFDE
:10221000FFFFFFFFFFFFFFFFFFFFFFFFFFFFFFFFCE
:10222000FFFFFFFFFFFFFFFFFFFFFFFF4B4D585A70
:10223000D4CFF0EAF0EAF0EAF0EAF0EAF0EAF0EA05
:10224000FFF98183FFFFFFFFFFFFFFFFFFFF5557F0
:102250005557F1E9E8E3E6E1E4DFE1DDDFDADDD877
:10226000D9D6B9B7E0E1FFFFFFFFFFFFFFFFD8D8E6
:1022700057595052BFBEB4B4B0B0ACACA7A7A2A3DC
:102280009E9F9A9B6B6DFFFF4A4C585A5052ADB5BA
:10229000AFB7B4BDB5C1B8C4BBC7BCC8C7D14A4C41
:1022A00051544B4CD2D8CED2D0D4D1D6D3D7D6D805
:1022B000D9DBE7E85455F8F84CA848CC48CC48CCD2
:1022C00048CC48CC48CC48CCDBD9E0DCC1BEE7E701
:1022D000FFFFFFFFFFFFFFFFF2F34245FBF4F0EAD1
:1022E000F0EAF2EB4C4FFFFF878856585356F2EC5A
:1022F000F0EAF0EAF0EAEFE9EFE9EFE9F0EA4D4F52
:10230000FFFFFFFFFFFFFFFF676A6062E4DFE1DDC1
:10231000E0DCDFD9DDD8D9D5D6D4D3D0CFCDCECC63
:10232000CAC8C7C5C5C3C3BFC0BEBCBB6F71F8F9BF
:10233000FFFFFFFFA4A5585A5153A2A39C9D999952
:1023400094959293989A9FA3A3A85657FFFFFFFFD7
:10235000AFB0FFFF52545A5CC1CCBEC9C1CBC2CC96
:10236000C5CDC8CECBD1CDD2CED5B1B2FFFFFFFF08
:10237000FFFFFFFFFFFFFFFFFFFFFFFFFFFFFFFF6D
:10238000FFFFFFFFFFFFFFFFFFFFFFFFFFFFFFFF5D
:10239000FFFFFFFFFFFFFFFFFFFFFFFFFFFFFFFF4D
:1023A0004B4B5858D6D2F2F0F4F0F4F0F4F0F4F0CD
:1023B000F4F0F4F0FFFF8181FFFFFFFFFFFFFFFF5D
:1023C000FFFF55555555F5F1ECEAEAE7EAE5E6E396
:1023D000E5E2E3DEDFDEBBBAE0E0FFFFFFFFFFFF89
:1023E000FFFFD8D857574E50C6C3BAB9B5B3B1AF2F
:1023F000ADACA8A6A3A3A09F6D6CE4E457575658B4
:102400007C7CA4A6A8AAADAEB0B2B4B5B5B8B9BB31
:10241000B0B0CCCC3F483F489094CCCCCECED1CFBE
:10242000D4D2D5D4D8D6DCDA5A5AAAAE3F483F48DF
:102430003F483F483F483F483F488386DBD7E0DC82
:10244000C2BFE7E7FFFFFFFFFFFFFFFFFFFFCDCDAD
:102450005151F9F4F4F0F6F24D4DFFFF87875656CF
:102460005353F6F2F4F0F4F0F4F0F4F0F2EEF3EF8C
:10247000F5F14A4AFFFFFFFFFFFFFFFFFFFF60602C
:10248000C0BEE5E2E6E2E3DEE1DFE0DCDDD9D9D79C
:10249000D5D3D3D0D1CECDCBCBC8C7C5C4C2B8B7A6
:1024A0006767FFFFFFFFFFFFA4A458585151A6A67E
:1024B000A1A09D9C9998959492929A9A9E9E55550A
:1024C000FFFFFFFFFFFFFFFF52525A5ABCBFBABBCC
:1024D000BDBEC0C0C1C4C4C5C8C8CACACCCCCBCBA1
:1024E000FFFFFFFFFFFFFFFFFFFFFFFFFFFFFFFFFC
:1024F000FFFFFFFFFFFFFFFFFFFFFFFFFFFFFFFFEC
:10250000FFFFFFFFFFFFFFFFFFFFFFFFFFFFFFFFDB
:10251000FFFFFFFF4B4D585AD2CFF0EAF0EAF0EA46
:10252000F0EAF0EAF0EAF0EAFFF98183FFFFFFFF4B
:10253000FFFFFFFFFFFF55575557F1EDEAE3E7E2D5
:10254000E5E0E3DEE2DEDEDADED9BAB9E0E1FFFFA4
:10255000FFFFFFFFFFFFD8D857595052C3C2B9B889
:10256000B3B5AFB0ACACA6A7A3A49F9F6C6DE4E4D9
:102570005759585A7C7FA6ABAAB1AEB7B2BCB5C208
:10258000B8C3BBC6B0B9CCCD48CC48CC94CACCD328
:10259000CED3CFD4D2D6D4D7D6D8DADD5A5CAEE8F3
:1025A00048CC48CC48CC48CC48CC48CC48CC86CE4B
:1025B000D7D5DCD8BFBEE7E7FFFFFFFFFFFFFFFF78
:1025C000FFFFCDCD5154F4EEF0EAF2EB4D50FFFF9A
:1025D000878856585356F2ECF0EAF0EAF0EAF0EA4F
:1025E000EEE8EFE9F1EB4A4DFFFFFFFFFFFFFFFFD2
:1025F000FFFF6062BEBCE2DDE2DDDEDBDFDADCD8FD
:10260000D9D5D7D3D3CFD0CDCECBCBC9C8C5C5C2F2
:10261000C2C0B7B66768FFFFFFFFFFFFA4A5585A07
:102620005153A6A6A0A09C9D989A949592939A9B8C
:102630009EA25556FFFFFFFFFFFFFFFF52545A5C5B
:10264000BFCBBBC5BEC9C0CBC4CDC5CEC8CECAD01A
:10265000CCD4CBCCFFFFFFFFFFFFFFFFFFFFFFFF4F
:10266000FFFFFFFFFFFFFFFFFFFFFFFFFFFFFFFF7A
:10267000FFFFFFFFFFFFFFFFFFFFFFFFFFFFFFFF6A
:10268000FFFFFFFFFFFFFFFF4B4B5858E6E2F3EE63
:10269000F2F0F4F0F4F0F4F0F4F0F4F0FFFF8181E4
:1026A000FFFFFFFFFFFFFFFFFFFF55555353FAF5F5
:1026B000ECEAEDE9E9E7E9E5E5E3E5E2E2DEBDBC08
:1026C000E0E0FFFFFFFFFFFFFFFFD8D857574E4F57
:1026D000C9C7BDBBB8B8B5B4B0B0ACABA9A7A4A2CC
:1026E0006F6E616158585656A0A19FA1A5A6A9AAD0
:1026F000ADADB0B3B4B5B6B94D4EFFFF3F483F489E
:102700003F483F48535C8F92D1D0D3D1C1C1848818
:102710003F483F483F483F483F483F483F483F4881
:102720003F48D3CFD7D3DAD8BFBCE7E7FFFFFFFFDF
:10273000FFFFFFFFFFFFFFFF97977778F4EFF6F2B9
:102740004D4DFFFF868656565253F6F2F4F0F4F0E4
:10275000F4F0F4F0F4F0F3EFF5F14A4AFFFFFFFF75
:10276000FFFFFFFFFFFFFFFF4D4DC0BEE6E4E6E2C7
:10277000E3DFE0DDDFDCDCD9D8D6D6D4D4D1D0CECF
:10278000CDCCCBC8BDBA4141FFFFFFFFFFFFFFFF2C
:10279000A4A458585151ABAAA4A3A1A09D9C989859
:1027A000949394949B9A5455FFFFFFFFFFFFFFFF04
:1027B00052525A5ABABDB7B9BABBBDBEC1C1C2C4E2
:1027C000C5C6C7C7C9CACACAFFFFFFFFFFFFFFFFD1
:1027D000FFFFFFFFFFFFFFFFFFFFFFFFFFFFFFFF09
:1027E000FFFFFFFFFFFFFFFFFFFFFFFFFFFFFFFFF9
:1027F000FFFFFFFFFFFFFFFFFFFFFFFF4B4D585A9B
:10280000E2DCEEE7F0EAF0EAF0EAF0EAF0EAF0EA19
:10281000FFF98183FFFFFFFFFFFFFFFFFFFF55571A
:102820005355F5EFEAE3E9E4E7E2E5E0E3DEE2DD74
:10283000DEDABCBBE0E1FFFFFFFFFFFFFFFFD8D800
:1028400057594F52C7C5BBBBB8B6B4B4B0B0ABABA9
:10285000A7A6A2A36E706163585A5658A1A4A1A45A
:10286000A6ABAAB2ADB8B3BDB5C2B9C54E4FFFFF56
:1028700048CC48CC48CC48CC5CCC92CFD0D5D1D732
:10288000C1D688D248CC48CC48CC48CC48CC48CCDF
:1028900048CC48CC48CCCFCED3D2D8D6BCBCE7E7C6
:1028A000FFFFFFFFFFFFFFFFFFFFFFFF9799787913
:1028B000EFE9F2EB4D50FFFF868756585355F2EC87
:1028C000F0EAF0EAF0EAF0EAF0EAEFE9F1EB4A4D7B
:1028D000FFFFFFFFFFFFFFFFFFFFFFFF4D50BEBCED
:1028E000E4DFE2DEDFDBDDDADCD8D9D5D6D3D4D045
:1028F000D1CECECBCCCAC8C6BAB94144FFFFFFFF88
:10290000FFFFFFFFA4A5585A5153AAA9A3A4A0A052
:102910009C9D9898939494959A9C5557FFFFFFFF20
:10292000FFFFFFFF52545A5CBDCAB9C6BBC5BEC843
:10293000C1CBC4CDC6CEC7CECAD0CACBFFFFFFFF26
:10294000FFFFFFFFFFFFFFFFFFFFFFFFFFFFFFFF97
:10295000FFFFFFFFFFFFFFFFFFFFFFFFFFFFFFFF87
:10296000FFFFFFFFFFFFFFFFFFFFFFFFFFFFFFFF77
:102970004B4B5858E6E2F2EEF3EFF3F0F4F0F4F0DC
:10298000F4F0F4F0FFFF8181FFFFFFFFFFFFFFFF87
:10299000FFFF43435353FFFFFFFAFCF9FCF6F9F442
:1029A000F7F2F5F1F3EFCAC8E0E0FFFFFFFFFFFF2A
:1029B000FFFFFFFF45455050D7D4CCCAC7C5C2C2A0
:1029C000BDBCB8B7B4B3AFAE73728E8E5757555502
:1029D00097979E9EA4A5A8ABADAFB1B4B6B8BFC241
:1029E0007272FFFF3F483F483F483F483F483F48DB
:1029F0003F483F483F483F483F483F483F483F489F
:102A00003F483F483F483F487F81D5D0DAD6DFDB9B
:102A1000C2C0E7E7FFFFFFFFFFFFFFFFFFFFFFFF72
:102A2000FFFF7070B1B0FFFB4E4EFFFFF1F1505051
:102A30005757FFFFFFFFFFFFFFFFFFFFFFFFFFFFF6
:102A4000FFFF4B4CFFFFFFFFFFFFFFFFFFFFFFFFFD
:102A5000FFFF87875252F3F1E9E6E3DEDFDEDEDBDC
:102A6000DBD9D9D6D6D4D6D3DFDC5C5D6D6DFFFF64
:102A7000FFFFFFFFFFFFFFFFFFFF4D4D5050B7B5BA
:102A8000AFAEABA9A7A5A2A09E9D9A9799995757BB
:102A9000FFFFFFFFFFFFFFFF52525A5AB9BCB5B804
:102AA000B7BABABCBEBFC1C1C3C4C5C5C8C8CACA0B
:102AB000FFFFFFFFFFFFFFFFFFFFFFFFFFFFFFFF26
:102AC000FFFFFFFFFFFFFFFFFFFFFFFFFFFFFFFF16
:102AD000FFFFFFFFFFFFFFFFFFFFFFFFFFFFFFFF06
:102AE000FFFFFFFF4B4D585AE2DFEEE8EFE8F0EA58
:102AF000F0EAF0EAF0EAF0EAFFF98183FFFFFFFF76
:102B0000FFFFFFFFFFFF43455355FFFEFAF3F9F1C7
:102B1000F6F0F4EFF2ECF1ECEFEAC8C5E0E1FFFF0C
:102B2000FFFFFFFFFFFFFFFF45475053D4D0CAC848
:102B3000C5C4C2BFBCBAB7B7B3B3AEAE72738E8EE4
:102B40005759555797999EA1A5AAABB0AFB6B4BC3B
:102B5000B8C3C2D07274FFFF48CC48CC48CC48CC34
:102B600048CC48CC48CC48CC48CC48CC48CC48CCC5
:102B700048CC48CC48CC48CC48CC48CC81CBD0CFF2
:102B8000D6D5DBD9C0BFE7E7FFFFFFFFFFFFFFFFA1
:102B9000FFFFFFFFFFFF7071B0AEFBF44E51FFFF70
:102BA000F1F15051575AFFFAFFF8FFF8FFF8FFF81C
:102BB000FFF8FFF8FFF84C4FFFFFFFFFFFFFFFFF9D
:102BC000FFFFFFFFFFFF87875255F1ECE6E1DEDAFA
:102BD000DED8DBD7D9D5D6D3D4D0D3D0DCD75D607F
:102BE0006D6FFFFFFFFFFFFFFFFFFFFFFFFF4D4F79
:102BF0005052B5B4AEADA9AAA5A6A0A19D9E979826
:102C0000999A5759FFFFFFFFFFFFFFFF52545A5C8D
:102C1000BCC8B8C3BAC6BCC7BFC9C1CAC4CCC5CE7C
:102C2000C8CFCACBFFFFFFFFFFFFFFFFFFFFFFFF84
:102C3000FFFFFFFFFFFFFFFFFFFFFFFFFFFFFFFFA4
:102C4000FFFFFFFFFFFFFFFFFFFFFFFFFFFFFFFF94
:102C5000FFFFFFFFFFFFFFFF4B4B5858E7E3F2EC8E
:102C6000F3EFF3EEF3F0F4F0F4F0F4F0FFFF818112
:102C7000FFFFFFFFFFFFFFFFFFFFFFFF4C4C4A4A34
:102C80004A4A4A4A4A4A4A4A4A4A4A4A4A4A4D4D9E
:102C9000DEDEFFFFFFFFFFFFFFFFFFFFFFFF4D4DEA
:102CA0004B4C4C4C4C4C4C4C4D4C4D4C4D4D4D4D5F
:102CB0004D4DFFFF8F8F52524C4C4C4C4B4B4B4B5E
:102CC0004A4A4A4A4A4A4949FCFCFFFF3F483F48B2
:102CD0003F483F483F483F483F483F483F483F48BC
:102CE0003F483F483F483F483F483F483F483D43B3
:102CF00038393737373737373939E2E2FFFFFFFFE7
:102D0000FFFFFFFFFFFFFFFFFFFFFFFF6A6A353690
:102D10003535FFFFFFFFF5F53D3D3A3A3A3A3A3A8D
:102D20003A3A3A3A3A3A3A3A3A3A3434FFFFFFFFFB
:102D3000FFFFFFFFFFFFFFFFFFFFFFFFFFFF6C6BCA
:102D400034356F6FA6A6BCB9BEBBA7A57271373864
:102D50005D5DFFFFFFFFFFFFFFFFFFFFFFFFFFFFC7
:102D6000FFFFFFFF3D3D3C3C3C3C3D3D3D3D3D3D8F
:102D70003D3D3D3D3D3D3B3BFFFFFFFFFFFFFFFF77
:102D800052525A5AB7BAB4B6B4B7B8BABBBDBEBF3E
:102D9000C1C2C2C3C5C6CACAFFFFFFFFFFFFFFFF14
:102DA000FFFFFFFFFFFFFFFFFFFFFFFFFFFFFFFF33
:102DB000FFFFFFFFFFFFFFFFFFFFFFFFFFFFFFFF23
:102DC000FFFFFFFFFFFFFFFFFFFFFFFF4B4D585AC5
:102DD000E3DDECE8EFE8EEE8F0EAF0EAF0EAF0EA4A
:102DE000FFF98183FFFFFFFFFFFFFFFFFFFFFFFFF3
:102DF0004C4F4A4C4A4C4A4C4A4C4A4C4A4C4A4C1E
:102E00004A4C4D4EDEDFFFFFFFFFFFFFFFFFFFFFDE
:102E1000FFFF4D4F4C4D4C4D4C4E4C4E4C4F4C4F7C
:102E20004D4F4D4F4D4FFFFF8F9152534C4E4C4DD8
:102E30004B4D4B4C4A4B4A4B4A4B494AFCFBFFFF1C
:102E400048CC48CC48CC48CC48CC48CC48CC48CCE2
:102E500048CC48CC48CC48CC48CC48CC48CC48CCD2
:102E600048CC43A0393B373A373A3739393CE2E26C
:102E7000FFFFFFFFFFFFFFFFFFFFFFFFFFFFFFFF62
:102E80006A6B36383537FFFFFFFFF5F53D3F3A3CBB
:102E90003A3C3A3C3A3C3A3C3A3C3A3C3A3C34368E
:102EA000FFFFFFFFFFFFFFFFFFFFFFFFFFFFFFFF32
:102EB000FFFF6B6C35386F70A6A5B9B7BBB8A5A579
:102EC0007173383A5D5FFFFFFFFFFFFFFFFFFFFFFA
:102ED000FFFFFFFFFFFFFFFF3D403C3F3C3F3D3F0B
:102EE0003D3F3D3F3D3F3D3F3D403B3DFFFFFFFF01
:102EF000FFFFFFFF52545A5CBAC5B6C2B7C4BAC688
:102F0000BDC6BFC9C2CAC3CCC6CECACBFFFFFFFF76
:102F1000FFFFFFFFFFFFFFFFFFFFFFFFFFFFFFFFC1
:102F2000FFFFFFFFFFFFFFFFFFFFFFFFFFFFFFFFB1
:102F3000FFFFFFFFFFFFFFFFFFFFFFFFFFFFFFFFA1
:102F40004B4B5858E5E2F1ECF2ECF3EFF3EEF3F013
:102F5000F4F0F4F0FFFF8383FFFFFFFFFFFFFFFFAD
:102F6000FFFFFFFFFFFFFFFFFFFFFFFFFFFFFFFF71
:102F7000FFFFFFFFFFFFFFFFFFFFFFFFFFFFFFFF61
:102F8000FFFFFFFFFFFFFFFFFFFFFFFFFFFFFFFF51
:102F9000FFFFFFFFFFFFFFFFFFFFFFFFFFFFFFFF41
:102FA000FFFFFFFFFFFFFFFFFFFFFFFFFFFFFFFF31
:102FB000FFFFFFFF656D3F483F483F483F483F48A0
:102FC0003F483F483F483F483F483F483F483F48C9
:102FD0003F483F48959AFFFFFFFFFFFFFFFFFFFFBE
:102FE000FFFFFFFFFFFFFFFFFFFFFFFFFFFFFFFFF1
:102FF000FFFFFFFFFFFFFFFFFFFFFFFFFFFFFFFFE1
:10300000FFFFFFFFFFFFFFFFFFFFFFFFFFFFFFFFD0
:10301000FFFFFFFFFFFFFFFFFFFFFFFFFFFFFFFFC0
:10302000FFFFFFFFFFFFFFFFFFFFFFFFFBFBDBDB00
:10303000DBDBF5F5FFFFFFFFFFFFFFFFFFFFFFFFFC
:10304000FFFFFFFFFFFFFFFFFFFFFFFFFFFFFFFF90
:10305000FFFFFFFFFFFFFFFFFFFFFFFFFFFFFFFF80
:10306000FFFFFFFFFFFFFFFF52525959B5B7B2B341
:10307000B4B6B5B7B7BABBBDBEBFC1C2C3C4CACA76
:10308000FFFFFFFFFFFFFFFFFFFFFFFFFFFFFFFF50
:10309000FFFFFFFFFFFFFFFFFFFFFFFFFFFFFFFF40
:1030A000FFFFFFFFFFFFFFFFFFFFFFFFFFFFFFFF30
:1030B000FFFFFFFF4B4D585AE2DDECE6ECE8EFE88E
:1030C000EEE8F0EAF0EAF0EAFFFA8384FFFFFFFFA0
:1030D000FFFFFFFFFFFFFFFFFFFFFFFFFFFFFFFF00
:1030E000FFFFFFFFFFFFFFFFFFFFFFFFFFFFFFFFF0
:1030F000FFFFFFFFFFFFFFFFFFFFFFFFFFFFFFFFE0
:10310000FFFFFFFFFFFFFFFFFFFFFFFFFFFFFFFFCF
:10311000FFFFFFFFFFFFFFFFFFFFFFFFFFFFFFFFBF
:10312000FFFFFFFFFFFFFFFF6DD648CC48CC48CC28
:1031300048CC48CC48CC48CC48CC48CC48CC48CCEF
:1031400048CC48CC48CC48CC9AE3FFFFFFFFFFFFB8
:10315000FFFFFFFFFFFFFFFFFFFFFFFFFFFFFFFF7F
:10316000FFFFFFFFFFFFFFFFFFFFFFFFFFFFFFFF6F
:10317000FFFFFFFFFFFFFFFFFFFFFFFFFFFFFFFF5F
:10318000FFFFFFFFFFFFFFFFFFFFFFFFFFFFFFFF4F
:10319000FFFFFFFFFFFFFFFFFFFFFFFFFFFFFFFF3F
:1031A000FBFCDBDBDBDCF5F5FFFFFFFFFFFFFFFFD9
:1031B000FFFFFFFFFFFFFFFFFFFFFFFFFFFFFFFF1F
:1031C000FFFFFFFFFFFFFFFFFFFFFFFFFFFFFFFF0F
:1031D000FFFFFFFFFFFFFFFFFFFFFFFF5254595BA1
:1031E000B7C1B3BEB6C1B7C3BAC6BDC7BFC9C2C9EE
:1031F000C4CDCACBFFFFFFFFFFFFFFFFFFFFFFFFB5
:10320000FFFFFFFFFFFFFFFFFFFFFFFFFFFFFFFFCE
:10321000FFFFFFFFFFFFFFFFFFFFFFFFFFFFFFFFBE
:10322000FFFFFFFFFFFFFFFF4B4B5858E3DFEFEBC4
:10323000F0ECF2ECF3EFF3EEF3F0F4F0FFFF848444
:10324000FFFFFFFFFFFFFFFFFFFFFFFFFFFFFFFF8E
:10325000FFFFFFFFFFFFFFFFFFFFFFFFFFFFFFFF7E
:10326000FFFFFFFFFFFFFFFFFFFFFFFFFFFFFFFF6E
:10327000FFFFFFFFFFFFFFFFFFFFFFFFFFFFFFFF5E
:10328000FFFFFFFFFFFFFFFFFFFFFFFFFFFFFFFF4E
:10329000FFFFFFFFFFFFFFFFFFFFFFFFFFFFE5E671
:1032A000525A3F483F483F483F483F483F483F48C1
:1032B0003F483F483F483F486E75FFFFFFFFFFFF15
:1032C000FFFFFFFFFFFFFFFFFFFFFFFFFFFFFFFF0E
:1032D000FFFFFFFFFFFFFFFFFFFFFFFFFFFFFFFFFE
:1032E000FFFFFFFFFFFFFFFFFFFFFFFFFFFFFFFFEE
:1032F000FFFFFFFFFFFFFFFFFFFFFFFFFFFFFFFFDE
:10330000FFFFFFFFFFFFFFFFFFFFFFFFFFFFFFFFCD
:10331000FFFFFFFFFFFFFFFFFFFFFFFFFFFFFFFFBD
:10332000FFFFFFFFFFFFFFFFFFFFFFFFFFFFFFFFAD
:10333000FFFFFFFFFFFFFFFFFFFFFFFFFFFFFFFF9D
:10334000FFFFFFFFFFFFFFFFFFFFFFFFFFFFFFFF8D
:1033500052525959B2B3AEB1B2B4B3B6B5B8B9BBA3
:10336000BBBDBEBFC3C4CACAFFFFFFFFFFFFFFFF55
:10337000FFFFFFFFFFFFFFFFFFFFFFFFFFFFFFFF5D
:10338000FFFFFFFFFFFFFFFFFFFFFFFFFFFFFFFF4D
:10339000FFFFFFFFFFFFFFFFFFFFFFFF4B4D585AEF
:1033A000DFDBEBE6ECE6ECE8EFE8EEE8F0EAF0EA8B
:1033B000FFFA8485FFFFFFFFFFFFFFFFFFFFFFFF17
:1033C000FFFFFFFFFFFFFFFFFFFFFFFFFFFFFFFF0D
:1033D000FFFFFFFFFFFFFFFFFFFFFFFFFFFFFFFFFD
:1033E000FFFFFFFFFFFFFFFFFFFFFFFFFFFFFFFFED
:1033F000FFFFFFFFFFFFFFFFFFFFFFFFFFFFFFFFDD
:10340000FFFFFFFFFFFFFFFFFFFFFFFFFFFFFFFFCC
:10341000FFFFE6F85AD148CC48CC48CC48CC48CC41
:1034200048CC48CC48CC48CC48CC48CC75D9FFFFD8
:10343000FFFFFFFFFFFFFFFFFFFFFFFFFFFFFFFF9C
:10344000FFFFFFFFFFFFFFFFFFFFFFFFFFFFFFFF8C
:10345000FFFFFFFFFFFFFFFFFFFFFFFFFFFFFFFF7C
:10346000FFFFFFFFFFFFFFFFFFFFFFFFFFFFFFFF6C
:10347000FFFFFFFFFFFFFFFFFFFFFFFFFFFFFFFF5C
:10348000FFFFFFFFFFFFFFFFFFFFFFFFFFFFFFFF4C
:10349000FFFFFFFFFFFFFFFFFFFFFFFFFFFFFFFF3C
:1034A000FFFFFFFFFFFFFFFFFFFFFFFFFFFFFFFF2C
:1034B000FFFFFFFFFFFFFFFFFFFFFFFFFFFFFFFF1C
:1034C000FFFFFFFF5254595BB3BBB1BAB4BEB6C2E3
:1034D000B8C4BBC6BDC8BFCAC4CDCACBFFFFFFFFBF
:1034E000FFFFFFFFFFFFFFFFFFFFFFFFFFFFFFFFEC
:1034F000FFFFFFFFFFFFFFFFFFFFFFFFFFFFFFFFDC
:10350000FFFFFFFFFFFFFFFFFFFFFFFFFFFFFFFFCB
:103510004B4B5858E0DDEBE8EFEBF1EDF2ECF3EF5D
:10352000F3EEF4F0FFFF8484FFFFFFFFFFFFFFFFD8
:10353000FFFFFFFFFFFFFFFFFFFFFFFFFFFFFFFF9B
:10354000FFFFFFFFFFFFFFFFFFFFFFFFFFFFFFFF8B
:10355000FFFFFFFFFFFFFFFFFFFFFFFFFFFFFFFF7B
:10356000FFFFFFFFFFFFFFFFFFFFFFFFFFFFFFFF6B
:10357000FFFFFFFFFFFFFFFFFFFFFFFFFFFFFFFF5B
:10358000FFFFFFFFFFFFFFFFFFFFFFFFD2D48C9184
:10359000656D3F483F483F48656D8C91E5E6FFFF0C
:1035A000FFFFFFFFFFFFFFFFFFFFFFFFFFFFFFFF2B
:1035B000FFFFFFFFFFFFFFFFFFFFFFFFFFFFFFFF1B
:1035C000FFFFFFFFFFFFFFFFFFFFFFFFFFFFFFFF0B
:1035D000FFFFFFFFFFFFFFFFFFFFFFFFFFFFFFFFFB
:1035E000FFFFFFFFFFFFFFFFFFFFFFFFFFFFFFFFEB
:1035F000FFFFFFFFFFFFFFFFFFFFFFFFFFFFFFFFDB
:10360000FFFFFFFFFFFFFFFFFFFFFFFFFFFFFFFFCA
:10361000FFFFFFFFFFFFFFFFFFFFFFFFFFFFFFFFBA
:10362000FFFFFFFFFFFFFFFFFFFFFFFFFFFFFFFFAA
:10363000FFFFFFFFFFFFFFFF52525959AEB0ACAD85
:10364000AFB1B1B4B5B6B5B8B9BABCBCB1B3CACAFA
:10365000FFFFFFFFFFFFFFFFFFFFFFFFFFFFFFFF7A
:10366000FFFFFFFFFFFFFFFFFFFFFFFFFFFFFFFF6A
:10367000FFFFFFFFFFFFFFFFFFFFFFFFFFFFFFFF5A
:10368000FFFFFFFF4B4D585ADDD7E8E4EBE6EDE6D0
:10369000ECE8EFE8EEE8F0EAFFFA8485FFFFFFFFD1
:1036A000FFFFFFFFFFFFFFFFFFFFFFFFFFFFFFFF2A
:1036B000FFFFFFFFFFFFFFFFFFFFFFFFFFFFFFFF1A
:1036C000FFFFFFFFFFFFFFFFFFFFFFFFFFFFFFFF0A
:1036D000FFFFFFFFFFFFFFFFFFFFFFFFFFFFFFFFFA
:1036E000FFFFFFFFFFFFFFFFFFFFFFFFFFFFFFFFEA
:1036F000FFFFFFFFFFFFFFFFFFFFFFFFFFFFFFFFDA
:10370000D4F391E06DD648CC48CC48CC6DD691E04E
:10371000E6F8FFFFFFFFFFFFFFFFFFFFFFFFFFFFD9
:10372000FFFFFFFFFFFFFFFFFFFFFFFFFFFFFFFFA9
:10373000FFFFFFFFFFFFFFFFFFFFFFFFFFFFFFFF99
:10374000FFFFFFFFFFFFFFFFFFFFFFFFFFFFFFFF89
:10375000FFFFFFFFFFFFFFFFFFFFFFFFFFFFFFFF79
:10376000FFFFFFFFFFFFFFFFFFFFFFFFFFFFFFFF69
:10377000FFFFFFFFFFFFFFFFFFFFFFFFFFFFFFFF59
:10378000FFFFFFFFFFFFFFFFFFFFFFFFFFFFFFFF49
:10379000FFFFFFFFFFFFFFFFFFFFFFFFFFFFFFFF39
:1037A000FFFFFFFFFFFFFFFFFFFFFFFF5254595BCB
:1037B000B0B7ADB5B1BBB4BEB6C2B8C4BAC7BCC869
:1037C000B3BACACBFFFFFFFFFFFFFFFFFFFFFFFF03
:1037D000FFFFFFFFFFFFFFFFFFFFFFFFFFFFFFFFF9
:1037E000FFFFFFFFFFFFFFFFFFFFFFFFFFFFFFFFE9
:1037F000FFFFFFFFFFFFFFFF4B4B5A5ADEDBEAE7FD
:10380000EDE8EFEBF1ECF2ECF3EFF3EEFFFF848485
:10381000FFFFFFFFFFFFFFFFFFFFFFFFFFFFFFFFB8
:10382000FFFFFFFFFFFFFFFFFFFFFFFFFFFFFFFFA8
:10383000FFFFFFFFFFFFFFFFFFFFFFFFFFFFFFFF98
:10384000FFFFFFFFFFFFFFFFFFFFFFFFFFFFFFFF88
:10385000FFFFFFFFFFFFFFFFFFFFFFFFFFFFFFFF78
:10386000FFFFFFFFFFFFFFFFFFFFFFFFFFFFFFFF68
:10387000FFFFFFFFFFFFFFFFFFFFFFFFFFFFFFFF58
:10388000FFFFFFFFFFFFFFFFFFFFFFFFFFFFFFFF48
:10389000FFFFFFFFFFFFFFFFFFFFFFFFFFFFFFFF38
:1038A000FFFFFFFFFFFFFFFFFFFFFFFFFFFFFFFF28
:1038B000FFFFFFFFFFFFFFFFFFFFFFFFFFFFFFFF18
:1038C000FFFFFFFFFFFFFFFFFFFFFFFFFFFFFFFF08
:1038D000FFFFFFFFFFFFFFFFFFFFFFFFFFFFFFFFF8
:1038E000FFFFFFFFFFFFFFFFFFFFFFFFFFFFFFFFE8
:1038F000FFFFFFFFFFFFFFFFFFFFFFFFFFFFFFFFD8
:10390000FFFFFFFFFFFFFFFFFFFFFFFFFFFFFFFFC7
:10391000FFFFFFFFFFFFFFFFFFFFFFFFFFFFFFFFB7
:1039200052525959ABACA9AAACAEAEB1B2B4B4B60E
:10393000B5B9B9BAAFB3CACAFFFFFFFFFFFFFFFFB8
:10394000FFFFFFFFFFFFFFFFFFFFFFFFFFFFFFFF87
:10395000FFFFFFFFFFFFFFFFFFFFFFFFFFFFFFFF77
:10396000FFFFFFFFFFFFFFFFFFFFFFFF4B4D5A5C15
:10397000DBD7E7E1E8E4EBE6ECE6ECE8EFE8EEE8DD
:10398000FFFA8485FFFFFFFFFFFFFFFFFFFFFFFF41
:10399000FFFFFFFFFFFFFFFFFFFFFFFFFFFFFFFF37
:1039A000FFFFFFFFFFFFFFFFFFFFFFFFFFFFFFFF27
:1039B000FFFFFFFFFFFFFFFFFFFFFFFFFFFFFFFF17
:1039C000FFFFFFFFFFFFFFFFFFFFFFFFFFFFFFFF07
:1039D000FFFFFFFFFFFFFFFFFFFFFFFFFFFFFFFFF7
:1039E000FFFFFFFFFFFFFFFFFFFFFFFFFFFFFFFFE7
:1039F000FFFFFFFFFFFFFFFFFFFFFFFFFFFFFFFFD7
:103A0000FFFFFFFFFFFFFFFFFFFFFFFFFFFFFFFFC6
:103A1000FFFFFFFFFFFFFFFFFFFFFFFFFFFFFFFFB6
:103A2000FFFFFFFFFFFFFFFFFFFFFFFFFFFFFFFFA6
:103A3000FFFFFFFFFFFFFFFFFFFFFFFFFFFFFFFF96
:103A4000FFFFFFFFFFFFFFFFFFFFFFFFFFFFFFFF86
:103A5000FFFFFFFFFFFFFFFFFFFFFFFFFFFFFFFF76
:103A6000FFFFFFFFFFFFFFFFFFFFFFFFFFFFFFFF66
:103A7000FFFFFFFFFFFFFFFFFFFFFFFFFFFFFFFF56
:103A8000FFFFFFFFFFFFFFFFFFFFFFFFFFFFFFFF46
:103A9000FFFFFFFF5254595BACB2AAB2AEB6B1BB46
:103AA000B4BFB6C2B9C5BAC7B3BACACBFFFFFFFF2E
:103AB000FFFFFFFFFFFFFFFFFFFFFFFFFFFFFFFF16
:103AC000FFFFFFFFFFFFFFFFFFFFFFFFFFFFFFFF06
:103AD000FFFFFFFFFFFFFFFFFFFFFFFFFFFFFFFFF6
:103AE0004D4D5B5CDAD6E7E4E9E7ECE9EEECF0EDAE
:103AF000F1EDF3EFFFFF8484FFFFFFFFFFFFFFFF08
:103B0000FFFFFFFFFFFFFFFFFFFFFFFFFFFFFFFFC5
:103B1000FFFFFFFFFFFFFFFFFFFFFFFFFFFFFFFFB5
:103B2000FFFFFFFFFFFFFFFFFFFFFFFFFFFFFFFFA5
:103B3000FFFFFFFFFFFFFFFFFFFFFFFFFFFFFFFF95
:103B4000FFFFFFFFFFFFFFFFFFFFFFFFFFFFFFFF85
:103B5000FFFFFFFFFFFFFFFFFFFFFFFFFFFFFFFF75
:103B6000FFFFFFFFFFFFFFFFFFFFFFFFFFFFFFFF65
:103B7000FFFFFFFFFFFFFFFFFFFFFFFFFFFFFFFF55
:103B8000FFFFFFFFFFFFFFFFFFFFFFFFFFFFFFFF45
:103B9000FFFFFFFFFFFFFFFFFFFFFFFFFFFFFFFF35
:103BA000FFFFFFFFFFFFFFFFFFFFFFFFFFFFFFFF25
:103BB000FFFFFFFFFFFFFFFFFFFFFFFFFFFFFFFF15
:103BC000FFFFFFFFFFFFFFFFFFFFFFFFFFFFFFFF05
:103BD000FFFFFFFFFFFFFFFFFFFFFFFFFFFFFFFFF5
:103BE000FFFFFFFFFFFFFFFFFFFFFFFFFFFFFFFFE5
:103BF000FFFFFFFFFFFFFFFFFFFFFFFFFFFFFFFFD5
:103C0000FFFFFFFFFFFFFFFF52525959A6A8A5A7CC
:103C1000A9AAACAFB0B1B1B4B3B6B5B9AEB0CACA67
:103C2000FFFFFFFFFFFFFFFFFFFFFFFFFFFFFFFFA4
:103C3000FFFFFFFFFFFFFFFFFFFFFFFFFFFFFFFF94
:103C4000FFFFFFFFFFFFFFFFFFFFFFFFFFFFFFFF84
:103C5000FFFFFFFF4D4F5C5ED6D4E4E0E7E1E9E310
:103C6000ECE6EDE6EDE8EFE7FFF98485FFFFFFFF07
:103C7000FFFFFFFFFFFFFFFFFFFFFFFFFFFFFFFF54
:103C8000FFFFFFFFFFFFFFFFFFFFFFFFFFFFFFFF44
:103C9000FFFFFFFFFFFFFFFFFFFFFFFFFFFFFFFF34
:103CA000FFFFFFFFFFFFFFFFFFFFFFFFFFFFFFFF24
:103CB000FFFFFFFFFFFFFFFFFFFFFFFFFFFFFFFF14
:103CC000FFFFFFFFFFFFFFFFFFFFFFFFFFFFFFFF04
:103CD000FFFFFFFFFFFFFFFFFFFFFFFFFFFFFFFFF4
:103CE000FFFFFFFFFFFFFFFFFFFFFFFFFFFFFFFFE4
:103CF000FFFFFFFFFFFFFFFFFFFFFFFFFFFFFFFFD4
:103D0000FFFFFFFFFFFFFFFFFFFFFFFFFFFFFFFFC3
:103D1000FFFFFFFFFFFFFFFFFFFFFFFFFFFFFFFFB3
:103D2000FFFFFFFFFFFFFFFFFFFFFFFFFFFFFFFFA3
:103D3000FFFFFFFFFFFFFFFFFFFFFFFFFFFFFFFF93
:103D4000FFFFFFFFFFFFFFFFFFFFFFFFFFFFFFFF83
:103D5000FFFFFFFFFFFFFFFFFFFFFFFFFFFFFFFF73
:103D6000FFFFFFFFFFFFFFFFFFFFFFFFFFFFFFFF63
:103D7000FFFFFFFFFFFFFFFFFFFFFFFF5254595BF5
:103D8000A8ACA7ABAAB1AFB6B1BBB4BFB6C3B9C5F7
:103D9000B0B8CACBFFFFFFFFFFFFFFFFFFFFFFFF32
:103DA000FFFFFFFFFFFFFFFFFFFFFFFFFFFFFFFF23
:103DB000FFFFFFFFFFFFFFFFFFFFFFFFFFFFFFFF13
:103DC000FFFFFFFFFFFFFFFF4E4E5B5CD6D3E4E03B
:103DD000E8E4EAE7ECE8EFECF0EDF1EDFFFF8484D6
:103DE000FFFFFFFFFFFFFFFFFFFF525257575757DD
:103DF0005757575757575757575757575757575753
:103E00005757575757575757575757575757575742
:103E10005757575757575757575757575757575732
:103E20005757575757575757575757575757575722
:103E30005757575757575757575757575757575712
:103E40005757575757575757575757575757575702
:103E500057575757575757575757575757575757F2
:103E600057575757575757575757575757575757E2
:103E700057575757575757575757575757575757D2
:103E800057575757575757575757575757575757C2
:103E900057575757575757575757575757575757B2
:103EA00057575757575757575757575757575757A2
:103EB0005757575757575757575757575757575792
:103EC0005757575757575757575757575757575782
:103ED0005757575757575757575757575757575772
:103EE000575757575353F8F8FFFFFFFFFFFFFFFFE8
:103EF00052525959A1A1A2A3A5A7A9AAADAEB0B289
:103F0000B3B5B5B7ACAFCACAFFFFFFFFFFFFFFFFF6
:103F1000FFFFFFFFFFFFFFFFFFFFFFFFFFFFFFFFB1
:103F2000FFFFFFFFFFFFFFFFFFFFFFFFFFFFFFFFA1
:103F3000FFFFFFFFFFFFFFFFFFFFFFFF4E505C5E35
:103F4000D3CFE0DCE4E0E7E1E8E4ECE6EDE6EDE841
:103F5000FFF88485FFFFFFFFFFFFFFFFFFFF5254C5
:103F600057595759575957595759575957595759D1
:103F700057595759575957595759575957595759C1
:103F800057595759575957595759575957595759B1
:103F900057595759575957595759575957595759A1
:103FA0005759575957595759575957595759575991
:103FB0005759575957595759575957595759575981
:103FC0005759575957595759575957595759575971
:103FD0005759575957595759575957595759575961
:103FE0005759575957595759575957595759575951
:103FF0005759575957595759575957595759575941
:104000005759575957595759575957595759575930
:104010005759575957595759575957595759575920
:104020005759575957595759575957595759575910
:104030005759575957595759575957595759575900
:1040400057595759575957595759575957595759F0
:1040500057595759575957595355F8F8FFFFFFFF0C
:10406000FFFFFFFF5254595BA1A6A3A7A7ACAAB2BA
:10407000AEB7B2BCB5C0B7C3AFB8CACBFFFFFFFF86
:10408000FFFFFFFFFFFFFFFFFFFFFFFFFFFFFFFF40
:10409000FFFFFFFFFFFFFFFFFFFFFFFFFFFFFFFF30
:1040A000FFFFFFFFFFFFFFFFFFFFFFFFFFFFFFFF20
:1040B0004E4E5B5CD0CDDFDBE4E0E7E3EBE7EDE920
:1040C000EFECF0EDFFFF8484FFFFFFFFFFFFFFFF3A
:1040D000FFFF4F4F59595656565656565656565636
:1040E000565656565656565656575657565756576C
:1040F0005657565756575657565756575657565758
:104100005657565756575657565756575657565747
:10411000575757575757575757575757575757572F
:104120005757575757585758575857585758575819
:104130005758575857585758575857585758575807
:1041400057585758585858585858585858585858F1
:1041500058585858585858585858585858585858DF
:1041600058585858585858585858585858585858CF
:1041700058585858585857585758575857585758C4
:1041800057585758575857585758575857585758B7
:1041900057585758575857585758575857585758A7
:1041A000575757575757575757575757575757579F
:1041B0005657565756575657565756575657565797
:1041C0005657565656565656565655565556565690
:1041D000FFFFFFFFFFFFFFFF525259599D9D9D9D1D
:1041E000A1A2A6A7A9AAADAFB0B2B4B5AAADCACADA
:1041F000FFFFFFFFFFFFFFFFFFFFFFFFFFFFFFFFCF
:10420000FFFFFFFFFFFFFFFFFFFFFFFFFFFFFFFFBE
:10421000FFFFFFFFFFFFFFFFFFFFFFFFFFFFFFFFAE
:10422000FFFFFFFF4E505C5ECDCBDBD7E0DDE3DF71
:10423000E7E1E9E5ECE7EDE6FFF88485FFFFFFFF46
:10424000FFFFFFFFFFFF4F51595B56585658565816
:1042500056585658565856595659565957595759E7
:1042600057595759575957595759575957595759CE
:1042700057595759575957595759575957595759BE
:1042800057595759575957595759575957595759AE
:104290005759575957595759585958595859585A99
:1042A000585A585A585A585A585A585A585A585A7E
:1042B000585A585A585A585A585A585A585A585A6E
:1042C000585A585A585A585A585A585A585A585A5E
:1042D000585A585A585A585A585A585A585A585A4E
:1042E000585A585A585A585A585A585A585A585A3E
:1042F000585A585A585A585A585A585A585A585A2E
:10430000585A585A585A585A585A585A585A585A1D
:10431000585958595759575957595759575957591B
:10432000575957595759575957595759575957590D
:104330005759575957595658565856585658565807
:1043400056585658FFFFFFFFFFFFFFFF5255595BBE
:104350009D9E9DA1A2A6A7ADAAB2AFB8B2BCB5C0A2
:10436000ADB7CACBFFFFFFFFFFFFFFFFFFFFFFFF60
:10437000FFFFFFFFFFFFFFFFFFFFFFFFFFFFFFFF4D
:10438000FFFF7A7A8585858588889595FFFFFFFFF1
:10439000FFFFCDCDFFFFFFFF4E4E5B5CCCC7D9D6F4
:1043A000E0DBE4E1E8E3EBE7ECE9EFEBFFFE84843C
:1043B000FFFFFFFFFFFFFFFFFFFF4F4F585AFFFFB9
:1043C000FFFBFDFBFCF7FBF6FBF5F8F4F5F1F5F070
:1043D000F2EDF1ECEDEAECE8EAE5E9E4E8E3E6E247
:1043E000E5DFE3DEE1DDE0DBDEDADBD7DBD6D8D408
:1043F000D7D1D4D1D2CED0CDCFCACDCACBC8C9C6E1
:10440000C8C4C5C2C4C1C1BFC1BDBEBBBCBAB9B7B7
:10441000B7B6B5B4B4B3B1B1AFAFAEADABABAAA89C
:10442000A7A7A7A5A4A4A2A29EA09D9E9B9D9A9B80
:10443000979896979396949696969596959895971D
:1044400095979597959796979697969898999899FE
:1044500098999899989A999A9A9B9B9B9C9C9B9DBA
:104460009C9E9C9D9E9F9F9EA1A0A2A1A3A5A3A34D
:10447000A6A6A6A8A9A9AAAAABABAEAEAEB0B1B18A
:10448000B3B2B4B3B7B6B8B8BBBBBDBCC0BFC3C191
:10449000C6C4C8C6CBC8CDCBCFCED4D2D6D5DAD839
:1044A000DEDCE1DFE6E2E7E6EDEBF1F0F7F6FCFA61
:1044B000FFFFFFFFFFFF7C7CFFFFFFFFFFFFFFFF12
:1044C00053535959979799989D9EA1A3A6A7AAAB14
:1044D000AFAEB0B2A9ACCACAFFFFFFFFFFFFFFFF3C
:1044E000FFFFFFFFFFFFFFFFFFFFFFFFFFFFFFFFDC
:1044F000FFFFFFFFFFFF7A7C85878587888B959775
:10450000FFFFFFFFFFFFCDCDFFFFFFFF4E505C5EC3
:10451000C7C7D6D4DBD8E1DDE3E0E7E1E9E5EBE7C7
:10452000FEF88485FFFFFFFFFFFFFFFFFFFF4F51F6
:104530005A5CFFFBFBF5FBF2F7F3F6F2F5EEF4EE57
:10454000F1EDF0EAEDE9ECE9EAE6E8E5E5E2E4E3DD
:10455000E3E0E2E0DFDEDEDDDDDBDBDADAD8D7D791
:10456000D6D6D4D6D1D2D1D1CED0CDCECACCCACC4B
:10457000C8CAC6C8C4C7C2C4C1C4BFC3BDC0BBBF0C
:10458000BABEB7BBB6BBB4B8B3B8B1B4AFB4ADB2D2
:10459000ABB0A8AEA7AEA5ACA4AAA2A9A0A79EA6A0
:1045A0009DA59BA198A097A0969E969F969F969F4B
:1045B000989F97A097A097A097A097A097A098A042
:1045C00099A099A199A199A19AA29AA29BA29BA410
:1045D0009CA39DA59EA69DA59FA79EA6A0A8A1A9B8
:1045E000A5ABA3ACA6ADA8AEA9AFAAB0ABB1AEB314
:1045F000B0B5B1B6B2B8B3B8B6BBB8BDBBBFBCC03E
:10460000BFC3C1C5C4C8C6CAC8CDCBCECED0D2D414
:10461000D5D6D8D9DCDCDFE0E2E2E6E6EBE9F0EE85
:10462000F6F3FAF7FFFAFFFFFFFF7C7DFFFFFFFFC6
:10463000FFFFFFFF5355595B9798989A9EA2A3A737
:10464000A7ADABB3AEB8B2BCACB5CACBFFFFFFFFF2
:10465000FFFFFFFFFFFFFFFFFFFFFFFFFFFFFFFF6A
:10466000FFFFFFFFFFFFFFFFFFFF31315757575796
:1046700046464B4BF9F9FFFFFFFF3F3FFFFFFFFFB0
:104680004E4E5B5CC7C3D5D1D9D6E0DCE5E1E8E5A9
:10469000EBE8ECE8FFFD8484FFFFFFFFFFFFFFFF77
:1046A000FFFF5151585AF4EFECE9ECE8EAE8E9E58C
:1046B000E8E4E7E2E5E1E3DFE2DEE0DCDFDBDCD8F3
:1046C000DAD7D9D5D8D4D8D3D5D3D4D0D2CFD3CEA6
:1046D000D1CCCFCBCCC8CBC7C9C6C8C4C8C3C4C152
:1046E000C3C0C2BDC0BCBFBBBCB9BCB8B9B7B8B50C
:1046F000B6B3B6B2B3B0B0AFAEADADACABAAAAA8CC
:10470000A7A7A6A6A4A3A3A3A2A09F9F9D9E9C9C8F
:104710009B9B989897989496949391928F918E9052
:104720008F9190919090909290929092909290927E
:10473000909291929192919292939293929292945A
:104740009293949594959495949795979697979915
:10475000999899999A9A9C9D9C9C9E9E9EA0A0A196
:10476000A1A2A3A3A4A4A6A6A7A7A9A9AAA8ACACE2
:10477000AEAEB1AFB2B2B4B3B7B6BAB8BBBABDBCE5
:10478000C1BEC2C2C6C4C9C7CBCACECCD2CFD6D294
:10479000D7D6DBDADFDEE4E3E7E6EDEBF1F06F6FCF
:1047A000FFFFFFFFFFFFFFFF535359599B9A93925F
:1047B00099999E9EA3A4A7A8AAABADAFA7AACACA5F
:1047C000FFFFFFFFFFFFFFFFFFFFFFFFFFFFFFFFF9
:1047D000FFFFFFFFFFFFFFFFFFFFFFFFFFFF313383
:1047E0005759575946494B4CF9FAFFFFFFFF3F41D4
:1047F000FFFFFFFF4E505C5EC3C2D1CFD6D5DCD8E1
:10480000E1DDE5E1E8E2E8E5FDF78485FFFFFFFF94
:10481000FFFFFFFFFFFF51535A5CEFEAE9E4E8E3D3
:10482000E8E1E5E2E4E1E2DDE1DDDFDCDEDADCD98E
:10483000DBD8D8D6D7D5D5D3D4D3D3D1D3D0D0D035
:10484000CFCFCECDCCCBCBCAC8C9C7C7C6C8C4C5CD
:10485000C3C4C1C3C0C1BDBFBCBEBBBDB9BCB8BB76
:10486000B7BAB5B8B3B7B2B5B0B3AFB4ADB1ACB019
:10487000AAAEA8ACA7ABA6ABA3A8A3A7A0A59FA4CC
:104880009EA49CA29BA1989F989F969D939B929A71
:10489000919A909891999199909992999299929AC6
:1048A000929A929A929A929A929A929A9399939BA6
:1048B000929A949C939C959C959C959C979E979E70
:1048C000979E99A0989F99A09AA29DA29CA39EA40E
:1048D000A0A5A1A6A2A7A3A9A4A9A6ABA7ACA9AD70
:1048E000A8AEACB1AEB2AFB3B2B6B3B7B6B9B8BB9F
:1048F000BABEBCC0BEC1C2C4C4C6C7C9CACACCCD78
:10490000CFD1D2D1D6D6DAD9DEDDE3E1E6E5EBE8E8
:10491000F0EC6F70FFFFFFFFFFFFFFFF5355595B88
:104920009A9B9293999B9EA2A4A7A8ADABB4AFB853
:10493000AAB1CACBFFFFFFFFFFFFFFFFFFFFFFFF93
:10494000FFFFFFFFFFFFFFFFFFFFFFFFFFFFFFFF77
:10495000FFFFFFFF49494545FFFF4A4A4444FFFF27
:104960003E3E4848FFFFFFFF4E4E5B5CC0BCCFCBD6
:10497000D5D1DAD6E0DCE5E1E9E5EAE7FFFB8484BE
:10498000FFFFFFFFFFFFFFFFFFFF5151585AF5F1F7
:10499000ECE8ECE9ECE8E9E8E9E5E8E5E6E2E5E1A0
:1049A000E4E0E2DDDFDDDFDBDCD8DBD7D9D4D9D44E
:1049B000D8D3D6D2D3CFD3CFD1CED1CCD0CCCCC8F4
:1049C000CCC8C9C5C8C4C6C3C4C1C3C0C1BDC0BDAD
:1049D000BEBBBCBABCB7B9B6B8B6B5B4B5B2B3B065
:1049E000B1AFAFADACABABABA9A9A7A8A6A6A5A428
:1049F000A3A3A2A0A09F9E9D9D9C9B9B97999798E7
:104A00009497939490918F918E908F919091909193
:104A10009092909290929092909290929192919284
:104A20009293929392939292929493939495959554
:104A300095969497959796979799999899999A9A00
:104A40009B9D9C9C9E9E9EA0A0A0A1A2A2A3A5A56A
:104A5000A5A6A7A7A9A9AAA9ADACAEADB1B0B2B1A0
:104A6000B5B3B7B6BAB8BBBABEBCC0BEC2C1C6C485
:104A7000C8C7CACACECDD1D0D6D2D7D6DBDADFDE10
:104A8000E3E3E8E7EDEB6667FFFFFFFFFFFFFFFFF4
:104A900053535959A09E9595929299999E9EA3A37E
:104AA000A7A8AAABA6A7CACAFFFFFFFFFFFFFFFF89
:104AB000FFFFFFFFFFFFFFFFFFFFFFFFFFFFFFFF06
:104AC000FFFFFFFFFFFFFFFF494B4549FFFF4A4B39
:104AD0004446FFFF3E41484AFFFFFFFF4E505C5EE9
:104AE000BCBDCBCAD1CFD6D4DCD8E1DDE5E1E7E26D
:104AF000FBF58485FFFFFFFFFFFFFFFFFFFF515323
:104B00005A5CF1ECE8E3E9E4E8E3E8E0E5E2E5E15A
:104B1000E2DEE1DDE0DBDDDADDDADBD8D8D6D7D5E1
:104B2000D4D3D4D4D3D1D2D1CFD0CFCFCECDCCCB80
:104B3000CCCAC8C9C8C8C5C8C4C5C3C4C1C3C0C21B
:104B4000BDBFBDBFBBBDBABCB7BBB6B9B6B8B4B7C5
:104B5000B2B5B0B3AFB4ADB1ABB0ABAFA9ADA8AA6D
:104B6000A6ABA4A9A3A6A0A59FA59DA49CA29BA11A
:104B7000999F989F979E949B9199919A90989199BB
:104B8000919991999299929A929A929A929A929ACA
:104B9000929A929A939A9399939B929A949C939CAB
:104BA000959C959C969D979E979E979E99A0989F61
:104BB00099A09AA19DA29CA39EA4A0A6A0A6A2A7EC
:104BC000A3A8A5A9A6ABA7ACA9AEA9AEACB1ADB23E
:104BD000B0B3B1B5B3B8B6B9B8BBBABEBCC0BEC24B
:104BE000C1C3C4C6C7C8CACBCDCED0D1D2D2D6D508
:104BF000DAD9DEDDE3E0E7E4EBE86769FFFFFFFF1A
:104C0000FFFFFFFF5355595B9E9F95969293999C8A
:104C10009EA2A3A9A8AEABB3A7AECACBFFFFFFFF6E
:104C2000FFFFFFFFFFFFFFFFFFFFFFFFFFFFFFFF94
:104C3000FFFFFFFFFFFFFFFFFFFFFFFF4949454564
:104C4000FFFF4A4A5858484858584848FFFFFFFF56
:104C50004E4E5B5CB9B4C8C4CFCBD6D0DAD7DFDA5E
:104C6000E5E0E8E4FDFA8484FFFFFFFFFFFFFFFFBC
:104C7000FFFF5151585AF7F3EFECECE8ECE9ECE8A0
:104C8000E9E8E9E5E8E5E7E3E6E2E3DFE2DEDFDCE9
:104C9000DFDBDDD8DAD8DAD5D8D4D8D3D5D2D4D0A2
:104CA000D2CFD1CED1CDCFCBCDC9CBC7C9C6C9C547
:104CB000C7C3C5C2C3C0C1BEC0BDBEBBBDB9BBB802
:104CC000BAB7B8B6B6B3B6B2B3B0B0B0AFADAEACBB
:104CD000ABABAAA8A8A7A6A6A4A3A3A2A2A1A09F83
:104CE0009D9D9C9C9B9B9899979794979593919247
:104CF00090918E908F9190919090909290929092AE
:104D0000909290929092919291929192929392938A
:104D10009292929492939495949494969497949753
:104D200096979799999798999A9A9C9D9B9B9E9EE6
:104D30009EA0A1A1A1A1A3A3A4A4A6A6A7A7A9A937
:104D4000ABA9ACABADAEB1AFB2B1B4B3B6B6BAB855
:104D5000BBBABDBBC0BEC2C2C6C4C9C6CAC9CDCC1F
:104D6000D1CFD6D2D8D7DBDADFDFE3E3E7E6676778
:104D7000FFFFFFFFFFFFFFFF53535959A4A299976D
:104D800095939494999A9EA0A3A4A7A8A3A4CACAF1
:104D9000FFFFFFFFFFFFFFFFFFFFFFFFFFFFFFFF23
:104DA000FFFFFFFFFFFFFFFFFFFFFFFFFFFFFFFF13
:104DB000494C4549FFFF4A4B585A484A585A484AB5
:104DC000FFFFFFFF4E505C5EB4B6C4C5CBCAD0CF68
:104DD000D7D5DAD7E0DCE4E1FAF38486FFFFFFFF02
:104DE000FFFFFFFFFFFF51535A5CF3ECECE7E8E4F1
:104DF000E9E4E8E3E8E1E5E1E5E1E3DEE2DEDFDB8B
:104E0000DEDADCD9DBD8D8D6D8D5D5D3D4D4D3D133
:104E1000D2D0D0D0CFCFCECDCDCCCBCAC9C9C7C8C8
:104E2000C6C8C5C5C3C4C2C3C0C1BEC0BDBFBBBD6B
:104E3000B9BCB8BAB7BAB6B8B3B7B2B5B0B3B0B414
:104E4000ADB0ACB0ABAFA8ACA7ABA6ABA3A8A2A7C4
:104E5000A1A59FA49DA49CA29BA1999F979E979E6C
:104E6000939B929A919A90989199919990999299ED
:104E70009299929A929A929A929A929A929A929AD3
:104E80009399939B929A949C939C959C949B969DAA
:104E9000979E979E979E99A0979E99A09AA29DA251
:104EA0009BA39EA4A0A5A1A7A1A8A3A9A4A9A6ABC2
:104EB000A7ACA9ADA9AEABB0AEB1AFB3B1B5B3B706
:104EC000B6B9B8BBBABEBBC0BEC1C2C4C4C6C6C9EF
:104ED000C9CACCCDCFD1D2D1D7D6DAD9DFDEE3E182
:104EE000E6E56769FFFFFFFFFFFFFFFF5355595BD3
:104EF000A2A49799939494949A9BA0A3A4A9A8AED2
:104F0000A4ABCACBFFFFFFFFFFFFFFFFFFFFFFFFC9
:104F1000FFFFFFFFFFFFFFFFFFFFFFFFFFFFFFFFA1
:104F2000FFFFFFFF49494545FFFF4A4A5858585877
:104F300057574848FFFFFFFF4E4E5B5CB0ADC0BD0A
:104F4000C8C5D0CBD6D1DAD7E0DCE6E2FBF7939345
:104F5000FFFFFFFFFFFFFFFFFFFF5151585AF8F31C
:104F6000F0ECEFECECE8EBE8EAE7EAE8EAE6E8E5A3
:104F7000E7E2E6E2E4E0E1DEDFDDDEDBDCD9DCD83F
:104F8000D9D5D9D3D8D3D6D2D3CFD2CFD1CED1CCF5
:104F9000D0CCCDC9CBC7C9C5C8C4C6C3C4C1C4C0A1
:104FA000C2BDC1BCBEBABCB9BCB7B9B7B8B6B6B35E
:104FB000B6B1B2B0B1AFAFADADACABABAAA8A8A81B
:104FC000A6A6A5A3A3A2A2A0A09F9D9D9D9C9B9BDE
:104FD000989897989496949491928F918E908F919F
:104FE0008F919090909290929092909290929092B5
:104FF000919291929192929392939292929492938F
:10500000949594949596949795979697979999983F
:1050100098999A9A9C9D9C9C9E9E9EA09FA0A1A2BE
:10502000A2A3A4A4A5A6A6A6A9A9AAA9ACACAEAD04
:10503000B1B0B1B2B5B4B7B6BAB8BBBABDBDC1BEF6
:10504000C2C2C6C4C9C7CBC9CECCD1CFD6D2D7D69F
:10505000DBDADFE0E4E36666FFFFFFFFFFFFFFFF51
:1050600053535959A7A69D9C9898959493939A9AAF
:105070009E9FA4A59FA1CACAFFFFFFFFFFFFFFFFDE
:10508000FFFFFFFFFFFFFFFFFFFFFFFFFFFFFFFF30
:10509000FFFFFFFFFFFFFFFF494C4549FFFF4A4B62
:1050A000585A585A5759484AFFFFFFFF4E505C5E06
:1050B000ADAFBDBFC5C6CBCBD1D0D7D4DCD9E2DD37
:1050C000F7F29395FFFFFFFFFFFFFFFFFFFF515335
:1050D0005A5CF3ECECE5ECE7E8E3E8E3E7E3E8E16E
:1050E000E6E1E5E1E2DEE2DEE0DCDEDBDDDADBD8D4
:1050F000D9D6D8D5D5D3D3D4D3D1D2D1CFD0CFCF81
:10510000CECDCCCBCCC9C9C9C7C8C5C8C4C5C3C41A
:10511000C1C3C0C1BDBFBCBEBABCB9BCB7BCB7BAC5
:10512000B6B8B3B7B1B4B0B3AFB4ADB2ACB0ABAF67
:10513000A8ACA8AAA6ABA3A8A2A6A0A59FA59DA41B
:105140009CA29BA1989F989F969D949B929A919ABE
:10515000909891999199909992999299929A929AFC
:10516000929A929A929A929A929A9399939B929ADD
:10517000949C939C959C949B969D979E979E979E9E
:1051800099A0989F99A09AA19DA29CA39EA4A0A536
:10519000A0A6A2A8A3A8A4A9A6ABA6ACA9ADA9AE97
:1051A000ACB1ADB2B0B3B2B5B4B8B6B9B8BBBABEB3
:1051B000BDBFBEC2C2C4C4C6C7C9C9CACCCDCFD187
:1051C000D2D2D6D6DAD9E0DEE3E16669FFFFFFFF8F
:1051D000FFFFFFFF5355595BA6A69C9D9899949598
:1051E00093949A9D9FA3A5AAA1A7CACBFFFFFFFFF7
:1051F000FFFFFFFFFFFFFFFFFFFFFFFFFFFFFFFFBF
:10520000FFFFFFFFFFFFFFFFFFFFFFFF494945458E
:10521000FFFF4A4A4B4B747448484848FFFFFFFF62
:105220004E4E5B5CA6A5B7B4C1BCC8C4CFCCD6D12A
:10523000DCD8E0DCF8F39393FFFFFFFFFFFFFFFFF5
:10524000FFFF5151585AF9F5F1ECF0EBEEECECE8B8
:10525000EBE8EBE7E9E8E9E4E7E4E7E2E5E1E3DFEF
:10526000E2DDDFDCDFDBDDD8DAD8D9D5D8D4D8D39E
:10527000D5D2D4D0D2CFD1CED1CCCFCBCCC8CBC746
:10528000C9C6C9C5C6C3C4C1C3C0C1BDC0BCBEBBFD
:10529000BCB9BBB8BAB7B8B6B6B3B6B2B2B0B1B0B3
:1052A000AFACADACAAABA9A8A7A7A6A6A4A3A3A27E
:1052B000A1A19F9E9E9E9C9D9B9A9799969794963E
:1052C000959390918F928E908F91909190909092D3
:1052D00090929092909290929092919291929293B9
:1052E000929392939292929492939495949494968A
:1052F0009497959795969799999798999A9A9B9D2F
:105300009C9C9E9E9EA0A1A1A1A2A3A3A5A5A6A68A
:10531000A7A7A8A8ABA9ACABADAEB1AFB2B1B4B3BF
:10532000B7B6BAB8BBB9BEBBC0BEC2C2C6C4C8C796
:10533000CBCACDCCD1D0D6D2D8D7DBDAE0DE676706
:10534000FFFFFFFFFFFFFFFF53535959ABAAA1A077
:105350009C9B9898949494949A9B9FA09C9EDBDB32
:10536000FFFFFFFFFFFFFFFFFFFFFFFFFFFFFFFF4D
:10537000FFFFFFFFFFFFFFFFFFFFFFFFFFFFFFFF3D
:10538000494C4549FFFF4A4B4B4D7476484B484AC0
:10539000FFFFFFFF4E505C5EA5A9B4B6BCBFC4C6FC
:1053A000CCCBD1D1D8D5DCD9F3EF9395FFFFFFFF5C
:1053B000FFFFFFFFFFFF51535A5CF5ECECE8EBE613
:1053C000ECE7E8E3E8E3E7E3E8E1E4E1E4E1E2DE97
:1053D000E1DDDFDBDDDADCD9DBD8D8D6D8D5D5D333
:1053E000D4D4D3D1D2D0D0CFCFCECECDCCCBCBCACC
:1053F000C8C9C7C7C6C8C5C5C3C4C1C3C0C2BDBF6D
:10540000BCBEBBBDB9BCB8BAB7BAB6B8B3B7B2B513
:10541000B0B3B0B4ACB0ACAFABAFA8ACA7AAA6AABF
:10542000A3A8A2A7A1A59EA49EA49DA39AA099A06B
:10543000979E969D939A9199929A90989199919905
:1054400090999299929A929A929A929A929A929A00
:10545000929A939A9399939B929A949C939C959CDD
:10546000949B969D979E979E969D99A0979E99A096
:105470009AA29DA29CA39EA5A0A5A1A7A2A8A3A90C
:10548000A5A9A6ABA7ACA8ADA9AEABB0AEB1AFB362
:10549000B1B5B3B7B6B9B8BBB9BEBBC0BEC1C2C463
:1054A000C4C6C7C8CACACCCDD0D1D2D2D7D6DAD911
:1054B000DEDD6769FFFFFFFFFFFFFFFF5355595B0D
:1054C000AAA9A09F9B9C9899949594959B9DA0A414
:1054D0009EA2DBDCFFFFFFFFFFFFFFFFFFFFFFFFE1
:1054E000FFFFFFFFFFFFFFFFFFFFFFFFFFFFFFFFCC
:1054F000FFFFFFFF7E7E7B7BFFFF7F7F7F7FFFFFC6
:105500007B7B7C7CFFFFFFFF65656161A0A0B4B37E
:10551000C0BECBC8D5D1DDD9E3DEE9E5FFFC93936E
:10552000FFFFFFFFFFFFFFFFFFFF4A4A5F5FFFFF35
:10553000FDF9FDF6FBF6FAF6F7F3F6F2F5F1F4F104
:10554000F4F0F2EFF1ECF0EBEDE8EBE7E9E5E8E49D
:10555000E5E2E5E0E2DDE2DCE1DBDFDADCD8DBD767
:10556000DAD6D8D3D8D3D4D0D3CFD1CDD0CCCECB1C
:10557000CCC8CAC7C9C4C7C3C5C1C3C0C2BEC0BDE9
:10558000BEBBBCBABBB8B9B6B7B5B4B2B2B1B1AFB5
:10559000AFAEACACACAAA9A8A8A7A5A4A3A3A2A28D
:1055A000A0A19E9E9B9C9B9B979A97979394929366
:1055B00091939193929392929294929492949294C2
:1055C000929493949394939494959495949594959C
:1055D00096969496969798989899979A989B999A50
:1055E0009A9C9C9C9C9D9E9D9FA0A0A0A2A2A2A3D1
:1055F000A3A4A4A6A5A8A9A8AAABABABAEAEAFAE18
:10560000B1B1B3B3B6B5B8B7BAB9BDBCC0BDC2C00D
:10561000C4C3C7C5C9C8CDCBD0CED3D1D6D4DAD8B0
:10562000DEDAE0DFE5E4696AFFFFFFFFFFFFFFFF6F
:1056300047475F5FB8B6ACAAA8A6A3A29F9E9A9A56
:105640009B9BA2A29FA1DBDBFFFFFFFFFFFFFFFFF2
:10565000FFFFFFFFFFFFFFFFFFFFFFFFFFFFFFFF5A
:10566000FFFFFFFFFFFFFFFF7E807B7CFFFF7F8050
:105670007F80FFFF7B7E7C7EFFFFFFFF65676162AF
:10568000A0A6B3B8BEC1C8CAD1D2D9D7DEDDE5E382
:10569000FCF79395FFFFFFFFFFFFFFFFFFFF4A4C63
:1056A0005F60FFF8F9F1F6F2F6F0F6F0F3EDF2EDE7
:1056B000F1EDF1EBF0EBEFEAECE8EBE7E8E5E7E33F
:1056C000E5E2E4E1E2DEE0DEDDDADCDCDBD9DAD8FB
:1056D000D8D7D7D6D6D5D3D2D3D1D0D1CFCFCDCF9F
:1056E000CCCDCBCCC8CAC7C8C4C6C3C5C1C3C0C350
:1056F000BEC2BDC0BBBEBABDB8BBB6B9B5B9B2B704
:10570000B1B5AFB3AEB2ACB0AAAFA8ADA7ABA4AAC7
:10571000A3A9A2A8A1A79EA59CA39BA39AA1979F7A
:10572000949E939D939B939B939B929B949C949DFF
:10573000949D949D949D949D949D949D959D959DDF
:10574000959E959D969F969F979F989F99A09AA1A9
:105750009BA29AA29CA39CA39DA49DA4A0A6A0A743
:10576000A2A7A3A9A4AAA6ABA8ACA8AEABB0ABB1A4
:10577000AEB2AEB3B1B6B3B8B5B9B7BAB9BDBCBFC6
:10578000BDC1C0C4C3C6C5C8C8CACBCDCECFD1D198
:10579000D4D5D8D9DADADFDEE4E26A6CFFFFFFFFA6
:1057A000FFFFFFFF474A5F60B6B6AAABA6A7A2A35A
:1057B0009E9F9A9B9B9CA2A4A1A4DBDAFFFFFFFF04
:1057C000FFFFFFFFFFFFFFFFFFFFFFFFFFFFFFFFE9
:1057D000FFFFFFFFFFFFFFFFFFFFFFFFFFFFFFFFD9
:1057E000FFFFFFFFFFFFFFFFFFFFFFFFFFFFFFFFC9
:1057F000FFFF79795F5F5E5E5E5E5D5D5D5D5C5D56
:105800005C5C5C5C5C5C9C9CFFFFFFFFFFFFFFFF40
:10581000FFFFFFFF59594343424242424242424244
:10582000424242434243434343434343434343434C
:105830004343434343434343434343434344434436
:105840004444444444444444444444444444444418
:105850004444444444444445444545454545454500
:1058600045454545454545454545454545454545E8
:1058700046464646464646464646464646464646C8
:1058800046464646464747474747474747474747AD
:105890004747474747474747474747474747474798
:1058A0004747474747474747474747474747474788
:1058B0004747474747474747474747474747474778
:1058C0004747474747474747474747474747474768
:1058D0004747474747474746464646464646464661
:1058E0004646464646464646464646464646464658
:1058F0004545454545454545454545454545454558
:105900004444444444444444444444444343454557
:10591000FFFFFFFFFFFFFFFFFFFF55554A4A4A4ABF
:105920004A4A4A4A4B4A4B4B4B4B4B4B4B4BD7D7B4
:10593000FFFFFFFFFFFFFFFFFFFFFFFFFFFFFFFF77
:10594000FFFFFFFFFFFFFFFFFFFFFFFFFFFFFFFF67
:10595000FFFFFFFFFFFFFFFFFFFFFFFFFFFFFFFF57
:10596000FFFFFFFFFFFF797B5F615E605E605D5F51
:105970005D5F5D5F5C5F5C5E5C5E9C9DFFFFFFFF4B
:10598000FFFFFFFFFFFFFFFF595B434542454245D5
:1059900042454245424543454345434543454345CA
:1059A00043464346434643464346434643464346AF
:1059B0004446444644464446444644464446444796
:1059C000444744474447444744474547454745477C
:1059D0004547454745474547454745474548454865
:1059E0004548454846484648464846484648464849
:1059F0004648464846484648474847494749474930
:105A00004749474947494749474947494749474916
:105A10004749474947494749474947494749474906
:105A200047494749474947494749474947494749F6
:105A300047494749474947494749474947494749E6
:105A400047494749474947494749464946484648DB
:105A500046484648464846484648464846484648D6
:105A600046484648454845474547454745474547D1
:105A700045474547444744474446444644464446D0
:105A800043464547FFFFFFFFFFFFFFFFFFFF555660
:105A90004A4C4A4C4A4D4A4D4A4D4B4D4B4D4B4D4D
:105AA0004B4ED7D7FFFFFFFFFFFFFFFFFFFFFFFFBB
:105AB000FFFFFFFFFFFFFFFFFFFFFFFFFFFFFFFFF6
:105AC000FFFFFFFFFFFFFFFFFFFFFFFFFFFFFFFFE6
:105AD000FFFFFFFFFFFFFFFFFFFFFFFFFFFFFFFFD6
:105AE000FFFFFFFFFFFFFFFFFFFFFFFFFFFFFFFFC6
:105AF000FFFFFFFFFFFFFFFFFFFFFFFFFFFFFFFFB6
:105B0000FFFFFFFFFFFFFFFFFFFFFFFFFFFFFFFFA5
:105B1000FFFFFFFFFFFFFFFFFFFFFFFFFFFFFFFF95
:105B2000FFFFFFFFFFFFFFFFFFFFFFFFFFFFFFFF85
:105B3000FFFFFFFFFFFFFFFFFFFFFFFFFFFFFFFF75
:105B4000FFFFFFFFFFFFFFFFFFFFFFFFFFFFFFFF65
:105B5000FFFFFFFFFFFFFFFFFFFFFFFFFFFFFFFF55
:105B6000FFFFFFFFFFFFFFFFFFFFFFFFFFFFFFFF45
:105B7000FFFFFFFFFFFFFFFFFFFFFFFFFFFFFFFF35
:105B8000FFFFFFFFFFFFFFFFFFFFFFFFFFFFFFFF25
:105B9000FFFFFFFFFFFFFFFFFFFFFFFFFFFFFFFF15
:105BA000FFFFFFFFFFFFFFFFFFFFFFFFFFFFFFFF05
:105BB000FFFFFFFFFFFFFFFFFFFFFFFFFFFFFFFFF5
:105BC000FFFFFFFFFFFFFFFFFFFFFFFFFFFFFFFFE5
:105BD000FFFFFFFFFFFFFFFFFFFFFFFFFFFFFFFFD5
:105BE000FFFFFFFFFFFFFFFFFFFFFFFFFFFFFFFFC5
:105BF000FFFFFFFFFFFFFFFFFFFFFFFFFFFFFFFFB5
:105C0000FFFFFFFFFFFFFFFFFFFFFFFFFFFFFFFFA4
:105C1000FFFFFFFFFFFFFFFFFFFFFFFFFFFFFFFF94
:105C2000FFFFFFFFFFFFFFFFFFFFFFFFFFFFFFFF84
:105C3000FFFFFFFFFFFFFFFFFFFFFFFFFFFFFFFF74
:105C4000FFFFFFFFFFFFFFFFFFFFFFFFFFFFFFFF64
:105C5000FFFFFFFFFFFFFFFFFFFFFFFFFFFFFFFF54
:105C6000FFFFFFFFFFFFFFFFFFFFFFFFFFFFFFFF44
:105C7000FFFFFFFFFFFFFFFFFFFFFFFFFFFFFFFF34
:105C8000FFFFFFFFFFFFFFFFFFFFFFFFFFFFFFFF24
:105C9000FFFFFFFFFFFFFFFFFFFFFFFFFFFFFFFF14
:105CA000FFFFFFFFFFFFFFFFFFFFFFFFFFFFFFFF04
:105CB000FFFFFFFFFFFFFFFFFFFFFFFFFFFFFFFFF4
:105CC000FFFFFFFFFFFFFFFFFFFFFFFFFFFFFFFFE4
:105CD000FFFFFFFFFFFFFFFFFFFFFFFFFFFFFFFFD4
:105CE000FFFFFFFFFFFFFFFFFFFFFFFFFFFFFFFFC4
:105CF000FFFFFFFFFFFFFFFFFFFFFFFFFFFFFFFFB4
:105D0000FFFFFFFFFFFFFFFFFFFFFFFFFFFFFFFFA3
:105D1000FFFFFFFFFFFFFFFFFFFFFFFFFFFFFFFF93
:105D2000FFFFFFFFFFFFFFFFFFFFFFFFFFFFFFFF83
:105D3000FFFFFFFFFFFFFFFFFFFFFFFFFFFFFFFF73
:105D4000FFFFFFFFFFFFFFFFFFFFFFFFFFFFFFFF63
:105D5000FFFFFFFFFFFFFFFFFFFFFFFFFFFFFFFF53
:105D6000FFFFFFFFFFFFFFFFFFFFFFFFFFFFFFFF43
:105D7000FFFFFFFFFFFFFFFFFFFFFFFFFFFFFFFF33
:105D8000FFFFFFFFFFFFFFFFFFFFFFFFFFFFFFFF23
:105D9000FFFFFFFFFFFFFFFFFFFFFFFFFFFFFFFF13
:105DA000FFFFFFFFFFFFFFFFFFFFFFFFFFFFFFFF03
:105DB000FFFFFFFFFFFFFFFFFFFFFFFFFFFFFFFFF3
:105DC000FFFFFFFFFFFFFFFFFFFFFFFFFFFFFFFFE3
:105DD000FFFFFFFFFFFFFFFFFFFFFFFFFFFFFFFFD3
:105DE000FFFFFFFFFFFFFFFFFFFFFFFFFFFFFFFFC3
:105DF000FFFFFFFFFFFFFFFFFFFFFFFFFFFFFFFFB3
:105E0000FFFFFFFFFFFFFFFFFFFFFFFFFFFFFFFFA2
:105E1000FFFFFFFFFFFFFFFFFFFFFFFFFFFFFFFF92
:105E2000FFFFFFFFFFFFFFFFFFFFFFFFFFFFFFFF82
:105E3000FFFFFFFFFFFFFFFFFFFFFFFFFFFFFFFF72
:105E4000FFFFFFFFFFFFFFFFFFFFFFFFFFFFFFFF62
:105E5000FFFFFFFFFFFFFFFFFFFFFFFFFFFFFFFF52
:105E6000FFFFFFFFFFFFFFFFFFFFFFFFFFFFFFFF42
:105E7000FFFFFFFFFFFFFFFFFFFFFFFFFFFFFFFF32
:105E8000FFFFFFFFFFFFFFFFFFFFFFFFFFFFFFFF22
:105E9000FFFFFFFFFFFFFFFFFFFFFFFFFFFFFFFF12
:105EA000FFFFFFFFFFFFFFFFFFFFFFFFFFFFFFFF02
:105EB000FFFFFFFFFFFFFFFFFFFFFFFFFFFFFFFFF2
:105EC000FFFFFFFFFFFFFFFFFFFFFFFFFFFFFFFFE2
:105ED000FFFFFFFFFFFFFFFFFFFFFFFFFFFFFFFFD2
:105EE000FFFFFFFFFFFFFFFFFFFFFFFFFFFFFFFFC2
:105EF000FFFFFFFFFFFFFFFFFFFFFFFFFFFFFFFFB2
:105F0000FFFFFFFFFFFFFFFFFFFFFFFFFFFFFFFFA1
:105F1000FFFFFFFFFFFFFFFFFFFFFFFFFFFFFFFF91
:105F2000FFFFFFFFFFFFFFFFFFFFFFFFFFFFFFFF81
:105F3000FFFFFFFFFFFFFFFFFFFFFFFFFFFFFFFF71
:105F4000FFFFFFFFFFFFFFFFFFFFFFFFFFFFFFFF61
:105F5000FFFFFFFFFFFFFFFFFFFFFFFFFFFFFFFF51
:105F6000FFFFFFFFFFFFFFFFFFFFFFFFFFFFFFFF41
:105F7000FFFFFFFFFFFFFFFFFFFFFFFFFFFFFFFF31
:105F8000FFFFFFFFFFFFFFFFFFFFFFFFFFFFFFFF21
:105F9000FFFFFFFFFFFFFFFFFFFFFFFFFFFFFFFF11
:105FA000FFFFFFFFFFFFFFFFFFFFFFFFFFFFFFFF01
:105FB000FFFFFFFFFFFFFFFFFFFFFFFFFFFFFFFFF1
:105FC000FFFFFFFFFFFFFFFFFFFFFFFFFFFFFFFFE1
:105FD000FFFFFFFFFFFFFFFFFFFFFFFFFFFFFFFFD1
:105FE000FFFFFFFFFFFFFFFFFFFFFFFFFFFFFFFFC1
:105FF000FFFFFFFFFFFFFFFFFFFFFFFFFFFFFFFFB1
:10600000FFFFFFFFFFFFFFFFFFFFFFFFFFFFFFFFA0
:10601000FFFFFFFFFFFFFFFFFFFFFFFFFFFFFFFF90
:10602000FFFFFFFFFFFFFFFFFFFFFFFFFFFFFFFF80
:10603000FFFFFFFFFFFFFFFFFFFFFFFFFFFFFFFF70
:10604000FFFFFFFFFFFFFFFFFFFFFFFFFFFFFFFF60
:10605000FFFFFFFFFFFFFFFFFFFFFFFFFFFFFFFF50
:10606000FFFFFFFFFFFFFFFFFFFFFFFFFFFFFFFF40
:10607000FFFFFFFFFFFFFFFFFFFFFFFFFFFFFFFF30
:10608000FFFFFFFFFFFFFFFFFFFFFFFFFFFFFFFF20
:10609000FFFFFFFFFFFFFFFFFFFFFFFFFFFFFFFF10
:1060A000FFFFFFFFFFFFFFFFFFFFFFFFFFFFFFFF00
:1060B000FFFFFFFFFFFFFFFFFFFFFFFFFFFFFFFFF0
:1060C000FFFFFFFFFFFFFFFFFFFFFFFFFFFFFFFFE0
:1060D000FFFFFFFFFFFFFFFFFFFFFFFFFFFFFFFFD0
:1060E000FFFFFFFFFFFFFFFFFFFFFFFFFFFFFFFFC0
:1060F000FFFFFFFFFFFFFFFFFFFFFFFFFFFFFFFFB0
:10610000FFFFFFFFFFFFFFFFFFFFFFFFFFFFFFFF9F
:10611000FFFFFFFFFFFFFFFFFFFFFFFFFFFFFFFF8F
:10612000FFFFFFFFFFFFFFFFFFFFFFFFFFFFFFFF7F
:10613000FFFFFFFFFFFFFFFFFFFFFFFFFFFFFFFF6F
:10614000FFFFFFFFFFFFFFFFFFFFFFFFFFFFFFFF5F
:10615000FFFFFFFFFFFFFFFFFFFFFFFFFFFFFFFF4F
:10616000FFFFFFFFFFFFFFFFFFFFFFFFFFFFFFFF3F
:10617000FFFFFFFFFFFFFFFFFFFFFFFFFFFFFFFF2F
:10618000FFFFFFFFFFFFFFFFFFFFFFFFFFFFFFFF1F
:10619000FFFFFFFFFFFFFFFFFFFFFFFFFFFFFFFF0F
:1061A000FFFFFFFFFFFFFFFFFFFFFFFFFFFFFFFFFF
:1061B000FFFFFFFFFFFFFFFFFFFFFFFFFFFFFFFFEF
:1061C000FFFFFFFFFFFFFFFFFFFFFFFFFFFFFFFFDF
:1061D000FFFFFFFFFFFFFFFFFFFFFFFFFFFFFFFFCF
:1061E000FFFFFFFFFFFFFFFFFFFFFFFFFFFFFFFFBF
:1061F000FFFFFFFFFFFFFFFFFFFFFFFFFFFFFFFFAF
:10620000FFFFFFFFFFFFFFFFFFFFFFFFFFFFFFFF9E
:10621000FFFFFFFFFFFFFFFFFFFFFFFFFFFFFFFF8E
:10622000FFFFFFFFFFFFFFFFFFFFFFFFFFFFFFFF7E
:10623000FFFFFFFFFFFFFFFFFFFFFFFFFFFFFFFF6E
:10624000FFFFFFFFFFFFFFFFFFFFFFFFFFFFFFFF5E
:10625000FFFFFFFFFFFFFFFFFFFFFFFFFFFFFFFF4E
:10626000FFFFFFFFFFFFFFFFFFFFFFFFFFFFFFFF3E
:10627000FFFFFFFFFFFFFFFFFFFFFFFFFFFFFFFF2E
:10628000FFFFFFFFFFFFFFFFFFFFFFFFFFFFFFFF1E
:10629000FFFFFFFFFFFFFFFFFFFFFFFFFFFFFFFF0E
:1062A000FFFFFFFFFFFFFFFFFFFFFFFFFFFFFFFFFE
:1062B000FFFFFFFFFFFFFFFFFFFFFFFFFFFFFFFFEE
:1062C000FFFFFFFFFFFFFFFFFFFFFFFFFFFFFFFFDE
:1062D000FFFFFFFFFFFFFFFFFFFFFFFFFFFFFFFFCE
:1062E000FFFFFFFFFFFFFFFFFFFFFFFFFFFFFFFFBE
:1062F000FFFFFFFFFFFFFFFFFFFFFFFFFFFFFFFFAE
:10630000FFFFFFFFFFFFFFFFFFFFFFFFFFFFFFFF9D
:10631000FFFFFFFFFFFFFFFFFFFFFFFFFFFFFFFF8D
:10632000FFFFFFFFFFFFFFFFFFFFFFFFFFFFFFFF7D
:10633000FFFFFFFFFFFFFFFFFFFFFFFFFFFFFFFF6D
:10634000FFFFFFFFFFFFFFFFFFFFFFFFFFFFFFFF5D
:10635000FFFFFFFFFFFFFFFFFFFFFFFFFFFFFFFF4D
:10636000FFFFFFFFFFFFFFFFFFFFFFFFFFFFFFFF3D
:10637000FFFFFFFFFFFFFFFFFFFFFFFFFFFFFFFF2D
:10638000FFFFFFFFFFFFFFFFFFFFFFFFFFFFFFFF1D
:10639000FFFFFFFFFFFFFFFFFFFFFFFFFFFFFFFF0D
:1063A000FFFFFFFFFFFFFFFFFFFFFFFFFFFFFFFFFD
:1063B000FFFFFFFFFFFFFFFFFFFFFFFFFFFFFFFFED
:1063C000FFFFFFFFFFFFFFFFFFFFFFFFFFFFFFFFDD
:1063D000FFFFFFFFFFFFFFFFFFFFFFFFFFFFFFFFCD
:1063E000FFFFFFFFFFFFFFFFFFFFFFFFFFFFFFFFBD
:1063F000FFFFFFFFFFFFFFFFFFFFFFFFFFFFFFFFAD
:10640000FFFFFFFFFFFFFFFFFFFFFFFFFFFFFFFF9C
:10641000FFFFFFFFFFFFFFFFFFFFFFFFFFFFFFFF8C
:10642000FFFFFFFFFFFFFFFFFFFFFFFFFFFFFFFF7C
:10643000FFFFFFFFFFFFFFFFFFFFFFFFFFFFFFFF6C
:10644000FFFFFFFFFFFFFFFFFFFFFFFFFFFFFFFF5C
:10645000FFFFFFFFFFFFFFFFFFFFFFFFFFFFFFFF4C
:10646000FFFFFFFFFFFFFFFFFFFFFFFFFFFFFFFF3C
:10647000FFFFFFFFFFFFFFFFFFFFFFFFFFFFFFFF2C
:10648000FFFFFFFFFFFFFFFFFFFFFFFFFFFFFFFF1C
:10649000FFFFFFFFFFFFFFFFFFFFFFFFFFFFFFFF0C
:1064A000FFFFFFFFFFFFFFFFFFFFFFFFFFFFFFFFFC
:1064B000FFFFFFFFFFFFFFFFFFFFFFFFFFFFFFFFEC
:1064C000FFFFFFFFFFFFFFFFFFFFFFFFFFFFFFFFDC
:1064D000FFFFFFFFFFFFFFFFFFFFFFFFFFFFFFFFCC
:1064E000FFFFFFFFFFFFFFFFFFFFFFFFFFFFFFFFBC
:1064F000FFFFFFFFFFFFFFFFFFFFFFFFFFFFFFFFAC
:10650000FFFFFFFFFFFFFFFFFFFFFFFFFFFFFFFF9B
:10651000FFFFFFFFFFFFFFFFFFFFFFFFFFFFFFFF8B
:10652000FFFFFFFFFFFFFFFFFFFFFFFFFFFFFFFF7B
:10653000FFFFFFFFFFFFFFFFFFFFFFFFFFFFFFFF6B
:10654000FFFFFFFFFFFFFFFFFFFFFFFFFFFFFFFF5B
:10655000FFFFFFFFFFFFFFFFFFFFFFFFFFFFFFFF4B
:10656000FFFFFFFFFFFFFFFFFFFFFFFFFFFFFFFF3B
:10657000FFFFFFFFFFFFFFFFFFFFFFFFFFFFFFFF2B
:10658000FFFFFFFFFFFFFFFFFFFFFFFFFFFFFFFF1B
:10659000FFFFFFFFFFFFFFFFFFFFFFFFFFFFFFFF0B
:1065A000FFFFFFFFFFFFFFFFFFFFFFFFFFFFFFFFFB
:1065B000FFFFFFFFFFFFFFFFFFFFFFFFFFFFFFFFEB
:1065C000FFFFFFFFFFFFFFFFFFFFFFFFFFFFFFFFDB
:1065D000FFFFFFFFFFFFFFFFFFFFFFFFFFFFFFFFCB
:1065E000FFFFFFFFFFFFFFFFFFFFFFFFFFFFFFFFBB
:1065F000FFFFFFFFFFFFFFFFFFFFFFFFFFFFFFFFAB
:10660000FFFFFFFFFFFFFFFFFFFFFFFFFFFFFFFF9A
:10661000FFFFFFFFFFFFFFFFFFFFFFFFFFFFFFFF8A
:10662000FFFFFFFFFFFFFFFFFFFFFFFFFFFFFFFF7A
:10663000FFFFFFFFFFFFFFFFFFFFFFFFFFFFFFFF6A
:10664000FFFFFFFFFFFFFFFFFFFFFFFFFFFFFFFF5A
:10665000FFFFFFFFFFFFFFFFFFFFFFFFFFFFFFFF4A
:10666000FFFFFFFFFFFFFFFFFFFFFFFFFFFFFFFF3A
:10667000FFFFFFFFFFFFFFFFFFFFFFFFFFFFFFFF2A
:10668000FFFFFFFFFFFFFFFFFFFFFFFFFFFFFFFF1A
:10669000FFFFFFFFFFFFFFFFFFFFFFFFFFFFFFFF0A
:1066A000FFFFFFFFFFFFFFFFFFFFFFFFFFFFFFFFFA
:1066B000FFFFFFFFFFFFFFFFFFFFFFFFFFFFFFFFEA
:1066C000FFFFFFFFFFFFFFFFFFFFFFFFFFFFFFFFDA
:1066D000FFFFFFFFFFFFFFFFFFFFFFFFFFFFFFFFCA
:1066E000FFFFFFFFFFFFFFFFFFFFFFFFFFFFFFFFBA
:1066F000FFFFFFFFFFFFFFFFFFFFFFFFFFFFFFFFAA
:10670000FFFFFFFFFFFFFFFFFFFFFFFFFFFFFFFF99
:10671000FFFFFFFFFFFFFFFFFFFFFFFFFFFFFFFF89
:10672000FFFFFFFFFFFFFFFFFFFFFFFFFFFFFFFF79
:10673000FFFFFFFFFFFFFFFFFFFFFFFFFFFFFFFF69
:10674000FFFFFFFFFFFFFFFFFFFFFFFFFFFFFFFF59
:10675000FFFFFFFFFFFFFFFFFFFFFFFFFFFFFFFF49
:10676000FFFFFFFFFFFFFFFFFFFFFFFFFFFFFFFF39
:10677000FFFFFFFFFFFFFFFFFFFFFFFFFFFFFFFF29
:10678000FFFFFFFFFFFFFFFFFFFFFFFFFFFFFFFF19
:10679000FFFFFFFFFFFFFFFFFFFFFFFFFFFFFFFF09
:1067A000FFFFFFFFFFFFFFFFFFFFFFFFFFFFFFFFF9
:1067B000FFFFFFFFFFFFFFFFFFFFFFFFFFFFFFFFE9
:1067C000FFFFFFFFFFFFFFFFFFFFFFFFFFFFFFFFD9
:1067D000FFFFFFFFFFFFFFFFFFFFFFFFFFFFFFFFC9
:1067E000FFFFFFFFFFFFFFFFFFFFFFFFFFFFFFFFB9
:1067F000FFFFFFFFFFFFFFFFFFFFFFFFFFFFFFFFA9
:10680000FFFFFFFFFFFFFFFFFFFFFFFFFFFFFFFF98
:10681000FFFFFFFFFFFFFFFFFFFFFFFFFFFFFFFF88
:10682000FFFFFFFFFFFFFFFFFFFFFFFFFFFFFFFF78
:10683000FFFFFFFFFFFFFFFFFFFFFFFFFFFFFFFF68
:10684000FFFFFFFFFFFFFFFFFFFFFFFFFFFFFFFF58
:10685000FFFFFFFFFFFFFFFFFFFFFFFFFFFFFFFF48
:10686000FFFFFFFFFFFFFFFFFFFFFFFFFFFFFFFF38
:10687000FFFFFFFFFFFFFFFFFFFFFFFFFFFFFFFF28
:10688000FFFFFFFFFFFFFFFFFFFFFFFFFFFFFFFF18
:10689000FFFFFFFFFFFFFFFFFFFFFFFFFFFFFFFF08
:1068A000FFFFFFFFFFFFFFFFFFFFFFFFFFFFFFFFF8
:1068B000FFFFFFFFFFFFFFFFFFFFFFFFFFFFFFFFE8
:1068C000FFFFFFFFFFFFFFFFFFFFFFFFFFFFFFFFD8
:1068D000FFFFFFFFFFFFFFFFFFFFFFFFFFFFFFFFC8
:1068E000FFFFFFFFFFFFFFFFFFFFFFFFFFFFFFFFB8
:1068F000FFFFFFFFFFFFFFFFFFFFFFFFFFFFFFFFA8
:10690000FFFFFFFFFFFFFFFFFFFFFFFFFFFFFFFF97
:10691000FFFFFFFFFFFFFFFFFFFFFFFFFFFFFFFF87
:10692000FFFFFFFFFFFFFFFFFFFFFFFFFFFFFFFF77
:10693000FFFFFFFFFFFFFFFFFFFFFFFFFFFFFFFF67
:10694000FFFFFFFFFFFFFFFFFFFFFFFFFFFFFFFF57
:10695000FFFFFFFFFFFFFFFFFFFFFFFFFFFFFFFF47
:10696000FFFFFFFFFFFFFFFFFFFFFFFFFFFFFFFF37
:10697000FFFFFFFFFFFFFFFFFFFFFFFFFFFFFFFF27
:10698000FFFFFFFFFFFFFFFFFFFFFFFFFFFFFFFF17
:10699000FFFFFFFFFFFFFFFFFFFFFFFFFFFFFFFF07
:1069A000FFFFFFFFFFFFFFFFFFFFFFFFFFFFFFFFF7
:1069B000FFFFFFFFFFFFFFFFFFFFFFFFFFFFFFFFE7
:1069C000FFFFFFFFFFFFFFFFFFFFFFFFFFFFFFFFD7
:1069D000FFFFFFFFFFFFFFFFFFFFFFFFFFFFFFFFC7
:1069E000FFFFFFFFFFFFFFFFFFFFFFFFFFFFFFFFB7
:1069F000FFFFFFFFFFFFFFFFFFFFFFFFFFFFFFFFA7
:106A0000FFFFFFFFFFFFFFFFFFFFFFFFFFFFFFFF96
:106A1000FFFFFFFFFFFFFFFFFFFFFFFFFFFFFFFF86
:106A2000FFFFFFFFFFFFFFFFFFFFFFFFFFFFFFFF76
:106A3000FFFFFFFFFFFFFFFFFFFFFFFFFFFFFFFF66
:106A4000FFFFFFFFFFFFFFFFFFFFFFFFFFFFFFFF56
:106A5000FFFFFFFFFFFFFFFFFFFFFFFFFFFFFFFF46
:106A6000FFFFFFFFFFFFFFFFFFFFFFFFFFFFFFFF36
:106A7000FFFFFFFFFFFFFFFFFFFFFFFFFFFFFFFF26
:106A8000FFFFFFFFFFFFFFFFFFFFFFFFFFFFFFFF16
:106A9000FFFFFFFFFFFFFFFFFFFFFFFFFFFFFFFF06
:106AA000FFFFFFFFFFFFFFFFFFFFFFFFFFFFFFFFF6
:106AB000FFFFFFFFFFFFFFFFFFFFFFFFFFFFFFFFE6
:106AC000FFFFFFFFFFFFFFFFFFFFFFFFFFFFFFFFD6
:106AD000FFFFFFFFFFFFFFFFFFFFFFFFFFFFFFFFC6
:106AE000FFFFFFFFFFFFFFFFFFFFFFFFFFFFFFFFB6
:106AF000FFFFFFFFFFFFFFFFFFFFFFFFFFFFFFFFA6
:106B0000FFFFFFFFFFFFFFFFFFFFFFFFFFFFFFFF95
:106B1000FFFFFFFFFFFFFFFFFFFFFFFFFFFFFFFF85
:106B2000FFFFFFFFFFFFFFFFFFFFFFFFFFFFFFFF75
:106B3000FFFFFFFFFFFFFFFFFFFFFFFFFFFFFFFF65
:106B4000FFFFFFFFFFFFFFFFFFFFFFFFFFFFFFFF55
:106B5000FFFFFFFFFFFFFFFFFFFFFFFFFFFFFFFF45
:106B6000FFFFFFFFFFFFFFFFFFFFFFFFFFFFFFFF35
:106B7000FFFFFFFFFFFFFFFFFFFFFFFFFFFFFFFF25
:106B8000FFFFFFFFFFFFFFFFFFFFFFFFFFFFFFFF15
:106B9000FFFFFFFFFFFFFFFFFFFFFFFFFFFFFFFF05
:106BA000FFFFFFFFFFFFFFFFFFFFFFFFFFFFFFFFF5
:106BB000FFFFFFFFFFFFFFFFFFFFFFFFFFFFFFFFE5
:106BC000FFFFFFFFFFFFFFFFFFFFFFFFFFFFFFFFD5
:106BD000FFFFFFFFFFFFFFFFFFFFFFFFFFFFFFFFC5
:106BE000FFFFFFFFFFFFFFFFFFFFFFFFFFFFFFFFB5
:106BF000FFFFFFFFFFFFFFFFFFFFFFFFFFFFFFFFA5
:106C0000FFFFFFFFFFFFFFFFFFFFFFFFFFFFFFFF94
:106C1000FFFFFFFFFFFFFFFFFFFFFFFFFFFFFFFF84
:106C2000FFFFFFFFFFFFFFFFFFFFFFFFFFFFFFFF74
:106C3000FFFFFFFFFFFFFFFFFFFFFFFFFFFFFFFF64
:106C4000FFFFFFFFFFFFFFFFFFFFFFFFFFFFFFFF54
:106C5000FFFFFFFFFFFFFFFFFFFFFFFFFFFFFFFF44
:106C6000FFFFFFFFFFFFFFFFFFFFFFFFFFFFFFFF34
:106C7000FFFFFFFFFFFFFFFFFFFFFFFFFFFFFFFF24
:106C8000FFFFFFFFFFFFFFFFFFFFFFFFFFFFFFFF14
:106C9000FFFFFFFFFFFFFFFFFFFFFFFFFFFFFFFF04
:106CA000FFFFFFFFFFFFFFFFFFFFFFFFFFFFFFFFF4
:106CB000FFFFFFFFFFFFFFFFFFFFFFFFFFFFFFFFE4
:106CC000FFFFFFFFFFFFFFFFFFFFFFFFFFFFFFFFD4
:106CD000FFFFFFFFFFFFFFFFFFFFFFFFFFFFFFFFC4
:106CE000FFFFFFFFFFFFFFFFFFFFFFFFFFFFFFFFB4
:106CF000FFFFFFFFFFFFFFFFFFFFFFFFFFFFFFFFA4
:106D0000FFFFFFFFFFFFFFFFFFFFFFFFFFFFFFFF93
:106D1000FFFFFFFFFFFFFFFFFFFFFFFFFFFFFFFF83
:106D2000FFFFFFFFFFFFFFFFFFFFFFFFFFFFFFFF73
:106D3000FFFFFFFFFFFFFFFFFFFFFFFFFFFFFFFF63
:106D4000FFFFFFFFFFFFFFFFFFFFFFFFFFFFFFFF53
:106D5000FFFFFFFFFFFFFFFFFFFFFFFFFFFFFFFF43
:106D6000FFFFFFFFFFFFFFFFFFFFFFFFFFFFFFFF33
:106D7000FFFFFFFFFFFFFFFFFFFFFFFFFFFFFFFF23
:106D8000FFFFFFFFFFFFFFFFFFFFFFFFFFFFFFFF13
:106D9000FFFFFFFFFFFFFFFFFFFFFFFFFFFFFFFF03
:106DA000FFFFFFFFFFFFFFFFFFFFFFFFFFFFFFFFF3
:106DB000FFFFFFFFFFFFFFFFFFFFFFFFFFFFFFFFE3
:106DC000FFFFFFFFFFFFFFFFFFFFFFFFFFFFFFFFD3
:106DD000FFFFFFFFFFFFFFFFFFFFFFFFFFFFFFFFC3
:106DE000FFFFFFFFFFFFFFFFFFFFFFFFFFFFFFFFB3
:106DF000FFFFFFFFFFFFFFFFFFFFFFFFFFFFFFFFA3
:106E0000FFFFFFFFFFFFFFFFFFFFFFFFFFFFFFFF92
:106E1000FFFFFFFFFFFFFFFFFFFFFFFFFFFFFFFF82
:106E2000FFFFFFFFFFFFFFFFFFFFFFFFFFFFFFFF72
:106E3000FFFFFFFFFFFFFFFFFFFFFFFFFFFFFFFF62
:106E4000FFFFFFFFFFFFFFFFFFFFFFFFFFFFFFFF52
:106E5000FFFFFFFFFFFFFFFFFFFFFFFFFFFFFFFF42
:106E6000FFFFFFFFFFFFFFFFFFFFFFFFFFFFFFFF32
:106E7000FFFFFFFFFFFFFFFFFFFFFFFFFFFFFFFF22
:106E8000FFFFFFFFFFFFFFFFFFFFFFFFFFFFFFFF12
:106E9000FFFFFFFFFFFFFFFFFFFFFFFFFFFFFFFF02
:106EA000FFFFFFFFFFFFFFFFFFFFFFFFFFFFFFFFF2
:106EB000FFFFFFFFFFFFFFFFFFFFFFFFFFFFFFFFE2
:106EC000FFFFFFFFFFFFFFFFFFFFFFFFFFFFFFFFD2
:106ED000FFFFFFFFFFFFFFFFFFFFFFFFFFFFFFFFC2
:106EE000FFFFFFFFFFFFFFFFFFFFFFFFFFFFFFFFB2
:106EF000FFFFFFFFFFFFFFFFFFFFFFFFFFFFFFFFA2
:106F0000FFFFFFFFFFFFFFFFFFFFFFFFFFFFFFFF91
:106F1000FFFFFFFFFFFFFFFFFFFFFFFFFFFFFFFF81
:106F2000FFFFFFFFFFFFFFFFFFFFFFFFFFFFFFFF71
:106F3000FFFFFFFFFFFFFFFFFFFFFFFFFFFFFFFF61
:106F4000FFFFFFFFFFFFFFFFFFFFFFFFFFFFFFFF51
:106F5000FFFFFFFFFFFFFFFFFFFFFFFFFFFFFFFF41
:106F6000FFFFFFFFFFFFFFFFFFFFFFFFFFFFFFFF31
:106F7000FFFFFFFFFFFFFFFFFFFFFFFFFFFFFFFF21
:106F8000FFFFFFFFFFFFFFFFFFFFFFFFFFFFFFFF11
:106F9000FFFFFFFFFFFFFFFFFFFFFFFFFFFFFFFF01
:106FA000FFFFFFFFFFFFFFFFFFFFFFFFFFFFFFFFF1
:106FB000FFFFFFFFFFFFFFFFFFFFFFFFFFFFFFFFE1
:106FC000FFFFFFFFFFFFFFFFFFFFFFFFFFFFFFFFD1
:106FD000FFFFFFFFFFFFFFFFFFFFFFFFFFFFFFFFC1
:106FE000FFFFFFFFFFFFFFFFFFFFFFFFFFFFFFFFB1
:106FF000FFFFFFFFFFFFFFFFFFFFFFFFFFFFFFFFA1
:10700000FFFFFFFFFFFFFFFFFFFFFFFFFFFFFFFF90
:10701000FFFFFFFFFFFFFFFFFFFFFFFFFFFFFFFF80
:10702000FFFFFFFFFFFFFFFFFFFFFFFFFFFFFFFF70
:10703000FFFFFFFFFFFFFFFFFFFFFFFFFFFFFFFF60
:10704000FFFFFFFFFFFFFFFFFFFFFFFFFFFFFFFF50
:10705000FFFFFFFFFFFFFFFFFFFFFFFFFFFFFFFF40
:10706000FFFFFFFFFFFFFFFFFFFFFFFFFFFFFFFF30
:10707000FFFFFFFFFFFFFFFFFFFFFFFFFFFFFFFF20
:10708000FFFFFFFFFFFFFFFFFFFFFFFFFFFFFFFF10
:10709000FFFFFFFFFFFFFFFFFFFFFFFFFFFFFFFF00
:1070A000FFFFFFFFFFFFFFFFFFFFFFFFFFFFFFFFF0
:1070B000FFFFFFFFFFFFFFFFFFFFFFFFFFFFFFFFE0
:1070C000FFFFFFFFFFFFFFFFFFFFFFFFFFFFFFFFD0
:1070D000FFFFFFFFFFFFFFFFFFFFFFFFFFFFFFFFC0
:1070E000FFFFFFFFFFFFFFFFFFFFFFFFFFFFFFFFB0
:1070F000FFFFFFFFFFFFFFFFFFFFFFFFFFFFFFFFA0
:10710000FFFFFFFFFFFFFFFFFFFFFFFFFFFFFFFF8F
:10711000FFFFFFFFFFFFFFFFFFFFFFFFFFFFFFFF7F
:10712000FFFFFFFFFFFFFFFFFFFFFFFFFFFFFFFF6F
:10713000FFFFFFFFFFFFFFFFFFFFFFFFFFFFFFFF5F
:10714000FFFFFFFFFFFFFFFFFFFFFFFFFFFFFFFF4F
:10715000FFFFFFFFFFFFFFFFFFFFFFFFFFFFFFFF3F
:10716000FFFFFFFFFFFFFFFFFFFFFFFFFFFFFFFF2F
:10717000FFFFFFFFFFFFFFFFFFFFFFFFFFFFFFFF1F
:10718000FFFFFFFFFFFFFFFFFFFFFFFFFFFFFFFF0F
:10719000FFFFFFFFFFFFFFFFFFFFFFFFFFFFFFFFFF
:1071A000FFFFFFFFFFFFFFFFFFFFFFFFFFFFFFFFEF
:1071B000FFFFFFFFFFFFFFFFFFFFFFFFFFFFFFFFDF
:1071C000FFFFFFFFFFFFFFFFFFFFFFFFFFFFFFFFCF
:1071D000FFFFFFFFFFFFFFFFFFFFFFFFFFFFFFFFBF
:1071E000FFFFFFFFFFFFFFFFFFFFFFFFFFFFFFFFAF
:1071F000FFFFFFFFFFFFFFFFFFFFFFFFFFFFFFFF9F
:10720000FFFFFFFFFFFFFFFFFFFFFFFFFFFFFFFF8E
:10721000FFFFFFFFFFFFFFFFFFFFFFFFFFFFFFFF7E
:10722000FFFFFFFFFFFFFFFFFFFFFFFFFFFFFFFF6E
:10723000FFFFFFFFFFFFFFFFFFFFFFFFFFFFFFFF5E
:10724000FFFFFFFFFFFFFFFFFFFFFFFFFFFFFFFF4E
:10725000FFFFFFFFFFFFFFFFFFFFFFFFFFFFFFFF3E
:10726000FFFFFFFFFFFFFFFFFFFFFFFFFFFFFFFF2E
:10727000FFFFFFFFFFFFFFFFFFFFFFFFFFFFFFFF1E
:10728000FFFFFFFFFFFFFFFFFFFFFFFFFFFFFFFF0E
:10729000FFFFFFFFFFFFFFFFFFFFFFFFFFFFFFFFFE
:1072A000FFFFFFFFFFFFFFFFFFFFFFFFFFFFFFFFEE
:1072B000FFFFFFFFFFFFFFFFFFFFFFFFFFFFFFFFDE
:1072C000FFFFFFFFFFFFFFFFFFFFFFFFFFFFFFFFCE
:1072D000FFFFFFFFFFFFFFFFFFFFFFFFFFFFFFFFBE
:1072E000FFFFFFFFFFFFFFFFFFFFFFFFFFFFFFFFAE
:1072F000FFFFFFFFFFFFFFFFFFFFFFFFFFFFFFFF9E
:10730000FFFFFFFFFFFFFFFFFFFFFFFFFFFFFFFF8D
:10731000FFFFFFFFFFFFFFFFFFFFFFFFFFFFFFFF7D
:10732000FFFFFFFFFFFFFFFFFFFFFFFFFFFFFFFF6D
:10733000FFFFFFFFFFFFFFFFFFFFFFFFFFFFFFFF5D
:10734000FFFFFFFFFFFFFFFFFFFFFFFFFFFFFFFF4D
:10735000FFFFFFFFFFFFFFFFFFFFFFFFFFFFFFFF3D
:10736000FFFFFFFFFFFFFFFFFFFFFFFFFFFFFFFF2D
:10737000FFFFFFFFFFFFFFFFFFFFFFFFFFFFFFFF1D
:10738000FFFFFFFFFFFFFFFFFFFFFFFFFFFFFFFF0D
:10739000FFFFFFFFFFFFFFFFFFFFFFFFFFFFFFFFFD
:1073A000FFFFFFFFFFFFFFFFFFFFFFFFFFFFFFFFED
:1073B000FFFFFFFFFFFFFFFFFFFFFFFFFFFFFFFFDD
:1073C000FFFFFFFFFFFFFFFFFFFFFFFFFFFFFFFFCD
:1073D000FFFFFFFFFFFFFFFFFFFFFFFFFFFFFFFFBD
:1073E000FFFFFFFFFFFFFFFFFFFFFFFFFFFFFFFFAD
:1073F000FFFFFFFFFFFFFFFFFFFFFFFFFFFFFFFF9D
:10740000FFFFFFFFFFFFFFFFFFFFFFFFFFFFFFFF8C
:10741000FFFFFFFFFFFFFFFFFFFFFFFFFFFFFFFF7C
:10742000FFFFFFFFFFFFFFFFFFFFFFFFFFFFFFFF6C
:10743000FFFFFFFFFFFFFFFFFFFFFFFFFFFFFFFF5C
:10744000FFFFFFFFFFFFFFFFFFFFFFFFFFFFFFFF4C
:10745000FFFFFFFFFFFFFFFFFFFFFFFFFFFFFFFF3C
:10746000FFFFFFFFFFFFFFFFFFFFFFFFFFFFFFFF2C
:10747000FFFFFFFFFFFFFFFFFFFFFFFFFFFFFFFF1C
:10748000FFFFFFFFFFFFFFFFFFFFFFFFFFFFFFFF0C
:10749000FFFFFFFFFFFFFFFFFFFFFFFFFFFFFFFFFC
:1074A000FFFFFFFFFFFFFFFFFFFFFFFFFFFFFFFFEC
:1074B000FFFFFFFFFFFFFFFFFFFFFFFFFFFFFFFFDC
:1074C000FFFFFFFFFFFFFFFFFFFFFFFFFFFFFFFFCC
:1074D000FFFFFFFFFFFFFFFFFFFFFFFFFFFFFFFFBC
:1074E000FFFFFFFFFFFFFFFFFFFFFFFFFFFFFFFFAC
:1074F000FFFFFFFFFFFFFFFFFFFFFFFFFFFFFFFF9C
:10750000FFFFFFFFFFFFFFFFFFFFFFFFFFFFFFFF8B
:10751000FFFFFFFFFFFFFFFFFFFFFFFFFFFFFFFF7B
:10752000FFFFFFFFFFFFFFFFFFFFFFFFFFFFFFFF6B
:10753000FFFFFFFFFFFFFFFFFFFFFFFFFFFFFFFF5B
:10754000FFFFFFFFFFFFFFFFFFFFFFFFFFFFFFFF4B
:10755000FFFFFFFFFFFFFFFFFFFFFFFFFFFFFFFF3B
:10756000FFFFFFFFFFFFFFFFFFFFFFFFFFFFFFFF2B
:10757000FFFFFFFFFFFFFFFFFFFFFFFFFFFFFFFF1B
:10758000FFFFFFFFFFFFFFFFFFFFFFFFFFFFFFFF0B
:10759000FFFFFFFFFFFFFFFFFFFFFFFFFFFFFFFFFB
:1075A000FFFFFFFFFFFFFFFFFFFFFFFFFFFFFFFFEB
:1075B000FFFFFFFFFFFFFFFFFFFFFFFFFFFFFFFFDB
:1075C000FFFFFFFFFFFFFFFFFFFFFFFFFFFFFFFFCB
:1075D000FFFFFFFFFFFFFFFFFFFFFFFFFFFFFFFFBB
:1075E000FFFFFFFFFFFFFFFFFFFFFFFFFFFFFFFFAB
:1075F000FFFFFFFFFFFFFFFFFFFFFFFFFFFFFFFF9B
:10760000FFFFFFFFFFFFFFFFFFFFFFFFFFFFFFFF8A
:10761000FFFFFFFFFFFFFFFFFFFFFFFFFFFFFFFF7A
:10762000FFFFFFFFFFFFFFFFFFFFFFFFFFFFFFFF6A
:10763000FFFFFFFFFFFFFFFFFFFFFFFFFFFFFFFF5A
:10764000FFFFFFFFFFFFFFFFFFFFFFFFFFFFFFFF4A
:10765000FFFFFFFFFFFFFFFFFFFFFFFFFFFFFFFF3A
:10766000FFFFFFFFFFFFFFFFFFFFFFFFFFFFFFFF2A
:10767000FFFFFFFFFFFFFFFFFFFFFFFFFFFFFFFF1A
:10768000FFFFFFFFFFFFFFFFFFFFFFFFFFFFFFFF0A
:10769000FFFFFFFFFFFFFFFFFFFFFFFFFFFFFFFFFA
:1076A000FFFFFFFFFFFFFFFFFFFFFFFFFFFFFFFFEA
:1076B000FFFFFFFFFFFFFFFFFFFFFFFFFFFFFFFFDA
:1076C000FFFFFFFFFFFFFFFFFFFFFFFFFFFFFFFFCA
:1076D000FFFFFFFFFFFFFFFFFFFFFFFFFFFFFFFFBA
:1076E000FFFFFFFFFFFFFFFFFFFFFFFFFFFFFFFFAA
:1076F000FFFFFFFFFFFFFFFFFFFFFFFFFFFFFFFF9A
:10770000FFFFFFFFFFFFFFFFFFFFFFFFFFFFFFFF89
:10771000FFFFFFFFFFFFFFFFFFFFFFFFFFFFFFFF79
:10772000FFFFFFFFFFFFFFFFFFFFFFFFFFFFFFFF69
:10773000FFFFFFFFFFFFFFFFFFFFFFFFFFFFFFFF59
:10774000FFFFFFFFFFFFFFFFFFFFFFFFFFFFFFFF49
:10775000FFFFFFFFFFFFFFFFFFFFFFFFFFFFFFFF39
:10776000FFFFFFFFFFFFFFFFFFFFFFFFFFFFFFFF29
:10777000FFFFFFFFFFFFFFFFFFFFFFFFFFFFFFFF19
:10778000FFFFFFFFFFFFFFFFFFFFFFFFFFFFFFFF09
:10779000FFFFFFFFFFFFFFFFFFFFFFFFFFFFFFFFF9
:1077A000FFFFFFFFFFFFFFFFFFFFFFFFFFFFFFFFE9
:1077B000FFFFFFFFFFFFFFFFFFFFFFFFFFFFFFFFD9
:1077C000FFFFFFFFFFFFFFFFFFFFFFFFFFFFFFFFC9
:1077D000FFFFFFFFFFFFFFFFFFFFFFFFFFFFFFFFB9
:1077E000FFFFFFFFFFFFFFFFFFFFFFFFFFFFFFFFA9
:1077F000FFFFFFFFFFFFFFFFFFFFFFFFFFFFFFFF99
:10780000FFFFFFFFFFFFFFFFFFFFFFFFFFFFFFFF88
:10781000FFFFFFFFFFFFFFFFFFFFFFFFFFFFFFFF78
:10782000FFFFFFFFFFFFFFFFFFFFFFFFFFFFFFFF68
:10783000FFFFFFFFFFFFFFFFFFFFFFFFFFFFFFFF58
:10784000FFFFFFFFFFFFFFFFFFFFFFFFFFFFFFFF48
:10785000FFFFFFFFFFFFFFFFFFFFFFFFFFFFFFFF38
:10786000FFFFFFFFFFFFFFFFFFFFFFFFFFFFFFFF28
:10787000FFFFFFFFFFFFFFFFFFFFFFFFFFFFFFFF18
:10788000FFFFFFFFFFFFFFFFFFFFFFFFFFFFFFFF08
:10789000FFFFFFFFFFFFFFFFFFFFFFFFFFFFFFFFF8
:1078A000FFFFFFFFFFFFFFFFFFFFFFFFFFFFFFFFE8
:1078B000FFFFFFFFFFFFFFFFFFFFFFFFFFFFFFFFD8
:1078C000FFFFFFFFFFFFFFFFFFFFFFFFFFFFFFFFC8
:1078D000FFFFFFFFFFFFFFFFFFFFFFFFFFFFFFFFB8
:1078E000FFFFFFFFFFFFFFFFFFFFFFFFFFFFFFFFA8
:1078F000FFFFFFFFFFFFFFFFFFFFFFFFFFFFFFFF98
:10790000FFFFFFFFFFFFFFFFFFFFFFFFFFFFFFFF87
:10791000FFFFFFFFFFFFFFFFFFFFFFFFFFFFFFFF77
:10792000FFFFFFFFFFFFFFFFFFFFFFFFFFFFFFFF67
:10793000FFFFFFFFFFFFFFFFFFFFFFFFFFFFFFFF57
:10794000FFFFFFFFFFFFFFFFFFFFFFFFFFFFFFFF47
:10795000FFFFFFFFFFFFFFFFFFFFFFFFFFFFFFFF37
:10796000FFFFFFFFFFFFFFFFFFFFFFFFFFFFFFFF27
:10797000FFFFFFFFFFFFFFFFFFFFFFFFFFFFFFFF17
:10798000FFFFFFFFFFFFFFFFFFFFFFFFFFFFFFFF07
:10799000FFFFFFFFFFFFFFFFFFFFFFFFFFFFFFFFF7
:1079A000FFFFFFFFFFFFFFFFFFFFFFFFFFFFFFFFE7
:1079B000FFFFFFFFFFFFFFFFFFFFFFFFFFFFFFFFD7
:1079C000FFFFFFFFFFFFFFFFFFFFFFFFFFFFFFFFC7
:1079D000FFFFFFFFFFFFFFFFFFFFFFFFFFFFFFFFB7
:1079E000FFFFFFFFFFFFFFFFFFFFFFFFFFFFFFFFA7
:1079F000FFFFFFFFFFFFFFFFFFFFFFFFFFFFFFFF97
:107A0000FFFFFFFFFFFFFFFFFFFFFFFFFFFFFFFF86
:107A1000FFFFFFFFFFFFFFFFFFFFFFFFFFFFFFFF76
:107A2000FFFFFFFFFFFFFFFFFFFFFFFFFFFFFFFF66
:107A3000FFFFFFFFFFFFFFFFFFFFFFFFFFFFFFFF56
:107A4000FFFFFFFFFFFFFFFFFFFFFFFFFFFFFFFF46
:107A5000FFFFFFFFFFFFFFFFFFFFFFFFFFFFFFFF36
:107A6000FFFFFFFFFFFFFFFFFFFFFFFFFFFFFFFF26
:107A7000FFFFFFFFFFFFFFFFFFFFFFFFFFFFFFFF16
:107A8000FFFFFFFFFFFFFFFFFFFFFFFFFFFFFFFF06
:107A9000FFFFFFFFFFFFFFFFFFFFFFFFFFFFFFFFF6
:107AA000FFFFFFFFFFFFFFFFFFFFFFFFFFFFFFFFE6
:107AB000FFFFFFFFFFFFFFFFFFFFFFFFFFFFFFFFD6
:107AC000FFFFFFFFFFFFFFFFFFFFFFFFFFFFFFFFC6
:107AD000FFFFFFFFFFFFFFFFFFFFFFFFFFFFFFFFB6
:107AE000FFFFFFFFFFFFFFFFFFFFFFFFFFFFFFFFA6
:107AF000FFFFFFFFFFFFFFFFFFFFFFFFFFFFFFFF96
:107B0000FFFFFFFFFFFFFFFFFFFFFFFFFFFFFFFF85
:107B1000FFFFFFFFFFFFFFFFFFFFFFFFFFFFFFFF75
:107B2000FFFFFFFFFFFFFFFFFFFFFFFFFFFFFFFF65
:107B3000FFFFFFFFFFFFFFFFFFFFFFFFFFFFFFFF55
:107B4000FFFFFFFFFFFFFFFFFFFFFFFFFFFFFFFF45
:107B5000FFFFFFFFFFFFFFFFFFFFFFFFFFFFFFFF35
:107B6000FFFFFFFFFFFFFFFFFFFFFFFFFFFFFFFF25
:107B7000FFFFFFFFFFFFFFFFFFFFFFFFFFFFFFFF15
:107B8000FFFFFFFFFFFFFFFFFFFFFFFFFFFFFFFF05
:107B9000FFFFFFFFFFFFFFFFFFFFFFFFFFFFFFFFF5
:107BA000FFFFFFFFFFFFFFFFFFFFFFFFFFFFFFFFE5
:107BB000FFFFFFFFFFFFFFFFFFFFFFFFFFFFFFFFD5
:107BC000FFFFFFFFFFFFFFFFFFFFFFFFFFFFFFFFC5
:107BD000FFFFFFFFFFFFFFFFFFFFFFFFFFFFFFFFB5
:107BE000FFFFFFFFFFFFFFFFFFFFFFFFFFFFFFFFA5
:107BF000FFFFFFFFFFFFFFFFFFFFFFFFFFFFFFFF95
:107C0000FFFFFFFFFFFFFFFFFFFFFFFFFFFFFFFF84
:107C1000FFFFFFFFFFFFFFFFFFFFFFFFFFFFFFFF74
:107C2000FFFFFFFFFFFFFFFFFFFFFFFFFFFFFFFF64
:107C3000FFFFFFFFFFFFFFFFFFFFFFFFFFFFFFFF54
:107C4000FFFFFFFFFFFFFFFFFFFFFFFFFFFFFFFF44
:107C5000FFFFFFFFFFFFFFFFFFFFFFFFFFFFFFFF34
:107C6000FFFFFFFFFFFFFFFFFFFFFFFFFFFFFFFF24
:107C7000FFFFFFFFFFFFFFFFFFFFFFFFFFFFFFFF14
:107C8000FFFFFFFFFFFFFFFFFFFFFFFFFFFFFFFF04
:107C9000FFFFFFFFFFFFFFFFFFFFFFFFFFFFFFFFF4
:107CA000FFFFFFFFFFFFFFFFFFFFFFFFFFFFFFFFE4
:107CB000FFFFFFFFFFFFFFFFFFFFFFFFFFFFFFFFD4
:107CC000FFFFFFFFFFFFFFFFFFFFFFFFFFFFFFFFC4
:107CD000FFFFFFFFFFFFFFFFFFFFFFFFFFFFFFFFB4
:107CE000FFFFFFFFFFFFFFFFFFFFFFFFFFFFFFFFA4
:107CF000FFFFFFFFFFFFFFFFFFFFFFFFFFFFFFFF94
:107D0000FFFFFFFFFFFFFFFFFFFFFFFFFFFFFFFF83
:107D1000FFFFFFFFFFFFFFFFFFFFFFFFFFFFFFFF73
:107D2000FFFFFFFFFFFFFFFFFFFFFFFFFFFFFFFF63
:107D3000FFFFFFFFFFFFFFFFFFFFFFFFFFFFFFFF53
:107D4000FFFFFFFFFFFFFFFFFFFFFFFFFFFFFFFF43
:107D5000FFFFFFFFFFFFFFFFFFFFFFFFFFFFFFFF33
:107D6000FFFFFFFFFFFFFFFFFFFFFFFFFFFFFFFF23
:107D7000FFFFFFFFFFFFFFFFFFFFFFFFFFFFFFFF13
:107D8000FFFFFFFFFFFFFFFFFFFFFFFFFFFFFFFF03
:107D9000FFFFFFFFFFFFFFFFFFFFFFFFFFFFFFFFF3
:107DA000FFFFFFFFFFFFFFFFFFFFFFFFFFFFFFFFE3
:107DB000FFFFFFFFFFFFFFFFFFFFFFFFFFFFFFFFD3
:107DC000FFFFFFFFFFFFFFFFFFFFFFFFFFFFFFFFC3
:107DD000FFFFFFFFFFFFFFFFFFFFFFFFFFFFFFFFB3
:107DE000FFFFFFFFFFFFFFFFFFFFFFFFFFFFFFFFA3
:107DF000FFFFFFFFFFFFFFFFFFFFFFFFFFFFFFFF93
:107E0000FFFFFFFFFFFFFFFFFFFFFFFFFFFFFFFF82
:107E1000FFFFFFFFFFFFFFFFFFFFFFFFFFFFFFFF72
:107E2000FFFFFFFFFFFFFFFFFFFFFFFFFFFFFFFF62
:107E3000FFFFFFFFFFFFFFFFFFFFFFFFFFFFFFFF52
:107E4000FFFFFFFFFFFFFFFFFFFFFFFFFFFFFFFF42
:107E5000FFFFFFFFFFFFFFFFFFFFFFFFFFFFFFFF32
:107E6000FFFFFFFFFFFFFFFFFFFFFFFFFFFFFFFF22
:107E7000FFFFFFFFFFFFFFFFFFFFFFFFFFFFFFFF12
:107E8000FFFFFFFFFFFFFFFFFFFFFFFFFFFFFFFF02
:107E9000FFFFFFFFFFFFFFFFFFFFFFFFFFFFFFFFF2
:107EA000FFFFFFFFFFFFFFFFFFFFFFFFFFFFFFFFE2
:107EB000FFFFFFFFFFFFFFFFFFFFFFFFFFFFFFFFD2
:107EC000FFFFFFFFFFFFFFFFFFFFFFFFFFFFFFFFC2
:107ED000FFFFFFFFFFFFFFFFFFFFFFFFFFFFFFFFB2
:107EE000FFFFFFFFFFFFFFFFFFFFFFFFFFFFFFFFA2
:107EF000FFFFFFFFFFFFFFFFFFFFFFFFFFFFFFFF92
:107F0000FFFFFFFFFFFFFFFFFFFFFFFFFFFFFFFF81
:107F1000FFFFFFFFFFFFFFFFFFFFFFFFFFFFFFFF71
:107F2000FFFFFFFFFFFFFFFFFFFFFFFFFFFFFFFF61
:107F3000FFFFFFFFFFFFFFFFFFFFFFFFFFFFFFFF51
:107F4000FFFFFFFFFFFFFFFFFFFFFFFFFFFFFFFF41
:107F5000FFFFFFFFFFFFFFFFFFFFFFFFFFFFFFFF31
:107F6000FFFFFFFFFFFFFFFFFFFFFFFFFFFFFFFF21
:107F7000FFFFFFFFFFFFFFFFFFFFFFFFFFFFFFFF11
:107F8000FFFFFFFFFFFFFFFFFFFFFFFFFFFFFFFF01
:107F9000FFFFFFFFFFFFFFFFFFFFFFFFFFFFFFFFF1
:107FA000FFFFFFFFFFFFFFFFFFFFFFFFFFFFFFFFE1
:107FB000FFFFFFFFFFFFFFFFFFFFFFFFFFFFFFFFD1
:107FC000FFFFFFFFFFFFFFFFFFFFFFFFFFFFFFFFC1
:107FD000FFFFFFFFFFFFFFFFFFFFFFFFFFFFFFFFB1
:107FE000FFFFFFFFFFFFFFFFFFFFFFFFFFFFFFFFA1
:107FF000FFFFFFFFFFFFFFFFFFFFFFFFFFFFFFFF91
:10800000FFFFFFFFFFFFFFFFFFFFFFFFFFFFFFFF80
:10801000FFFFFFFFFFFFFFFFFFFFFFFFFFFFFFFF70
:10802000FFFFFFFFFFFFFFFFFFFFFFFFFFFFFFFF60
:10803000FFFFFFFFFFFFFFFFFFFFFFFFFFFFFFFF50
:10804000FFFFFFFFFFFFFFFFFFFFFFFFFFFFFFFF40
:10805000FFFFFFFFFFFFFFFFFFFFFFFFFFFFFFFF30
:10806000FFFFFFFFFFFFFFFFFFFFFFFFFFFFFFFF20
:10807000FFFFFFFFFFFFFFFFFFFFFFFFFFFFFFFF10
:10808000FFFFFFFFFFFFFFFFFFFFFFFFFFFFFFFF00
:10809000FFFFFFFFFFFFFFFFFFFFFFFFFFFFFFFFF0
:1080A000FFFFFFFFFFFFFFFFFFFFFFFFFFFFFFFFE0
:1080B000FFFFFFFFFFFFFFFFFFFFFFFFFFFFFFFFD0
:1080C000FFFFFFFFFFFFFFFFFFFFFFFFFFFFFFFFC0
:1080D000FFFFFFFFFFFFFFFFFFFFFFFFFFFFFFFFB0
:1080E000FFFFFFFFFFFFFFFFFFFFFFFFFFFFFFFFA0
:1080F000FFFFFFFFFFFFFFFFFFFFFFFFFFFFFFFF90
:10810000FFFFFFFFFFFFFFFFFFFFFFFFFFFFFFFF7F
:10811000FFFFFFFFFFFFFFFFFFFFFFFFFFFFFFFF6F
:10812000FFFFFFFFFFFFFFFFFFFFFFFFFFFFFFFF5F
:10813000FFFFFFFFFFFFFFFFFFFFFFFFFFFFFFFF4F
:10814000FFFFFFFFFFFFFFFFFFFFFFFFFFFFFFFF3F
:10815000FFFFFFFFFFFFFFFFFFFFFFFFFFFFFFFF2F
:10816000FFFFFFFFFFFFFFFFFFFFFFFFFFFFFFFF1F
:10817000FFFFFFFFFFFFFFFFFFFFFFFFFFFFFFFF0F
:10818000FFFFFFFFFFFFFFFFFFFFFFFFFFFFFFFFFF
:10819000FFFFFFFFFFFFFFFFFFFFFFFFFFFFFFFFEF
:1081A000FFFFFFFFFFFFFFFFFFFFFFFFFFFFFFFFDF
:1081B000FFFFFFFFFFFFFFFFFFFFFFFFFFFFFFFFCF
:1081C000FFFFFFFFFFFFFFFFFFFFFFFFFFFFFFFFBF
:1081D000FFFFFFFFFFFFFFFFFFFFFFFFFFFFFFFFAF
:1081E000FFFFFFFFFFFFFFFFFFFFFFFFFFFFFFFF9F
:1081F000FFFFFFFFFFFFFFFFFFFFFFFFFFFFFFFF8F
:10820000FFFFFFFFFFFFFFFFFFFFFFFFFFFFFFFF7E
:10821000FFFFFFFFFFFFFFFFFFFFFFFFFFFFFFFF6E
:10822000FFFFFFFFFFFFFFFFFFFFFFFFFFFFFFFF5E
:10823000FFFFFFFFFFFFFFFFFFFFFFFFFFFFFFFF4E
:10824000FFFFFFFFFFFFFFFFFFFFFFFFFFFFFFFF3E
:10825000FFFFFFFFFFFFFFFFFFFFFFFFFFFFFFFF2E
:10826000FFFFFFFFFFFFFFFFFFFFFFFFFFFFFFFF1E
:10827000FFFFFFFFFFFFFFFFFFFFFFFFFFFFFFFF0E
:10828000FFFFFFFFFFFFFFFFFFFFFFFFFFFFFFFFFE
:10829000FFFFFFFFFFFFFFFFFFFFFFFFFFFFFFFFEE
:1082A000FFFFFFFFFFFFFFFFFFFFFFFFFFFFFFFFDE
:1082B000FFFFFFFFFFFFFFFFFFFFFFFFFFFFFFFFCE
:1082C000FFFFFFFFFFFFFFFFFFFFFFFFFFFFFFFFBE
:1082D000FFFFFFFFFFFFFFFFFFFFFFFFFFFFFFFFAE
:1082E000FFFFFFFFFFFFFFFFFFFFFFFFFFFFFFFF9E
:1082F000FFFFFFFFFFFFFFFFFFFFFFFFFFFFFFFF8E
:10830000FFFFFFFFFFFFFFFFFFFFFFFFFFFFFFFF7D
:10831000FFFFFFFFFFFFFFFFFFFFFFFFFFFFFFFF6D
:10832000FFFFFFFFFFFFFFFFFFFFFFFFFFFFFFFF5D
:10833000FFFFFFFFFFFFFFFFFFFFFFFFFFFFFFFF4D
:10834000FFFFFFFFFFFFFFFFFFFFFFFFFFFFFFFF3D
:10835000FFFFFFFFFFFFFFFFFFFFFFFFFFFFFFFF2D
:10836000FFFFFFFFFFFFFFFFFFFFFFFFFFFFFFFF1D
:108370004B4B505050505050505050505050505007
:1083800050505050505050505050505050505050ED
:1083900050505050505050505050505050505050DD
:1083A00050505050505050505050505050505050CD
:1083B0005050505050505050505050504B4BFFFF69
:1083C000FFFFFFFFFFFFFFFFE3E35050505050500F
:1083D000505050505050505050505050505050509D
:1083E000505050505050505050505050505050508D
:1083F000505050505050505050505050505050507D
:10840000505050505050505050505050505050506C
:10841000505050505050505050505050505050505C
:10842000505050505050505050505050505050504C
:10843000505050505050505050505050505050503C
:10844000505050505050505050505050505050502C
:10845000505050505050505050505050505050501C
:10846000505050505050505050505050505050500C
:1084700050505050505050505050505050505050FC
:1084800050505050505050505050505050505050EC
:1084900050505050505050505050505050505050DC
:1084A00050505050505050505050505050505050CC
:1084B00050505050505050505050505050505050BC
:1084C000505050509494FFFFFFFFFFFFFFFFFFFF4E
:1084D000FFFFFFFFFFFFFFFFFFFFFFFFFFFFFFFFAC
:1084E000FFFFFFFF4B4D50525052505250525052CE
:1084F000505250525052505250525052505250526C
:10850000505250525052505250525052505250525B
:10851000505250525052505250525052505250524B
:10852000505250525052505250525052505250523B
:108530004B4DFFFFFFFFFFFFFFFFFFFFE3E3505245
:10854000505250525052505250525052505250521B
:10855000505250525052505250525052505250520B
:1085600050525052505250525052505250525052FB
:1085700050525052505250525052505250525052EB
:1085800050525052505250525052505250525052DB
:1085900050525052505250525052505250525052CB
:1085A00050525052505250525052505250525052BB
:1085B00050525052505250525052505250525052AB
:1085C000505250525052505250525052505250529B
:1085D000505250525052505250525052505250528B
:1085E000505250525052505250525052505250527B
:1085F000505250525052505250525052505250526B
:10860000505250525052505250525052505250525A
:10861000505250525052505250525052505250524A
:10862000505250525052505250525052505250523A
:1086300050525052505250539495FFFFFFFFFFFF8E
:10864000FFFFFFFFFFFFFFFFFFFFFFFFFFFFFFFF3A
:10865000FFFFFFFFFFFFFFFF50505756565756577B
:1086600056575657565756575657565756575657A2
:108670005657565756575657565756575657565792
:108680005657565756575657565756575657565782
:108690005657565756575657565756575657565772
:1086A0005657565756574747FFFFFFFFFFFFFFFF3D
:1086B000E6E655565656565656565656565656563B
:1086C000565656565656565656565656565656564A
:1086D000565656565656565656565656565656563A
:1086E000565656565656565656565656565656562A
:1086F000565656565656565656565656565656561A
:108700005656565656565656565656565656565609
:1087100056565656565656565656565656565656F9
:1087200056565656565656565656565656565656E9
:1087300056565656565656565656565656565656D9
:1087400056565656565656565656565656565656C9
:1087500056565656565656565656565656565656B9
:1087600056565656565656565656565656565656A9
:108770005656565656565656565656565656565699
:108780005656565656565656565656565656565689
:108790005656565656565656565656565656565679
:1087A00056565656565656565656575757579393EB
:1087B000FFFFFFFFFFFFFFFFFFFFFFFFFFFFFFFFC9
:1087C000FFFFFFFFFFFFFFFFFFFFFFFF5052565865
:1087D0005759575957595759575957595759575919
:1087E0005759575957595759575957595759575909
:1087F00057595759575957595759575957595759F9
:1088000057595759575957595759575957595759E8
:10881000575957595759575957594749FFFFFFFF5C
:10882000FFFFFFFFE6E5565856585658565856581B
:1088300056585658565856585658565856585658C8
:1088400056585658565856585658565856585658B8
:1088500056585658565856585658565856585658A8
:108860005658565856585658565856585658565898
:108870005658565856585658565856585658565888
:108880005658565856585658565856585658565878
:108890005658565856585658565856585658565868
:1088A0005658565856585658565856585658565858
:1088B0005658565856585658565856585658565848
:1088C0005658565856585658565856585658565838
:1088D0005658565856585658565856585658565828
:1088E0005658565856585658565856585658565818
:1088F0005658565856585658565856585658565808
:1089000056585658565856585658565856585658F7
:1089100056585658565856585658565856585759E5
:1089200057599394FFFFFFFFFFFFFFFFFFFFFFFF7C
:10893000FFFFFFFFFFFFFFFFFFFFFFFFFFFFFFFF47
:1089400051515B5B5F5F5D5C5C5B5B5C5C5C5C5B7B
:108950005B5B5C5B5B5B5B5A5B5A5B5A5A5A59596F
:108960005A5A59595B5A5A5A5A5B5B5B5B5B5B5B61
:108970005B5B5B5B5B5B5C5B5C5C5D5C5C5D5C5C3C
:108980005D5D5D5D5C5D5D5D5D5D5D5D5E5D5F5E14
:10899000A6A6FFFFFFFFFFFFE6E65757565768649E
:1089A000676367646764676567646765676568646C
:1089B000686568656766686668666866686668664A
:1089C000696669666966696669676967696769672B
:1089D0006A676A676A6669676A6769676A686A6711
:1089E0006A686A686A686A686A686A686A686A68F7
:1089F0006A686A686A686A686A686A686A686A68E7
:108A00006A686A686A686A686A686A686A686967D8
:108A10006A686A686A686A676968696769676966CF
:108A200069676967696769676966696668666866CC
:108A300068666966686668666765676568656865CB
:108A400068656865686568646765676567656764C4
:108A500067656765676467646765676467646764BB
:108A600067646764676467646764676467646765AD
:108A70006764676467656864676568656865686496
:108A8000686567656865686668666966696668647A
:108A9000666568665152E7E7FFFFFFFFFFFFFFFFD4
:108AA000FFFFFFFFFFFFFFFFFFFFFFFFFFFFFFFFD6
:108AB000FFFFFFFF51535B5D5F605C5E5B5E5C5E72
:108AC0005C5D5B5D5B5D5B5D5B5D5A5D5A5C5A5CEA
:108AD0005A5C595C5A5C595B5A5C5A5C5B5D5B5DE5
:108AE0005B5D5B5D5B5E5B5F5B5E5B5E5C5E5C5DBE
:108AF0005D5E5C5E5D5F5D5E5D5F5D5F5D5E5D5F9B
:108B00005D5F5E60A6A8FFFFFFFFFFFFE6E5575928
:108B1000575A646263626463646365626463656335
:108B20006563646265636563666366646664666301
:108B300066636664666366646664666467636763E7
:108B400067646764676467646665676567656764CB
:108B500068656765686668656865686668656865AC
:108B60006866686668666866686668666866686695
:108B70006866686668666866686668666866686685
:108B8000686567666866686568656765686567657E
:108B9000676566646765676567656765666466647B
:108BA000666466646664666466646663656365637A
:108BB0006563656265636563656264636563656378
:108BC000656264626562656364636463656264626E
:108BD0006462646264626462646264636462646264
:108BE000646265626462646265636463656365634D
:108BF0006562646365636563656366636663666433
:108C000066636460656066605257E7E6FFFFFFFFDA
:108C1000FFFFFFFFFFFFFFFFFFFFFFFFFFFFFFFF64
:108C2000FFFFFFFFFFFFFFFF51515B5BDCD8CFCDA4
:108C3000CBCBC8C5C4C2C2C0BDBCB9B7B4B4B1B057
:108C4000ADADA8A7A4A39F9E9B9A96959292999941
:108C50009FA0A3A4A8AAADAFB0B2B3B6B5B6B7BA39
:108C6000BABDBFC0C1C2C4C4C6C6CBCBCCCDCFCFAA
:108C7000D3D1D5D2D6D5D6D4A6A6FFFFFFFFFFFF0E
:108C8000E6E657575254C181BC81C186C489C58B61
:108C9000C98DCB92CE95D096D399D59CD89DDBA08B
:108CA000DFA4E0A6E3A9E6ACE8AEEAB1EDB2EEB52A
:108CB000F0B6F2B8F4BAF4BBF6BEF6BEF7C0F7C130
:108CC000F8C4F8C5F9C6F9C8FAC9FACAFACAFACA9C
:108CD000FACBFBCCFBCCFBCCFBCDFBCDFBCDFBCD5A
:108CE000FBCDFBCDFBCDFBCDFBCDFBCDFBCDFBCD44
:108CF000FACCFACBF9CAF8C9F8C9F7C7F6C6F5C570
:108D0000F4C3F2C1F1BFEFBDEDBBECB9EAB7E9B70F
:108D1000E6B3E4B1E1ACE0AADEA7DDA7DBA5DAA308
:108D2000D89FD79ED59CD49AD398D196D195CF93DE
:108D3000CE94CD90CD8FCB8FCA8CC98DC88AC8896F
:108D4000C687C586C585C486C485C383C383C383DC
:108D5000C484C484C585C686C789C88AC98ACB8E9F
:108D6000CD90CE91D293D396D59BD79CDB9FDEA39B
:108D7000E1A8E6ACE9B0EDB5F2BBA08C9595FFFF9C
:108D8000FFFFFFFFFFFFFFFFFFFFFFFFFFFFFFFFF3
:108D9000FFFFFFFFFFFFFFFFFFFFFFFF51535B5D83
:108DA000D8D6CDCACBC9C5C5C2C1C0BEBCBAB7B67C
:108DB000B4B4B0B0ADADA7A6A3A29E9F9A9B959662
:108DC0009293999DA0A4A4AAAAB2AFB7B2BCB6C10F
:108DD000B6C2BAC5BDC7C0C9C2CAC4CCC6CDCBD144
:108DE000CDD1CFD4D1D5D2D5D5D7D4D6A6A8FFFF53
:108DF000FFFFFFFFE6E55759545B8127812D862F42
:108E000089308B318D3392349533963699379C392E
:108E10009D3AA03BA43AA63DA93EAC40AE42B14328
:108E2000B245B545B646B847BA48BB49BE4DBE5235
:108E3000C056C159C45CC560C660C862C966CA680C
:108E4000CA69CA6ACB6ACC6CCC6DCC6ECD6DCD6F65
:108E5000CD6FCD6FCD6ECD70CD70CD70CD70CD702E
:108E6000CD6FCD6FCC6ECB6DCA6CC96BC96AC7674D
:108E7000C667C565C364C161BF5EBD5DBB5BB958F4
:108E8000B756B753B351B14DAC4AAA46A743A74012
:108E9000A53FA33E9F3C9E3C9C3A9A399838963712
:108EA00095369335943490338F328F318C318D30A9
:108EB0008A2F892E872D862D852C862C852B832B1A
:108EC000832B832A842A842B852C862C892C8A2D1B
:108ED0008A2E8E2C902F9130933196329B349C3574
:108EE0009F36A339A83AAC3BB03EB541BB448C6138
:108EF0009596FFFFFFFFFFFFFFFFFFFFFFFFFFFF55
:108F0000FFFFFFFFFFFFFFFFFFFFFFFFFFFFFFFF71
:108F100050505B5BDFDDD3D0D0CDCBC9C8C7C6C353
:108F2000C1C0BDBBB9B9B5B4B2B1ACABA9A7A4A21D
:108F30009F9E9A9A96959393999B9FA0A6A6A8AA5E
:108F4000ADAFB1B3B4B6B4B7B8BABCBDBEC0C1C39F
:108F5000C5C5C8C8CACACECDD1CFD4D2D4D3D3D236
:108F6000A6A6FFFFFFFFFFFFE6E657575254C18159
:108F7000BD81C186C489C68CCA8DCC92CF95D0964E
:108F8000D399D59DD99DDCA0DFA5E1A6E4AAE7ADE4
:108F9000E9AEEBB2EEB2EEB6F0B6F2B8F5BBF4BCA9
:108FA000F7BEF6BEF8C0F7C1F9C5F8C6FAC6FAC9E9
:108FB000FBCAFBCBFBCBFBCAFBCCFCCDFCCDFCCD79
:108FC000FCCEFCCEFCCEFCCEFCCEFCCEFCCEFCCE51
:108FD000FCCEFCCEFCCEFCCEFBCDFBCBFACAF8C956
:108FE000F9CAF8C7F7C7F6C6F5C4F3C2F2BFEFBDBA
:108FF000EDBBEDBAEBB8EAB7E7B2E5AFE3AEE1AA95
:10900000DFA7DEA7DCA5DBA3D89FD89FD59CD49A89
:10901000D398D197D296CF93CE94CD90CE90CC8F3B
:10902000CB8DC98DC88BC98AC687C586C685C586BE
:10903000C585C484C484C383C585C585C686C786E3
:10904000C889C98AC98BCC8ECE90CE92D393D39641
:10905000D59BD79DDC9FDFA3E1A9E7ADE9B0EDB5D6
:10906000E2B35252FFFFFFFFFFFFFFFFFFFFFFFFD3
:10907000FFFFFFFFFFFFFFFFFFFFFFFFFFFFFFFF00
:10908000FFFFFFFF50535B5DDDD9D0CDCDCAC9C70F
:10909000C7C3C3C2C0BEBBBAB9B7B4B3B1B1ABAB3F
:1090A000A7A7A2A39E9E9A99959693949B9EA0A5EE
:1090B000A6ACAAB2AFB8B3BDB6C1B7C3BAC5BDC836
:1090C000C0CAC3CDC5CDC8CECAD0CDD2CFD5D2D6D9
:1090D000D3D7D2D4A6A8FFFFFFFFFFFFE6E557597D
:1090E000545B8127812D862F89308C318D339234CA
:1090F0009533963599369D399D3AA03BA53AA63CC5
:10910000AA3DAD40AE42B243B245B645B645B846BB
:10911000BB47BC48BE4CBE52C056C158C55BC660BA
:10912000C660C962CA66CB68CB69CA6ACC6ACD6BB5
:10913000CD6DCD6ECE6DCE6FCE6FCE6FCE6ECE704E
:10914000CE70CE70CE70CE70CE6FCE6FCD6ECB6C3B
:10915000CA6BC96BCA6AC767C767C665C464C261A0
:10916000BF5EBD5DBB5BBA58B856B753B250AF4B8C
:10917000AE4AAA45A743A740A53FA33E9F3B9F3CBD
:109180009C3A9A389838973796359334943490337C
:1091900090318F308D318D308B2F8A2D872C862DFD
:1091A000852B862C852B842B842B83298529852B45
:1091B000862C862C892B8A2D8B2E8E2C902F9230EC
:1091C000933196329B349D359F36A339A93AAD3BF6
:1091D000B03EB541B3505254FFFFFFFFFFFFFFFF0A
:1091E000FFFFFFFFFFFFFFFFFFFFFFFFFFFFFFFF8F
:1091F000FFFFFFFFFFFFFFFF53535B5BE3E2D7D4AB
:10920000D4D0D0CDCBC9C8C6C4C3C1C0BDBBB9B70B
:10921000B5B4B1B0ADADA8A7A4A29F9E9A9A9695F9
:1092200093939A9A9FA0A5A6A8AAADAFB1B3B4B6DE
:10923000B5B7B8B9BCBCBFC0C1C3C5C5C7C7CBCB28
:10924000CECDD1D0D4D1D1D0A6A6FFFFFFFFFFFF56
:10925000E6E657575254C181BD81C186C489C68C88
:10926000CA8DCC92CF95D096D399D59DD99DDCA0AF
:10927000DFA5E1A6E4AAE7ADE9AEEBB2EEB2EEB649
:10928000F0B6F2B8F5BBF4BCF7BEF6BEF8C0F7C155
:10929000F9C5F8C6FAC6FAC9FBCAFBCBFBCBFBCAB9
:1092A000FBCCFCCDFCCDFCCDFCCEFCCEFCCEFCCE74
:1092B000FCCEFCCEFCCEFCCEFCCEFCCEFCCEFCCE5E
:1092C000FBCDFBCBFACAF8C9F9CAF8C7F7C7F6C68F
:1092D000F5C4F3C2F2BFEFBDEDBBEDBAEBB8EAB631
:1092E000E7B2E5AFE3AEE1AADFA7DEA7DCA5DBA32B
:1092F000D89FD89FD59CD49AD398D197D296CF9304
:10930000CE94CD90CE90CC8FCB8DC98DC88BC98A91
:10931000C687C586C685C586C585C484C484C383FF
:10932000C585C585C686C786C889C98AC98BCC8EBE
:10933000CE90CE92D393D396D59BD79DDC9FDFA3BF
:10934000E1A9E7ADE9B0FFC13738FFFFFFFFFFFF3D
:10935000FFFFFFFFFFFFFFFFFFFFFFFFFFFFFFFF1D
:10936000FFFFFFFFFFFFFFFFFFFFFFFF53555B5DA9
:10937000E2DCD4D1D0CDCDCAC9C7C6C4C3C0C0BE3B
:10938000BBBBB7B7B4B4B0B0ADADA7A7A2A39E9E08
:109390009A9A959693949A9EA0A4A6ACAAB1AFB8B7
:1093A000B3BDB6C1B7C3B9C6BCC8C0CAC3CCC5CDAE
:1093B000C7CECBD1CDD2D0D4D1D5D0D3A6A8FFFFA4
:1093C000FFFFFFFFE6E55759545B8127812D862F6C
:1093D00089308C318D3392349533963599369D3959
:1093E0009D3AA03BA53AA63CAA3DAD40AE42B24351
:1093F000B245B645B645B846BB47BC48BE4CBE5262
:10940000C056C158C55BC660C660C962CA66CB6833
:10941000CB69CA6ACC6ACD6BCD6DCD6ECE6DCE6F89
:10942000CE6FCE6FCE6ECE70CE70CE70CE70CE7050
:10943000CE6FCE6FCD6ECB6CCA6BC96BCA6AC76775
:10944000C767C665C464C261BF5EBD5DBB5BBA5819
:10945000B855B653B250AF4BAE4AAA45A743A74042
:10946000A53FA33E9F3B9F3C9C3A9A38983897373C
:10947000963593349434903390318F308D318D30D4
:109480008B2F8A2D872C862D852B862C852B842B44
:10949000842B83298529852B862C862C892B8A2D44
:1094A0008B2E8E2C902F9230933196329B349D359B
:1094B0009F36A339A93AAD3BB03EC13D383EFFFFD0
:1094C000FFFFFFFFFFFFFFFFFFFFFFFFFFFFFFFFAC
:1094D000FFFFFFFFFFFFFFFFFFFFFFFFFFFFFFFF9C
:1094E00053535B5BE7E3DAD7D6D4D3D0CFCDCBC928
:1094F000C9C6C5C3C1BFBDBBB9B8B5B3B1B0ACABCC
:10950000A7A6A3A29E9D9A9A969493939A9AA1A293
:10951000A5A7A9AAADB0B1B3B3B6B4B8B9BABCBD2A
:10952000BFC0C1C3C5C5C8C8CBCBCECED1D0CFCEAE
:10953000A6A6FFFFFFFFFFFFE6E657575254C18183
:10954000BD81C186C489C68CCA8DCC92CF95D09678
:10955000D399D59DD99DDCA0DFA5E1A6E4AAE7AD0E
:10956000E9AEEBB2EEB2EEB6F0B6F2B8F5BBF4BCD3
:10957000F7BEF6BEF8C0F7C1F9C5F8C6FAC6FAC913
:10958000FBCAFBCBFBCBFBCAFBCCFCCDFCCDFCCDA3
:10959000FCCEFCCEFCCEFCCEFCCEFCCEFCCEFCCE7B
:1095A000FCCEFCCEFCCEFCCEFBCDFBCBFACAF8C980
:1095B000F9CAF8C7F7C7F6C6F5C4F3C2F2BFF0BDE3
:1095C000EDBCEBB8EBB8EAB6E7B2E5AFE3AEE1AAC3
:1095D000DFA7DEA7DCA5DBA3D89FD89FD59CD49AB4
:1095E000D398D197D296CF93CE94CD90CE90CC8F66
:1095F000CB8DC98DC88BC98AC687C586C685C586E9
:10960000C585C484C484C383C585C585C686C7860D
:10961000C889C98AC98BCC8ECE90CE92D393D3966B
:10962000D59BD79DDC9FDFA3E1A9E7ADFEBD333914
:10963000FFFFFFFFFFFFFFFFFFFFFFFFFFFFFFFF3A
:10964000FFFFFFFFFFFFFFFFFFFFFFFFFFFFFFFF2A
:10965000FFFFFFFF53555B5DE3DED7D3D4D0D0CD02
:10966000CDCAC9C7C6C3C3C1BFBDBBBAB8B7B3B4FF
:10967000B0B0ABABA6A6A2A29D9E9A9A94959395E4
:109680009A9FA2A6A7ADAAB2B0B9B3BEB6C1B8C3DD
:10969000BAC6BDC8C0CAC3CBC5CDC8CECBD1CED348
:1096A000D0D4CED2A6A8FFFFFFFFFFFFE6E55759B3
:1096B000545B8127812D862F89308C318D339234F4
:1096C0009533963599369D399D3AA03BA53AA63CEF
:1096D000AA3DAD40AE42B243B245B645B645B846E6
:1096E000BB47BC48BE4CBE52C056C158C55BC660E5
:1096F000C660C962CA66CB68CB69CA6ACC6ACD6BE0
:10970000CD6DCD6ECE6DCE6FCE6FCE6FCE6ECE7078
:10971000CE70CE70CE70CE70CE6FCE6FCD6ECB6C65
:10972000CA6BC96BCA6AC767C767C665C464C261CA
:10973000BF5EBD5DBC5AB858B856B653B250AF4BB9
:10974000AE4AAA45A743A740A53FA33E9F3B9F3CE7
:109750009C3A9A38983897379635933494349033A6
:1097600090318F308D318D308B2F8A2D872C862D27
:10977000852B862C852B842B842B83298529852B6F
:10978000862C862C892B8A2D8B2E8E2C902F923016
:10979000933196329B349D359F36A339A93AAD3B20
:1097A000BD363947FFFFFFFFFFFFFFFFFFFFFFFF52
:1097B000FFFFFFFFFFFFFFFFFFFFFFFFFFFFFFFFB9
:1097C000FFFFFFFFFFFFFFFF53535B5BE9E7DDDABE
:1097D000D9D7D6D4D3CFCFCCCAC8C8C6C5C4C0BFCA
:1097E000BDBBB8B7B5B5B0AEABAAA7A6A3A29F9EA6
:1097F0009999959494949B9CA1A1A5A7A9ABADB070
:10980000B2B4B3B6B5B7B9BABCBDBFC1C2C3C5C6A1
:10981000C9C9CCCCCFCDCDCCA6A6FFFFFFFFFFFFA3
:10982000E6E657575254C181BD81C186C489C68CB2
:10983000CA8DCC92CF95D096D399D59DD99DDCA0D9
:10984000DFA5E1A6E4AAE7ADE9AEEBB2EEB2EEB673
:10985000F0B6F2B8F5BBF4BCF7BEF6BEF8C0F7C17F
:10986000F9C5F8C6FAC6FAC9FBCAFBCBFBCBFBCAE3
:10987000FBCCFCCDFCCDFCCDFCCEFCCEFCCEFCCE9E
:10988000FCCEFCCEFCCEFCCEFCCEFCCEFCCEFCCE88
:10989000FBCDFBCBFACAF8C9F9CAF8C7F7C7F6C6B9
:1098A000F5C4F3C2F0C0F0BEEDBCEBB8EBB8EAB65D
:1098B000E7B2E5AFE3AEE1AADFA7DEA7DCA5DBA355
:1098C000D89FD89FD59CD49AD398D197D296CF932E
:1098D000CE94CD90CE90CC8FCB8DC98DC88BC98ABC
:1098E000C687C586C685C586C585C484C484C3832A
:1098F000C585C585C686C786C889C98AC98BCC8EE9
:10990000CE90CE92D393D396D59BD79DDC9FDFA3E9
:10991000E1A9EEB03D45FFFFFFFFFFFFFFFFFFFFA7
:10992000FFFFFFFFFFFFFFFFFFFFFFFFFFFFFFFF47
:10993000FFFFFFFFFFFFFFFFFFFFFFFF53555B5DD3
:10994000E7E2DAD6D7D4D4D0CFCCCCC9C8C6C6C407
:10995000C4C0BFBEBBBAB7B6B5B3AEAEAAAAA6A6C0
:10996000A2A29E9E999A949594969C9FA1A6A7AD1B
:10997000ABB2B0B9B4BEB6C2B7C4BAC6BDC8C1CB2B
:10998000C3CDC6CEC9CECCD2CDD2CCD1A6A9FFFFF5
:10999000FFFFFFFFE6E55759545B8127812D862F96
:1099A00089308C318D3392349533963599369D3983
:1099B0009D3AA03BA53AA63CAA3DAD40AE42B2437B
:1099C000B245B645B645B846BB47BC48BE4CBE528C
:1099D000C056C158C55BC660C660C962CA66CB685E
:1099E000CB69CA6ACC6ACD6BCD6DCD6ECE6DCE6FB4
:1099F000CE6FCE6FCE6ECE70CE70CE70CE70CE707B
:109A0000CE6FCE6FCD6ECB6CCA6BC96BCA6AC7679F
:109A1000C767C665C464C261C05FBE5DBC5BB85841
:109A2000B856B653B250AF4BAE4AAA45A743A7406B
:109A3000A53FA33E9F3B9F3C9C3A9A389838973766
:109A4000963593349434903390318F308D318D30FE
:109A50008B2F8A2D872C862D852B862C852B842B6E
:109A6000842B83298529852B862C862C892B8A2D6E
:109A70008B2E8E2C902F9230933196329B349D35C5
:109A80009F36A339A93AB0374558FFFFFFFFFFFFC4
:109A9000FFFFFFFFFFFFFFFFFFFFFFFFFFFFFFFFD6
:109AA000FFFFFFFFFFFFFFFFFFFFFFFFFFFFFFFFC6
:109AB00052525A5AECE8DFDEDDDAD9D7D6D3D3D00A
:109AC000CFCCCBC9C7C5C5C3C1C0BCBBB9B8B4B383
:109AD000AFAEACABA7A6A3A19E9D9A999493959582
:109AE0009B9BA1A3A6A6A9ABAEB0B2B4B4B7B5B8C0
:109AF000B9BABCBDC0C1C2C3C6C6C9C9CCCCCACA2A
:109B0000A6A6FFFFFFFFFFFFE4E457575053C181B4
:109B1000BC81C186C489C58BCA8DCB92CE95D096A7
:109B2000D399D59CD89DDCA0DFA4E0A6E3A9E6AD3F
:109B3000E8AEEAB2EDB2EEB5F0B6F2B8F4BAF4BB04
:109B4000F6BEF6BEF7C0F7C1F8C5F8C5F9C6F9C844
:109B5000FAC9FACAFACAFACAFACBFBCCFBCCFBCCDC
:109B6000FBCDFBCDFBCDFBCDFBCDFBCDFBCDFBCDB5
:109B7000FBCDFBCDFBCDFBCDFACCFACBF9CAF8C9B6
:109B8000F8C9F7C7F6C6F5C6F3C2F2C2F1BFEFBD1A
:109B9000EDBBEBB8EAB7E9B5E6B2E4AFE2ADE0AAF7
:109BA000DEA7DEA7DBA5DAA3D89FD79ED59CD49AE3
:109BB000D398D196D195CF93CE94CD90CD8FCB8F96
:109BC000CA8CC98DC88AC889C687C586C585C4861A
:109BD000C485C384C384C383C484C484C585C78641
:109BE000C889C98AC98BCC8ECE90CE92D393D39696
:109BF000D59BD79DDC9FDFA3E3A9575AEEEEFFFF6D
:109C0000FFFFFFFFFFFFFFFFFFFFFFFFFFFFFFFF64
:109C1000FFFFFFFFFFFFFFFFFFFFFFFFFFFFFFFF54
:109C2000FFFFFFFF52545A5CE8E4DED8DAD6D7D300
:109C3000D3D0D0CDCCC9C9C7C5C3C3C0C0BDBBB9C3
:109C4000B8B6B3B2AEAEABABA6A6A1A29D9E999993
:109C5000939495969BA0A3A7A6ACABB4B0B8B4BEA2
:109C6000B7C2B8C4BAC6BDC8C1CAC3CCC6CEC9CFB4
:109C7000CCD2CACFA6A9FFFFFFFFFFFFE4E45759EC
:109C8000535A8127812D862F89308B318D33923421
:109C90009533963699379C399D3AA03BA43AA63D18
:109CA000A93EAD40AE42B243B245B545B646B8470F
:109CB000BA48BB48BE4DBE52C056C159C55CC5600E
:109CC000C660C862C966CA68CA69CA6ACB6ACC6B10
:109CD000CC6DCC6ECD6DCD6FCD6FCD6FCD6ECD70AB
:109CE000CD70CD70CD70CD70CD6FCD6FCC6ECB6C97
:109CF000CA6BC96BC96AC767C667C665C262C261FB
:109D0000BF5FBD5DBB5BB858B756B553B250AF4BE4
:109D1000AD4AAA46A743A740A53FA33E9F3C9E3C11
:109D20009C3A9A39983896379536933594349033CF
:109D30008F328F318C318D308A2F892E872D862D51
:109D4000852C862C852B842B842B832A842A842B98
:109D5000852C862C892B8A2D8B2E8E2C902F923041
:109D6000933196329B349D359F36A339A9385A6179
:109D7000EEEFFFFFFFFFFFFFFFFFFFFFFFFFFFFF14
:109D8000FFFFFFFFFFFFFFFFFFFFFFFFFFFFFFFFE3
:109D9000FFFFFFFFFFFFFFFFF7F75F5F9A9A9594C2
:109DA000949393919190908F8E8D8C8B8B898988D1
:109DB00087878686A5A4B8B7B4B3AFAEABAAA7A56C
:109DC000A3A29E9D9C9B71717373767679797A7A42
:109DD0007B7C7D7F7F808081818283838485868672
:109DE0008787888889898989A6A6FFFFFFFFFFFFEB
:109DF000FFFFA6A654557C697A687A6A7C6A7C6BF8
:109E00007C6C7D6D7E6E7F6F806F817182728372DC
:109E10008473847386758676877687778878887961
:109E2000897989798A7A8A7A8B7B8B7B8B7C8B7D0B
:109E30008C7E8C7E8C7E8C7E8B7F8B7F8B7F8B7FD2
:109E40008B7F8D7F8D7F8D7F8D7F8D7F8D7F8D7FB4
:109E50008D7F8D7F8D7F8D7F8D7F8D7F8D7F8D7FA2
:109E60008B7F8B7F8B7F8C7F8C7F8C7E8B7E8A7EA3
:109E70008A7D897C897C8A7B897B887A87798779C6
:109E80008678867785768576847584748373827206
:109E90008271817281708170806F806F7F6F7F6F40
:109EA0007E6F7E6E7E6D7D6D7D6C7D6C7E6B7E6B60
:109EB0007D6B7D6A7D6A7C697C697C697C697C6973
:109EC0007C697C697D6AD28DC889C98AC98BCC8E30
:109ED000CE90CE92D393D396D59BD79DDC9FDEA315
:109EE0008F7DA0A0FFFFFFFFFFFFFFFFFFFFFFFF32
:109EF000FFFFFFFFFFFFFFFFFFFFFFFFFFFFFFFF72
:109F0000FFFFFFFFFFFFFFFFFFFFFFFFF7F75F61AF
:109F10009A9994939392919190908F8E8D8C8B8B34
:109F20008989888987888686A4A5B7B6B3B2AEAE7C
:109F3000AAAAA5A5A2A29D9E9B9C71727375767913
:109F4000797B7A7F7C817F858086818882898389FD
:109F5000858A868B878C888D898D898DA6A9FFFF40
:109F6000FFFFFFFFFFFFA6A75558694E68506A51D3
:109F70006A536B526C536D556E556F556F557156D4
:109F8000725672577358735875597659765A775B6B
:109F9000785A795C795C795B7A5D7A5C7B5E7B5F11
:109FA0007C607D617E617E637E637E647F647F64AE
:109FB0007F657F657F667F657F667F677F677F667A
:109FC0007F667F667F667F667F667F667F667F6669
:109FD0007F667F667F677F657F667F667F657E645D
:109FE0007E657E637D647C637C627B627B617A607C
:109FF000795F795F785D775D765C765B755A7459C9
:10A000007358725871577257705670566F566F5515
:10A010006F556F556F546E546D536D536C536C5335
:10A020006B526B516B516A516A506950695069505B
:10A0300069506950695069506A528D29892B8A2D5F
:10A040008B2E8E2C902F9230933196329B349D35EF
:10A050009F36A3397D5AA0A1FFFFFFFFFFFFFFFF3F
:10A06000FFFFFFFFFFFFFFFFFFFFFFFFFFFFFFFF00
:10A07000FFFFFFFFFFFFFFFFFFFFFFFFFFFFFFFFF0
:10A08000FFFFFFFFFFFFFFFFFFFFFFFFFFFFFFFFE0
:10A09000FFFFFFFFFFFFFFFF49495A5A9392BCBAE7
:10A0A000B8B7B4B3AFAEAAA9A6A5A2A1A4A25252B2
:10A0B000FFFFFFFFFFFFFFFFFFFFFFFFFFFFFFFFB0
:10A0C000FFFFFFFFFFFFFFFFFFFFFFFFFFFFFFFFA0
:10A0D000FFFFFFFFFFFFFFFFFFFFFFFFFFFFFFFF90
:10A0E000FFFFFFFFFFFFFFFFFFFFFFFFFFFFFFFF80
:10A0F000FFFFFFFFFFFFFFFFFFFFFFFFFFFFFFFF70
:10A10000FFFFFFFFFFFFFFFFFFFFFFFFFFFFFFFF5F
:10A11000FFFFFFFFFFFFFFFFFFFFFFFFFFFFFFFF4F
:10A12000FFFFFFFFFFFFFFFFFFFFFFFFFFFFFFFF3F
:10A13000FFFFFFFFFFFFFFFFFFFFFFFFFFFFFFFF2F
:10A14000FFFFFFFFFFFFFFFFFFFFFFFFFFFFFFFF1F
:10A15000FFFFFFFFFFFFFFFFFFFFFFFFFFFFFFFF0F
:10A16000FFFFFFFFFFFFFFFFFFFFFFFFFFFFFFFFFF
:10A17000FFFFFFFFFFFFFFFFFFFFFFFFFFFFFFFFEF
:10A18000FFFFFFFFFFFFFFFFFFFFFFFFFFFFFFFFDF
:10A19000FFFFFFFFFFFFFFFFFFFFFFFFFFFFFFFFCF
:10A1A000FFFFFFFFFFFFFFFFFFFFFFFFC1C14A519E
:10A1B000D08BC98AC98BCC8ECE90CE92D393D396B6
:10A1C000D59BD79DDC9FC99C6060FFFFFFFFFFFF11
:10A1D000FFFFFFFFFFFFFFFFFFFFFFFFFFFFFFFF8F
:10A1E000FFFFFFFFFFFFFFFFFFFFFFFFFFFFFFFF7F
:10A1F000FFFFFFFFFFFFFFFFFFFFFFFFFFFFFFFF6F
:10A20000FFFFFFFFFFFFFFFFFFFFFFFF494B5A5C10
:10A210009293BABAB7B6B3B2AEAEA9A9A5A6A1A297
:10A22000A2A35254FFFFFFFFFFFFFFFFFFFFFFFF4F
:10A23000FFFFFFFFFFFFFFFFFFFFFFFFFFFFFFFF2E
:10A24000FFFFFFFFFFFFFFFFFFFFFFFFFFFFFFFF1E
:10A25000FFFFFFFFFFFFFFFFFFFFFFFFFFFFFFFF0E
:10A26000FFFFFFFFFFFFFFFFFFFFFFFFFFFFFFFFFE
:10A27000FFFFFFFFFFFFFFFFFFFFFFFFFFFFFFFFEE
:10A28000FFFFFFFFFFFFFFFFFFFFFFFFFFFFFFFFDE
:10A29000FFFFFFFFFFFFFFFFFFFFFFFFFFFFFFFFCE
:10A2A000FFFFFFFFFFFFFFFFFFFFFFFFFFFFFFFFBE
:10A2B000FFFFFFFFFFFFFFFFFFFFFFFFFFFFFFFFAE
:10A2C000FFFFFFFFFFFFFFFFFFFFFFFFFFFFFFFF9E
:10A2D000FFFFFFFFFFFFFFFFFFFFFFFFFFFFFFFF8E
:10A2E000FFFFFFFFFFFFFFFFFFFFFFFFFFFFFFFF7E
:10A2F000FFFFFFFFFFFFFFFFFFFFFFFFFFFFFFFF6E
:10A30000FFFFFFFFFFFFFFFFFFFFFFFFFFFFFFFF5D
:10A31000FFFFFFFFFFFFFFFFFFFFFFFFFFFFFFFF4D
:10A32000C1C1515E8B248A2D8B2E8E2C902F9230A2
:10A33000933196329B349D359F369C486062FFFF77
:10A34000FFFFFFFFFFFFFFFFFFFFFFFFFFFFFFFF1D
:10A35000FFFFFFFFFFFFFFFFFFFFFFFFFFFFFFFF0D
:10A36000FFFFFFFFFFFFFFFFFFFFFFFFFFFFFFFFFD
:10A37000FFFFFFFFFFFFFFFFFFFFFFFFFFFFFFFFED
:10A3800048485A5A9495BFBFBBBBB7B6B3B2AFAE3D
:10A39000AAA9A6A5A8A75353FFFFFFFFFFFFFFFF32
:10A3A000FFFFFFFFFFFFFFFFFFFFFFFFFFFFFFFFBD
:10A3B000FFFFFFFFFFFFFFFFFFFFFFFFFFFFFFFFAD
:10A3C000FFFFFFFFFFFFFFFFFFFFFFFFFFFFFFFF9D
:10A3D000FFFFFFFFFFFFFFFFFFFFFFFFFFFFFFFF8D
:10A3E000FFFFFFFFFFFFFFFFFFFFFFFFFFFFFFFF7D
:10A3F000FFFFFFFFFFFFFFFFFFFFFFFFFFFFFFFF6D
:10A40000FFFFFFFFFFFFFFFFFFFFFFFFFFFFFFFF5C
:10A41000FFFFFFFFFFFFFFFFFFFFFFFFFFFFFFFF4C
:10A42000FFFFFFFFFFFFFFFFFFFFFFFFFFFFFFFF3C
:10A43000FFFFFFFFFFFFFFFFFFFFFFFFFFFFFFFF2C
:10A44000FFFFFFFFFFFFFFFFFFFFFFFFFFFFFFFF1C
:10A45000FFFFFFFFFFFFFFFFFFFFFFFFFFFFFFFF0C
:10A46000FFFFFFFFFFFFFFFFFFFFFFFFFFFFFFFFFC
:10A47000FFFFFFFFFFFFFFFFFFFFFFFFFFFFFFFFEC
:10A48000FFFFFFFFFFFFFFFFFFFFFFFFFFFFFFFFDC
:10A49000FFFFFFFFFFFF66665A5ACA8AC98BCC8E40
:10A4A000CE90CE92D393D396D59BD79DE9A83E3F2D
:10A4B000FFFFFFFFFFFFFFFFFFFFFFFFFFFFFFFFAC
:10A4C000FFFFFFFFFFFFFFFFFFFFFFFFFFFFFFFF9C
:10A4D000FFFFFFFFFFFFFFFFFFFFFFFFFFFFFFFF8C
:10A4E000FFFFFFFFFFFFFFFFFFFFFFFFFFFFFFFF7C
:10A4F000FFFFFFFF484A5A5C9594BFBCBBB9B6B595
:10A50000B2B1AEAEA9A9A5A6A7A75355FFFFFFFFFD
:10A51000FFFFFFFFFFFFFFFFFFFFFFFFFFFFFFFF4B
:10A52000FFFFFFFFFFFFFFFFFFFFFFFFFFFFFFFF3B
:10A53000FFFFFFFFFFFFFFFFFFFFFFFFFFFFFFFF2B
:10A54000FFFFFFFFFFFFFFFFFFFFFFFFFFFFFFFF1B
:10A55000FFFFFFFFFFFFFFFFFFFFFFFFFFFFFFFF0B
:10A56000FFFFFFFFFFFFFFFFFFFFFFFFFFFFFFFFFB
:10A57000FFFFFFFFFFFFFFFFFFFFFFFFFFFFFFFFEB
:10A58000FFFFFFFFFFFFFFFFFFFFFFFFFFFFFFFFDB
:10A59000FFFFFFFFFFFFFFFFFFFFFFFFFFFFFFFFCB
:10A5A000FFFFFFFFFFFFFFFFFFFFFFFFFFFFFFFFBB
:10A5B000FFFFFFFFFFFFFFFFFFFFFFFFFFFFFFFFAB
:10A5C000FFFFFFFFFFFFFFFFFFFFFFFFFFFFFFFF9B
:10A5D000FFFFFFFFFFFFFFFFFFFFFFFFFFFFFFFF8B
:10A5E000FFFFFFFFFFFFFFFFFFFFFFFFFFFFFFFF7B
:10A5F000FFFFFFFFFFFFFFFFFFFFFFFFFFFFFFFF6B
:10A60000FFFFFFFFFFFFFFFFFFFF66695A5C8A2C19
:10A610008B2E8E2C902F9230933196329B349D3519
:10A62000A8353F43FFFFFFFFFFFFFFFFFFFFFFFFD7
:10A63000FFFFFFFFFFFFFFFFFFFFFFFFFFFFFFFF2A
:10A64000FFFFFFFFFFFFFFFFFFFFFFFFFFFFFFFF1A
:10A65000FFFFFFFFFFFFFFFFFFFFFFFFFFFFFFFF0A
:10A66000FFFFFFFFFFFFFFFF48485A5A9795C3C1FE
:10A67000BFBEBBBAB7B6B3B2AFADABAAACAC626249
:10A68000FFFFFFFFFFFFFFFFFFFFFFFFFFFFFFFFDA
:10A69000FFFFFFFFFFFFFFFFFFFFFFFFFFFFFFFFCA
:10A6A000FFFFFFFFFFFFFFFFFFFFFFFFFFFFFFFFBA
:10A6B000FFFFFFFFFFFFFFFFFFFFFFFFFFFFFFFFAA
:10A6C000FFFFFFFFFFFFFFFFFFFFFFFFFFFFFFFF9A
:10A6D000FFFFFFFFFFFFFFFFFFFFFFFFFFFFFFFF8A
:10A6E000FFFFFFFFFFFFFFFFFFFFFFFFFFFFFFFF7A
:10A6F000FFFFFFFFFFFFFFFFFFFFFFFFFFFFFFFF6A
:10A70000FFFFFFFFFFFFFFFFFFFFFFFFFFFFFFFF59
:10A71000FFFFFFFFFFFFFFFFFFFFFFFFFFFFFFFF49
:10A72000FFFFFFFFFFFFFFFFFFFFFFFFFFFFFFFF39
:10A73000FFFFFFFFFFFFFFFFFFFFFFFFFFFFFFFF29
:10A74000FFFFFFFFFFFFFFFFFFFFFFFFFFFFFFFF19
:10A75000FFFFFFFFFFFFFFFFFFFFFFFFFFFFFFFF09
:10A76000FFFFFFFFFFFFFFFFFFFFFFFFFFFFFFFFF9
:10A77000FFFFFFFFFFFFFFFFFFFFFFFFFFFFFFFFE9
:10A780004141977AC98ACC8ECE90CE92D393D396FC
:10A79000D59BE9A4383DFFFFFFFFFFFFFFFFFFFF51
:10A7A000FFFFFFFFFFFFFFFFFFFFFFFFFFFFFFFFB9
:10A7B000FFFFFFFFFFFFFFFFFFFFFFFFFFFFFFFFA9
:10A7C000FFFFFFFFFFFFFFFFFFFFFFFFFFFFFFFF99
:10A7D000FFFFFFFFFFFFFFFFFFFFFFFF484A5A5C3D
:10A7E0009598C1BFBEBCBAB9B6B5B2B2ADADAAAA52
:10A7F000ACAC6264FFFFFFFFFFFFFFFFFFFFFFFF47
:10A80000FFFFFFFFFFFFFFFFFFFFFFFFFFFFFFFF58
:10A81000FFFFFFFFFFFFFFFFFFFFFFFFFFFFFFFF48
:10A82000FFFFFFFFFFFFFFFFFFFFFFFFFFFFFFFF38
:10A83000FFFFFFFFFFFFFFFFFFFFFFFFFFFFFFFF28
:10A84000FFFFFFFFFFFFFFFFFFFFFFFFFFFFFFFF18
:10A85000FFFFFFFFFFFFFFFFFFFFFFFFFFFFFFFF08
:10A86000FFFFFFFFFFFFFFFFFFFFFFFFFFFFFFFFF8
:10A87000FFFFFFFFFFFFFFFFFFFFFFFFFFFFFFFFE8
:10A88000FFFFFFFFFFFFFFFFFFFFFFFFFFFFFFFFD8
:10A89000FFFFFFFFFFFFFFFFFFFFFFFFFFFFFFFFC8
:10A8A000FFFFFFFFFFFFFFFFFFFFFFFFFFFFFFFFB8
:10A8B000FFFFFFFFFFFFFFFFFFFFFFFFFFFFFFFFA8
:10A8C000FFFFFFFFFFFFFFFFFFFFFFFFFFFFFFFF98
:10A8D000FFFFFFFFFFFFFFFFFFFFFFFFFFFFFFFF88
:10A8E000FFFFFFFFFFFFFFFFFFFFFFFFFFFFFFFF78
:10A8F000FFFFFFFF41437A4D8A2E8E2C902F92301E
:10A90000933196329B34A42E3D48FFFFFFFFFFFF9B
:10A91000FFFFFFFFFFFFFFFFFFFFFFFFFFFFFFFF47
:10A92000FFFFFFFFFFFFFFFFFFFFFFFFFFFFFFFF37
:10A93000FFFFFFFFFFFFFFFFFFFFFFFFFFFFFFFF27
:10A94000FFFFFFFFFFFFFFFFFFFFFFFFFFFFFFFF17
:10A9500048485A5A9897C5C3C3C1BFBEBBB9B8B619
:10A96000B3B2AEAEB0AF6262FFFFFFFFFFFFFFFF0B
:10A97000FFFFFFFFFFFFFFFFFFFFFFFFFFFFFFFFE7
:10A98000FFFFFFFFFFFFFFFFFFFFFFFFFFFFFFFFD7
:10A99000FFFFFFFFFFFFFFFFFFFFFFFFFFFFFFFFC7
:10A9A000FFFFFFFFFFFFFFFFFFFFFFFFFFFFFFFFB7
:10A9B000FFFFFFFFFFFFFFFFFFFFFFFFFFFFFFFFA7
:10A9C000FFFFFFFFFFFFFFFFFFFFFFFFFFFFFFFF97
:10A9D000FFFFFFFFFFFFFFFFFFFFFFFFFFFFFFFF87
:10A9E000FFFFFFFFFFFFFFFFFFFFFFFFFFFFFFFF77
:10A9F000FFFFFFFFFFFFFFFFFFFFFFFFFFFFFFFF67
:10AA0000FFFFFFFFFFFFFFFFFFFFFFFFFFFFFFFF56
:10AA1000FFFFFFFFFFFFFFFFFFFFFFFFFFFFFFFF46
:10AA2000FFFFFFFFFFFFFFFFFFFFFFFFFFFFFFFF36
:10AA3000FFFFFFFFFFFFFFFFFFFFFFFFFFFFFFFF26
:10AA4000FFFFFFFFFFFFFFFFFFFFFFFFFFFFFFFF16
:10AA5000FFFFFFFFFFFFFFFFFFFFFFFFFFFFFFFF06
:10AA6000FFFFFFFFFFFFFFFFFFFF4B4DD091CC8E9D
:10AA7000CE90CE92D393D396DD9E3C47FFFFFFFF4F
:10AA8000FFFFFFFFFFFFFFFFFFFFFFFFFFFFFFFFD6
:10AA9000FFFFFFFFFFFFFFFFFFFFFFFFFFFFFFFFC6
:10AAA000FFFFFFFFFFFFFFFFFFFFFFFFFFFFFFFFB6
:10AAB000FFFFFFFFFFFFFFFFFFFFFFFFFFFFFFFFA6
:10AAC000FFFFFFFF484A5A5C9799C3C3C1BFBEBC92
:10AAD000B9B8B6B5B2B1AEAEAFAF6264FFFFFFFFBB
:10AAE000FFFFFFFFFFFFFFFFFFFFFFFFFFFFFFFF76
:10AAF000FFFFFFFFFFFFFFFFFFFFFFFFFFFFFFFF66
:10AB0000FFFFFFFFFFFFFFFFFFFFFFFFFFFFFFFF55
:10AB1000FFFFFFFFFFFFFFFFFFFFFFFFFFFFFFFF45
:10AB2000FFFFFFFFFFFFFFFFFFFFFFFFFFFFFFFF35
:10AB3000FFFFFFFFFFFFFFFFFFFFFFFFFFFFFFFF25
:10AB4000FFFFFFFFFFFFFFFFFFFFFFFFFFFFFFFF15
:10AB5000FFFFFFFFFFFFFFFFFFFFFFFFFFFFFFFF05
:10AB6000FFFFFFFFFFFFFFFFFFFFFFFFFFFFFFFFF5
:10AB7000FFFFFFFFFFFFFFFFFFFFFFFFFFFFFFFFE5
:10AB8000FFFFFFFFFFFFFFFFFFFFFFFFFFFFFFFFD5
:10AB9000FFFFFFFFFFFFFFFFFFFFFFFFFFFFFFFFC5
:10ABA000FFFFFFFFFFFFFFFFFFFFFFFFFFFFFFFFB5
:10ABB000FFFFFFFFFFFFFFFFFFFFFFFFFFFFFFFFA5
:10ABC000FFFFFFFFFFFFFFFFFFFFFFFFFFFFFFFF95
:10ABD000FFFFFFFFFFFFFFFFFFFFFFFFFFFF4D50E6
:10ABE00091328E2C902F9230933196329E2F475A6D
:10ABF000FFFFFFFFFFFFFFFFFFFFFFFFFFFFFFFF65
:10AC0000FFFFFFFFFFFFFFFFFFFFFFFFFFFFFFFF54
:10AC1000FFFFFFFFFFFFFFFFFFFFFFFFFFFFFFFF44
:10AC2000FFFFFFFFFFFFFFFFFFFFFFFFFFFFFFFF34
:10AC3000FFFFFFFFFFFFFFFF48485A5A9C9CCAC70F
:10AC4000C6C3C2C0BFBDBBB9B7B5B3B1B5B461610E
:10AC5000FFFFFFFFFFFFFFFFFFFFFFFFFFFFFFFF04
:10AC6000FFFFFFFFFFFFFFFFFFFFFFFFFFFFFFFFF4
:10AC7000FFFFFFFFFFFFFFFFFFFFFFFFFFFFFFFFE4
:10AC8000FFFFFFFFFFFFFFFFFFFFFFFFFFFFFFFFD4
:10AC9000FFFFFFFFFFFFFFFFFFFFFFFFFFFFFFFFC4
:10ACA000FFFFFFFFFFFFFFFFFFFFFFFFFFFFFFFFB4
:10ACB000FFFFFFFFFFFFFFFFFFFFFFFFFFFFFFFFA4
:10ACC000FFFFFFFFFFFFFFFFFFFFFFFFFFFFFFFF94
:10ACD000FFFFFFFFFFFFFFFFFFFFFFFFFFFFFFFF84
:10ACE000FFFFFFFFFFFFFFFFFFFFFFFFFFFFFFFF74
:10ACF000FFFFFFFFFFFFFFFFFFFFFFFFFFFFFFFF64
:10AD0000FFFFFFFFFFFFFFFFFFFFFFFFFFFFFFFF53
:10AD1000FFFFFFFFFFFFFFFFFFFFFFFFFFFFFFFF43
:10AD2000FFFFFFFFFFFFFFFFFFFFFFFFFFFFFFFF33
:10AD3000FFFFFFFFFFFFFFFFFFFFFFFFFFFFFFFF23
:10AD4000F3F3FFFFFFFFFFFFFFFFFFFFFFFFFFFF2B
:10AD5000FFFFEDED4B50DA93CE90CE92D393D59783
:10AD60005559F0F0FFFFFFFFFFFFFFFFFFFFFFFF61
:10AD7000FFFFFFFFFFFFFFFFFFFFFFFFFFFFFFFFE3
:10AD8000FFFFFFFFFFFFFFFFFFFFFFFFFFFFFFFFD3
:10AD9000FFFFFFFFFFFFFFFFFFFFFFFFFFFFFFFFC3
:10ADA000FFFFFFFFFFFFFFFFFFFFFFFF484A5A5C67
:10ADB0009C9DC7C5C3C3C0BFBDBBB9B9B5B5B1B113
:10ADC000B4B36164FFFFFFFFFFFFFFFFFFFFFFFF63
:10ADD000FFFFFFFFFFFFFFFFFFFFFFFFFFFFFFFF83
:10ADE000FFFFFFFFFFFFFFFFFFFFFFFFFFFFFFFF73
:10ADF000FFFFFFFFFFFFFFFFFFFFFFFFFFFFFFFF63
:10AE0000FFFFFFFFFFFFFFFFFFFFFFFFFFFFFFFF52
:10AE1000FFFFFFFFFFFFFFFFFFFFFFFFFFFFFFFF42
:10AE2000FFFFFFFFFFFFFFFFFFFFFFFFFFFFFFFF32
:10AE3000FFFFFFFFFFFFFFFFFFFFFFFFFFFFFFFF22
:10AE4000FFFFFFFFFFFFFFFFFFFFFFFFFFFFFFFF12
:10AE5000FFFFFFFFFFFFFFFFFFFFFFFFFFFFFFFF02
:10AE6000FFFFFFFFFFFFFFFFFFFFFFFFFFFFFFFFF2
:10AE7000FFFFFFFFFFFFFFFFFFFFFFFFFFFFFFFFE2
:10AE8000FFFFFFFFFFFFFFFFFFFFFFFFFFFFFFFFD2
:10AE9000FFFFFFFFFFFFFFFFFFFFFFFFFFFFFFFFC2
:10AEA000FFFFFFFFFFFFFFFFFFFFFFFFFFFFFFFFB2
:10AEB000FFFFFFFFF3F4FFFFFFFFFFFFFFFFFFFFB9
:10AEC000FFFFFFFFFFFFEDED505B9326902F9230C9
:10AED000933197305963F0EFFFFFFFFFFFFFFFFF54
:10AEE000FFFFFFFFFFFFFFFFFFFFFFFFFFFFFFFF72
:10AEF000FFFFFFFFFFFFFFFFFFFFFFFFFFFFFFFF62
:10AF0000FFFFFFFFFFFFFFFFFFFFFFFFFFFFFFFF51
:10AF1000FFFFFFFFFFFFFFFFFFFFFFFFFFFFFFFF41
:10AF200048485A5AAAA9CCCACAC7C6C4C2C0BEBCDD
:10AF3000BBB9B7B5BAB96161FFFFFFFFFFFFFFFF04
:10AF4000FFFF414145454545454545454545454545
:10AF5000454545454040FFFFFFFF3F3F45454545CF
:10AF60004545454545454545454545454545454591
:10AF70004545454545454545454545454545454581
:10AF80007070FFFFFFFFFFFFFFFFFFFFFFFFFFFFEF
:10AF9000C8C84141FFFFFFFFFFFFFFFFFFFFFFFFAB
:10AFA000FFFFFFFFFFFFFFFFFFFFFFFF7E7EFFFFB3
:10AFB000FFFFFFFFFFFFFFFFFFFFFFFFFFFFFFFFA1
:10AFC000FFFFA4A456565656565656565656565633
:10AFD0005656565656566464FFFFFFFFADAD5656A3
:10AFE0005656565656565656565656565656565601
:10AFF0006363FFFFFFFFAAAA56565656565656568B
:10B00000565656565656565656565A5AFFFFBDBDB8
:10B0100056565656565656565656565656565656D0
:10B0200056565656FFFFFFFFC5C59B9BFFFFFFFF10
:10B03000FFFFFFFFFFFFFFFFFFFFFFFF8B8B4B5269
:10B04000D091CE92D3938473AAAAFFFFFFFFFFFF94
:10B05000FFFFFFFFFFFFFFFFFFFF45453C3CFFFFFA
:10B06000FFFFFFFFFFFFFFFFFFFFFFFFFFFFFFFFF0
:10B07000FFFFFFFFFFFFFFFFFFFFFFFFFFFFFFFFE0
:10B08000FFFFFFFFFFFFFFFFFFFFFFFFFFFFFFFFD0
:10B09000FFFFFFFF484A5A5CA9A9CAC8C7C5C4C276
:10B0A000C0BFBCBBB9B9B5B5B9B86163FFFFFFFF9D
:10B0B000FFFFFFFFFFFF41434547454745474547E2
:10B0C00045474547454745474042FFFFFFFF3F4152
:10B0D0004547454745474547454745474547454710
:10B0E0004547454745474547454745474547454700
:10B0F000454745487073FFFFFFFFFFFFFFFFFFFF5E
:10B10000FFFFFFFFC8C94144FFFFFFFFFFFFFFFF35
:10B11000FFFFFFFFFFFFFFFFFFFFFFFFFFFFFFFF3F
:10B120007E80FFFFFFFFFFFFFFFFFFFFFFFFFFFF2F
:10B13000FFFFFFFFFFFFA4A5565856585658565814
:10B14000565856585658565856586465FFFFFFFFD4
:10B15000ADAF5658565856585658565856585658D1
:10B16000565856586365FFFFFFFFAAAB565856580E
:10B1700056585658565856585658565856585A5C57
:10B18000FFFFBDBD56585658565856585658565833
:10B190005658565856585659FFFFFFFFC5C59B9C39
:10B1A000FFFFFFFFFFFFFFFFFFFFFFFFFFFFFFFFAF
:10B1B0008B8B525E912C923093317359AAABFFFF67
:10B1C000FFFFFFFFFFFFFFFFFFFFFFFFFFFF454701
:10B1D0003C3EFFFFFFFFFFFFFFFFFFFFFFFFFFFF03
:10B1E000FFFFFFFFFFFFFFFFFFFFFFFFFFFFFFFF6F
:10B1F000FFFFFFFFFFFFFFFFFFFFFFFFFFFFFFFF5F
:10B20000FFFFFFFFFFFFFFFF48485A5AACABD1CE0C
:10B21000CCCAC9C6C5C3C2C0BEBCBAB8BEBD6161D6
:10B22000FFFFFFFFFFFFFFFFFFFF51515757585828
:10B2300058585858585858585858585858584848AE
:10B24000FFFF4E4E57575858585858585858585846
:10B25000585858585858585858585858585858586E
:10B26000585858585858585858587070FFFFFFFF92
:10B27000FFFFFFFFFFFFFFFF535358586F6FFFFFA4
:10B28000FFFFFFFFFFFFFFFFFFFFFFFFFFFFFFFFCE
:10B29000FFFFFFFF55558585FFFFFFFFFFFFFFFF06
:10B2A000FFFFFFFFFFFFFFFFFFFF9696585858581C
:10B2B000585858585858585858585858585858580E
:10B2C0005B5BFFFFADAD5758585858585858585801
:10B2D000585858585858585858585A5AFFFFACACF4
:10B2E00058585858585858585858585858585858DE
:10B2F000585858585252C4C4575858585858585803
:10B300005858585858585858585858584C4CFFFF87
:10B31000C5C55858C1C1FFFFFFFFFFFFFFFFFFFF7B
:10B32000FFFFFFFFFFFF4646796CCE91BA8C646445
:10B33000FFFFFFFFFFFFFFFFFFFFFFFFFFFFFFFF1D
:10B340008282585857579A9AFFFFFFFFFFFFFFFF6F
:10B35000FFFFFFFFFFFFFFFFFFFFFFFFFFFFFFFFFD
:10B36000FFFFFFFFFFFFFFFFFFFFFFFFFFFFFFFFED
:10B37000FFFFFFFFFFFFFFFFFFFFFFFF484A5A5C91
:10B38000ABAACECBCAC8C6C5C3C2C0BFBCBBB8B8C7
:10B39000BDBC6163FFFFFFFFFFFFFFFFFFFF5153D6
:10B3A0005759585A585A585A585A585A585A585A0F
:10B3B000585A484AFFFF4E505759585A585A585AE7
:10B3C000585A585A585A585A585A585A585A585AED
:10B3D000585A585A585A585A585A585A585A7072AD
:10B3E000FFFFFFFFFFFFFFFFFFFFFFFF5356585A0E
:10B3F0006F71FFFFFFFFFFFFFFFFFFFFFFFFFFFF7B
:10B40000FFFFFFFFFFFFFFFF55578586FFFFFFFF91
:10B41000FFFFFFFFFFFFFFFFFFFFFFFFFFFF96980C
:10B42000585A585A585A585A585A585A585A585A8C
:10B43000585A585A5B5DFFFFADB0585A585A585A7F
:10B44000585A585A585A585A585A585A585A5A5B69
:10B45000FFFFACAD585A585A585A585A585A585A69
:10B46000585A585A585A585A5254C4C5585A585A81
:10B47000585A585A585A585A585A585A585A585A3C
:10B480004C4EFFFFC5C5585AC1C2FFFFFFFFFFFF6B
:10B49000FFFFFFFFFFFFFFFFFFFF46476C589130A4
:10B4A0008C436466FFFFFFFFFFFFFFFFFFFFFFFF0F
:10B4B000FFFFFFFF8283585A57599A9BFFFFFFFFF8
:10B4C000FFFFFFFFFFFFFFFFFFFFFFFFFFFFFFFF8C
:10B4D000FFFFFFFFFFFFFFFFFFFFFFFFFFFFFFFF7C
:10B4E000FFFFFFFFFFFFFFFFFFFFFFFFFFFFFFFF6C
:10B4F00048485A5AADADD4D1D0CECCCAC8C7C5C4BD
:10B50000C2C0BEBCC2C16161FFFFFFFFFFFFFFFF02
:10B51000FFFF51515A5B62626163636363646364FA
:10B520006565656765666565C6C64F4F5A5B666744
:10B530006767676767676767686867686868686993
:10B54000686969696969696968696868696969696F
:10B550006A6A4949FFFFFFFFFFFFFFFFFFFFFFFF91
:10B56000505057574949FFFFFFFFFFFFFFFFFFFF05
:10B57000FFFFFFFFFFFFFFFFC286A349A349A349C7
:10B58000A349A349A349A349AC5AF2E5FFFFFFFF32
:10B59000FFFF9898585757577C7B7B7A7A797A794E
:10B5A00079787979797879785050FFFFADAD58582E
:10B5B0005555676766666666666565656464656554
:10B5C00065655050FFFFACAC5858575763636262D3
:10B5D0006162616162626363636464645152CFCF8C
:10B5E000585855556969686968696969696A696916
:10B5F000696A6A6A5757FFFFC5C558585454FFFF18
:10B60000FFFFFFFFFFFFFFFFFFFFFFFFFFFFFFFF4A
:10B610004242C1914142FFFFFFFFFFFFFFFFFFFFDB
:10B62000FFFFFFFFFFFFE1E1585858585D5D9F9F06
:10B63000FFFFFFFFFFFFFFFFFFFFFFFFFFFFFFFF1A
:10B64000FFFFFFFFFFFFFFFFFFFFFFFFFFFFFFFF0A
:10B65000FFFFFFFFFFFFFFFFFFFFFFFFFFFFFFFFFA
:10B66000FFFFFFFF484A5A5CADADD1CECECACAC873
:10B67000C7C5C4C2C0BFBCBBC1BF6163FFFFFFFF82
:10B68000FFFFFFFFFFFF51535B5D6265636563660C
:10B69000646764676567676866696569C6C64F51B0
:10B6A0005B5D676A676A676A676B676A686B686A27
:10B6B000686B696B696B696B696B696B696B686BEC
:10B6C000696B696B6A6C494BFFFFFFFFFFFFFFFF70
:10B6D000FFFFFFFF50525759494BFFFFFFFFFFFF8E
:10B6E000FFFFFFFFFFFFFFFFFFFFFFFF86C249A431
:10B6F00049A449A449A449A449A449A45AADE5F2DE
:10B70000FFFFFFFFFFFF9899575957597B7B7A7AC4
:10B71000797A797978797979787878775052FFFFE2
:10B72000ADB0585A55576769666966686567656759
:10B730006468656765675052FFFFACAD585A57594A
:10B7400063656265626361636265636664666467BC
:10B750005254CFD0585A5557696C696C696C696CF2
:10B760006A6C696D6A6D6A6D5759FFFFC5C5585A95
:10B770005456FFFFFFFFFFFFFFFFFFFFFFFFFFFF2D
:10B78000FFFFFFFF424591434246FFFFFFFFFFFFE0
:10B79000FFFFFFFFFFFFFFFFFFFFE1E0585A585A8E
:10B7A0005D5F9FA0FFFFFFFFFFFFFFFFFFFFFFFFAA
:10B7B000FFFFFFFFFFFFFFFFFFFFFFFFFFFFFFFF99
:10B7C000FFFFFFFFFFFFFFFFFFFFFFFFFFFFFFFF89
:10B7D000FFFFFFFFFFFFFFFF48485A5AAFAFD7D424
:10B7E000D3D0D0CDCBCAC8C6C6C3C2BFC7C562629C
:10B7F000FFFFFFFFFFFFFFFFFFFF5151595A9897CF
:10B8000094949A9BA1A1A4A6A9ABADAFB1B3AAADE4
:10B81000C6C64F4F5A5BBCBCC2C3C5C6C8C8CBCB9B
:10B82000CECDD0D0D3D1D5D2D8D6DBD9DCDAE0DDBD
:10B83000E2DFE3E0E6E4E7E4ECE94949FFFFFFFF8C
:10B84000FFFFFFFFFFFFB1B1585857578F90E2E25B
:10B85000FFFFFFFFFFFFFFFFFFFFFFFFAC5AA34902
:10B86000A349A349A349A349A349A349A349A34978
:10B87000A349A349B46BFFFFFFFF989858575B5B40
:10B88000EDE9EAE5E9E5E6E3E7E2E2E0DFDEE0DD77
:10B89000595AFFFFADAD58585050D0CDCBC8C8C590
:10B8A000C5C3C1BFBDBBBBB7B7B65D5CFFFFACAC2A
:10B8B00058585252A3A39C9B9897949294939B9B05
:10B8C0009F9FA3A55D5ECFCF58585050B6B8B4B770
:10B8D000B7BABABDBDBEC1C2C2C3C5C65F60FFFFB5
:10B8E000C5C5585856553E3EFFFFFFFFFFFFFFFFFF
:10B8F000FFFFFFFFFFFFFFFFFFFF2F2FFFFFFFFFF8
:10B90000FFFFFFFFFFFFFFFFFFFFFFFFFFFF53539F
:10B91000585858586E6F9F9FFFFFFFFFFFFFFFFFB4
:10B92000FFFFFFFFFFFFFFFFFFFFFFFFFFFFFFFF27
:10B93000FFFFFFFFFFFFFFFFFFFFFFFFFFFFFFFF17
:10B94000FFFFFFFFFFFFFFFFFFFFFFFF484A5A5CBB
:10B95000AFAED4D1D0CECDCBCAC8C6C5C3C1BFBF90
:10B96000C5C36264FFFFFFFFFFFFFFFFFFFF5153EF
:10B970005A5C979794959B9DA1A5A6ACABB2AFB925
:10B98000B3BEADB7C6C64F515B5DBCC6C3CCC6CE59
:10B99000C8CECBD2CDD2D0D4D1D6D2D7D6D7D9DB80
:10B9A000DADDDDDCDFE0E0E1E4E2E4E3E9E6494BB7
:10B9B000FFFFFFFFFFFFFFFFFFFFB1B1585A5759CD
:10B9C0009091E2E3FFFFFFFFFFFFFFFFFFFFFFFF9D
:10B9D0005AAD49A449A449A449A449A449A449A4E5
:10B9E00049A449A449A449A46BB5FFFFFFFF989956
:10B9F00057595B5EE9E4E5E0E5E0E3DEE2DCE0DA4E
:10BA0000DED9DDD85A5BFFFFADB0585A5053CDCBCD
:10BA1000C8C5C5C3C3C0BFBEBBBAB7B8B6B55C5F07
:10BA2000FFFFACAD585A5254A3A29B9C9799929396
:10BA300093959B9C9FA4A5AB5E5FCFD0585A505165
:10BA4000B8C4B7C3BAC5BDC6BEC9C2CAC3CDC6CEC7
:10BA50006061FFFFC5C5585A55573E40FFFFFFFFC5
:10BA6000FFFFFFFFFFFFFFFFFFFFFFFFFFFF2F3184
:10BA7000FFFFFFFFFFFFFFFFFFFFFFFFFFFFFFFFD6
:10BA8000FFFF5355585A585A6F6F9FA0FFFFFFFF93
:10BA9000FFFFFFFFFFFFFFFFFFFFFFFFFFFFFFFFB6
:10BAA000FFFFFFFFFFFFFFFFFFFFFFFFFFFFFFFFA6
:10BAB000FFFFFFFFFFFFFFFFFFFFFFFFFFFFFFFF96
:10BAC00048485A5AB0B1DAD7D7D5D4D1CFCDCCCA9D
:10BAD000C8C7C6C4CCCA6262FFFFFFFFFFFFFFFFFB
:10BAE000FFFF5151595A9E9D959493939A9BA0A103
:10BAF000A5A7AAABADB0A8AAC6C64F4F5A5BB9B9A5
:10BB0000C0C1C2C3C5C6C8C8CBCBCECDD1D0D3D19E
:10BB1000D5D4D8D7DBD8DDDBDFDEE2DFE3E0E6E259
:10BB2000EAE74949FFFFFFFFFFFFFFFFFFFF4B4B26
:10BB300058584D4DFFFF5959FFFFFFFFFFFFFFFF13
:10BB4000FFFFA349A349A349A349A349A349A34983
:10BB5000A349A349A349A349A349A349A349AC5A6B
:10BB6000FFFF989858575B5BF0ECEDE7EBE6E9E6F2
:10BB7000E6E3E7E1E3DFE1DF5A59FFFFADAD5858F7
:10BB80005050D4D1CDCACBC8C7C5C4C3C1C0BEBC38
:10BB9000BBB95353FFFFACAC58585153A7A6A09F55
:10BBA0009D9C9898949495959B9B9FA15D5ECFCF0B
:10BBB00058585150B4B7B3B5B5B7B8B9BABCBEBF91
:10BBC000C1C1C2C45F5FFFFFC5C558584E4EE4E215
:10BBD0004040FFFFFFFFFFFFFFFFFFFFFFFFFFFFF3
:10BBE000FFFFFFFFFFFFFFFFFFFFFFFFFFFFFFFF65
:10BBF000FFFFFFFF4242585857584141FFFFA0A0A6
:10BC0000FFFFFFFFFFFFFFFFFFFFFFFFFFFFFFFF44
:10BC1000FFFFFFFFFFFFFFFFFFFFFFFFFFFFFFFF34
:10BC2000FFFFFFFFFFFFFFFFFFFFFFFFFFFFFFFF24
:10BC3000FFFFFFFF484A5A5CB1B0D7D4D5D1D1CE6F
:10BC4000CDCACAC8C7C6C4C1CAC86264FFFFFFFF65
:10BC5000FFFFFFFFFFFF51535A5C9D9D9495939505
:10BC60009B9FA1A5A7ACABB2B0B9AAB4C6C64F51B1
:10BC70005B5DB9C4C1CAC3CDC6CEC8CFCBD1CDD20E
:10BC8000D0D4D1D5D4D7D7D9D8DCDBDCDEDDDFE02A
:10BC9000E0DFE2E1E7E5494BFFFFFFFFFFFFFFFFCA
:10BCA000FFFF4B4E585A4D4FFFFF595AFFFFFFFF02
:10BCB000FFFFFFFFFFFF49A449A449A449A449A4E9
:10BCC00049A449A449A449A449A449A449A449A40C
:10BCD00049A45AADFFFF989957595B5EECE6E7E33C
:10BCE000E6E1E6E0E3DEE1DDDFDBDFDA595BFFFF23
:10BCF000ADB0585A5053D1CECAC8C8C5C5C3C3C0C9
:10BD0000C0BEBCBBB9B95355FFFFACAD585A535573
:10BD1000A6A69F9F9C9C9899949595969B9EA1A45E
:10BD20005E60CFD0585A5052B7C1B5C1B7C3B9C57C
:10BD3000BCC5BFCAC1CAC4CD5F62FFFFC5C5585AE2
:10BD40004E50E2E64042FFFFFFFFFFFFFFFFFFFF15
:10BD5000FFFFFFFFFFFFFFFFFFFFFFFFFFFFFFFFF3
:10BD6000FFFFFFFFFFFFFFFF4245585A585A41446B
:10BD7000FFFFA0A1FFFFFFFFFFFFFFFFFFFFFFFF90
:10BD8000FFFFFFFFFFFFFFFFFFFFFFFFFFFFFFFFC3
:10BD9000FFFFFFFFFFFFFFFFFFFFFFFFFFFFFFFFB3
:10BDA000FFFFFFFFFFFFFFFF4848595AB3B2DEDB3A
:10BDB000DAD8D6D5D3D0CFCDCBC9C7C7D0CD626264
:10BDC000FFFFFFFFFFFFFFFFFFFF51515959A2A1E6
:10BDD0009999959495969A9CA1A1A6A8A9ACA4A777
:10BDE000C6C64F4F5A5BB5B7BDBEC1C1C2C3C5C5FC
:10BDF000C8C8CBCBCFCDD1D0D3D2D5D4D8D6DBD831
:10BE0000DDDBE0DEE2DFE5E2E9E64949FFFFFFFFD7
:10BE1000FFFFFFFFFFFF535358576060F5F2515289
:10BE2000FFFFFFFFFFFFFFFFC68EA349A349A34902
:10BE3000A349A752864E744FD9B3BA77A349A349F1
:10BE4000A349A349A349A349CFA0989858575B5B3E
:10BE5000F0ECEDEAECE7EBE7E9E6E6E3E6E2E3DF68
:10BE60005A5BFFFFADAD58585150D6D3D0CECDCB95
:10BE7000CBC7C7C5C4C2C1BFBEBB5453FFFFACAC28
:10BE800058585352ABAAA3A29F9E9C9A98989293FB
:10BE900095949C9B5C5DCFCF58585151B1B4B1B4CF
:10BEA000B4B6B4B7B8BBBBBCBEBFC2C25F61FFFF14
:10BEB000C5C558584F4FD6D5B9B96F70FFFFFFFFB2
:10BEC000FFFFFFFFFFFFFFFFFFFFFFFFFFFFFFFF82
:10BED000FFFFFFFFFFFFFFFFFFFF3F3F5858575790
:10BEE0004848FFFFFFFDA0A0FFFFFFFFFFFFFFFF90
:10BEF000FFFFFFFFFFFFFFFFFFFFFFFFFFFFFFFF52
:10BF0000FFFFFFFFFFFFFFFFFFFFFFFFFFFFFFFF41
:10BF1000FFFFFFFFFFFFFFFFFFFFFFFF484A5A5CE5
:10BF2000B2B1DBD7D8D4D5D1D0CDCDCAC9C7C7C45B
:10BF3000CDCB6264FFFFFFFFFFFFFFFFFFFF515309
:10BF4000595BA1A1999A949596969C9EA1A7A8AE9B
:10BF5000ACB3A7AFC6C64F515B5DB7C2BEC8C1CBBD
:10BF6000C3CCC5CEC8CFCBD1CDD2D0D4D2D6D4D9E4
:10BF7000D6D8D8DBDBDDDEDEDFE0E2E0E6E4494D0B
:10BF8000FFFFFFFFFFFFFFFFFFFF535557596063A0
:10BF9000F2EC5254FFFFFFFFFFFFFFFF8EC649A4E4
:10BFA00049A449A449A452A84E864F75B3D377B883
:10BFB00049A449A449A449A449A449A4A0CF989953
:10BFC00057595B5EECE6EAE4E7E2E7E2E6E0E3DE4F
:10BFD000E2DEDFDC5B5BFFFFADB0585A5052D3D0DE
:10BFE000CECACBC9C7C6C5C3C2C0BFBEBBBA5355F4
:10BFF000FFFFACAD585A5255AAAAA2A39E9F9A9C85
:10C000009898939494969B9E5D5FCFD0585A5152C6
:10C01000B4BDB4BEB6C1B7C3BBC6BCC6BFC9C2CB34
:10C020006162FFFFC5C5585A4F50D5DAB9BD70716E
:10C03000FFFFFFFFFFFFFFFFFFFFFFFFFFFFFFFF10
:10C04000FFFFFFFFFFFFFFFFFFFFFFFFFFFF3F427D
:10C05000585A5759484CFFFBFDF8A0A1FFFFFFFFBE
:10C06000FFFFFFFFFFFFFFFFFFFFFFFFFFFFFFFFE0
:10C07000FFFFFFFFFFFFFFFFFFFFFFFFFFFFFFFFD0
:10C08000FFFFFFFFFFFFFFFFFFFFFFFFFFFFFFFFC0
:10C0900048485858B5B2DFDDDDDADAD8D6D4D3D087
:10C0A000D0CCCBC9D3D16262FFFFFFFFFFFFFFFF00
:10C0B000FFFF5252595AA6A49E9D98999493959524
:10C0C0009C9CA2A3A6A8A3A3C6C64F4F5A5BB2B519
:10C0D000B9BABDBDC0C0C3C4C6C5C8C8CCCCCECD1E
:10C0E000D2D0D3D1D5D4D8D7DCDADEDCE0DDE2E1C2
:10C0F000E7E44949FFFFFFFFFFFFFFFF9595585811
:10C100005656D7D5F2EFD5D3D4D4FFFFFFFFFFFFAC
:10C11000C68EA349A349BD7CFFFFFFFF545454546E
:10C12000FEFBF4F0F3EFAB62A349A349A349A34993
:10C13000A349989858575B5BF2EEEEEAECE9EBE71F
:10C14000EBE6EAE5E6E3E6E25A5AFFFFADAD585802
:10C150005150D8D7D3D0D0CDCCCAC9C7C7C5C4C217
:10C16000C1BF5354FFFFACAC58585252AEADA7A656
:10C17000A3A1A09F9C9B9797939395955C5BCDCD36
:10C1800058585151AFB0AEAFB2B3B4B6B5B8B8BBF2
:10C19000BABDBFC06061FFFFC5C55858504FD2D26D
:10C1A000D0D07676C1C1FFFFFFFFFFFFFFFFFFFF8B
:10C1B000FFFFFFFFFFFFFFFFFFFFFFFFFFFFFFFF8F
:10C1C0007676585858575454FCF6F1EDFFFDA0A070
:10C1D000FFFFFFFFFFFFFFFFFFFFFFFFFFFFFFFF6F
:10C1E000FFFFFFFFFFFFFFFFFFFFFFFFFFFFFFFF5F
:10C1F000FFFFFFFFFFFFFFFFFFFFFFFFFFFFFFFF4F
:10C20000FFFFFFFF484A585AB2B1DDD8DAD6D8D47A
:10C21000D4D0D0CDCCC9C9C7D1CD6264FFFFFFFF58
:10C22000FFFFFFFFFFFF52545A5CA4A69D9E999901
:10C23000939495979CA0A3A7A8AEA3AAC6C64F5156
:10C240005B5DB5C0BAC6BDC9C0CBC4CDC5CEC8CF75
:10C25000CCD2CDD2D0D4D1D6D4D9D7D9DADCDCDE89
:10C26000DDDCE1E0E4E3494BFFFFFFFFFFFFFFFF01
:10C270009597585A5658D5D2EFE8D3CFD4D4FFFF6C
:10C28000FFFFFFFF8EC649A449A47CBEFFFFFFFF4E
:10C2900054565456FBF4F0EAEFE962AB49A449A4C2
:10C2A00049A449A449A4989957595B5EEEE8EAE588
:10C2B000E9E3E7E2E6E1E5E0E3DEE2DF5A5CFFFF27
:10C2C000ADB0585A5052D7D2D0CDCDCACAC8C7C4C3
:10C2D000C5C2C2C0BFBE5455FFFFACAD585A525480
:10C2E000ADACA6A5A1A29F9E9B9C97989394959771
:10C2F0005B5FCDCF585A5153B0B8AFBAB3BEB6C2D8
:10C30000B8C4BBC6BDC7C0CA6162FFFFC5C5585A25
:10C310004F51D2D7D0D57678C1C2FFFFFFFFFFFFC4
:10C32000FFFFFFFFFFFFFFFFFFFFFFFFFFFFFFFF1D
:10C33000FFFFFFFF7677585A57595456F6F1EDE94B
:10C34000FDF6A0A1FFFFFFFFFFFFFFFFFFFFFFFFC5
:10C35000FFFFFFFFFFFFFFFFFFFFFFFFFFFFFFFFED
:10C36000FFFFFFFFFFFFFFFFFFFFFFFFFFFFFFFFDD
:10C37000FFFFFFFFFFFFFFFF4A4A5858B5B6E3E053
:10C38000DFDDDDDAD9D7D6D4D3D0CFCCD6D4626135
:10C39000FFFFFFFFFFFFFFFFFFFF5353595AAAA9FB
:10C3A000A2A19D9C9898949397979D9CA3A29FA0CF
:10C3B000C6C64F4F5A5BB1B3B5B8B9BBBDBEC0C15D
:10C3C000C2C3C6C6C9C9CCCCCFCFD2D0D4D1D6D5A2
:10C3D000D8D7DCD9DEDCE0DEE6E34949FFFFFFFF2A
:10C3E000FFFFFFFF494958584B4BFDF8F1EDFFFCAB
:10C3F0004C4DFFFFFFFFFFFFF2E5AC5AFFFFFFFFD1
:10C40000FFFFFFFF54545454FEFBF4F0F4F0F3EF3D
:10C41000A550A349A349A349A349989858575B5BE2
:10C42000F3EEEFECEDEAECEAEBE7EBE5E8E5E6E46A
:10C430005958FFFFABAB56564F50DBD8D5D3D3D0AE
:10C44000D0CDCCCACAC7C7C5C4C25453FFFFACAC19
:10C4500058585252B2AFAAA9A7A6A2A19F9E9C9BD0
:10C46000979793925A5ABCBC58585251ABACABAE4A
:10C47000AFB1B1B4B2B6B5B8B9BBBBBD6060FFFF78
:10C48000C5C55858504FD0D0CDCDD4D34748FFFF65
:10C49000FFFFFFFFFFFFFFFFFFFFFFFFFFFFFFFFAC
:10C4A000FFFFFFFFFFFFD4D4585858585858B5B471
:10C4B000EFECF2EDFFFCA0A0FFFFFFFFFFFFFFFF8F
:10C4C000FFFFFFFFFFFFFFFFFFFFFFFFFFFFFFFF7C
:10C4D000FFFFFFFFFFFFFFFFFFFFFFFFFFFFFFFF6C
:10C4E000FFFFFFFFFFFFFFFFFFFFFFFF4A4C585A10
:10C4F000B6B4E0DADDD8DAD5D7D4D4D0D0CDCCC834
:10C50000D4D16164FFFFFFFFFFFFFFFFFFFF535523
:10C510005A5CA9AAA1A29C9D9899939497989CA1D2
:10C52000A2A7A0A5C6C64F515B5DB3BFB8C4BBC62A
:10C53000BEC8C1CBC3CCC6CEC9D0CCD2CFD4D0D448
:10C54000D1D7D5D9D7D9D9DCDCDDDEDEE3E2494B62
:10C55000FFFFFFFFFFFFFFFF494C585A4B4EF8F219
:10C56000EDE9FCF54D4FFFFFFFFFFFFFE5F25AAD90
:10C57000FFFFFFFFFFFFFFFF54565456FBF3F0EAA7
:10C58000F0EAEFE950A649A449A449A449A498991E
:10C5900057595B5EEEE8ECE6EAE4EAE3E7E2E5E061
:10C5A000E5DFE4DF585AFFFFABAC56585051D8D501
:10C5B000D3CFD0CDCDCACAC8C7C5C5C2C2BF5356D6
:10C5C000FFFFACAD585A5254AFB0A9A9A6A5A1A37C
:10C5D0009E9E9B9C979892935A5DBCBD585A51530E
:10C5E000ACB3AEB4B1BBB4BFB6C3B8C5BBC6BDC7B0
:10C5F0006062FFFFC5C5585A4F51D0D6CDD2D3D8AF
:10C60000484AFFFFFFFFFFFFFFFFFFFFFFFFFFFFA6
:10C61000FFFFFFFFFFFFFFFFFFFFD4D5585A585A17
:10C62000585AB4B2ECE7EDE7FCF6A0A1FFFFFFFF1C
:10C63000FFFFFFFFFFFFFFFFFFFFFFFFFFFFFFFF0A
:10C64000FFFFFFFFFFFFFFFFFFFFFFFFFFFFFFFFFA
:10C65000FFFFFFFFFFFFFFFFFFFFFFFFFFFFFFFFEA
:10C660004A4A5858B5B5E5E1E1DEDEDDDDD9D9D677
:10C67000D5D4D3CFDAD76261FFFFFFFFFFFFFFFF03
:10C68000FFFF5353595AAFADA6A5A2A19E9D9897FF
:10C69000939298979B9E9A9AC5C54949595AAFB1AA
:10C6A000B5B7B6B8B9BBBDBEC0C1C3C3C7C7C9C99A
:10C6B000CDCDCFCFD2D1D5D3D6D5D9D8DAD8DEDC2F
:10C6C000E4E04949FFFFFFFFFFFFFDFD55555656CA
:10C6D0006C6DF2EDF2ECF1ED6060FFFFFFFFFFFF2C
:10C6E000FFFFFFFFFFFFFFFFFFFFFFFF545450510D
:10C6F000FEFBF4F0F4F0F4F0DFC5A349A349A3492D
:10C70000A3499E6B58575B5BF3EFF1ECEFECECEA5F
:10C71000ECE8EAE7EAE5E9E65757FFFF9696565652
:10C720004E50DFDCD8D5D6D3D3D0CFCCCCCACAC7F5
:10C73000C7C45454FFFFACAC58585353B4B3AFAC58
:10C74000AAA9A6A5A3A19F9E9B9B97985959BCBC3B
:10C7500058585152A8A9A8AAABAEAFB2B1B5B5B757
:10C76000B5B8B8BB5F60FFFFC5C55858514FCDCDB8
:10C77000CBCBCECEDDDC3737FFFFFFFFFFFFFFFF68
:10C78000FFFFFFFFFFFFFFFFFFFFFFFFFFFF535311
:10C79000585857596565F0ECF0ECF0EDFFFBA0A0A0
:10C7A000FFFFFFFFFFFFFFFFFFFFFFFFFFFFFFFF99
:10C7B000FFFFFFFFFFFFFFFFFFFFFFFFFFFFFFFF89
:10C7C000FFFFFFFFFFFFFFFFFFFFFFFFFFFFFFFF79
:10C7D000FFFFFFFF4A4C585AB5B4E1DDDEDADDD782
:10C7E000D9D5D6D3D4CFCFCCD7D46164FFFFFFFF48
:10C7F000FFFFFFFFFFFF53555A5CADADA5A6A1A1FA
:10C800009D9D9798929397989EA19A9FC5C6494BD4
:10C810005A5CB1BBB7C2B8C4BBC6BEC9C1CAC3CCDF
:10C82000C7CFC9D0CDD3CFD4D1D4D3D7D5D9D8DAE7
:10C83000D8DBDCDEE0E0494BFFFFFFFFFFFFFDFC44
:10C84000555756586D6FEDE8ECE8EDEA6063FFFF71
:10C85000FFFFFFFFFFFFFFFFFFFFFFFFFFFFFFFFE8
:10C8600054565153FBF4F0EAF0EAF0EAC5D849A473
:10C8700049A449A449A46B9F57595B5EEFEAECE5D4
:10C88000ECE6EAE4E8E3E7E2E5E0E6DF5758FFFF3D
:10C89000969856585051DCD8D5D2D3D0D0CDCCCAEA
:10C8A000CAC8C7C4C4C25455FFFFACAD585A53548C
:10C8B000B3B3ACACA9A9A5A6A1A29E9E9B9B989739
:10C8C000595DBCBD585A5253A9AFAAB0AEB6B2BB5F
:10C8D000B5BFB7C3B8C5BBC76062FFFFC5C5585A6F
:10C8E0004F51CDD4CBD1CED2DCE13739FFFFFFFFA2
:10C8F000FFFFFFFFFFFFFFFFFFFFFFFFFFFFFFFF48
:10C90000FFFF5355585A595B6567ECE7ECE7EDE8D4
:10C91000FBF5A0A1FFFFFFFFFFFFFFFFFFFFFFFFF2
:10C92000FFFFFFFFFFFFFFFFFFFFFFFFFFFFFFFF17
:10C93000FFFFFFFFFFFFFFFFFFFFFFFFFFFFFFFF07
:10C94000FFFFFFFFFFFFFFFF4A4A5858B8B6E6E374
:10C95000E4E1E2DFDFDDDCD9D9D6D5D4DEDB61610D
:10C96000FFFFFFFFFFFFFFFFFFFF5353595AB3B213
:10C97000AAA9A6A5A2A29D9C9797929298989696EE
:10C98000B8B8FFFF57576A6B6A6B6C6C6E6E6A695A
:10C99000C2C3C1C2C3C4C6C6CACACCCCCFCFD2D010
:10C9A000A09F73747473737475754747FFFFFFFF1F
:10C9B000FFFF878758585757E2DFF0ECF1EDF1ECB5
:10C9C000DBD8C3C3FFFFFFFFFFFFFFFFFFFFFFFF3A
:10C9D000FFFFFFFF54545051FEFBF4F0F4F0F4F06D
:10C9E000F4F0A349A349A349A3499F6758575C5C46
:10C9F000F3F0F1ECF1EBEFECEDEBECE9E9E7EBE771
:10CA00005856FFFF96965656504EE0DCDBD9D9D5E6
:10CA1000D4D3D2CFCFCCCACAC9C65454FFFFACAC12
:10CA200058585353B7B7B1B0ADACAAA8A6A5A3A1A7
:10CA30009E9D9B9A595ABCBC58585252A4A5A5A673
:10CA4000A9A9ACAFAEB2B2B5B4B7B6B95F5FFFFFDC
:10CA5000C5C55858514FCACAC9C9CCCCCECEDBD9EE
:10CA60003F3FFFFFFFFFFFFFFFFFFFFFFFFFFFFF56
:10CA7000FFFFFFFF4545585857574343F3F0EEEB90
:10CA8000F0ECF0ECFEFBA0A0FFFFFFFFFFFFFFFFBD
:10CA9000FFFFFFFFFFFFFFFFFFFFFFFFFFFFFFFFA6
:10CAA000FFFFFFFFFFFFFFFFFFFFFFFFFFFFFFFF96
:10CAB000FFFFFFFFFFFFFFFFFFFFFFFF4A4C585A3A
:10CAC000B6B5E3DEE1DEDFDADDD8D9D5D6D3D4CF13
:10CAD000DBD76164FFFFFFFFFFFFFFFFFFFF535541
:10CAE0005A5CB2B2A9A9A5A5A2A19C9D97989293C0
:10CAF000989A9699B8B9FFFF57596B6E6B6F6C7027
:10CB00006E72696DC3CFC2CAC4CCC6CECAD0CCD2F5
:10CB1000CFD4D0D39FA37475737574757577474957
:10CB2000FFFFFFFFFFFF8787585A5759DFDDECE70C
:10CB3000EDE8ECE7D8D5C3C4FFFFFFFFFFFFFFFF21
:10CB4000FFFFFFFFFFFFFFFF54565153FBF4F0EAD6
:10CB5000F0EAF0EAF0EA49A449A449A449A467A08C
:10CB600057595C5DF0E9ECE8EBE5ECE6EBE4E9E372
:10CB7000E7E2E7E25659FFFF969856584E52DCD846
:10CB8000D9D5D5D3D3CECFCCCCC9CAC8C6C55457B6
:10CB9000FFFFACAD585A5355B7B6B0B0ACADA8A96D
:10CBA000A5A6A1A29D9E9A9A5A5CBCBD585A525401
:10CBB000A5A8A6ACA9B1AFB7B2BCB5C0B7C3B9C53B
:10CBC0005F63FFFFC5C5585A4F51CAD3C9CFCCD2F6
:10CBD000CED2D9DF3F42FFFFFFFFFFFFFFFFFFFF86
:10CBE000FFFFFFFFFFFFFFFF4547585A57594346D6
:10CBF000F0ECEBE7ECE7ECE7FBF5A0A1FFFFFFFFB4
:10CC0000FFFFFFFFFFFFFFFFFFFFFFFFFFFFFFFF34
:10CC1000FFFFFFFFFFFFFFFFFFFFFFFFFFFFFFFF24
:10CC2000FFFFFFFFFFFFFFFFFFFFFFFFFFFFFFFF14
:10CC30004A4A5858B9B8E9E5E6E2E4E2E2DFDFDD66
:10CC4000DDDAD8D5E2DF6161FFFFFFFFFFFFFFFF05
:10CC5000FFFF5353595AB6B5AEADAAA9A6A5A2A1D6
:10CC60009C9A989792929190B8B8FFFFFFFFFFFFB0
:10CC7000FFFFF8F857575151C1C2BEBEC1C1C4C36E
:10CC8000C7C7CACACCCDCFCE8D8DFFFFFFFFFFFF38
:10CC9000FFFFFFFFFFFFFFFFFFFF48485858494ACB
:10CCA000F6F2EEEBEFEBF1EDFEF84646FFFFFFFF8D
:10CCB000FFFFFFFFFFFFFFFFFFFFFFFF5454505137
:10CCC000FEFBF4F0F4F0F4F0F4F0A349A349A34917
:10CCD000A349A26A58575F60F4F0F1EDF1ECF1EC72
:10CCE000EFECECEAECE8EBE95857FFFF9696565666
:10CCF0004F4FE1E0DDDADBD8D9D6D4D3D3D0CFCCD7
:10CD0000CBCA5554FFFFACAC58585151BCBAB4B45F
:10CD1000B0AFAEADAAA8A6A5A3A1A09F5555BCBC17
:10CD2000585853539F9FA1A2A5A7A8ABADAFB0B2CF
:10CD3000B2B4B3B75E5FFFFFC5C558585150C9C9FB
:10CD4000C6C6C9C9CBCBCDCDB0B07A7AFFFFFFFF45
:10CD5000FFFFFFFFFFFFFFFFFFFF404058585757FF
:10CD60004848FDFAECE9EDEAEDEBF0ECFEFAA0A0A4
:10CD7000FFFFFFFFFFFFFFFFFFFFFFFFFFFFFFFFC3
:10CD8000FFFFFFFFFFFFFFFFFFFFFFFFFFFFFFFFB3
:10CD9000FFFFFFFFFFFFFFFFFFFFFFFFFFFFFFFFA3
:10CDA000FFFFFFFF4A4C585AB8B7E5E0E2DDE2DE8C
:10CDB000DFDADDD8DAD6D5D2DFDB6164FFFFFFFF33
:10CDC000FFFFFFFFFFFF53555A5CB5B6ADADA9A9F4
:10CDD000A5A5A1A19A9C979892939093B8B9FFFFAB
:10CDE000FFFFFFFFFFFFF8F857595152C2CEBEC9EF
:10CDF000C1CAC3CCC7CFCACFCDD2CED38D90FFFF8F
:10CE0000FFFFFFFFFFFFFFFFFFFFFFFFFFFF484B9D
:10CE1000585A4A4CF2EEEBE7EBE6EDE8F8F24649F9
:10CE2000FFFFFFFFFFFFFFFFFFFFFFFFFFFFFFFF12
:10CE300054565153FBF4F0EAF0EAF0EAF0EA49A460
:10CE400049A449A449A46AA357596062F0EAEDE7EE
:10CE5000ECE8ECE5ECE6EAE4E8E3E9E45759FFFF47
:10CE6000969856584F52E0DBDAD7D8D4D6D3D3CEE3
:10CE7000D0CDCCC9CAC85456FFFFACAD585A515595
:10CE8000BAB9B4B2AFB0ADADA8A9A5A5A1A29F9EF5
:10CE90005557BCBD585A53559FA3A2A6A7ABABB2DA
:10CEA000AFB6B2BCB4BFB7C35F63FFFFC5C5585AC6
:10CEB0005051C9D1C6CFC9CECBD1CDD2B0B57A7B76
:10CEC000FFFFFFFFFFFFFFFFFFFFFFFFFFFF4042EE
:10CED000585A5759484BFAF7E9E6EAE6EBE7ECE728
:10CEE000FAF4A0A1FFFFFFFFFFFFFFFFFFFFFFFF1F
:10CEF000FFFFFFFFFFFFFFFFFFFFFFFFFFFFFFFF42
:10CF0000FFFFFFFFFFFFFFFFFFFFFFFFFFFFFFFF31
:10CF1000FFFFFFFFFFFFFFFF4A4A5858BAB8EAE693
:10CF2000E9E5E6E3E4E2E3DFDFDDDDD9E6E26161E6
:10CF3000FFFFFFFFFFFFFFFFFFFF5353595ABBBA2D
:10CF4000B3B2B0ADAAA9A6A6A1A09C9B97978A8DC3
:10CF5000B8B8FFFFFFFFFFFFFFFFEBEB5757515143
:10CF6000BDC0BABBBEBFC1C1C4C4C7C7CACACCCC8E
:10CF70008C8DF7F7FFFFFFFFFFFFFFFFFFFFFFFFB6
:10CF8000F0F0565657578182EAE7ECE8EDEBEFEB0D
:10CF9000F1ED6767FFFFFFFFFFFFFFFFFFFFFFFFF1
:10CFA000FFFFFFFF54545051FEFBF4F0F4F0F4F097
:10CFB000F4F0A349A349A349A349764C57576261AA
:10CFC000F3EFF3EFF0EDF1ECF1EBEFECEDEBEDEA7D
:10CFD0005857FFFF969656564F4FE5E2DFDDDEDBF2
:10CFE000DBD8D9D5D5D4D3D0D0CD5455FFFFACACF8
:10CFF00058585252BFBEB7B7B4B3B1B1ADABA9A97F
:10D00000A5A4A3A25353BCBC585852539A9A9C9CB3
:10D01000A1A2A6A7AAABACAEB0B2B2B65F60FFFF4A
:10D02000C5C558585150C6C7C3C4C6C6C8C8CBCB5F
:10D03000CECE7272CBCBFFFFFFFFFFFFFFFFFFFFE4
:10D040007D7D585857585555F2EFE7E4E9E6ECE98D
:10D05000ECE8EDEAFDFAA0A0FFFFFFFFFFFFFFFFF6
:10D06000FFFFFFFFFFFFFFFFFFFFFFFFFFFFFFFFD0
:10D07000FFFFFFFFFFFFFFFFFFFFFFFFFFFFFFFFC0
:10D08000FFFFFFFFFFFFFFFFFFFFFFFF4A4C585A64
:10D09000B8B7E6E1E5E0E3DEE2DEDFD9DDD7D9D5FA
:10D0A000E2DE6164FFFFFFFFFFFFFFFFFFFF53555D
:10D0B0005A5CBAB9B2B2ADADA9A9A6A5A0A09B9C75
:10D0C00097988D8EB8B9FFFFFFFFFFFFFFFFEBEAD8
:10D0D00057595152C0CCBBC6BFC9C1C9C4CCC7CEB9
:10D0E000CAD0CCD28D8FF7F7FFFFFFFFFFFFFFFF06
:10D0F000FFFFFFFFF0F0565957598283E7E4E8E657
:10D10000EBE7EBE6EDE86769FFFFFFFFFFFFFFFFDF
:10D11000FFFFFFFFFFFFFFFF54565153FBF4F0EA00
:10D12000F0EAF0EAF0EA49A449A449A449A44C78F9
:10D1300057596164EFE9EFE9EDE7ECE8EBE5ECE680
:10D14000EBE4EAE45759FFFF969856584F52E2DD58
:10D15000DDD8DBD7D8D4D5D3D4CFD0CDCDC9555693
:10D16000FFFFACAD585A5254BEBDB7B6B3B2B1B161
:10D17000ABACA9A8A4A5A2A35355BCBD585A5355FE
:10D180009A9C9CA0A2A6A7ADABB2AEB7B2BCB6C1EA
:10D190006062FFFFC5C5585A5051C7CFC4CCC6CE38
:10D1A000C8D0CBD1CED27274CBCDFFFFFFFFFFFF33
:10D1B000FFFFFFFF7D7F585A585A5557EFEDE4E3C4
:10D1C000E6E3E9E6E8E6EAE7FAF4A0A1FFFFFFFFFD
:10D1D000FFFFFFFFFFFFFFFFFFFFFFFFFFFFFFFF5F
:10D1E000FFFFFFFFFFFFFFFFFFFFFFFFFFFFFFFF4F
:10D1F000FFFFFFFFFFFFFFFFFFFFFFFFFFFFFFFF3F
:10D200004A4A5858BAB9EBE7EBE7E7E5E6E3E4E169
:10D21000E2DFDFDCEAE56060FFFFFFFFFFFFFFFF0B
:10D22000FFFF5353595ABFBDB7B5B2B1AEADAAA9AE
:10D23000A4A4A0A09B9A908FB6B6FFFFFFFFFFFFAC
:10D24000FFFFEBEB57575151BCBEB5B9BABCBDBEE1
:10D25000C0C2C4C3C7C7CACA8C8CF7F7FFFFFFFFA1
:10D26000FFFFFFFFFFFFFFFF6C6C58585656E9E7C2
:10D27000E9E6EBE8ECE9EDEAEFEBE7E5ADADFFFF62
:10D28000FFFFFFFFFFFFFFFFFFFFFFFF5454505161
:10D29000FEFBF4F0F4F0F4F0F4F0A349A349A34941
:10D2A000A349DDCF52516261F5F1F3EFF3EFEFEDFA
:10D2B000F1ECF1EBF0ECEEEC5858FFFF9696565679
:10D2C0004F4FE7E4E2DFDFDDDEDBDAD8D8D4D5D3B9
:10D2D000D4D15454FFFFACAC58585252C2BFBCBA60
:10D2E000B8B6B5B3B0B0ADACA9A8A7A65353BCBCF3
:10D2F00058585353949398989C9DA1A3A6A7A9AB63
:10D30000ADAFB0B25F5FFFFFC5C558584F4FC3C444
:10D31000C2C2C4C5C6C6C9C9CBCBD3D24545FFFF1F
:10D32000FFFFFFFFFFFFD0D0585858585858B3B3ED
:10D33000E5E1E6E3E7E4E9E6EBE9ECE9FCF9A0A0E6
:10D34000FFFFFFFFFFFFFFFFFFFFFFFFFFFFFFFFED
:10D35000FFFFFFFFFFFFFFFFFFFFFFFFFFFFFFFFDD
:10D36000FFFFFFFFFFFFFFFFFFFFFFFFFFFFFFFFCD
:10D37000FFFFFFFF4A4C585AB9B7E7E2E7E2E5DFA3
:10D38000E3DEE1DEDFDADCD8E5E06062FFFFFFFF2D
:10D39000FFFFFFFFFFFF53555A5CBDBCB5B5B1B1F0
:10D3A000ADADA9A9A4A4A09F9A9B8F90B6B7FFFF8B
:10D3B000FFFFFFFFFFFFEBEA57595152BECAB9C446
:10D3C000BCC6BEC8C2C9C3CBC7CECAD08C8FF7F704
:10D3D000FFFFFFFFFFFFFFFFFFFFFFFF6C6F585ACC
:10D3E0005658E7E4E6E3E8E5E9E6EAE7EBE6E5E1F7
:10D3F000ADAEFFFFFFFFFFFFFFFFFFFFFFFFFFFFE0
:10D4000054565153FBF4F0EAF0EAF0EAF0EA49A48A
:10D4100049A449A449A4CFD751546164F1EBEFE981
:10D42000EFE9EDE7ECE8EBE5ECE6ECE55858FFFF5B
:10D43000969856584F51E4E0DFDBDDD9DBD7D8D4DE
:10D44000D4D2D3CFD1CE5456FFFFACAD585A52549C
:10D45000BFBEBAB9B6B6B3B2B0B0ACACA8A8A6A6B7
:10D460005355BCBD585A5355939498999DA0A3A861
:10D47000A7ADABB2AFB7B2BC5F62FFFFC5C5585A2C
:10D480004F51C4CFC2CAC5CCC6CEC9CFCBD1D2D7DB
:10D490004547FFFFFFFFFFFFFFFFD0D1585A585A03
:10D4A000585AB3B3E1E0E3E1E4E3E6E3E9E6E9E5B2
:10D4B000F9F4A0A1FFFFFFFFFFFFFFFFFFFFFFFF4A
:10D4C000FFFFFFFFFFFFFFFFFFFFFFFFFFFFFFFF6C
:10D4D000FFFFFFFFFFFFFFFFFFFFFFFFFFFFFFFF5C
:10D4E000FFFFFFFFFFFFFFFF4A4A5858BABAEDEAB5
:10D4F000ECE7EBE7E8E5E6E3E4E1E1DEEDE97272B3
:10D50000FFFFFFFFFFFFFFFFFFFF5353595AC2C149
:10D51000BAB8B6B5B1B1AEADA9A7A4A4A09F939275
:10D52000D7D7FFFFFFFFFFFFFFFFEBEB575751512F
:10D53000B9BCB4B8B7B9BBBCBFC0C2C2C4C5C7C709
:10D540008B8CF7F7FFFFFFFFFFFFFFFFFFFFFFFFE2
:10D550004B4B58584949EBE8E7E4E8E6EBE9ECE9DE
:10D56000EDEAF9F43C3DFFFFFFFFFFFFFFFFFFFF88
:10D57000FFFFFFFF54545051FDF9F2F0F4F0F4F0C6
:10D58000C591A349A349A349A349F3EFE8E55C5C2E
:10D59000F5F1F4F0F3EFF3EFEFEDF1ECF1EBF0EC8C
:10D5A0005757FFFF969656564F4FEAE5E4E1E2DF04
:10D5B000DFDDDEDBDBD8D8D4D5D35555FFFFACACEF
:10D5C00058585252C5C2BEBCBBB9B8B7B4B3B0B15B
:10D5D000ADACAAA95253BCBC5858535397979292DA
:10D5E0009A989D9EA2A3A6A7A9AAAEAF5C5DFFFFD5
:10D5F000B5B558584F4FC1C1BFC0C1C2C4C4C7C7D9
:10D60000C9C9CCCCDBDB3837FFFFFFFFFFFF53532B
:10D6100058585858696AE2DFE3E0E4E2E6E3E8E5F7
:10D62000E8E7EBE8FBF8A0A0FFFFFFFFFFFFFFFF2D
:10D63000FFFFFFFFFFFFFFFFFFFFFFFFFFFFFFFFFA
:10D64000FFFFFFFFFFFFFFFFFFFFFFFFFFFFFFFFEA
:10D65000FFFFFFFFFFFFFFFFFFFFFFFF4A4C585A8E
:10D66000BAB9EAE4E7E3E7E2E5E0E3DEE1DCDEDAEB
:10D67000E9E37274FFFFFFFFFFFFFFFFFFFF53555A
:10D680005A5CC1BEB8B7B5B4B1B1ADADA7A7A4A33C
:10D690009F9F9294D7D8FFFFFFFFFFFFFFFFEBEAAA
:10D6A00057595153BCC8B8C3B9C5BCC6C0C9C2CB11
:10D6B000C5CCC7CE8C8EF7F7FFFFFFFFFFFFFFFF44
:10D6C000FFFFFFFF4B4D585A494BE8E7E4E2E6E223
:10D6D000E9E5E9E5EAE7F4EF3D3FFFFFFFFFFFFF84
:10D6E000FFFFFFFFFFFFFFFF54565153F9F3F0EA2E
:10D6F000F0EAF0EA91C249A449A449A449A4EFE997
:10D70000E5E15C5FF1EBF0EAEFE9EFE9EDE7ECE78B
:10D71000EBE5ECE75758FFFF969856584F50E5DF7A
:10D72000E1DCDFDADDD8DBD7D8D4D4D2D3CE55577D
:10D73000FFFFACAD585A5254C2C2BCBBB9B9B7B660
:10D74000B3B2B1B0ACACA9A95355BCBD585A5355EE
:10D7500097989293989A9EA2A3A8A7AEAAB2AFB99F
:10D760005D5FFFFFB5B7585A4F50C1CDC0CAC2CA9E
:10D77000C4CCC7CFC9CFCCD2DBE1373AFFFFFFFF24
:10D78000FFFF5355585A585A6A6BDFDFE0DFE2E17A
:10D79000E3E1E5E2E7E4E8E6F8F3A0A1FFFFFFFF3D
:10D7A000FFFFFFFFFFFFFFFFFFFFFFFFFFFFFFFF89
:10D7B000FFFFFFFFFFFFFFFFFFFFFFFFFFFFFFFF79
:10D7C000FFFFFFFFFFFFFFFFFFFFFFFFFFFFFFFF69
:10D7D0004A4A5858BCBAEFEBEDEAEBE7EAE5E7E472
:10D7E000E6E3E3E0EDEB7171FFFFFFFFFFFFFFFFFB
:10D7F000FFFF5353595AC7C5BEBCBAB8B6B5B2B18C
:10D80000ADACA9A8A4A39798D6D6FFFFFFFFFFFF52
:10D81000FFFFEBEB57575151B6B8B3B5B4B7B7BA32
:10D82000BBBCBFBFC2C2C4C38989F7F7FFFFFFFFFC
:10D83000FFFFFFFFFFFFDEDE575757579291E3E0F0
:10D84000E6E3E7E4E8E6EBE8ECE8EEEA7D7DFFFFFF
:10D85000FFFFFFFFFFFFFFFFFFFFFFFF545450518B
:10D86000FDFAF3EEF3F0F4F0A349A349A349A34969
:10D87000A651F4F0F3EFEBE8F4F0F4F0F4F0F3EF8A
:10D88000F3EFF0EDF1ECF2EC5353FFFF96965656A2
:10D890004E4FEBE8E7E2E4E1E1DFDFDDDDD9DAD8A6
:10D8A000D8D55353FFFF9D9D58585152C9C7C1BF8A
:10D8B000BEBCBBB9B8B6B4B3B0AFADAC5353BCBCCF
:10D8C000585853539C9B969591929B9A9D9EA3A4C6
:10D8D000A7A7AAAB5C5CFFFFB5B558584F4FBEBFBA
:10D8E000BCBDC0C1C1C2C4C5C7C6CACACCCCD8D8C9
:10D8F0004141FFFF4444585858584545E2E0DFDEB7
:10D90000E2DFE3E0E5E2E6E3E8E5EAE6FAF7A7A727
:10D91000FFFFFFFFFFFFFFFFFFFFFFFFFFFFFFFF17
:10D92000FFFFFFFFFFFFFFFFFFFFFFFFFFFFFFFF07
:10D93000FFFFFFFFFFFFFFFFFFFFFFFFFFFFFFFFF7
:10D94000FFFFFFFF4A4C585ABAB9EBE6EAE4E7E2B8
:10D95000E5E0E4DFE3DEE0DCEBE57173FFFFFFFF12
:10D96000FFFFFFFFFFFF53555A5CC5C3BCBBB8B7F1
:10D97000B5B4B1B1ACACA8A7A3A39897D6D7FFFF15
:10D98000FFFFFFFFFFFFEBEA57595153B8C3B5C084
:10D99000B7C4BAC6BCC7BFC9C2CBC3CB898DF7F762
:10D9A000FFFFFFFFFFFFFFFFFFFFDEDF5759575964
:10D9B0009193E0DFE3E2E4E2E6E3E8E5E8E6EAE7C4
:10D9C0007D7EFFFFFFFFFFFFFFFFFFFFFFFFFFFF6A
:10D9D00054565154FAF2EEE8F0EAF0EA49A449A4A8
:10D9E00049A449A451A7F0EAEFE9E8E4F0EAF0EA33
:10D9F000F0EAEFE9EFE9EDE7ECE7ECE65356FFFF7D
:10DA0000969856584F52E8E2E2DDE1DDDFD9DDD8E5
:10DA1000D9D5D8D4D5D25354FFFF9D9E585A5254CD
:10DA2000C7C4BFBFBCBBB9B9B6B6B3B2AFAFACAD7C
:10DA30005356BCBD585A53559B9C959592939A9CAE
:10DA40009EA2A4A7A7AEABB45C5FFFFFB5B6585AC1
:10DA50004F50BFCBBDC8C1CAC2CAC5CDC6CECAD041
:10DA6000CCD2D8DE4144FFFF4446585A585A454864
:10DA7000E0E2DEDDDFE0E0DFE2E1E3E1E5E2E6E394
:10DA8000F7F3A7A9FFFFFFFFFFFFFFFFFFFFFFFF68
:10DA9000FFFFFFFFFFFFFFFFFFFFFFFFFFFFFFFF96
:10DAA000FFFFFFFFFFFFFFFFFFFFFFFFFFFFFFFF86
:10DAB000FFFFFFFFFFFFFFFF4A4A5858BAB9F1EADC
:10DAC000EFEAEDEAEBE7EAE6E7E4E7E1F1ED7171B1
:10DAD000FFFFFFFFFFFFFFFFFFFF5353595ACAC766
:10DAE000C2BFBEBCB9B9B5B4B1AFACABA9A79C9B22
:10DAF000D7D7FFFFFFFFFFFFFFFFEBEB5757525258
:10DB0000B2B5B0B2B4B5B5B7B8BABBBDBFC0C1C28B
:10DB10008889F6F6FFFFFFFFFFFFFFFFFFFF62624E
:10DB200058585455E5E3E1DEE4E1E5E3E7E4E8E6EF
:10DB3000ECE9ECEAEFEB9F9FFFFFFFFFFFFFFFFF2A
:10DB4000FFFFF6F655555051FCF8F3EFF3EEDFC644
:10DB5000A349A349A349A349E0C6F4F0F4F0F4F0C3
:10DB6000F4F0F4F0F4F0F4F0F3EFF3EFEFEDF2EEA5
:10DB70005353FFFF969656564E4FECE8E7E4E7E323
:10DB8000E3E0E2DFDFDDDCD9DAD95253FFFF9D9D10
:10DB900058585151CBC9C5C3C0BEBEBCBAB8B7B640
:10DBA000B4B2B0B05353BCBC58585252A09F9999CC
:10DBB000949593929B9A9F9FA3A4A8A95C5DFFFF55
:10DBC000B5B558584F4FBBBDB9BCBDBEBFC0C1C332
:10DBD000C4C4C7C7CACACDCDABAB474758585757BF
:10DBE0004A4BECEADCD9DEDCDFDEE1DFE3E0E5E254
:10DBF000E7E3E7E4F8F4B3B2FFFFFFFFFFFFFFFF47
:10DC0000FFFFFFFFFFFFFFFFFFFFFFFFFFFFFFFF24
:10DC1000FFFFFFFFFFFFFFFFFFFFFFFFFFFFFFFF14
:10DC2000FFFFFFFFFFFFFFFFFFFFFFFF4A4C585AB8
:10DC3000B9B8EAE4EAE6EAE4E7E2E6E1E4DEE1DDF7
:10DC4000EDE87173FFFFFFFFFFFFFFFFFFFF53557D
:10DC50005A5CC7C6BFBEBCBAB9B7B4B4AFAFABAB02
:10DC6000A7A79B9CD7D8FFFFFFFFFFFFFFFFEBEAB3
:10DC700057595253B5BEB2BDB5C1B7C3BAC5BDC77A
:10DC8000C0C9C2CB898DF6F6FFFFFFFFFFFFFFFF84
:10DC9000FFFF6264585A5557E3E3DEDFE1DFE3E25A
:10DCA000E4E3E6E3E9E6EAE5EBE89FA0FFFFFFFF38
:10DCB000FFFFFFFFFFFFF6F655575154F8F2EFE76D
:10DCC000EEE8C6D849A449A449A449A4C6D8F0EAB4
:10DCD000F0EAF0EAF0EAF0EAF0EAF0EAEFE9EFE978
:10DCE000EDE7EEE85356FFFF969856584F51E8E39C
:10DCF000E4DFE3DDE0DCDFD9DDD8D9D5D9D5535574
:10DD0000FFFF9D9E585A5154C9C5C3C0BEBEBCBB7F
:10DD1000B8B9B6B5B2B2B0B05355BCBD585A5255E9
:10DD20009FA09999959692949A9B9FA3A4A8A9AF16
:10DD30005D5EFFFFB5B6585A4F50BDCABCC6BEC8DF
:10DD4000C0CBC3CCC4CCC7CECAD0CDD3ABB0474A6E
:10DD5000585A57594B4DEAEDD9DBDCDDDEDDDFE00B
:10DD6000E0DFE2E2E3E1E4E2F4F0B2B3FFFFFFFF61
:10DD7000FFFFFFFFFFFFFFFFFFFFFFFFFFFFFFFFB3
:10DD8000FFFFFFFFFFFFFFFFFFFFFFFFFFFFFFFFA3
:10DD9000FFFFFFFFFFFFFFFFFFFFFFFFFFFFFFFF93
:10DDA0004A4A5858D5D3F1ECF0EBEDEAEDE9E9E752
:10DDB000E9E5E6E3F5F07171FFFFFFFFFFFFFFFF0D
:10DDC000FFFF53535859CFCCC5C3C1C0BDBBB9B871
:10DDD000B4B3B0AFACAB9F9ED6D6FFFFFFFFFFFF43
:10DDE000FFFFEBEB57575151AEB0ACAFB2B4B3B588
:10DDF000B3B7B8BABCBCBFC08788FBFBFFFFFFFF4F
:10DE0000FFFFFFFFFFFF4D4D58584C4CE0DEDFDDBC
:10DE1000E1DEE4E1E6E3E7E4E9E6EBE9F3F03C3CEC
:10DE2000FFFFFFFFFFFFFFFFFFFFF6F655555051C5
:10DE3000FCF8F1EEF3EFA349A349A349A349A65186
:10DE4000F4F0F4F0F4F0F4F0F4F0F4F0F4F0F4F0B2
:10DE5000F3EFF3EFF3EFF1EE5454FFFF96965656BF
:10DE60004E4EEEE9E9E5E7E4E7E2E3E0E1DEDEDDA0
:10DE7000DCD95352FFFF9D9D58585151CFCBC7C598
:10DE8000C4C2C1BFBEBBBBB8B7B6B4B35353BCBCAE
:10DE900058585151A3A29D9C9898949293939A9A02
:10DEA0009F9FA3A55C5DFFFFB5B55858504FB8BA0A
:10DEB000B7B9BABCBDBDC0C1C1C3C5C4C8C8C9C952
:10DEC000CDCD6A6A58585454DFDED6D6DAD8DBD9BD
:10DED000DEDCE0DEE2DFE4E1E5E3E7E4F7F3B3B361
:10DEE000FFFFFFFFFFFFFFFFFFFFFFFFFFFFFFFF42
:10DEF000FFFFFFFFFFFFFFFFFFFFFFFFFFFFFFFF32
:10DF0000FFFFFFFFFFFFFFFFFFFFFFFFFFFFFFFF21
:10DF1000FFFFFFFF4A4C585AD3D0ECE7EBE5EAE5A8
:10DF2000E9E4E7E2E5E0E3DEF0EA7172FFFFFFFF1C
:10DF3000FFFFFFFFFFFF5355595BCCCAC3C1C0BEF3
:10DF4000BBBAB8B8B3B3AFB0ABAB9E9FD6D8FFFFE8
:10DF5000FFFFFFFFFFFFEBEA57595153B0B8AFB7D0
:10DF6000B4BEB5C1B7C4BAC6BCC8C0CA888BFBFBB7
:10DF7000FFFFFFFFFFFFFFFFFFFF4D4F585A4C4EC3
:10DF8000DEE0DDDDDEE0E1E0E3E2E4E2E6E3E9E677
:10DF9000F0EC3C3EFFFFFFFFFFFFFFFFFFFFF6F649
:10DFA00055575154F8F2EEE8EFE849A449A449A4C2
:10DFB00049A451A7F0EAF0EAF0EAF0EAF0EAF0EA60
:10DFC000F0EAF0EAEFE9EFE9EFE9EEE85456FFFF97
:10DFD000969856584E51E9E4E5E0E4DFE2DDE0DBF7
:10DFE000DEDADDD8D9D65255FFFF9D9E585A5153DF
:10DFF000CBC9C5C2C2C0BFBEBBBAB8B8B6B5B3B153
:10E000005355BCBD585A5153A2A29C9D98999294C5
:10E0100093949A9D9FA3A5AA5D5FFFFFB5B6585A3A
:10E020004F51BAC7B9C5BCC6BDC9C1CBC3CDC4CC9D
:10E03000C8CEC9CFCDD36A6D585A5456DEE1D6D872
:10E04000D8DBD9DBDCDDDEDDDFE0E1E0E3E2E4E2EA
:10E05000F3EFB3B4FFFFFFFFFFFFFFFFFFFFFFFF83
:10E06000FFFFFFFFFFFFFFFFFFFFFFFFFFFFFFFFC0
:10E07000FFFFFFFFFFFFFFFFFFFFFFFFFFFFFFFFB0
:10E08000FFFFFFFFFFFFFFFF4A4A5858D6D4F0EECC
:10E09000F1ECF0ECEDEAECE8EAE7E9E5F5F27171B4
:10E0A000FFFFFFFFFFFFFFFFFFFF53535859D1D082
:10E0B000C9C7C6C3C1C0BEBBB9B8B4B3B1AFA3A1D1
:10E0C000D6D6FFFFFFFFFFFFFFFFEBEB5757525185
:10E0D000AAABA8AAADB0B0B2B4B6B5B8B8BBBBBD18
:10E0E0008686FBFBFFFFFFFFFFFFFFFFCFCF5757EA
:10E0F0005758A3A3DBD8DDDBDFDCE1DFE4E1E5E3B8
:10E10000E7E4E9E6EBE98B8CFFFFFFFFFFFFFFFF92
:10E11000FFFFF6F655555051FBF6F1EDC187A349C7
:10E12000A349A349A349F4F0F4F0F4F0F4F0F4F0B7
:10E13000F4F0F4F0F4F0F4F0F4F0F4F0F3EFF4F0C1
:10E140005453FFFF969656565454EFEBEBE6E8E532
:10E15000E6E3E6E1E3E0E1DEE1DE5353FFFF9D9D10
:10E1600058585151D1CDCBC7C7C5C5C3C1C0BEBA20
:10E17000BAB9B8B65252BCBC58585251A7A5A1A0C2
:10E180009D9C9897959394949A9A9E9F5B5CFFFFB1
:10E19000B5B55858504FB7B9B5B6B6B9B9BCBEBF8A
:10E1A000C0C1C1C2C5C4C7C7CACAD1D14647ACAC39
:10E1B000D4D2D5D3D6D6DAD7DBD9DDDBE0DEE2DFC9
:10E1C000E3E0E4E3F4F1B3B3FFFFFFFFFFFFFFFF82
:10E1D000FFFFFFFFFFFFFFFFFFFFFFFFFFFFFFFF4F
:10E1E000FFFFFFFFFFFFFFFFFFFFFFFFFFFFFFFF3F
:10E1F000FFFFFFFFFFFFFFFFFFFFFFFF4A4C585AE3
:10E20000D4CFEEE7ECE7ECE6EAE4E8E3E7E2E5E0CA
:10E21000F2EB7172FFFFFFFFFFFFFFFFFFFF5355A0
:10E22000595BD0CEC7C4C3C1C0BEBBBAB8B6B3B3C6
:10E23000AFAFA1A2D6D7FFFFFFFFFFFFFFFFEBEAC3
:10E2400057595153ABB1AAB1B0B9B2BDB6C2B8C3F8
:10E25000BBC6BDC8868CFBFBFFFFFFFFFFFFFFFFB8
:10E26000CFD05759585AA3A5D8DBDBDCDCDDDFE083
:10E27000E1E0E3E2E4E3E6E3E9E68C8DFFFFFFFFA4
:10E28000FFFFFFFFFFFFF6F655575154F6F1EDE89B
:10E2900087BD49A449A449A449A4F0EAF0EAF0EAF8
:10E2A000F0EAF0EAF0EAF0EAF0EAF0EAF0EAF0EA9E
:10E2B000EFE9F0EA5356FFFF969856585457EBE6AD
:10E2C000E6E1E5DFE3DEE1DDE0DBDED9DED9535573
:10E2D000FFFF9D9E585A5153CDCBC7C5C5C2C3C081
:10E2E000C0BDBABAB9B8B6B65255BCBD585A5153EA
:10E2F000A5A5A0A09C9D9799939494949A9D9FA363
:10E300005C5FFFFFB5B6585A4F51B9C6B6C2B9C522
:10E31000BCC6BFC9C1CBC2CDC4CCC7CDCAD0D1D871
:10E320004749ACB0D2D6D3D7D6D8D7DAD9DBDBDDE4
:10E33000DEDDDFE0E0E0E3E2F1EEB3B4FFFFFFFF9C
:10E34000FFFFFFFFFFFFFFFFFFFFFFFFFFFFFFFFDD
:10E35000FFFFFFFFFFFFFFFFFFFFFFFFFFFFFFFFCD
:10E36000FFFFFFFFFFFFFFFFFFFFFFFFFFFFFFFFBD
:10E370004A4A5858D6D4F3EFF0EDF1ECEFECECEA62
:10E38000ECE9EAE7F9F37171FFFFFFFFFFFFFFFF21
:10E39000FFFF53535859D5D3CCC9C9C6C5C3C1C053
:10E3A000BCBCB8B9B4B4A6A6D6D6FFFFFFFFFFFF2A
:10E3B000FFFFEBEB57575252A6A6A4A6A9A9ADAFF3
:10E3C000B1B3B3B6B3B7B8BA8486FBFBFFFFFFFFA8
:10E3D000FFFFFFFF555558585352DFDED7D6DAD925
:10E3E000DDDBE0DDE3E0E3E0E5E4E8E5E9E6F3F0EA
:10E3F0008D8DFFFFFFFFFFFFFFFFF6F655555051D4
:10E40000F9F6E5D4A349A349A349A349C288F4F086
:10E41000F4F0F4F0F4F0F4F0F4F0F4F0F4F0F4F0DC
:10E42000F4F0F4F0F3EFF4F05453FFFF96965656E1
:10E430005454F0EDECE8EBE6E9E5E6E3E7E2E4E08E
:10E44000E2DF5353FFFF9D9D58585051D4D1CDCAA0
:10E45000CAC7C7C5C3C2C1BFBDBCBBB95252BCBC91
:10E4600058585151AAA9A4A2A1A09C9B98989493F2
:10E4700094949A9C5C5CFFFFB5B558585050B6B860
:10E48000B4B6B4B7B7B9BBBBBDBEC0C0C2C3C4C4C9
:10E49000C7C7CACAD2D2CFCED1D0D4D2D5D2D7D57F
:10E4A000D9D8DCDADEDCDFDDE2DFE3E0F3F0B3B3C2
:10E4B000FFFFFFFFFFFFFFFFFFFFFFFFFFFFFFFF6C
:10E4C000FFFFFFFFFFFFFFFFFFFFFFFFFFFFFFFF5C
:10E4D000FFFFFFFFFFFFFFFFFFFFFFFFFFFFFFFF4C
:10E4E000FFFFFFFF4A4C585AD4CFEFE9EDE7ECE7C6
:10E4F000ECE6EAE4E9E3E7E2F3ED7172FFFFFFFF28
:10E50000FFFFFFFFFFFF5355595BD3D0C9C7C6C3F9
:10E51000C3C1C0BEBCBBB9B6B4B3A6A6D6D7FFFFB5
:10E52000FFFFFFFFFFFFEBEA57595254A6ABA6AC23
:10E53000A9B2AFB8B3BEB6C2B7C4BAC5868AFBFB30
:10E54000FFFFFFFFFFFFFFFF5557585A5254DEE110
:10E55000D6D8D9DBDBDDDDDDE0E0E0E0E4E2E5E2DA
:10E56000E6E3F0ED8D8FFFFFFFFFFFFFFFFFF6F605
:10E5700055575154F6F1D4DD49A449A449A449A4FE
:10E5800088BEF0EAF0EAF0EAF0EAF0EAF0EAF0EA4F
:10E59000F0EAF0EAF0EAF0EAEFE9F0EA5356FFFFBA
:10E5A000969856585455EDE7E8E3E6E1E5E0E3DFF9
:10E5B000E2DDE0DBDFDA5355FFFF9D9E585A5153F1
:10E5C000D1CECAC8C7C5C5C3C2BFBFBEBCBAB9B821
:10E5D0005254BCBD585A5153A9A9A2A3A0A09B9CB8
:10E5E0009899939494969C9C5C5FFFFFB5B6585A9B
:10E5F0005051B8C2B6C1B7C3B9C6BBC5BEC8C0CBFF
:10E60000C3CDC4CCC7CECAD0D2D8CED3D0D4D2D624
:10E61000D2D6D5D8D8DADADBDCDDDDDCDFE0E0E04D
:10E62000F0EEB3B4FFFFFFFFFFFFFFFFFFFFFFFFB1
:10E63000FFFFFFFFFFFFFFFFFFFFFFFFFFFFFFFFEA
:10E64000FFFFFFFFFFFFFFFFFFFFFFFFFFFFFFFFDA
:10E65000FFFFFFFFFFFFFFFF4A4A5858D6D4F2EEF4
:10E66000F3EFF0EDF1EDEFECEDEAEDE9FBF67372AF
:10E67000FFFFFFFFFFFFFFFFFFFF53535859D9D69E
:10E68000D0CDCAC9C8C6C5C4C0BFBCBBB8B7A0A09E
:10E69000D7D7FFFFFFFFFFFFFFFFEBEB57575252AC
:10E6A0009EA0A1A1A5A7A9ACAEB0B1B3B4B6B5B8B0
:10E6B0007D7EFBFBFFFFFFFFFFFFFFFF5050575723
:10E6C0005757D6D4D5D4D8D7DAD8DDDBE0DDE2DFB2
:10E6D000E4E1E6E3E8E4EFEB3C3CFFFFFFFFFFFF94
:10E6E000FFFFF6F655555051F8F3A349A349A34946
:10E6F000A349A651F3EEF4F0F4F0F4F0F4F0F4F0E2
:10E70000F4F0F4F0F4F0F4F0F4F0F4F0F4F0F4F0E9
:10E710005453FFFF969656565454F1ECEDE9ECE64F
:10E72000EBE6E9E5E6E4E6E3E5DF5453FFFF9D9D14
:10E7300058585150D7D4CFCBCCCACBC8C7C4C3C20A
:10E74000C0BFBEBC5353BCBC58585050ADACA7A6BC
:10E75000A4A3A09F9B9B9797939395955050FFFFE1
:10E76000B5B558585050B3B4B3B4B4B6B5B7B7BADA
:10E77000BABCBEBFC1C1C2C3C5C5C8C8CACACCCC59
:10E78000CFCFD2D0D3D1D5D4D7D5DBD9DCD9DDDB2F
:10E79000E1DEE2DFF1EEB3B3FFFFFFFFFFFFFFFFBC
:10E7A000FFFFFFFFFFFFFFFFFFFFFFFFFFFFFFFF79
:10E7B000FFFFFFFFFFFFFFFFFFFFFFFFFFFFFFFF69
:10E7C000FFFFFFFFFFFFFFFFFFFFFFFF4A4C585A0D
:10E7D000D4CFEEE8EFE9EDE7EDE7ECE6EAE4E9E4D3
:10E7E000F6F07275FFFFFFFFFFFFFFFFFFFF5355BE
:10E7F000595BD6D3CDC9C9C7C6C4C4C0BFBDBBBB96
:10E80000B7B6A0A1D7D8FFFFFFFFFFFFFFFFEBEADE
:10E8100057595254A0A3A1A6A7ADACB2B0B9B3BD8D
:10E82000B6C3B8C47E83FBFBFFFFFFFFFFFFFFFF04
:10E83000505257595759D4D8D4D8D7D8D8DBDBDC65
:10E84000DDDCDFE0E1E0E3E1E4E2EBE73C3FFFFFBA
:10E85000FFFFFFFFFFFFF6F655575154F3EE49A4B3
:10E8600049A449A449A451A7EEE8F0EAF0EAF0EA85
:10E87000F0EAF0EAF0EAF0EAF0EAF0EAF0EAF0EAC8
:10E88000F0EAF0E95356FFFF969856585455ECE8D5
:10E89000E9E4E6E2E6E1E5E0E4DFE3DDDFDC535472
:10E8A000FFFF9D9E585A5053D4D0CBCACAC8C8C582
:10E8B000C4C3C2BFBFBDBCBB5355BCBD585A5053E7
:10E8C000ACACA6A7A3A39F9F9B9B97989394959668
:10E8D0005052FFFFB5B6585A5051B4BEB4BEB6C27E
:10E8E000B7C3BAC5BCC6BFC8C1CBC3CCC5CDC8CEE3
:10E8F000CAD0CCD2CFD3D0D4D1D6D4D7D5D8D9DAE8
:10E90000D9DADBDEDEDDDFE0EEEDB3B4FFFFFFFFE3
:10E91000FFFFFFFFFFFFFFFFFFFFFFFFFFFFFFFF07
:10E92000FFFFFFFFFFFFFFFFFFFFFFFFFFFFFFFFF7
:10E93000FFFFFFFFFFFFFFFFFFFFFFFFFFFFFFFFE7
:10E940004A4A5858D6D4F4F0F3EFF3EFF0EEF1ED75
:10E95000F0ECEDEBFCF77272FFFFFFFFFFFFFFFF34
:10E96000FFFF53535859DCDAD3D0CFCCCBC9C8C63C
:10E97000C3C2C0BFBCBBA3A3D7D7FFFFFFFFFFFF2E
:10E98000FFFFEBEB5757535398999B9CA1A2A5A768
:10E99000AAABAEB1B1B3B4B57678FBFBFFFFFFFF16
:10E9A000FFFFB4B458585858B3B2D1CFD4D2D6D54B
:10E9B000D8D6DCD9DDDBE0DDE3E0E5E2E6E3E8E55F
:10E9C0009C9BF7F7FFFFFFFFFFFFF6F655555051F1
:10E9D000A751A349A349A349A349F1EDF3EFF2EFEE
:10E9E000F4F0F4F0F4F0F4F0F4F0F4F0F4F0F4F007
:10E9F000F4F0F4F0F4F0F5F15453FFFF9696565608
:10EA00005354F3EEEEEAEDEAEBE7EBE6E9E6E6E394
:10EA1000E8E44D4EFFFF9E9E58585151D9D7D3D0B0
:10EA2000CFCCCCCAC9C7C6C4C4C1C1C15252BFBF72
:10EA300058585050B0AFABA9A7A6A3A29F9E9C9BCD
:10EA4000989794935252FFFFB5B558585050AFB0B5
:10EA5000AFB1B1B4B4B5B5B7B8B9BABCBEBFC0C137
:10EA6000C2C3C5C5C8C8CACACDCCCFCFD2D0D3D1F6
:10EA7000D5D3D7D5DAD9DDDADEDCE1DDE7E5B3B32E
:10EA8000FFFFFFFFFFFFFFFFFFFFFFFFFFFFFFFF96
:10EA9000FFFFFFFFFFFFFFFFFFFFFFFFFFFFFFFF86
:10EAA000FFFFFFFFFFFFFFFFFFFFFFFFFFFFFFFF76
:10EAB000FFFFFFFF4A4C585AD4CFF0EAEFE9EFE9E5
:10EAC000EEE8EDE7ECE6EBE4F7F27275FFFFFFFF2F
:10EAD000FFFFFFFFFFFF5355595BDAD6D0CDCCC9FE
:10EAE000C9C7C6C4C2C0BFBDBBBAA3A4D7D8FFFFA5
:10EAF000FFFFFFFFFFFFEBEA57595355999A9C9E82
:10EB0000A2A5A7ACABB3B1B9B3BEB5C1787DFBFBD1
:10EB1000FFFFFFFFFFFFB4B4585A585AB2B6CFD424
:10EB2000D2D6D5D7D6D9D9DBDBDDDDDDE0E0E2E03A
:10EB3000E3E1E5E19B9CF7F8FFFFFFFFFFFFF6F63F
:10EB40005557515451A749A449A449A449A4EDE8F3
:10EB5000EFE7EFE9F0EAF0EAF0EAF0EAF0EAF0EAEB
:10EB6000F0EAF0EAF0EAF0EAF0EAF1EB5356FFFFE0
:10EB7000969856585455EEE8EAE5EAE4E7E2E6E10D
:10EB8000E6E0E3DEE4DF4E50FFFF9EA0585A51520C
:10EB9000D7D2D0CDCCC8CAC8C7C5C4C3C1BFC1BEF7
:10EBA0005255BFC0585A5052AFAFA9AAA6A7A2A3A8
:10EBB0009E9E9B9C979893945254FFFFB5B6585ACB
:10EBC0005052B0B8B1BAB4BEB5C1B7C3B9C5BCC56F
:10EBD000BFC9C1CAC3CDC5CDC8CECAD0CCD2CFD48F
:10EBE000D0D4D1D6D3D7D5D8D9DADADBDCDEDDDEA6
:10EBF000E5E4B3B4FFFFFFFFFFFFFFFFFFFFFFFFF1
:10EC0000FFFFFFFFFFFFFFFFFFFFFFFFFFFFFFFF14
:10EC1000FFFFFFFFFFFFFFFFFFFFFFFFFFFFFFFF04
:10EC2000FFFFFFFFFFFFFFFF4A4A5858D6D4F4F01A
:10EC3000F4F0F2EEF3EFF0EEF1ECF0ECFDFB7272BB
:10EC4000FFFFFFFFFFFFFFFFFFFF53535859E0DDBA
:10EC5000D6D4D2CFCFCCCBC8C9C5C4C1C0BFA6A55E
:10EC6000D7D7FFFFFFFFFFFFFFFFEBEB57575252D6
:10EC7000999895959C9CA1A2A6A8A9ACAEB0B2B457
:10EC80007677FBFBFFFFFFFFFFFF4F4F58585050B9
:10EC9000D5D4CFCDD2CFD4D2D6D5D9D7DCD9DEDC1E
:10ECA000E1DDE2DFE5E2E6E3F1EF7D7DFFFFFFFF7F
:10ECB000FFFFF6F65555984AA349A349A349A3492E
:10ECC000F0ECF2ECF2EEF3EFF3F1F4EFF4F0F4F039
:10ECD000F4F0F4F0F4F0F4F0F4F0F4F0F4F0F5F112
:10ECE0005453FFFF969656565354F3F0EFECECEA6C
:10ECF000ECEAEBE7EBE6E9E6E8E64E4DFFFFA1A123
:10ED000058595151DCD9D6D3D3CFCFCDCCC9C9C7EF
:10ED1000C6C4C4C25252B0B05A5A5151B4B3AFAEC5
:10ED2000ABA9A6A5A3A1A09F9B9A97975151FFFFBE
:10ED3000B5B558585150ABACACAEAFB1B1B3B4B639
:10ED4000B4B7B8B9BABDBEBFC1C2C2C3C6C6C7C7D1
:10ED5000CBCBCECED0CFD2D1D4D2D5D3D6D6DAD992
:10ED6000DDDBDEDDDEDDB3B3FFFFFFFFFFFFFFFF17
:10ED7000FFFFFFFFFFFFFFFFFFFFFFFFFFFFFFFFA3
:10ED8000FFFFFFFFFFFFFFFFFFFFFFFFFFFFFFFF93
:10ED9000FFFFFFFFFFFFFFFFFFFFFFFF4A4C585A37
:10EDA000D4CFF0EAF0EAEEE8EFE9EEE8ECE6ECE6E4
:10EDB000FBF47275FFFFFFFFFFFFFFFFFFFF5355DF
:10EDC000595BDDD9D4D0CFCCCCC9C8C6C5C3C1BF6F
:10EDD000BFBDA5A7D7D8FFFFFFFFFFFFFFFFEBEAEF
:10EDE00057595255989995979CA0A2A6A8ADACB337
:10EDF000B0BAB4BE777CFBFBFFFFFFFFFFFF4F51B4
:10EE0000585A5052D4DBCDD2CFD4D2D7D5D9D7DAB5
:10EE1000D9DBDCDDDDDEDFDFE2E0E3E1EFEB7D7EB1
:10EE2000FFFFFFFFFFFFF6F655574A9949A449A493
:10EE300049A449A4ECE6ECE8EEE8EFE7F1EBEFE9F2
:10EE4000F0EAF0EAF0EAF0EAF0EAF0EAF0EAF0EAF2
:10EE5000F0EAF1EB5356FFFF969856585455F0E8F8
:10EE6000ECE6EAE4EAE3E7E2E6E1E6E0E6E04D507C
:10EE7000FFFFA1A2595B5152D9D6D3D0CFCCCDC878
:10EE8000C9C8C7C5C4C3C2BF5254B0B15A5C5152FD
:10EE9000B3B3AEACA9AAA5A6A1A39F9E9A9B97982F
:10EEA0005154FFFFB5B6585A5052ACB3AEB4B1BAD4
:10EEB000B3BEB6C2B7C4B9C6BDC6BFCAC2CAC3CD47
:10EEC000C6CEC7CECBD1CED2CFD4D1D4D2D6D3D743
:10EED000D6D7D9DBDBDBDDDEDDDDB3B4FFFFFFFF43
:10EEE000FFFFFFFFFFFFFFFFFFFFFFFFFFFFFFFF32
:10EEF000FFFFFFFFFFFFFFFFFFFFFFFFFFFFFFFF22
:10EF0000FFFFFFFFFFFFFFFFFFFFFFFFFFFFFFFF11
:10EF10004A4A5858D6D4F4F0F4F0F4F0F2EEF2EF96
:10EF2000F1EDF1ECFFFC7272FFFFFFFFFFFFFFFF4F
:10EF3000FFFF52525555E4E0D9D6D5D3D2CFCFCC2E
:10EF4000CBC8C7C5C4C2A8A8D7D7FFFFFFFFFFFF24
:10EF5000FFFFEBEB575751529E9E929296969C9DC7
:10EF6000A2A3A7A8AAABAEB07676FBFBFFFFFFFF7C
:10EF7000FFFF535357575E5ECACACDCDD0CFD2D113
:10EF8000D4D2D6D5DAD8DBD9DEDBE1DEE2E0E5E2C9
:10EF9000EBE73F3FFFFFFFFFFFFFF6F68D4CA34976
:10EFA000A349A349A349DBC1EFECF0ECF2ECF2EE8C
:10EFB000CBC8FFFFF4F0F4F0F4F0F4F0F4F0F4F068
:10EFC000F4F0F4F0F4F0F5F15453FFFF9696565632
:10EFD0005353F3F0F1ECEFECECEAECEAEBE7EBE7A0
:10EFE000EAE74E4EFFFFC2C258585051DFDDD8D578
:10EFF000D5D3D3D0CFCCCACAC8C6C7C55353B0B077
:10F0000056564F4FB7B6B1B1AEADAAA8A6A5A3A1AB
:10F010009F9E9B9A5151FFFFB5B558585151A7A8D3
:10F02000A8AAABADAFB1B3B5B4B6B5B8B8BABBBCAE
:10F03000BEBFC1C2C3C4C5C5C9C9CCCCCDCED0CE5C
:10F04000D2D0D5D3D5D3D8D6DBD9DCDADDDCB3B397
:10F05000FFFFFFFFFFFFFFFFFFFFFFFFFFFFFFFFC0
:10F06000FFFFFFFFFFFFFFFFFFFFFFFFFFFFFFFFB0
:10F07000FFFFFFFFFFFFFFFFFFFFFFFFFFFFFFFFA0
:10F08000FFFFFFFF4A4C585AD4CFF0EAF0EAF0EA0B
:10F09000EEE8EFE9EDE8ECE5FCF57275FFFFFFFF48
:10F0A000FFFFFFFFFFFF52545557E0DCD6D3D3CF0D
:10F0B000CFCDCCC8C8C5C5C3C2BFA8A7D7D8FFFF8E
:10F0C000FFFFFFFFFFFFEBEA575952549E9D9293BB
:10F0D00096979DA0A3A7A8AFABB3B0B9767AFBFB78
:10F0E000FFFFFFFFFFFF535557595E5FCAD0CDD3D7
:10F0F000CFD4D1D4D2D6D5D9D8DAD9DBDBDEDEDF96
:10F10000E0DFE2E1E7E53F42FFFFFFFFFFFFF6F64A
:10F110004C8F49A449A449A449A4C1D4ECE6ECE627
:10F12000ECE8EEE8C8C3FFFAF0EAF0EAF0EAF0EA49
:10F13000F0EAF0EAF0EAF0EAF0EAF1EB5356FFFF0A
:10F14000969856585355F0EAECE6ECE6EAE4EAE322
:10F15000E7E2E7E2E7E14E50FFFFC2C3585A5154DD
:10F16000DDD8D5D2D3CFD0CCCCC9CAC8C6C5C5C2CC
:10F170005357B0B156584F51B6B6B1B1ADACA8A9BE
:10F18000A5A5A1A29E9E9A9B5153FFFFB5B6585AC2
:10F190005153A8ADAAB1ADB5B1BAB5BFB6C2B8C4E6
:10F1A000BAC6BCC6BFCAC2CAC4CCC5CEC9CFCCD2EF
:10F1B000CED2CED4D0D4D3D7D3D8D6D8D9DBDADAFE
:10F1C000DCDDB3B4FFFFFFFFFFFFFFFFFFFFFFFF2B
:10F1D000FFFFFFFFFFFFFFFFFFFFFFFFFFFFFFFF3F
:10F1E000FFFFFFFFFFFFFFFFFFFFFFFFFFFFFFFF2F
:10F1F000FFFFFFFFFFFFFFFF4B4B5858D6D4F4F043
:10F20000F4F0F4F0F3EFF3EFF2EEF1EDFFFC7272D5
:10F21000FFFFFFFFFFFFFFFFFFFF55555555E6E3DB
:10F22000DCD9D9D5D5D3D2CFCECACBC8C7C4ABAB26
:10F23000D7D7FFFFFFFFFFFFFFFFDFDF5757525218
:10F24000A3A29898929297979C9DA2A3A6A8AAACD5
:10F250007475FBFBFFFFFFFF9D9D58585758B4B5D1
:10F26000C6C6CACACDCDD0CFD3D1D4D2D7D6DAD89C
:10F27000DBDADFDDE2DFE4E1E4E2A4A3F3F2FFFFA7
:10F28000FFFFBA79A349A349A349A349D1B0EBE849
:10F29000EDE9EFECF0EDF2ECD6D24546FFFFF4F0ED
:10F2A000F4F0F4F0F4F0F4F0F4F0F4F0F4F0F5F13C
:10F2B0005453FFFF969656565353F4EFF1ECF1EC8E
:10F2C000EFECECEBECE8EAE7ECE74E4EFFFFDCDCC2
:10F2D00058584F50E2DFDAD9D8D5D5D2D3D0CFCCD9
:10F2E000CBC9C8C75353919156564F4EBBBAB5B30D
:10F2F000B2B1ADACAAA8A8A5A2A1A09F4E4EFFFF97
:10F30000B5B558585252A2A3A5A6A8AAACADAFB1A4
:10F31000B2B4B4B6B5B8B8BBBBBCBEBFC1C1C2C441
:10F32000C6C6C9C9CBCBCDCECFCFD3D0D5D3D6D5FA
:10F33000D8D7DBDADCDBB3B3FFFFFFFFFFFFFFFF54
:10F34000FFFFFFFFFFFFFFFFFFFFFFFFFFFFFFFFCD
:10F35000FFFFFFFFFFFFFFFFFFFFFFFFFFFFFFFFBD
:10F36000FFFFFFFFFFFFFFFFFFFFFFFF4B4E585A5E
:10F37000D4CFF0EAF0EAF0EAEFE9EFE9EEE8EDE801
:10F38000FCF57275FFFFFFFFFFFFFFFFFFFF555703
:10F390005557E3DDD9D5D5D2D3CFCFCCCAC8C8C550
:10F3A000C4C2ABA9D7D8FFFFFFFFFFFFFFFFDFDE1F
:10F3B00057595254A2A29899929397999DA1A3A8A4
:10F3C000A8AEACB3757AFBFBFFFFFFFF9D9F585AB9
:10F3D000585AB5BDC6CDCAD0CDD2CFD4D1D4D2D64D
:10F3E000D6D9D8DADADBDDDEDFDFE1DFE2E1A3A3C5
:10F3F000F2F2FFFFFFFF79BB49A449A449A449A445
:10F40000B0CDE8E3E9E5ECE6EDE6ECE8D2CE46483F
:10F41000FFF8F0EAF0EAF0EAF0EAF0EAF0EAF0EAFF
:10F42000F0EAF1EB5356FFFF969856585356EFE922
:10F43000ECE8ECE6ECE6EBE4E8E3E7E2E7E24E508A
:10F44000FFFFDCDC585A5052DFDBD9D5D5D2D2CF02
:10F45000D0CDCCC9C9C7C7C55357919356584E5143
:10F46000BABAB3B4B1B2ACADA8A9A5A5A1A29F9EEA
:10F470004E4FFFFFB5B6585A5253A3A7A6ACAAB138
:10F48000ADB6B1BCB4BFB6C3B8C4BBC6BCC7BFC9B8
:10F49000C1CAC4CCC6CEC9CECBD1CED2CFD4D0D4A3
:10F4A000D3D7D5D9D7D9DADCDBDCB3B4FFFFFFFF84
:10F4B000FFFFFFFFFFFFFFFFFFFFFFFFFFFFFFFF5C
:10F4C000FFFFFFFFFFFFFFFFFFFFFFFFFFFFFFFF4C
:10F4D000FFFFFFFFFFFFFFFFFFFFFFFFFFFFFFFF3C
:10F4E0004B4B5858D6D4F4F0F4F0F4F0F4F0F4F0B8
:10F4F000F3EFF2EFFFFD7272FFFFFFFFFFFFFFFF71
:10F50000FFFF55555555E9E5DFDBDCD9D9D5D4D218
:10F51000D2CFCECACBC7ACACD7D7FFFFFFFFFFFF20
:10F52000FFFFD8D857575151A7A69D9C9897929303
:10F5300097979D9EA2A3A5A87373FBFBFFFFFFFFF8
:10F54000494958584D4DC9CAC4C4C6C6C9C9CDCC0D
:10F55000D0CED3D0D5D3D7D6DAD8DDDBDEDDE1DE31
:10F56000E4E0F2EF6B6BFFFFCFA0A349A349A349EF
:10F57000A349C190E7E3E8E5ECE8ECE8EFECF0ED57
:10F58000D3D0B9B9494AFAF7F4F0F4F0F4F0F4F052
:10F59000F4F0F4F0F4F0F5F15353FFFF858556567F
:10F5A0005353F5F1F0EDF1ECF1EBEFECEDEBECE9B1
:10F5B000EDEA4E4EFFFFFFFF54544E4EE6E5DDDA16
:10F5C000DBD9D7D5D4D2D3D0CECACBCA62625454F9
:10F5D00056565353BEBDB9B8B4B4B1B1AEACA9A878
:10F5E000A6A5A4A34647FFFFB5B5585852529E9E04
:10F5F000A1A2A5A7A8AAACAEAFB1B2B4B5B6BABC29
:10F60000B8BABABDBEBFC1C1C4C3C6C6C9C9CBCBD7
:10F61000CECED0CED3D2D5D3D6D5D8D6DBD9B3B3F0
:10F62000FFFFFFFFFFFFFFFFFFFFFFFFFFFFFFFFEA
:10F63000FFFFFFFFFFFFFFFFFFFFFFFFFFFFFFFFDA
:10F64000FFFFFFFFFFFFFFFFFFFFFFFFFFFFFFFFCA
:10F65000FFFFFFFF4B4D585AD4CFF0EAF0EAF0EA33
:10F66000F0EAF0EAEFE9EFE9FDF67275FFFFFFFF60
:10F67000FFFFFFFFFFFF55575557E5E0DBD8D9D512
:10F68000D5D3D2CECFCCCAC9C7C5ACACD7D8FFFF73
:10F69000FFFFFFFFFFFFD8D857595153A6A69C9DE7
:10F6A0009798939397999EA1A3A8A8AE7377FBFB15
:10F6B000FFFFFFFF494B585A4D4ECAD2C4CCC6CEAD
:10F6C000C9D0CCD2CED4D0D4D3D6D6D9D8DADBDAFE
:10F6D000DDDEDEDFE0DFEFEC6B6EFFFFA0CF49A4E5
:10F6E00049A449A449A490BDE3DFE5E1E8E2E8E5E7
:10F6F000ECE7EDE6D0CDB9BA4A4CF7F0F0EAF0EA23
:10F70000F0EAF0EAF0EAF0EAF0EAF1EB5355FFFF35
:10F71000858756585356F1EBEDE7ECE8EBE5ECE660
:10F72000EBE4E9E3EAE54E50FFFFFFFF54564E518C
:10F73000E5DFDAD7D9D5D5D1D2CED0CDCAC9CAC89E
:10F740006265545656585355BDBBB8B7B4B4B1B141
:10F75000ACACA8A8A5A6A3A4474AFFFFB5B6585AC3
:10F7600052549EA0A2A6A7ADAAB1AEB6B1BCB4BF7A
:10F77000B6C3BCC9BAC6BDC7BFC9C1C9C3CCC6CE52
:10F78000C9CFCBD1CED3CED4D2D6D3D6D5D9D6DA53
:10F79000D9DBB3B4FFFFFFFFFFFFFFFFFFFFFFFF5A
:10F7A000FFFFFFFFFFFFFFFFFFFFFFFFFFFFFFFF69
:10F7B000FFFFFFFFFFFFFFFFFFFFFFFFFFFFFFFF59
:10F7C000FFFFFFFFFFFFFFFF4B4B5858D6D4F4F06D
:10F7D000F4F0F4F0F4F0F4F0F4F0F3EFFFFE7272F2
:10F7E000FFFFFFFFFFFFFFFFFFFF55555555EBE7FD
:10F7F000E1DEDFDCDCD8DAD5D4D3D2CFCECAB0B0EC
:10F80000D7D7FFFFFFFFFFFFFFFFD8D85757515152
:10F81000ABAAA2A19C9B9897929397989D9EA2A316
:10F820007173FBFBFFFFFFFF545457576868BFC05D
:10F83000C1C1C3C5C7C7CACACDCCCFCED2D1D4D21D
:10F84000D6D5DAD8DCDADEDCE1DEE5E24546D4AA5C
:10F85000A349A349A349A349C291DFDAE2DEE6E363
:10F86000E9E5EBE8ECE9EFECD3D0E7E7A3A3696ABD
:10F87000F4F2F4F0F4F0F4F0F4F0F4F0F4F0F5F164
:10F880005353FFFF878756565353F5F1F3EFEFEDD0
:10F89000F1ECF1EBEFEBEDEBEFEA4E4EFFFFFFFF8C
:10F8A0004B4B4F4FEEEADFDEDDDADBD8D8D5D5D3D0
:10F8B000D2CFCFCB8585575757576564BFBDBCBAEC
:10F8C000B9B7B5B4B1B0ADACA9A8A9A83F3FFFFF87
:10F8D000B5B55858535398989C9CA1A1A5A6A9AA20
:10F8E000ACAFAFB1B3B55859BEC1B8BABBBDBEBF5E
:10F8F000C1C1B4B5CDCDC9C9CBCBCECDD0D0D3D27B
:10F90000D5D2D6D5D7D6B3B3FFFFFFFFFFFFFFFF9A
:10F91000FFFFFFFFFFFFFFFFFFFFFFFFFFFFFFFFF7
:10F92000FFFFFFFFFFFFFFFFFFFFFFFFFFFFFFFFE7
:10F93000FFFFFFFFFFFFFFFFFFFFFFFF4B4D585A89
:10F94000D4CFF0EAF0EAF0EAF0EAF0EAF0EAEFE920
:10F95000FEF77275FFFFFFFFFFFFFFFFFFFF555729
:10F960005557E7E3DEDADCD8D8D4D5D4D3CECFCC24
:10F97000CAC9B0AED7D8FFFFFFFFFFFFFFFFD8D83F
:10F9800057595153AAAAA1A19B9C979993949899CE
:10F990009EA2A3A77376FBFBFFFFFFFF54565759A8
:10F9A000686BC0CAC1C9C5CCC7CECAD0CCD2CED470
:10F9B000D1D4D2D7D5D8D8DADADBDCDEDEDFE2E1AB
:10F9C0004648AAD549A449A449A449A491BFDAD775
:10F9D000DEDBE3DEE5E1E8E3E9E4ECE6D0CCE7E713
:10F9E000A3A46A6BF2ECF0EAF0EAF0EAF0EAF0EADB
:10F9F000F0EAF1EB5355FFFF878856585356F1EB69
:10FA0000EFE9EDE7ECE7EBE5EBE6EBE4EAE64E4F9A
:10FA1000FFFFFFFF4B4D4F51EAE5DED9DAD6D8D4D0
:10FA2000D5D2D3CFCFCCCBC9858657595759646728
:10FA3000BDBCBABBB7B7B4B3B0B0ACADA8A8A8A8AA
:10FA40003F41FFFFB5B6585A5355989B9CA0A1A5BE
:10FA5000A6AAAAB1AFB7B1BCB5C0595AC1CEBAC6F1
:10FA6000BDC8BFC9C1C9B5BDCDD5C9CFCBD2CDD217
:10FA7000D0D5D2D6D2D6D5D9D6D9B3B4FFFFFFFFD1
:10FA8000FFFFFFFFFFFFFFFFFFFFFFFFFFFFFFFF86
:10FA9000FFFFFFFFFFFFFFFFFFFFFFFFFFFFFFFF76
:10FAA000FFFFFFFFFFFFFFFFFFFFFFFFFFFFFFFF66
:10FAB0004B4B5858D6D4F4F0F4F0F4F0F4F0F4F0E2
:10FAC000F4F0F3EFFFFE7272FFFFFFFFFFFFFFFF97
:10FAD000FFFF55555555EEE9E4E0E0DFDFDCDCD90A
:10FAE000D9D6D5D2D0CEB1B0D7D7FFFFFFFFFFFF19
:10FAF000FFFFD8D857575151B0AFA4A4A1A09C9AEA
:10FB00009797929298989D9D7071FBFBFFFF84845C
:10FB100058585858B2B5BABDBEBFC0C1C4C5C7C792
:10FB2000CACACDCDD7D5D2D1D5D2D6D5DADADDDB9A
:10FB3000DEDCE1DEB293A349A349A349A349884C83
:10FB4000DFDBD9D6DFDAE4DFE6E3E9E5EBE8ECE991
:10FB5000D2CFE7E7FFFF6E6E9E9CF2F0F4F0F4F078
:10FB6000F4F0F4F0F4F0F5F15353FFFF87875656A5
:10FB70005353F7F3F3EFF3EFEFEDF1ECF1EBEFECC1
:10FB8000F0ED4D4EFFFFFFFF54545455EAE8E2DF1D
:10FB9000DFDDDDDADAD8D7D5D5D2D2CFD7D4484910
:10FBA0004748CFCBC2BFBFBDBBBBB8B7B5B4B1B080
:10FBB000ADACAFAF5B5BFFFFB5B5585853539393F4
:10FBC00098979D9DA0A2A5A7A8AAADAFB0B258587E
:10FBD0005D5CB5B8B9BBBCBCCDCE5151CBCBC6C6B4
:10FBE000C9C9CBCCCECDD0D0D3D1D5D2D6D5B3B355
:10FBF000FFFFFFFFFFFFFFFFFFFFFFFFFFFFFFFF15
:10FC0000FFFFFFFFFFFFFFFFFFFFFFFFFFFFFFFF04
:10FC1000FFFFFFFFFFFFFFFFFFFFFFFFFFFFFFFFF4
:10FC2000FFFFFFFF4B4D585AD4CFF0EAF0EAF0EA5D
:10FC3000F0EAF0EAF0EAEFE9FEF77275FFFFFFFF86
:10FC4000FFFFFFFFFFFF55575557E9E4E0DBDFDA21
:10FC5000DCD7D9D4D6D3D2CFCECBB0B1D7D8FFFF53
:10FC6000FFFFFFFFFFFFD8D857595153AFAEA4A5F0
:10FC7000A0A09A9C97989293989A9DA17173FBFB70
:10FC8000FFFF8486585A5859B5BFBDC7BFC9C1C9FF
:10FC9000C5CCC7CECAD0CDD2D5DBD1D5D2D5D5D85B
:10FCA000DADADBDCDCDEDEE093B249A449A449A465
:10FCB00049A44C88DBD8D6D3DAD7DFDBE3DFE5E134
:10FCC000E8E2E9E4CFCCE7E7FFFF6E709C9CF0EA46
:10FCD000F0EAF0EAF0EAF0EAF0EAF1EB5355FFFF60
:10FCE000878856585356F3ECEFE9EFE9EDE7ECE778
:10FCF000EBE5ECE6EDE74E50FFFFFFFF545555579F
:10FD0000E8E4DFD9DDD8DAD6D8D4D5D1D2CFCFCC7C
:10FD1000D4D1494C484ACBCABFBFBDBCBBBAB7B6A9
:10FD2000B4B2B0B0ACADAFAE5B5CFFFFB5B6585A85
:10FD300053559394979A9DA0A2A7A7ADAAB2AFB727
:10FD4000B2BD58595C5FB8C4BBC7BCC8CED851520D
:10FD5000CBD4C6CEC9CFCCD2CDD2D0D5D1D5D2D5A9
:10FD6000D5D8B3B4FFFFFFFFFFFFFFFFFFFFFFFF8B
:10FD7000FFFFFFFFFFFFFFFFFFFFFFFFFFFFFFFF93
:10FD8000FFFFFFFFFFFFFFFFFFFFFFFFFFFFFFFF83
:10FD9000FFFFFFFFFFFFFFFF4B4B5858D6D4F4F097
:10FDA000F4F0F4F0F4F0F4F0F4F0F4F0FFFF727219
:10FDB000FFFFFFFFFFFFFFFFFFFF55555555EEEC1F
:10FDC000E7E3E4E0E0DFDFDBDCDAD8D5D4D1B5B3BC
:10FDD000D7D7FFFFFFFFFFFFFFFFD8D8575751517D
:10FDE000B5B3ABA9A4A4A1A09C9A97969292989817
:10FDF0006E6FFBFBFFFF484858584E4EBABCB7BA6F
:10FE0000BBBCBFC0C1C3C4C4C7C8CDCD4C4ED3D288
:10FE1000D3D2D4D3D7D6DBD8DDDBD7C7A349A34908
:10FE2000A349A3498D4C5050DAD7D5D1DAD7DFDBBF
:10FE3000E4E0E7E3EAE6EBE8CECBE7E7FFFFFFFF2E
:10FE40004E4ED5D3F1EFF4F0F4F0F4F0F4F0F5F118
:10FE50005353FFFF878756565353F6F2F3EFF3EFF2
:10FE6000F3EFF0EEF1ECF1EBF2ED4D4EFFFFFFFFA3
:10FE7000CDCD5858B5B3E4E0E1DEDFDDDDDADAD828
:10FE8000D7D5D5D1D2CFD0CCCECBC8C6C5C3C2C0B2
:10FE9000BFBDBABAB8B7B4B3B1B0A4A5B4B4FFFF8C
:10FEA000B5B558585252989892939A979D9EA2A38E
:10FEB000A6A7A9ABADAF5A5B56569EA0B6B8BDBEBD
:10FEC00048485B5BC8C9C4C5C7C7CACACCCCCECE7C
:10FED000D1D0D4D2D4D2B3B3FFFFFFFFFFFFFFFFD7
:10FEE000FFFFFFFFFFFFFFFFFFFFFFFFFFFFFFFF22
:10FEF000FFFFFFFFFFFFFFFFFFFFFFFFFFFFFFFF12
:10FF0000FFFFFFFFFFFFFFFFFFFFFFFF4B4D585AB3
:10FF1000D4CFF0EAF0EAF0EAF0EAF0EAF0EAF0EA48
:10FF2000FFF87275FFFFFFFFFFFFFFFFFFFF555751
:10FF30005557ECE7E3DDE0DBDFD9DBD7DAD5D5D207
:10FF4000D1CEB3B4D7D8FFFFFFFFFFFFFFFFD8D854
:10FF500057595153B3B3A9A9A4A4A0A09A9B9697AB
:10FF60009293989A6F71FBFBFFFF484B585A4E4F84
:10FF7000BCC9BAC5BCC7C0C9C3CCC4CDC8CECDD31B
:10FF80004E4FD2D8D2D6D3D6D6D8D8DADBDCC7D526
:10FF900049A449A449A449A44C8F5052D7D6D1CFE3
:10FFA000D7D4DBD8E0DCE3DFE6E0E8E3CBC7E7E784
:10FFB000FFFFFFFF4E4FD3D0EFEAF0EAF0EAF0EA9E
:10FFC000F0EAF1EB5355FFFF878856585356F2EC91
:10FFD000EFE9EFE9EFE9EEE8ECE7EBE5EDE84E50AD
:10FFE000FFFFFFFFCDCE585AB3B0E0DCDEDADDD83C
:10FFF000DAD6D8D4D5D1D1CFCFCCCCCACBC8C6C411
:020000023000CC
:10000000C3C1C0BFBDBCBAB9B7B6B3B2B0B0A5A585
:10001000B4B5FFFFB5B6585A52559898939497992E
:100020009EA2A3A8A7ADABB2AFB75B5C5658A0A980
:10003000B8C4BECA48485B5CC9D2C5CDC7CECACF1A
:10004000CCD2CED3D0D4D2D6D2D6B3B4FFFFFFFF1A
:10005000FFFFFFFFFFFFFFFFFFFFFFFFFFFFFFFFB0
:10006000FFFFFFFFFFFFFFFFFFFFFFFFFFFFFFFFA0
:10007000FFFFFFFFFFFFFFFFFFFFFFFFFFFFFFFF90
:100080004B4B5858D6D4F4F0F4F0F4F0F4F0F4F00C
:10009000F4F0F4F0FFFF7272FFFFFFFFFFFFFFFFBE
:1000A000FFFF55555555F1EDE7E4E7E2E3DFE1DF0A
:1000B000DEDADAD9D8D5B7B5D6D6FFFFFFFFFFFF16
:1000C000FFFFD8D857575050B9B7AEADA9A7A4A4D1
:1000D000A09F9B9A979691926C6CFBFBF2F25656FE
:1000E00056567274B3B5B4B7B7BABBBDBFC0C1C2C0
:1000F000C5C4D0D15050D3D4D0CFD3D2D5D4D7D5F6
:10010000D2C5A349A349A349A349B6715555505037
:10011000D4D0D1CDD8D2DBD7E0DBE4E0E7E3EAE628
:10012000C5C3E7E7FFFFFFFFFFFF4040F9F5F3F02E
:10013000F4F0F4F0F4F0F5F15353FFFF87875656CF
:100140005353F6F2F4F0F4F0F3EFF3EFF0EDF1EDDA
:10015000F3ED4D4EFFFFFFFFFFFF45455454E9E42B
:10016000E3E0E1DEDFDDDCD9D9D8D7D4D4D1D2CFFA
:10017000CECBCBC8C8C6C5C3C2BFBEBCBAB9B8B661
:10018000B4B45D5EFFFFFFFFB5B5585852529C9B5B
:100190009695929298989D9EA2A3A6A8ABAB545513
:1001A000FFFF5252C2C4757658585A5AC6C7C1C2C8
:1001B000C4C5C7C7CACACCCCCECFD1CFD2D2B3B3B5
:1001C000FFFFFFFFFFFFFFFFFFFFFFFFFFFFFFFF3F
:1001D000FFFFFFFFFFFFFFFFFFFFFFFFFFFFFFFF2F
:1001E000FFFFFFFFFFFFFFFFFFFFFFFFFFFFFFFF1F
:1001F000FFFFFFFF4B4D585AD4CFF0EAF0EAF0EA88
:10020000F0EAF0EAF0EAF0EAFFF97275FFFFFFFFAB
:10021000FFFFFFFFFFFF55575557EDE8E4DFE2DD35
:10022000DFDCDFDADAD6D9D4D5D2B5B4D6D7FFFF42
:10023000FFFFFFFFFFFFD8D857595053B7B8ADADF8
:10024000A7A7A4A49F9F9A9B969792926C6FFBFB83
:10025000F2F2565856587477B5C0B7C3BAC6BDC87F
:10026000C0CAC2CBC4CCD1D75052D4D7CFD5D2D6A6
:10027000D4D6D5D7C5D349A449A449A449A471B7B4
:1002800055575053D0D0CDCCD2D0D7D4DBD8E0DC2A
:10029000E3DFE6E1C3C1E7E7FFFFFFFFFFFF404207
:1002A000F5EFF0EAF0EAF0EAF0EAF1EB5355FFFF80
:1002B000878856585356F2ECF0EAF0EAEFE9EFE996
:1002C000EDE7EDE7EDE74E50FFFFFFFFFFFF45478E
:1002D0005456E4DEE0DCDED9DDD8D9D5D8D3D4D18C
:1002E000D1CECFCCCBC9C8C6C6C4C3C1BFBFBCBBAF
:1002F000B9B9B6B5B4B25E5FFFFFFFFFB5B6585AE5
:1003000052549B9C95969293989A9EA2A3A8A8AEAD
:10031000ABB45557FFFF5254C4D2767A585A5A5C40
:10032000C7D1C2CDC5CDC7CECACFCCD3CFD4CFD401
:10033000D2D5B3B4FFFFFFFFFFFFFFFFFFFFFFFFBB
:10034000FFFFFFFFFFFFFFFFFFFFFFFFFFFFFFFFBD
:10035000FFFFFFFFFFFFFFFFFFFFFFFFFFFFFFFFAD
:10036000FFFFFFFFFFFFFFFF4B4B5858D6D4F4F0C1
:10037000F4F0F4F0F4F0F4F0F4F0F4F0FFFF808027
:10038000FFFFFFFFFFFFFFFFFFFF55555555F1EE44
:10039000EAE5E7E4E7E2E3DEE0DEDDDAD9D7B6B6A8
:1003A000E1E1FFFFFFFFFFFFFFFFD8D85757505095
:1003B000BDBBB2B1ACACA9A8A4A4A09F9A9A9695D3
:1003C0006B6BFCFC727258585656AEB1B0B2B3B4F7
:1003D000B4B7B7BABCBDBFC0C1C37D7F57577E7E1F
:1003E000CECDD1D0D4D2D6D3A349A349A349A349D2
:1003F000A349B269944B934AAA61AA60AB62AC6309
:10040000AD64AE64AF65AF66A960AF66D4AAFFFF06
:10041000FFFFFFFF3E3EFFFEF3F0F4F0F4F0F5F1D6
:100420005453FFFF878756565353F6F2F4F0F4F017
:10043000F3EFF3EFF3EFF0EDF3EF4D4EFFFFFFFFC0
:10044000FFFFD1D15656F6F3E6E1E3DFE1DFDFDC73
:10045000DDDADAD7D6D4D4D1D1CECECBCBC8C8C68C
:10046000C5C3C1BFBEBCBAB8C1BF4747FFFFFFFF8E
:10047000B3B3585852529F9E9999969592939A99D0
:100480009D9DA3A4A6A95455FFFFC0C052526A6AFD
:1004900053535A5AC4C5C0C1C2C2C5C5C8C8CACAC6
:1004A000CDCDCFCED0CFB2B2FFFFFFFFFFFFFFFF1A
:1004B000FFFFFFFFFFFFFFFFFFFFFFFFFFFFFFFF4C
:1004C000FFFFFFFFFFFFFFFFFFFFFFFFFFFFFFFF3C
:1004D000FFFFFFFFFFFFFFFFFFFFFFFF4B4D585ADE
:1004E000D4CFF0EAF0EAF0EAF0EAF0EAF0EAF0EA73
:1004F000FFF98081FFFFFFFFFFFFFFFFFFFF555761
:100500005557EEE8E5E0E4DFE2DDDEDBDED9DAD602
:10051000D7D3B6B5E1E2FFFFFFFFFFFFFFFFD8D85B
:1005200057595052BBBBB1B1ACACA8A7A4A39F9F75
:100530009A9A95966B6BFCFB7273585A5658B1B9E0
:10054000B2BCB4C0B7C4BAC5BDC8C0CAC3CB7F8231
:1005500057597E81CDD2D0D5D2D6D3D749A449A47C
:1005600049A449A449A469B34B954A9561AB60ABD2
:1005700062AC63AC64AD64AE65AE66AF60A966B0F4
:10058000AAD5FFFFFFFFFFFF3E40FEF8F0EAF0EACA
:10059000F0EAF1EB5356FFFF878856585356F2ECBA
:1005A000F0EAF0EAEFE9EFE9EFE9EDE7EFE84E50C6
:1005B000FFFFFFFFFFFFD1D15659F3EDE1DDDFDB98
:1005C000DFD9DCD7DAD6D7D4D4D0D1CECECCCBC9F4
:1005D000C8C5C6C3C3C0BFBEBCBBB8B9BFBF47490F
:1005E000FFFFFFFFB3B4585A52549E9F99999595B7
:1005F0009394999B9DA2A4A9A9AF5556FFFFC0C192
:1006000052546A6B53555A5CC5D0C1CBC2CCC5CDD0
:10061000C8CFCAD0CDD3CED3CFD4B2B4FFFFFFFF63
:10062000FFFFFFFFFFFFFFFFFFFFFFFFFFFFFFFFDA
:10063000FFFFFFFFFFFFFFFFFFFFFFFFFFFFFFFFCA
:10064000FFFFFFFFFFFFFFFFFFFFFFFFFFFFFFFFBA
:100650004B4B5858D6D4F4F0F4F0F4F0F4F0F4F036
:10066000F4F0F4F0FFFF8181FFFFFFFFFFFFFFFFCA
:10067000FFFF55555555F3F1EAE8EAE6E7E4E7E10F
:10068000E2DFDFDDDCD9B9B9E0E0FFFFFFFFFFFF0C
:10069000FFFFD8D857574F50C1BFB5B4B1B0ADACBC
:1006A000A8A7A4A29F9E9B9A6B6BFFFF4A4A58582B
:1006B0005050ACADADAFB2B4B2B5B5B8B9BBBBBCC0
:1006C000C6C74A4A51514B4BD2D2CECED1D0D4D14B
:1006D000A349A349A349A349A349A349A349A349BA
:1006E000A349A349A349A349A349A349A349A349AA
:1006F000A349A349A349FFFFFFFFFFFFF2F24142D5
:10070000FFFBF3F0F4F0F6F24B4CFFFF87875656F1
:100710005353F6F2F4F0F4F0F4F0F3EFF3EFF3EFF9
:10072000F3F04C4DFFFFFFFFFFFFFFFF67676060C7
:10073000E7E4E7E1E4E0E0DFDFDDDCD9D9D6D6D3DA
:10074000D3CFD1CECDCACBC7C9C5C4C3C1C0BEBC2F
:100750006F6FF8F8FFFFFFFFA4A458585151A3A2F0
:100760009D9C99999594929299989E9FA4A3545672
:10077000FFFFFFFFAFAFFFFF52525A5AC1C1BDBECC
:10078000C0C1C2C2C4C5C8C8CBCBCDCDCECEB1B11D
:10079000FFFFFFFFFFFFFFFFFFFFFFFFFFFFFFFF69
:1007A000FFFFFFFFFFFFFFFFFFFFFFFFFFFFFFFF59
:1007B000FFFFFFFFFFFFFFFFFFFFFFFFFFFFFFFF49
:1007C000FFFFFFFF4B4D585AD4CFF0EAF0EAF0EAB2
:1007D000F0EAF0EAF0EAF0EAFFF98183FFFFFFFFB9
:1007E000FFFFFFFFFFFF55575557F1E9E8E3E6E14B
:1007F000E4DFE1DDDFDADDD8D9D6B9B7E0E1FFFF2C
:10080000FFFFFFFFFFFFD8D857595052BFBEB4B407
:10081000B0B0ACACA7A7A2A39E9F9A9B6B6DFFFF45
:100820004A4C585A5052ADB5AFB7B4BDB5C1B8C4B3
:10083000BBC7BCC8C7D14A4C51544B4CD2D8CED2FE
:10084000D0D4D1D649A449A449A449A449A449A4CF
:1008500049A449A449A449A449A449A449A449A430
:1008600049A449A449A449A449A4FFFFFFFFFFFFED
:10087000F2F34245FBF4F0EAF0EAF2EB4C4FFFFFF3
:10088000878856585356F2ECF0EAF0EAF0EAEFE9BE
:10089000EFE9EFE9F0EA4D4FFFFFFFFFFFFFFFFF3A
:1008A000676A6062E4DFE1DDE0DCDFD9DDD8D9D55D
:1008B000D6D4D3D0CFCDCECCCAC8C7C5C5C3C3BF8D
:1008C000C0BEBCBB6F71F8F9FFFFFFFFA4A5585A6B
:1008D0005153A2A39C9D999994959293989A9FA302
:1008E000A3A85657FFFFFFFFAFB0FFFF52545A5C5B
:1008F000C1CCBEC9C1CBC2CCC5CDC8CECBD1CDD267
:10090000CED5B1B2FFFFFFFFFFFFFFFFFFFFFFFFED
:10091000FFFFFFFFFFFFFFFFFFFFFFFFFFFFFFFFE7
:10092000FFFFFFFFFFFFFFFFFFFFFFFFFFFFFFFFD7
:10093000FFFFFFFFFFFFFFFF4B4B5858D6D2F2F0EF
:10094000F4F0F4F0F4F0F4F0F4F0F4F0FFFF81814F
:10095000FFFFFFFFFFFFFFFFFFFF55555555F5F167
:10096000ECEAEAE7EAE5E6E3E5E2E3DEDFDEBBBA8E
:10097000E0E0FFFFFFFFFFFFFFFFD8D857574E50C3
:10098000C6C3BAB9B5B3B1AFADACA8A6A3A3A09F77
:100990006D6CE4E4575756587C7CA4A6A8AAADAE6B
:1009A000B0B2B4B5B5B8B9BBB0B0CCCCBDBD56567D
:1009B000C2C4CCCCCECED1CFA349A349A349A3492D
:1009C000A349A349A349A349A349A349A349A349C7
:1009D000A349A349A349A349A349A349A349FFFFA5
:1009E000FFFFFFFFFFFFCDCD5151F9F4F4F0F6F218
:1009F0004D4DFFFF878756565353F6F2F4F0F4F04F
:100A0000F4F0F4F0F2EEF3EFF5F14A4AFFFFFFFFE6
:100A1000FFFFFFFFFFFF6060C0BEE5E2E6E2E3DE4E
:100A2000E1DFE0DCDDD9D9D7D5D3D3D0D1CECDCB62
:100A3000CBC8C7C5C4C2B8B76767FFFFFFFFFFFFDA
:100A4000A4A458585151A6A6A1A09D9C99989594EC
:100A500092929A9A9E9E5555FFFFFFFFFFFFFFFF60
:100A600052525A5ABCBFBABBBDBEC0C0C1C4C4C535
:100A7000C8C8CACACCCCCBCBFFFFFFFFFFFFFFFF2C
:100A8000FFFFFFFFFFFFFFFFFFFFFFFFFFFFFFFF76
:100A9000FFFFFFFFFFFFFFFFFFFFFFFFFFFFFFFF66
:100AA000FFFFFFFFFFFFFFFFFFFFFFFF4B4D585A08
:100AB000D2CFF0EAF0EAF0EAF0EAF0EAF0EAF0EA9F
:100AC000FFF98183FFFFFFFFFFFFFFFFFFFF555788
:100AD0005557F1EDEAE3E7E2E5E0E3DEE2DEDEDAF8
:100AE000DED9BAB9E0E1FFFFFFFFFFFFFFFFD8D873
:100AF00057595052C3C2B9B8B3B5AFB0ACACA6A742
:100B0000A3A49F9F6C6DE4E45759585A7C7FA6AB11
:100B1000AAB1AEB7B2BCB5C2B8C3BBC6B0B9CCCD32
:100B2000BDBF5658C4C8CCD3CED3CFD449A449A452
:100B300049A449A449A449A449A449A449A449A44D
:100B400049A449A449A449A449A449A449A449A43D
:100B500049A4FFFFFFFFFFFFFFFFCDCD5154F4EE8F
:100B6000F0EAF2EB4D50FFFF878856585356F2ECEF
:100B7000F0EAF0EAF0EAF0EAEEE8EFE9F1EB4A4DEC
:100B8000FFFFFFFFFFFFFFFFFFFF6062BEBCE2DD74
:100B9000E2DDDEDBDFDADCD8D9D5D7D3D3CFD0CDD9
:100BA000CECBCBC9C8C5C5C2C2C0B7B66768FFFF48
:100BB000FFFFFFFFA4A5585A5153A6A6A0A09C9DD5
:100BC000989A949592939A9B9EA25556FFFFFFFF89
:100BD000FFFFFFFF52545A5CBFCBBBC5BEC9C0CBA1
:100BE000C4CDC5CEC8CECAD0CCD4CBCCFFFFFFFF7E
:100BF000FFFFFFFFFFFFFFFFFFFFFFFFFFFFFFFF05
:100C0000FFFFFFFFFFFFFFFFFFFFFFFFFFFFFFFFF4
:100C1000FFFFFFFFFFFFFFFFFFFFFFFFFFFFFFFFE4
:100C20004B4B5858E6E2F3EEF2F0F4F0F4F0F4F047
:100C3000F4F0F4F0FFFF8181FFFFFFFFFFFFFFFFF4
:100C4000FFFF55555353FAF5ECEAEDE9E9E7E9E51D
:100C5000E5E3E5E2E2DEBDBCE0E0FFFFFFFFFFFF12
:100C6000FFFFD8D857574E4FC9C7BDBBB8B8B5B4AA
:100C7000B0B0ACABA9A7A4A26F6E6161585856562C
:100C8000A0A19FA1A5A6A9AAADADB0B3B4B5B6B9B0
:100C90004D4EFFFFFFFF4E4E6566C9C9CBCCCECD92
:100CA000B06FA349A349A349A349A349A349A349B1
:100CB000A349A349A349A349A349A349A349A349D4
:100CC000A349A349C286FFFFFFFFFFFFFFFFFFFF0E
:100CD00097977778F4EFF6F24D4DFFFF86865656DC
:100CE0005253F6F2F4F0F4F0F4F0F4F0F4F0F3EF21
:100CF000F5F14A4AFFFFFFFFFFFFFFFFFFFFFFFF86
:100D00004D4DC0BEE6E4E6E2E3DFE0DDDFDCDCD94A
:100D1000D8D6D6D4D4D1D0CECDCCCBC8BDBA414113
:100D2000FFFFFFFFFFFFFFFFA4A458585151ABAADC
:100D3000A4A3A1A09D9C9898949394949B9A545595
:100D4000FFFFFFFFFFFFFFFF52525A5ABABDB7B96C
:100D5000BABBBDBEC1C1C2C4C5C6C7C7C9CACACA5B
:100D6000FFFFFFFFFFFFFFFFFFFFFFFFFFFFFFFF93
:100D7000FFFFFFFFFFFFFFFFFFFFFFFFFFFFFFFF83
:100D8000FFFFFFFFFFFFFFFFFFFFFFFFFFFFFFFF73
:100D9000FFFFFFFF4B4D585AE2DCEEE7F0EAF0EAC6
:100DA000F0EAF0EAF0EAF0EAFFF98183FFFFFFFFE3
:100DB000FFFFFFFFFFFF55575355F5EFEAE3E9E467
:100DC000E7E2E5E0E3DEE2DDDEDABCBBE0E1FFFF27
:100DD000FFFFFFFFFFFFD8D857594F52C7C5BBBB16
:100DE000B8B6B4B4B0B0ABABA7A6A2A36E70616343
:100DF000585A5658A1A4A1A4A6ABAAB2ADB8B3BD87
:100E0000B5C2B9C54E4FFFFFFFFF4E506668C9D04F
:100E1000CCD2CDD26FB249A449A449A449A449A4D3
:100E200049A449A449A449A449A449A449A449A45A
:100E300049A449A449A449A486C2FFFFFFFFFFFFBC
:100E4000FFFFFFFF97997879EFE9F2EB4D50FFFF35
:100E5000868756585355F2ECF0EAF0EAF0EAF0EAE9
:100E6000F0EAEFE9F1EB4A4DFFFFFFFFFFFFFFFF65
:100E7000FFFFFFFF4D50BEBCE4DFE2DEDFDBDDDA6B
:100E8000DCD8D9D5D6D3D4D0D1CECECBCCCAC8C657
:100E9000BAB94144FFFFFFFFFFFFFFFFA4A5585A67
:100EA0005153AAA9A3A4A0A09C9D9898939494950B
:100EB0009A9C5557FFFFFFFFFFFFFFFF52545A5CFC
:100EC000BDCAB9C6BBC5BEC8C1CBC4CDC6CEC7CED0
:100ED000CAD0CACBFFFFFFFFFFFFFFFFFFFFFFFFEF
:100EE000FFFFFFFFFFFFFFFFFFFFFFFFFFFFFFFF12
:100EF000FFFFFFFFFFFFFFFFFFFFFFFFFFFFFFFF02
:100F0000FFFFFFFFFFFFFFFF4B4B5858E6E2F2EEFB
:100F1000F3EFF3F0F4F0F4F0F4F0F4F0FFFF81817C
:100F2000FFFFFFFFFFFFFFFFFFFF43435353FFFFA1
:100F3000FFFAFCF9FCF6F9F4F7F2F5F1F3EFCAC8A1
:100F4000E0E0FFFFFFFFFFFFFFFFFFFF45455050C1
:100F5000D7D4CCCAC7C5C2C2BDBCB8B7B4B3AFAE94
:100F600073728E8E5757555597979E9EA4A5A8AB22
:100F7000ADAFB1B4B6B8BFC27272FFFFFFFFA9A98F
:100F80005150D5D5D0D0D3D3D6D6D9D7DCD9DDDB07
:100F9000EBE9555546465050AAAAAFAEBBB8C5C1FD
:100FA000CDC8D5D0DAD6DFDBC2C0E7E7FFFFFFFF51
:100FB000FFFFFFFFFFFFFFFFFFFF7070B1B0FFFB00
:100FC0004E4EFFFFF1F150505757FFFFFFFFFFFF5D
:100FD000FFFFFFFFFFFFFFFFFFFF4B4CFFFFFFFF88
:100FE000FFFFFFFFFFFFFFFFFFFF87875252F3F175
:100FF000E9E6E3DEDFDEDEDBDBD9D9D6D6D4D6D335
:10100000DFDC5C5D6D6DFFFFFFFFFFFFFFFFFFFF9C
:10101000FFFF4D4D5050B7B5AFAEABA9A7A5A2A0ED
:101020009E9D9A9799995757FFFFFFFFFFFFFFFF7C
:1010300052525A5AB9BCB5B8B7BABABCBEBFC1C190
:10104000C3C4C5C5C8C8CACAFFFFFFFFFFFFFFFF73
:10105000FFFFFFFFFFFFFFFFFFFFFFFFFFFFFFFFA0
:10106000FFFFFFFFFFFFFFFFFFFFFFFFFFFFFFFF90
:10107000FFFFFFFFFFFFFFFFFFFFFFFF4B4D585A32
:10108000E2DFEEE8EFE8F0EAF0EAF0EAF0EAF0EAB0
:10109000FFF98183FFFFFFFFFFFFFFFFFFFF4345D6
:1010A0005355FFFEFAF3F9F1F6F0F4EFF2ECF1EC40
:1010B000EFEAC8C5E0E1FFFFFFFFFFFFFFFFFFFF13
:1010C00045475053D4D0CAC8C5C4C2BFBCBAB7B7CD
:1010D000B3B3AEAE72738E8E5759555797999EA182
:1010E000A5AAABB0AFB6B4BCB8C3C2D07274FFFF90
:1010F000FFFFA9A85052D5DFD0D6D3D9D6DBD7DC95
:10110000D9DEDBE0E9EC555846485052AAB0AEB300
:10111000B8BBC1C3C8CAD0CFD6D5DBD9C0BFE7E7FB
:10112000FFFFFFFFFFFFFFFFFFFFFFFFFFFF7071EC
:10113000B0AEFBF44E51FFFFF1F15051575AFFFA98
:10114000FFF8FFF8FFF8FFF8FFF8FFF8FFF84C4F43
:10115000FFFFFFFFFFFFFFFFFFFFFFFFFFFF87878F
:101160005255F1ECE6E1DEDADED8DBD7D9D5D6D3BD
:10117000D4D0D3D0DCD75D606D6FFFFFFFFFFFFFE2
:10118000FFFFFFFFFFFF4D4F5052B5B4AEADA9AA10
:10119000A5A6A0A19D9E9798999A5759FFFFFFFF7A
:1011A000FFFFFFFF52545A5CBCC8B8C3BAC6BCC7E5
:1011B000BFC9C1CAC4CCC5CEC8CFCACBFFFFFFFFD1
:1011C000FFFFFFFFFFFFFFFFFFFFFFFFFFFFFFFF2F
:1011D000FFFFFFFFFFFFFFFFFFFFFFFFFFFFFFFF1F
:1011E000FFFFFFFFFFFFFFFFFFFFFFFFFFFFFFFF0F
:1011F0004B4B5858E7E3F2ECF3EFF3EEF3F0F4F077
:10120000F4F0F4F0FFFF8181FFFFFFFFFFFFFFFF1E
:10121000FFFFFFFF4C4C4A4A4A4A4A4A4A4A4A4A56
:101220004A4A4A4A4A4A4D4DDEDEFFFFFFFFFFFFB2
:10123000FFFFFFFFFFFF4D4D4B4C4C4C4C4C4C4CBB
:101240004D4C4D4C4D4D4D4D4D4DFFFF8F8F5252DE
:101250004C4C4C4C4B4B4B4B4A4A4A4A4A4A4949E4
:10126000FCFCFFFFFFFFFFFFACAC49494948484881
:10127000484848484848484848474A4AFFFF3B3B97
:101280003A3A3A3A393939393839373737373737D7
:101290003939E2E2FFFFFFFFFFFFFFFFFFFFFFFF24
:1012A000FFFFFFFF6A6A35363535FFFFFFFFF5F5B3
:1012B0003D3D3A3A3A3A3A3A3A3A3A3A3A3A3A3A88
:1012C0003A3A3434FFFFFFFFFFFFFFFFFFFFFFFF4E
:1012D000FFFFFFFFFFFF6C6B34356F6FA6A6BCB935
:1012E000BEBBA7A5727137385D5DFFFFFFFFFFFF33
:1012F000FFFFFFFFFFFFFFFFFFFFFFFF3D3D3C3C08
:101300003C3C3D3D3D3D3D3D3D3D3D3D3D3D3B3B13
:10131000FFFFFFFFFFFFFFFF52525A5AB7BAB4B6A2
:10132000B4B7B8BABBBDBEBFC1C2C2C3C5C6CACAC4
:10133000FFFFFFFFFFFFFFFFFFFFFFFFFFFFFFFFBD
:10134000FFFFFFFFFFFFFFFFFFFFFFFFFFFFFFFFAD
:10135000FFFFFFFFFFFFFFFFFFFFFFFFFFFFFFFF9D
:10136000FFFFFFFF4B4D585AE3DDECE8EFE8EEE8F6
:10137000F0EAF0EAF0EAF0EAFFF98183FFFFFFFF0D
:10138000FFFFFFFFFFFFFFFF4C4F4A4C4A4C4A4C08
:101390004A4C4A4C4A4C4A4C4A4C4D4EDEDFFFFF09
:1013A000FFFFFFFFFFFFFFFFFFFF4D4F4C4D4C4D79
:1013B0004C4E4C4E4C4F4C4F4D4F4D4F4D4FFFFFF1
:1013C0008F9152534C4E4C4D4B4D4B4C4A4B4A4BCC
:1013D0004A4B494AFCFBFFFFFFFFFFFFACAC494A09
:1013E000484A484A484A48494849484947494A4C6E
:1013F000FFFF3B3D3A3C3A3C393B393B393B373ABE
:10140000373A3739393CE2E2FFFFFFFFFFFFFFFFCA
:10141000FFFFFFFFFFFFFFFF6A6B36383537FFFF27
:10142000FFFFF5F53D3F3A3C3A3C3A3C3A3C3A3C0A
:101430003A3C3A3C3A3C3436FFFFFFFFFFFFFFFFE8
:10144000FFFFFFFFFFFFFFFFFFFF6B6C35386F7083
:10145000A6A5B9B7BBB8A5A57173383A5D5FFFFF04
:10146000FFFFFFFFFFFFFFFFFFFFFFFFFFFFFFFF8C
:101470003D403C3F3C3F3D3F3D3F3D3F3D3F3D3F8D
:101480003D403B3DFFFFFFFFFFFFFFFF52545A5C13
:10149000BAC5B6C2B7C4BAC6BDC6BFC9C2CAC3CC34
:1014A000C6CECACBFFFFFFFFFFFFFFFFFFFFFFFF1F
:1014B000FFFFFFFFFFFFFFFFFFFFFFFFFFFFFFFF3C
:1014C000FFFFFFFFFFFFFFFFFFFFFFFFFFFFFFFF2C
:1014D000FFFFFFFFFFFFFFFF4B4B5858E5E2F1EC2A
:1014E000F2ECF3EFF3EEF3F0F4F0F4F0FFFF8383AC
:1014F000FFFFFFFFFFFFFFFFFFFFFFFFFFFFFFFFFC
:10150000FFFFFFFFFFFFFFFFFFFFFFFFFFFFFFFFEB
:10151000FFFFFFFFFFFFFFFFFFFFFFFFFFFFFFFFDB
:10152000FFFFFFFFFFFFFFFFFFFFFFFFFFFFFFFFCB
:10153000FFFFFFFFFFFFFFFFFFFFFFFFFFFFFFFFBB
:10154000FFFFFFFFFFFFFFFFFFFFFFFFFFFFFFFFAB
:10155000FFFFFFFFFFFFFFFFFFFFFFFFFFFFFFFF9B
:10156000FFFFFFFFFFFFFFFFFFFFFFFFFFFFFFFF8B
:10157000FFFFFFFFFFFFFFFFFFFFFFFFFFFFFFFF7B
:10158000FFFFFFFFFFFFFFFFFFFFFFFFFFFFFFFF6B
:10159000FFFFFFFFFFFFFFFFFFFFFFFFFFFFFFFF5B
:1015A000FFFFFFFFFFFFFFFFFFFFFFFFFFFFFFFF4B
:1015B000FFFFFFFFFFFFFFFFFFFFFFFFFFFFFFFF3B
:1015C000FFFFFFFFFBFBDBDBDBDBF5F5FFFFFFFFD7
:1015D000FFFFFFFFFFFFFFFFFFFFFFFFFFFFFFFF1B
:1015E000FFFFFFFFFFFFFFFFFFFFFFFFFFFFFFFF0B
:1015F000FFFFFFFFFFFFFFFFFFFFFFFFFFFFFFFFFB
:1016000052525959B5B7B2B3B4B6B5B7B7BABBBDF4
:10161000BEBFC1C2C3C4CACAFFFFFFFFFFFFFFFFB7
:10162000FFFFFFFFFFFFFFFFFFFFFFFFFFFFFFFFCA
:10163000FFFFFFFFFFFFFFFFFFFFFFFFFFFFFFFFBA
:10164000FFFFFFFFFFFFFFFFFFFFFFFF4B4D585A5C
:10165000E2DDECE6ECE8EFE8EEE8F0EAF0EAF0EAEA
:10166000FFFA8384FFFFFFFFFFFFFFFFFFFFFFFF86
:10167000FFFFFFFFFFFFFFFFFFFFFFFFFFFFFFFF7A
:10168000FFFFFFFFFFFFFFFFFFFFFFFFFFFFFFFF6A
:10169000FFFFFFFFFFFFFFFFFFFFFFFFFFFFFFFF5A
:1016A000FFFFFFFFFFFFFFFFFFFFFFFFFFFFFFFF4A
:1016B000FFFFFFFFFFFFFFFFFFFFFFFFFFFFFFFF3A
:1016C000FFFFFFFFFFFFFFFFFFFFFFFFFFFFFFFF2A
:1016D000FFFFFFFFFFFFFFFFFFFFFFFFFFFFFFFF1A
:1016E000FFFFFFFFFFFFFFFFFFFFFFFFFFFFFFFF0A
:1016F000FFFFFFFFFFFFFFFFFFFFFFFFFFFFFFFFFA
:10170000FFFFFFFFFFFFFFFFFFFFFFFFFFFFFFFFE9
:10171000FFFFFFFFFFFFFFFFFFFFFFFFFFFFFFFFD9
:10172000FFFFFFFFFFFFFFFFFFFFFFFFFFFFFFFFC9
:10173000FFFFFFFFFFFFFFFFFBFCDBDBDBDCF5F563
:10174000FFFFFFFFFFFFFFFFFFFFFFFFFFFFFFFFA9
:10175000FFFFFFFFFFFFFFFFFFFFFFFFFFFFFFFF99
:10176000FFFFFFFFFFFFFFFFFFFFFFFFFFFFFFFF89
:10177000FFFFFFFF5254595BB7C1B3BEB6C1B7C339
:10178000BAC6BDC7BFC9C2C9C4CDCACBFFFFFFFF20
:10179000FFFFFFFFFFFFFFFFFFFFFFFFFFFFFFFF59
:1017A000FFFFFFFFFFFFFFFFFFFFFFFFFFFFFFFF49
:1017B000FFFFFFFFFFFFFFFFFFFFFFFFFFFFFFFF39
:1017C0004B4B5858E3DFEFEBF0ECF2ECF3EFF3EEBA
:1017D000F3F0F4F0FFFF8484FFFFFFFFFFFFFFFF44
:1017E000FFFFFFFFFFFFFFFFFFFFFFFFFFFFFFFF09
:1017F000FFFFFFFFFFFFFFFFFFFFFFFFFFFFFFFFF9
:10180000FFFFFFFFFFFFFFFFFFFFFFFFFFFFFFFFE8
:10181000FFFFFFFFFFFFFFFFFFFFFFFFFFFFFFFFD8
:10182000FFFFFFFFFFFFFFFFFFFFFFFFFFFFFFFFC8
:10183000FFFFFFFFFFFFFFFFFFFFFFFFFFFFFFFFB8
:10184000FFFFFFFFFFFFFFFFFFFFFFFFFFFFFFFFA8
:10185000FFFFFFFFFFFFFFFFFFFFFFFFFFFFFFFF98
:10186000FFFFFFFFFFFFFFFFFFFFFFFFFFFFFFFF88
:10187000FFFFFFFFFFFFFFFFFFFFFFFFFFFFFFFF78
:10188000FFFFFFFFFFFFFFFFFFFFFFFFFFFFFFFF68
:10189000FFFFFFFFFFFFFFFFFFFFFFFFFFFFFFFF58
:1018A000FFFFFFFFFFFFFFFFFFFFFFFFFFFFFFFF48
:1018B000FFFFFFFFFFFFFFFFFFFFFFFFFFFFFFFF38
:1018C000FFFFFFFFFFFFFFFFFFFFFFFFFFFFFFFF28
:1018D000FFFFFFFFFFFFFFFFFFFFFFFFFFFFFFFF18
:1018E000FFFFFFFFFFFFFFFF52525959B2B3AEB1E6
:1018F000B2B4B3B6B5B8B9BBBBBDBEBFC3C4CACA28
:10190000FFFFFFFFFFFFFFFFFFFFFFFFFFFFFFFFE7
:10191000FFFFFFFFFFFFFFFFFFFFFFFFFFFFFFFFD7
:10192000FFFFFFFFFFFFFFFFFFFFFFFFFFFFFFFFC7
:10193000FFFFFFFF4B4D585ADFDBEBE6ECE6ECE830
:10194000EFE8EEE8F0EAF0EAFFFA8485FFFFFFFF38
:10195000FFFFFFFFFFFFFFFFFFFFFFFFFFFFFFFF97
:10196000FFFFFFFFFFFFFFFFFFFFFFFFFFFFFFFF87
:10197000FFFFFFFFFFFFFFFFFFFFFFFFFFFFFFFF77
:10198000FFFFFFFFFFFFFFFFFFFFFFFFFFFFFFFF67
:10199000FFFFFFFFFFFFFFFFFFFFFFFFFFFFFFFF57
:1019A000FFFFFFFFFFFFFFFFFFFFFFFFFFFFFFFF47
:1019B000FFFFFFFFFFFFFFFFFFFFFFFFFFFFFFFF37
:1019C000FFFFFFFFFFFFFFFFFFFFFFFFFFFFFFFF27
:1019D000FFFFFFFFFFFFFFFFFFFFFFFFFFFFFFFF17
:1019E000FFFFFFFFFFFFFFFFFFFFFFFFFFFFFFFF07
:1019F000FFFFFFFFFFFFFFFFFFFFFFFFFFFFFFFFF7
:101A0000FFFFFFFFFFFFFFFFFFFFFFFFFFFFFFFFE6
:101A1000FFFFFFFFFFFFFFFFFFFFFFFFFFFFFFFFD6
:101A2000FFFFFFFFFFFFFFFFFFFFFFFFFFFFFFFFC6
:101A3000FFFFFFFFFFFFFFFFFFFFFFFFFFFFFFFFB6
:101A4000FFFFFFFFFFFFFFFFFFFFFFFFFFFFFFFFA6
:101A5000FFFFFFFFFFFFFFFFFFFFFFFF5254595B38
:101A6000B3BBB1BAB4BEB6C2B8C4BBC6BDC8BFCAA8
:101A7000C4CDCACBFFFFFFFFFFFFFFFFFFFFFFFF4C
:101A8000FFFFFFFFFFFFFFFFFFFFFFFFFFFFFFFF66
:101A9000FFFFFFFFFFFFFFFFFFFFFFFFFFFFFFFF56
:101AA000FFFFFFFFFFFFFFFF4B4B5858E0DDEBE868
:101AB000EFEBF1EDF2ECF3EFF3EEF4F0FFFF8484E3
:101AC000FFFFFFFFFFFFFFFFFFFFFFFFFFFFFFFF26
:101AD000FFFFFFFFFFFFFFFFFFFFFFFFFFFFFFFF16
:101AE000FFFFFFFFFFFFFFFFFFFFFFFFFFFFFFFF06
:101AF000FFFFFFFFFFFFFFFFFFFFFFFFFFFFFFFFF6
:101B0000FFFFFFFFFFFFFFFFFFFFFFFFFFFFFFFFE5
:101B1000FFFFFFFFFFFFFFFFFFFFFFFFFFFFFFFFD5
:101B2000FFFFFFFFFFFFFFFFFFFFFFFFFFFFFFFFC5
:101B3000FFFFFFFFFFFFFFFFFFFFFFFFFFFFFFFFB5
:101B4000FFFFFFFFFFFFFFFFFFFFFFFFFFFFFFFFA5
:101B5000FFFFFFFFFFFFFFFFFFFFFFFFFFFFFFFF95
:101B6000FFFFFFFFFFFFFFFFFFFFFFFFFFFFFFFF85
:101B7000FFFFFFFFFFFFFFFFFFFFFFFFFFFFFFFF75
:101B8000FFFFFFFFFFFFFFFFFFFFFFFFFFFFFFFF65
:101B9000FFFFFFFFFFFFFFFFFFFFFFFFFFFFFFFF55
:101BA000FFFFFFFFFFFFFFFFFFFFFFFFFFFFFFFF45
:101BB000FFFFFFFFFFFFFFFFFFFFFFFFFFFFFFFF35
:101BC000FFFFFFFFFFFFFFFFFFFFFFFFFFFFFFFF25
:101BD00052525959AEB0ACADAFB1B1B4B5B6B5B85B
:101BE000B9BABCBCB1B3CACAFFFFFFFFFFFFFFFF1A
:101BF000FFFFFFFFFFFFFFFFFFFFFFFFFFFFFFFFF5
:101C0000FFFFFFFFFFFFFFFFFFFFFFFFFFFFFFFFE4
:101C1000FFFFFFFFFFFFFFFFFFFFFFFF4B4D585A86
:101C2000DDD7E8E4EBE6EDE6ECE8EFE8EEE8F0EA35
:101C3000FFFA8485FFFFFFFFFFFFFFFFFFFFFFFFAE
:101C4000FFFFFFFFFFFFFFFFFFFFFFFFFFFFFFFFA4
:101C5000FFFFFFFFFFFFFFFFFFFFFFFFFFFFFFFF94
:101C6000FFFFFFFFFFFFFFFFFFFFFFFFFFFFFFFF84
:101C7000FFFFFFFFFFFFFFFFFFFFFFFFFFFFFFFF74
:101C8000FFFFFFFFFFFFFFFFFFFFFFFFFFFFFFFF64
:101C9000FFFFFFFFFFFFFFFFFFFFFFFFFFFFFFFF54
:101CA000FFFFFFFFFFFFFFFFFFFFFFFFFFFFFFFF44
:101CB000FFFFFFFFFFFFFFFFFFFFFFFFFFFFFFFF34
:101CC000FFFFFFFFFFFFFFFFFFFFFFFFFFFFFFFF24
:101CD000FFFFFFFFFFFFFFFFFFFFFFFFFFFFFFFF14
:101CE000FFFFFFFFFFFFFFFFFFFFFFFFFFFFFFFF04
:101CF000FFFFFFFFFFFFFFFFFFFFFFFFFFFFFFFFF4
:101D0000FFFFFFFFFFFFFFFFFFFFFFFFFFFFFFFFE3
:101D1000FFFFFFFFFFFFFFFFFFFFFFFFFFFFFFFFD3
:101D2000FFFFFFFFFFFFFFFFFFFFFFFFFFFFFFFFC3
:101D3000FFFFFFFFFFFFFFFFFFFFFFFFFFFFFFFFB3
:101D4000FFFFFFFF5254595BB0B7ADB5B1BBB4BE96
:101D5000B6C2B8C4BAC7BCC8B3BACACBFFFFFFFF8C
:101D6000FFFFFFFFFFFFFFFFFFFFFFFFFFFFFFFF83
:101D7000FFFFFFFFFFFFFFFFFFFFFFFFFFFFFFFF73
:101D8000FFFFFFFFFFFFFFFFFFFFFFFFFFFFFFFF63
:101D90004B4B5A5ADEDBEAE7EDE8EFEBF1ECF2EC05
:101DA000F3EFF3EEFFFF8484FFFFFFFFFFFFFFFF72
:101DB000FFFFFFFFFFFFFFFFFFFFFFFFFFFFFFFF33
:101DC000FFFFFFFFFFFFFFFFFFFFFFFFFFFFFFFF23
:101DD000FFFFFFFFFFFFFFFFFFFFFFFFFFFFFFFF13
:101DE000FFFFFFFFFFFFFFFFFFFFFFFFFFFFFFFF03
:101DF000FFFFFFFFFFFFFFFFFFFFFFFFFFFFFFFFF3
:101E0000FFFFFFFFFFFFFFFFFFFFFFFFFFFFFFFFE2
:101E1000FFFFFFFFFFFFFFFFFFFFFFFFFFFFFFFFD2
:101E2000FFFFFFFFFFFFFFFFFFFFFFFFFFFFFFFFC2
:101E3000FFFFFFFFFFFFFFFFFFFFFFFFFFFFFFFFB2
:101E4000FFFFFFFFFFFFFFFFFFFFFFFFFFFFFFFFA2
:101E5000FFFFFFFFFFFFFFFFFFFFFFFFFFFFFFFF92
:101E6000FFFFFFFFFFFFFFFFFFFFFFFFFFFFFFFF82
:101E7000FFFFFFFFFFFFFFFFFFFFFFFFFFFFFFFF72
:101E8000FFFFFFFFFFFFFFFFFFFFFFFFFFFFFFFF62
:101E9000FFFFFFFFFFFFFFFFFFFFFFFFFFFFFFFF52
:101EA000FFFFFFFFFFFFFFFFFFFFFFFFFFFFFFFF42
:101EB000FFFFFFFFFFFFFFFF52525959ABACA9AA2A
:101EC000ACAEAEB1B2B4B4B6B5B9B9BAAFB3CACAB2
:101ED000FFFFFFFFFFFFFFFFFFFFFFFFFFFFFFFF12
:101EE000FFFFFFFFFFFFFFFFFFFFFFFFFFFFFFFF02
:101EF000FFFFFFFFFFFFFFFFFFFFFFFFFFFFFFFFF2
:101F0000FFFFFFFF4B4D5A5CDBD7E7E1E8E4EBE670
:101F1000ECE6ECE8EFE8EEE8FFFA8485FFFFFFFF70
:101F2000FFFFFFFFFFFFFFFFFFFFFFFFFFFFFFFFC1
:101F3000FFFFFFFFFFFFFFFFFFFFFFFFFFFFFFFFB1
:101F4000FFFFFFFFFFFFFFFFFFFFFFFFFFFFFFFFA1
:101F5000FFFFFFFFFFFFFFFFFFFFFFFFFFFFFFFF91
:101F6000FFFFFFFFFFFFFFFFFFFFFFFFFFFFFFFF81
:101F7000FFFFFFFFFFFFFFFFFFFFFFFFFFFFFFFF71
:101F8000FFFFFFFFFFFFFFFFFFFFFFFFFFFFFFFF61
:101F9000FFFFFFFFFFFFFFFFFFFFFFFFFFFFFFFF51
:101FA000FFFFFFFFFFFFFFFFFFFFFFFFFFFFFFFF41
:101FB000FFFFFFFFFFFFFFFFFFFFFFFFFFFFFFFF31
:101FC000FFFFFFFFFFFFFFFFFFFFFFFFFFFFFFFF21
:101FD000FFFFFFFFFFFFFFFFFFFFFFFFFFFFFFFF11
:101FE000FFFFFFFFFFFFFFFFFFFFFFFFFFFFFFFF01
:101FF000FFFFFFFFFFFFFFFFFFFFFFFFFFFFFFFFF1
:10200000FFFFFFFFFFFFFFFFFFFFFFFFFFFFFFFFE0
:10201000FFFFFFFFFFFFFFFFFFFFFFFFFFFFFFFFD0
:10202000FFFFFFFFFFFFFFFFFFFFFFFF5254595B62
:10203000ACB2AAB2AEB6B1BBB4BFB6C2B9C5BAC72C
:10204000B3BACACBFFFFFFFFFFFFFFFFFFFFFFFF9A
:10205000FFFFFFFFFFFFFFFFFFFFFFFFFFFFFFFF90
:10206000FFFFFFFFFFFFFFFFFFFFFFFFFFFFFFFF80
:10207000FFFFFFFFFFFFFFFF4D4D5B5CDAD6E7E49C
:10208000E9E7ECE9EEECF0EDF1EDF3EFFFFF84842E
:10209000FFFFFFFFFFFFFFFFFFFFFFFFFFFFFFFF50
:1020A000FFFFFFFFFFFFFFFFFFFFFFFFFFFFFFFF40
:1020B000FFFFFFFFFFFFFFFFFFFFFFFFFFFFFFFF30
:1020C000FFFFFFFFFFFFFFFFFFFFFFFFFFFFFFFF20
:1020D000FFFFFFFFFFFFFFFFFFFFFFFFFFFFFFFF10
:1020E000FFFFFFFFFFFFFFFFFFFFFFFFFFFFFFFF00
:1020F000FFFFFFFFFFFFFFFFFFFFFFFFFFFFFFFFF0
:10210000FFFFFFFFFFFFFFFFFFFFFFFFFFFFFFFFDF
:10211000FFFFFFFFFFFFFFFFFFFFFFFFFFFFFFFFCF
:10212000FFFFFFFFFFFFFFFFFFFFFFFFFFFFFFFFBF
:10213000FFFFFFFFFFFFFFFFFFFFFFFFFFFFFFFFAF
:10214000FFFFFFFFFFFFFFFFFFFFFFFFFFFFFFFF9F
:10215000FFFFFFFFFFFFFFFFFFFFFFFFFFFFFFFF8F
:10216000FFFFFFFFFFFFFFFFFFFFFFFFFFFFFFFF7F
:10217000FFFFFFFFFFFFFFFFFFFFFFFFFFFFFFFF6F
:10218000FFFFFFFFFFFFFFFFFFFFFFFFFFFFFFFF5F
:10219000FFFFFFFFFFFFFFFFFFFFFFFFFFFFFFFF4F
:1021A00052525959A6A8A5A7A9AAACAFB0B1B1B4CB
:1021B000B3B6B5B9AEB0CACAFFFFFFFFFFFFFFFF5E
:1021C000FFFFFFFFFFFFFFFFFFFFFFFFFFFFFFFF1F
:1021D000FFFFFFFFFFFFFFFFFFFFFFFFFFFFFFFF0F
:1021E000FFFFFFFFFFFFFFFFFFFFFFFF4D4F5C5EA5
:1021F000D6D4E4E0E7E1E9E3ECE6EDE6EDE8EFE78D
:10220000FFF98485FFFFFFFFFFFFFFFFFFFFFFFFD9
:10221000FFFFFFFFFFFFFFFFFFFFFFFFFFFFFFFFCE
:10222000FFFFFFFFFFFFFFFFFFFFFFFFFFFFFFFFBE
:10223000FFFFFFFFFFFFFFFFFFFFFFFFFFFFFFFFAE
:10224000FFFFFFFFFFFFFFFFFFFFFFFFFFFFFFFF9E
:10225000FFFFFFFFFFFFFFFFFFFFFFFFFFFFFFFF8E
:10226000FFFFFFFFFFFFFFFFFFFFFFFFFFFFFFFF7E
:10227000FFFFFFFFFFFFFFFFFFFFFFFFFFFFFFFF6E
:10228000FFFFFFFFFFFFFFFFFFFFFFFFFFFFFFFF5E
:10229000FFFFFFFFFFFFFFFFFFFFFFFFFFFFFFFF4E
:1022A000FFFFFFFFFFFFFFFFFFFFFFFFFFFFFFFF3E
:1022B000FFFFFFFFFFFFFFFFFFFFFFFFFFFFFFFF2E
:1022C000FFFFFFFFFFFFFFFFFFFFFFFFFFFFFFFF1E
:1022D000FFFFFFFFFFFFFFFFFFFFFFFFFFFFFFFF0E
:1022E000FFFFFFFFFFFFFFFFFFFFFFFFFFFFFFFFFE
:1022F000FFFFFFFFFFFFFFFFFFFFFFFFFFFFFFFFEE
:10230000FFFFFFFFFFFFFFFFFFFFFFFFFFFFFFFFDD
:10231000FFFFFFFF5254595BA8ACA7ABAAB1AFB601
:10232000B1BBB4BFB6C3B9C5B0B8CACBFFFFFFFFDE
:10233000FFFFFFFFFFFFFFFFFFFFFFFFFFFFFFFFAD
:10234000FFFFFFFFFFFFFFFFFFFFFFFFFFFFFFFF9D
:10235000FFFFFFFFFFFFFFFFFFFFFFFFFFFFFFFF8D
:102360004E4E5B5CD6D3E4E0E8E4EAE7ECE8EFEC61
:10237000F0EDF1EDFFFF8484FFFFFFFFFFFFFFFFA4
:10238000FFFF525257575757575757575757575797
:1023900057575757575757575757575757575757CD
:1023A00057575757575757575757575757575757BD
:1023B00057575757575757575757575757575757AD
:1023C000575757575757575757575757575757579D
:1023D000575757575757575757575757575757578D
:1023E000575757575757575757575757575757577D
:1023F000575757575757575757575757575757576D
:10240000575757575757575757575757575757575C
:10241000575757575757575757575757575757574C
:10242000575757575757575757575757575757573C
:10243000575757575757575757575757575757572C
:10244000575757575757575757575757575757571C
:10245000575757575757575757575757575757570C
:1024600057575757575757575757575757575757FC
:102470005757575757575757575757575353F8F8B2
:10248000FFFFFFFFFFFFFFFF52525959A1A1A2A377
:10249000A5A7A9AAADAEB0B2B3B5B5B7ACAFCACA1D
:1024A000FFFFFFFFFFFFFFFFFFFFFFFFFFFFFFFF3C
:1024B000FFFFFFFFFFFFFFFFFFFFFFFFFFFFFFFF2C
:1024C000FFFFFFFFFFFFFFFFFFFFFFFFFFFFFFFF1C
:1024D000FFFFFFFF4E505C5ED3CFE0DCE4E0E7E1BE
:1024E000E8E4ECE6EDE6EDE8FFF88485FFFFFFFFAA
:1024F000FFFFFFFFFFFF525457595759575957597C
:10250000575957595759575957595759575957594B
:10251000575957595759575957595759575957593B
:10252000575957595759575957595759575957592B
:10253000575957595759575957595759575957591B
:10254000575957595759575957595759575957590B
:1025500057595759575957595759575957595759FB
:1025600057595759575957595759575957595759EB
:1025700057595759575957595759575957595759DB
:1025800057595759575957595759575957595759CB
:1025900057595759575957595759575957595759BB
:1025A00057595759575957595759575957595759AB
:1025B000575957595759575957595759575957599B
:1025C000575957595759575957595759575957598B
:1025D000575957595759575957595759575957597B
:1025E000575957595759575957595759575957596B
:1025F0005355F8F8FFFFFFFFFFFFFFFF5254595BF1
:10260000A1A6A3A7A7ACAAB2AEB7B2BCB5C0B7C3C8
:10261000AFB8CACBFFFFFFFFFFFFFFFFFFFFFFFFCA
:10262000FFFFFFFFFFFFFFFFFFFFFFFFFFFFFFFFBA
:10263000FFFFFFFFFFFFFFFFFFFFFFFFFFFFFFFFAA
:10264000FFFFFFFFFFFFFFFF4E4E5B5CD0CDDFDBE8
:10265000E4E0E7E3EBE7EDE9EFECF0EDFFFF848486
:10266000FFFFFFFFFFFFFFFFFFFF4F4F5959565678
:1026700056565656565656565656565656565656FA
:1026800056575657565756575657565756575657E2
:1026900056575657565756575657565756575657D2
:1026A00056575657565756575757575757575757BE
:1026B00057575757575757575757575757585758A8
:1026C0005758575857585758575857585758575892
:1026D0005758575857585758575857585858585880
:1026E000585858585858585858585858585858586A
:1026F000585858585858585858585858585858585A
:10270000585858585858585858585858585857584A
:102710005758575857585758575857585758575841
:102720005758575857585758575857585758575831
:102730005758575857585758575757575757575725
:10274000575757575757575756575657565756571D
:102750005657565756575657565756565656565614
:102760005656555655565656FFFFFFFFFFFFFFFFC3
:10277000525259599D9D9D9DA1A2A6A7A9AAADAF50
:10278000B0B2B4B5AAADCACAFFFFFFFFFFFFFFFF9B
:10279000FFFFFFFFFFFFFFFFFFFFFFFFFFFFFFFF49
:1027A000FFFFFFFFFFFFFFFFFFFFFFFFFFFFFFFF39
:1027B000FFFFFFFFFFFFFFFFFFFFFFFF4E505C5ECD
:1027C000CDCBDBD7E0DDE3DFE7E1E9E5ECE7EDE604
:1027D000FFF88485FFFFFFFFFFFFFFFFFFFF4F5163
:1027E000595B565856585658565856585658565972
:1027F000565956595759575957595759575957595B
:102800005759575957595759575957595759575948
:102810005759575957595759575957595759575938
:102820005759575957595759575957595759575928
:10283000585958595859585A585A585A585A585A0B
:10284000585A585A585A585A585A585A585A585AF8
:10285000585A585A585A585A585A585A585A585AE8
:10286000585A585A585A585A585A585A585A585AD8
:10287000585A585A585A585A585A585A585A585AC8
:10288000585A585A585A585A585A585A585A585AB8
:10289000585A585A585A585A585A585A585A585AA8
:1028A000585A585A585A585A58595859575957599E
:1028B0005759575957595759575957595759575998
:1028C000575957595759575957595759575956588A
:1028D000565856585658565856585658FFFFFFFFE8
:1028E000FFFFFFFF5255595B9D9E9DA1A2A6A7AD7C
:1028F000AAB2AFB8B2BCB5C0ADB7CACBFFFFFFFF3D
:10290000FFFFFFFFFFFFFFFFFFFFFFFFFFFFFFFFD7
:10291000FFFFFFFFFFFFFFFFFFFF7A7A85858585B9
:1029200088889595FFFFFFFFFFFFCDCDFFFFFFFFDD
:102930004E4E5B5CCCC7D9D6E0DBE4E1E8E3EBE7E5
:10294000ECE9EFEBFFFE8484FFFFFFFFFFFFFFFFDB
:10295000FFFF4F4F585AFFFFFFFBFDFBFCF7FBF655
:10296000FBF5F8F4F5F1F5F0F2EDF1ECEDEAECE859
:10297000EAE5E9E4E8E3E6E2E5DFE3DEE1DDE0DB2A
:10298000DEDADBD7DBD6D8D4D7D1D4D1D2CED0CDF6
:10299000CFCACDCACBC8C9C6C8C4C5C2C4C1C1BFCD
:1029A000C1BDBEBBBCBAB9B7B7B6B5B4B4B3B1B1AB
:1029B000AFAFAEADABABAAA8A7A7A7A5A4A4A2A290
:1029C0009EA09D9E9B9D9A9B979896979396949672
:1029D0009696959695989597959795979597969796
:1029E000969796989899989998999899989A999A63
:1029F0009A9B9B9B9C9C9B9D9C9E9C9D9E9F9F9E0F
:102A0000A1A0A2A1A3A5A3A3A6A6A6A8A9A9AAAA74
:102A1000ABABAEAEAEB0B1B1B3B2B4B3B7B6B8B89B
:102A2000BBBBBDBCC0BFC3C1C6C4C8C6CBC8CDCB71
:102A3000CFCED4D2D6D5DAD8DEDCE1DFE6E2E7E6E7
:102A4000EDEBF1F0F7F6FCFAFFFFFFFFFFFF7C7CF8
:102A5000FFFFFFFFFFFFFFFF5353595997979998C7
:102A60009D9EA1A3A6A7AAABAFAEB0B2A9ACCACA9D
:102A7000FFFFFFFFFFFFFFFFFFFFFFFFFFFFFFFF66
:102A8000FFFFFFFFFFFFFFFFFFFFFFFFFFFF7A7C5E
:102A900085878587888B9597FFFFFFFFFFFFCDCD4B
:102AA000FFFFFFFF4E505C5EC7C7D6D4DBD8E1DD29
:102AB000E3E0E7E1E9E5EBE7FEF88485FFFFFFFFF0
:102AC000FFFFFFFFFFFF4F515A5CFFFBFBF5FBF2DF
:102AD000F7F3F6F2F5EEF4EEF1EDF0EAEDE9ECE9FC
:102AE000EAE6E8E5E5E2E4E3E3E0E2E0DFDEDEDDBE
:102AF000DDDBDBDADAD8D7D7D6D6D4D6D1D2D1D16E
:102B0000CED0CDCECACCCACCC8CAC6C8C4C7C2C42F
:102B1000C1C4BFC3BDC0BBBFBABEB7BBB6BBB4B8F0
:102B2000B3B8B1B4AFB4ADB2ABB0A8AEA7AEA5ACBC
:102B3000A4AAA2A9A0A79EA69DA59BA198A097A084
:102B4000969E969F969F969F989F97A097A097A0D6
:102B500097A097A097A098A099A099A199A199A1B1
:102B60009AA29AA29BA29BA49CA39DA59EA69DA56A
:102B70009FA79EA6A0A8A1A9A5ABA3ACA6ADA8AEF1
:102B8000A9AFAAB0ABB1AEB3B0B5B1B6B2B8B3B835
:102B9000B6BBB8BDBBBFBCC0BFC3C1C5C4C8C6CA35
:102BA000C8CDCBCECED0D2D4D5D6D8D9DCDCDFE0E0
:102BB000E2E2E6E6EBE9F0EEF6F3FAF7FFFAFFFF02
:102BC000FFFF7C7DFFFFFFFFFFFFFFFF5355595BBA
:102BD0009798989A9EA2A3A7A7ADABB3AEB8B2BC84
:102BE000ACB5CACBFFFFFFFFFFFFFFFFFFFFFFFFFB
:102BF000FFFFFFFFFFFFFFFFFFFFFFFFFFFFFFFFE5
:102C0000FFFF31315757575746464B4BF9F9FFFFF6
:102C1000FFFF3F3FFFFFFFFF4E4E5B5CC7C3D5D1B9
:102C2000D9D6E0DCE5E1E8E5EBE8ECE8FFFD8484FB
:102C3000FFFFFFFFFFFFFFFFFFFF5151585AF4EF67
:102C4000ECE9ECE8EAE8E9E5E8E4E7E2E5E1E3DF1E
:102C5000E2DEE0DCDFDBDCD8DAD7D9D5D8D4D8D3D4
:102C6000D5D3D4D0D2CFD3CED1CCCFCBCCC8CBC779
:102C7000C9C6C8C4C8C3C4C1C3C0C2BDC0BCBFBB31
:102C8000BCB9BCB8B9B7B8B5B6B3B6B2B3B0B0AFEB
:102C9000AEADADACABAAAAA8A7A7A6A6A4A3A3A3B2
:102CA000A2A09F9F9D9E9C9C9B9B98989798949672
:102CB000949391928F918E908F9190919090909209
:102CC00090929092909290929092919291929192F1
:102CD00092939293929292949293949594959495C0
:102CE0009497959796979799999899999A9A9C9D60
:102CF0009C9C9E9E9EA0A0A1A1A2A3A3A4A4A6A6C4
:102D0000A7A7A9A9AAA8ACACAEAEB1AFB2B2B4B3F2
:102D1000B7B6BAB8BBBABDBCC1BEC2C2C6C4C9C7C9
:102D2000CBCACECCD2CFD6D2D7D6DBDADFDEE4E345
:102D3000E7E6EDEBF1F06F6FFFFFFFFFFFFFFFFF37
:102D4000535359599B9A939299999E9EA3A4A7A8CD
:102D5000AAABADAFA7AACACAFFFFFFFFFFFFFFFFE5
:102D6000FFFFFFFFFFFFFFFFFFFFFFFFFFFFFFFF73
:102D7000FFFFFFFFFFFF31335759575946494B4C6F
:102D8000F9FAFFFFFFFF3F41FFFFFFFF4E505C5E80
:102D9000C3C2D1CFD6D5DCD8E1DDE5E1E8E2E8E594
:102DA000FDF78485FFFFFFFFFFFFFFFFFFFF51538C
:102DB0005A5CEFEAE9E4E8E3E8E1E5E2E4E1E2DDD8
:102DC000E1DDDFDCDEDADCD9DBD8D8D6D7D5D5D368
:102DD000D4D3D3D1D3D0D0D0CFCFCECDCCCBCBCA00
:102DE000C8C9C7C7C6C8C4C5C3C4C1C3C0C1BDBFA5
:102DF000BCBEBBBDB9BCB8BBB7BAB5B8B3B7B2B54A
:102E0000B0B3AFB4ADB1ACB0AAAEA8ACA7ABA6ABF3
:102E1000A3A8A3A7A0A59FA49EA49CA29BA1989FA2
:102E2000989F969D939B929A919A90989199919937
:102E3000909992999299929A929A929A929A929A37
:102E4000929A929A9399939B929A949C939C959C14
:102E5000959C959C979E979E979E99A0989F99A0C8
:102E60009AA29DA29CA39EA4A0A5A1A6A2A7A3A945
:102E7000A4A9A6ABA7ACA9ADA8AEACB1AEB2AFB396
:102E8000B2B6B3B7B6B9B8BBBABEBCC0BEC1C2C495
:102E9000C4C6C7C9CACACCCDCFD1D2D1D6D6DAD949
:102EA000DEDDE3E1E6E5EBE8F0EC6F70FFFFFFFF4E
:102EB000FFFFFFFF5355595B9A9B9293999B9EA2EC
:102EC000A4A7A8ADABB4AFB8AAB1CACBFFFFFFFFB0
:102ED000FFFFFFFFFFFFFFFFFFFFFFFFFFFFFFFF02
:102EE000FFFFFFFFFFFFFFFFFFFFFFFF49494545D2
:102EF000FFFF4A4A4444FFFF3E3E4848FFFFFFFFB2
:102F00004E4E5B5CC0BCCFCBD5D1DAD6E0DCE5E180
:102F1000E9E5EAE7FFFB8484FFFFFFFFFFFFFFFF18
:102F2000FFFF5151585AF5F1ECE8ECE9ECE8E9E81B
:102F3000E9E5E8E5E6E2E5E1E4E0E2DDDFDDDFDB6F
:102F4000DCD8DBD7D9D4D9D4D8D3D6D2D3CFD3CF2A
:102F5000D1CED1CCD0CCCCC8CCC8C9C5C8C4C6C3CE
:102F6000C4C1C3C0C1BDC0BDBEBBBCBABCB7B9B68D
:102F7000B8B6B5B4B5B2B3B0B1AFAFADACABABAB47
:102F8000A9A9A7A8A6A6A5A4A3A3A2A0A09F9E9D09
:102F90009D9C9B9B979997989497939490918F91D0
:102FA0008E908F9190919091909290929092909219
:102FB00090929092919291929293929392939292F4
:102FC00092949393949595959596949795979697B3
:102FD0009799999899999A9A9B9D9C9C9E9E9EA040
:102FE000A0A0A1A2A2A3A5A5A5A6A7A7A9A9AAA991
:102FF000ADACAEADB1B0B2B1B5B3B7B6BAB8BBBA9D
:10300000BEBCC0BEC2C1C6C4C8C7CACACECDD1D05C
:10301000D6D2D7D6DBDADFDEE3E3E8E7EDEB6667AF
:10302000FFFFFFFFFFFFFFFF53535959A09E9595E8
:10303000929299999E9EA3A3A7A8AAABA6A7CACA33
:10304000FFFFFFFFFFFFFFFFFFFFFFFFFFFFFFFF90
:10305000FFFFFFFFFFFFFFFFFFFFFFFFFFFFFFFF80
:10306000494B4549FFFF4A4B4446FFFF3E41484A12
:10307000FFFFFFFF4E505C5EBCBDCBCAD1CFD6D4A4
:10308000DCD8E1DDE5E1E7E2FBF58485FFFFFFFF4A
:10309000FFFFFFFFFFFF51535A5CF1ECE8E3E9E467
:1030A000E8E3E8E0E5E2E5E1E2DEE1DDE0DBDDDA10
:1030B000DDDADBD8D8D6D7D5D4D3D4D4D3D1D2D1B6
:1030C000CFD0CFCFCECDCCCBCCCAC8C9C8C8C5C84D
:1030D000C4C5C3C4C1C3C0C2BDBFBDBFBBBDBABCF4
:1030E000B7BBB6B9B6B8B4B7B2B5B0B3AFB4ADB19B
:1030F000ABB0ABAFA9ADA8AAA6ABA4A9A3A6A0A547
:103100009FA59DA49CA29BA1999F989F979E949BED
:103110009199919A90989199919991999299929A5D
:10312000929A929A929A929A929A929A939A93993E
:10313000939B929A949C939C959C959C969D979E0C
:10314000979E979E99A0989F99A09AA19DA29CA3B3
:103150009EA4A0A6A0A6A2A7A3A8A5A9A6ABA7AC1B
:10316000A9AEA9AEACB1ADB2B0B3B1B5B3B8B6B952
:10317000B8BBBABEBCC0BEC2C1C3C4C6C7C8CACB36
:10318000CDCED0D1D2D2D6D5DAD9DEDDE3E0E7E4B8
:10319000EBE86769FFFFFFFFFFFFFFFF5355595B38
:1031A0009E9F95969293999C9EA2A3A9A8AEABB31D
:1031B000A7AECACBFFFFFFFFFFFFFFFFFFFFFFFF31
:1031C000FFFFFFFFFFFFFFFFFFFFFFFFFFFFFFFF0F
:1031D000FFFFFFFF49494545FFFF4A4A5858484805
:1031E00058584848FFFFFFFF4E4E5B5CB9B4C8C457
:1031F000CFCBD6D0DAD7DFDAE5E0E8E4FDFA848495
:10320000FFFFFFFFFFFFFFFFFFFF5151585AF7F38A
:10321000EFECECE8ECE9ECE8E9E8E9E5E8E5E7E320
:10322000E6E2E3DFE2DEDFDCDFDBDDD8DAD8DAD5C9
:10323000D8D4D8D3D5D2D4D0D2CFD1CED1CDCFCB74
:10324000CDC9CBC7C9C6C9C5C7C3C5C2C3C0C1BE26
:10325000C0BDBEBBBDB9BBB8BAB7B8B6B6B3B6B2DF
:10326000B3B0B0B0AFADAEACABABAAA8A8A7A6A6A2
:10327000A4A3A3A2A2A1A09F9D9D9C9C9B9B989967
:10328000979794979593919290918E908F9190911A
:10329000909090929092909290929092909291921F
:1032A00091929192929392939292929492939495F6
:1032B00094949496949794979697979999979899A8
:1032C0009A9A9C9D9B9B9E9E9EA0A1A1A1A1A3A317
:1032D000A4A4A6A6A7A7A9A9ABA9ACABADAEB1AF54
:1032E000B2B1B4B3B6B6BAB8BBBABDBBC0BEC2C247
:1032F000C6C4C9C6CAC9CDCCD1CFD6D2D8D7DBDADD
:10330000DFDFE3E3E7E66767FFFFFFFFFFFFFFFFA6
:1033100053535959A4A2999795939494999A9EA01E
:10332000A3A4A7A8A3A4CACAFFFFFFFFFFFFFFFF34
:10333000FFFFFFFFFFFFFFFFFFFFFFFFFFFFFFFF9D
:10334000FFFFFFFFFFFFFFFF494C4549FFFF4A4BCF
:10335000585A484A585A484AFFFFFFFF4E505C5E91
:10336000B4B6C4C5CBCAD0CFD7D5DAD7E0DCE4E158
:10337000FAF38486FFFFFFFFFFFFFFFFFFFF5153BC
:103380005A5CF3ECECE7E8E4E9E4E8E3E8E1E5E1E2
:10339000E5E1E3DEE2DEDFDBDEDADCD9DBD8D8D65E
:1033A000D8D5D5D3D4D4D3D1D2D0D0D0CFCFCECD01
:1033B000CDCCCBCAC9C9C7C8C6C8C5C5C3C4C2C39A
:1033C000C0C1BEC0BDBFBBBDB9BCB8BAB7BAB6B844
:1033D000B3B7B2B5B0B3B0B4ADB0ACB0ABAFA8ACEE
:1033E000A7ABA6ABA3A8A2A7A1A59FA49DA49CA29E
:1033F0009BA1999F979E979E939B929A919A909842
:1034000091999199909992999299929A929A929A65
:10341000929A929A929A929A9399939B929A949C46
:10342000939C959C949B969D979E979E979E99A002
:10343000979E99A09AA29DA29BA39EA4A0A5A1A796
:10344000A1A8A3A9A4A9A6ABA7ACA9ADA9AEABB0EE
:10345000AEB1AFB3B1B5B3B7B6B9B8BBBABEBBC006
:10346000BEC1C2C4C4C6C6C9C9CACCCDCFD1D2D1CF
:10347000D7D6DAD9DFDEE3E1E6E56769FFFFFFFFD4
:10348000FFFFFFFF5355595BA2A49799939494941F
:103490009A9BA0A3A4A9A8AEA4ABCACBFFFFFFFF31
:1034A000FFFFFFFFFFFFFFFFFFFFFFFFFFFFFFFF2C
:1034B000FFFFFFFFFFFFFFFFFFFFFFFF49494545FC
:1034C000FFFF4A4A5858585857574848FFFFFFFFD0
:1034D0004E4E5B5CB0ADC0BDC8C5D0CBD6D1DAD73F
:1034E000E0DCE6E2FBF79393FFFFFFFFFFFFFFFF48
:1034F000FFFF5151585AF8F3F0ECEFECECE8EBE831
:10350000EAE7EAE8EAE6E8E5E7E2E6E2E4E0E1DE67
:10351000DFDDDEDBDCD9DCD8D9D5D9D3D8D3D6D220
:10352000D3CFD2CFD1CED1CCD0CCCDC9CBC7C9C5CA
:10353000C8C4C6C3C4C1C4C0C2BDC1BCBEBABCB984
:10354000BCB7B9B7B8B6B6B3B6B1B2B0B1AFAFAD3C
:10355000ADACABABAAA8A8A8A6A6A5A3A3A2A2A0FF
:10356000A09F9D9D9D9C9B9B9898979894969494C2
:1035700091928F918E908F918F9190909092909246
:103580009092909290929092919291929192929325
:1035900092939292929492939495949495969497F0
:1035A000959796979799999898999A9A9C9D9C9C8B
:1035B0009E9E9EA09FA0A1A2A2A3A4A4A5A6A6A6EB
:1035C000A9A9AAA9ACACAEADB1B0B1B2B5B4B7B609
:1035D000BAB8BBBABDBDC1BEC2C2C6C4C9C7CBC9D9
:1035E000CECCD1CFD6D2D7D6DBDADFE0E4E3666645
:1035F000FFFFFFFFFFFFFFFF53535959A7A69D9CF5
:103600009898959493939A9A9E9FA4A59FA1CACAAD
:10361000FFFFFFFFFFFFFFFFFFFFFFFFFFFFFFFFBA
:10362000FFFFFFFFFFFFFFFFFFFFFFFFFFFFFFFFAA
:10363000494C4549FFFF4A4B585A585A5759484A2E
:10364000FFFFFFFF4E505C5EADAFBDBFC5C6CBCB2D
:10365000D1D0D7D4DCD9E2DDF7F29395FFFFFFFF9D
:10366000FFFFFFFFFFFF51535A5CF3ECECE5ECE783
:10367000E8E3E8E3E7E3E8E1E6E1E5E1E2DEE2DE14
:10368000E0DCDEDBDDDADBD8D9D6D8D5D5D3D3D4B0
:10369000D3D1D2D1CFD0CFCFCECDCCCBCCC9C9C94D
:1036A000C7C8C5C8C4C5C3C4C1C3C0C1BDBFBCBEF3
:1036B000BABCB9BCB7BCB7BAB6B8B3B7B1B4B0B39B
:1036C000AFB4ADB2ACB0ABAFA8ACA8AAA6ABA3A840
:1036D000A2A6A0A59FA59DA49CA29BA1989F989FF0
:1036E000969D949B929A919A90989199919990997C
:1036F00092999299929A929A929A929A929A929A6C
:10370000929A9399939B929A949C939C959C949B48
:10371000969D979E979E979E99A0989F99A09AA1F3
:103720009DA29CA39EA4A0A5A0A6A2A8A3A8A4A96C
:10373000A6ABA6ACA9ADA9AEACB1ADB2B0B3B2B5B3
:10374000B4B8B6B9B8BBBABEBDBFBEC2C2C4C4C6A7
:10375000C7C9C9CACCCDCFD1D2D2D6D6DAD9E0DE4C
:10376000E3E16669FFFFFFFFFFFFFFFF5355595B72
:10377000A6A69C9D9899949593949A9D9FA3A5AA7B
:10378000A1A7CACBFFFFFFFFFFFFFFFFFFFFFFFF68
:10379000FFFFFFFFFFFFFFFFFFFFFFFFFFFFFFFF39
:1037A000FFFFFFFF49494545FFFF4A4A4B4B7474F1
:1037B00048484848FFFFFFFF4E4E5B5CA6A5B7B4E4
:1037C000C1BCC8C4CFCCD6D1DCD8E0DCF8F393932D
:1037D000FFFFFFFFFFFFFFFFFFFF5151585AF9F5B1
:1037E000F1ECF0EBEEECECE8EBE8EBE7E9E8E9E430
:1037F000E7E4E7E2E5E1E3DFE2DDDFDCDFDBDDD8C4
:10380000DAD8D9D5D8D4D8D3D5D2D4D0D2CFD1CE76
:10381000D1CCCFCBCCC8CBC7C9C6C9C5C6C3C4C120
:10382000C3C0C1BDC0BCBEBBBCB9BBB8BAB7B8B6DB
:10383000B6B3B6B2B2B0B1B0AFACADACAAABA9A89A
:10384000A7A7A6A6A4A3A3A2A1A19F9E9E9E9C9D5E
:103850009B9A979996979496959390918F928E9024
:103860008F9190919090909290929092909290924D
:103870009092919291929293929392939292929427
:1038800092939495949494969497959795969799E6
:10389000999798999A9A9B9D9C9C9E9E9EA0A1A167
:1038A000A1A2A3A3A5A5A6A6A7A7A8A8ABA9ACABB0
:1038B000ADAEB1AFB2B1B4B3B7B6BAB8BBB9BEBBB7
:1038C000C0BEC2C2C6C4C8C7CBCACDCCD1D0D6D266
:1038D000D8D7DBDAE0DE6767FFFFFFFFFFFFFFFF00
:1038E00053535959ABAAA1A09C9B98989494949433
:1038F0009A9B9FA09C9EDBDBFFFFFFFFFFFFFFFF6C
:10390000FFFFFFFFFFFFFFFFFFFFFFFFFFFFFFFFC7
:10391000FFFFFFFFFFFFFFFF494C4549FFFF4A4BF9
:103920004B4D7476484B484AFFFFFFFF4E505C5E9C
:10393000A5A9B4B6BCBFC4C6CCCBD1D1D8D5DCD92F
:10394000F3EF9395FFFFFFFFFFFFFFFFFFFF5153D3
:103950005A5CF5ECECE8EBE6ECE7E8E3E8E3E7E3F8
:10396000E8E1E4E1E4E1E2DEE1DDDFDBDDDADCD960
:10397000DBD8D8D6D8D5D5D3D4D4D3D1D2D0D0CF04
:10398000CFCECECDCCCBCBCAC8C9C7C7C6C8C5C59C
:10399000C3C4C1C3C0C2BDBFBCBEBBBDB9BCB8BA45
:1039A000B7BAB6B8B3B7B2B5B0B3B0B4ACB0ACAFE9
:1039B000ABAFA8ACA7AAA6AAA3A8A2A7A1A59EA49C
:1039C0009EA49DA39AA099A0979E969D939A919943
:1039D000929A90989199919990999299929A929A93
:1039E000929A929A929A929A929A939A9399939B74
:1039F000929A949C939C959C949B969D979E979E3F
:103A0000969D99A0979E99A09AA29DA29CA39EA5DF
:103A1000A0A5A1A7A2A8A3A9A5A9A6ABA7ACA8AD3C
:103A2000A9AEABB0AEB1AFB3B1B5B3B7B6B9B8BB71
:103A3000B9BEBBC0BEC1C2C4C4C6C7C8CACACCCD49
:103A4000D0D1D2D2D7D6DAD9DEDD6769FFFFFFFF4A
:103A5000FFFFFFFF5355595BAAA9A09F9B9C989914
:103A6000949594959B9DA0A49EA2DBDCFFFFFFFF95
:103A7000FFFFFFFFFFFFFFFFFFFFFFFFFFFFFFFF56
:103A8000FFFFFFFFFFFFFFFFFFFFFFFF7E7E7B7B50
:103A9000FFFF7F7F7F7FFFFF7B7B7C7CFFFFFFFF44
:103AA00065656161A0A0B4B3C0BECBC8D5D1DDD976
:103AB000E3DEE9E5FFFC9393FFFFFFFFFFFFFFFF5E
:103AC000FFFF4A4A5F5FFFFFFDF9FDF6FBF6FAF6DE
:103AD000F7F3F6F2F5F1F4F1F4F0F2EFF1ECF0EBCC
:103AE000EDE8EBE7E9E5E8E4E5E2E5E0E2DDE2DC8C
:103AF000E1DBDFDADCD8DBD7DAD6D8D3D8D3D4D041
:103B0000D3CFD1CDD0CCCECBCCC8CAC7C9C4C7C304
:103B1000C5C1C3C0C2BEC0BDBEBBBCBABBB8B9B6CE
:103B2000B7B5B4B2B2B1B1AFAFAEACACACAAA9A8A4
:103B3000A8A7A5A4A3A3A2A2A0A19E9E9B9C9B9B79
:103B4000979A979793949293919391939293929239
:103B50009294929492949294929493949394939432
:103B600094959495949594959696949696979898FE
:103B70009899979A989B999A9A9C9C9C9C9D9E9D9B
:103B80009FA0A0A0A2A2A2A3A3A4A4A6A5A8A9A8FE
:103B9000AAABABABAEAEAFAEB1B1B3B3B6B5B8B71F
:103BA000BAB9BDBCC0BDC2C0C4C3C7C5C9C8CDCBEE
:103BB000D0CED3D1D6D4DAD8DEDAE0DFE5E4696A54
:103BC000FFFFFFFFFFFFFFFF47475F5FB8B6ACAAED
:103BD000A8A6A3A29F9E9A9A9B9BA2A29FA1DBDB71
:103BE000FFFFFFFFFFFFFFFFFFFFFFFFFFFFFFFFE5
:103BF000FFFFFFFFFFFFFFFFFFFFFFFFFFFFFFFFD5
:103C00007E807B7CFFFF7F807F80FFFF7B7E7C7ED2
:103C1000FFFFFFFF65676162A0A6B3B8BEC1C8CA57
:103C2000D1D2D9D7DEDDE5E3FCF79395FFFFFFFFA7
:103C3000FFFFFFFFFFFF4A4C5F60FFF8F9F1F6F26C
:103C4000F6F0F6F0F3EDF2EDF1EDF1EBF0EBEFEA7B
:103C5000ECE8EBE7E8E5E7E3E5E2E4E1E2DEE0DE1D
:103C6000DDDADCDCDBD9DAD8D8D7D7D6D6D5D3D2D3
:103C7000D3D1D0D1CFCFCDCFCCCDCBCCC8CAC7C874
:103C8000C4C6C3C5C1C3C0C3BEC2BDC0BBBEBABD2E
:103C9000B8BBB6B9B5B9B2B7B1B5AFB3AEB2ACB0E7
:103CA000AAAFA8ADA7ABA4AAA3A9A2A8A1A79EA5A5
:103CB0009CA39BA39AA1979F949E939D939B939B58
:103CC000939B929B949C949D949D949D949D949D74
:103CD000949D949D959D959D959E959D969F969F4F
:103CE000979F989F99A09AA19BA29AA29CA39CA3FC
:103CF0009DA49DA4A0A6A0A7A2A7A3A9A4AAA6AB81
:103D0000A8ACA8AEABB0ABB1AEB2AEB3B1B6B3B8BF
:103D1000B5B9B7BAB9BDBCBFBDC1C0C4C3C6C5C8BB
:103D2000C8CACBCDCECFD1D1D4D5D8D9DADADFDE5F
:103D3000E4E26A6CFFFFFFFFFFFFFFFF474A5F609F
:103D4000B6B6AAABA6A7A2A39E9F9A9B9B9CA2A431
:103D5000A1A4DBDAFFFFFFFFFFFFFFFFFFFFFFFF75
:103D6000FFFFFFFFFFFFFFFFFFFFFFFFFFFFFFFF63
:103D7000FFFFFFFFFFFFFFFFFFFFFFFFFFFFFFFF53
:103D8000FFFFFFFFFFFFFFFFFFFF79795F5F5E5ED1
:103D90005E5E5D5D5D5D5C5D5C5C5C5C5C5C9C9CDA
:103DA000FFFFFFFFFFFFFFFFFFFFFFFF59594343E7
:103DB00042424242424242424242424342434343DF
:103DC00043434343434343434343434343434343C3
:103DD00043434343434443444444444444444444A9
:103DE0004444444444444444444444444444444592
:103DF0004445454545454545454545454545454574
:103E0000454545454545454546464646464646465A
:103E1000464646464646464646464646464747473F
:103E20004747474747474747474747474747474722
:103E30004747474747474747474747474747474712
:103E40004747474747474747474747474747474702
:103E500047474747474747474747474747474747F2
:103E600047474747474747474747474747474746E3
:103E700046464646464646464646464646464646E2
:103E800046464646464646464545454545454545DA
:103E900045454545454545454444444444444444DA
:103EA0004444444443434545FFFFFFFFFFFFFFFFFA
:103EB000FFFF55554A4A4A4A4A4A4A4A4B4A4B4BDF
:103EC0004B4B4B4B4B4BD7D7FFFFFFFFFFFFFFFF8A
:103ED000FFFFFFFFFFFFFFFFFFFFFFFFFFFFFFFFF2
:103EE000FFFFFFFFFFFFFFFFFFFFFFFFFFFFFFFFE2
:103EF000FFFFFFFFFFFFFFFFFFFFFFFFFFFF797BDC
:103F00005F615E605E605D5F5D5F5D5F5C5F5C5ECC
:103F10005C5E9C9DFFFFFFFFFFFFFFFFFFFFFFFFBA
:103F2000595B43454245424542454245424543452A
:103F3000434543454345434543464346434643463D
:103F40004346434643464346444644464446444625
:103F5000444644464446444744474447444744470C
:103F600044474547454745474547454745474547F2
:103F700045474547454845484548454846484648D9
:103F800046484648464846484648464846484648C1
:103F900047484749474947494749474947494749A2
:103FA0004749474947494749474947494749474991
:103FB0004749474947494749474947494749474981
:103FC0004749474947494749474947494749474971
:103FD0004749474947494749474947494749474961
:103FE000474946494648464846484648464846485E
:103FF0004648464846484648464846484548454754
:104000004547454745474547454745474447444752
:10401000444644464446444643464547FFFFFFFF67
:10402000FFFFFFFFFFFF55564A4C4A4C4A4D4A4D91
:104030004A4D4B4D4B4D4B4D4B4ED7D7FFFFFFFFDE
:10404000FFFFFFFFFFFFFFFFFFFFFFFFFFFFFFFF80
:10405000FFFFFFFFFFFFFFFFFFFFFFFFFFFFFFFF70
:10406000FFFFFFFFFFFFFFFFFFFFFFFFFFFFFFFF60
:10407000FFFFFFFFFFFFFFFFFFFFFFFFFFFFFFFF50
:10408000FFFFFFFFFFFFFFFFFFFFFFFFFFFFFFFF40
:10409000FFFFFFFFFFFFFFFFFFFFFFFFFFFFFFFF30
:1040A000FFFFFFFFFFFFFFFFFFFFFFFFFFFFFFFF20
:1040B000FFFFFFFFFFFFFFFFFFFFFFFFFFFFFFFF10
:1040C000FFFFFFFFFFFFFFFFFFFFFFFFFFFFFFFF00
:1040D000FFFFFFFFFFFFFFFFFFFFFFFFFFFFFFFFF0
:1040E000FFFFFFFFFFFFFFFFFFFFFFFFFFFFFFFFE0
:1040F000FFFFFFFFFFFFFFFFFFFFFFFFFFFFFFFFD0
:10410000FFFFFFFFFFFFFFFFFFFFFFFFFFFFFFFFBF
:10411000FFFFFFFFFFFFFFFFFFFFFFFFFFFFFFFFAF
:10412000FFFFFFFFFFFFFFFFFFFFFFFFFFFFFFFF9F
:10413000FFFFFFFFFFFFFFFFFFFFFFFFFFFFFFFF8F
:10414000FFFFFFFFFFFFFFFFFFFFFFFFFFFFFFFF7F
:10415000FFFFFFFFFFFFFFFFFFFFFFFFFFFFFFFF6F
:10416000FFFFFFFFFFFFFFFFFFFFFFFFFFFFFFFF5F
:10417000FFFFFFFFFFFFFFFFFFFFFFFFFFFFFFFF4F
:10418000FFFFFFFFFFFFFFFFFFFFFFFFFFFFFFFF3F
:10419000FFFFFFFFFFFFFFFFFFFFFFFFFFFFFFFF2F
:1041A000FFFFFFFFFFFFFFFFFFFFFFFFFFFFFFFF1F
:1041B000FFFFFFFFFFFFFFFFFFFFFFFFFFFFFFFF0F
:1041C000FFFFFFFFFFFFFFFFFFFFFFFFFFFFFFFFFF
:1041D000FFFFFFFFFFFFFFFFFFFFFFFFFFFFFFFFEF
:1041E000FFFFFFFFFFFFFFFFFFFFFFFFFFFFFFFFDF
:1041F000FFFFFFFFFFFFFFFFFFFFFFFFFFFFFFFFCF
:10420000FFFFFFFFFFFFFFFFFFFFFFFFFFFFFFFFBE
:10421000FFFFFFFFFFFFFFFFFFFFFFFFFFFFFFFFAE
:10422000FFFFFFFFFFFFFFFFFFFFFFFFFFFFFFFF9E
:10423000FFFFFFFFFFFFFFFFFFFFFFFFFFFFFFFF8E
:10424000FFFFFFFFFFFFFFFFFFFFFFFFFFFFFFFF7E
:10425000FFFFFFFFFFFFFFFFFFFFFFFFFFFFFFFF6E
:10426000FFFFFFFFFFFFFFFFFFFFFFFFFFFFFFFF5E
:10427000FFFFFFFFFFFFFFFFFFFFFFFFFFFFFFFF4E
:10428000FFFFFFFFFFFFFFFFFFFFFFFFFFFFFFFF3E
:10429000FFFFFFFFFFFFFFFFFFFFFFFFFFFFFFFF2E
:1042A000FFFFFFFFFFFFFFFFFFFFFFFFFFFFFFFF1E
:1042B000FFFFFFFFFFFFFFFFFFFFFFFFFFFFFFFF0E
:1042C000FFFFFFFFFFFFFFFFFFFFFFFFFFFFFFFFFE
:1042D000FFFFFFFFFFFFFFFFFFFFFFFFFFFFFFFFEE
:1042E000FFFFFFFFFFFFFFFFFFFFFFFFFFFFFFFFDE
:1042F000FFFFFFFFFFFFFFFFFFFFFFFFFFFFFFFFCE
:10430000FFFFFFFFFFFFFFFFFFFFFFFFFFFFFFFFBD
:10431000FFFFFFFFFFFFFFFFFFFFFFFFFFFFFFFFAD
:10432000FFFFFFFFFFFFFFFFFFFFFFFFFFFFFFFF9D
:10433000FFFFFFFFFFFFFFFFFFFFFFFFFFFFFFFF8D
:10434000FFFFFFFFFFFFFFFFFFFFFFFFFFFFFFFF7D
:10435000FFFFFFFFFFFFFFFFFFFFFFFFFFFFFFFF6D
:10436000FFFFFFFFFFFFFFFFFFFFFFFFFFFFFFFF5D
:10437000FFFFFFFFFFFFFFFFFFFFFFFFFFFFFFFF4D
:10438000FFFFFFFFFFFFFFFFFFFFFFFFFFFFFFFF3D
:10439000FFFFFFFFFFFFFFFFFFFFFFFFFFFFFFFF2D
:1043A000FFFFFFFFFFFFFFFFFFFFFFFFFFFFFFFF1D
:1043B000FFFFFFFFFFFFFFFFFFFFFFFFFFFFFFFF0D
:1043C000FFFFFFFFFFFFFFFFFFFFFFFFFFFFFFFFFD
:1043D000FFFFFFFFFFFFFFFFFFFFFFFFFFFFFFFFED
:1043E000FFFFFFFFFFFFFFFFFFFFFFFFFFFFFFFFDD
:1043F000FFFFFFFFFFFFFFFFFFFFFFFFFFFFFFFFCD
:10440000FFFFFFFFFFFFFFFFFFFFFFFFFFFFFFFFBC
:10441000FFFFFFFFFFFFFFFFFFFFFFFFFFFFFFFFAC
:10442000FFFFFFFFFFFFFFFFFFFFFFFFFFFFFFFF9C
:10443000FFFFFFFFFFFFFFFFFFFFFFFFFFFFFFFF8C
:10444000FFFFFFFFFFFFFFFFFFFFFFFFFFFFFFFF7C
:10445000FFFFFFFFFFFFFFFFFFFFFFFFFFFFFFFF6C
:10446000FFFFFFFFFFFFFFFFFFFFFFFFFFFFFFFF5C
:10447000FFFFFFFFFFFFFFFFFFFFFFFFFFFFFFFF4C
:10448000FFFFFFFFFFFFFFFFFFFFFFFFFFFFFFFF3C
:10449000FFFFFFFFFFFFFFFFFFFFFFFFFFFFFFFF2C
:1044A000FFFFFFFFFFFFFFFFFFFFFFFFFFFFFFFF1C
:1044B000FFFFFFFFFFFFFFFFFFFFFFFFFFFFFFFF0C
:1044C000FFFFFFFFFFFFFFFFFFFFFFFFFFFFFFFFFC
:1044D000FFFFFFFFFFFFFFFFFFFFFFFFFFFFFFFFEC
:1044E000FFFFFFFFFFFFFFFFFFFFFFFFFFFFFFFFDC
:1044F000FFFFFFFFFFFFFFFFFFFFFFFFFFFFFFFFCC
:10450000FFFFFFFFFFFFFFFFFFFFFFFFFFFFFFFFBB
:10451000FFFFFFFFFFFFFFFFFFFFFFFFFFFFFFFFAB
:10452000FFFFFFFFFFFFFFFFFFFFFFFFFFFFFFFF9B
:10453000FFFFFFFFFFFFFFFFFFFFFFFFFFFFFFFF8B
:10454000FFFFFFFFFFFFFFFFFFFFFFFFFFFFFFFF7B
:10455000FFFFFFFFFFFFFFFFFFFFFFFFFFFFFFFF6B
:10456000FFFFFFFFFFFFFFFFFFFFFFFFFFFFFFFF5B
:10457000FFFFFFFFFFFFFFFFFFFFFFFFFFFFFFFF4B
:10458000FFFFFFFFFFFFFFFFFFFFFFFFFFFFFFFF3B
:10459000FFFFFFFFFFFFFFFFFFFFFFFFFFFFFFFF2B
:1045A000FFFFFFFFFFFFFFFFFFFFFFFFFFFFFFFF1B
:1045B000FFFFFFFFFFFFFFFFFFFFFFFFFFFFFFFF0B
:1045C000FFFFFFFFFFFFFFFFFFFFFFFFFFFFFFFFFB
:1045D000FFFFFFFFFFFFFFFFFFFFFFFFFFFFFFFFEB
:1045E000FFFFFFFFFFFFFFFFFFFFFFFFFFFFFFFFDB
:1045F000FFFFFFFFFFFFFFFFFFFFFFFFFFFFFFFFCB
:10460000FFFFFFFFFFFFFFFFFFFFFFFFFFFFFFFFBA
:10461000FFFFFFFFFFFFFFFFFFFFFFFFFFFFFFFFAA
:10462000FFFFFFFFFFFFFFFFFFFFFFFFFFFFFFFF9A
:10463000FFFFFFFFFFFFFFFFFFFFFFFFFFFFFFFF8A
:10464000FFFFFFFFFFFFFFFFFFFFFFFFFFFFFFFF7A
:10465000FFFFFFFFFFFFFFFFFFFFFFFFFFFFFFFF6A
:10466000FFFFFFFFFFFFFFFFFFFFFFFFFFFFFFFF5A
:10467000FFFFFFFFFFFFFFFFFFFFFFFFFFFFFFFF4A
:10468000FFFFFFFFFFFFFFFFFFFFFFFFFFFFFFFF3A
:10469000FFFFFFFFFFFFFFFFFFFFFFFFFFFFFFFF2A
:1046A000FFFFFFFFFFFFFFFFFFFFFFFFFFFFFFFF1A
:1046B000FFFFFFFFFFFFFFFFFFFFFFFFFFFFFFFF0A
:1046C000FFFFFFFFFFFFFFFFFFFFFFFFFFFFFFFFFA
:1046D000FFFFFFFFFFFFFFFFFFFFFFFFFFFFFFFFEA
:1046E000FFFFFFFFFFFFFFFFFFFFFFFFFFFFFFFFDA
:1046F000FFFFFFFFFFFFFFFFFFFFFFFFFFFFFFFFCA
:10470000FFFFFFFFFFFFFFFFFFFFFFFFFFFFFFFFB9
:10471000FFFFFFFFFFFFFFFFFFFFFFFFFFFFFFFFA9
:10472000FFFFFFFFFFFFFFFFFFFFFFFFFFFFFFFF99
:10473000FFFFFFFFFFFFFFFFFFFFFFFFFFFFFFFF89
:10474000FFFFFFFFFFFFFFFFFFFFFFFFFFFFFFFF79
:10475000FFFFFFFFFFFFFFFFFFFFFFFFFFFFFFFF69
:10476000FFFFFFFFFFFFFFFFFFFFFFFFFFFFFFFF59
:10477000FFFFFFFFFFFFFFFFFFFFFFFFFFFFFFFF49
:10478000FFFFFFFFFFFFFFFFFFFFFFFFFFFFFFFF39
:10479000FFFFFFFFFFFFFFFFFFFFFFFFFFFFFFFF29
:1047A000FFFFFFFFFFFFFFFFFFFFFFFFFFFFFFFF19
:1047B000FFFFFFFFFFFFFFFFFFFFFFFFFFFFFFFF09
:1047C000FFFFFFFFFFFFFFFFFFFFFFFFFFFFFFFFF9
:1047D000FFFFFFFFFFFFFFFFFFFFFFFFFFFFFFFFE9
:1047E000FFFFFFFFFFFFFFFFFFFFFFFFFFFFFFFFD9
:1047F000FFFFFFFFFFFFFFFFFFFFFFFFFFFFFFFFC9
:10480000FFFFFFFFFFFFFFFFFFFFFFFFFFFFFFFFB8
:10481000FFFFFFFFFFFFFFFFFFFFFFFFFFFFFFFFA8
:10482000FFFFFFFFFFFFFFFFFFFFFFFFFFFFFFFF98
:10483000FFFFFFFFFFFFFFFFFFFFFFFFFFFFFFFF88
:10484000FFFFFFFFFFFFFFFFFFFFFFFFFFFFFFFF78
:10485000FFFFFFFFFFFFFFFFFFFFFFFFFFFFFFFF68
:10486000FFFFFFFFFFFFFFFFFFFFFFFFFFFFFFFF58
:10487000FFFFFFFFFFFFFFFFFFFFFFFFFFFFFFFF48
:10488000FFFFFFFFFFFFFFFFFFFFFFFFFFFFFFFF38
:10489000FFFFFFFFFFFFFFFFFFFFFFFFFFFFFFFF28
:1048A000FFFFFFFFFFFFFFFFFFFFFFFFFFFFFFFF18
:1048B000FFFFFFFFFFFFFFFFFFFFFFFFFFFFFFFF08
:1048C000FFFFFFFFFFFFFFFFFFFFFFFFFFFFFFFFF8
:1048D000FFFFFFFFFFFFFFFFFFFFFFFFFFFFFFFFE8
:1048E000FFFFFFFFFFFFFFFFFFFFFFFFFFFFFFFFD8
:1048F000FFFFFFFFFFFFFFFFFFFFFFFFFFFFFFFFC8
:10490000FFFFFFFFFFFFFFFFFFFFFFFFFFFFFFFFB7
:10491000FFFFFFFFFFFFFFFFFFFFFFFFFFFFFFFFA7
:10492000FFFFFFFFFFFFFFFFFFFFFFFFFFFFFFFF97
:10493000FFFFFFFFFFFFFFFFFFFFFFFFFFFFFFFF87
:10494000FFFFFFFFFFFFFFFFFFFFFFFFFFFFFFFF77
:10495000FFFFFFFFFFFFFFFFFFFFFFFFFFFFFFFF67
:10496000FFFFFFFFFFFFFFFFFFFFFFFFFFFFFFFF57
:10497000FFFFFFFFFFFFFFFFFFFFFFFFFFFFFFFF47
:10498000FFFFFFFFFFFFFFFFFFFFFFFFFFFFFFFF37
:10499000FFFFFFFFFFFFFFFFFFFFFFFFFFFFFFFF27
:1049A000FFFFFFFFFFFFFFFFFFFFFFFFFFFFFFFF17
:1049B000FFFFFFFFFFFFFFFFFFFFFFFFFFFFFFFF07
:1049C000FFFFFFFFFFFFFFFFFFFFFFFFFFFFFFFFF7
:1049D000FFFFFFFFFFFFFFFFFFFFFFFFFFFFFFFFE7
:1049E000FFFFFFFFFFFFFFFFFFFFFFFFFFFFFFFFD7
:1049F000FFFFFFFFFFFFFFFFFFFFFFFFFFFFFFFFC7
:104A0000FFFFFFFFFFFFFFFFFFFFFFFFFFFFFFFFB6
:104A1000FFFFFFFFFFFFFFFFFFFFFFFFFFFFFFFFA6
:104A2000FFFFFFFFFFFFFFFFFFFFFFFFFFFFFFFF96
:104A3000FFFFFFFFFFFFFFFFFFFFFFFFFFFFFFFF86
:104A4000FFFFFFFFFFFFFFFFFFFFFFFFFFFFFFFF76
:104A5000FFFFFFFFFFFFFFFFFFFFFFFFFFFFFFFF66
:104A6000FFFFFFFFFFFFFFFFFFFFFFFFFFFFFFFF56
:104A7000FFFFFFFFFFFFFFFFFFFFFFFFFFFFFFFF46
:104A8000FFFFFFFFFFFFFFFFFFFFFFFFFFFFFFFF36
:104A9000FFFFFFFFFFFFFFFFFFFFFFFFFFFFFFFF26
:104AA000FFFFFFFFFFFFFFFFFFFFFFFFFFFFFFFF16
:104AB000FFFFFFFFFFFFFFFFFFFFFFFFFFFFFFFF06
:104AC000FFFFFFFFFFFFFFFFFFFFFFFFFFFFFFFFF6
:104AD000FFFFFFFFFFFFFFFFFFFFFFFFFFFFFFFFE6
:104AE000FFFFFFFFFFFFFFFFFFFFFFFFFFFFFFFFD6
:104AF000FFFFFFFFFFFFFFFFFFFFFFFFFFFFFFFFC6
:104B0000FFFFFFFFFFFFFFFFFFFFFFFFFFFFFFFFB5
:104B1000FFFFFFFFFFFFFFFFFFFFFFFFFFFFFFFFA5
:104B2000FFFFFFFFFFFFFFFFFFFFFFFFFFFFFFFF95
:104B3000FFFFFFFFFFFFFFFFFFFFFFFFFFFFFFFF85
:104B4000FFFFFFFFFFFFFFFFFFFFFFFFFFFFFFFF75
:104B5000FFFFFFFFFFFFFFFFFFFFFFFFFFFFFFFF65
:104B6000FFFFFFFFFFFFFFFFFFFFFFFFFFFFFFFF55
:104B7000FFFFFFFFFFFFFFFFFFFFFFFFFFFFFFFF45
:104B8000FFFFFFFFFFFFFFFFFFFFFFFFFFFFFFFF35
:104B9000FFFFFFFFFFFFFFFFFFFFFFFFFFFFFFFF25
:104BA000FFFFFFFFFFFFFFFFFFFFFFFFFFFFFFFF15
:104BB000FFFFFFFFFFFFFFFFFFFFFFFFFFFFFFFF05
:104BC000FFFFFFFFFFFFFFFFFFFFFFFFFFFFFFFFF5
:104BD000FFFFFFFFFFFFFFFFFFFFFFFFFFFFFFFFE5
:104BE000FFFFFFFFFFFFFFFFFFFFFFFFFFFFFFFFD5
:104BF000FFFFFFFFFFFFFFFFFFFFFFFFFFFFFFFFC5
:104C0000FFFFFFFFFFFFFFFFFFFFFFFFFFFFFFFFB4
:104C1000FFFFFFFFFFFFFFFFFFFFFFFFFFFFFFFFA4
:104C2000FFFFFFFFFFFFFFFFFFFFFFFFFFFFFFFF94
:104C3000FFFFFFFFFFFFFFFFFFFFFFFFFFFFFFFF84
:104C4000FFFFFFFFFFFFFFFFFFFFFFFFFFFFFFFF74
:104C5000FFFFFFFFFFFFFFFFFFFFFFFFFFFFFFFF64
:104C6000FFFFFFFFFFFFFFFFFFFFFFFFFFFFFFFF54
:104C7000FFFFFFFFFFFFFFFFFFFFFFFFFFFFFFFF44
:104C8000FFFFFFFFFFFFFFFFFFFFFFFFFFFFFFFF34
:104C9000FFFFFFFFFFFFFFFFFFFFFFFFFFFFFFFF24
:104CA000FFFFFFFFFFFFFFFFFFFFFFFFFFFFFFFF14
:104CB000FFFFFFFFFFFFFFFFFFFFFFFFFFFFFFFF04
:104CC000FFFFFFFFFFFFFFFFFFFFFFFFFFFFFFFFF4
:104CD000FFFFFFFFFFFFFFFFFFFFFFFFFFFFFFFFE4
:104CE000FFFFFFFFFFFFFFFFFFFFFFFFFFFFFFFFD4
:104CF000FFFFFFFFFFFFFFFFFFFFFFFFFFFFFFFFC4
:104D0000FFFFFFFFFFFFFFFFFFFFFFFFFFFFFFFFB3
:104D1000FFFFFFFFFFFFFFFFFFFFFFFFFFFFFFFFA3
:104D2000FFFFFFFFFFFFFFFFFFFFFFFFFFFFFFFF93
:104D3000FFFFFFFFFFFFFFFFFFFFFFFFFFFFFFFF83
:104D4000FFFFFFFFFFFFFFFFFFFFFFFFFFFFFFFF73
:104D5000FFFFFFFFFFFFFFFFFFFFFFFFFFFFFFFF63
:104D6000FFFFFFFFFFFFFFFFFFFFFFFFFFFFFFFF53
:104D7000FFFFFFFFFFFFFFFFFFFFFFFFFFFFFFFF43
:104D8000FFFFFFFFFFFFFFFFFFFFFFFFFFFFFFFF33
:104D9000FFFFFFFFFFFFFFFFFFFFFFFFFFFFFFFF23
:104DA000FFFFFFFFFFFFFFFFFFFFFFFFFFFFFFFF13
:104DB000FFFFFFFFFFFFFFFFFFFFFFFFFFFFFFFF03
:104DC000FFFFFFFFFFFFFFFFFFFFFFFFFFFFFFFFF3
:104DD000FFFFFFFFFFFFFFFFFFFFFFFFFFFFFFFFE3
:104DE000FFFFFFFFFFFFFFFFFFFFFFFFFFFFFFFFD3
:104DF000FFFFFFFFFFFFFFFFFFFFFFFFFFFFFFFFC3
:104E0000FFFFFFFFFFFFFFFFFFFFFFFFFFFFFFFFB2
:104E1000FFFFFFFFFFFFFFFFFFFFFFFFFFFFFFFFA2
:104E2000FFFFFFFFFFFFFFFFFFFFFFFFFFFFFFFF92
:104E3000FFFFFFFFFFFFFFFFFFFFFFFFFFFFFFFF82
:104E4000FFFFFFFFFFFFFFFFFFFFFFFFFFFFFFFF72
:104E5000FFFFFFFFFFFFFFFFFFFFFFFFFFFFFFFF62
:104E6000FFFFFFFFFFFFFFFFFFFFFFFFFFFFFFFF52
:104E7000FFFFFFFFFFFFFFFFFFFFFFFFFFFFFFFF42
:104E8000FFFFFFFFFFFFFFFFFFFFFFFFFFFFFFFF32
:104E9000FFFFFFFFFFFFFFFFFFFFFFFFFFFFFFFF22
:104EA000FFFFFFFFFFFFFFFFFFFFFFFFFFFFFFFF12
:104EB000FFFFFFFFFFFFFFFFFFFFFFFFFFFFFFFF02
:104EC000FFFFFFFFFFFFFFFFFFFFFFFFFFFFFFFFF2
:104ED000FFFFFFFFFFFFFFFFFFFFFFFFFFFFFFFFE2
:104EE000FFFFFFFFFFFFFFFFFFFFFFFFFFFFFFFFD2
:104EF000FFFFFFFFFFFFFFFFFFFFFFFFFFFFFFFFC2
:104F0000FFFFFFFFFFFFFFFFFFFFFFFFFFFFFFFFB1
:104F1000FFFFFFFFFFFFFFFFFFFFFFFFFFFFFFFFA1
:104F2000FFFFFFFFFFFFFFFFFFFFFFFFFFFFFFFF91
:104F3000FFFFFFFFFFFFFFFFFFFFFFFFFFFFFFFF81
:104F4000FFFFFFFFFFFFFFFFFFFFFFFFFFFFFFFF71
:104F5000FFFFFFFFFFFFFFFFFFFFFFFFFFFFFFFF61
:104F6000FFFFFFFFFFFFFFFFFFFFFFFFFFFFFFFF51
:104F7000FFFFFFFFFFFFFFFFFFFFFFFFFFFFFFFF41
:104F8000FFFFFFFFFFFFFFFFFFFFFFFFFFFFFFFF31
:104F9000FFFFFFFFFFFFFFFFFFFFFFFFFFFFFFFF21
:104FA000FFFFFFFFFFFFFFFFFFFFFFFFFFFFFFFF11
:104FB000FFFFFFFFFFFFFFFFFFFFFFFFFFFFFFFF01
:104FC000FFFFFFFFFFFFFFFFFFFFFFFFFFFFFFFFF1
:104FD000FFFFFFFFFFFFFFFFFFFFFFFFFFFFFFFFE1
:104FE000FFFFFFFFFFFFFFFFFFFFFFFFFFFFFFFFD1
:104FF000FFFFFFFFFFFFFFFFFFFFFFFFFFFFFFFFC1
:10500000FFFFFFFFFFFFFFFFFFFFFFFFFFFFFFFFB0
:10501000FFFFFFFFFFFFFFFFFFFFFFFFFFFFFFFFA0
:10502000FFFFFFFFFFFFFFFFFFFFFFFFFFFFFFFF90
:10503000FFFFFFFFFFFFFFFFFFFFFFFFFFFFFFFF80
:10504000FFFFFFFFFFFFFFFFFFFFFFFFFFFFFFFF70
:10505000FFFFFFFFFFFFFFFFFFFFFFFFFFFFFFFF60
:10506000FFFFFFFFFFFFFFFFFFFFFFFFFFFFFFFF50
:10507000FFFFFFFFFFFFFFFFFFFFFFFFFFFFFFFF40
:10508000FFFFFFFFFFFFFFFFFFFFFFFFFFFFFFFF30
:10509000FFFFFFFFFFFFFFFFFFFFFFFFFFFFFFFF20
:1050A000FFFFFFFFFFFFFFFFFFFFFFFFFFFFFFFF10
:1050B000FFFFFFFFFFFFFFFFFFFFFFFFFFFFFFFF00
:1050C000FFFFFFFFFFFFFFFFFFFFFFFFFFFFFFFFF0
:1050D000FFFFFFFFFFFFFFFFFFFFFFFFFFFFFFFFE0
:1050E000FFFFFFFFFFFFFFFFFFFFFFFFFFFFFFFFD0
:1050F000FFFFFFFFFFFFFFFFFFFFFFFFFFFFFFFFC0
:10510000FFFFFFFFFFFFFFFFFFFFFFFFFFFFFFFFAF
:10511000FFFFFFFFFFFFFFFFFFFFFFFFFFFFFFFF9F
:10512000FFFFFFFFFFFFFFFFFFFFFFFFFFFFFFFF8F
:10513000FFFFFFFFFFFFFFFFFFFFFFFFFFFFFFFF7F
:10514000FFFFFFFFFFFFFFFFFFFFFFFFFFFFFFFF6F
:10515000FFFFFFFFFFFFFFFFFFFFFFFFFFFFFFFF5F
:10516000FFFFFFFFFFFFFFFFFFFFFFFFFFFFFFFF4F
:10517000FFFFFFFFFFFFFFFFFFFFFFFFFFFFFFFF3F
:10518000FFFFFFFFFFFFFFFFFFFFFFFFFFFFFFFF2F
:10519000FFFFFFFFFFFFFFFFFFFFFFFFFFFFFFFF1F
:1051A000FFFFFFFFFFFFFFFFFFFFFFFFFFFFFFFF0F
:1051B000FFFFFFFFFFFFFFFFFFFFFFFFFFFFFFFFFF
:1051C000FFFFFFFFFFFFFFFFFFFFFFFFFFFFFFFFEF
:1051D000FFFFFFFFFFFFFFFFFFFFFFFFFFFFFFFFDF
:1051E000FFFFFFFFFFFFFFFFFFFFFFFFFFFFFFFFCF
:1051F000FFFFFFFFFFFFFFFFFFFFFFFFFFFFFFFFBF
:10520000FFFFFFFFFFFFFFFFFFFFFFFFFFFFFFFFAE
:10521000FFFFFFFFFFFFFFFFFFFFFFFFFFFFFFFF9E
:10522000FFFFFFFFFFFFFFFFFFFFFFFFFFFFFFFF8E
:10523000FFFFFFFFFFFFFFFFFFFFFFFFFFFFFFFF7E
:10524000FFFFFFFFFFFFFFFFFFFFFFFFFFFFFFFF6E
:10525000FFFFFFFFFFFFFFFFFFFFFFFFFFFFFFFF5E
:10526000FFFFFFFFFFFFFFFFFFFFFFFFFFFFFFFF4E
:10527000FFFFFFFFFFFFFFFFFFFFFFFFFFFFFFFF3E
:10528000FFFFFFFFFFFFFFFFFFFFFFFFFFFFFFFF2E
:10529000FFFFFFFFFFFFFFFFFFFFFFFFFFFFFFFF1E
:1052A000FFFFFFFFFFFFFFFFFFFFFFFFFFFFFFFF0E
:1052B000FFFFFFFFFFFFFFFFFFFFFFFFFFFFFFFFFE
:1052C000FFFFFFFFFFFFFFFFFFFFFFFFFFFFFFFFEE
:1052D000FFFFFFFFFFFFFFFFFFFFFFFFFFFFFFFFDE
:1052E000FFFFFFFFFFFFFFFFFFFFFFFFFFFFFFFFCE
:1052F000FFFFFFFFFFFFFFFFFFFFFFFFFFFFFFFFBE
:10530000FFFFFFFFFFFFFFFFFFFFFFFFFFFFFFFFAD
:10531000FFFFFFFFFFFFFFFFFFFFFFFFFFFFFFFF9D
:10532000FFFFFFFFFFFFFFFFFFFFFFFFFFFFFFFF8D
:10533000FFFFFFFFFFFFFFFFFFFFFFFFFFFFFFFF7D
:10534000FFFFFFFFFFFFFFFFFFFFFFFFFFFFFFFF6D
:10535000FFFFFFFFFFFFFFFFFFFFFFFFFFFFFFFF5D
:10536000FFFFFFFFFFFFFFFFFFFFFFFFFFFFFFFF4D
:10537000FFFFFFFFFFFFFFFFFFFFFFFFFFFFFFFF3D
:10538000FFFFFFFFFFFFFFFFFFFFFFFFFFFFFFFF2D
:10539000FFFFFFFFFFFFFFFFFFFFFFFFFFFFFFFF1D
:1053A000FFFFFFFFFFFFFFFFFFFFFFFFFFFFFFFF0D
:1053B000FFFFFFFFFFFFFFFFFFFFFFFFFFFFFFFFFD
:1053C000FFFFFFFFFFFFFFFFFFFFFFFFFFFFFFFFED
:1053D000FFFFFFFFFFFFFFFFFFFFFFFFFFFFFFFFDD
:1053E000FFFFFFFFFFFFFFFFFFFFFFFFFFFFFFFFCD
:1053F000FFFFFFFFFFFFFFFFFFFFFFFFFFFFFFFFBD
:10540000FFFFFFFFFFFFFFFFFFFFFFFFFFFFFFFFAC
:10541000FFFFFFFFFFFFFFFFFFFFFFFFFFFFFFFF9C
:10542000FFFFFFFFFFFFFFFFFFFFFFFFFFFFFFFF8C
:10543000FFFFFFFFFFFFFFFFFFFFFFFFFFFFFFFF7C
:10544000FFFFFFFFFFFFFFFFFFFFFFFFFFFFFFFF6C
:10545000FFFFFFFFFFFFFFFFFFFFFFFFFFFFFFFF5C
:10546000FFFFFFFFFFFFFFFFFFFFFFFFFFFFFFFF4C
:10547000FFFFFFFFFFFFFFFFFFFFFFFFFFFFFFFF3C
:10548000FFFFFFFFFFFFFFFFFFFFFFFFFFFFFFFF2C
:10549000FFFFFFFFFFFFFFFFFFFFFFFFFFFFFFFF1C
:1054A000FFFFFFFFFFFFFFFFFFFFFFFFFFFFFFFF0C
:1054B000FFFFFFFFFFFFFFFFFFFFFFFFFFFFFFFFFC
:1054C000FFFFFFFFFFFFFFFFFFFFFFFFFFFFFFFFEC
:1054D000FFFFFFFFFFFFFFFFFFFFFFFFFFFFFFFFDC
:1054E000FFFFFFFFFFFFFFFFFFFFFFFFFFFFFFFFCC
:1054F000FFFFFFFFFFFFFFFFFFFFFFFFFFFFFFFFBC
:10550000FFFFFFFFFFFFFFFFFFFFFFFFFFFFFFFFAB
:10551000FFFFFFFFFFFFFFFFFFFFFFFFFFFFFFFF9B
:10552000FFFFFFFFFFFFFFFFFFFFFFFFFFFFFFFF8B
:10553000FFFFFFFFFFFFFFFFFFFFFFFFFFFFFFFF7B
:10554000FFFFFFFFFFFFFFFFFFFFFFFFFFFFFFFF6B
:10555000FFFFFFFFFFFFFFFFFFFFFFFFFFFFFFFF5B
:10556000FFFFFFFFFFFFFFFFFFFFFFFFFFFFFFFF4B
:10557000FFFFFFFFFFFFFFFFFFFFFFFFFFFFFFFF3B
:10558000FFFFFFFFFFFFFFFFFFFFFFFFFFFFFFFF2B
:10559000FFFFFFFFFFFFFFFFFFFFFFFFFFFFFFFF1B
:1055A000FFFFFFFFFFFFFFFFFFFFFFFFFFFFFFFF0B
:1055B000FFFFFFFFFFFFFFFFFFFFFFFFFFFFFFFFFB
:1055C000FFFFFFFFFFFFFFFFFFFFFFFFFFFFFFFFEB
:1055D000FFFFFFFFFFFFFFFFFFFFFFFFFFFFFFFFDB
:1055E000FFFFFFFFFFFFFFFFFFFFFFFFFFFFFFFFCB
:1055F000FFFFFFFFFFFFFFFFFFFFFFFFFFFFFFFFBB
:10560000FFFFFFFFFFFFFFFFFFFFFFFFFFFFFFFFAA
:10561000FFFFFFFFFFFFFFFFFFFFFFFFFFFFFFFF9A
:10562000FFFFFFFFFFFFFFFFFFFFFFFFFFFFFFFF8A
:10563000FFFFFFFFFFFFFFFFFFFFFFFFFFFFFFFF7A
:10564000FFFFFFFFFFFFFFFFFFFFFFFFFFFFFFFF6A
:10565000FFFFFFFFFFFFFFFFFFFFFFFFFFFFFFFF5A
:10566000FFFFFFFFFFFFFFFFFFFFFFFFFFFFFFFF4A
:10567000FFFFFFFFFFFFFFFFFFFFFFFFFFFFFFFF3A
:10568000FFFFFFFFFFFFFFFFFFFFFFFFFFFFFFFF2A
:10569000FFFFFFFFFFFFFFFFFFFFFFFFFFFFFFFF1A
:1056A000FFFFFFFFFFFFFFFFFFFFFFFFFFFFFFFF0A
:1056B000FFFFFFFFFFFFFFFFFFFFFFFFFFFFFFFFFA
:1056C000FFFFFFFFFFFFFFFFFFFFFFFFFFFFFFFFEA
:1056D000FFFFFFFFFFFFFFFFFFFFFFFFFFFFFFFFDA
:1056E000FFFFFFFFFFFFFFFFFFFFFFFFFFFFFFFFCA
:1056F000FFFFFFFFFFFFFFFFFFFFFFFFFFFFFFFFBA
:10570000FFFFFFFFFFFFFFFFFFFFFFFFFFFFFFFFA9
:10571000FFFFFFFFFFFFFFFFFFFFFFFFFFFFFFFF99
:10572000FFFFFFFFFFFFFFFFFFFFFFFFFFFFFFFF89
:10573000FFFFFFFFFFFFFFFFFFFFFFFFFFFFFFFF79
:10574000FFFFFFFFFFFFFFFFFFFFFFFFFFFFFFFF69
:10575000FFFFFFFFFFFFFFFFFFFFFFFFFFFFFFFF59
:10576000FFFFFFFFFFFFFFFFFFFFFFFFFFFFFFFF49
:10577000FFFFFFFFFFFFFFFFFFFFFFFFFFFFFFFF39
:10578000FFFFFFFFFFFFFFFFFFFFFFFFFFFFFFFF29
:10579000FFFFFFFFFFFFFFFFFFFFFFFFFFFFFFFF19
:1057A000FFFFFFFFFFFFFFFFFFFFFFFFFFFFFFFF09
:1057B000FFFFFFFFFFFFFFFFFFFFFFFFFFFFFFFFF9
:1057C000FFFFFFFFFFFFFFFFFFFFFFFFFFFFFFFFE9
:1057D000FFFFFFFFFFFFFFFFFFFFFFFFFFFFFFFFD9
:1057E000FFFFFFFFFFFFFFFFFFFFFFFFFFFFFFFFC9
:1057F000FFFFFFFFFFFFFFFFFFFFFFFFFFFFFFFFB9
:10580000FFFFFFFFFFFFFFFFFFFFFFFFFFFFFFFFA8
:10581000FFFFFFFFFFFFFFFFFFFFFFFFFFFFFFFF98
:10582000FFFFFFFFFFFFFFFFFFFFFFFFFFFFFFFF88
:10583000FFFFFFFFFFFFFFFFFFFFFFFFFFFFFFFF78
:10584000FFFFFFFFFFFFFFFFFFFFFFFFFFFFFFFF68
:10585000FFFFFFFFFFFFFFFFFFFFFFFFFFFFFFFF58
:10586000FFFFFFFFFFFFFFFFFFFFFFFFFFFFFFFF48
:10587000FFFFFFFFFFFFFFFFFFFFFFFFFFFFFFFF38
:10588000FFFFFFFFFFFFFFFFFFFFFFFFFFFFFFFF28
:10589000FFFFFFFFFFFFFFFFFFFFFFFFFFFFFFFF18
:1058A000FFFFFFFFFFFFFFFFFFFFFFFFFFFFFFFF08
:1058B000FFFFFFFFFFFFFFFFFFFFFFFFFFFFFFFFF8
:1058C000FFFFFFFFFFFFFFFFFFFFFFFFFFFFFFFFE8
:1058D000FFFFFFFFFFFFFFFFFFFFFFFFFFFFFFFFD8
:1058E000FFFFFFFFFFFFFFFFFFFFFFFFFFFFFFFFC8
:1058F000FFFFFFFFFFFFFFFFFFFFFFFFFFFFFFFFB8
:10590000FFFFFFFFFFFFFFFFFFFFFFFFFFFFFFFFA7
:10591000FFFFFFFFFFFFFFFFFFFFFFFFFFFFFFFF97
:10592000FFFFFFFFFFFFFFFFFFFFFFFFFFFFFFFF87
:10593000FFFFFFFFFFFFFFFFFFFFFFFFFFFFFFFF77
:10594000FFFFFFFFFFFFFFFFFFFFFFFFFFFFFFFF67
:10595000FFFFFFFFFFFFFFFFFFFFFFFFFFFFFFFF57
:10596000FFFFFFFFFFFFFFFFFFFFFFFFFFFFFFFF47
:10597000FFFFFFFFFFFFFFFFFFFFFFFFFFFFFFFF37
:10598000FFFFFFFFFFFFFFFFFFFFFFFFFFFFFFFF27
:10599000FFFFFFFFFFFFFFFFFFFFFFFFFFFFFFFF17
:1059A000FFFFFFFFFFFFFFFFFFFFFFFFFFFFFFFF07
:1059B000FFFFFFFFFFFFFFFFFFFFFFFFFFFFFFFFF7
:1059C000FFFFFFFFFFFFFFFFFFFFFFFFFFFFFFFFE7
:1059D000FFFFFFFFFFFFFFFFFFFFFFFFFFFFFFFFD7
:1059E000FFFFFFFFFFFFFFFFFFFFFFFFFFFFFFFFC7
:1059F000FFFFFFFFFFFFFFFFFFFFFFFFFFFFFFFFB7
:105A0000FFFFFFFFFFFFFFFFFFFFFFFFFFFFFFFFA6
:105A1000FFFFFFFFFFFFFFFFFFFFFFFFFFFFFFFF96
:105A2000FFFFFFFFFFFFFFFFFFFFFFFFFFFFFFFF86
:105A3000FFFFFFFFFFFFFFFFFFFFFFFFFFFFFFFF76
:105A4000FFFFFFFFFFFFFFFFFFFFFFFFFFFFFFFF66
:105A5000FFFFFFFFFFFFFFFFFFFFFFFFFFFFFFFF56
:105A6000FFFFFFFFFFFFFFFFFFFFFFFFFFFFFFFF46
:105A7000FFFFFFFFFFFFFFFFFFFFFFFFFFFFFFFF36
:105A8000FFFFFFFFFFFFFFFFFFFFFFFFFFFFFFFF26
:105A9000FFFFFFFFFFFFFFFFFFFFFFFFFFFFFFFF16
:105AA000FFFFFFFFFFFFFFFFFFFFFFFFFFFFFFFF06
:105AB000FFFFFFFFFFFFFFFFFFFFFFFFFFFFFFFFF6
:105AC000FFFFFFFFFFFFFFFFFFFFFFFFFFFFFFFFE6
:105AD000FFFFFFFFFFFFFFFFFFFFFFFFFFFFFFFFD6
:105AE000FFFFFFFFFFFFFFFFFFFFFFFFFFFFFFFFC6
:105AF000FFFFFFFFFFFFFFFFFFFFFFFFFFFFFFFFB6
:105B0000FFFFFFFFFFFFFFFFFFFFFFFFFFFFFFFFA5
:105B1000FFFFFFFFFFFFFFFFFFFFFFFFFFFFFFFF95
:105B2000FFFFFFFFFFFFFFFFFFFFFFFFFFFFFFFF85
:105B3000FFFFFFFFFFFFFFFFFFFFFFFFFFFFFFFF75
:105B4000FFFFFFFFFFFFFFFFFFFFFFFFFFFFFFFF65
:105B5000FFFFFFFFFFFFFFFFFFFFFFFFFFFFFFFF55
:105B6000FFFFFFFFFFFFFFFFFFFFFFFFFFFFFFFF45
:105B7000FFFFFFFFFFFFFFFFFFFFFFFFFFFFFFFF35
:105B8000FFFFFFFFFFFFFFFFFFFFFFFFFFFFFFFF25
:105B9000FFFFFFFFFFFFFFFFFFFFFFFFFFFFFFFF15
:105BA000FFFFFFFFFFFFFFFFFFFFFFFFFFFFFFFF05
:105BB000FFFFFFFFFFFFFFFFFFFFFFFFFFFFFFFFF5
:105BC000FFFFFFFFFFFFFFFFFFFFFFFFFFFFFFFFE5
:105BD000FFFFFFFFFFFFFFFFFFFFFFFFFFFFFFFFD5
:105BE000FFFFFFFFFFFFFFFFFFFFFFFFFFFFFFFFC5
:105BF000FFFFFFFFFFFFFFFFFFFFFFFFFFFFFFFFB5
:105C0000FFFFFFFFFFFFFFFFFFFFFFFFFFFFFFFFA4
:105C1000FFFFFFFFFFFFFFFFFFFFFFFFFFFFFFFF94
:105C2000FFFFFFFFFFFFFFFFFFFFFFFFFFFFFFFF84
:105C3000FFFFFFFFFFFFFFFFFFFFFFFFFFFFFFFF74
:105C4000FFFFFFFFFFFFFFFFFFFFFFFFFFFFFFFF64
:105C5000FFFFFFFFFFFFFFFFFFFFFFFFFFFFFFFF54
:105C6000FFFFFFFFFFFFFFFFFFFFFFFFFFFFFFFF44
:105C7000FFFFFFFFFFFFFFFFFFFFFFFFFFFFFFFF34
:105C8000FFFFFFFFFFFFFFFFFFFFFFFFFFFFFFFF24
:105C9000FFFFFFFFFFFFFFFFFFFFFFFFFFFFFFFF14
:105CA000FFFFFFFFFFFFFFFFFFFFFFFFFFFFFFFF04
:105CB000FFFFFFFFFFFFFFFFFFFFFFFFFFFFFFFFF4
:105CC000FFFFFFFFFFFFFFFFFFFFFFFFFFFFFFFFE4
:105CD000FFFFFFFFFFFFFFFFFFFFFFFFFFFFFFFFD4
:105CE000FFFFFFFFFFFFFFFFFFFFFFFFFFFFFFFFC4
:105CF000FFFFFFFFFFFFFFFFFFFFFFFFFFFFFFFFB4
:105D0000FFFFFFFFFFFFFFFFFFFFFFFFFFFFFFFFA3
:105D1000FFFFFFFFFFFFFFFFFFFFFFFFFFFFFFFF93
:105D2000FFFFFFFFFFFFFFFFFFFFFFFFFFFFFFFF83
:105D3000FFFFFFFFFFFFFFFFFFFFFFFFFFFFFFFF73
:105D4000FFFFFFFFFFFFFFFFFFFFFFFFFFFFFFFF63
:105D5000FFFFFFFFFFFFFFFFFFFFFFFFFFFFFFFF53
:105D6000FFFFFFFFFFFFFFFFFFFFFFFFFFFFFFFF43
:105D7000FFFFFFFFFFFFFFFFFFFFFFFFFFFFFFFF33
:105D8000FFFFFFFFFFFFFFFFFFFFFFFFFFFFFFFF23
:105D9000FFFFFFFFFFFFFFFFFFFFFFFFFFFFFFFF13
:105DA000FFFFFFFFFFFFFFFFFFFFFFFFFFFFFFFF03
:105DB000FFFFFFFFFFFFFFFFFFFFFFFFFFFFFFFFF3
:105DC000FFFFFFFFFFFFFFFFFFFFFFFFFFFFFFFFE3
:105DD000FFFFFFFFFFFFFFFFFFFFFFFFFFFFFFFFD3
:105DE000FFFFFFFFFFFFFFFFFFFFFFFFFFFFFFFFC3
:105DF000FFFFFFFFFFFFFFFFFFFFFFFFFFFFFFFFB3
:105E0000FFFFFFFFFFFFFFFFFFFFFFFFFFFFFFFFA2
:105E1000FFFFFFFFFFFFFFFFFFFFFFFFFFFFFFFF92
:105E2000FFFFFFFFFFFFFFFFFFFFFFFFFFFFFFFF82
:105E3000FFFFFFFFFFFFFFFFFFFFFFFFFFFFFFFF72
:105E4000FFFFFFFFFFFFFFFFFFFFFFFFFFFFFFFF62
:105E5000FFFFFFFFFFFFFFFFFFFFFFFFFFFFFFFF52
:105E6000FFFFFFFFFFFFFFFFFFFFFFFFFFFFFFFF42
:105E7000FFFFFFFFFFFFFFFFFFFFFFFFFFFFFFFF32
:105E8000FFFFFFFFFFFFFFFFFFFFFFFFFFFFFFFF22
:105E9000FFFFFFFFFFFFFFFFFFFFFFFFFFFFFFFF12
:105EA000FFFFFFFFFFFFFFFFFFFFFFFFFFFFFFFF02
:105EB000FFFFFFFFFFFFFFFFFFFFFFFFFFFFFFFFF2
:105EC000FFFFFFFFFFFFFFFFFFFFFFFFFFFFFFFFE2
:105ED000FFFFFFFFFFFFFFFFFFFFFFFFFFFFFFFFD2
:105EE000FFFFFFFFFFFFFFFFFFFFFFFFFFFFFFFFC2
:105EF000FFFFFFFFFFFFFFFFFFFFFFFFFFFFFFFFB2
:105F0000FFFFFFFFFFFFFFFFFFFFFFFFFFFFFFFFA1
:105F1000FFFFFFFFFFFFFFFFFFFFFFFFFFFFFFFF91
:105F2000FFFFFFFFFFFFFFFFFFFFFFFFFFFFFFFF81
:105F3000FFFFFFFFFFFFFFFFFFFFFFFFFFFFFFFF71
:105F4000FFFFFFFFFFFFFFFFFFFFFFFFFFFFFFFF61
:105F5000FFFFFFFFFFFFFFFFFFFFFFFFFFFFFFFF51
:105F6000FFFFFFFFFFFFFFFFFFFFFFFFFFFFFFFF41
:105F7000FFFFFFFFFFFFFFFFFFFFFFFFFFFFFFFF31
:105F8000FFFFFFFFFFFFFFFFFFFFFFFFFFFFFFFF21
:105F9000FFFFFFFFFFFFFFFFFFFFFFFFFFFFFFFF11
:105FA000FFFFFFFFFFFFFFFFFFFFFFFFFFFFFFFF01
:105FB000FFFFFFFFFFFFFFFFFFFFFFFFFFFFFFFFF1
:105FC000FFFFFFFFFFFFFFFFFFFFFFFFFFFFFFFFE1
:105FD000FFFFFFFFFFFFFFFFFFFFFFFFFFFFFFFFD1
:105FE000FFFFFFFFFFFFFFFFFFFFFFFFFFFFFFFFC1
:105FF000FFFFFFFFFFFFFFFFFFFFFFFFFFFFFFFFB1
:10600000FFFFFFFFFFFFFFFFFFFFFFFFFFFFFFFFA0
:10601000FFFFFFFFFFFFFFFFFFFFFFFFFFFFFFFF90
:10602000FFFFFFFFFFFFFFFFFFFFFFFFFFFFFFFF80
:10603000FFFFFFFFFFFFFFFFFFFFFFFFFFFFFFFF70
:10604000FFFFFFFFFFFFFFFFFFFFFFFFFFFFFFFF60
:10605000FFFFFFFFFFFFFFFFFFFFFFFFFFFFFFFF50
:10606000FFFFFFFFFFFFFFFFFFFFFFFFFFFFFFFF40
:10607000FFFFFFFFFFFFFFFFFFFFFFFFFFFFFFFF30
:10608000FFFFFFFFFFFFFFFFFFFFFFFFFFFFFFFF20
:10609000FFFFFFFFFFFFFFFFFFFFFFFFFFFFFFFF10
:1060A000FFFFFFFFFFFFFFFFFFFFFFFFFFFFFFFF00
:1060B000FFFFFFFFFFFFFFFFFFFFFFFFFFFFFFFFF0
:1060C000FFFFFFFFFFFFFFFFFFFFFFFFFFFFFFFFE0
:1060D000FFFFFFFFFFFFFFFFFFFFFFFFFFFFFFFFD0
:1060E000FFFFFFFFFFFFFFFFFFFFFFFFFFFFFFFFC0
:1060F000FFFFFFFFFFFFFFFFFFFFFFFFFFFFFFFFB0
:10610000FFFFFFFFFFFFFFFFFFFFFFFFFFFFFFFF9F
:10611000FFFFFFFFFFFFFFFFFFFFFFFFFFFFFFFF8F
:10612000FFFFFFFFFFFFFFFFFFFFFFFFFFFFFFFF7F
:10613000FFFFFFFFFFFFFFFFFFFFFFFFFFFFFFFF6F
:10614000FFFFFFFFFFFFFFFFFFFFFFFFFFFFFFFF5F
:10615000FFFFFFFFFFFFFFFFFFFFFFFFFFFFFFFF4F
:10616000FFFFFFFFFFFFFFFFFFFFFFFFFFFFFFFF3F
:10617000FFFFFFFFFFFFFFFFFFFFFFFFFFFFFFFF2F
:10618000FFFFFFFFFFFFFFFFFFFFFFFFFFFFFFFF1F
:10619000FFFFFFFFFFFFFFFFFFFFFFFFFFFFFFFF0F
:1061A000FFFFFFFFFFFFFFFFFFFFFFFFFFFFFFFFFF
:1061B000FFFFFFFFFFFFFFFFFFFFFFFFFFFFFFFFEF
:1061C000FFFFFFFFFFFFFFFFFFFFFFFFFFFFFFFFDF
:1061D000FFFFFFFFFFFFFFFFFFFFFFFFFFFFFFFFCF
:1061E000FFFFFFFFFFFFFFFFFFFFFFFFFFFFFFFFBF
:1061F000FFFFFFFFFFFFFFFFFFFFFFFFFFFFFFFFAF
:10620000FFFFFFFFFFFFFFFFFFFFFFFFFFFFFFFF9E
:10621000FFFFFFFFFFFFFFFFFFFFFFFFFFFFFFFF8E
:10622000FFFFFFFFFFFFFFFFFFFFFFFFFFFFFFFF7E
:10623000FFFFFFFFFFFFFFFFFFFFFFFFFFFFFFFF6E
:10624000FFFFFFFFFFFFFFFFFFFFFFFFFFFFFFFF5E
:10625000FFFFFFFFFFFFFFFFFFFFFFFFFFFFFFFF4E
:10626000FFFFFFFFFFFFFFFFFFFFFFFFFFFFFFFF3E
:10627000FFFFFFFFFFFFFFFFFFFFFFFFFFFFFFFF2E
:10628000FFFFFFFFFFFFFFFFFFFFFFFFFFFFFFFF1E
:10629000FFFFFFFFFFFFFFFFFFFFFFFFFFFFFFFF0E
:1062A000FFFFFFFFFFFFFFFFFFFFFFFFFFFFFFFFFE
:1062B000FFFFFFFFFFFFFFFFFFFFFFFFFFFFFFFFEE
:1062C000FFFFFFFFFFFFFFFFFFFFFFFFFFFFFFFFDE
:1062D000FFFFFFFFFFFFFFFFFFFFFFFFFFFFFFFFCE
:1062E000FFFFFFFFFFFFFFFFFFFFFFFFFFFFFFFFBE
:1062F000FFFFFFFFFFFFFFFFFFFFFFFFFFFFFFFFAE
:10630000FFFFFFFFFFFFFFFFFFFFFFFFFFFFFFFF9D
:10631000FFFFFFFFFFFFFFFFFFFFFFFFFFFFFFFF8D
:10632000FFFFFFFFFFFFFFFFFFFFFFFFFFFFFFFF7D
:10633000FFFFFFFFFFFFFFFFFFFFFFFFFFFFFFFF6D
:10634000FFFFFFFFFFFFFFFFFFFFFFFFFFFFFFFF5D
:10635000FFFFFFFFFFFFFFFFFFFFFFFFFFFFFFFF4D
:10636000FFFFFFFFFFFFFFFFFFFFFFFFFFFFFFFF3D
:10637000FFFFFFFFFFFFFFFFFFFFFFFFFFFFFFFF2D
:10638000FFFFFFFFFFFFFFFFFFFFFFFFFFFFFFFF1D
:10639000FFFFFFFFFFFFFFFFFFFFFFFFFFFFFFFF0D
:1063A000FFFFFFFFFFFFFFFFFFFFFFFFFFFFFFFFFD
:1063B000FFFFFFFFFFFFFFFFFFFFFFFFFFFFFFFFED
:1063C000FFFFFFFFFFFFFFFFFFFFFFFFFFFFFFFFDD
:1063D000FFFFFFFFFFFFFFFFFFFFFFFFFFFFFFFFCD
:1063E000FFFFFFFFFFFFFFFFFFFFFFFFFFFFFFFFBD
:1063F000FFFFFFFFFFFFFFFFFFFFFFFFFFFFFFFFAD
:10640000FFFFFFFFFFFFFFFFFFFFFFFFFFFFFFFF9C
:10641000FFFFFFFFFFFFFFFFFFFFFFFFFFFFFFFF8C
:10642000FFFFFFFFFFFFFFFFFFFFFFFFFFFFFFFF7C
:10643000FFFFFFFFFFFFFFFFFFFFFFFFFFFFFFFF6C
:10644000FFFFFFFFFFFFFFFFFFFFFFFFFFFFFFFF5C
:10645000FFFFFFFFFFFFFFFFFFFFFFFFFFFFFFFF4C
:10646000FFFFFFFFFFFFFFFFFFFFFFFFFFFFFFFF3C
:10647000FFFFFFFFFFFFFFFFFFFFFFFFFFFFFFFF2C
:10648000FFFFFFFFFFFFFFFFFFFFFFFFFFFFFFFF1C
:10649000FFFFFFFFFFFFFFFFFFFFFFFFFFFFFFFF0C
:1064A000FFFFFFFFFFFFFFFFFFFFFFFFFFFFFFFFFC
:1064B000FFFFFFFFFFFFFFFFFFFFFFFFFFFFFFFFEC
:1064C000FFFFFFFFFFFFFFFFFFFFFFFFFFFFFFFFDC
:1064D000FFFFFFFFFFFFFFFFFFFFFFFFFFFFFFFFCC
:1064E000FFFFFFFFFFFFFFFFFFFFFFFFFFFFFFFFBC
:1064F000FFFFFFFFFFFFFFFFFFFFFFFFFFFFFFFFAC
:10650000FFFFFFFFFFFFFFFFFFFFFFFFFFFFFFFF9B
:10651000FFFFFFFFFFFFFFFFFFFFFFFFFFFFFFFF8B
:10652000FFFFFFFFFFFFFFFFFFFFFFFFFFFFFFFF7B
:10653000FFFFFFFFFFFFFFFFFFFFFFFFFFFFFFFF6B
:10654000FFFFFFFFFFFFFFFFFFFFFFFFFFFFFFFF5B
:10655000FFFFFFFFFFFFFFFFFFFFFFFFFFFFFFFF4B
:10656000FFFFFFFFFFFFFFFFFFFFFFFFFFFFFFFF3B
:10657000FFFFFFFFFFFFFFFFFFFFFFFFFFFFFFFF2B
:10658000FFFFFFFFFFFFFFFFFFFFFFFFFFFFFFFF1B
:10659000FFFFFFFFFFFFFFFFFFFFFFFFFFFFFFFF0B
:1065A000FFFFFFFFFFFFFFFFFFFFFFFFFFFFFFFFFB
:1065B000FFFFFFFFFFFFFFFFFFFFFFFFFFFFFFFFEB
:1065C000FFFFFFFFFFFFFFFFFFFFFFFFFFFFFFFFDB
:1065D000FFFFFFFFFFFFFFFFFFFFFFFFFFFFFFFFCB
:1065E000FFFFFFFFFFFFFFFFFFFFFFFFFFFFFFFFBB
:1065F000FFFFFFFFFFFFFFFFFFFFFFFFFFFFFFFFAB
:10660000FFFFFFFFFFFFFFFFFFFFFFFFFFFFFFFF9A
:10661000FFFFFFFFFFFFFFFFFFFFFFFFFFFFFFFF8A
:10662000FFFFFFFFFFFFFFFFFFFFFFFFFFFFFFFF7A
:10663000FFFFFFFFFFFFFFFFFFFFFFFFFFFFFFFF6A
:10664000FFFFFFFFFFFFFFFFFFFFFFFFFFFFFFFF5A
:10665000FFFFFFFFFFFFFFFFFFFFFFFFFFFFFFFF4A
:10666000FFFFFFFFFFFFFFFFFFFFFFFFFFFFFFFF3A
:10667000FFFFFFFFFFFFFFFFFFFFFFFFFFFFFFFF2A
:10668000FFFFFFFFFFFFFFFFFFFFFFFFFFFFFFFF1A
:10669000FFFFFFFFFFFFFFFFFFFFFFFFFFFFFFFF0A
:1066A000FFFFFFFFFFFFFFFFFFFFFFFFFFFFFFFFFA
:1066B000FFFFFFFFFFFFFFFFFFFFFFFFFFFFFFFFEA
:1066C000FFFFFFFFFFFFFFFFFFFFFFFFFFFFFFFFDA
:1066D000FFFFFFFFFFFFFFFFFFFFFFFFFFFFFFFFCA
:1066E000FFFFFFFFFFFFFFFFFFFFFFFFFFFFFFFFBA
:1066F000FFFFFFFFFFFFFFFFFFFFFFFFFFFFFFFFAA
:10670000FFFFFFFFFFFFFFFFFFFFFFFFFFFFFFFF99
:10671000FFFFFFFFFFFFFFFFFFFFFFFFFFFFFFFF89
:10672000FFFFFFFFFFFFFFFFFFFFFFFFFFFFFFFF79
:10673000FFFFFFFFFFFFFFFFFFFFFFFFFFFFFFFF69
:10674000FFFFFFFFFFFFFFFFFFFFFFFFFFFFFFFF59
:10675000FFFFFFFFFFFFFFFFFFFFFFFFFFFFFFFF49
:10676000FFFFFFFFFFFFFFFFFFFFFFFFFFFFFFFF39
:10677000FFFFFFFFFFFFFFFFFFFFFFFFFFFFFFFF29
:10678000FFFFFFFFFFFFFFFFFFFFFFFFFFFFFFFF19
:10679000FFFFFFFFFFFFFFFFFFFFFFFFFFFFFFFF09
:1067A000FFFFFFFFFFFFFFFFFFFFFFFFFFFFFFFFF9
:1067B000FFFFFFFFFFFFFFFFFFFFFFFFFFFFFFFFE9
:1067C000FFFFFFFFFFFFFFFFFFFFFFFFFFFFFFFFD9
:1067D000FFFFFFFFFFFFFFFFFFFFFFFFFFFFFFFFC9
:1067E000FFFFFFFFFFFFFFFFFFFFFFFFFFFFFFFFB9
:1067F000FFFFFFFFFFFFFFFFFFFFFFFFFFFFFFFFA9
:10680000FFFFFFFFFFFFFFFFFFFFFFFFFFFFFFFF98
:10681000FFFFFFFFFFFFFFFFFFFFFFFFFFFFFFFF88
:10682000FFFFFFFFFFFFFFFFFFFFFFFFFFFFFFFF78
:10683000FFFFFFFFFFFFFFFFFFFFFFFFFFFFFFFF68
:10684000FFFFFFFFFFFFFFFFFFFFFFFFFFFFFFFF58
:10685000FFFFFFFFFFFFFFFFFFFFFFFFFFFFFFFF48
:10686000FFFFFFFFFFFFFFFFFFFFFFFFFFFFFFFF38
:10687000FFFFFFFFFFFFFFFFFFFFFFFFFFFFFFFF28
:10688000FFFFFFFFFFFFFFFFFFFFFFFFFFFFFFFF18
:10689000FFFFFFFFFFFFFFFFFFFFFFFFFFFFFFFF08
:1068A000FFFFFFFFFFFFFFFFFFFFFFFFFFFFFFFFF8
:1068B000FFFFFFFFFFFFFFFFFFFFFFFFFFFFFFFFE8
:1068C000FFFFFFFFFFFFFFFFFFFFFFFFFFFFFFFFD8
:1068D000FFFFFFFFFFFFFFFFFFFFFFFFFFFFFFFFC8
:1068E000FFFFFFFFFFFFFFFFFFFFFFFFFFFFFFFFB8
:1068F000FFFFFFFFFFFFFFFFFFFFFFFFFFFFFFFFA8
:10690000FFFFFFFFFFFFFFFF4B4B50505050505019
:106910005050505050505050505050505050505077
:106920005050505050505050505050505050505067
:106930005050505050505050505050505050505057
:106940005050505050505050505050505050505047
:10695000505050504B4BFFFFFFFFFFFFFFFFFFFF6B
:10696000E3E3505050505050505050505050505001
:106970005050505050505050505050505050505017
:106980005050505050505050505050505050505007
:1069900050505050505050505050505050505050F7
:1069A00050505050505050505050505050505050E7
:1069B00050505050505050505050505050505050D7
:1069C00050505050505050505050505050505050C7
:1069D00050505050505050505050505050505050B7
:1069E00050505050505050505050505050505050A7
:1069F0005050505050505050505050505050505097
:106A00005050505050505050505050505050505086
:106A10005050505050505050505050505050505076
:106A20005050505050505050505050505050505066
:106A30005050505050505050505050505050505056
:106A40005050505050505050505050505050505046
:106A50005050505050505050505050509494FFFF50
:106A6000FFFFFFFFFFFFFFFFFFFFFFFFFFFFFFFF36
:106A7000FFFFFFFFFFFFFFFFFFFFFFFF4B4D5052E8
:106A800050525052505250525052505250525052F6
:106A900050525052505250525052505250525052E6
:106AA00050525052505250525052505250525052D6
:106AB00050525052505250525052505250525052C6
:106AC00050525052505250524B4DFFFFFFFFFFFFAC
:106AD000FFFFFFFFE3E350525052505250525052CA
:106AE0005052505250525052505250525052505296
:106AF0005052505250525052505250525052505286
:106B00005052505250525052505250525052505275
:106B10005052505250525052505250525052505265
:106B20005052505250525052505250525052505255
:106B30005052505250525052505250525052505245
:106B40005052505250525052505250525052505235
:106B50005052505250525052505250525052505225
:106B60005052505250525052505250525052505215
:106B70005052505250525052505250525052505205
:106B800050525052505250525052505250525052F5
:106B900050525052505250525052505250525052E5
:106BA00050525052505250525052505250525052D5
:106BB00050525052505250525052505250525052C5
:106BC00050525052505250525052505250525053B4
:106BD0009495FFFFFFFFFFFFFFFFFFFFFFFFFFFF9A
:106BE000FFFFFFFFFFFFFFFFFFFFFFFFFFFFFFFFB5
:106BF000505057565657565756575657565756573A
:106C0000565756575657565756575657565756571C
:106C1000565756575657565756575657565756570C
:106C200056575657565756575657565756575657FC
:106C3000565756575657565756575657565747470B
:106C4000FFFFFFFFFFFFFFFFE6E65556565656567D
:106C500056565656565656565656565656565656D4
:106C600056565656565656565656565656565656C4
:106C700056565656565656565656565656565656B4
:106C800056565656565656565656565656565656A4
:106C90005656565656565656565656565656565694
:106CA0005656565656565656565656565656565684
:106CB0005656565656565656565656565656565674
:106CC0005656565656565656565656565656565664
:106CD0005656565656565656565656565656565654
:106CE0005656565656565656565656565656565644
:106CF0005656565656565656565656565656565634
:106D00005656565656565656565656565656565623
:106D10005656565656565656565656565656565613
:106D20005656565656565656565656565656565603
:106D300056565656565656565656565656565656F3
:106D40005656575757579393FFFFFFFFFFFFFFFF1D
:106D5000FFFFFFFFFFFFFFFFFFFFFFFFFFFFFFFF43
:106D6000FFFFFFFF50525658575957595759575917
:106D70005759575957595759575957595759575993
:106D80005759575957595759575957595759575983
:106D90005759575957595759575957595759575973
:106DA0005759575957595759575957595759575963
:106DB00057594749FFFFFFFFFFFFFFFFE6E5565822
:106DC0005658565856585658565856585658565853
:106DD0005658565856585658565856585658565843
:106DE0005658565856585658565856585658565833
:106DF0005658565856585658565856585658565823
:106E00005658565856585658565856585658565812
:106E10005658565856585658565856585658565802
:106E200056585658565856585658565856585658F2
:106E300056585658565856585658565856585658E2
:106E400056585658565856585658565856585658D2
:106E500056585658565856585658565856585658C2
:106E600056585658565856585658565856585658B2
:106E700056585658565856585658565856585658A2
:106E80005658565856585658565856585658565892
:106E90005658565856585658565856585658565882
:106EA0005658565856585658565856585658565872
:106EB000565856585658575957599394FFFFFFFF45
:106EC000FFFFFFFFFFFFFFFFFFFFFFFFFFFFFFFFD2
:106ED000FFFFFFFFFFFFFFFF51515B5B5F5F5D5CEB
:106EE0005C5B5B5C5C5C5C5B5B5B5C5B5B5B5B5AED
:106EF0005B5A5B5A5A5A59595A5A59595B5A5A5AF3
:106F00005A5B5B5B5B5B5B5B5B5B5B5B5B5B5C5BD1
:106F10005C5C5D5C5C5D5C5C5D5D5D5D5C5D5D5DA8
:106F20005D5D5D5D5E5D5F5EA6A6FFFFFFFFFFFF2F
:106F3000E6E6575756576864676367646764676532
:106F400067646765676568646865686567666866DD
:106F500068666866686668666966696669666966BD
:106F600069676967696769676A676A676A6669679F
:106F70006A6769676A686A676A686A686A686A6885
:106F80006A686A686A686A686A686A686A686A6871
:106F90006A686A686A686A686A686A686A686A6861
:106FA0006A686A686A6869676A686A686A686A6754
:106FB0006968696769676966696769676967696751
:106FC000696669666866686668666966686668664E
:106FD000676567656865686568656865686568644C
:106FE0006765676567656764676567656764676444
:106FF0006765676467646764676467646764676438
:107000006764676467646765676467646765686425
:10701000676568656865686468656765686568660A
:107020006866696669666864666568665152E7E71E
:10703000FFFFFFFFFFFFFFFFFFFFFFFFFFFFFFFF60
:10704000FFFFFFFFFFFFFFFFFFFFFFFF51535B5DF0
:107050005F605C5E5B5E5C5E5C5D5B5D5B5D5B5D63
:107060005B5D5A5D5A5C5A5C5A5C595C5A5C595B70
:107070005A5C5A5C5B5D5B5D5B5D5B5D5B5E5B5F51
:107080005B5E5B5E5C5E5C5D5D5E5C5E5D5F5D5E2F
:107090005D5F5D5F5D5E5D5F5D5F5E60A6A8FFFF3B
:1070A000FFFFFFFFE6E55759575A64626362646366
:1070B0006463656264636563656364626563656395
:1070C0006663666466646663666366646663666474
:1070D000666466646763676367646764676467645C
:1070E000666567656765676468656765686668653E
:1070F0006865686668656865686668666866686623
:10710000686668666866686668666866686668660F
:107110006866686668666866686567666866686502
:1071200068656765686567656765666467656765FF
:1071300067656765666466646664666466646664FB
:1071400066646663656365636563656265636563FD
:1071500065626463656365636562646265626563F5
:1071600064636463656264626462646264626462EC
:1071700064626463646264626462656264626462DD
:1071800065636463656365636562646365636563C2
:1071900065636663666366646663646065606660B3
:1071A0005257E7E6FFFFFFFFFFFFFFFFFFFFFFFF75
:1071B000FFFFFFFFFFFFFFFFFFFFFFFFFFFFFFFFDF
:1071C00051515B5BDCD8CFCDCBCBC8C5C4C2C2C0EC
:1071D000BDBCB9B7B4B4B1B0ADADA8A7A4A39F9ED0
:1071E0009B9A9695929299999FA0A3A4A8AAADAFB5
:1071F000B0B2B3B6B5B6B7BABABDBFC0C1C2C4C4E7
:10720000C6C6CBCBCCCDCFCFD3D1D5D2D6D5D6D485
:10721000A6A6FFFFFFFFFFFFE6E657575254C181C6
:10722000BC81C186C489C58BC98DCB92CE95D096C1
:10723000D399D59CD89DDBA0DFA4E0A6E3A9E6AC5A
:10724000E8AEEAB1EDB2EEB5F0B6F2B8F4BAF4BB1E
:10725000F6BEF6BEF7C0F7C1F8C4F8C5F9C6F9C85E
:10726000FAC9FACAFACAFACAFACBFBCCFBCCFBCCF5
:10727000FBCDFBCDFBCDFBCDFBCDFBCDFBCDFBCDCE
:10728000FBCDFBCDFBCDFBCDFACCFACBF9CAF8C9CF
:10729000F8C9F7C7F6C6F5C5F4C3F2C1F1BFEFBD33
:1072A000EDBBECB9EAB7E9B7E6B3E4B1E1ACE0AA0B
:1072B000DEA7DDA7DBA5DAA3D89FD79ED59CD49AFD
:1072C000D398D196D195CF93CE94CD90CD8FCB8FAF
:1072D000CA8CC98DC88AC889C687C586C585C48633
:1072E000C485C383C383C383C484C484C585C6865D
:1072F000C789C88AC98ACB8ECD90CE91D293D396B6
:10730000D59BD79CDB9FDEA3E1A8E6ACE9B0EDB549
:10731000F2BBA08C9595FFFFFFFFFFFFFFFFFFFF74
:10732000FFFFFFFFFFFFFFFFFFFFFFFFFFFFFFFF6D
:10733000FFFFFFFF51535B5DD8D6CDCACBC9C5C592
:10734000C2C1C0BEBCBAB7B6B4B4B0B0ADADA7A6EA
:10735000A3A29E9F9A9B95969293999DA0A4A4AA5E
:10736000AAB2AFB7B2BCB6C1B6C2BAC5BDC7C0C972
:10737000C2CAC4CCC6CDCBD1CDD1CFD4D1D5D2D534
:10738000D5D7D4D6A6A8FFFFFFFFFFFFE6E55759E4
:10739000545B8127812D862F89308B318D33923438
:1073A0009533963699379C399D3AA03BA43AA63D31
:1073B000A93EAC40AE42B143B245B545B646B8472A
:1073C000BA48BB49BE4DBE52C056C159C45CC56027
:1073D000C660C862C966CA68CA69CA6ACB6ACC6C28
:1073E000CC6DCC6ECD6DCD6FCD6FCD6FCD6ECD70C4
:1073F000CD70CD70CD70CD70CD6FCD6FCC6ECB6DAF
:10740000CA6CC96BC96AC767C667C565C364C16111
:10741000BF5EBD5DBB5BB958B756B753B351B14DF5
:10742000AC4AAA46A743A740A53FA33E9F3C9E3C2B
:107430009C3A9A39983896379536933594349033E8
:107440008F328F318C318D308A2F892E872D862D6A
:10745000852C862C852B832B832B832A842A842BB3
:10746000852C862C892C8A2D8A2E8E2C902F91305B
:10747000933196329B349C359F36A339A83AAC3B66
:10748000B03EB541BB448C619596FFFFFFFFFFFF07
:10749000FFFFFFFFFFFFFFFFFFFFFFFFFFFFFFFFFC
:1074A000FFFFFFFFFFFFFFFF50505B5BDFDDD3D02F
:1074B000D0CDCBC9C8C7C6C3C1C0BDBBB9B9B5B4AF
:1074C000B2B1ACABA9A7A4A29F9E9A9A96959393AA
:1074D000999B9FA0A6A6A8AAADAFB1B3B4B6B4B706
:1074E000B8BABCBDBEC0C1C3C5C5C8C8CACACECD66
:1074F000D1CFD4D2D4D3D3D2A6A6FFFFFFFFFFFFB4
:10750000E6E657575254C181BD81C186C489C68CF5
:10751000CA8DCC92CF95D096D399D59DD99DDCA01C
:10752000DFA5E1A6E4AAE7ADE9AEEBB2EEB2EEB6B6
:10753000F0B6F2B8F5BBF4BCF7BEF6BEF8C0F7C1C2
:10754000F9C5F8C6FAC6FAC9FBCAFBCBFBCBFBCA26
:10755000FBCCFCCDFCCDFCCDFCCEFCCEFCCEFCCEE1
:10756000FCCEFCCEFCCEFCCEFCCEFCCEFCCEFCCECB
:10757000FBCDFBCBFACAF8C9F9CAF8C7F7C7F6C6FC
:10758000F5C4F3C2F2BFEFBDEDBBEDBAEBB8EAB79D
:10759000E7B2E5AFE3AEE1AADFA7DEA7DCA5DBA398
:1075A000D89FD89FD59CD49AD398D197D296CF9371
:1075B000CE94CD90CE90CC8FCB8DC98DC88BC98AFF
:1075C000C687C586C685C586C585C484C484C3836D
:1075D000C585C585C686C786C889C98AC98BCC8E2C
:1075E000CE90CE92D393D396D59BD79DDC9FDFA32D
:1075F000E1A9E7ADE9B0EDB5E2B35252FFFFFFFFFD
:10760000FFFFFFFFFFFFFFFFFFFFFFFFFFFFFFFF8A
:10761000FFFFFFFFFFFFFFFFFFFFFFFF50535B5D1B
:10762000DDD9D0CDCDCAC9C7C7C3C3C2C0BEBBBADE
:10763000B9B7B4B3B1B1ABABA7A7A2A39E9E9A99B9
:10764000959693949B9EA0A5A6ACAAB2AFB8B3BDE5
:10765000B6C1B7C3BAC5BDC8C0CAC3CDC5CDC8CEF3
:10766000CAD0CDD2CFD5D2D6D3D7D2D4A6A8FFFFF9
:10767000FFFFFFFFE6E55759545B8127812D862FD9
:1076800089308C318D3392349533963599369D39C6
:107690009D3AA03BA53AA63CAA3DAD40AE42B243BE
:1076A000B245B645B645B846BB47BC48BE4CBE52CF
:1076B000C056C158C55BC660C660C962CA66CB68A1
:1076C000CB69CA6ACC6ACD6BCD6DCD6ECE6DCE6FF7
:1076D000CE6FCE6FCE6ECE70CE70CE70CE70CE70BE
:1076E000CE6FCE6FCD6ECB6CCA6BC96BCA6AC767E3
:1076F000C767C665C464C261BF5EBD5DBB5BBA5887
:10770000B856B753B250AF4BAE4AAA45A743A740AD
:10771000A53FA33E9F3B9F3C9C3A9A3898389737A9
:10772000963593349434903390318F308D318D3041
:107730008B2F8A2D872C862D852B862C852B842BB1
:10774000842B83298529852B862C862C892B8A2DB1
:107750008B2E8E2C902F9230933196329B349D3508
:107760009F36A339A93AAD3BB03EB541B350525410
:10777000FFFFFFFFFFFFFFFFFFFFFFFFFFFFFFFF19
:10778000FFFFFFFFFFFFFFFFFFFFFFFFFFFFFFFF09
:1077900053535B5BE3E2D7D4D4D0D0CDCBC9C8C6BA
:1077A000C4C3C1C0BDBBB9B7B5B4B1B0ADADA8A776
:1077B000A4A29F9E9A9A969593939A9A9FA0A5A603
:1077C000A8AAADAFB1B3B4B6B5B7B8B9BCBCBFC069
:1077D000C1C3C5C5C7C7CBCBCECDD1D0D4D1D1D0F5
:1077E000A6A6FFFFFFFFFFFFE6E657575254C181F1
:1077F000BD81C186C489C68CCA8DCC92CF95D096E6
:10780000D399D59DD99DDCA0DFA5E1A6E4AAE7AD7B
:10781000E9AEEBB2EEB2EEB6F0B6F2B8F5BBF4BC40
:10782000F7BEF6BEF8C0F7C1F9C5F8C6FAC6FAC980
:10783000FBCAFBCBFBCBFBCAFBCCFCCDFCCDFCCD10
:10784000FCCEFCCEFCCEFCCEFCCEFCCEFCCEFCCEE8
:10785000FCCEFCCEFCCEFCCEFBCDFBCBFACAF8C9ED
:10786000F9CAF8C7F7C7F6C6F5C4F3C2F2BFEFBD51
:10787000EDBBEDBAEBB8EAB6E7B2E5AFE3AEE1AA2D
:10788000DFA7DEA7DCA5DBA3D89FD89FD59CD49A21
:10789000D398D197D296CF93CE94CD90CE90CC8FD3
:1078A000CB8DC98DC88BC98AC687C586C685C58656
:1078B000C585C484C484C383C585C585C686C7867B
:1078C000C889C98AC98BCC8ECE90CE92D393D396D9
:1078D000D59BD79DDC9FDFA3E1A9E7ADE9B0FFC150
:1078E0003738FFFFFFFFFFFFFFFFFFFFFFFFFFFF37
:1078F000FFFFFFFFFFFFFFFFFFFFFFFFFFFFFFFF98
:10790000FFFFFFFF53555B5DE2DCD4D1D0CDCDCA84
:10791000C9C7C6C4C3C0C0BEBBBBB7B7B4B4B0B0A0
:10792000ADADA7A7A2A39E9E9A9A959693949A9E70
:10793000A0A4A6ACAAB1AFB8B3BDB6C1B7C3B9C60F
:10794000BCC8C0CAC3CCC5CDC7CECBD1CDD2D0D494
:10795000D1D5D0D3A6A8FFFFFFFFFFFFE6E557591B
:10796000545B8127812D862F89308C318D33923461
:107970009533963599369D399D3AA03BA53AA63C5C
:10798000AA3DAD40AE42B243B245B645B645B84653
:10799000BB47BC48BE4CBE52C056C158C55BC66052
:1079A000C660C962CA66CB68CB69CA6ACC6ACD6B4D
:1079B000CD6DCD6ECE6DCE6FCE6FCE6FCE6ECE70E6
:1079C000CE70CE70CE70CE70CE6FCE6FCD6ECB6CD3
:1079D000CA6BC96BCA6AC767C767C665C464C26138
:1079E000BF5EBD5DBB5BBA58B855B653B250AF4B26
:1079F000AE4AAA45A743A740A53FA33E9F3B9F3C55
:107A00009C3A9A3898389737963593349434903313
:107A100090318F308D318D308B2F8A2D872C862D94
:107A2000852B862C852B842B842B83298529852BDC
:107A3000862C862C892B8A2D8B2E8E2C902F923083
:107A4000933196329B349D359F36A339A93AAD3B8D
:107A5000B03EC13D383EFFFFFFFFFFFFFFFFFFFFCE
:107A6000FFFFFFFFFFFFFFFFFFFFFFFFFFFFFFFF26
:107A7000FFFFFFFFFFFFFFFF53535B5BE7E3DAD737
:107A8000D6D4D3D0CFCDCBC9C9C6C5C3C1BFBDBB6A
:107A9000B9B8B5B3B1B0ACABA7A6A3A29E9D9A9A54
:107AA000969493939A9AA1A2A5A7A9AAADB0B1B3AF
:107AB000B3B6B4B8B9BABCBDBFC0C1C3C5C5C8C8E8
:107AC000CBCBCECED1D0CFCEA6A6FFFFFFFFFFFF00
:107AD000E6E657575254C181BD81C186C489C68C20
:107AE000CA8DCC92CF95D096D399D59DD99DDCA047
:107AF000DFA5E1A6E4AAE7ADE9AEEBB2EEB2EEB6E1
:107B0000F0B6F2B8F5BBF4BCF7BEF6BEF8C0F7C1EC
:107B1000F9C5F8C6FAC6FAC9FBCAFBCBFBCBFBCA50
:107B2000FBCCFCCDFCCDFCCDFCCEFCCEFCCEFCCE0B
:107B3000FCCEFCCEFCCEFCCEFCCEFCCEFCCEFCCEF5
:107B4000FBCDFBCBFACAF8C9F9CAF8C7F7C7F6C626
:107B5000F5C4F3C2F2BFF0BDEDBCEBB8EBB8EAB6CA
:107B6000E7B2E5AFE3AEE1AADFA7DEA7DCA5DBA3C2
:107B7000D89FD89FD59CD49AD398D197D296CF939B
:107B8000CE94CD90CE90CC8FCB8DC98DC88BC98A29
:107B9000C687C586C685C586C585C484C484C38397
:107BA000C585C585C686C786C889C98AC98BCC8E56
:107BB000CE90CE92D393D396D59BD79DDC9FDFA357
:107BC000E1A9E7ADFEBD3339FFFFFFFFFFFFFFFF78
:107BD000FFFFFFFFFFFFFFFFFFFFFFFFFFFFFFFFB5
:107BE000FFFFFFFFFFFFFFFFFFFFFFFF53555B5D41
:107BF000E3DED7D3D4D0D0CDCDCAC9C7C6C3C3C1A5
:107C0000BFBDBBBAB8B7B3B4B0B0ABABA6A6A2A267
:107C10009D9E9A9A949593959A9FA2A6A7ADAAB273
:107C2000B0B9B3BEB6C1B8C3BAC6BDC8C0CAC3CB6B
:107C3000C5CDC8CECBD1CED3D0D4CED2A6A8FFFF4F
:107C4000FFFFFFFFE6E55759545B8127812D862F03
:107C500089308C318D3392349533963599369D39F0
:107C60009D3AA03BA53AA63CAA3DAD40AE42B243E8
:107C7000B245B645B645B846BB47BC48BE4CBE52F9
:107C8000C056C158C55BC660C660C962CA66CB68CB
:107C9000CB69CA6ACC6ACD6BCD6DCD6ECE6DCE6F21
:107CA000CE6FCE6FCE6ECE70CE70CE70CE70CE70E8
:107CB000CE6FCE6FCD6ECB6CCA6BC96BCA6AC7670D
:107CC000C767C665C464C261BF5EBD5DBC5AB858B3
:107CD000B856B653B250AF4BAE4AAA45A743A740D9
:107CE000A53FA33E9F3B9F3C9C3A9A3898389737D4
:107CF000963593349434903390318F308D318D306C
:107D00008B2F8A2D872C862D852B862C852B842BDB
:107D1000842B83298529852B862C862C892B8A2DDB
:107D20008B2E8E2C902F9230933196329B349D3532
:107D30009F36A339A93AAD3BBD363947FFFFFFFF58
:107D4000FFFFFFFFFFFFFFFFFFFFFFFFFFFFFFFF43
:107D5000FFFFFFFFFFFFFFFFFFFFFFFFFFFFFFFF33
:107D600053535B5BE9E7DDDAD9D7D6D4D3CFCFCC99
:107D7000CAC8C8C6C5C4C0BFBDBBB8B7B5B5B0AE2C
:107D8000ABAAA7A6A3A29F9E9999959494949B9C15
:107D9000A1A1A5A7A9ABADB0B2B4B3B6B5B7B9BAF6
:107DA000BCBDBFC1C2C3C5C6C9C9CCCCCFCDCDCC6B
:107DB000A6A6FFFFFFFFFFFFE6E657575254C1811B
:107DC000BD81C186C489C68CCA8DCC92CF95D09610
:107DD000D399D59DD99DDCA0DFA5E1A6E4AAE7ADA6
:107DE000E9AEEBB2EEB2EEB6F0B6F2B8F5BBF4BC6B
:107DF000F7BEF6BEF8C0F7C1F9C5F8C6FAC6FAC9AB
:107E0000FBCAFBCBFBCBFBCAFBCCFCCDFCCDFCCD3A
:107E1000FCCEFCCEFCCEFCCEFCCEFCCEFCCEFCCE12
:107E2000FCCEFCCEFCCEFCCEFBCDFBCBFACAF8C917
:107E3000F9CAF8C7F7C7F6C6F5C4F3C2F0C0F0BE7A
:107E4000EDBCEBB8EBB8EAB6E7B2E5AFE3AEE1AA5A
:107E5000DFA7DEA7DCA5DBA3D89FD89FD59CD49A4B
:107E6000D398D197D296CF93CE94CD90CE90CC8FFD
:107E7000CB8DC98DC88BC98AC687C586C685C58680
:107E8000C585C484C484C383C585C585C686C786A5
:107E9000C889C98AC98BCC8ECE90CE92D393D39603
:107EA000D59BD79DDC9FDFA3E1A9EEB03D45FFFF49
:107EB000FFFFFFFFFFFFFFFFFFFFFFFFFFFFFFFFD2
:107EC000FFFFFFFFFFFFFFFFFFFFFFFFFFFFFFFFC2
:107ED000FFFFFFFF53555B5DE7E2DAD6D7D4D4D07E
:107EE000CFCCCCC9C8C6C6C4C4C0BFBEBBBAB7B667
:107EF000B5B3AEAEAAAAA6A6A2A29E9E999A949542
:107F000094969C9FA1A6A7ADABB2B0B9B4BEB6C2C1
:107F1000B7C4BAC6BDC8C1CBC3CDC6CEC9CECCD2FC
:107F2000CDD2CCD1A6A9FFFFFFFFFFFFE6E5575951
:107F3000545B8127812D862F89308C318D3392348B
:107F40009533963599369D399D3AA03BA53AA63C86
:107F5000AA3DAD40AE42B243B245B645B645B8467D
:107F6000BB47BC48BE4CBE52C056C158C55BC6607C
:107F7000C660C962CA66CB68CB69CA6ACC6ACD6B77
:107F8000CD6DCD6ECE6DCE6FCE6FCE6FCE6ECE7010
:107F9000CE70CE70CE70CE70CE6FCE6FCD6ECB6CFD
:107FA000CA6BC96BCA6AC767C767C665C464C26162
:107FB000C05FBE5DBC5BB858B856B653B250AF4B4D
:107FC000AE4AAA45A743A740A53FA33E9F3B9F3C7F
:107FD0009C3A9A389838973796359334943490333E
:107FE00090318F308D318D308B2F8A2D872C862DBF
:107FF000852B862C852B842B842B83298529852B07
:10800000862C862C892B8A2D8B2E8E2C902F9230AD
:10801000933196329B349D359F36A339A93AB037B8
:108020004558FFFFFFFFFFFFFFFFFFFFFFFFFFFFC1
:10803000FFFFFFFFFFFFFFFFFFFFFFFFFFFFFFFF50
:10804000FFFFFFFFFFFFFFFF52525A5AECE8DFDE4F
:10805000DDDAD9D7D6D3D3D0CFCCCBC9C7C5C5C32A
:10806000C1C0BCBBB9B8B4B3AFAEACABA7A6A3A1FB
:108070009E9D9A99949395959B9BA1A3A6A6A9AB27
:10808000AEB0B2B4B4B7B5B8B9BABCBDC0C1C2C362
:10809000C6C6C9C9CCCCCACAA6A6FFFFFFFFFFFF50
:1080A000E4E457575053C181BC81C186C489C58B54
:1080B000CA8DCB92CE95D096D399D59CD89DDCA075
:1080C000DFA4E0A6E3A9E6ADE8AEEAB2EDB2EEB514
:1080D000F0B6F2B8F4BAF4BBF6BEF6BEF7C0F7C11C
:1080E000F8C5F8C5F9C6F9C8FAC9FACAFACAFACA87
:1080F000FACBFBCCFBCCFBCCFBCDFBCDFBCDFBCD46
:10810000FBCDFBCDFBCDFBCDFBCDFBCDFBCDFBCD2F
:10811000FACCFACBF9CAF8C9F8C9F7C7F6C6F5C65A
:10812000F3C2F2C2F1BFEFBDEDBBEBB8EAB7E9B500
:10813000E6B2E4AFE2ADE0AADEA7DEA7DBA5DAA3F4
:10814000D89FD79ED59CD49AD398D196D195CF93CA
:10815000CE94CD90CD8FCB8FCA8CC98DC88AC8895B
:10816000C687C586C585C486C485C384C384C383C6
:10817000C484C484C585C786C889C98AC98BCC8E86
:10818000CE90CE92D393D396D59BD79DDC9FDFA381
:10819000E3A9575AEEEEFFFFFFFFFFFFFFFFFFFFD0
:1081A000FFFFFFFFFFFFFFFFFFFFFFFFFFFFFFFFDF
:1081B000FFFFFFFFFFFFFFFFFFFFFFFF52545A5C6F
:1081C000E8E4DED8DAD6D7D3D3D0D0CDCCC9C9C76E
:1081D000C5C3C3C0C0BDBBB9B8B6B3B2AEAEABAB1E
:1081E000A6A6A1A29D9E9999939495969BA0A3A7BC
:1081F000A6ACABB4B0B8B4BEB7C2B8C4BAC6BDC8FA
:10820000C1CAC3CCC6CEC9CFCCD2CACFA6A9FFFFA4
:10821000FFFFFFFFE4E45759535A8127812D862F32
:1082200089308B318D3392349533963699379C391A
:108230009D3AA03BA43AA63DA93EAD40AE42B24312
:10824000B245B545B646B847BA48BB48BE4DBE5222
:10825000C056C159C55CC560C660C862C966CA68F7
:10826000CA69CA6ACB6ACC6BCC6DCC6ECD6DCD6F52
:10827000CD6FCD6FCD6ECD70CD70CD70CD70CD701A
:10828000CD6FCD6FCC6ECB6CCA6BC96BC96AC7673B
:10829000C667C665C262C261BF5FBD5DBB5BB858E1
:1082A000B756B553B250AF4BAD4AAA46A743A74005
:1082B000A53FA33E9F3C9E3C9C3A9A3998389637FE
:1082C00095369335943490338F328F318C318D3095
:1082D0008A2F892E872D862D852C862C852B842B05
:1082E000842B832A842A842B852C862C892B8A2D07
:1082F0008B2E8E2C902F9230933196329B349D355D
:108300009F36A339A9385A61EEEFFFFFFFFFFFFF49
:10831000FFFFFFFFFFFFFFFFFFFFFFFFFFFFFFFF6D
:10832000FFFFFFFFFFFFFFFFFFFFFFFFFFFFFFFF5D
:10833000F7F75F5F9A9A9594949393919190908FA9
:108340008E8D8C8B8B89898887878686A5A4B8B704
:10835000B4B3AFAEABAAA7A5A3A29E9D9C9B71711F
:108360007373767679797A7A7B7C7D7F7F80808162
:10837000818283838485868687878888898989899D
:10838000A6A6FFFFFFFFFFFFFFFFA6A654557C69CF
:108390007A687A6A7C6A7C6B7C6C7D6D7E6E7F6F9E
:1083A000806F81718272837284738473867586761E
:1083B0008776877788788879897989798A7A8A7AB5
:1083C0008B7B8B7B8B7C8B7D8C7E8C7E8C7E8C7E6A
:1083D0008B7F8B7F8B7F8B7F8B7F8D7F8D7F8D7F47
:1083E0008D7F8D7F8D7F8D7F8D7F8D7F8D7F8D7F2D
:1083F0008D7F8D7F8D7F8D7F8B7F8B7F8B7F8C7F24
:108400008C7F8C7E8B7E8A7E8A7D897C897C8A7B30
:10841000897B887A87798779867886778576857665
:1084200084758474837382728271817281708170A9
:10843000806F806F7F6F7F6F7E6F7E6E7E6D7D6DD4
:108440007D6C7D6C7E6B7E6B7D6B7D6A7D6A7C69ED
:108450007C697C697C697C697C697C697D6AD28D78
:10846000C889C98AC98BCC8ECE90CE92D393D3962D
:10847000D59BD79DDC9FDEA38F7DA0A0FFFFFFFFD4
:10848000FFFFFFFFFFFFFFFFFFFFFFFFFFFFFFFFFC
:10849000FFFFFFFFFFFFFFFFFFFFFFFFFFFFFFFFEC
:1084A000FFFFFFFFF7F75F619A9994939392919181
:1084B00090908F8E8D8C8B8B898988898788868612
:1084C000A4A5B7B6B3B2AEAEAAAAA5A5A2A29D9E18
:1084D0009B9C717273757679797B7A7F7C817F85BD
:1084E0008086818882898389858A868B878C888D1E
:1084F000898D898DA6A9FFFFFFFFFFFFFFFFA6A7BC
:108500005558694E68506A516A536B526C536D5599
:108510006E556F556F557156725672577358735822
:1085200075597659765A775B785A795C795C795BBC
:108530007A5D7A5C7B5E7B5F7C607D617E617E6361
:108540007E637E647F647F647F657F657F667F6511
:108550007F667F677F677F667F667F667F667F66F1
:108560007F667F667F667F667F667F667F677F65E3
:108570007F667F667F657E647E657E637D647C63E7
:108580007C627B627B617A60795F795F785D775D21
:10859000765C765B755A7459735872587157725776
:1085A000705670566F566F556F556F556F546E54A9
:1085B0006D536D536C536C536B526B516B516A51CD
:1085C0006A506950695069506950695069506950E2
:1085D0006A528D29892B8A2D8B2E8E2C902F9230CA
:1085E000933196329B349D359F36A3397D5AA0A195
:1085F000FFFFFFFFFFFFFFFFFFFFFFFFFFFFFFFF8B
:10860000FFFFFFFFFFFFFFFFFFFFFFFFFFFFFFFF7A
:10861000FFFFFFFFFFFFFFFFFFFFFFFFFFFFFFFF6A
:10862000FFFFFFFFFFFFFFFFFFFFFFFFFFFFFFFF5A
:1086300049495A5A9392BCBAB8B7B4B3AFAEAAA9D3
:10864000A6A5A2A1A4A25252FFFFFFFFFFFFFFFFBA
:10865000FFFFFFFFFFFFFFFFFFFFFFFFFFFFFFFF2A
:10866000FFFFFFFFFFFFFFFFFFFFFFFFFFFFFFFF1A
:10867000FFFFFFFFFFFFFFFFFFFFFFFFFFFFFFFF0A
:10868000FFFFFFFFFFFFFFFFFFFFFFFFFFFFFFFFFA
:10869000FFFFFFFFFFFFFFFFFFFFFFFFFFFFFFFFEA
:1086A000FFFFFFFFFFFFFFFFFFFFFFFFFFFFFFFFDA
:1086B000FFFFFFFFFFFFFFFFFFFFFFFFFFFFFFFFCA
:1086C000FFFFFFFFFFFFFFFFFFFFFFFFFFFFFFFFBA
:1086D000FFFFFFFFFFFFFFFFFFFFFFFFFFFFFFFFAA
:1086E000FFFFFFFFFFFFFFFFFFFFFFFFFFFFFFFF9A
:1086F000FFFFFFFFFFFFFFFFFFFFFFFFFFFFFFFF8A
:10870000FFFFFFFFFFFFFFFFFFFFFFFFFFFFFFFF79
:10871000FFFFFFFFFFFFFFFFFFFFFFFFFFFFFFFF69
:10872000FFFFFFFFFFFFFFFFFFFFFFFFFFFFFFFF59
:10873000FFFFFFFFFFFFFFFFFFFFFFFFFFFFFFFF49
:10874000FFFFFFFFC1C14A51D08BC98AC98BCC8EB4
:10875000CE90CE92D393D396D59BD79DDC9FC99CC8
:108760006060FFFFFFFFFFFFFFFFFFFFFFFFFFFF57
:10877000FFFFFFFFFFFFFFFFFFFFFFFFFFFFFFFF09
:10878000FFFFFFFFFFFFFFFFFFFFFFFFFFFFFFFFF9
:10879000FFFFFFFFFFFFFFFFFFFFFFFFFFFFFFFFE9
:1087A000FFFFFFFF494B5A5C9293BABAB7B6B3B218
:1087B000AEAEA9A9A5A6A1A2A2A35254FFFFFFFF96
:1087C000FFFFFFFFFFFFFFFFFFFFFFFFFFFFFFFFB9
:1087D000FFFFFFFFFFFFFFFFFFFFFFFFFFFFFFFFA9
:1087E000FFFFFFFFFFFFFFFFFFFFFFFFFFFFFFFF99
:1087F000FFFFFFFFFFFFFFFFFFFFFFFFFFFFFFFF89
:10880000FFFFFFFFFFFFFFFFFFFFFFFFFFFFFFFF78
:10881000FFFFFFFFFFFFFFFFFFFFFFFFFFFFFFFF68
:10882000FFFFFFFFFFFFFFFFFFFFFFFFFFFFFFFF58
:10883000FFFFFFFFFFFFFFFFFFFFFFFFFFFFFFFF48
:10884000FFFFFFFFFFFFFFFFFFFFFFFFFFFFFFFF38
:10885000FFFFFFFFFFFFFFFFFFFFFFFFFFFFFFFF28
:10886000FFFFFFFFFFFFFFFFFFFFFFFFFFFFFFFF18
:10887000FFFFFFFFFFFFFFFFFFFFFFFFFFFFFFFF08
:10888000FFFFFFFFFFFFFFFFFFFFFFFFFFFFFFFFF8
:10889000FFFFFFFFFFFFFFFFFFFFFFFFFFFFFFFFE8
:1088A000FFFFFFFFFFFFFFFFFFFFFFFFFFFFFFFFD8
:1088B000FFFFFFFFFFFFFFFFC1C1515E8B248A2D29
:1088C0008B2E8E2C902F9230933196329B349D3587
:1088D0009F369C486062FFFFFFFFFFFFFFFFFFFF27
:1088E000FFFFFFFFFFFFFFFFFFFFFFFFFFFFFFFF98
:1088F000FFFFFFFFFFFFFFFFFFFFFFFFFFFFFFFF88
:10890000FFFFFFFFFFFFFFFFFFFFFFFFFFFFFFFF77
:10891000FFFFFFFFFFFFFFFF48485A5A9495BFBF74
:10892000BBBBB7B6B3B2AFAEAAA9A6A5A8A753530F
:10893000FFFFFFFFFFFFFFFFFFFFFFFFFFFFFFFF47
:10894000FFFFFFFFFFFFFFFFFFFFFFFFFFFFFFFF37
:10895000FFFFFFFFFFFFFFFFFFFFFFFFFFFFFFFF27
:10896000FFFFFFFFFFFFFFFFFFFFFFFFFFFFFFFF17
:10897000FFFFFFFFFFFFFFFFFFFFFFFFFFFFFFFF07
:10898000FFFFFFFFFFFFFFFFFFFFFFFFFFFFFFFFF7
:10899000FFFFFFFFFFFFFFFFFFFFFFFFFFFFFFFFE7
:1089A000FFFFFFFFFFFFFFFFFFFFFFFFFFFFFFFFD7
:1089B000FFFFFFFFFFFFFFFFFFFFFFFFFFFFFFFFC7
:1089C000FFFFFFFFFFFFFFFFFFFFFFFFFFFFFFFFB7
:1089D000FFFFFFFFFFFFFFFFFFFFFFFFFFFFFFFFA7
:1089E000FFFFFFFFFFFFFFFFFFFFFFFFFFFFFFFF97
:1089F000FFFFFFFFFFFFFFFFFFFFFFFFFFFFFFFF87
:108A0000FFFFFFFFFFFFFFFFFFFFFFFFFFFFFFFF76
:108A1000FFFFFFFFFFFFFFFFFFFFFFFFFFFFFFFF66
:108A2000FFFFFFFFFFFFFFFFFFFFFFFFFFFF666688
:108A30005A5ACA8AC98BCC8ECE90CE92D393D396F3
:108A4000D59BD79DE9A83E3FFFFFFFFFFFFFFFFF3C
:108A5000FFFFFFFFFFFFFFFFFFFFFFFFFFFFFFFF26
:108A6000FFFFFFFFFFFFFFFFFFFFFFFFFFFFFFFF16
:108A7000FFFFFFFFFFFFFFFFFFFFFFFFFFFFFFFF06
:108A8000FFFFFFFFFFFFFFFFFFFFFFFF484A5A5CAA
:108A90009594BFBCBBB9B6B5B2B1AEAEA9A9A5A6F7
:108AA000A7A75355FFFFFFFFFFFFFFFFFFFFFFFFDC
:108AB000FFFFFFFFFFFFFFFFFFFFFFFFFFFFFFFFC6
:108AC000FFFFFFFFFFFFFFFFFFFFFFFFFFFFFFFFB6
:108AD000FFFFFFFFFFFFFFFFFFFFFFFFFFFFFFFFA6
:108AE000FFFFFFFFFFFFFFFFFFFFFFFFFFFFFFFF96
:108AF000FFFFFFFFFFFFFFFFFFFFFFFFFFFFFFFF86
:108B0000FFFFFFFFFFFFFFFFFFFFFFFFFFFFFFFF75
:108B1000FFFFFFFFFFFFFFFFFFFFFFFFFFFFFFFF65
:108B2000FFFFFFFFFFFFFFFFFFFFFFFFFFFFFFFF55
:108B3000FFFFFFFFFFFFFFFFFFFFFFFFFFFFFFFF45
:108B4000FFFFFFFFFFFFFFFFFFFFFFFFFFFFFFFF35
:108B5000FFFFFFFFFFFFFFFFFFFFFFFFFFFFFFFF25
:108B6000FFFFFFFFFFFFFFFFFFFFFFFFFFFFFFFF15
:108B7000FFFFFFFFFFFFFFFFFFFFFFFFFFFFFFFF05
:108B8000FFFFFFFFFFFFFFFFFFFFFFFFFFFFFFFFF5
:108B9000FFFFFFFFFFFFFFFFFFFFFFFFFFFFFFFFE5
:108BA000FFFF66695A5C8A2C8B2E8E2C902F923098
:108BB000933196329B349D35A8353F43FFFFFFFF2D
:108BC000FFFFFFFFFFFFFFFFFFFFFFFFFFFFFFFFB5
:108BD000FFFFFFFFFFFFFFFFFFFFFFFFFFFFFFFFA5
:108BE000FFFFFFFFFFFFFFFFFFFFFFFFFFFFFFFF95
:108BF000FFFFFFFFFFFFFFFFFFFFFFFFFFFFFFFF85
:108C000048485A5A9795C3C1BFBEBBBAB7B6B3B2AC
:108C1000AFADABAAACAC6262FFFFFFFFFFFFFFFF8F
:108C2000FFFFFFFFFFFFFFFFFFFFFFFFFFFFFFFF54
:108C3000FFFFFFFFFFFFFFFFFFFFFFFFFFFFFFFF44
:108C4000FFFFFFFFFFFFFFFFFFFFFFFFFFFFFFFF34
:108C5000FFFFFFFFFFFFFFFFFFFFFFFFFFFFFFFF24
:108C6000FFFFFFFFFFFFFFFFFFFFFFFFFFFFFFFF14
:108C7000FFFFFFFFFFFFFFFFFFFFFFFFFFFFFFFF04
:108C8000FFFFFFFFFFFFFFFFFFFFFFFFFFFFFFFFF4
:108C9000FFFFFFFFFFFFFFFFFFFFFFFFFFFFFFFFE4
:108CA000FFFFFFFFFFFFFFFFFFFFFFFFFFFFFFFFD4
:108CB000FFFFFFFFFFFFFFFFFFFFFFFFFFFFFFFFC4
:108CC000FFFFFFFFFFFFFFFFFFFFFFFFFFFFFFFFB4
:108CD000FFFFFFFFFFFFFFFFFFFFFFFFFFFFFFFFA4
:108CE000FFFFFFFFFFFFFFFFFFFFFFFFFFFFFFFF94
:108CF000FFFFFFFFFFFFFFFFFFFFFFFFFFFFFFFF84
:108D0000FFFFFFFFFFFFFFFFFFFFFFFFFFFFFFFF73
:108D1000FFFFFFFFFFFFFFFF4141977AC98ACC8E1B
:108D2000CE90CE92D393D396D59BE9A4383DFFFF46
:108D3000FFFFFFFFFFFFFFFFFFFFFFFFFFFFFFFF43
:108D4000FFFFFFFFFFFFFFFFFFFFFFFFFFFFFFFF33
:108D5000FFFFFFFFFFFFFFFFFFFFFFFFFFFFFFFF23
:108D6000FFFFFFFFFFFFFFFFFFFFFFFFFFFFFFFF13
:108D7000FFFFFFFF484A5A5C9598C1BFBEBCBAB915
:108D8000B6B5B2B2ADADAAAAACAC6264FFFFFFFF4C
:108D9000FFFFFFFFFFFFFFFFFFFFFFFFFFFFFFFFE3
:108DA000FFFFFFFFFFFFFFFFFFFFFFFFFFFFFFFFD3
:108DB000FFFFFFFFFFFFFFFFFFFFFFFFFFFFFFFFC3
:108DC000FFFFFFFFFFFFFFFFFFFFFFFFFFFFFFFFB3
:108DD000FFFFFFFFFFFFFFFFFFFFFFFFFFFFFFFFA3
:108DE000FFFFFFFFFFFFFFFFFFFFFFFFFFFFFFFF93
:108DF000FFFFFFFFFFFFFFFFFFFFFFFFFFFFFFFF83
:108E0000FFFFFFFFFFFFFFFFFFFFFFFFFFFFFFFF72
:108E1000FFFFFFFFFFFFFFFFFFFFFFFFFFFFFFFF62
:108E2000FFFFFFFFFFFFFFFFFFFFFFFFFFFFFFFF52
:108E3000FFFFFFFFFFFFFFFFFFFFFFFFFFFFFFFF42
:108E4000FFFFFFFFFFFFFFFFFFFFFFFFFFFFFFFF32
:108E5000FFFFFFFFFFFFFFFFFFFFFFFFFFFFFFFF22
:108E6000FFFFFFFFFFFFFFFFFFFFFFFFFFFFFFFF12
:108E7000FFFFFFFFFFFFFFFFFFFFFFFFFFFFFFFF02
:108E8000FFFFFFFFFFFFFFFFFFFFFFFF41437A4DA3
:108E90008A2E8E2C902F9230933196329B34A42EB2
:108EA0003D48FFFFFFFFFFFFFFFFFFFFFFFFFFFF4B
:108EB000FFFFFFFFFFFFFFFFFFFFFFFFFFFFFFFFC2
:108EC000FFFFFFFFFFFFFFFFFFFFFFFFFFFFFFFFB2
:108ED000FFFFFFFFFFFFFFFFFFFFFFFFFFFFFFFFA2
:108EE000FFFFFFFFFFFFFFFF48485A5A9897C5C38F
:108EF000C3C1BFBEBBB9B8B6B3B2AEAEB0AF6262AB
:108F0000FFFFFFFFFFFFFFFFFFFFFFFFFFFFFFFF71
:108F1000FFFFFFFFFFFFFFFFFFFFFFFFFFFFFFFF61
:108F2000FFFFFFFFFFFFFFFFFFFFFFFFFFFFFFFF51
:108F3000FFFFFFFFFFFFFFFFFFFFFFFFFFFFFFFF41
:108F4000FFFFFFFFFFFFFFFFFFFFFFFFFFFFFFFF31
:108F5000FFFFFFFFFFFFFFFFFFFFFFFFFFFFFFFF21
:108F6000FFFFFFFFFFFFFFFFFFFFFFFFFFFFFFFF11
:108F7000FFFFFFFFFFFFFFFFFFFFFFFFFFFFFFFF01
:108F8000FFFFFFFFFFFFFFFFFFFFFFFFFFFFFFFFF1
:108F9000FFFFFFFFFFFFFFFFFFFFFFFFFFFFFFFFE1
:108FA000FFFFFFFFFFFFFFFFFFFFFFFFFFFFFFFFD1
:108FB000FFFFFFFFFFFFFFFFFFFFFFFFFFFFFFFFC1
:108FC000FFFFFFFFFFFFFFFFFFFFFFFFFFFFFFFFB1
:108FD000FFFFFFFFFFFFFFFFFFFFFFFFFFFFFFFFA1
:108FE000FFFFFFFFFFFFFFFFFFFFFFFFFFFFFFFF91
:108FF000FFFFFFFFFFFFFFFFFFFFFFFFFFFFFFFF81
:10900000FFFF4B4DD091CC8ECE90CE92D393D39682
:10901000DD9E3C47FFFFFFFFFFFFFFFFFFFFFFFF5E
:10902000FFFFFFFFFFFFFFFFFFFFFFFFFFFFFFFF50
:10903000FFFFFFFFFFFFFFFFFFFFFFFFFFFFFFFF40
:10904000FFFFFFFFFFFFFFFFFFFFFFFFFFFFFFFF30
:10905000FFFFFFFFFFFFFFFFFFFFFFFF484A5A5CD4
:109060009799C3C3C1BFBEBCB9B8B6B5B2B1AEAEB5
:10907000AFAF6264FFFFFFFFFFFFFFFFFFFFFFFFD8
:10908000FFFFFFFFFFFFFFFFFFFFFFFFFFFFFFFFF0
:10909000FFFFFFFFFFFFFFFFFFFFFFFFFFFFFFFFE0
:1090A000FFFFFFFFFFFFFFFFFFFFFFFFFFFFFFFFD0
:1090B000FFFFFFFFFFFFFFFFFFFFFFFFFFFFFFFFC0
:1090C000FFFFFFFFFFFFFFFFFFFFFFFFFFFFFFFFB0
:1090D000FFFFFFFFFFFFFFFFFFFFFFFFFFFFFFFFA0
:1090E000FFFFFFFFFFFFFFFFFFFFFFFFFFFFFFFF90
:1090F000FFFFFFFFFFFFFFFFFFFFFFFFFFFFFFFF80
:10910000FFFFFFFFFFFFFFFFFFFFFFFFFFFFFFFF6F
:10911000FFFFFFFFFFFFFFFFFFFFFFFFFFFFFFFF5F
:10912000FFFFFFFFFFFFFFFFFFFFFFFFFFFFFFFF4F
:10913000FFFFFFFFFFFFFFFFFFFFFFFFFFFFFFFF3F
:10914000FFFFFFFFFFFFFFFFFFFFFFFFFFFFFFFF2F
:10915000FFFFFFFFFFFFFFFFFFFFFFFFFFFFFFFF1F
:10916000FFFFFFFFFFFFFFFFFFFFFFFFFFFFFFFF0F
:10917000FFFFFFFFFFFF4D5091328E2C902F92305A
:10918000933196329E2F475AFFFFFFFFFFFFFFFFED
:10919000FFFFFFFFFFFFFFFFFFFFFFFFFFFFFFFFDF
:1091A000FFFFFFFFFFFFFFFFFFFFFFFFFFFFFFFFCF
:1091B000FFFFFFFFFFFFFFFFFFFFFFFFFFFFFFFFBF
:1091C000FFFFFFFFFFFFFFFFFFFFFFFFFFFFFFFFAF
:1091D00048485A5A9C9CCAC7C6C3C2C0BFBDBBB987
:1091E000B7B5B3B1B5B46161FFFFFFFFFFFFFFFF8C
:1091F000FFFFFFFFFFFFFFFFFFFFFFFFFFFFFFFF7F
:10920000FFFFFFFFFFFFFFFFFFFFFFFFFFFFFFFF6E
:10921000FFFFFFFFFFFFFFFFFFFFFFFFFFFFFFFF5E
:10922000FFFFFFFFFFFFFFFFFFFFFFFFFFFFFFFF4E
:10923000FFFFFFFFFFFFFFFFFFFFFFFFFFFFFFFF3E
:10924000FFFFFFFFFFFFFFFFFFFFFFFFFFFFFFFF2E
:10925000FFFFFFFFFFFFFFFFFFFFFFFFFFFFFFFF1E
:10926000FFFFFFFFFFFFFFFFFFFFFFFFFFFFFFFF0E
:10927000FFFFFFFFFFFFFFFFFFFFFFFFFFFFFFFFFE
:10928000FFFFFFFFFFFFFFFFFFFFFFFFFFFFFFFFEE
:10929000FFFFFFFFFFFFFFFFFFFFFFFFFFFFFFFFDE
:1092A000FFFFFFFFFFFFFFFFFFFFFFFFFFFFFFFFCE
:1092B000FFFFFFFFFFFFFFFFFFFFFFFFFFFFFFFFBE
:1092C000FFFFFFFFFFFFFFFFFFFFFFFFFFFFFFFFAE
:1092D000FFFFFFFFFFFFFFFFF3F3FFFFFFFFFFFFB6
:1092E000FFFFFFFFFFFFFFFFFFFFEDED4B50DA93A6
:1092F000CE90CE92D393D5975559F0F0FFFFFFFF54
:10930000FFFFFFFFFFFFFFFFFFFFFFFFFFFFFFFF6D
:10931000FFFFFFFFFFFFFFFFFFFFFFFFFFFFFFFF5D
:10932000FFFFFFFFFFFFFFFFFFFFFFFFFFFFFFFF4D
:10933000FFFFFFFFFFFFFFFFFFFFFFFFFFFFFFFF3D
:10934000FFFFFFFF484A5A5C9C9DC7C5C3C3C0BF0F
:10935000BDBBB9B9B5B5B1B1B4B36164FFFFFFFF2F
:10936000FFFFFFFFFFFFFFFFFFFFFFFFFFFFFFFF0D
:10937000FFFFFFFFFFFFFFFFFFFFFFFFFFFFFFFFFD
:10938000FFFFFFFFFFFFFFFFFFFFFFFFFFFFFFFFED
:10939000FFFFFFFFFFFFFFFFFFFFFFFFFFFFFFFFDD
:1093A000FFFFFFFFFFFFFFFFFFFFFFFFFFFFFFFFCD
:1093B000FFFFFFFFFFFFFFFFFFFFFFFFFFFFFFFFBD
:1093C000FFFFFFFFFFFFFFFFFFFFFFFFFFFFFFFFAD
:1093D000FFFFFFFFFFFFFFFFFFFFFFFFFFFFFFFF9D
:1093E000FFFFFFFFFFFFFFFFFFFFFFFFFFFFFFFF8D
:1093F000FFFFFFFFFFFFFFFFFFFFFFFFFFFFFFFF7D
:10940000FFFFFFFFFFFFFFFFFFFFFFFFFFFFFFFF6C
:10941000FFFFFFFFFFFFFFFFFFFFFFFFFFFFFFFF5C
:10942000FFFFFFFFFFFFFFFFFFFFFFFFFFFFFFFF4C
:10943000FFFFFFFFFFFFFFFFFFFFFFFFFFFFFFFF3C
:10944000FFFFFFFFFFFFFFFFFFFFFFFFF3F4FFFF43
:10945000FFFFFFFFFFFFFFFFFFFFFFFFFFFFEDED40
:10946000505B9326902F9230933197305963F0EFF1
:10947000FFFFFFFFFFFFFFFFFFFFFFFFFFFFFFFFFC
:10948000FFFFFFFFFFFFFFFFFFFFFFFFFFFFFFFFEC
:10949000FFFFFFFFFFFFFFFFFFFFFFFFFFFFFFFFDC
:1094A000FFFFFFFFFFFFFFFFFFFFFFFFFFFFFFFFCC
:1094B000FFFFFFFFFFFFFFFF48485A5AAAA9CCCA87
:1094C000CAC7C6C4C2C0BEBCBBB9B7B5BAB9616170
:1094D000FFFFFFFFFFFFFFFFFFFF41414545454500
:1094E0004545454545454545454545454040FFFFC2
:1094F000FFFF3F3F454545454545454545454545B4
:10950000454545454545454545454545454545450B
:1095100045454545454545457070FFFFFFFFFFFF49
:10952000FFFFFFFFFFFFFFFFC8C84141FFFFFFFF35
:10953000FFFFFFFFFFFFFFFFFFFFFFFFFFFFFFFF3B
:10954000FFFFFFFF9669ED1CED1CED1CED1CED1CF3
:10955000ED1CFFFFFFFFFFFFFFFFA4A4565656566A
:10956000565656565656565656565656565664647F
:10957000FFFFFFFFADAD5656565656565656565639
:1095800056565656565656566363FFFFFFFFAAAA15
:10959000565656565656565656565656565656566B
:1095A00056565A5AFFFFBDBD565656565656565633
:1095B000565656565656565656565656FFFFFFFFA7
:1095C000C5C59B9BFFFFFFFFFFFFFFFFFFFFFFFFE7
:1095D000FFFFFFFF8B8B4B52D091CE92D3938473BE
:1095E000AAAAFFFFFFFFFFFFFFFFFFFFFFFFFFFF35
:1095F000FFFF45453C3CFFFFFFFFFFFFFFFFFFFF75
:10960000FFFFFFFFFFFFFFFFFFFFFFFFFFFFFFFF6A
:10961000FFFFFFFFFFFFFFFFFFFFFFFFFFFFFFFF5A
:10962000FFFFFFFFFFFFFFFFFFFFFFFF484A5A5CFE
:10963000A9A9CAC8C7C5C4C2C0BFBCBBB9B9B5B562
:10964000B9B86163FFFFFFFFFFFFFFFFFFFF41436B
:1096500045474547454745474547454745474547AA
:109660004042FFFFFFFF3F414547454745474547CC
:10967000454745474547454745474547454745478A
:109680004547454745474547454745487073FFFFB0
:10969000FFFFFFFFFFFFFFFFFFFFFFFFC8C94144C0
:1096A000FFFFFFFFFFFFFFFFFFFFFFFFFFFFFFFFCA
:1096B000FFFFFFFFFFFFFFFF696C1C241C241C241D
:1096C0001C241C241C24FFFFFFFFFFFFFFFFA4A599
:1096D000565856585658565856585658565856581A
:1096E00056586465FFFFFFFFADAF565856585658A1
:1096F0005658565856585658565856586365FFFF90
:10970000FFFFAAAB565856585658565856585658F2
:109710005658565856585A5CFFFFBDBD56585658B5
:1097200056585658565856585658565856585659C8
:10973000FFFFFFFFC5C59B9CFFFFFFFFFFFFFFFF74
:10974000FFFFFFFFFFFFFFFF8B8B525E912C9230DC
:1097500093317359AAABFFFFFFFFFFFFFFFFFFFF2E
:10976000FFFFFFFFFFFF45473C3EFFFFFFFFFFFFFF
:10977000FFFFFFFFFFFFFFFFFFFFFFFFFFFFFFFFF9
:10978000FFFFFFFFFFFFFFFFFFFFFFFFFFFFFFFFE9
:10979000FFFFFFFFFFFFFFFFFFFFFFFFFFFFFFFFD9
:1097A00048485A5AACABD1CECCCAC9C6C5C3C2C050
:1097B000BEBCBAB8BEBD6161FFFFFFFFFFFFFFFF88
:1097C000FFFF5151575758585858585858585858DB
:1097D0005858585858584848FFFF4E4E57575858F1
:1097E00058585858585858585858585858585858F9
:1097F00058585858585858585858585858585858E9
:1098000058587070FFFFFFFFFFFFFFFFFFFFFFFFD4
:10981000535358586F6FFFFFFFFFFFFFFFFFFFFF1E
:10982000FFFFFFFFFFFFFFFFFFFFF040ED1CED1C00
:10983000ED1CED1CED1CED1CED1CFFFFFFFFFFFF01
:10984000FFFF9696585858585858585858585858CE
:1098500058585858585858585B5BFFFFADAD57588B
:109860005858585858585858585858585858585878
:1098700058585A5AFFFFACAC58585858585858586E
:109880005858585858585858585858585252C4C48C
:109890005758585858585858585858585858585849
:1098A000585858584C4CFFFFC5C55858C1C1FFFF08
:1098B000FFFFFFFFFFFFFFFFFFFFFFFFFFFF46462A
:1098C000796CCE91BA8C6464FFFFFFFFFFFFFFFF4E
:1098D000FFFFFFFFFFFFFFFF8282585857579A9AFA
:1098E000FFFFFFFFFFFFFFFFFFFFFFFFFFFFFFFF88
:1098F000FFFFFFFFFFFFFFFFFFFFFFFFFFFFFFFF78
:10990000FFFFFFFFFFFFFFFFFFFFFFFFFFFFFFFF67
:10991000FFFFFFFF484A5A5CABAACECBCAC8C6C5F8
:10992000C3C2C0BFBCBBB8B8BDBC6163FFFFFFFF13
:10993000FFFFFFFFFFFF51535759585A585A585AC3
:10994000585A585A585A585A585A484AFFFF4E506F
:109950005759585A585A585A585A585A585A585A79
:10996000585A585A585A585A585A585A585A585A67
:10997000585A585A585A7072FFFFFFFFFFFFFFFFF7
:10998000FFFFFFFF5356585A6F71FFFFFFFFFFFFA6
:10999000FFFFFFFFFFFFFFFFFFFFFFFFFFFF40464F
:1099A0001C241C241C241C241C241C241C24FFFFF9
:1099B000FFFFFFFFFFFF9698585A585A585A585AB7
:1099C000585A585A585A585A585A585A5B5DFFFFB5
:1099D000ADB0585A585A585A585A585A585A585A4C
:1099E000585A585A585A5A5BFFFFACAD585A585AF1
:1099F000585A585A585A585A585A585A585A585AD7
:109A00005254C4C5585A585A585A585A585A585AFB
:109A1000585A585A585A585A4C4EFFFFC5C5585AAA
:109A2000C1C2FFFFFFFFFFFFFFFFFFFFFFFFFFFFC1
:109A3000FFFF46476C5891308C436466FFFFFFFF81
:109A4000FFFFFFFFFFFFFFFFFFFFFFFF8283585A6B
:109A500057599A9BFFFFFFFFFFFFFFFFFFFFFFFF2D
:109A6000FFFFFFFFFFFFFFFFFFFFFFFFFFFFFFFF06
:109A7000FFFFFFFFFFFFFFFFFFFFFFFFFFFFFFFFF6
:109A8000FFFFFFFFFFFFFFFF48485A5AADADD4D19B
:109A9000D0CECCCAC8C7C5C4C2C0BEBCC2C1616139
:109AA000FFFFFFFFFFFFFFFFFFFF51515A5B6262A5
:109AB0006163636363646364656565676566656563
:109AC000C6C64F4F5A5B66676767676767676767B2
:109AD00068686768686868696869696969696969FF
:109AE00068696868696969696A6A4949FFFFFFFFCF
:109AF000FFFFFFFFFFFFFFFF505057574949FFFF90
:109B0000FFFFFFFFFFFFFFFFFFFFFFFFFFFFF9AFBB
:109B1000ED1CED1CED1CED1CED1CED1CED1CED1CFD
:109B2000ED1CFFFFFFFFFFFFFFFF989858575757A7
:109B30007C7B7B7A7A797A7979787979797879788E
:109B40005050FFFFADAD585855556767666666665D
:109B5000666565656464656565655050FFFFACAC1E
:109B600058585757636362626162616162626363FE
:109B7000636464645152CFCF585855556969686918
:109B800068696969696A6969696A6A6A5757FFFF3A
:109B9000C5C558585454FFFFFFFFFFFFFFFFFFFFED
:109BA000FFFFFFFFFFFFFFFF4242C1914142FFFF66
:109BB000FFFFFFFFFFFFFFFFFFFFFFFFFFFFE1E1F1
:109BC000585858585D5D9F9FFFFFFFFFFFFFFFFF45
:109BD000FFFFFFFFFFFFFFFFFFFFFFFFFFFFFFFF95
:109BE000FFFFFFFFFFFFFFFFFFFFFFFFFFFFFFFF85
:109BF000FFFFFFFFFFFFFFFFFFFFFFFF484A5A5C29
:109C0000ADADD1CECECACAC8C7C5C4C2C0BFBCBB29
:109C1000C1BF6163FFFFFFFFFFFFFFFFFFFF515366
:109C20005B5D6265636563666467646765676768F3
:109C300066696569C6C64F515B5D676A676A676A30
:109C4000676B676A686B686A686B696B696B696B7D
:109C5000696B696B696B686B696B696B6A6C494BA3
:109C6000FFFFFFFFFFFFFFFFFFFFFFFF50525759AE
:109C7000494BFFFFFFFFFFFFFFFFFFFFFFFFFFFF5E
:109C8000FFFFAFB21C241C241C241C241C241C24F5
:109C90001C241C241C24FFFFFFFFFFFFFFFF9899DB
:109CA000575957597B7B7A7A797A797978797979A2
:109CB000787878775052FFFFADB0585A555767699A
:109CC0006669666865676567646865676567505259
:109CD000FFFFACAD585A57596365626562636163B3
:109CE00062656366646664675254CFD0585A5557AC
:109CF000696C696C696C696C6A6C696D6A6D6A6DB6
:109D00005759FFFFC5C5585A5456FFFFFFFFFFFFC5
:109D1000FFFFFFFFFFFFFFFFFFFFFFFF42459143F4
:109D20004246FFFFFFFFFFFFFFFFFFFFFFFFFFFFB9
:109D3000FFFFE1E0585A585A5D5F9FA0FFFFFFFF09
:109D4000FFFFFFFFFFFFFFFFFFFFFFFFFFFFFFFF23
:109D5000FFFFFFFFFFFFFFFFFFFFFFFFFFFFFFFF13
:109D6000FFFFFFFFFFFFFFFFFFFFFFFFFFFFFFFF03
:109D700048485A5AAFAFD7D4D3D0D0CDCBCAC8C633
:109D8000C6C3C2BFC7C56262FFFFFFFFFFFFFFFF81
:109D9000FFFF5151595A989794949A9BA1A1A4A658
:109DA000A9ABADAFB1B3AAADC6C64F4F5A5BBCBCF1
:109DB000C2C3C5C6C8C8CBCBCECDD0D0D3D1D5D2E7
:109DC000D8D6DBD9DCDAE0DDE2DFE3E0E6E4E7E4A5
:109DD000ECE94949FFFFFFFFFFFFFFFFFFFFB1B1C4
:109DE000585857578F90E2E2FFFFFFFFFFFFFFFF3A
:109DF000FFFFFFFFEE28ED1CED1CED1CED1CED1C24
:109E0000ED1CED1CED1CED1CED1CFFFFFFFFFFFF2B
:109E1000FFFF989858575B5BEDE9EAE5E9E5E6E373
:109E2000E7E2E2E0DFDEE0DD595AFFFFADAD585872
:109E30005050D0CDCBC8C8C5C5C3C1BFBDBBBBB7D3
:109E4000B7B65D5CFFFFACAC58585252A3A39C9BC5
:109E50009897949294939B9B9F9FA3A55D5ECFCF71
:109E600058585050B6B8B4B7B7BABABDBDBEC1C2E3
:109E7000C2C3C5C65F60FFFFC5C5585856553E3EB4
:109E8000FFFFFFFFFFFFFFFFFFFFFFFFFFFFFFFFE2
:109E9000FFFF2F2FFFFFFFFFFFFFFFFFFFFFFFFF72
:109EA000FFFFFFFFFFFF5353585858586E6F9F9F97
:109EB000FFFFFFFFFFFFFFFFFFFFFFFFFFFFFFFFB2
:109EC000FFFFFFFFFFFFFFFFFFFFFFFFFFFFFFFFA2
:109ED000FFFFFFFFFFFFFFFFFFFFFFFFFFFFFFFF92
:109EE000FFFFFFFF484A5A5CAFAED4D1D0CECDCBF6
:109EF000CAC8C6C5C3C1BFBFC5C36264FFFFFFFFF9
:109F0000FFFFFFFFFFFF51535A5C979794959B9D6E
:109F1000A1A5A6ACABB2AFB9B3BEADB7C6C64F51E3
:109F20005B5DBCC6C3CCC6CEC8CECBD2CDD2D0D45E
:109F3000D1D6D2D7D6D7D9DBDADDDDDCDFE0E0E180
:109F4000E4E2E4E3E9E6494BFFFFFFFFFFFFFFFF29
:109F5000FFFFB1B1585A57599091E2E3FFFFFFFF5D
:109F6000FFFFFFFFFFFFFFFF282F1C241C241C24E2
:109F70001C241C241C241C241C241C241C24FFFF23
:109F8000FFFFFFFFFFFF989957595B5EE9E4E5E0AB
:109F9000E5E0E3DEE2DCE0DADED9DDD85A5BFFFFA4
:109FA000ADB0585A5053CDCBC8C5C5C3C3C0BFBE52
:109FB000BBBAB7B8B6B55C5FFFFFACAD585A5254E8
:109FC000A3A29B9C9799929393959B9C9FA4A5ABCE
:109FD0005E5FCFD0585A5051B8C4B7C3BAC5BDC6DA
:109FE000BEC9C2CAC3CDC6CE6061FFFFC5C5585A3F
:109FF00055573E40FFFFFFFFFFFFFFFFFFFFFFFF43
:10A00000FFFFFFFFFFFF2F31FFFFFFFFFFFFFFFFFE
:10A01000FFFFFFFFFFFFFFFFFFFF5355585A585A3E
:10A020006F6F9FA0FFFFFFFFFFFFFFFFFFFFFFFF1F
:10A03000FFFFFFFFFFFFFFFFFFFFFFFFFFFFFFFF30
:10A04000FFFFFFFFFFFFFFFFFFFFFFFFFFFFFFFF20
:10A05000FFFFFFFFFFFFFFFF48485A5AB0B1DAD7B2
:10A06000D7D5D4D1CFCDCCCAC8C7C6C4CCCA6262FA
:10A07000FFFFFFFFFFFFFFFFFFFF5151595A9E9D5A
:10A08000959493939A9BA0A1A5A7AAABADB0A8AABB
:10A09000C6C64F4F5A5BB9B9C0C1C2C3C5C6C8C84E
:10A0A000CBCBCECDD1D0D3D1D5D4D8D7DBD8DDDB77
:10A0B000DFDEE2DFE3E0E6E2EAE74949FFFFFFFF38
:10A0C000FFFFFFFFFFFF4B4B58584D4DFFFF595906
:10A0D000FFFFFFFFFFFFFFFFF8A2ED1CED1CED1CD3
:10A0E000ED1CED1CED1CED1CED1CED1CED1CED1C28
:10A0F000ED1CFFFFFFFFFFFFFFFF989858575B5BCA
:10A10000F0ECEDE7EBE6E9E6E6E3E7E1E3DFE1DFEC
:10A110005A59FFFFADAD58585050D4D1CDCACBC815
:10A12000C7C5C4C3C1C0BEBCBBB95353FFFFACACB1
:10A1300058585153A7A6A09F9D9C98989494959584
:10A140009B9B9FA15D5ECFCF58585150B4B7B3B51C
:10A15000B5B7B8B9BABCBEBFC1C1C2C45F5FFFFF6B
:10A16000C5C558584E4EE4E24040FFFFFFFFFFFFD9
:10A17000FFFFFFFFFFFFFFFFFFFFFFFFFFFFFFFFEF
:10A18000FFFFFFFFFFFFFFFFFFFFFFFF42425858A7
:10A1900057584141FFFFA0A0FFFFFFFFFFFFFFFF58
:10A1A000FFFFFFFFFFFFFFFFFFFFFFFFFFFFFFFFBF
:10A1B000FFFFFFFFFFFFFFFFFFFFFFFFFFFFFFFFAF
:10A1C000FFFFFFFFFFFFFFFFFFFFFFFF484A5A5C53
:10A1D000B1B0D7D4D5D1D1CECDCACAC8C7C6C4C1F3
:10A1E000CAC86264FFFFFFFFFFFFFFFFFFFF51537D
:10A1F0005A5C9D9D949593959B9FA1A5A7ACABB2EE
:10A20000B0B9AAB4C6C64F515B5DB9C4C1CAC3CD0B
:10A21000C6CEC8CFCBD1CDD2D0D4D1D5D4D7D7D933
:10A22000D8DCDBDCDEDDDFE0E0DFE2E1E7E5494B67
:10A23000FFFFFFFFFFFFFFFFFFFF4B4E585A4D4F41
:10A24000FFFF595AFFFFFFFFFFFFFFFFA2A51C24DE
:10A250001C241C241C241C241C241C241C241C24FE
:10A260001C241C241C24FFFFFFFFFFFFFFFF989905
:10A2700057595B5EECE6E7E3E6E1E6E0E3DEE1DDCD
:10A28000DFDBDFDA595BFFFFADB0585A5053D1CE58
:10A29000CAC8C8C5C5C3C3C0C0BEBCBBB9B9535585
:10A2A000FFFFACAD585A5355A6A69F9F9C9C98990A
:10A2B000949595969B9EA1A45E60CFD0585A50521B
:10A2C000B7C1B5C1B7C3B9C5BCC5BFCAC1CAC4CD82
:10A2D0005F62FFFFC5C5585A4E50E2E64042FFFF9D
:10A2E000FFFFFFFFFFFFFFFFFFFFFFFFFFFFFFFF7E
:10A2F000FFFFFFFFFFFFFFFFFFFFFFFFFFFFFFFF6E
:10A300004245585A585A4144FFFFA0A1FFFFFFFFA2
:10A31000FFFFFFFFFFFFFFFFFFFFFFFFFFFFFFFF4D
:10A32000FFFFFFFFFFFFFFFFFFFFFFFFFFFFFFFF3D
:10A33000FFFFFFFFFFFFFFFFFFFFFFFFFFFFFFFF2D
:10A340004848595AB3B2DEDBDAD8D6D5D3D0CFCD10
:10A35000CBC9C7C7D0CD6262FFFFFFFFFFFFFFFF82
:10A36000FFFF51515959A2A19999959495969A9C9C
:10A37000A1A1A6A8A9ACA4A7C6C64F4F5A5BB5B762
:10A38000BDBEC1C1C2C3C5C5C8C8CBCBCFCDD1D05E
:10A39000D3D2D5D4D8D6DBD8DDDBE0DEE2DFE5E210
:10A3A000E9E64949FFFFFFFFFFFFFFFFFFFF5353B0
:10A3B00058576060F5F25152FFFFFFFFFFFFFFFFAC
:10A3C000ED1CED1CED1CED1CED1CED1CED1CED1C45
:10A3D000ED1CED1CED1CED1CED1CFFFFFFFFFFFF56
:10A3E000FFFF989858575B5BF0ECEDEAECE7EBE782
:10A3F000E9E6E6E3E6E2E3DF5A5BFFFFADAD58587E
:10A400005150D6D3D0CECDCBCBC7C7C5C4C2C1BFA8
:10A41000BEBB5453FFFFACAC58585352ABAAA3A2D7
:10A420009F9E9C9A9898929395949C9B5C5DCFCFAD
:10A4300058585151B1B4B1B4B4B6B4B7B8BBBBBC41
:10A44000BEBFC2C25F61FFFFC5C558584F4FD6D5CA
:10A45000B9B96F70FFFFFFFFFFFFFFFFFFFFFFFFB7
:10A46000FFFFFFFFFFFFFFFFFFFFFFFFFFFFFFFFFC
:10A47000FFFF3F3F585857574848FFFFFFFDA0A038
:10A48000FFFFFFFFFFFFFFFFFFFFFFFFFFFFFFFFDC
:10A49000FFFFFFFFFFFFFFFFFFFFFFFFFFFFFFFFCC
:10A4A000FFFFFFFFFFFFFFFFFFFFFFFFFFFFFFFFBC
:10A4B000FFFFFFFF484A5A5CB2B1DBD7D8D4D5D1F1
:10A4C000D0CDCDCAC9C7C7C4CDCB6264FFFFFFFFE3
:10A4D000FFFFFFFFFFFF5153595BA1A1999A94958C
:10A4E00096969C9EA1A7A8AEACB3A7AFC6C64F5187
:10A4F0005B5DB7C2BEC8C1CBC3CCC5CEC8CFCBD1C4
:10A50000CDD2D0D4D2D6D4D9D6D8D8DBDBDDDEDEDE
:10A51000DFE0E2E0E6E4494DFFFFFFFFFFFFFFFF62
:10A52000FFFF535557596063F2EC5254FFFFFFFF92
:10A53000FFFFFFFF1C241C241C241C241C241C249F
:10A540001C241C241C241C241C241C241C24FFFF4D
:10A55000FFFFFFFFFFFF989957595B5EECE6EAE4C7
:10A56000E7E2E7E2E6E0E3DEE2DEDFDC5B5BFFFFA3
:10A57000ADB0585A5052D3D0CECACBC9C7C6C5C346
:10A58000C2C0BFBEBBBA5355FFFFACAD585A5255FF
:10A59000AAAAA2A39E9F9A9C9898939494969B9EF5
:10A5A0005D5FCFD0585A5152B4BDB4BEB6C1B7C327
:10A5B000BBC6BCC6BFC9C2CB6162FFFFC5C5585A86
:10A5C0004F50D5DAB9BD7071FFFFFFFFFFFFFFFFEE
:10A5D000FFFFFFFFFFFFFFFFFFFFFFFFFFFFFFFF8B
:10A5E000FFFFFFFFFFFF3F42585A5759484CFFFB00
:10A5F000FDF8A0A1FFFFFFFFFFFFFFFFFFFFFFFF31
:10A60000FFFFFFFFFFFFFFFFFFFFFFFFFFFFFFFF5A
:10A61000FFFFFFFFFFFFFFFFFFFFFFFFFFFFFFFF4A
:10A62000FFFFFFFFFFFFFFFF48485858B5B2DFDDCF
:10A63000DDDADAD8D6D4D3D0D0CCCBC9D3D16262CC
:10A64000FFFFFFFFFFFFFFFFFFFF5252595AA6A473
:10A650009E9D9899949395959C9CA2A3A6A8A3A32C
:10A66000C6C64F4F5A5BB2B5B9BABDBDC0C0C3C4B0
:10A67000C6C5C8C8CCCCCECDD2D0D3D1D5D4D8D7EE
:10A68000DCDADEDCE0DDE2E1E7E44949FFFFFFFF81
:10A69000FFFFFFFF959558585656D7D5F2EFD5D303
:10A6A000D4D4FFFFFFFFFFFFED1CED1CED1CED1CE4
:10A6B000ED1CF7955454ED1CED1CED1CED1CED1C30
:10A6C000ED1CFFFFFFFFFFFFFFFF989858575B5BF4
:10A6D000F2EEEEEAECE9EBE7EBE6EAE5E6E3E6E2EA
:10A6E0005A5AFFFFADAD58585150D8D7D3D0D0CD1E
:10A6F000CCCAC9C7C7C5C4C2C1BF5354FFFFACACA5
:10A7000058585252AEADA7A6A3A1A09F9C9B979765
:10A71000939395955C5BCDCD58585151AFB0AEAF8A
:10A72000B2B3B4B6B5B8B8BBBABDBFC06061FFFFC5
:10A73000C5C55858504FD2D2D0D07676C1C1FFFF90
:10A74000FFFFFFFFFFFFFFFFFFFFFFFFFFFFFFFF19
:10A75000FFFFFFFFFFFFFFFF76765858585754540E
:10A76000FCF6F1EDFFFDA0A0FFFFFFFFFFFFFFFFE5
:10A77000FFFFFFFFFFFFFFFFFFFFFFFFFFFFFFFFE9
:10A78000FFFFFFFFFFFFFFFFFFFFFFFFFFFFFFFFD9
:10A79000FFFFFFFFFFFFFFFFFFFFFFFF484A585A81
:10A7A000B2B1DDD8DAD6D8D4D4D0D0CDCCC9C9C7CF
:10A7B000D1CD6264FFFFFFFFFFFFFFFFFFFF525499
:10A7C0005A5CA4A69D9E9999939495979CA0A3A743
:10A7D000A8AEA3AAC6C64F515B5DB5C0BAC6BDC977
:10A7E000C0CBC4CDC5CEC8CFCCD2CDD2D0D4D1D69B
:10A7F000D4D9D7D9DADCDCDEDDDCE1E0E4E3494BB7
:10A80000FFFFFFFFFFFFFFFF9597585A5658D5D21D
:10A81000EFE8D3CFD4D4FFFFFFFFFFFF1C241C249D
:10A820001C241C241C24959954561C241C241C24D0
:10A830001C241C241C24FFFFFFFFFFFFFFFF98992F
:10A8400057595B5EEEE8EAE5E9E3E7E2E6E1E5E0D9
:10A85000E3DEE2DF5A5CFFFFADB0585A5052D7D268
:10A86000D0CDCDCACAC8C7C4C5C2C2C0BFBE545568
:10A87000FFFFACAD585A5254ADACA6A5A1A29F9E05
:10A880009B9C9798939495975B5FCDCF585A515363
:10A89000B0B8AFBAB3BEB6C2B8C4BBC6BDC7C0CAF3
:10A8A0006162FFFFC5C5585A4F51D2D7D0D57678CF
:10A8B000C1C2FFFFFFFFFFFFFFFFFFFFFFFFFFFF23
:10A8C000FFFFFFFFFFFFFFFFFFFFFFFF7677585AF5
:10A8D00057595456F6F1EDE9FDF6A0A1FFFFFFFF31
:10A8E000FFFFFFFFFFFFFFFFFFFFFFFFFFFFFFFF78
:10A8F000FFFFFFFFFFFFFFFFFFFFFFFFFFFFFFFF68
:10A90000FFFFFFFFFFFFFFFFFFFFFFFFFFFFFFFF57
:10A910004A4A5858B5B6E3E0DFDDDDDAD9D7D6D4F8
:10A92000D3D0CFCCD6D46261FFFFFFFFFFFFFFFF84
:10A93000FFFF5353595AAAA9A2A19D9C989894939A
:10A9400097979D9CA3A29FA0C6C64F4F5A5BB1B3D9
:10A95000B5B8B9BBBDBEC0C1C2C3C6C6C9C9CCCCDF
:10A96000CFCFD2D0D4D1D6D5D8D7DCD9DEDCE0DE7B
:10A97000E6E34949FFFFFFFFFFFFFFFF4949585842
:10A980004B4BFDF8F1EDFFFC4C4DFFFFFFFFFFFFD0
:10A99000ED1CED1CED1CF689FFFFFFFF5454ED1C70
:10A9A000ED1CED1CED1CED1CED1C5F5FFFFFFFFFC0
:10A9B000FFFF989858575B5BF3EEEFECEDEAECEA9B
:10A9C000EBE7EBE5E8E5E6E45958FFFFABAB56569D
:10A9D0004F50DBD8D5D3D3D0D0CDCCCACAC7C7C58A
:10A9E000C4C25453FFFFACAC58585252B2AFAAA9DC
:10A9F000A7A6A2A19F9E9C9B979793925A5ABCBCD4
:10AA000058585251ABACABAEAFB1B1B4B2B6B5B8A9
:10AA1000B9BBBBBD6060FFFFC5C55858504FD0D013
:10AA2000CDCDD4D34748FFFFFFFFFFFFFFFFFFFF60
:10AA3000FFFFFFFFFFFFFFFFFFFFFFFFFFFFD4D47C
:10AA4000585858585858B5B4EFECF2EDFFFCA0A098
:10AA5000FFFFFFFFFFFFFFFFFFFFFFFFFFFFFFFF06
:10AA6000FFFFFFFFFFFFFFFFFFFFFFFFFFFFFFFFF6
:10AA7000FFFFFFFFFFFFFFFFFFFFFFFFFFFFFFFFE6
:10AA8000FFFFFFFF4A4C585AB6B4E0DADDD8DAD5FA
:10AA9000D7D4D4D0D0CDCCC8D4D16164FFFFFFFFD0
:10AAA000FFFFFFFFFFFF53555A5CA9AAA1A29C9D7F
:10AAB0009899939497989CA1A2A7A0A5C6C64F5118
:10AAC0005B5DB3BFB8C4BBC6BEC8C1CBC3CCC6CE2A
:10AAD000C9D0CCD2CFD4D0D4D1D7D5D9D7D9D9DC3D
:10AAE000DCDDDEDEE3E2494BFFFFFFFFFFFFFFFFA0
:10AAF000494C585A4B4EF8F2EDE9FCF54D4FFFFF2B
:10AB0000FFFFFFFF1C241C241C24898DFFFFFFFF77
:10AB100054561C241C241C241C241C241C245F614B
:10AB2000FFFFFFFFFFFF989957595B5EEEE8ECE6E9
:10AB3000EAE4EAE3E7E2E5E0E5DFE4DF585AFFFFB5
:10AB4000ABAC56585051D8D5D3CFD0CDCDCACAC84A
:10AB5000C7C5C5C2C2BF5356FFFFACAD585A525409
:10AB6000AFB0A9A9A6A5A1A39E9E9B9C97989293DE
:10AB70005A5DBCBD585A5153ACB3AEB4B1BBB4BFAF
:10AB8000B6C3B8C5BBC6BDC76062FFFFC5C5585ACE
:10AB90004F51D0D6CDD2D3D8484AFFFFFFFFFFFF99
:10ABA000FFFFFFFFFFFFFFFFFFFFFFFFFFFFFFFFB5
:10ABB000FFFFD4D5585A585A585AB4B2ECE7EDE7CB
:10ABC000FCF6A0A1FFFFFFFFFFFFFFFFFFFFFFFF5E
:10ABD000FFFFFFFFFFFFFFFFFFFFFFFFFFFFFFFF85
:10ABE000FFFFFFFFFFFFFFFFFFFFFFFFFFFFFFFF75
:10ABF000FFFFFFFFFFFFFFFF4A4A5858B5B5E5E1E9
:10AC0000E1DEDEDDDDD9D9D6D5D4D3CFDAD76261A6
:10AC1000FFFFFFFFFFFFFFFFFFFF5353595AAFAD89
:10AC2000A6A5A2A19E9D9897939298979B9E9A9A6B
:10AC3000C5C54949595AAFB1B5B7B6B8B9BBBDBE1C
:10AC4000C0C1C3C3C7C7C9C9CDCDCFCFD2D1D5D35A
:10AC5000D6D5D9D8DAD8DEDCE4E04949FFFFFFFFDA
:10AC6000FFFFFDFD555556566C6DF2EDF2ECF1ED22
:10AC70006060FFFFFFFFFFFFFABEF795FFFFFFFFDA
:10AC8000FFFFFFFF5454ED1CED1CED1CED1CED1CF3
:10AC9000ED1CD0CE5A5AFFFFFFFF989858575B5BC8
:10ACA000F3EFF1ECEFECECEAECE8EAE7EAE5E9E6F1
:10ACB0005757FFFF969656564E50DFDCD8D5D6D361
:10ACC000D3D0CFCCCCCACAC7C7C45454FFFFACAC96
:10ACD00058585353B4B3AFACAAA9A6A5A3A19F9E3D
:10ACE0009B9B97985959BCBC58585152A8A9A8AADF
:10ACF000ABAEAFB2B1B5B5B7B5B8B8BB5F60FFFF2B
:10AD0000C5C55858514FCDCDCBCBCECEDDDC373776
:10AD1000FFFFFFFFFFFFFFFFFFFFFFFFFFFFFFFF43
:10AD2000FFFFFFFFFFFF5353585857596565F0EC7D
:10AD3000F0ECF0EDFFFBA0A0FFFFFFFFFFFFFFFF28
:10AD4000FFFFFFFFFFFFFFFFFFFFFFFFFFFFFFFF13
:10AD5000FFFFFFFFFFFFFFFFFFFFFFFFFFFFFFFF03
:10AD6000FFFFFFFFFFFFFFFFFFFFFFFF4A4C585AA7
:10AD7000B5B4E1DDDEDADDD7D9D5D6D3D4CFCFCCAB
:10AD8000D7D46164FFFFFFFFFFFFFFFFFFFF5355B5
:10AD90005A5CADADA5A6A1A19D9D97989293979859
:10ADA0009EA19A9FC5C6494B5A5CB1BBB7C2B8C4F5
:10ADB000BBC6BEC9C1CAC3CCC7CFC9D0CDD3CFD4FF
:10ADC000D1D4D3D7D5D9D8DAD8DBDCDEE0E0494B13
:10ADD000FFFFFFFFFFFFFDFC555756586D6FEDE875
:10ADE000ECE8EDEA6063FFFFFFFFFFFFBEC095994F
:10ADF000FFFFFFFFFFFFFFFF54561C241C241C24F1
:10AE00001C241C241C24CECB5A5BFFFFFFFF989907
:10AE100057595B5EEFEAECE5ECE6EAE4E8E3E7E2EB
:10AE2000E5E0E6DF5758FFFF969856585051DCD8BA
:10AE3000D5D2D3D0D0CDCCCACAC8C7C4C4C2545549
:10AE4000FFFFACAD585A5354B3B3ACACA9A9A5A6F7
:10AE5000A1A29E9E9B9B9897595DBCBD585A525388
:10AE6000A9AFAAB0AEB6B2BBB5BFB7C3B8C5BBC772
:10AE70006062FFFFC5C5585A4F51CDD4CBD1CED259
:10AE8000DCE13739FFFFFFFFFFFFFFFFFFFFFFFFA1
:10AE9000FFFFFFFFFFFFFFFFFFFF5355585A595BAE
:10AEA0006567ECE7ECE7EDE8FBF5A0A1FFFFFFFF2E
:10AEB000FFFFFFFFFFFFFFFFFFFFFFFFFFFFFFFFA2
:10AEC000FFFFFFFFFFFFFFFFFFFFFFFFFFFFFFFF92
:10AED000FFFFFFFFFFFFFFFFFFFFFFFFFFFFFFFF82
:10AEE0004A4A5858B8B6E6E3E4E1E2DFDFDDDCD9F0
:10AEF000D9D6D5D4DEDB6161FFFFFFFFFFFFFFFF87
:10AF0000FFFF5353595AB3B2AAA9A6A5A2A29D9C6A
:10AF10009797929298989696B8B8FFFF57576A6B92
:10AF20006A6B6C6C6E6E6A69C2C3C1C2C3C4C6C6AA
:10AF3000CACACCCCCFCFD2D0A09F737474737374B1
:10AF400075754747FFFFFFFFFFFF87875858575723
:10AF5000E2DFF0ECF1EDF1ECDBD8C3C3FFFFFFFF64
:10AF6000FFFFFFFFFFFFFFFFFFFFFFFF5454ED1C3C
:10AF7000ED1CED1CED1CED1CED1CF3EFDAD859595E
:10AF8000FFFF989858575C5CF3F0F1ECF1EBEFECB5
:10AF9000EDEBECE9E9E7EBE75856FFFF96965656DE
:10AFA000504EE0DCDBD9D9D5D4D3D2CFCFCCCACA6E
:10AFB000C9C65454FFFFACAC58585353B7B7B1B0DF
:10AFC000ADACAAA8A6A5A3A19E9D9B9A595ABCBCAC
:10AFD00058585252A4A5A5A6A9A9ACAFAEB2B2B515
:10AFE000B4B7B6B95F5FFFFFC5C55858514FCACA5D
:10AFF000C9C9CCCCCECEDBD93F3FFFFFFFFFFFFF5F
:10B00000FFFFFFFFFFFFFFFFFFFFFFFF4545585812
:10B0100057574343F3F0EEEBF0ECF0ECFEFBA0A04F
:10B02000FFFFFFFFFFFFFFFFFFFFFFFFFFFFFFFF30
:10B03000FFFFFFFFFFFFFFFFFFFFFFFFFFFFFFFF20
:10B04000FFFFFFFFFFFFFFFFFFFFFFFFFFFFFFFF10
:10B05000FFFFFFFF4A4C585AB6B5E3DEE1DEDFDA08
:10B06000DDD8D9D5D6D3D4CFDBD76164FFFFFFFFBE
:10B07000FFFFFFFFFFFF53555A5CB2B2A9A9A5A578
:10B08000A2A19C9D97989293989A9699B8B9FFFF20
:10B0900057596B6E6B6F6C706E72696DC3CFC2CA9D
:10B0A000C4CCC6CECAD0CCD2CFD4D0D39FA37475D3
:10B0B0007375747575774749FFFFFFFFFFFF87873B
:10B0C000585A5759DFDDECE7EDE8ECE7D8D5C3C4B3
:10B0D000FFFFFFFFFFFFFFFFFFFFFFFFFFFFFFFF80
:10B0E00054561C241C241C241C241C241C24EFE95E
:10B0F000D8D4595BFFFF989957595C5DF0E9ECE8AB
:10B10000EBE5ECE6EBE4E9E3E7E2E7E25659FFFFC3
:10B11000969856584E52DCD8D9D5D5D3D3CECFCC6D
:10B12000CCC9CAC8C6C55457FFFFACAD585A535511
:10B13000B7B6B0B0ACADA8A9A5A6A1A29D9E9A9A9B
:10B140005A5CBCBD585A5254A5A8A6ACA9B1AFB719
:10B15000B2BCB5C0B7C3B9C55F63FFFFC5C5585A18
:10B160004F51CAD3C9CFCCD2CED2D9DF3F42FFFF95
:10B17000FFFFFFFFFFFFFFFFFFFFFFFFFFFFFFFFDF
:10B180004547585A57594346F0ECEBE7ECE7ECE7F4
:10B19000FBF5A0A1FFFFFFFFFFFFFFFFFFFFFFFF8A
:10B1A000FFFFFFFFFFFFFFFFFFFFFFFFFFFFFFFFAF
:10B1B000FFFFFFFFFFFFFFFFFFFFFFFFFFFFFFFF9F
:10B1C000FFFFFFFFFFFFFFFF4A4A5858B9B8E9E504
:10B1D000E6E2E4E2E2DFDFDDDDDAD8D5E2DF61617D
:10B1E000FFFFFFFFFFFFFFFFFFFF5353595AB6B5A5
:10B1F000AEADAAA9A6A5A2A19C9A98979292919069
:10B20000B8B8FFFFFFFFFFFFFFFFF8F85757515196
:10B21000C1C2BEBEC1C1C4C3C7C7CACACCCDCFCECE
:10B220008D8DFFFFFFFFFFFFFFFFFFFFFFFFFFFF12
:10B23000FFFF48485858494AF6F2EEEBEFEBF1EDC4
:10B24000FEF84646FFFFFFFFFFFFFFFFFFFFFFFF88
:10B25000FFFFFFFF5454ED1CED1CED1CED1CED1C1D
:10B26000ED1CF4F0F3EFDAD85454A0A058575F6007
:10B27000F4F0F1EDF1ECF1ECEFECECEAECE8EBE9F9
:10B280005857FFFF969656564F4FE1E0DDDADBD870
:10B29000D9D6D4D3D3D0CFCCCBCA5554FFFFACAC86
:10B2A00058585151BCBAB4B4B0AFAEADAAA8A6A517
:10B2B000A3A1A09F5555BCBC585853539F9FA1A212
:10B2C000A5A7A8ABADAFB0B2B2B4B3B75E5FFFFF96
:10B2D000C5C558585150C9C9C6C6C9C9CBCBCDCDB3
:10B2E000B0B07A7AFFFFFFFFFFFFFFFFFFFFFFFF16
:10B2F000FFFF4040585857574848FDFAECE9EDEA3F
:10B30000EDEBF0ECFEFAA0A0FFFFFFFFFFFFFFFF59
:10B31000FFFFFFFFFFFFFFFFFFFFFFFFFFFFFFFF3D
:10B32000FFFFFFFFFFFFFFFFFFFFFFFFFFFFFFFF2D
:10B33000FFFFFFFFFFFFFFFFFFFFFFFF4A4C585AD1
:10B34000B8B7E5E0E2DDE2DEDFDADDD8DAD6D5D285
:10B35000DFDB6164FFFFFFFFFFFFFFFFFFFF5355D0
:10B360005A5CB5B6ADADA9A9A5A5A1A19A9C97981F
:10B3700092939093B8B9FFFFFFFFFFFFFFFFF8F82C
:10B3800057595152C2CEBEC9C1CAC3CCC7CFCACF0A
:10B39000CDD2CED38D90FFFFFFFFFFFFFFFFFFFF5A
:10B3A000FFFFFFFFFFFF484B585A4A4CF2EEEBE716
:10B3B000EBE6EDE8F8F24649FFFFFFFFFFFFFFFF76
:10B3C000FFFFFFFFFFFFFFFF54561C241C241C241B
:10B3D0001C241C241C24F0EAEFE9D8D45456A0A164
:10B3E00057596062F0EAEDE7ECE8ECE5ECE6EAE4F8
:10B3F000E8E3E9E45759FFFF969856584F52E0DBCF
:10B40000DAD7D8D4D6D3D3CED0CDCCC9CAC8545627
:10B41000FFFFACAD585A5155BAB9B4B2AFB0ADADEB
:10B42000A8A9A5A5A1A29F9E5557BCBD585A535582
:10B430009FA3A2A6A7ABABB2AFB6B2BCB4BFB7C313
:10B440005F63FFFFC5C5585A5051C9D1C6CFC9CE99
:10B45000CBD1CDD2B0B57A7BFFFFFFFFFFFFFFFF5F
:10B46000FFFFFFFFFFFF4042585A5759484BFAF77A
:10B47000E9E6EAE6EBE7ECE7FAF4A0A1FFFFFFFF5D
:10B48000FFFFFFFFFFFFFFFFFFFFFFFFFFFFFFFFCC
:10B49000FFFFFFFFFFFFFFFFFFFFFFFFFFFFFFFFBC
:10B4A000FFFFFFFFFFFFFFFFFFFFFFFFFFFFFFFFAC
:10B4B0004A4A5858BAB8EAE6E9E5E6E3E4E2E3DFE7
:10B4C000DFDDDDD9E6E26161FFFFFFFFFFFFFFFF88
:10B4D000FFFF5353595ABBBAB3B2B0ADAAA9A6A63F
:10B4E000A1A09C9B97978A8DB8B8FFFFFFFFFFFF35
:10B4F000FFFFEBEB57575151BDC0BABBBEBFC1C137
:10B50000C4C4C7C7CACACCCC8C8DF7F7FFFFFFFFF6
:10B51000FFFFFFFFFFFFFFFFF0F0565657578182F6
:10B52000EAE7ECE8EDEBEFEBF1ED6767FFFFFFFF1C
:10B53000FFFFFFFFFFFFFFFFFFFFFFFF5454ED1C66
:10B54000ED1CED1CED1CED1CED1CF4F0F4F0F3EF24
:10B55000DCD94F4F57576261F3EFF3EFF0EDF1ECA9
:10B56000F1EBEFECEDEBEDEA5857FFFF96965656F0
:10B570004F4FE5E2DFDDDEDBDBD8D9D5D5D4D3D044
:10B58000D0CD5455FFFFACAC58585252BFBEB7B7E0
:10B59000B4B3B1B1ADABA9A9A5A4A3A25353BCBC8C
:10B5A000585852539A9A9C9CA1A2A6A7AAABACAE9B
:10B5B000B0B2B2B65F60FFFFC5C558585150C6C79C
:10B5C000C3C4C6C6C8C8CBCBCECE7272CBCBFFFF2E
:10B5D000FFFFFFFFFFFFFFFF7D7D58585758555570
:10B5E000F2EFE7E4E9E6ECE9ECE8EDEAFDFAA0A029
:10B5F000FFFFFFFFFFFFFFFFFFFFFFFFFFFFFFFF5B
:10B60000FFFFFFFFFFFFFFFFFFFFFFFFFFFFFFFF4A
:10B61000FFFFFFFFFFFFFFFFFFFFFFFFFFFFFFFF3A
:10B62000FFFFFFFF4A4C585AB8B7E6E1E5E0E3DE1A
:10B63000E2DEDFD9DDD7D9D5E2DE6164FFFFFFFFAF
:10B64000FFFFFFFFFFFF53555A5CBAB9B2B2ADAD71
:10B65000A9A9A6A5A0A09B9C97988D8EB8B9FFFF1D
:10B66000FFFFFFFFFFFFEBEA57595152C0CCBBC6AB
:10B67000BFC9C1C9C4CCC7CECAD0CCD28D8FF7F751
:10B68000FFFFFFFFFFFFFFFFFFFFFFFFF0F0565937
:10B6900057598283E7E4E8E6EBE7EBE6EDE8676914
:10B6A000FFFFFFFFFFFFFFFFFFFFFFFFFFFFFFFFAA
:10B6B00054561C241C241C241C241C241C24F0EA86
:10B6C000F0EAEFE9D9D54F5157596164EFE9EFE955
:10B6D000EDE7ECE8EBE5ECE6EBE4EAE45759FFFFD5
:10B6E000969856584F52E2DDDDD8DBD7D8D4D5D363
:10B6F000D4CFD0CDCDC95556FFFFACAD585A52541A
:10B70000BEBDB7B6B3B2B1B1ABACA9A8A4A5A2A354
:10B710005355BCBD585A53559A9C9CA0A2A6A7ADA0
:10B72000ABB2AEB7B2BCB6C16062FFFFC5C5585A76
:10B730005051C7CFC4CCC6CEC8D0CBD1CED27274F4
:10B74000CBCDFFFFFFFFFFFFFFFFFFFF7D7F585ABD
:10B75000585A5557EFEDE4E3E6E3E9E6E8E6EAE7B1
:10B76000FAF4A0A1FFFFFFFFFFFFFFFFFFFFFFFFB6
:10B77000FFFFFFFFFFFFFFFFFFFFFFFFFFFFFFFFD9
:10B78000FFFFFFFFFFFFFFFFFFFFFFFFFFFFFFFFC9
:10B79000FFFFFFFFFFFFFFFF4A4A5858BAB9EBE728
:10B7A000EBE7E7E5E6E3E4E1E2DFDFDCEAE5606062
:10B7B000FFFFFFFFFFFFFFFFFFFF5353595ABFBDBE
:10B7C000B7B5B2B1AEADAAA9A4A4A0A09B9A908F20
:10B7D000B6B6FFFFFFFFFFFFFFFFEBEB57575151DF
:10B7E000BCBEB5B9BABCBDBEC0C2C4C3C7C7CACA55
:10B7F0008C8CF7F7FFFFFFFFFFFFFFFFFFFFFFFF4F
:10B800006C6C58585656E9E7E9E6EBE8ECE9EDEAE6
:10B81000EFEBE7E5ADADFFFFFFFFFFFFFFFFFFFF32
:10B82000FFFFFFFF5454ED1CED1CED1CED1CED1C47
:10B83000ED1CF4F0F4F0F4F0F3EFE7E5525162613F
:10B84000F5F1F3EFF3EFEFEDF1ECF1EBF0ECEEEC03
:10B850005858FFFF969656564F4FE7E4E2DFDFDD7C
:10B86000DEDBDAD8D8D4D5D3D4D15454FFFFACAC76
:10B8700058585252C2BFBCBAB8B6B5B3B0B0ADACEE
:10B88000A9A8A7A65353BCBC58585353949398984F
:10B890009C9DA1A3A6A7A9ABADAFB0B25F5FFFFF10
:10B8A000C5C558584F4FC3C4C2C2C4C5C6C6C9C90E
:10B8B000CBCBD3D24545FFFFFFFFFFFFFFFFD0D02B
:10B8C000585858585858B3B3E5E1E6E3E7E4E9E6D9
:10B8D000EBE9ECE9FCF9A0A0FFFFFFFFFFFFFFFF92
:10B8E000FFFFFFFFFFFFFFFFFFFFFFFFFFFFFFFF68
:10B8F000FFFFFFFFFFFFFFFFFFFFFFFFFFFFFFFF58
:10B90000FFFFFFFFFFFFFFFFFFFFFFFF4A4C585AFB
:10B91000B9B7E7E2E7E2E5DFE3DEE1DEDFDADCD874
:10B92000E5E06062FFFFFFFFFFFFFFFFFFFF5355F2
:10B930005A5CBDBCB5B5B1B1ADADA9A9A4A4A09FD9
:10B940009A9B8F90B6B7FFFFFFFFFFFFFFFFEBEA69
:10B9500057595152BECAB9C4BCC6BEC8C2C9C3CB6E
:10B96000C7CECAD08C8FF7F7FFFFFFFFFFFFFFFFA7
:10B97000FFFFFFFF6C6F585A5658E7E4E6E3E8E52F
:10B98000E9E6EAE7EBE6E5E1ADAEFFFFFFFFFFFF2B
:10B99000FFFFFFFFFFFFFFFF54561C241C241C2445
:10B9A0001C241C241C24F0EAF0EAF0EAEFE9E5DFAD
:10B9B00051546164F1EBEFE9EFE9EDE7ECE8EBE519
:10B9C000ECE6ECE55858FFFF969856584F51E4E0E6
:10B9D000DFDBDDD9DBD7D8D4D4D2D3CFD1CE545608
:10B9E000FFFFACAD585A5254BFBEBAB9B6B6B3B2E7
:10B9F000B0B0ACACA8A8A6A65355BCBD585A535578
:10BA0000939498999DA0A3A8A7ADABB2AFB7B2BCD1
:10BA10005F62FFFFC5C5585A4F51C4CFC2CAC5CCDB
:10BA2000C6CEC9CFCBD1D2D74547FFFFFFFFFFFF1F
:10BA3000FFFFD0D1585A585A585AB3B3E1E0E3E166
:10BA4000E4E3E6E3E9E6E9E5F9F4A0A1FFFFFFFF9F
:10BA5000FFFFFFFFFFFFFFFFFFFFFFFFFFFFFFFFF6
:10BA6000FFFFFFFFFFFFFFFFFFFFFFFFFFFFFFFFE6
:10BA7000FFFFFFFFFFFFFFFFFFFFFFFFFFFFFFFFD6
:10BA80004A4A5858BABAEDEAECE7EBE7E8E5E6E3EC
:10BA9000E4E1E1DEEDE97272FFFFFFFFFFFFFFFF70
:10BAA000FFFF5353595AC2C1BAB8B6B5B1B1AEAD22
:10BAB000A9A7A4A4A09F9392D7D7FFFFFFFFFFFFE2
:10BAC000FFFFEBEB57575151B9BCB4B8B7B9BBBC8A
:10BAD000BFC0C2C2C4C5C7C78B8CF7F7FFFFFFFF4B
:10BAE000FFFFFFFFFFFFFFFF4B4B58584949EBE8B3
:10BAF000E7E4E8E6EBE9ECE9EDEAF9F43C3DFFFFC9
:10BB0000FFFFFFFFFFFFFFFFFFFFFFFF5454ED1C90
:10BB1000ED1CED1CED1CED1CED1CF4F0F4F0F4F04C
:10BB2000F4F0F3EFE8E55C5CF5F1F4F0F3EFF3EF3C
:10BB3000EFEDF1ECF1EBF0EC5757FFFF9696565610
:10BB40004F4FEAE5E4E1E2DFDFDDDEDBDBD8D8D42E
:10BB5000D5D35555FFFFACAC58585252C5C2BEBCE8
:10BB6000BBB9B8B7B4B3B0B1ADACAAA95253BCBC61
:10BB700058585353979792929A989D9EA2A3A6A71E
:10BB8000A9AAAEAF5C5DFFFFB5B558584F4FC1C114
:10BB9000BFC0C1C2C4C4C7C7C9C9CCCCDBDB38373E
:10BBA000FFFFFFFFFFFF535358585858696AE2DF01
:10BBB000E3E0E4E2E6E3E8E5E8E7EBE8FBF8A0A091
:10BBC000FFFFFFFFFFFFFFFFFFFFFFFFFFFFFFFF85
:10BBD000FFFFFFFFFFFFFFFFFFFFFFFFFFFFFFFF75
:10BBE000FFFFFFFFFFFFFFFFFFFFFFFFFFFFFFFF65
:10BBF000FFFFFFFF4A4C585ABAB9EAE4E7E3E7E22D
:10BC0000E5E0E3DEE1DCDEDAE9E37274FFFFFFFF8B
:10BC1000FFFFFFFFFFFF53555A5CC1BEB8B7B5B475
:10BC2000B1B1ADADA7A7A4A39F9F9294D7D8FFFFB2
:10BC3000FFFFFFFFFFFFEBEA57595153BCC8B8C3E2
:10BC4000B9C5BCC6C0C9C2CBC5CCC7CE8C8EF7F7B0
:10BC5000FFFFFFFFFFFFFFFFFFFFFFFF4B4D585AA6
:10BC6000494BE8E7E4E2E6E2E9E5E9E5EAE7F4EF93
:10BC70003D3FFFFFFFFFFFFFFFFFFFFFFFFFFFFF56
:10BC800054561C241C241C241C241C241C24F0EAB0
:10BC9000F0EAF0EAF0EAEFE9E5E15C5FF1EBF0EA07
:10BCA000EFE9EFE9EDE7ECE7EBE5ECE75758FFFFED
:10BCB000969856584F50E5DFE1DCDFDADDD8DBD768
:10BCC000D8D4D4D2D3CE5557FFFFACAD585A525426
:10BCD000C2C2BCBBB9B9B7B6B3B2B1B0ACACA9A91A
:10BCE0005355BCBD585A535597989293989A9EA213
:10BCF000A3A8A7AEAAB2AFB95D5FFFFFB5B7585A08
:10BD00004F50C1CDC0CAC2CAC4CCC7CFC9CFCCD294
:10BD1000DBE1373AFFFFFFFFFFFF5355585A585AF0
:10BD20006A6BDFDFE0DFE2E1E3E1E5E2E7E4E8E6DA
:10BD3000F8F3A0A1FFFFFFFFFFFFFFFFFFFFFFFFE3
:10BD4000FFFFFFFFFFFFFFFFFFFFFFFFFFFFFFFF03
:10BD5000FFFFFFFFFFFFFFFFFFFFFFFFFFFFFFFFF3
:10BD6000FFFFFFFFFFFFFFFF4A4A5858BCBAEFEB47
:10BD7000EDEAEBE7EAE5E7E4E6E3E3E0EDEB71713A
:10BD8000FFFFFFFFFFFFFFFFFFFF5353595AC7C5D8
:10BD9000BEBCBAB8B6B5B2B1ADACA9A8A4A39798C9
:10BDA000D6D6FFFFFFFFFFFFFFFFEBEB57575151C9
:10BDB000B6B8B3B5B4B7B7BABBBCBFBFC2C2C4C3D1
:10BDC0008989F7F7FFFFFFFFFFFFFFFFFFFFDEDEC1
:10BDD000575757579291E3E0E6E3E7E4E8E6EBE8EC
:10BDE000ECE8EEEA7D7DFFFFFFFFFFFFFFFFFFFFB7
:10BDF000FFFFFFFF5454ED1CED1CED1CED1CED1C72
:10BE0000ED1CF4F0F4F0F4F0F4F0F4F0F3EFEBE800
:10BE1000F4F0F4F0F4F0F3EFF3EFF0EDF1ECF2EC1A
:10BE20005353FFFF969656564E4FEBE8E7E2E4E198
:10BE3000E1DFDFDDDDD9DAD8D8D55353FFFF9D9D93
:10BE400058585152C9C7C1BFBEBCBBB9B8B6B4B3CC
:10BE5000B0AFADAC5353BCBC585853539C9B969554
:10BE600091929B9A9D9EA3A4A7A7AAAB5C5CFFFF9F
:10BE7000B5B558584F4FBEBFBCBDC0C1C1C2C4C587
:10BE8000C7C6CACACCCCD8D84141FFFF4444585891
:10BE900058584545E2E0DFDEE2DFE3E0E5E2E6E3D5
:10BEA000E8E5EAE6FAF7A7A7FFFFFFFFFFFFFFFFBE
:10BEB000FFFFFFFFFFFFFFFFFFFFFFFFFFFFFFFF92
:10BEC000FFFFFFFFFFFFFFFFFFFFFFFFFFFFFFFF82
:10BED000FFFFFFFFFFFFFFFFFFFFFFFF4A4C585A26
:10BEE000BAB9EBE6EAE4E7E2E5E0E4DFE3DEE0DC72
:10BEF000EBE57173FFFFFFFFFFFFFFFFFFFF5355F0
:10BF00005A5CC5C3BCBBB8B7B5B4B1B1ACACA8A79B
:10BF1000A3A39897D6D7FFFFFFFFFFFFFFFFEBEA32
:10BF200057595153B8C3B5C0B7C4BAC6BCC7BFC9C7
:10BF3000C2CBC3CB898DF7F7FFFFFFFFFFFFFFFFEA
:10BF4000FFFFDEDF575957599193E0DFE3E2E4E268
:10BF5000E6E3E8E5E8E6EAE77D7EFFFFFFFFFFFFB7
:10BF6000FFFFFFFFFFFFFFFF54561C241C241C246F
:10BF70001C241C241C24F0EAF0EAF0EAF0EAF0EABF
:10BF8000EFE9E8E4F0EAF0EAF0EAEFE9EFE9EDE7FB
:10BF9000ECE7ECE65356FFFF969856584F52E8E20E
:10BFA000E2DDE1DDDFD9DDD8D9D5D8D4D5D25354FF
:10BFB000FFFF9D9E585A5254C7C4BFBFBCBBB9B9FE
:10BFC000B6B6B3B2AFAFACAD5356BCBD585A53556D
:10BFD0009B9C959592939A9C9EA2A4A7A7AEABB466
:10BFE0005C5FFFFFB5B6585A4F50BFCBBDC8C1CA42
:10BFF000C2CAC5CDC6CECAD0CCD2D8DE4144FFFF1E
:10C000004446585A585A4548E0E2DEDDDFE0E0DFBA
:10C01000E2E1E3E1E5E2E6E3F7F3A7A9FFFFFFFFD3
:10C02000FFFFFFFFFFFFFFFFFFFFFFFFFFFFFFFF20
:10C03000FFFFFFFFFFFFFFFFFFFFFFFFFFFFFFFF10
:10C04000FFFFFFFFFFFFFFFFFFFFFFFFFFFFFFFF00
:10C050004A4A5858BAB9F1EAEFEAEDEAEBE7EAE6FC
:10C06000E7E4E7E1F1ED7171FFFFFFFFFFFFFFFF85
:10C07000FFFF5353595ACAC7C2BFBEBCB9B9B5B402
:10C08000B1AFACABA9A79C9BD7D7FFFFFFFFFFFFCA
:10C09000FFFFEBEB57575252B2B5B0B2B4B5B5B7DC
:10C0A000B8BABBBDBFC0C1C28889F6F6FFFFFFFFAB
:10C0B000FFFFFFFFFFFF626258585455E5E3E1DEE2
:10C0C000E4E1E5E3E7E4E8E6ECE9ECEAEFEB9F9F87
:10C0D000FFFFFFFFFFFFFFFFFFFFF6F65555ED1CCB
:10C0E000ED1CED1CED1CED1CED1CF4F0F4F0F4F077
:10C0F000F4F0F4F0F4F0F4F0F4F0F4F0F4F0F4F020
:10C10000F3EFF3EFEFEDF2EE5353FFFF9696565633
:10C110004E4FECE8E7E4E7E3E3E0E2DFDFDDDCD924
:10C12000DAD95253FFFF9D9D58585151CBC9C5C311
:10C13000C0BEBEBCBAB8B7B6B4B2B0B05353BCBC44
:10C1400058585252A09F9999949593929B9A9F9F69
:10C15000A3A4A8A95C5DFFFFB5B558584F4FBBBD60
:10C16000B9BCBDBEBFC0C1C3C4C4C7C7CACACDCD98
:10C17000ABAB4747585857574A4BECEADCD9DEDCA3
:10C18000DFDEE1DFE3E0E5E2E7E3E7E4F8F4B3B2C2
:10C19000FFFFFFFFFFFFFFFFFFFFFFFFFFFFFFFFAF
:10C1A000FFFFFFFFFFFFFFFFFFFFFFFFFFFFFFFF9F
:10C1B000FFFFFFFFFFFFFFFFFFFFFFFFFFFFFFFF8F
:10C1C000FFFFFFFF4A4C585AB9B8EAE4EAE6EAE44E
:10C1D000E7E2E6E1E4DEE1DDEDE87173FFFFFFFF9A
:10C1E000FFFFFFFFFFFF53555A5CC7C6BFBEBCBA77
:10C1F000B9B7B4B4AFAFABABA7A79B9CD7D8FFFF81
:10C20000FFFFFFFFFFFFEBEA57595253B5BEB2BD28
:10C21000B5C1B7C3BAC5BDC7C0C9C2CB898DF6F613
:10C22000FFFFFFFFFFFFFFFFFFFF6264585A5557F4
:10C23000E3E3DEDFE1DFE3E2E4E3E6E3E9E6EAE5C8
:10C24000EBE89FA0FFFFFFFFFFFFFFFFFFFFF6F6FA
:10C2500055571C241C241C241C241C241C24F0EAD8
:10C26000F0EAF0EAF0EAF0EAF0EAF0EAF0EAF0EAFE
:10C27000F0EAF0EAEFE9EFE9EDE7EEE85356FFFF09
:10C28000969856584F51E8E3E4DFE3DDE0DCDFD970
:10C29000DDD8D9D5D9D55355FFFF9D9E585A515455
:10C2A000C9C5C3C0BEBEBCBBB8B9B6B5B2B2B0B0EA
:10C2B0005355BCBD585A52559FA099999596929442
:10C2C0009A9B9FA3A4A8A9AF5D5EFFFFB5B6585A7D
:10C2D0004F50BDCABCC6BEC8C0CBC3CCC4CCC7CEF1
:10C2E000CAD0CDD3ABB0474A585A57594B4DEAED57
:10C2F000D9DBDCDDDEDDDFE0E0DFE2E2E3E1E4E24A
:10C30000F4F0B2B3FFFFFFFFFFFFFFFFFFFFFFFFF0
:10C31000FFFFFFFFFFFFFFFFFFFFFFFFFFFFFFFF2D
:10C32000FFFFFFFFFFFFFFFFFFFFFFFFFFFFFFFF1D
:10C33000FFFFFFFFFFFFFFFF4A4A5858D5D3F1EC3C
:10C34000F0EBEDEAEDE9E9E7E9E5E6E3F5F0717137
:10C35000FFFFFFFFFFFFFFFFFFFF53535859CFCCF5
:10C36000C5C3C1C0BDBBB9B8B4B3B0AFACAB9F9E81
:10C37000D6D6FFFFFFFFFFFFFFFFEBEB57575151F3
:10C38000AEB0ACAFB2B4B3B5B3B7B8BABCBCBFC053
:10C390008788FBFBFFFFFFFFFFFFFFFFFFFF4D4D08
:10C3A00058584C4CE0DEDFDDE1DEE4E1E6E3E7E4B3
:10C3B000E9E6EBE9F3F03C3CFFFFFFFFFFFFFFFF87
:10C3C000FFFFF6F65555ED1CED1CED1CED1CED1CAC
:10C3D000ED1CF4F0F4F0F4F0F4F0F4F0F4F0F4F018
:10C3E000F4F0F4F0F4F0F4F0F3EFF3EFF3EFF1EE38
:10C3F0005454FFFF969656564E4EEEE9E9E5E7E4B3
:10C40000E7E2E3E0E1DEDEDDDCD95352FFFF9D9D94
:10C4100058585151CFCBC7C5C4C2C1BFBEBBBBB8B2
:10C42000B7B6B4B35353BCBC58585151A3A29D9C4A
:10C430009898949293939A9A9F9FA3A55C5DFFFF0F
:10C44000B5B55858504FB8BAB7B9BABCBDBDC0C1E0
:10C45000C1C3C5C4C8C8C9C9CDCD6A6A58585454E7
:10C46000DFDED6D6DAD8DBD9DEDCE0DEE2DFE4E1FF
:10C47000E5E3E7E4F7F3B3B3FFFFFFFFFFFFFFFFE1
:10C48000FFFFFFFFFFFFFFFFFFFFFFFFFFFFFFFFBC
:10C49000FFFFFFFFFFFFFFFFFFFFFFFFFFFFFFFFAC
:10C4A000FFFFFFFFFFFFFFFFFFFFFFFF4A4C585A50
:10C4B000D3D0ECE7EBE5EAE5E9E4E7E2E5E0E3DE4B
:10C4C000F0EA7172FFFFFFFFFFFFFFFFFFFF535511
:10C4D000595BCCCAC3C1C0BEBBBAB8B8B3B3AFB066
:10C4E000ABAB9E9FD6D8FFFFFFFFFFFFFFFFEBEA3E
:10C4F00057595153B0B8AFB7B4BEB5C1B7C4BAC637
:10C50000BCC8C0CA888BFBFBFFFFFFFFFFFFFFFF1C
:10C51000FFFF4D4F585A4C4EDEE0DDDDDEE0E1E03E
:10C52000E3E2E4E2E6E3E9E6F0EC3C3EFFFFFFFF96
:10C53000FFFFFFFFFFFFF6F655571C241C241C24A9
:10C540001C241C241C24F0EAF0EAF0EAF0EAF0EAE9
:10C55000F0EAF0EAF0EAF0EAF0EAF0EAEFE9EFE90F
:10C56000EFE9EEE85456FFFF969856584E51E9E42D
:10C57000E5E0E4DFE2DDE0DBDEDADDD8D9D65255F6
:10C58000FFFF9D9E585A5153CBC9C5C2C2C0BFBE02
:10C59000BBBAB8B8B6B5B3B15355BCBD585A515370
:10C5A000A2A29C9D9899929493949A9D9FA3A5AAC8
:10C5B0005D5FFFFFB5B6585A4F51BAC7B9C5BCC683
:10C5C000BDC9C1CBC3CDC4CCC8CEC9CFCDD36A6D94
:10C5D000585A5456DEE1D6D8D8DBD9DBDCDDDEDDB7
:10C5E000DFE0E1E0E3E2E4E2F3EFB3B4FFFFFFFFFB
:10C5F000FFFFFFFFFFFFFFFFFFFFFFFFFFFFFFFF4B
:10C60000FFFFFFFFFFFFFFFFFFFFFFFFFFFFFFFF3A
:10C61000FFFFFFFFFFFFFFFFFFFFFFFFFFFFFFFF2A
:10C620004A4A5858D6D4F0EEF1ECF0ECEDEAECE8DA
:10C63000EAE7E9E5F5F27171FFFFFFFFFFFFFFFF9A
:10C64000FFFF53535859D1D0C9C7C6C3C1C0BEBBE1
:10C65000B9B8B4B3B1AFA3A1D6D6FFFFFFFFFFFFB8
:10C66000FFFFEBEB57575251AAABA8AAADB0B0B23F
:10C67000B4B6B5B8B8BBBBBD8686FBFBFFFFFFFFFA
:10C68000FFFFFFFFCFCF57575758A3A3DBD8DDDB02
:10C69000DFDCE1DFE4E1E5E3E7E4E9E6EBE98B8C0D
:10C6A000FFFFFFFFFFFFFFFFFFFFF6F65555ED1CF5
:10C6B000ED1CED1CED1CED1CED1CF4F0F4F0F4F0A1
:10C6C000F4F0F4F0F4F0F4F0F4F0F4F0F4F0F4F04A
:10C6D000F4F0F4F0F3EFF4F05453FFFF969656564F
:10C6E0005454EFEBEBE6E8E5E6E3E6E1E3E0E1DE18
:10C6F000E1DE5353FFFF9D9D58585151D1CDCBC71B
:10C70000C7C5C5C3C1C0BEBABAB9B8B65252BCBC1F
:10C7100058585251A7A5A1A09D9C98979593949481
:10C720009A9A9E9F5B5CFFFFB5B55858504FB7B9BA
:10C73000B5B6B6B9B9BCBEBFC0C1C1C2C5C4C7C712
:10C74000CACAD1D14647ACACD4D2D5D3D6D6DAD723
:10C75000DBD9DDDBE0DEE2DFE3E0E4E3F4F1B3B319
:10C76000FFFFFFFFFFFFFFFFFFFFFFFFFFFFFFFFD9
:10C77000FFFFFFFFFFFFFFFFFFFFFFFFFFFFFFFFC9
:10C78000FFFFFFFFFFFFFFFFFFFFFFFFFFFFFFFFB9
:10C79000FFFFFFFF4A4C585AD4CFEEE7ECE7ECE638
:10C7A000EAE4E8E3E7E2E5E0F2EB7172FFFFFFFFA6
:10C7B000FFFFFFFFFFFF5355595BD0CEC7C4C3C176
:10C7C000C0BEBBBAB8B6B3B3AFAFA1A2D6D7FFFF56
:10C7D000FFFFFFFFFFFFEBEA57595153ABB1AAB17F
:10C7E000B0B9B2BDB6C2B8C3BBC6BDC8868CFBFB70
:10C7F000FFFFFFFFFFFFFFFFCFD05759585AA3A5F8
:10C80000D8DBDBDCDCDDDFE0E1E0E3E2E4E3E6E330
:10C81000E9E68C8DFFFFFFFFFFFFFFFFFFFFF6F64E
:10C8200055571C241C241C241C241C241C24F0EA02
:10C83000F0EAF0EAF0EAF0EAF0EAF0EAF0EAF0EA28
:10C84000F0EAF0EAF0EAF0EAEFE9F0EA5356FFFF27
:10C85000969856585457EBE6E6E1E5DFE3DEE1DD76
:10C86000E0DBDED9DED95355FFFF9D9E585A515368
:10C87000CDCBC7C5C5C2C3C0C0BDBABAB9B8B6B6BC
:10C880005255BCBD585A5153A5A5A0A09C9D97993F
:10C89000939494949A9D9FA35C5FFFFFB5B6585AFA
:10C8A0004F51B9C6B6C2B9C5BCC6BFC9C1CBC2CD4E
:10C8B000C4CCC7CDCAD0D1D84749ACB0D2D6D3D7D3
:10C8C000D6D8D7DAD9DBDBDDDEDDDFE0E0E0E3E29E
:10C8D000F1EEB3B4FFFFFFFFFFFFFFFFFFFFFFFF1E
:10C8E000FFFFFFFFFFFFFFFFFFFFFFFFFFFFFFFF58
:10C8F000FFFFFFFFFFFFFFFFFFFFFFFFFFFFFFFF48
:10C90000FFFFFFFFFFFFFFFF4A4A5858D6D4F3EF5F
:10C91000F0EDF1ECEFECECEAECE9EAE7F9F3717138
:10C92000FFFFFFFFFFFFFFFFFFFF53535859D5D312
:10C93000CCC9C9C6C5C3C1C0BCBCB8B9B4B4A6A62D
:10C94000D6D6FFFFFFFFFFFFFFFFEBEB575752521B
:10C95000A6A6A4A6A9A9ADAFB1B3B3B6B3B7B8BAEA
:10C960008486FBFBFFFFFFFFFFFFFFFF5555585875
:10C970005352DFDED7D6DAD9DDDBE0DDE3E0E3E0FA
:10C98000E5E4E8E5E9E6F3F08D8DFFFFFFFFFFFF4B
:10C99000FFFFF6F65555ED1CED1CED1CED1CED1CD6
:10C9A000ED1CF3EEF4F0F4F0F4F0F4F0F4F0F4F045
:10C9B000F4F0F4F0F4F0F4F0F4F0F4F0F3EFF4F059
:10C9C0005453FFFF969656565454F0EDECE8EBE6C0
:10C9D000E9E5E6E3E7E2E4E0E2DF5353FFFF9D9D94
:10C9E00058585051D4D1CDCACAC7C7C5C3C2C1BF98
:10C9F000BDBCBBB95252BCBC58585151AAA9A4A243
:10CA0000A1A09C9B9898949394949A9C5C5CFFFF43
:10CA1000B5B558585050B6B8B4B6B4B7B7B9BBBB33
:10CA2000BDBEC0C0C2C3C4C4C7C7CACAD2D2CFCE9B
:10CA3000D1D0D4D2D5D2D7D5D9D8DCDADEDCDFDD7F
:10CA4000E2DFE3E0F3F0B3B3FFFFFFFFFFFFFFFF21
:10CA5000FFFFFFFFFFFFFFFFFFFFFFFFFFFFFFFFE6
:10CA6000FFFFFFFFFFFFFFFFFFFFFFFFFFFFFFFFD6
:10CA7000FFFFFFFFFFFFFFFFFFFFFFFF4A4C585A7A
:10CA8000D4CFEFE9EDE7ECE7ECE6EAE4E9E3E7E24F
:10CA9000F3ED7172FFFFFFFFFFFFFFFFFFFF535535
:10CAA000595BD3D0C9C7C6C3C3C1C0BEBCBBB9B62E
:10CAB000B4B3A6A6D6D7FFFFFFFFFFFFFFFFEBEA49
:10CAC00057595254A6ABA6ACA9B2AFB8B3BEB6C2C2
:10CAD000B7C4BAC5868AFBFBFFFFFFFFFFFFFFFF5E
:10CAE0005557585A5254DEE1D6D8D9DBDBDDDDDDAF
:10CAF000E0E0E0E0E4E2E5E2E6E3F0ED8D8FFFFF69
:10CB0000FFFFFFFFFFFFF6F655571C241C241C24D3
:10CB10001C241C241C24EEE8F0EAF0EAF0EAF0EA17
:10CB2000F0EAF0EAF0EAF0EAF0EAF0EAF0EAF0EA35
:10CB3000EFE9F0EA5356FFFF969856585455EDE743
:10CB4000E8E3E6E1E5E0E3DFE2DDE0DBDFDA5355F1
:10CB5000FFFF9D9E585A5153D1CECAC8C7C5C5C301
:10CB6000C2BFBFBEBCBAB9B85254BCBD585A51536B
:10CB7000A9A9A2A3A0A09B9C9899939494969C9CED
:10CB80005C5FFFFFB5B6585A5051B8C2B6C1B7C3C3
:10CB9000B9C6BBC5BEC8C0CBC3CDC4CCC7CECAD036
:10CBA000D2D8CED3D0D4D2D6D2D6D5D8D8DADADB32
:10CBB000DCDDDDDCDFE0E0E0F0EEB3B4FFFFFFFF43
:10CBC000FFFFFFFFFFFFFFFFFFFFFFFFFFFFFFFF75
:10CBD000FFFFFFFFFFFFFFFFFFFFFFFFFFFFFFFF65
:10CBE000FFFFFFFFFFFFFFFFFFFFFFFFFFFFFFFF55
:10CBF0004A4A5858D6D4F2EEF3EFF0EDF1EDEFECEF
:10CC0000EDEAEDE9FBF67372FFFFFFFFFFFFFFFFA9
:10CC1000FFFF53535859D9D6D0CDCAC9C8C6C5C4C9
:10CC2000C0BFBCBBB8B7A0A0D7D7FFFFFFFFFFFFB7
:10CC3000FFFFEBEB575752529EA0A1A1A5A7A9ACAD
:10CC4000AEB0B1B3B4B6B5B87D7EFBFBFFFFFFFF5E
:10CC5000FFFFFFFF505057575757D6D4D5D4D8D7DA
:10CC6000DAD8DDDBE0DDE2DFE4E1E6E3E8E4EFEBA8
:10CC70003C3CFFFFFFFFFFFFFFFFF6F65555ED1CA5
:10CC8000ED1CED1CED1CED1CED1CF3EFF3EEF4F0D0
:10CC9000F4F0F4F0F4F0F4F0F4F0F4F0F4F0F4F074
:10CCA000F4F0F4F0F4F0F4F05453FFFF9696565677
:10CCB0005454F1ECEDE9ECE6EBE6E9E5E6E4E6E315
:10CCC000E5DF5453FFFF9D9D58585150D7D4CFCB2B
:10CCD000CCCACBC8C7C4C3C2C0BFBEBC5353BCBC04
:10CCE00058585050ADACA7A6A4A3A09F9B9B979764
:10CCF000939395955050FFFFB5B558585050B3B425
:10CD0000B3B4B4B6B5B7B7BABABCBEBFC1C1C2C37B
:10CD1000C5C5C8C8CACACCCCCFCFD2D0D3D1D5D440
:10CD2000D7D5DBD9DCD9DDDBE1DEE2DFF1EEB3B371
:10CD3000FFFFFFFFFFFFFFFFFFFFFFFFFFFFFFFF03
:10CD4000FFFFFFFFFFFFFFFFFFFFFFFFFFFFFFFFF3
:10CD5000FFFFFFFFFFFFFFFFFFFFFFFFFFFFFFFFE3
:10CD6000FFFFFFFF4A4C585AD4CFEEE8EFE9EDE75A
:10CD7000EDE7ECE6EAE4E9E4F6F07275FFFFFFFFA9
:10CD8000FFFFFFFFFFFF5355595BD6D3CDC9C9C77E
:10CD9000C6C4C4C0BFBDBBBBB7B6A0A1D7D8FFFF38
:10CDA000FFFFFFFFFFFFEBEA57595254A0A3A1A6D4
:10CDB000A7ADACB2B0B9B3BDB6C3B8C47E83FBFBFC
:10CDC000FFFFFFFFFFFFFFFF505257595759D4D8BD
:10CDD000D4D8D7D8D8DBDBDCDDDCDFE0E1E0E3E191
:10CDE000E4E2EBE73C3FFFFFFFFFFFFFFFFFF6F64C
:10CDF00055571C241C241C241C241C241C24EFE731
:10CE0000EEE8F0EAF0EAF0EAF0EAF0EAF0EAF0EA56
:10CE1000F0EAF0EAF0EAF0EAF0EAF0E95356FFFF50
:10CE2000969856585455ECE8E9E4E6E2E6E1E5E088
:10CE3000E4DFE3DDDFDC5354FFFF9D9E585A50537F
:10CE4000D4D0CBCACAC8C8C5C4C3C2BFBFBDBCBB8F
:10CE50005355BCBD585A5053ACACA6A7A3A39F9F33
:10CE60009B9B9798939495965052FFFFB5B6585A4E
:10CE70005051B4BEB4BEB6C2B7C3BAC5BCC6BFC8B3
:10CE8000C1CBC3CCC5CDC8CECAD0CCD2CFD3D0D4E1
:10CE9000D1D6D4D7D5D8D9DAD9DADBDEDEDDDFE0FA
:10CEA000EEEDB3B4FFFFFFFFFFFFFFFFFFFFFFFF4C
:10CEB000FFFFFFFFFFFFFFFFFFFFFFFFFFFFFFFF82
:10CEC000FFFFFFFFFFFFFFFFFFFFFFFFFFFFFFFF72
:10CED000FFFFFFFFFFFFFFFF4A4A5858D6D4F4F088
:10CEE000F3EFF3EFF0EEF1EDF0ECEDEBFCF7727237
:10CEF000FFFFFFFFFFFFFFFFFFFF53535859DCDA2F
:10CF0000D3D0CFCCCBC9C8C6C3C2C0BFBCBBA3A300
:10CF1000D7D7FFFFFFFFFFFFFFFFEBEB5757535341
:10CF200098999B9CA1A2A5A7AAABAEB1B1B3B4B589
:10CF30007678FBFBFFFFFFFFFFFFB4B4585858584B
:10CF4000B3B2D1CFD4D2D6D5D8D6DCD9DDDBE0DDB3
:10CF5000E3E0E5E2E6E3E8E59C9BF7F7FFFFFFFF90
:10CF6000FFFFF6F65555ED1CED1CED1CED1CED1C00
:10CF7000ED1CF1EDF3EFF2EFF4F0F4F0F4F0F4F077
:10CF8000F4F0F4F0F4F0F4F0F4F0F4F0F4F0F5F17F
:10CF90005453FFFF969656565354F3EEEEEAEDEADD
:10CFA000EBE7EBE6E9E6E6E3E8E44D4EFFFF9E9EA5
:10CFB00058585151D9D7D3D0CFCCCCCAC9C7C6C481
:10CFC000C4C1C1C15252BFBF58585050B0AFABA935
:10CFD000A7A6A3A29F9E9C9B989794935252FFFF53
:10CFE000B5B558585050AFB0AFB1B1B4B4B5B5B78E
:10CFF000B8B9BABCBEBFC0C1C2C3C5C5C8C8CACA19
:10D00000CDCCCFCFD2D0D3D1D5D3D7D5DAD9DDDAE5
:10D01000DEDCE1DDE7E5B3B3FFFFFFFFFFFFFFFF6E
:10D02000FFFFFFFFFFFFFFFFFFFFFFFFFFFFFFFF10
:10D03000FFFFFFFFFFFFFFFFFFFFFFFFFFFFFFFF00
:10D04000FFFFFFFFFFFFFFFFFFFFFFFF4A4C585AA4
:10D05000D4CFF0EAEFE9EFE9EEE8EDE7ECE6EBE458
:10D06000F7F27275FFFFFFFFFFFFFFFFFFFF535552
:10D07000595BDAD6D0CDCCC9C9C7C6C4C2C0BFBD02
:10D08000BBBAA3A4D7D8FFFFFFFFFFFFFFFFEBEA68
:10D0900057595355999A9C9EA2A5A7ACABB3B1B969
:10D0A000B3BEB5C1787DFBFBFFFFFFFFFFFFB4B44C
:10D0B000585A585AB2B6CFD4D2D6D5D7D6D9D9DB4A
:10D0C000DBDDDDDDE0E0E2E0E3E1E5E19B9CF7F8BC
:10D0D000FFFFFFFFFFFFF6F655571C241C241C24FE
:10D0E0001C241C241C24EDE8EFE7EFE9F0EAF0EA49
:10D0F000F0EAF0EAF0EAF0EAF0EAF0EAF0EAF0EA60
:10D10000F0EAF1EB5356FFFF969856585455EEE867
:10D11000EAE5EAE4E7E2E6E1E6E0E3DEE4DF4E50FA
:10D12000FFFF9EA0585A5152D7D2D0CDCCC8CAC802
:10D13000C7C5C4C3C1BFC1BE5255BFC0585A505263
:10D14000AFAFA9AAA6A7A2A39E9E9B9C97989394D3
:10D150005254FFFFB5B6585A5052B0B8B1BAB4BE27
:10D16000B5C1B7C3B9C5BCC5BFC9C1CAC3CDC5CD9B
:10D17000C8CECAD0CCD2CFD4D0D4D1D6D3D7D5D89C
:10D18000D9DADADBDCDEDDDEE5E4B3B4FFFFFFFF96
:10D19000FFFFFFFFFFFFFFFFFFFFFFFFFFFFFFFF9F
:10D1A000FFFFFFFFFFFFFFFFFFFFFFFFFFFFFFFF8F
:10D1B000FFFFFFFFFFFFFFFFFFFFFFFFFFFFFFFF7F
:10D1C0004A4A5858D6D4F4F0F4F0F2EEF3EFF0EE09
:10D1D000F1ECF0ECFDFB7272FFFFFFFFFFFFFFFFC2
:10D1E000FFFF53535859E0DDD6D4D2CFCFCCCBC8B4
:10D1F000C9C5C4C1C0BFA6A5D7D7FFFFFFFFFFFFAA
:10D20000FFFFEBEB57575252999895959C9CA1A222
:10D21000A6A8A9ACAEB0B2B47677FBFBFFFFFFFFC8
:10D22000FFFF4F4F58585050D5D4CFCDD2CFD4D286
:10D23000D6D5D9D7DCD9DEDCE1DDE2DFE5E2E6E315
:10D24000F1EF7D7DFFFFFFFFFFFFF6F65555ED1C6B
:10D25000ED1CED1CED1CED1CED1CF2ECF2EEF3EF01
:10D26000F3F1F4EFF4F0F4F0F4F0F4F0F4F0F4F09F
:10D27000F4F0F4F0F4F0F5F15453FFFF969656569F
:10D280005354F3F0EFECECEAECEAEBE7EBE6E9E61B
:10D29000E8E64E4DFFFFA1A158595151DCD9D6D334
:10D2A000D3CFCFCDCCC9C9C7C6C4C4C25252B0B007
:10D2B0005A5A5151B4B3AFAEABA9A6A5A3A1A09F32
:10D2C0009B9A97975151FFFFB5B558585150ABAC49
:10D2D000ACAEAFB1B1B3B4B6B4B7B8B9BABDBEBFF6
:10D2E000C1C2C2C3C6C6C7C7CBCBCECED0CFD2D1A8
:10D2F000D4D2D5D3D6D6DAD9DDDBDEDDDEDDB3B3ED
:10D30000FFFFFFFFFFFFFFFFFFFFFFFFFFFFFFFF2D
:10D31000FFFFFFFFFFFFFFFFFFFFFFFFFFFFFFFF1D
:10D32000FFFFFFFFFFFFFFFFFFFFFFFFFFFFFFFF0D
:10D33000FFFFFFFF4A4C585AD4CFF0EAF0EAEEE87C
:10D34000EFE9EEE8ECE6ECE6FBF47275FFFFFFFFB9
:10D35000FFFFFFFFFFFF5355595BDDD9D4D0CFCC82
:10D36000CCC9C8C6C5C3C1BFBFBDA5A7D7D8FFFF1D
:10D37000FFFFFFFFFFFFEBEA57595255989995972A
:10D380009CA0A2A6A8ADACB3B0BAB4BE777CFBFBA0
:10D39000FFFFFFFFFFFF4F51585A5052D4DBCDD251
:10D3A000CFD4D2D7D5D9D7DAD9DBDCDDDDDEDFDFEC
:10D3B000E2E0E3E1EFEB7D7EFFFFFFFFFFFFF6F62C
:10D3C00055571C241C241C241C241C241C24ECE85D
:10D3D000EEE8EFE7F1EBEFE9F0EAF0EAF0EAF0EA85
:10D3E000F0EAF0EAF0EAF0EAF0EAF1EB5356FFFF78
:10D3F000969856585455F0E8ECE6EAE4EAE3E7E29A
:10D40000E6E1E6E0E6E04D50FFFFA1A2595B515294
:10D41000D9D6D3D0CFCCCDC8C9C8C7C5C4C3C2BF65
:10D420005254B0B15A5C5152B3B3AEACA9AAA5A63E
:10D43000A1A39F9E9A9B97985154FFFFB5B6585A47
:10D440005052ACB3AEB4B1BAB3BEB6C2B7C4B9C62B
:10D45000BDC6BFCAC2CAC3CDC6CEC7CECBD1CED23F
:10D46000CFD4D1D4D2D6D3D7D6D7D9DBDBDBDDDE50
:10D47000DDDDB3B4FFFFFFFFFFFFFFFFFFFFFFFF97
:10D48000FFFFFFFFFFFFFFFFFFFFFFFFFFFFFFFFAC
:10D49000FFFFFFFFFFFFFFFFFFFFFFFFFFFFFFFF9C
:10D4A000FFFFFFFFFFFFFFFF4A4A5858D6D4F4F0B2
:10D4B000F4F0F4F0F2EEF2EFF1EDF1ECFFFC727249
:10D4C000FFFFFFFFFFFFFFFFFFFF52525555E4E054
:10D4D000D9D6D5D3D2CFCFCCCBC8C7C5C4C2A8A8C4
:10D4E000D7D7FFFFFFFFFFFFFFFFEBEB575751526F
:10D4F0009E9E929296969C9DA2A3A7A8AAABAEB020
:10D500007676FBFBFFFFFFFFFFFF535357575E5E2F
:10D51000CACACDCDD0CFD2D1D4D2D6D5DAD8DBD9E4
:10D52000DEDBE1DEE2E0E5E2EBE73F3FFFFFFFFFAE
:10D53000FFFFF6F65555ED1CED1CED1CED1CED1C2A
:10D54000ED1CF0ECF2ECF2EECBC8FFFFF4F0F4F0DF
:10D55000F4F0F4F0F4F0F4F0F4F0F4F0F4F0F5F1A9
:10D560005453FFFF969656565353F3F0F1ECEFECFD
:10D57000ECEAECEAEBE7EBE7EAE74E4EFFFFC2C26C
:10D5800058585051DFDDD8D5D5D3D3D0CFCCCACA67
:10D59000C8C6C7C55353B0B056564F4FB7B6B1B152
:10D5A000AEADAAA8A6A5A3A19F9E9B9A5151FFFF2D
:10D5B000B5B558585151A7A8A8AAABADAFB1B3B5EE
:10D5C000B4B6B5B8B8BABBBCBEBFC1C2C3C4C5C58A
:10D5D000C9C9CCCCCDCED0CED2D0D5D3D5D3D8D648
:10D5E000DBD9DCDADDDCB3B3FFFFFFFFFFFFFFFFBA
:10D5F000FFFFFFFFFFFFFFFFFFFFFFFFFFFFFFFF3B
:10D60000FFFFFFFFFFFFFFFFFFFFFFFFFFFFFFFF2A
:10D61000FFFFFFFFFFFFFFFFFFFFFFFF4A4C585ACE
:10D62000D4CFF0EAF0EAF0EAEEE8EFE9EDE8ECE575
:10D63000FCF57275FFFFFFFFFFFFFFFFFFFF525476
:10D640005557E0DCD6D3D3CFCFCDCCC8C8C5C5C3E2
:10D65000C2BFA8A7D7D8FFFFFFFFFFFFFFFFEBEA7E
:10D66000575952549E9D929396979DA0A3A7A8AFF9
:10D67000ABB3B0B9767AFBFBFFFFFFFFFFFF53555B
:10D6800057595E5FCAD0CDD3CFD4D1D4D2D6D5D955
:10D69000D8DAD9DBDBDEDEDFE0DFE2E1E7E53F42DF
:10D6A000FFFFFFFFFFFFF6F655571C241C241C2428
:10D6B0001C241C241C24ECE6ECE8EEE8C8C3FFFAAA
:10D6C000F0EAF0EAF0EAF0EAF0EAF0EAF0EAF0EA8A
:10D6D000F0EAF1EB5356FFFF969856585355F0EA8F
:10D6E000ECE6ECE6EAE4EAE3E7E2E7E2E7E14E5003
:10D6F000FFFFC2C3585A5154DDD8D5D2D3CFD0CCB6
:10D70000CCC9CAC8C6C5C5C25357B0B156584F5187
:10D71000B6B6B1B1ADACA8A9A5A5A1A29E9E9A9B93
:10D720005153FFFFB5B6585A5153A8ADAAB1ADB584
:10D73000B1BAB5BFB6C2B8C4BAC6BCC6BFCAC2CAFF
:10D74000C4CCC5CEC9CFCCD2CED2CED4D0D4D3D7F0
:10D75000D3D8D6D8D9DBDADADCDDB3B4FFFFFFFFEC
:10D76000FFFFFFFFFFFFFFFFFFFFFFFFFFFFFFFFC9
:10D77000FFFFFFFFFFFFFFFFFFFFFFFFFFFFFFFFB9
:10D78000FFFFFFFFFFFFFFFFFFFFFFFFFFFFFFFFA9
:10D790004B4B5858D6D4F4F0F4F0F4F0F3EFF3EF29
:10D7A000F2EEF1EDFFFC7272FFFFFFFFFFFFFFFFE4
:10D7B000FFFF55555555E6E3DCD9D9D5D5D3D2CFA2
:10D7C000CECACBC8C7C4ABABD7D7FFFFFFFFFFFFA5
:10D7D000FFFFDFDF57575252A3A298989292979774
:10D7E0009C9DA2A3A6A8AAAC7475FBFBFFFFFFFF3C
:10D7F0009D9D58585758B4B5C6C6CACACDCDD0CFCE
:10D80000D3D1D4D2D7D6DAD8DBDADFDDE2DFE4E178
:10D81000E4E2A4A3F3F2FFFFFFFFF6F65555ED1C7B
:10D82000ED1CED1CED1CED1CED1CEFECF0EDF2EC35
:10D83000D6D24546FFFFF4F0F4F0F4F0F4F0F4F043
:10D84000F4F0F4F0F4F0F5F15453FFFF96965656C9
:10D850005353F4EFF1ECF1ECEFECECEBECE8EAE72E
:10D86000ECE74E4EFFFFDCDC58584F50E2DFDAD9D0
:10D87000D8D5D5D2D3D0CFCCCBC9C8C7535391912B
:10D8800056564F4EBBBAB5B3B2B1ADACAAA8A8A517
:10D89000A2A1A09F4E4EFFFFB5B558585252A2A369
:10D8A000A5A6A8AAACADAFB1B2B4B4B6B5B8B8BB72
:10D8B000BBBCBEBFC1C1C2C4C6C6C9C9CBCBCDCE1D
:10D8C000CFCFD3D0D5D3D6D5D8D7DBDADCDBB3B343
:10D8D000FFFFFFFFFFFFFFFFFFFFFFFFFFFFFFFF58
:10D8E000FFFFFFFFFFFFFFFFFFFFFFFFFFFFFFFF48
:10D8F000FFFFFFFFFFFFFFFFFFFFFFFFFFFFFFFF38
:10D90000FFFFFFFF4B4E585AD4CFF0EAF0EAF0EA9F
:10D91000EFE9EFE9EEE8EDE8FCF57275FFFFFFFFD8
:10D92000FFFFFFFFFFFF55575557E3DDD9D5D5D290
:10D93000D3CFCFCCCAC8C8C5C4C2ABA9D7D8FFFF04
:10D94000FFFFFFFFFFFFDFDE57595254A2A2989955
:10D95000929397999DA1A3A8A8AEACB3757AFBFB4F
:10D96000FFFFFFFF9D9F585A585AB5BDC6CDCAD07C
:10D97000CDD2CFD4D1D4D2D6D6D9D8DADADBDDDE47
:10D98000DFDFE1DFE2E1A3A3F2F2FFFFFFFFF6F644
:10D9900055571C241C241C241C241C241C24ECE689
:10D9A000EDE6ECE8D2CE4648FFF8F0EAF0EAF0EA1D
:10D9B000F0EAF0EAF0EAF0EAF0EAF1EB5356FFFFA2
:10D9C000969856585356EFE9ECE8ECE6ECE6EBE4B3
:10D9D000E8E3E7E2E7E24E50FFFFDCDC585A505242
:10D9E000DFDBD9D5D5D2D2CFD0CDCCC9C9C7C7C539
:10D9F0005357919356584E51BABAB3B4B1B2ACAD75
:10DA0000A8A9A5A5A1A29F9E4E4FFFFFB5B6585A43
:10DA10005253A3A7A6ACAAB1ADB6B1BCB4BFB6C3AE
:10DA2000B8C4BBC6BCC7BFC9C1CAC4CCC6CEC9CEA8
:10DA3000CBD1CED2CFD4D0D4D3D7D5D9D7D9DADCA5
:10DA4000DBDCB3B4FFFFFFFFFFFFFFFFFFFFFFFFC4
:10DA5000FFFFFFFFFFFFFFFFFFFFFFFFFFFFFFFFD6
:10DA6000FFFFFFFFFFFFFFFFFFFFFFFFFFFFFFFFC6
:10DA7000FFFFFFFFFFFFFFFF4B4B5858D6D4F4F0DA
:10DA8000F4F0F4F0F4F0F4F0F3EFF2EFFFFD727263
:10DA9000FFFFFFFFFFFFFFFFFFFF55555555E9E56E
:10DAA000DFDBDCD9D9D5D4D2D2CFCECACBC7ACAC90
:10DAB000D7D7FFFFFFFFFFFFFFFFD8D857575151C0
:10DAC000A7A69D9C9897929397979D9EA2A3A5A881
:10DAD0007373FBFBFFFFFFFF494958584D4DC9CAFF
:10DAE000C4C4C6C6C9C9CDCCD0CED3D0D5D3D7D661
:10DAF000DAD8DDDBDEDDE1DEE4E0F2EF6B6BFFFFC9
:10DB0000FFFFF6F65555ED1CED1CED1CED1CED1C54
:10DB1000ED1CECE8EFECF0EDD3D0B9B9494AFAF7D7
:10DB2000F4F0F4F0F4F0F4F0F4F0F4F0F4F0F5F1D3
:10DB30005353FFFF858556565353F5F1F0EDF1EC45
:10DB4000F1EBEFECEDEBECE9EDEA4E4EFFFFFFFF02
:10DB500054544E4EE6E5DDDADBD9D7D5D4D2D3D056
:10DB6000CECACBCA6262545456565353BEBDB9B8DE
:10DB7000B4B4B1B1AEACA9A8A6A5A4A34647FFFF13
:10DB8000B5B5585852529E9EA1A2A5A7A8AAACAE60
:10DB9000AFB1B2B4B5B6BABCB8BABABDBEBFC1C1F6
:10DBA000C4C3C6C6C9C9CBCBCECED0CED3D2D5D3B3
:10DBB000D6D5D8D6DBD9B3B3FFFFFFFFFFFFFFFFFA
:10DBC000FFFFFFFFFFFFFFFFFFFFFFFFFFFFFFFF65
:10DBD000FFFFFFFFFFFFFFFFFFFFFFFFFFFFFFFF55
:10DBE000FFFFFFFFFFFFFFFFFFFFFFFF4B4D585AF7
:10DBF000D4CFF0EAF0EAF0EAF0EAF0EAEFE9EFE990
:10DC0000FDF67275FFFFFFFFFFFFFFFFFFFF555798
:10DC10005557E5E0DBD8D9D5D5D3D2CECFCCCAC9BC
:10DC2000C7C5ACACD7D8FFFFFFFFFFFFFFFFD8D8B9
:10DC300057595153A6A69C9D9798939397999EA147
:10DC4000A3A8A8AE7377FBFBFFFFFFFF494B585A11
:10DC50004D4ECAD2C4CCC6CEC9D0CCD2CED4D0D4EC
:10DC6000D3D6D6D9D8DADBDADDDEDEDFE0DFEFECE3
:10DC70006B6EFFFFFFFFF6F655571C241C241C2477
:10DC80001C241C241C24E8E5ECE7EDE6D0CDB9BA51
:10DC90004A4CF7F0F0EAF0EAF0EAF0EAF0EAF0EAEB
:10DCA000F0EAF1EB5355FFFF858756585356F1EBD9
:10DCB000EDE7ECE8EBE5ECE6EBE4E9E3EAE54E5012
:10DCC000FFFFFFFF54564E51E5DFDAD7D9D5D5D146
:10DCD000D2CED0CDCAC9CAC862655456565853551B
:10DCE000BDBBB8B7B4B4B1B1ACACA8A8A5A6A3A449
:10DCF000474AFFFFB5B6585A52549EA0A2A6A7ADF8
:10DD0000AAB1AEB6B1BCB4BFB6C3BCC9BAC6BDC772
:10DD1000BFC9C1C9C3CCC6CEC9CFCBD1CED3CED457
:10DD2000D2D6D3D6D5D9D6DAD9DBB3B4FFFFFFFF2D
:10DD3000FFFFFFFFFFFFFFFFFFFFFFFFFFFFFFFFF3
:10DD4000FFFFFFFFFFFFFFFFFFFFFFFFFFFFFFFFE3
:10DD5000FFFFFFFFFFFFFFFFFFFFFFFFFFFFFFFFD3
:10DD60004B4B5858D6D4F4F0F4F0F4F0F4F0F4F04F
:10DD7000F4F0F3EFFFFE7272FFFFFFFFFFFFFFFF04
:10DD8000FFFF55555555EBE7E1DEDFDCDCD8DAD592
:10DD9000D4D3D2CFCECAB0B0D7D7FFFFFFFFFFFF9B
:10DDA000FFFFD8D857575151ABAAA2A19C9B989777
:10DDB000929397989D9EA2A37173FBFBFFFFFFFFB9
:10DDC000545457576868BFC0C1C1C3C5C7C7CACA82
:10DDD000CDCCCFCED2D1D4D2D6D5DAD8DCDADEDCF7
:10DDE000E3B4ED1CED1CED1CED1CED1CED1CED1C5D
:10DDF000ED1CED1CED1CED1CED1CED1CED1CED1CDB
:10DE0000ED1CED1CC664696AF4F2F4F0F4F0F4F071
:10DE1000F4F0F4F0F4F0F5F15353FFFF8787565612
:10DE20005353F5F1F3EFEFEDF1ECF1EBEFEBEDEB3D
:10DE3000EFEA4E4EFFFFFFFF4B4B4F4FEEEADFDEA8
:10DE4000DDDADBD8D8D5D5D3D2CFCFCB8585575720
:10DE500057576564BFBDBCBAB9B7B5B4B1B0ADACC6
:10DE6000A9A8A9A83F3FFFFFB5B5585853539898A4
:10DE70009C9CA1A1A5A6A9AAACAFAFB1B3B55859B6
:10DE8000BEC1B8BABBBDBEBFC1C1B4B5CDCDC9C995
:10DE9000CBCBCECDD0D0D3D2D5D2D6D5D7D6B3B3A7
:10DEA000FFFFFFFFFFFFFFFFFFFFFFFFFFFFFFFF82
:10DEB000FFFFFFFFFFFFFFFFFFFFFFFFFFFFFFFF72
:10DEC000FFFFFFFFFFFFFFFFFFFFFFFFFFFFFFFF62
:10DED000FFFFFFFF4B4D585AD4CFF0EAF0EAF0EACB
:10DEE000F0EAF0EAF0EAEFE9FEF77275FFFFFFFFF4
:10DEF000FFFFFFFFFFFF55575557E7E3DEDADCD89A
:10DF0000D8D4D5D4D3CECFCCCAC9B0AED7D8FFFFE2
:10DF1000FFFFFFFFFFFFD8D857595153AAAAA1A16D
:10DF20009B9C9799939498999EA2A3A77376FBFBC9
:10DF3000FFFFFFFF54565759686BC0CAC1C9C5CC13
:10DF4000C7CECAD0CCD2CED4D1D4D2D7D5D8D8DAB5
:10DF5000DADBDCDEB4B71C241C241C241C241C24A7
:10DF60001C241C241C241C241C241C241C241C24B1
:10DF70001C241C241C241C2464686A6BF2ECF0EA48
:10DF8000F0EAF0EAF0EAF0EAF0EAF1EB5355FFFFCD
:10DF9000878856585356F1EBEFE9EDE7ECE7EBE5F0
:10DFA000EBE6EBE4EAE64E4FFFFFFFFF4B4D4F5130
:10DFB000EAE5DED9DAD6D8D4D5D2D3CFCFCCCBC907
:10DFC0008586575957596467BDBCBABBB7B7B4B358
:10DFD000B0B0ACADA8A8A8A83F41FFFFB5B6585A4D
:10DFE0005355989B9CA0A1A5A6AAAAB1AFB7B1BC56
:10DFF000B5C0595AC1CEBAC6BDC8BFC9C1C9B5BDE1
:10E00000CDD5C9CFCBD2CDD2D0D5D2D6D2D6D5D9F7
:10E01000D6D9B3B4FFFFFFFFFFFFFFFFFFFFFFFFF6
:10E02000FFFFFFFFFFFFFFFFFFFFFFFFFFFFFFFF00
:10E03000FFFFFFFFFFFFFFFFFFFFFFFFFFFFFFFFF0
:10E04000FFFFFFFFFFFFFFFF4B4B5858D6D4F4F004
:10E05000F4F0F4F0F4F0F4F0F4F0F3EFFFFE727289
:10E06000FFFFFFFFFFFFFFFFFFFF55555555EEE98F
:10E07000E4E0E0DFDFDCDCD9D9D6D5D2D0CEB1B058
:10E08000D7D7FFFFFFFFFFFFFFFFD8D857575151EA
:10E09000B0AFA4A4A1A09C9A9797929298989D9DA6
:10E0A0007071FBFBFFFF848458585858B2B5BABD55
:10E0B000BEBFC0C1C4C5C7C7CACACDCDD7D5D2D1CE
:10E0C000D5D2D6D5DADADDDBEA45ED1CED1CED1C48
:10E0D000ED1CED1CED1CED1CED1CED1CED1CED1CF8
:10E0E000ED1CED1CED1CED1CED1CED1CED1C6E6E15
:10E0F0009E9CF2F0F4F0F4F0F4F0F4F0F4F0F5F1AA
:10E100005353FFFF878756565353F7F3F3EFF3EF5D
:10E11000EFEDF1ECF1EBEFECF0ED4D4EFFFFFFFF1B
:10E1200054545455EAE8E2DFDFDDDDDADAD8D7D53A
:10E13000D5D2D2CFD7D448494748CFCBC2BFBFBD35
:10E14000BBBBB8B7B5B4B1B0ADACAFAF5B5BFFFFB5
:10E15000B5B558585353939398979D9DA0A2A5A7E2
:10E16000A8AAADAFB0B258585D5CB5B8B9BBBCBCDD
:10E17000CDCE5151CBCBC6C6C9C9CBCCCECDD0D0DC
:10E18000D3D1D5D2D6D5B3B3FFFFFFFFFFFFFFFF3B
:10E19000FFFFFFFFFFFFFFFFFFFFFFFFFFFFFFFF8F
:10E1A000FFFFFFFFFFFFFFFFFFFFFFFFFFFFFFFF7F
:10E1B000FFFFFFFFFFFFFFFFFFFFFFFF4B4D585A21
:10E1C000D4CFF0EAF0EAF0EAF0EAF0EAF0EAEFE9B8
:10E1D000FEF77275FFFFFFFFFFFFFFFFFFFF5557C1
:10E1E0005557E9E4E0DBDFDADCD7D9D4D6D3D2CF98
:10E1F000CECBB0B1D7D8FFFFFFFFFFFFFFFFD8D8CE
:10E2000057595153AFAEA4A5A0A09A9C979892934A
:10E21000989A9DA17173FBFBFFFF8486585A585949
:10E22000B5BFBDC7BFC9C1C9C5CCC7CECAD0CDD285
:10E23000D5DBD1D5D2D5D5D8DADADBDC454C1C24F8
:10E240001C241C241C241C241C241C241C241C24CE
:10E250001C241C241C241C241C241C241C241C24BE
:10E260001C246E709C9CF0EAF0EAF0EAF0EAF0EA16
:10E27000F0EAF1EB5355FFFF878856585356F3ECFD
:10E28000EFE9EFE9EDE7ECE7EBE5ECE6EDE74E5023
:10E29000FFFFFFFF54555557E8E4DFD9DDD8DAD644
:10E2A000D8D4D5D1D2CFCFCCD4D1494C484ACBCA7F
:10E2B000BFBFBDBCBBBAB7B6B4B2B0B0ACADAFAE09
:10E2C0005B5CFFFFB5B6585A53559394979A9DA03F
:10E2D000A2A7A7ADAAB2AFB7B2BD58595C5FB8C488
:10E2E000BBC7BCC8CED85152CBD4C6CEC9CFCCD276
:10E2F000CDD2D0D5D1D5D2D5D5D8B3B4FFFFFFFF7D
:10E30000FFFFFFFFFFFFFFFFFFFFFFFFFFFFFFFF1D
:10E31000FFFFFFFFFFFFFFFFFFFFFFFFFFFFFFFF0D
:10E32000FFFFFFFFFFFFFFFFFFFFFFFFFFFFFFFFFD
:10E330004B4B5858D6D4F4F0F4F0F4F0F4F0F4F079
:10E34000F4F0F4F0FFFF7272FFFFFFFFFFFFFFFF2B
:10E35000FFFF55555555EEECE7E3E4E0E0DFDFDB8A
:10E36000DCDAD8D5D4D1B5B3D7D7FFFFFFFFFFFF95
:10E37000FFFFD8D857575151B5B3ABA9A4A4A1A05A
:10E380009C9A9796929298986E6FFBFBFFFF484875
:10E3900058584E4EBABCB7BABBBCBFC0C1C3C4C448
:10E3A000C7C8CDCD4C4ED3D2D3D2D4D3D7D6DBD859
:10E3B000ED1CED1CED1CED1CED1CED1CED1CED1C15
:10E3C000ED1CED1CED1CED1CED1CED1CED1CED1C05
:10E3D000ED1CED1CED1CFFFF4E4ED5D3F1EFF4F01C
:10E3E000F4F0F4F0F4F0F5F15353FFFF878756563D
:10E3F0005353F6F2F3EFF3EFF3EFF0EEF1ECF1EB52
:10E40000F2ED4D4EFFFFFFFFCDCD5858B5B3E4E020
:10E41000E1DEDFDDDDDADAD8D7D5D5D1D2CFD0CC89
:10E42000CECBC8C6C5C3C2C0BFBDBABAB8B7B4B3F5
:10E43000B1B0A4A5B4B4FFFFB5B5585852529898DE
:10E4400092939A979D9EA2A3A6A7A9ABADAF5A5B44
:10E4500056569EA0B6B8BDBE48485B5BC8C9C4C589
:10E46000C7C7CACACCCCCECED1D0D4D2D4D2B3B303
:10E47000FFFFFFFFFFFFFFFFFFFFFFFFFFFFFFFFAC
:10E48000FFFFFFFFFFFFFFFFFFFFFFFFFFFFFFFF9C
:10E49000FFFFFFFFFFFFFFFFFFFFFFFFFFFFFFFF8C
:10E4A000FFFFFFFF4B4D585AD4CFF0EAF0EAF0EAF5
:10E4B000F0EAF0EAF0EAF0EAFFF87275FFFFFFFF1A
:10E4C000FFFFFFFFFFFF55575557ECE7E3DDE0DBAC
:10E4D000DFD9DBD7DAD5D5D2D1CEB3B4D7D8FFFFC9
:10E4E000FFFFFFFFFFFFD8D857595153B3B3A9A976
:10E4F000A4A4A0A09A9B96979293989A6F71FBFB05
:10E50000FFFF484B585A4E4FBCC9BAC5BCC7C0C91B
:10E51000C3CCC4CDC8CECDD34E4FD2D8D2D6D3D60D
:10E52000D6D8D8DA1C241C241C241C241C241C240B
:10E530001C241C241C241C241C241C241C241C24DB
:10E540001C241C241C241C241C24FFFF4E4FD3D04D
:10E55000EFEAF0EAF0EAF0EAF0EAF1EB5355FFFFF8
:10E56000878856585356F2ECEFE9EFE9EFE9EEE809
:10E57000ECE7EBE5EDE84E50FFFFFFFFCDCE585A3C
:10E58000B3B0E0DCDEDADDD8DAD6D8D4D5D1D1CF5D
:10E59000CFCCCCCACBC8C6C4C3C1C0BFBDBCBAB93E
:10E5A000B7B6B3B2B0B0A5A5B4B5FFFFB5B6585A6B
:10E5B00052559898939497999EA2A3A8A7ADABB2F1
:10E5C000AFB75B5C5658A0A9B8C4BECA48485B5CEC
:10E5D000C9D2C5CDC7CECACFCCD2CED3D0D4D2D655
:10E5E000D2D6B3B4FFFFFFFFFFFFFFFFFFFFFFFF28
:10E5F000FFFFFFFFFFFFFFFFFFFFFFFFFFFFFFFF2B
:10E60000FFFFFFFFFFFFFFFFFFFFFFFFFFFFFFFF1A
:10E61000FFFFFFFFFFFFFFFF4B4B5858D6D4F4F02E
:10E62000F4F0F4F0F4F0F4F0F4F0F4F0FFFF7272B0
:10E63000FFFFFFFFFFFFFFFFFFFF55555555F1EDB2
:10E64000E7E4E7E2E3DFE1DFDEDADAD9D8D5B7B530
:10E65000D6D6FFFFFFFFFFFFFFFFD8D85757505018
:10E66000B9B7AEADA9A7A4A4A09F9B9A9796919283
:10E670006C6CFBFBF2F2565656567274B3B5B4B7D7
:10E68000B7BABBBDBFC0C1C2C5C4D0D15050D3D42E
:10E69000D0CFD3D2D5D4D7D5EC26ED1CED1CED1CB4
:10E6A000ED1CED1CED1CED1CED1CED1CED1CED1C22
:10E6B000ED1CED1CED1CED1CED1CED1CED1CFFFF1D
:10E6C000FFFF4040F9F5F3F0F4F0F4F0F4F0F5F169
:10E6D0005353FFFF878756565353F6F2F4F0F4F086
:10E6E000F3EFF3EFF0EDF1EDF3ED4D4EFFFFFFFF34
:10E6F000FFFF45455454E9E4E3E0E1DEDFDDDCD92A
:10E70000D9D8D7D4D4D1D2CFCECBCBC8C8C6C5C325
:10E71000C2BFBEBCBAB9B8B6B4B45D5EFFFFFFFFFE
:10E72000B5B5585852529C9B9695929298989D9E3A
:10E73000A2A3A6A8ABAB5455FFFF5252C2C4757634
:10E7400058585A5AC6C7C1C2C4C5C7C7CACACCCC12
:10E75000CECFD1CFD2D2B3B3FFFFFFFFFFFFFFFF7A
:10E76000FFFFFFFFFFFFFFFFFFFFFFFFFFFFFFFFB9
:10E77000FFFFFFFFFFFFFFFFFFFFFFFFFFFFFFFFA9
:10E78000FFFFFFFFFFFFFFFFFFFFFFFF4B4D585A4B
:10E79000D4CFF0EAF0EAF0EAF0EAF0EAF0EAF0EAE0
:10E7A000FFF97275FFFFFFFFFFFFFFFFFFFF5557E8
:10E7B0005557EDE8E4DFE2DDDFDCDFDADAD6D9D485
:10E7C000D5D2B5B4D6D7FFFFFFFFFFFFFFFFD8D8E4
:10E7D00057595053B7B8ADADA7A7A4A49F9F9A9B14
:10E7E000969792926C6FFBFBF2F2565856587477DC
:10E7F000B5C0B7C3BAC6BDC8C0CAC2CBC4CCD1D7D6
:10E800005052D4D7CFD5D2D6D4D6D5D7262D1C2486
:10E810001C241C241C241C241C241C241C241C24F8
:10E820001C241C241C241C241C241C241C241C24E8
:10E830001C24FFFFFFFF4042F5EFF0EAF0EAF0EAA8
:10E84000F0EAF1EB5355FFFF878856585356F2EC28
:10E85000F0EAF0EAEFE9EFE9EDE7EDE7EDE74E503A
:10E86000FFFFFFFFFFFF45475456E4DEE0DCDED943
:10E87000DDD8D9D5D8D3D4D1D1CECFCCCBC9C8C689
:10E88000C6C4C3C1BFBFBCBBB9B9B6B5B4B25E5F85
:10E89000FFFFFFFFB5B6585A52549B9C9596929332
:10E8A000989A9EA2A3A8A8AEABB45557FFFF5254A6
:10E8B000C4D2767A585A5A5CC7D1C2CDC5CDC7CE1C
:10E8C000CACFCCD3CFD4CFD4D2D5B3B4FFFFFFFFC0
:10E8D000FFFFFFFFFFFFFFFFFFFFFFFFFFFFFFFF48
:10E8E000FFFFFFFFFFFFFFFFFFFFFFFFFFFFFFFF38
:10E8F000FFFFFFFFFFFFFFFFFFFFFFFFFFFFFFFF28
:10E900004B4B5858D6D4F4F0F4F0F4F0F4F0F4F0A3
:10E91000F4F0F4F0FFFF8080FFFFFFFFFFFFFFFF39
:10E92000FFFF55555555F1EEEAE5E7E4E7E2E3DE92
:10E93000E0DEDDDAD9D7B6B6E1E1FFFFFFFFFFFF8A
:10E94000FFFFD8D857575050BDBBB2B1ACACA9A847
:10E95000A4A4A09F9A9A96956B6BFCFC727258586F
:10E960005656AEB1B0B2B3B4B4B7B7BABCBDBFC0FF
:10E97000C1C37D7F57577E7ECECDD1D0D4D2D6D3E2
:10E98000E562ED1CED1CED1CED1CED1CED1CED1C01
:10E99000ED1CED1CED1CED1CED1CED1CED1CED1C2F
:10E9A000ED1CED1CEF34FFFFFFFFFFFF3E3EFFFEBF
:10E9B000F3F0F4F0F4F0F5F15453FFFF8787565667
:10E9C0005353F6F2F4F0F4F0F3EFF3EFF3EFF0ED6E
:10E9D000F3EF4D4EFFFFFFFFFFFFD1D15656F6F389
:10E9E000E6E1E3DFE1DFDFDCDDDADAD7D6D4D4D16C
:10E9F000D1CECECBCBC8C8C6C5C3C1BFBEBCBAB8CA
:10EA0000C1BF4747FFFFFFFFB3B3585852529F9E05
:10EA10009999969592939A999D9DA3A4A6A95455C8
:10EA2000FFFFC0C052526A6A53535A5AC4C5C0C18C
:10EA3000C2C2C5C5C8C8CACACDCDCFCED0CFB2B26A
:10EA4000FFFFFFFFFFFFFFFFFFFFFFFFFFFFFFFFD6
:10EA5000FFFFFFFFFFFFFFFFFFFFFFFFFFFFFFFFC6
:10EA6000FFFFFFFFFFFFFFFFFFFFFFFFFFFFFFFFB6
:10EA7000FFFFFFFF4B4D585AD4CFF0EAF0EAF0EA1F
:10EA8000F0EAF0EAF0EAF0EAFFF98081FFFFFFFF29
:10EA9000FFFFFFFFFFFF55575557EEE8E5E0E4DFC6
:10EAA000E2DDDEDBDED9DAD6D7D3B6B5E1E2FFFFB1
:10EAB000FFFFFFFFFFFFD8D857595052BBBBB1B182
:10EAC000ACACA8A7A4A39F9F9A9A95966B6BFCFBEE
:10EAD0007273585A5658B1B9B2BCB4C0B7C4BAC5AB
:10EAE000BDC8C0CAC3CB7F8257597E81CDD2D0D595
:10EAF000D2D6D3D762671C241C241C241C241C24BB
:10EB00001C241C241C241C241C241C241C241C2405
:10EB10001C241C241C241C24343BFFFFFFFFFFFF8C
:10EB20003E40FEF8F0EAF0EAF0EAF1EB5356FFFF60
:10EB3000878856585356F2ECF0EAF0EAEFE9EFE92D
:10EB4000EFE9EDE7EFE84E50FFFFFFFFFFFFD1D108
:10EB50005659F3EDE1DDDFDBDFD9DCD7DAD6D7D4E8
:10EB6000D4D0D1CECECCCBC9C8C5C6C3C3C0BFBE1E
:10EB7000BCBBB8B9BFBF4749FFFFFFFFB3B4585A8A
:10EB800052549E9F999995959394999B9DA2A4A95F
:10EB9000A9AF5556FFFFC0C152546A6B53555A5C1A
:10EBA000C5D0C1CBC2CCC5CDC8CFCAD0CDD3CED3B2
:10EBB000CFD4B2B4FFFFFFFFFFFFFFFFFFFFFFFF58
:10EBC000FFFFFFFFFFFFFFFFFFFFFFFFFFFFFFFF55
:10EBD000FFFFFFFFFFFFFFFFFFFFFFFFFFFFFFFF45
:10EBE000FFFFFFFFFFFFFFFF4B4B5858D6D4F4F059
:10EBF000F4F0F4F0F4F0F4F0F4F0F4F0FFFF8181BD
:10EC0000FFFFFFFFFFFFFFFFFFFF55555555F3F1D6
:10EC1000EAE8EAE6E7E4E7E1E2DFDFDDDCD9B9B91B
:10EC2000E0E0FFFFFFFFFFFFFFFFD8D857574F502F
:10EC3000C1BFB5B4B1B0ADACA8A7A4A29F9E9B9A2A
:10EC40006B6BFFFF4A4A58585050ACADADAFB2B4F1
:10EC5000B2B5B5B8B9BBBBBCC6C74A4A51514B4B9C
:10EC6000D2D2CECED1D0D4D1D6D3D8D6DBD9E8E744
:10EC70005454F8F855555051C5C1C4C1CCC8D2CF71
:10EC8000D8D2DCD8E0DBE4E0C3C1E7E7FFFFFFFF59
:10EC9000FFFFFFFFF2F24142FFFBF3F0F4F0F6F268
:10ECA0004B4CFFFF878756565353F6F2F4F0F4F0BF
:10ECB000F4F0F3EFF3EFF3EFF3F04C4DFFFFFFFF52
:10ECC000FFFFFFFF67676060E7E4E7E1E4E0E0DFA4
:10ECD000DFDDDCD9D9D6D6D3D3CFD1CECDCACBC701
:10ECE000C9C5C4C3C1C0BEBC6F6FF8F8FFFFFFFF4A
:10ECF000A4A458585151A3A29D9C9999959492927D
:10ED000099989E9FA4A35456FFFFFFFFAFAFFFFF4C
:10ED100052525A5AC1C1BDBEC0C1C2C2C4C5C8C880
:10ED2000CBCBCDCDCECEB1B1FFFFFFFFFFFFFFFFBD
:10ED3000FFFFFFFFFFFFFFFFFFFFFFFFFFFFFFFFE3
:10ED4000FFFFFFFFFFFFFFFFFFFFFFFFFFFFFFFFD3
:10ED5000FFFFFFFFFFFFFFFFFFFFFFFF4B4D585A75
:10ED6000D4CFF0EAF0EAF0EAF0EAF0EAF0EAF0EA0A
:10ED7000FFF98183FFFFFFFFFFFFFFFFFFFF5557F5
:10ED80005557F1E9E8E3E6E1E4DFE1DDDFDADDD87C
:10ED9000D9D6B9B7E0E1FFFFFFFFFFFFFFFFD8D8EB
:10EDA00057595052BFBEB4B4B0B0ACACA7A7A2A3E1
:10EDB0009E9F9A9B6B6DFFFF4A4C585A5052ADB5BF
:10EDC000AFB7B4BDB5C1B8C4BBC7BCC8C7D14A4C46
:10EDD00051544B4CD2D8CED2D0D4D1D6D3D7D6D80A
:10EDE000D9DBE7E85455F8F855575153C1C4C1C2AF
:10EDF000C8C8CFCDD2D1D8D5DBD9E0DCC1BEE7E7DA
:10EE0000FFFFFFFFFFFFFFFFF2F34245FBF4F0EAD5
:10EE1000F0EAF2EB4C4FFFFF878856585356F2EC5E
:10EE2000F0EAF0EAF0EAEFE9EFE9EFE9F0EA4D4F56
:10EE3000FFFFFFFFFFFFFFFF676A6062E4DFE1DDC6
:10EE4000E0DCDFD9DDD8D9D5D6D4D3D0CFCDCECC68
:10EE5000CAC8C7C5C5C3C3BFC0BEBCBB6F71F8F9C4
:10EE6000FFFFFFFFA4A5585A5153A2A39C9D999957
:10EE700094959293989A9FA3A3A85657FFFFFFFFDC
:10EE8000AFB0FFFF52545A5CC1CCBEC9C1CBC2CC9B
:10EE9000C5CDC8CECBD1CDD2CED5B1B2FFFFFFFF0D
:10EEA000FFFFFFFFFFFFFFFFFFFFFFFFFFFFFFFF72
:10EEB000FFFFFFFFFFFFFFFFFFFFFFFFFFFFFFFF62
:10EEC000FFFFFFFFFFFFFFFFFFFFFFFFFFFFFFFF52
:10EED0004B4B5858D6D2F2F0F4F0F4F0F4F0F4F0D2
:10EEE000F4F0F4F0FFFF8181FFFFFFFFFFFFFFFF62
:10EEF000FFFF55555555F5F1ECEAEAE7EAE5E6E39B
:10EF0000E5E2E3DEDFDEBBBAE0E0FFFFFFFFFFFF8D
:10EF1000FFFFD8D857574E50C6C3BAB9B5B3B1AF33
:10EF2000ADACA8A6A3A3A09F6D6CE4E457575658B8
:10EF30007C7CA4A6A8AAADAEB0B2B4B5B5B8B9BB36
:10EF4000B0B0CCCCBDBD5656C2C4CCCCCECED1CF49
:10EF5000D4D2D5D4D8D6DCDA5A5AFFFF55554F4F04
:10EF6000BCB9BEBAC5C2CDC9D2CED7D3DBD7E0DCDF
:10EF7000C2BFE7E7FFFFFFFFFFFFFFFFFFFFCDCDB2
:10EF80005151F9F4F4F0F6F24D4DFFFF87875656D4
:10EF90005353F6F2F4F0F4F0F4F0F4F0F2EEF3EF91
:10EFA000F5F14A4AFFFFFFFFFFFFFFFFFFFF606031
:10EFB000C0BEE5E2E6E2E3DEE1DFE0DCDDD9D9D7A1
:10EFC000D5D3D3D0D1CECDCBCBC8C7C5C4C2B8B7AB
:10EFD0006767FFFFFFFFFFFFA4A458585151A6A683
:10EFE000A1A09D9C9998959492929A9A9E9E55550F
:10EFF000FFFFFFFFFFFFFFFF52525A5ABCBFBABBD1
:10F00000BDBEC0C0C1C4C4C5C8C8CACACCCCCBCBA5
:10F01000FFFFFFFFFFFFFFFFFFFFFFFFFFFFFFFF00
:10F02000FFFFFFFFFFFFFFFFFFFFFFFFFFFFFFFFF0
:10F03000FFFFFFFFFFFFFFFFFFFFFFFFFFFFFFFFE0
:10F04000FFFFFFFF4B4D585AD2CFF0EAF0EAF0EA4B
:10F05000F0EAF0EAF0EAF0EAFFF98183FFFFFFFF50
:10F06000FFFFFFFFFFFF55575557F1EDEAE3E7E2DA
:10F07000E5E0E3DEE2DEDEDADED9BAB9E0E1FFFFA9
:10F08000FFFFFFFFFFFFD8D857595052C3C2B9B88E
:10F09000B3B5AFB0ACACA6A7A3A49F9F6C6DE4E4DE
:10F0A0005759585A7C7FA6ABAAB1AEB7B2BCB5C20D
:10F0B000B8C3BBC6B0B9CCCDBDBF5658C4C8CCD3FD
:10F0C000CED3CFD4D2D6D4D7D6D8DADD5A5CFFFF90
:10F0D00055574F51B9BDBABCC2C3C9C9CECDD3D1A2
:10F0E000D7D5DCD8BFBEE7E7FFFFFFFFFFFFFFFF7D
:10F0F000FFFFCDCD5154F4EEF0EAF2EB4D50FFFF9F
:10F10000878856585356F2ECF0EAF0EAF0EAF0EA53
:10F11000EEE8EFE9F1EB4A4DFFFFFFFFFFFFFFFFD6
:10F12000FFFF6062BEBCE2DDE2DDDEDBDFDADCD801
:10F13000D9D5D7D3D3CFD0CDCECBCBC9C8C5C5C2F7
:10F14000C2C0B7B66768FFFFFFFFFFFFA4A5585A0C
:10F150005153A6A6A0A09C9D989A949592939A9B91
:10F160009EA25556FFFFFFFFFFFFFFFF52545A5C60
:10F17000BFCBBBC5BEC9C0CBC4CDC5CEC8CECAD01F
:10F18000CCD4CBCCFFFFFFFFFFFFFFFFFFFFFFFF54
:10F19000FFFFFFFFFFFFFFFFFFFFFFFFFFFFFFFF7F
:10F1A000FFFFFFFFFFFFFFFFFFFFFFFFFFFFFFFF6F
:10F1B000FFFFFFFFFFFFFFFF4B4B5858E6E2F3EE68
:10F1C000F2F0F4F0F4F0F4F0F4F0F4F0FFFF8181E9
:10F1D000FFFFFFFFFFFFFFFFFFFF55555353FAF5FA
:10F1E000ECEAEDE9E9E7E9E5E5E3E5E2E2DEBDBC0D
:10F1F000E0E0FFFFFFFFFFFFFFFFD8D857574E4F5C
:10F20000C9C7BDBBB8B8B5B4B0B0ACABA9A7A4A2D0
:10F210006F6E616158585656A0A19FA1A5A6A9AAD4
:10F22000ADADB0B3B4B5B6B94D4EFFFFFFFF4E4E16
:10F230006566C9C9CBCCCECDD1D0D3D1D5D4D8D6A3
:10F24000C7C6BDBD56564F50B2B1B5B4BEBAC5C3A0
:10F25000CECAD3CFD7D3DAD8BFBCE7E7FFFFFFFFD3
:10F26000FFFFFFFFFFFFFFFF97977778F4EFF6F2BE
:10F270004D4DFFFF868656565253F6F2F4F0F4F0E9
:10F28000F4F0F4F0F4F0F3EFF5F14A4AFFFFFFFF7A
:10F29000FFFFFFFFFFFFFFFF4D4DC0BEE6E4E6E2CC
:10F2A000E3DFE0DDDFDCDCD9D8D6D6D4D4D1D0CED4
:10F2B000CDCCCBC8BDBA4141FFFFFFFFFFFFFFFF31
:10F2C000A4A458585151ABAAA4A3A1A09D9C98985E
:10F2D000949394949B9A5455FFFFFFFFFFFFFFFF09
:10F2E00052525A5ABABDB7B9BABBBDBEC1C1C2C4E7
:10F2F000C5C6C7C7C9CACACAFFFFFFFFFFFFFFFFD6
:10F30000FFFFFFFFFFFFFFFFFFFFFFFFFFFFFFFF0D
:10F31000FFFFFFFFFFFFFFFFFFFFFFFFFFFFFFFFFD
:10F32000FFFFFFFFFFFFFFFFFFFFFFFF4B4D585A9F
:10F33000E2DCEEE7F0EAF0EAF0EAF0EAF0EAF0EA1E
:10F34000FFF98183FFFFFFFFFFFFFFFFFFFF55571F
:10F350005355F5EFEAE3E9E4E7E2E5E0E3DEE2DD79
:10F36000DEDABCBBE0E1FFFFFFFFFFFFFFFFD8D805
:10F3700057594F52C7C5BBBBB8B6B4B4B0B0ABABAE
:10F38000A7A6A2A36E706163585A5658A1A4A1A45F
:10F39000A6ABAAB2ADB8B3BDB5C2B9C54E4FFFFF5B
:10F3A000FFFF4E506668C9D0CCD2CDD2D0D5D1D7D0
:10F3B000D4D8D6D8C6C8BDBF56585051B1B5B4B7C9
:10F3C000BABEC3C3CAC9CFCED3D2D8D6BCBCE7E776
:10F3D000FFFFFFFFFFFFFFFFFFFFFFFF9799787918
:10F3E000EFE9F2EB4D50FFFF868756585355F2EC8C
:10F3F000F0EAF0EAF0EAF0EAF0EAEFE9F1EB4A4D80
:10F40000FFFFFFFFFFFFFFFFFFFFFFFF4D50BEBCF1
:10F41000E4DFE2DEDFDBDDDADCD8D9D5D6D3D4D049
:10F42000D1CECECBCCCAC8C6BAB94144FFFFFFFF8C
:10F43000FFFFFFFFA4A5585A5153AAA9A3A4A0A057
:10F440009C9D9898939494959A9C5557FFFFFFFF25
:10F45000FFFFFFFF52545A5CBDCAB9C6BBC5BEC848
:10F46000C1CBC4CDC6CEC7CECAD0CACBFFFFFFFF2B
:10F47000FFFFFFFFFFFFFFFFFFFFFFFFFFFFFFFF9C
:10F48000FFFFFFFFFFFFFFFFFFFFFFFFFFFFFFFF8C
:10F49000FFFFFFFFFFFFFFFFFFFFFFFFFFFFFFFF7C
:10F4A0004B4B5858E6E2F2EEF3EFF3F0F4F0F4F0E1
:10F4B000F4F0F4F0FFFF8181FFFFFFFFFFFFFFFF8C
:10F4C000FFFF43435353FFFFFFFAFCF9FCF6F9F447
:10F4D000F7F2F5F1F3EFCAC8E0E0FFFFFFFFFFFF2F
:10F4E000FFFFFFFF45455050D7D4CCCAC7C5C2C2A5
:10F4F000BDBCB8B7B4B3AFAE73728E8E5757555507
:10F5000097979E9EA4A5A8ABADAFB1B4B6B8BFC245
:10F510007272FFFFFFFFA9A95150D5D5D0D0D3D328
:10F52000D6D6D9D7DCD9DDDBEBE955554646505068
:10F53000AAAAAFAEBBB8C5C1CDC8D5D0DAD6DFDB7D
:10F54000C2C0E7E7FFFFFFFFFFFFFFFFFFFFFFFF77
:10F55000FFFF7070B1B0FFFB4E4EFFFFF1F1505056
:10F560005757FFFFFFFFFFFFFFFFFFFFFFFFFFFFFB
:10F57000FFFF4B4CFFFFFFFFFFFFFFFFFFFFFFFF02
:10F58000FFFF87875252F3F1E9E6E3DEDFDEDEDBE1
:10F59000DBD9D9D6D6D4D6D3DFDC5C5D6D6DFFFF69
:10F5A000FFFFFFFFFFFFFFFFFFFF4D4D5050B7B5BF
:10F5B000AFAEABA9A7A5A2A09E9D9A9799995757C0
:10F5C000FFFFFFFFFFFFFFFF52525A5AB9BCB5B809
:10F5D000B7BABABCBEBFC1C1C3C4C5C5C8C8CACA10
:10F5E000FFFFFFFFFFFFFFFFFFFFFFFFFFFFFFFF2B
:10F5F000FFFFFFFFFFFFFFFFFFFFFFFFFFFFFFFF1B
:10F60000FFFFFFFFFFFFFFFFFFFFFFFFFFFFFFFF0A
:10F61000FFFFFFFF4B4D585AE2DFEEE8EFE8F0EA5C
:10F62000F0EAF0EAF0EAF0EAFFF98183FFFFFFFF7A
:10F63000FFFFFFFFFFFF43455355FFFEFAF3F9F1CC
:10F64000F6F0F4EFF2ECF1ECEFEAC8C5E0E1FFFF11
:10F65000FFFFFFFFFFFFFFFF45475053D4D0CAC84D
:10F66000C5C4C2BFBCBAB7B7B3B3AEAE72738E8EE9
:10F670005759555797999EA1A5AAABB0AFB6B4BC40
:10F68000B8C3C2D07274FFFFFFFFA9A85052D5DFE4
:10F69000D0D6D3D9D6DBD7DCD9DEDBE0E9EC5558C0
:10F6A00046485052AAB0AEB3B8BBC1C3C8CAD0CF47
:10F6B000D6D5DBD9C0BFE7E7FFFFFFFFFFFFFFFFA6
:10F6C000FFFFFFFFFFFF7071B0AEFBF44E51FFFF75
:10F6D000F1F15051575AFFFAFFF8FFF8FFF8FFF821
:10F6E000FFF8FFF8FFF84C4FFFFFFFFFFFFFFFFFA2
:10F6F000FFFFFFFFFFFF87875255F1ECE6E1DEDAFF
:10F70000DED8DBD7D9D5D6D3D4D0D3D0DCD75D6083
:10F710006D6FFFFFFFFFFFFFFFFFFFFFFFFF4D4F7D
:10F720005052B5B4AEADA9AAA5A6A0A19D9E97982A
:10F73000999A5759FFFFFFFFFFFFFFFF52545A5C92
:10F74000BCC8B8C3BAC6BCC7BFC9C1CAC4CCC5CE81
:10F75000C8CFCACBFFFFFFFFFFFFFFFFFFFFFFFF89
:10F76000FFFFFFFFFFFFFFFFFFFFFFFFFFFFFFFFA9
:10F77000FFFFFFFFFFFFFFFFFFFFFFFFFFFFFFFF99
:10F78000FFFFFFFFFFFFFFFF4B4B5858E7E3F2EC93
:10F79000F3EFF3EEF3F0F4F0F4F0F4F0FFFF818117
:10F7A000FFFFFFFFFFFFFFFFFFFFFFFF4C4C4A4A39
:10F7B0004A4A4A4A4A4A4A4A4A4A4A4A4A4A4D4DA3
:10F7C000DEDEFFFFFFFFFFFFFFFFFFFFFFFF4D4DEF
:10F7D0004B4C4C4C4C4C4C4C4D4C4D4C4D4D4D4D64
:10F7E0004D4DFFFF8F8F52524C4C4C4C4B4B4B4B63
:10F7F0004A4A4A4A4A4A4949FCFCFFFFFFFFFFFFC9
:10F80000ACAC4949494848484848484848484848AD
:10F8100048474A4AFFFF3B3B3A3A3A3A3939393985
:10F8200038393737373737373939E2E2FFFFFFFFEB
:10F83000FFFFFFFFFFFFFFFFFFFFFFFF6A6A353695
:10F840003535FFFFFFFFF5F53D3D3A3A3A3A3A3A92
:10F850003A3A3A3A3A3A3A3A3A3A3434FFFFFFFF00
:10F86000FFFFFFFFFFFFFFFFFFFFFFFFFFFF6C6BCF
:10F8700034356F6FA6A6BCB9BEBBA7A57271373869
:10F880005D5DFFFFFFFFFFFFFFFFFFFFFFFFFFFFCC
:10F89000FFFFFFFF3D3D3C3C3C3C3D3D3D3D3D3D94
:10F8A0003D3D3D3D3D3D3B3BFFFFFFFFFFFFFFFF7C
:10F8B00052525A5AB7BAB4B6B4B7B8BABBBDBEBF43
:10F8C000C1C2C2C3C5C6CACAFFFFFFFFFFFFFFFF19
:10F8D000FFFFFFFFFFFFFFFFFFFFFFFFFFFFFFFF38
:10F8E000FFFFFFFFFFFFFFFFFFFFFFFFFFFFFFFF28
:10F8F000FFFFFFFFFFFFFFFFFFFFFFFF4B4D585ACA
:10F90000E3DDECE8EFE8EEE8F0EAF0EAF0EAF0EA4E
:10F91000FFF98183FFFFFFFFFFFFFFFFFFFFFFFFF7
:10F920004C4F4A4C4A4C4A4C4A4C4A4C4A4C4A4C22
:10F930004A4C4D4EDEDFFFFFFFFFFFFFFFFFFFFFE3
:10F94000FFFF4D4F4C4D4C4D4C4E4C4E4C4F4C4F81
:10F950004D4F4D4F4D4FFFFF8F9152534C4E4C4DDD
:10F960004B4D4B4C4A4B4A4B4A4B494AFCFBFFFF21
:10F97000FFFFFFFFACAC494A484A484A484A484959
:10F980004849484947494A4CFFFF3B3D3A3C3A3CCD
:10F99000393B393B393B373A373A3739393CE2E280
:10F9A000FFFFFFFFFFFFFFFFFFFFFFFFFFFFFFFF67
:10F9B0006A6B36383537FFFFFFFFF5F53D3F3A3CC0
:10F9C0003A3C3A3C3A3C3A3C3A3C3A3C3A3C343693
:10F9D000FFFFFFFFFFFFFFFFFFFFFFFFFFFFFFFF37
:10F9E000FFFF6B6C35386F70A6A5B9B7BBB8A5A57E
:10F9F0007173383A5D5FFFFFFFFFFFFFFFFFFFFFFF
:10FA0000FFFFFFFFFFFFFFFF3D403C3F3C3F3D3F0F
:10FA10003D3F3D3F3D3F3D3F3D403B3DFFFFFFFF05
:10FA2000FFFFFFFF52545A5CBAC5B6C2B7C4BAC68C
:10FA3000BDC6BFC9C2CAC3CCC6CECACBFFFFFFFF7B
:10FA4000FFFFFFFFFFFFFFFFFFFFFFFFFFFFFFFFC6
:10FA5000FFFFFFFFFFFFFFFFFFFFFFFFFFFFFFFFB6
:10FA6000FFFFFFFFFFFFFFFFFFFFFFFFFFFFFFFFA6
:10FA70004B4B5858E5E2F1ECF2ECF3EFF3EEF3F018
:10FA8000F4F0F4F0FFFF8383FFFFFFFFFFFFFFFFB2
:10FA9000FFFFFFFFFFFFFFFFFFFFFFFFFFFFFFFF76
:10FAA000FFFFFFFFFFFFFFFFFFFFFFFFFFFFFFFF66
:10FAB000FFFFFFFFFFFFFFFFFFFFFFFFFFFFFFFF56
:10FAC000FFFFFFFFFFFFFFFFFFFFFFFFFFFFFFFF46
:10FAD000FFFFFFFFFFFFFFFFFFFFFFFFFFFFFFFF36
:10FAE000FFFFFFFFFFFFFFFFFFFFFFFFFFFFFFFF26
:10FAF000FFFFFFFFFFFFFFFFFFFFFFFFFFFFFFFF16
:10FB0000FFFFFFFFFFFFFFFFFFFFFFFFFFFFFFFF05
:10FB1000FFFFFFFFFFFFFFFFFFFFFFFFFFFFFFFFF5
:10FB2000FFFFFFFFFFFFFFFFFFFFFFFFFFFFFFFFE5
:10FB3000FFFFFFFFFFFFFFFFFFFFFFFFFFFFFFFFD5
:10FB4000FFFFFFFFFFFFFFFFFFFFFFFFFFFFFFFFC5
:10FB5000FFFFFFFFFFFFFFFFFFFFFFFFFBFBDBDB05
:10FB6000DBDBF5F5FFFFFFFFFFFFFFFFFFFFFFFF01
:10FB7000FFFFFFFFFFFFFFFFFFFFFFFFFFFFFFFF95
:10FB8000FFFFFFFFFFFFFFFFFFFFFFFFFFFFFFFF85
:10FB9000FFFFFFFFFFFFFFFF52525959B5B7B2B346
:10FBA000B4B6B5B7B7BABBBDBEBFC1C2C3C4CACA7B
:10FBB000FFFFFFFFFFFFFFFFFFFFFFFFFFFFFFFF55
:10FBC000FFFFFFFFFFFFFFFFFFFFFFFFFFFFFFFF45
:10FBD000FFFFFFFFFFFFFFFFFFFFFFFFFFFFFFFF35
:10FBE000FFFFFFFF4B4D585AE2DDECE6ECE8EFE893
:10FBF000EEE8F0EAF0EAF0EAFFFA8384FFFFFFFFA5
:10FC0000FFFFFFFFFFFFFFFFFFFFFFFFFFFFFFFF04
:10FC1000FFFFFFFFFFFFFFFFFFFFFFFFFFFFFFFFF4
:10FC2000FFFFFFFFFFFFFFFFFFFFFFFFFFFFFFFFE4
:10FC3000FFFFFFFFFFFFFFFFFFFFFFFFFFFFFFFFD4
:10FC4000FFFFFFFFFFFFFFFFFFFFFFFFFFFFFFFFC4
:10FC5000FFFFFFFFFFFFFFFFFFFFFFFFFFFFFFFFB4
:10FC6000FFFFFFFFFFFFFFFFFFFFFFFFFFFFFFFFA4
:10FC7000FFFFFFFFFFFFFFFFFFFFFFFFFFFFFFFF94
:10FC8000FFFFFFFFFFFFFFFFFFFFFFFFFFFFFFFF84
:10FC9000FFFFFFFFFFFFFFFFFFFFFFFFFFFFFFFF74
:10FCA000FFFFFFFFFFFFFFFFFFFFFFFFFFFFFFFF64
:10FCB000FFFFFFFFFFFFFFFFFFFFFFFFFFFFFFFF54
:10FCC000FFFFFFFFFFFFFFFFFFFFFFFFFFFFFFFF44
:10FCD000FBFCDBDBDBDCF5F5FFFFFFFFFFFFFFFFDE
:10FCE000FFFFFFFFFFFFFFFFFFFFFFFFFFFFFFFF24
:10FCF000FFFFFFFFFFFFFFFFFFFFFFFFFFFFFFFF14
:10FD0000FFFFFFFFFFFFFFFFFFFFFFFF5254595BA5
:10FD1000B7C1B3BEB6C1B7C3BAC6BDC7BFC9C2C9F2
:10FD2000C4CDCACBFFFFFFFFFFFFFFFFFFFFFFFFB9
:10FD3000FFFFFFFFFFFFFFFFFFFFFFFFFFFFFFFFD3
:10FD4000FFFFFFFFFFFFFFFFFFFFFFFFFFFFFFFFC3
:10FD5000FFFFFFFFFFFFFFFF4B4B5858E3DFEFEBC9
:10FD6000F0ECF2ECF3EFF3EEF3F0F4F0FFFF848449
:10FD7000FFFFFFFFFFFFFFFFFFFFFFFFFFFFFFFF93
:10FD8000FFFFFFFFFFFFFFFFFFFFFFFFFFFFFFFF83
:10FD9000FFFFFFFFFFFFFFFFFFFFFFFFFFFFFFFF73
:10FDA000FFFFFFFFFFFFFFFFFFFFFFFFFFFFFFFF63
:10FDB000FFFFFFFFFFFFFFFFFFFFFFFFFFFFFFFF53
:10FDC000FFFFFFFFFFFFFFFFFFFFFFFFFFFFFFFF43
:10FDD000FFFFFFFFFFFFFFFFFFFFFFFFFFFFFFFF33
:10FDE000FFFFFFFFFFFFFFFFFFFFFFFFFFFFFFFF23
:10FDF000FFFFFFFFFFFFFFFFFFFFFFFFFFFFFFFF13
:10FE0000FFFFFFFFFFFFFFFFFFFFFFFFFFFFFFFF02
:10FE1000FFFFFFFFFFFFFFFFFFFFFFFFFFFFFFFFF2
:10FE2000FFFFFFFFFFFFFFFFFFFFFFFFFFFFFFFFE2
:10FE3000FFFFFFFFFFFFFFFFFFFFFFFFFFFFFFFFD2
:10FE4000FFFFFFFFFFFFFFFFFFFFFFFFFFFFFFFFC2
:10FE5000FFFFFFFFFFFFFFFFFFFFFFFFFFFFFFFFB2
:10FE6000FFFFFFFFFFFFFFFFFFFFFFFFFFFFFFFFA2
:10FE7000FFFFFFFFFFFFFFFFFFFFFFFFFFFFFFFF92
:10FE800052525959B2B3AEB1B2B4B3B6B5B8B9BBA8
:10FE9000BBBDBEBFC3C4CACAFFFFFFFFFFFFFFFF5A
:10FEA000FFFFFFFFFFFFFFFFFFFFFFFFFFFFFFFF62
:10FEB000FFFFFFFFFFFFFFFFFFFFFFFFFFFFFFFF52
:10FEC000FFFFFFFFFFFFFFFFFFFFFFFF4B4D585AF4
:10FED000DFDBEBE6ECE6ECE8EFE8EEE8F0EAF0EA90
:10FEE000FFFA8485FFFFFFFFFFFFFFFFFFFFFFFF1C
:10FEF000FFFFFFFFFFFFFFFFFFFFFFFFFFFFFFFF12
:10FF0000FFFFFFFFFFFFFFFFFFFFFFFFFFFFFFFF01
:10FF1000FFFFFFFFFFFFFFFFFFFFFFFFFFFFFFFFF1
:10FF2000FFFFFFFFFFFFFFFFFFFFFFFFFFFFFFFFE1
:10FF3000FFFFFFFFFFFFFFFFFFFFFFFFFFFFFFFFD1
:10FF4000FFFFFFFFFFFFFFFFFFFFFFFFFFFFFFFFC1
:10FF5000FFFFFFFFFFFFFFFFFFFFFFFFFFFFFFFFB1
:10FF6000FFFFFFFFFFFFFFFFFFFFFFFFFFFFFFFFA1
:10FF7000FFFFFFFFFFFFFFFFFFFFFFFFFFFFFFFF91
:10FF8000FFFFFFFFFFFFFFFFFFFFFFFFFFFFFFFF81
:10FF9000FFFFFFFFFFFFFFFFFFFFFFFFFFFFFFFF71
:10FFA000FFFFFFFFFFFFFFFFFFFFFFFFFFFFFFFF61
:10FFB000FFFFFFFFFFFFFFFFFFFFFFFFFFFFFFFF51
:10FFC000FFFFFFFFFFFFFFFFFFFFFFFFFFFFFFFF41
:10FFD000FFFFFFFFFFFFFFFFFFFFFFFFFFFFFFFF31
:10FFE000FFFFFFFFFFFFFFFFFFFFFFFFFFFFFFFF21
:10FFF000FFFFFFFF5254595BB3BBB1BAB4BEB6C2E8
:020000024000BC
:10000000B8C4BBC6BDC8BFCAC4CDCACBFFFFFFFFC3
:10001000FFFFFFFFFFFFFFFFFFFFFFFFFFFFFFFFF0
:10002000FFFFFFFFFFFFFFFFFFFFFFFFFFFFFFFFE0
:10003000FFFFFFFFFFFFFFFFFFFFFFFFFFFFFFFFD0
:100040004B4B5858E0DDEBE8EFEBF1EDF2ECF3EF62
:10005000F3EEF4F0FFFF8484FFFFFFFFFFFFFFFFDD
:10006000FFFFFFFFFFFFFFFFFFFFFFFFFFFFFFFFA0
:10007000FFFFFFFFFFFFFFFFFFFFFFFFFFFFFFFF90
:10008000FFFFFFFFFFFFFFFFFFFFFFFFFFFFFFFF80
:10009000FFFFFFFFFFFFFFFFFFFFFFFFFFFFFFFF70
:1000A000FFFFFFFFFFFFFFFFFFFFFFFFFFFFFFFF60
:1000B000FFFFFFFFFFFFFFFFFFFFFFFFFFFFFFFF50
:1000C000FFFFFFFFFFFFFFFFFFFFFFFFFFFFFFFF40
:1000D000FFFFFFFFFFFFFFFFFFFFFFFFFFFFFFFF30
:1000E000FFFFFFFFFFFFFFFFFFFFFFFFFFFFFFFF20
:1000F000FFFFFFFFFFFFFFFFFFFFFFFFFFFFFFFF10
:10010000FFFFFFFFFFFFFFFFFFFFFFFFFFFFFFFFFF
:10011000FFFFFFFFFFFFFFFFFFFFFFFFFFFFFFFFEF
:10012000FFFFFFFFFFFFFFFFFFFFFFFFFFFFFFFFDF
:10013000FFFFFFFFFFFFFFFFFFFFFFFFFFFFFFFFCF
:10014000FFFFFFFFFFFFFFFFFFFFFFFFFFFFFFFFBF
:10015000FFFFFFFFFFFFFFFFFFFFFFFFFFFFFFFFAF
:10016000FFFFFFFFFFFFFFFF52525959AEB0ACAD8A
:10017000AFB1B1B4B5B6B5B8B9BABCBCB1B3CACAFF
:10018000FFFFFFFFFFFFFFFFFFFFFFFFFFFFFFFF7F
:10019000FFFFFFFFFFFFFFFFFFFFFFFFFFFFFFFF6F
:1001A000FFFFFFFFFFFFFFFFFFFFFFFFFFFFFFFF5F
:1001B000FFFFFFFF4B4D585ADDD7E8E4EBE6EDE6D5
:1001C000ECE8EFE8EEE8F0EAFFFA8485FFFFFFFFD6
:1001D000FFFFFFFFFFFFFFFFFFFFFFFFFFFFFFFF2F
:1001E000FFFFFFFFFFFFFFFFFFFFFFFFFFFFFFFF1F
:1001F000FFFFFFFFFFFFFFFFFFFFFFFFFFFFFFFF0F
:10020000FFFFFFFFFFFFFFFFFFFFFFFFFFFFFFFFFE
:10021000FFFFFFFFFFFFFFFFFFFFFFFFFFFFFFFFEE
:10022000FFFFFFFFFFFFFFFFFFFFFFFFFFFFFFFFDE
:10023000FFFFFFFFFFFFFFFFFFFFFFFFFFFFFFFFCE
:10024000FFFFFFFFFFFFFFFFFFFFFFFFFFFFFFFFBE
:10025000FFFFFFFFFFFFFFFFFFFFFFFFFFFFFFFFAE
:10026000FFFFFFFFFFFFFFFFFFFFFFFFFFFFFFFF9E
:10027000FFFFFFFFFFFFFFFFFFFFFFFFFFFFFFFF8E
:10028000FFFFFFFFFFFFFFFFFFFFFFFFFFFFFFFF7E
:10029000FFFFFFFFFFFFFFFFFFFFFFFFFFFFFFFF6E
:1002A000FFFFFFFFFFFFFFFFFFFFFFFFFFFFFFFF5E
:1002B000FFFFFFFFFFFFFFFFFFFFFFFFFFFFFFFF4E
:1002C000FFFFFFFFFFFFFFFFFFFFFFFFFFFFFFFF3E
:1002D000FFFFFFFFFFFFFFFFFFFFFFFF5254595BD0
:1002E000B0B7ADB5B1BBB4BEB6C2B8C4BAC7BCC86E
:1002F000B3BACACBFFFFFFFFFFFFFFFFFFFFFFFF08
:10030000FFFFFFFFFFFFFFFFFFFFFFFFFFFFFFFFFD
:10031000FFFFFFFFFFFFFFFFFFFFFFFFFFFFFFFFED
:10032000FFFFFFFFFFFFFFFF4B4B5A5ADEDBEAE701
:10033000EDE8EFEBF1ECF2ECF3EFF3EEFFFF84848A
:10034000FFFFFFFFFFFFFFFFFFFFFFFFFFFFFFFFBD
:10035000FFFFFFFFFFFFFFFFFFFFFFFFFFFFFFFFAD
:10036000FFFFFFFFFFFFFFFFFFFFFFFFFFFFFFFF9D
:10037000FFFFFFFFFFFFFFFFFFFFFFFFFFFFFFFF8D
:10038000FFFFFFFFFFFFFFFFFFFFFFFFFFFFFFFF7D
:10039000FFFFFFFFFFFFFFFFFFFFFFFFFFFFFFFF6D
:1003A000FFFFFFFFFFFFFFFFFFFFFFFFFFFFFFFF5D
:1003B000FFFFFFFFFFFFFFFFFFFFFFFFFFFFFFFF4D
:1003C000FFFFFFFFFFFFFFFFFFFFFFFFFFFFFFFF3D
:1003D000FFFFFFFFFFFFFFFFFFFFFFFFFFFFFFFF2D
:1003E000FFFFFFFFFFFFFFFFFFFFFFFFFFFFFFFF1D
:1003F000FFFFFFFFFFFFFFFFFFFFFFFFFFFFFFFF0D
:10040000FFFFFFFFFFFFFFFFFFFFFFFFFFFFFFFFFC
:10041000FFFFFFFFFFFFFFFFFFFFFFFFFFFFFFFFEC
:10042000FFFFFFFFFFFFFFFFFFFFFFFFFFFFFFFFDC
:10043000FFFFFFFFFFFFFFFFFFFFFFFFFFFFFFFFCC
:10044000FFFFFFFFFFFFFFFFFFFFFFFFFFFFFFFFBC
:1004500052525959ABACA9AAACAEAEB1B2B4B4B613
:10046000B5B9B9BAAFB3CACAFFFFFFFFFFFFFFFFBD
:10047000FFFFFFFFFFFFFFFFFFFFFFFFFFFFFFFF8C
:10048000FFFFFFFFFFFFFFFFFFFFFFFFFFFFFFFF7C
:10049000FFFFFFFFFFFFFFFFFFFFFFFF4B4D5A5C1A
:1004A000DBD7E7E1E8E4EBE6ECE6ECE8EFE8EEE8E2
:1004B000FFFA8485FFFFFFFFFFFFFFFFFFFFFFFF46
:1004C000FFFFFFFFFFFFFFFFFFFFFFFFFFFFFFFF3C
:1004D000FFFFFFFFFFFFFFFFFFFFFFFFFFFFFFFF2C
:1004E000FFFFFFFFFFFFFFFFFFFFFFFFFFFFFFFF1C
:1004F000FFFFFFFFFFFFFFFFFFFFFFFFFFFFFFFF0C
:10050000FFFFFFFFFFFFFFFFFFFFFFFFFFFFFFFFFB
:10051000FFFFFFFFFFFFFFFFFFFFFFFFFFFFFFFFEB
:10052000FFFFFFFFFFFFFFFFFFFFFFFFFFFFFFFFDB
:10053000FFFFFFFFFFFFFFFFFFFFFFFFFFFFFFFFCB
:10054000FFFFFFFFFFFFFFFFFFFFFFFFFFFFFFFFBB
:10055000FFFFFFFFFFFFFFFFFFFFFFFFFFFFFFFFAB
:10056000FFFFFFFFFFFFFFFFFFFFFFFFFFFFFFFF9B
:10057000FFFFFFFFFFFFFFFFFFFFFFFFFFFFFFFF8B
:10058000FFFFFFFFFFFFFFFFFFFFFFFFFFFFFFFF7B
:10059000FFFFFFFFFFFFFFFFFFFFFFFFFFFFFFFF6B
:1005A000FFFFFFFFFFFFFFFFFFFFFFFFFFFFFFFF5B
:1005B000FFFFFFFFFFFFFFFFFFFFFFFFFFFFFFFF4B
:1005C000FFFFFFFF5254595BACB2AAB2AEB6B1BB4B
:1005D000B4BFB6C2B9C5BAC7B3BACACBFFFFFFFF33
:1005E000FFFFFFFFFFFFFFFFFFFFFFFFFFFFFFFF1B
:1005F000FFFFFFFFFFFFFFFFFFFFFFFFFFFFFFFF0B
:10060000FFFFFFFFFFFFFFFFFFFFFFFFFFFFFFFFFA
:100610004D4D5B5CDAD6E7E4E9E7ECE9EEECF0EDB2
:10062000F1EDF3EFFFFF8484FFFFFFFFFFFFFFFF0C
:10063000FFFFFFFFFFFFFFFFFFFFFFFFFFFFFFFFCA
:10064000FFFFFFFFFFFFFFFFFFFFFFFFFFFFFFFFBA
:10065000FFFFFFFFFFFFFFFFFFFFFFFFFFFFFFFFAA
:10066000FFFFFFFFFFFFFFFFFFFFFFFFFFFFFFFF9A
:10067000FFFFFFFFFFFFFFFFFFFFFFFFFFFFFFFF8A
:10068000FFFFFFFFFFFFFFFFFFFFFFFFFFFFFFFF7A
:10069000FFFFFFFFFFFFFFFFFFFFFFFFFFFFFFFF6A
:1006A000FFFFFFFFFFFFFFFFFFFFFFFFFFFFFFFF5A
:1006B000FFFFFFFFFFFFFFFFFFFFFFFFFFFFFFFF4A
:1006C000FFFFFFFFFFFFFFFFFFFFFFFFFFFFFFFF3A
:1006D000FFFFFFFFFFFFFFFFFFFFFFFFFFFFFFFF2A
:1006E000FFFFFFFFFFFFFFFFFFFFFFFFFFFFFFFF1A
:1006F000FFFFFFFFFFFFFFFFFFFFFFFFFFFFFFFF0A
:10070000FFFFFFFFFFFFFFFFFFFFFFFFFFFFFFFFF9
:10071000FFFFFFFFFFFFFFFFFFFFFFFFFFFFFFFFE9
:10072000FFFFFFFFFFFFFFFFFFFFFFFFFFFFFFFFD9
:10073000FFFFFFFFFFFFFFFF52525959A6A8A5A7D1
:10074000A9AAACAFB0B1B1B4B3B6B5B9AEB0CACA6C
:10075000FFFFFFFFFFFFFFFFFFFFFFFFFFFFFFFFA9
:10076000FFFFFFFFFFFFFFFFFFFFFFFFFFFFFFFF99
:10077000FFFFFFFFFFFFFFFFFFFFFFFFFFFFFFFF89
:10078000FFFFFFFF4D4F5C5ED6D4E4E0E7E1E9E315
:10079000ECE6EDE6EDE8EFE7FFF98485FFFFFFFF0C
:1007A000FFFFFFFFFFFFFFFFFFFFFFFFFFFFFFFF59
:1007B000FFFFFFFFFFFFFFFFFFFFFFFFFFFFFFFF49
:1007C000FFFFFFFFFFFFFFFFFFFFFFFFFFFFFFFF39
:1007D000FFFFFFFFFFFFFFFFFFFFFFFFFFFFFFFF29
:1007E000FFFFFFFFFFFFFFFFFFFFFFFFFFFFFFFF19
:1007F000FFFFFFFFFFFFFFFFFFFFFFFFFFFFFFFF09
:10080000FFFFFFFFFFFFFFFFFFFFFFFFFFFFFFFFF8
:10081000FFFFFFFFFFFFFFFFFFFFFFFFFFFFFFFFE8
:10082000FFFFFFFFFFFFFFFFFFFFFFFFFFFFFFFFD8
:10083000FFFFFFFFFFFFFFFFFFFFFFFFFFFFFFFFC8
:10084000FFFFFFFFFFFFFFFFFFFFFFFFFFFFFFFFB8
:10085000FFFFFFFFFFFFFFFFFFFFFFFFFFFFFFFFA8
:10086000FFFFFFFFFFFFFFFFFFFFFFFFFFFFFFFF98
:10087000FFFFFFFFFFFFFFFFFFFFFFFFFFFFFFFF88
:10088000FFFFFFFFFFFFFFFFFFFFFFFFFFFFFFFF78
:10089000FFFFFFFFFFFFFFFFFFFFFFFFFFFFFFFF68
:1008A000FFFFFFFFFFFFFFFFFFFFFFFF5254595BFA
:1008B000A8ACA7ABAAB1AFB6B1BBB4BFB6C3B9C5FC
:1008C000B0B8CACBFFFFFFFFFFFFFFFFFFFFFFFF37
:1008D000FFFFFFFFFFFFFFFFFFFFFFFFFFFFFFFF28
:1008E000FFFFFFFFFFFFFFFFFFFFFFFFFFFFFFFF18
:1008F000FFFFFFFFFFFFFFFF4E4E5B5CD6D3E4E040
:10090000E8E4EAE7ECE8EFECF0EDF1EDFFFF8484DA
:10091000FFFFFFFFFFFFFFFFFFFF525257575757E1
:100920005757575757575757575757575757575757
:100930005757575757575757575757575757575747
:100940005757575757575757575757575757575737
:100950005757575757575757575757575757575727
:100960005757575757575757575757575757575717
:100970005757575757575757575757575757575707
:1009800057575757575757575757575757575757F7
:1009900057575757575757575757575757575757E7
:1009A00057575757575757575757575757575757D7
:1009B00057575757575757575757575757575757C7
:1009C00057575757575757575757575757575757B7
:1009D00057575757575757575757575757575757A7
:1009E0005757575757575757575757575757575797
:1009F0005757575757575757575757575757575787
:100A00005757575757575757575757575757575776
:100A1000575757575353F8F8FFFFFFFFFFFFFFFFEC
:100A200052525959A1A1A2A3A5A7A9AAADAEB0B28D
:100A3000B3B5B5B7ACAFCACAFFFFFFFFFFFFFFFFFB
:100A4000FFFFFFFFFFFFFFFFFFFFFFFFFFFFFFFFB6
:100A5000FFFFFFFFFFFFFFFFFFFFFFFFFFFFFFFFA6
:100A6000FFFFFFFFFFFFFFFFFFFFFFFF4E505C5E3A
:100A7000D3CFE0DCE4E0E7E1E8E4ECE6EDE6EDE846
:100A8000FFF88485FFFFFFFFFFFFFFFFFFFF5254CA
:100A900057595759575957595759575957595759D6
:100AA00057595759575957595759575957595759C6
:100AB00057595759575957595759575957595759B6
:100AC00057595759575957595759575957595759A6
:100AD0005759575957595759575957595759575996
:100AE0005759575957595759575957595759575986
:100AF0005759575957595759575957595759575976
:100B00005759575957595759575957595759575965
:100B10005759575957595759575957595759575955
:100B20005759575957595759575957595759575945
:100B30005759575957595759575957595759575935
:100B40005759575957595759575957595759575925
:100B50005759575957595759575957595759575915
:100B60005759575957595759575957595759575905
:100B700057595759575957595759575957595759F5
:100B800057595759575957595355F8F8FFFFFFFF11
:100B9000FFFFFFFF5254595BA1A6A3A7A7ACAAB2BF
:100BA000AEB7B2BCB5C0B7C3AFB8CACBFFFFFFFF8B
:100BB000FFFFFFFFFFFFFFFFFFFFFFFFFFFFFFFF45
:100BC000FFFFFFFFFFFFFFFFFFFFFFFFFFFFFFFF35
:100BD000FFFFFFFFFFFFFFFFFFFFFFFFFFFFFFFF25
:100BE0004E4E5B5CD0CDDFDBE4E0E7E3EBE7EDE925
:100BF000EFECF0EDFFFF8484FFFFFFFFFFFFFFFF3F
:100C0000FFFF4F4F5959565656565656565656563A
:100C10005656565656565656565756575657565770
:100C2000565756575657565756575657565756575C
:100C3000565756575657565756575657565756574C
:100C40005757575757575757575757575757575734
:100C5000575757575758575857585758575857581E
:100C6000575857585758575857585758575857580C
:100C700057585758585858585858585858585858F6
:100C800058585858585858585858585858585858E4
:100C900058585858585858585858585858585858D4
:100CA00058585858585857585758575857585758C9
:100CB00057585758575857585758575857585758BC
:100CC00057585758575857585758575857585758AC
:100CD00057575757575757575757575757575757A4
:100CE000565756575657565756575657565756579C
:100CF0005657565656565656565655565556565695
:100D0000FFFFFFFFFFFFFFFF525259599D9D9D9D21
:100D1000A1A2A6A7A9AAADAFB0B2B4B5AAADCACADE
:100D2000FFFFFFFFFFFFFFFFFFFFFFFFFFFFFFFFD3
:100D3000FFFFFFFFFFFFFFFFFFFFFFFFFFFFFFFFC3
:100D4000FFFFFFFFFFFFFFFFFFFFFFFFFFFFFFFFB3
:100D5000FFFFFFFF4E505C5ECDCBDBD7E0DDE3DF76
:100D6000E7E1E9E5ECE7EDE6FFF88485FFFFFFFF4B
:100D7000FFFFFFFFFFFF4F51595B5658565856581B
:100D800056585658565856595659565957595759EC
:100D900057595759575957595759575957595759D3
:100DA00057595759575957595759575957595759C3
:100DB00057595759575957595759575957595759B3
:100DC0005759575957595759585958595859585A9E
:100DD000585A585A585A585A585A585A585A585A83
:100DE000585A585A585A585A585A585A585A585A73
:100DF000585A585A585A585A585A585A585A585A63
:100E0000585A585A585A585A585A585A585A585A52
:100E1000585A585A585A585A585A585A585A585A42
:100E2000585A585A585A585A585A585A585A585A32
:100E3000585A585A585A585A585A585A585A585A22
:100E40005859585957595759575957595759575920
:100E50005759575957595759575957595759575912
:100E6000575957595759565856585658565856580C
:100E700056585658FFFFFFFFFFFFFFFF5255595BC3
:100E80009D9E9DA1A2A6A7ADAAB2AFB8B2BCB5C0A7
:100E9000ADB7CACBFFFFFFFFFFFFFFFFFFFFFFFF65
:100EA000FFFFFFFFFFFFFFFFFFFFFFFFFFFFFFFF52
:100EB000FFFF7A7A8585858588889595FFFFFFFFF6
:100EC000FFFFCDCDFFFFFFFF4E4E5B5CCCC7D9D6F9
:100ED000E0DBE4E1E8E3EBE7ECE9EFEBFFFE848441
:100EE000FFFFFFFFFFFFFFFFFFFF4F4F585AFFFFBE
:100EF000FFFBFDFBFCF7FBF6FBF5F8F4F5F1F5F075
:100F0000F2EDF1ECEDEAECE8EAE5E9E4E8E3E6E24B
:100F1000E5DFE3DEE1DDE0DBDEDADBD7DBD6D8D40C
:100F2000D7D1D4D1D2CED0CDCFCACDCACBC8C9C6E5
:100F3000C8C4C5C2C4C1C1BFC1BDBEBBBCBAB9B7BC
:100F4000B7B6B5B4B4B3B1B1AFAFAEADABABAAA8A1
:100F5000A7A7A7A5A4A4A2A29EA09D9E9B9D9A9B85
:100F60009798969793969496969695969598959722
:100F70009597959795979697969796989899989903
:100F800098999899989A999A9A9B9B9B9C9C9B9DBF
:100F90009C9E9C9D9E9F9F9EA1A0A2A1A3A5A3A352
:100FA000A6A6A6A8A9A9AAAAABABAEAEAEB0B1B18F
:100FB000B3B2B4B3B7B6B8B8BBBBBDBCC0BFC3C196
:100FC000C6C4C8C6CBC8CDCBCFCED4D2D6D5DAD83E
:100FD000DEDCE1DFE6E2E7E6EDEBF1F0F7F6FCFA66
:100FE000FFFFFFFFFFFF7C7CFFFFFFFFFFFFFFFF17
:100FF00053535959979799989D9EA1A3A6A7AAAB19
:10100000AFAEB0B2A9ACCACAFFFFFFFFFFFFFFFF40
:10101000FFFFFFFFFFFFFFFFFFFFFFFFFFFFFFFFE0
:10102000FFFFFFFFFFFF7A7C85878587888B959779
:10103000FFFFFFFFFFFFCDCDFFFFFFFF4E505C5EC8
:10104000C7C7D6D4DBD8E1DDE3E0E7E1E9E5EBE7CC
:10105000FEF88485FFFFFFFFFFFFFFFFFFFF4F51FB
:101060005A5CFFFBFBF5FBF2F7F3F6F2F5EEF4EE5C
:10107000F1EDF0EAEDE9ECE9EAE6E8E5E5E2E4E3E2
:10108000E3E0E2E0DFDEDEDDDDDBDBDADAD8D7D796
:10109000D6D6D4D6D1D2D1D1CED0CDCECACCCACC50
:1010A000C8CAC6C8C4C7C2C4C1C4BFC3BDC0BBBF11
:1010B000BABEB7BBB6BBB4B8B3B8B1B4AFB4ADB2D7
:1010C000ABB0A8AEA7AEA5ACA4AAA2A9A0A79EA6A5
:1010D0009DA59BA198A097A0969E969F969F969F50
:1010E000989F97A097A097A097A097A097A098A047
:1010F00099A099A199A199A19AA29AA29BA29BA415
:101100009CA39DA59EA69DA59FA79EA6A0A8A1A9BC
:10111000A5ABA3ACA6ADA8AEA9AFAAB0ABB1AEB318
:10112000B0B5B1B6B2B8B3B8B6BBB8BDBBBFBCC042
:10113000BFC3C1C5C4C8C6CAC8CDCBCECED0D2D419
:10114000D5D6D8D9DCDCDFE0E2E2E6E6EBE9F0EE8A
:10115000F6F3FAF7FFFAFFFFFFFF7C7DFFFFFFFFCB
:10116000FFFFFFFF5355595B9798989A9EA2A3A73C
:10117000A7ADABB3AEB8B2BCACB5CACBFFFFFFFFF7
:10118000FFFFFFFFFFFFFFFFFFFFFFFFFFFFFFFF6F
:10119000FFFFFFFFFFFFFFFFFFFF3131575757579B
:1011A00046464B4BF9F9FFFFFFFF3F3FFFFFFFFFB5
:1011B0004E4E5B5CC7C3D5D1D9D6E0DCE5E1E8E5AE
:1011C000EBE8ECE8FFFD8484FFFFFFFFFFFFFFFF7C
:1011D000FFFF5151585AF4EFECE9ECE8EAE8E9E591
:1011E000E8E4E7E2E5E1E3DFE2DEE0DCDFDBDCD8F8
:1011F000DAD7D9D5D8D4D8D3D5D3D4D0D2CFD3CEAB
:10120000D1CCCFCBCCC8CBC7C9C6C8C4C8C3C4C156
:10121000C3C0C2BDC0BCBFBBBCB9BCB8B9B7B8B510
:10122000B6B3B6B2B3B0B0AFAEADADACABAAAAA8D0
:10123000A7A7A6A6A4A3A3A3A2A09F9F9D9E9C9C94
:101240009B9B989897989496949391928F918E9057
:101250008F91909190909092909290929092909283
:10126000909291929192919292939293929292945F
:10127000929394959495949594979597969797991A
:10128000999899999A9A9C9D9C9C9E9E9EA0A0A19B
:10129000A1A2A3A3A4A4A6A6A7A7A9A9AAA8ACACE7
:1012A000AEAEB1AFB2B2B4B3B7B6BAB8BBBABDBCEA
:1012B000C1BEC2C2C6C4C9C7CBCACECCD2CFD6D299
:1012C000D7D6DBDADFDEE4E3E7E6EDEBF1F06F6FD4
:1012D000FFFFFFFFFFFFFFFF535359599B9A939264
:1012E00099999E9EA3A4A7A8AAABADAFA7AACACA64
:1012F000FFFFFFFFFFFFFFFFFFFFFFFFFFFFFFFFFE
:10130000FFFFFFFFFFFFFFFFFFFFFFFFFFFF313387
:101310005759575946494B4CF9FAFFFFFFFF3F41D8
:10132000FFFFFFFF4E505C5EC3C2D1CFD6D5DCD8E5
:10133000E1DDE5E1E8E2E8E5FDF78485FFFFFFFF99
:10134000FFFFFFFFFFFF51535A5CEFEAE9E4E8E3D8
:10135000E8E1E5E2E4E1E2DDE1DDDFDCDEDADCD993
:10136000DBD8D8D6D7D5D5D3D4D3D3D1D3D0D0D03A
:10137000CFCFCECDCCCBCBCAC8C9C7C7C6C8C4C5D2
:10138000C3C4C1C3C0C1BDBFBCBEBBBDB9BCB8BB7B
:10139000B7BAB5B8B3B7B2B5B0B3AFB4ADB1ACB01E
:1013A000AAAEA8ACA7ABA6ABA3A8A3A7A0A59FA4D1
:1013B0009EA49CA29BA1989F989F969D939B929A76
:1013C000919A909891999199909992999299929ACB
:1013D000929A929A929A929A929A929A9399939BAB
:1013E000929A949C939C959C959C959C979E979E75
:1013F000979E99A0989F99A09AA29DA29CA39EA413
:10140000A0A5A1A6A2A7A3A9A4A9A6ABA7ACA9AD74
:10141000A8AEACB1AEB2AFB3B2B6B3B7B6B9B8BBA3
:10142000BABEBCC0BEC1C2C4C4C6C7C9CACACCCD7C
:10143000CFD1D2D1D6D6DAD9DEDDE3E1E6E5EBE8ED
:10144000F0EC6F70FFFFFFFFFFFFFFFF5355595B8D
:101450009A9B9293999B9EA2A4A7A8ADABB4AFB858
:10146000AAB1CACBFFFFFFFFFFFFFFFFFFFFFFFF98
:10147000FFFFFFFFFFFFFFFFFFFFFFFFFFFFFFFF7C
:10148000FFFFFFFF49494545FFFF4A4A4444FFFF2C
:101490003E3E4848FFFFFFFF4E4E5B5CC0BCCFCBDB
:1014A000D5D1DAD6E0DCE5E1E9E5EAE7FFFB8484C3
:1014B000FFFFFFFFFFFFFFFFFFFF5151585AF5F1FC
:1014C000ECE8ECE9ECE8E9E8E9E5E8E5E6E2E5E1A5
:1014D000E4E0E2DDDFDDDFDBDCD8DBD7D9D4D9D453
:1014E000D8D3D6D2D3CFD3CFD1CED1CCD0CCCCC8F9
:1014F000CCC8C9C5C8C4C6C3C4C1C3C0C1BDC0BDB2
:10150000BEBBBCBABCB7B9B6B8B6B5B4B5B2B3B069
:10151000B1AFAFADACABABABA9A9A7A8A6A6A5A42C
:10152000A3A3A2A0A09F9E9D9D9C9B9B97999798EB
:101530009497939490918F918E908F919091909198
:101540009092909290929092909290929192919289
:101550009293929392939292929493939495959559
:1015600095969497959796979799999899999A9A05
:101570009B9D9C9C9E9E9EA0A0A0A1A2A2A3A5A56F
:10158000A5A6A7A7A9A9AAA9ADACAEADB1B0B2B1A5
:10159000B5B3B7B6BAB8BBBABEBCC0BEC2C1C6C48A
:1015A000C8C7CACACECDD1D0D6D2D7D6DBDADFDE15
:1015B000E3E3E8E7EDEB6667FFFFFFFFFFFFFFFFF9
:1015C00053535959A09E9595929299999E9EA3A383
:1015D000A7A8AAABA6A7CACAFFFFFFFFFFFFFFFF8E
:1015E000FFFFFFFFFFFFFFFFFFFFFFFFFFFFFFFF0B
:1015F000FFFFFFFFFFFFFFFF494B4549FFFF4A4B3E
:101600004446FFFF3E41484AFFFFFFFF4E505C5EED
:10161000BCBDCBCAD1CFD6D4DCD8E1DDE5E1E7E271
:10162000FBF58485FFFFFFFFFFFFFFFFFFFF515327
:101630005A5CF1ECE8E3E9E4E8E3E8E0E5E2E5E15F
:10164000E2DEE1DDE0DBDDDADDDADBD8D8D6D7D5E6
:10165000D4D3D4D4D3D1D2D1CFD0CFCFCECDCCCB85
:10166000CCCAC8C9C8C8C5C8C4C5C3C4C1C3C0C220
:10167000BDBFBDBFBBBDBABCB7BBB6B9B6B8B4B7CA
:10168000B2B5B0B3AFB4ADB1ABB0ABAFA9ADA8AA72
:10169000A6ABA4A9A3A6A0A59FA59DA49CA29BA11F
:1016A000999F989F979E949B9199919A90989199C0
:1016B000919991999299929A929A929A929A929ACF
:1016C000929A929A939A9399939B929A949C939CB0
:1016D000959C959C969D979E979E979E99A0989F66
:1016E00099A09AA19DA29CA39EA4A0A6A0A6A2A7F1
:1016F000A3A8A5A9A6ABA7ACA9AEA9AEACB1ADB243
:10170000B0B3B1B5B3B8B6B9B8BBBABEBCC0BEC24F
:10171000C1C3C4C6C7C8CACBCDCED0D1D2D2D6D50C
:10172000DAD9DEDDE3E0E7E4EBE86769FFFFFFFF1E
:10173000FFFFFFFF5355595B9E9F95969293999C8F
:101740009EA2A3A9A8AEABB3A7AECACBFFFFFFFF73
:10175000FFFFFFFFFFFFFFFFFFFFFFFFFFFFFFFF99
:10176000FFFFFFFFFFFFFFFFFFFFFFFF4949454569
:10177000FFFF4A4A5858484858584848FFFFFFFF5B
:101780004E4E5B5CB9B4C8C4CFCBD6D0DAD7DFDA63
:10179000E5E0E8E4FDFA8484FFFFFFFFFFFFFFFFC1
:1017A000FFFF5151585AF7F3EFECECE8ECE9ECE8A5
:1017B000E9E8E9E5E8E5E7E3E6E2E3DFE2DEDFDCEE
:1017C000DFDBDDD8DAD8DAD5D8D4D8D3D5D2D4D0A7
:1017D000D2CFD1CED1CDCFCBCDC9CBC7C9C6C9C54C
:1017E000C7C3C5C2C3C0C1BEC0BDBEBBBDB9BBB807
:1017F000BAB7B8B6B6B3B6B2B3B0B0B0AFADAEACC0
:10180000ABABAAA8A8A7A6A6A4A3A3A2A2A1A09F87
:101810009D9D9C9C9B9B989997979497959391924B
:1018200090918E908F9190919090909290929092B2
:10183000909290929092919291929192929392938F
:101840009292929492939495949494969497949758
:1018500096979799999798999A9A9C9D9B9B9E9EEB
:101860009EA0A1A1A1A1A3A3A4A4A6A6A7A7A9A93C
:10187000ABA9ACABADAEB1AFB2B1B4B3B6B6BAB85A
:10188000BBBABDBBC0BEC2C2C6C4C9C6CAC9CDCC24
:10189000D1CFD6D2D8D7DBDADFDFE3E3E7E667677D
:1018A000FFFFFFFFFFFFFFFF53535959A4A2999772
:1018B00095939494999A9EA0A3A4A7A8A3A4CACAF6
:1018C000FFFFFFFFFFFFFFFFFFFFFFFFFFFFFFFF28
:1018D000FFFFFFFFFFFFFFFFFFFFFFFFFFFFFFFF18
:1018E000494C4549FFFF4A4B585A484A585A484ABA
:1018F000FFFFFFFF4E505C5EB4B6C4C5CBCAD0CF6D
:10190000D7D5DAD7E0DCE4E1FAF38486FFFFFFFF06
:10191000FFFFFFFFFFFF51535A5CF3ECECE7E8E4F5
:10192000E9E4E8E3E8E1E5E1E5E1E3DEE2DEDFDB8F
:10193000DEDADCD9DBD8D8D6D8D5D5D3D4D4D3D138
:10194000D2D0D0D0CFCFCECDCDCCCBCAC9C9C7C8CD
:10195000C6C8C5C5C3C4C2C3C0C1BEC0BDBFBBBD70
:10196000B9BCB8BAB7BAB6B8B3B7B2B5B0B3B0B419
:10197000ADB0ACB0ABAFA8ACA7ABA6ABA3A8A2A7C9
:10198000A1A59FA49DA49CA29BA1999F979E979E71
:10199000939B929A919A90989199919990999299F2
:1019A0009299929A929A929A929A929A929A929AD8
:1019B0009399939B929A949C939C959C949B969DAF
:1019C000979E979E979E99A0979E99A09AA29DA256
:1019D0009BA39EA4A0A5A1A7A1A8A3A9A4A9A6ABC7
:1019E000A7ACA9ADA9AEABB0AEB1AFB3B1B5B3B70B
:1019F000B6B9B8BBBABEBBC0BEC1C2C4C4C6C6C9F4
:101A0000C9CACCCDCFD1D2D1D7D6DAD9DFDEE3E186
:101A1000E6E56769FFFFFFFFFFFFFFFF5355595BD7
:101A2000A2A49799939494949A9BA0A3A4A9A8AED6
:101A3000A4ABCACBFFFFFFFFFFFFFFFFFFFFFFFFCE
:101A4000FFFFFFFFFFFFFFFFFFFFFFFFFFFFFFFFA6
:101A5000FFFFFFFF49494545FFFF4A4A585858587C
:101A600057574848FFFFFFFF4E4E5B5CB0ADC0BD0F
:101A7000C8C5D0CBD6D1DAD7E0DCE6E2FBF793934A
:101A8000FFFFFFFFFFFFFFFFFFFF5151585AF8F321
:101A9000F0ECEFECECE8EBE8EAE7EAE8EAE6E8E5A8
:101AA000E7E2E6E2E4E0E1DEDFDDDEDBDCD9DCD844
:101AB000D9D5D9D3D8D3D6D2D3CFD2CFD1CED1CCFA
:101AC000D0CCCDC9CBC7C9C5C8C4C6C3C4C1C4C0A6
:101AD000C2BDC1BCBEBABCB9BCB7B9B7B8B6B6B363
:101AE000B6B1B2B0B1AFAFADADACABABAAA8A8A820
:101AF000A6A6A5A3A3A2A2A0A09F9D9D9D9C9B9BE3
:101B0000989897989496949491928F918E908F91A3
:101B10008F919090909290929092909290929092B9
:101B20009192919291929293929392929294929393
:101B30009495949495969497959796979799999844
:101B400098999A9A9C9D9C9C9E9E9EA09FA0A1A2C3
:101B5000A2A3A4A4A5A6A6A6A9A9AAA9ACACAEAD09
:101B6000B1B0B1B2B5B4B7B6BAB8BBBABDBDC1BEFB
:101B7000C2C2C6C4C9C7CBC9CECCD1CFD6D2D7D6A4
:101B8000DBDADFE0E4E36666FFFFFFFFFFFFFFFF56
:101B900053535959A7A69D9C9898959493939A9AB4
:101BA0009E9FA4A59FA1CACAFFFFFFFFFFFFFFFFE3
:101BB000FFFFFFFFFFFFFFFFFFFFFFFFFFFFFFFF35
:101BC000FFFFFFFFFFFFFFFF494C4549FFFF4A4B67
:101BD000585A585A5759484AFFFFFFFF4E505C5E0B
:101BE000ADAFBDBFC5C6CBCBD1D0D7D4DCD9E2DD3C
:101BF000F7F29395FFFFFFFFFFFFFFFFFFFF51533A
:101C00005A5CF3ECECE5ECE7E8E3E8E3E7E3E8E172
:101C1000E6E1E5E1E2DEE2DEE0DCDEDBDDDADBD8D8
:101C2000D9D6D8D5D5D3D3D4D3D1D2D1CFD0CFCF85
:101C3000CECDCCCBCCC9C9C9C7C8C5C8C4C5C3C41F
:101C4000C1C3C0C1BDBFBCBEBABCB9BCB7BCB7BACA
:101C5000B6B8B3B7B1B4B0B3AFB4ADB2ACB0ABAF6C
:101C6000A8ACA8AAA6ABA3A8A2A6A0A59FA59DA420
:101C70009CA29BA1989F989F969D949B929A919AC3
:101C8000909891999199909992999299929A929A01
:101C9000929A929A929A929A929A9399939B929AE2
:101CA000949C939C959C949B969D979E979E979EA3
:101CB00099A0989F99A09AA19DA29CA39EA4A0A53B
:101CC000A0A6A2A8A3A8A4A9A6ABA6ACA9ADA9AE9C
:101CD000ACB1ADB2B0B3B2B5B4B8B6B9B8BBBABEB8
:101CE000BDBFBEC2C2C4C4C6C7C9C9CACCCDCFD18C
:101CF000D2D2D6D6DAD9E0DEE3E16669FFFFFFFF94
:101D0000FFFFFFFF5355595BA6A69C9D989994959C
:101D100093949A9D9FA3A5AAA1A7CACBFFFFFFFFFB
:101D2000FFFFFFFFFFFFFFFFFFFFFFFFFFFFFFFFC3
:101D3000FFFFFFFFFFFFFFFFFFFFFFFF4949454593
:101D4000FFFF4A4A4B4B747448484848FFFFFFFF67
:101D50004E4E5B5CA6A5B7B4C1BCC8C4CFCCD6D12F
:101D6000DCD8E0DCF8F39393FFFFFFFFFFFFFFFFFA
:101D7000FFFF5151585AF9F5F1ECF0EBEEECECE8BD
:101D8000EBE8EBE7E9E8E9E4E7E4E7E2E5E1E3DFF4
:101D9000E2DDDFDCDFDBDDD8DAD8D9D5D8D4D8D3A3
:101DA000D5D2D4D0D2CFD1CED1CCCFCBCCC8CBC74B
:101DB000C9C6C9C5C6C3C4C1C3C0C1BDC0BCBEBB02
:101DC000BCB9BBB8BAB7B8B6B6B3B6B2B2B0B1B0B8
:101DD000AFACADACAAABA9A8A7A7A6A6A4A3A3A283
:101DE000A1A19F9E9E9E9C9D9B9A97999697949643
:101DF000959390918F928E908F91909190909092D8
:101E000090929092909290929092919291929293BD
:101E1000929392939292929492939495949494968E
:101E20009497959795969799999798999A9A9B9D33
:101E30009C9C9E9E9EA0A1A1A1A2A3A3A5A5A6A68F
:101E4000A7A7A8A8ABA9ACABADAEB1AFB2B1B4B3C4
:101E5000B7B6BAB8BBB9BEBBC0BEC2C2C6C4C8C79B
:101E6000CBCACDCCD1D0D6D2D8D7DBDAE0DE67670B
:101E7000FFFFFFFFFFFFFFFF53535959ABAAA1A07C
:101E80009C9B9898949494949A9B9FA09C9EDBDB37
:101E9000FFFFFFFFFFFFFFFFFFFFFFFFFFFFFFFF52
:101EA000FFFFFFFFFFFFFFFFFFFFFFFFFFFFFFFF42
:101EB000494C4549FFFF4A4B4B4D7476484B484AC5
:101EC000FFFFFFFF4E505C5EA5A9B4B6BCBFC4C601
:101ED000CCCBD1D1D8D5DCD9F3EF9395FFFFFFFF61
:101EE000FFFFFFFFFFFF51535A5CF5ECECE8EBE618
:101EF000ECE7E8E3E8E3E7E3E8E1E4E1E4E1E2DE9C
:101F0000E1DDDFDBDDDADCD9DBD8D8D6D8D5D5D337
:101F1000D4D4D3D1D2D0D0CFCFCECECDCCCBCBCAD0
:101F2000C8C9C7C7C6C8C5C5C3C4C1C3C0C2BDBF71
:101F3000BCBEBBBDB9BCB8BAB7BAB6B8B3B7B2B518
:101F4000B0B3B0B4ACB0ACAFABAFA8ACA7AAA6AAC4
:101F5000A3A8A2A7A1A59EA49EA49DA39AA099A070
:101F6000979E969D939A9199929A9098919991990A
:101F700090999299929A929A929A929A929A929A05
:101F8000929A939A9399939B929A949C939C959CE2
:101F9000949B969D979E979E969D99A0979E99A09B
:101FA0009AA29DA29CA39EA5A0A5A1A7A2A8A3A911
:101FB000A5A9A6ABA7ACA8ADA9AEABB0AEB1AFB367
:101FC000B1B5B3B7B6B9B8BBB9BEBBC0BEC1C2C468
:101FD000C4C6C7C8CACACCCDD0D1D2D2D7D6DAD916
:101FE000DEDD6769FFFFFFFFFFFFFFFF5355595B12
:101FF000AAA9A09F9B9C9899949594959B9DA0A419
:102000009EA2DBDCFFFFFFFFFFFFFFFFFFFFFFFFE5
:10201000FFFFFFFFFFFFFFFFFFFFFFFFFFFFFFFFD0
:10202000FFFFFFFF7E7E7B7BFFFF7F7F7F7FFFFFCA
:102030007B7B7C7CFFFFFFFF65656161A0A0B4B383
:10204000C0BECBC8D5D1DDD9E3DEE9E5FFFC939373
:10205000FFFFFFFFFFFFFFFFFFFF4A4A5F5FFFFF3A
:10206000FDF9FDF6FBF6FAF6F7F3F6F2F5F1F4F109
:10207000F4F0F2EFF1ECF0EBEDE8EBE7E9E5E8E4A2
:10208000E5E2E5E0E2DDE2DCE1DBDFDADCD8DBD76C
:10209000DAD6D8D3D8D3D4D0D3CFD1CDD0CCCECB21
:1020A000CCC8CAC7C9C4C7C3C5C1C3C0C2BEC0BDEE
:1020B000BEBBBCBABBB8B9B6B7B5B4B2B2B1B1AFBA
:1020C000AFAEACACACAAA9A8A8A7A5A4A3A3A2A292
:1020D000A0A19E9E9B9C9B9B979A9797939492936B
:1020E00091939193929392929294929492949294C7
:1020F00092949394939493949495949594959495A1
:1021000096969496969798989899979A989B999A54
:102110009A9C9C9C9C9D9E9D9FA0A0A0A2A2A2A3D5
:10212000A3A4A4A6A5A8A9A8AAABABABAEAEAFAE1C
:10213000B1B1B3B3B6B5B8B7BAB9BDBCC0BDC2C012
:10214000C4C3C7C5C9C8CDCBD0CED3D1D6D4DAD8B5
:10215000DEDAE0DFE5E4696AFFFFFFFFFFFFFFFF74
:1021600047475F5FB8B6ACAAA8A6A3A29F9E9A9A5B
:102170009B9BA2A29FA1DBDBFFFFFFFFFFFFFFFFF7
:10218000FFFFFFFFFFFFFFFFFFFFFFFFFFFFFFFF5F
:10219000FFFFFFFFFFFFFFFF7E807B7CFFFF7F8055
:1021A0007F80FFFF7B7E7C7EFFFFFFFF65676162B4
:1021B000A0A6B3B8BEC1C8CAD1D2D9D7DEDDE5E387
:1021C000FCF79395FFFFFFFFFFFFFFFFFFFF4A4C68
:1021D0005F60FFF8F9F1F6F2F6F0F6F0F3EDF2EDEC
:1021E000F1EDF1EBF0EBEFEAECE8EBE7E8E5E7E344
:1021F000E5E2E4E1E2DEE0DEDDDADCDCDBD9DAD800
:10220000D8D7D7D6D6D5D3D2D3D1D0D1CFCFCDCFA3
:10221000CCCDCBCCC8CAC7C8C4C6C3C5C1C3C0C354
:10222000BEC2BDC0BBBEBABDB8BBB6B9B5B9B2B708
:10223000B1B5AFB3AEB2ACB0AAAFA8ADA7ABA4AACC
:10224000A3A9A2A8A1A79EA59CA39BA39AA1979F7F
:10225000949E939D939B939B939B929B949C949D04
:10226000949D949D949D949D949D949D959D959DE4
:10227000959E959D969F969F979F989F99A09AA1AE
:102280009BA29AA29CA39CA39DA49DA4A0A6A0A748
:10229000A2A7A3A9A4AAA6ABA8ACA8AEABB0ABB1A9
:1022A000AEB2AEB3B1B6B3B8B5B9B7BAB9BDBCBFCB
:1022B000BDC1C0C4C3C6C5C8C8CACBCDCECFD1D19D
:1022C000D4D5D8D9DADADFDEE4E26A6CFFFFFFFFAB
:1022D000FFFFFFFF474A5F60B6B6AAABA6A7A2A35F
:1022E0009E9F9A9B9B9CA2A4A1A4DBDAFFFFFFFF09
:1022F000FFFFFFFFFFFFFFFFFFFFFFFFFFFFFFFFEE
:10230000FFFFFFFFFFFFFFFFFFFFFFFFFFFFFFFFDD
:10231000FFFFFFFFFFFFFFFFFFFFFFFFFFFFFFFFCD
:10232000FFFF79795F5F5E5E5E5E5D5D5D5D5C5D5A
:102330005C5C5C5C5C5C9C9CFFFFFFFFFFFFFFFF45
:10234000FFFFFFFF59594343424242424242424249
:102350004242424342434343434343434343434351
:10236000434343434343434343434343434443443B
:10237000444444444444444444444444444444441D
:102380004444444444444445444545454545454505
:1023900045454545454545454545454545454545ED
:1023A00046464646464646464646464646464646CD
:1023B00046464646464747474747474747474747B2
:1023C000474747474747474747474747474747479D
:1023D000474747474747474747474747474747478D
:1023E000474747474747474747474747474747477D
:1023F000474747474747474747474747474747476D
:102400004747474747474746464646464646464665
:10241000464646464646464646464646464646465C
:10242000454545454545454545454545454545455C
:10243000444444444444444444444444434345455C
:10244000FFFFFFFFFFFFFFFFFFFF55554A4A4A4AC4
:102450004A4A4A4A4B4A4B4B4B4B4B4B4B4BD7D7B9
:10246000FFFFFFFFFFFFFFFFFFFFFFFFFFFFFFFF7C
:10247000FFFFFFFFFFFFFFFFFFFFFFFFFFFFFFFF6C
:10248000FFFFFFFFFFFFFFFFFFFFFFFFFFFFFFFF5C
:10249000FFFFFFFFFFFF797B5F615E605E605D5F56
:1024A0005D5F5D5F5C5F5C5E5C5E9C9DFFFFFFFF50
:1024B000FFFFFFFFFFFFFFFF595B434542454245DA
:1024C00042454245424543454345434543454345CF
:1024D00043464346434643464346434643464346B4
:1024E000444644464446444644464446444644479B
:1024F0004447444744474447444745474547454781
:102500004547454745474547454745474548454869
:10251000454845484648464846484648464846484D
:102520004648464846484648474847494749474934
:10253000474947494749474947494749474947491B
:10254000474947494749474947494749474947490B
:1025500047494749474947494749474947494749FB
:1025600047494749474947494749474947494749EB
:1025700047494749474947494749464946484648E0
:1025800046484648464846484648464846484648DB
:1025900046484648454845474547454745474547D6
:1025A00045474547444744474446444644464446D5
:1025B00043464547FFFFFFFFFFFFFFFFFFFF555665
:1025C0004A4C4A4C4A4D4A4D4A4D4B4D4B4D4B4D52
:1025D0004B4ED7D7FFFFFFFFFFFFFFFFFFFFFFFFC0
:1025E000FFFFFFFFFFFFFFFFFFFFFFFFFFFFFFFFFB
:1025F000FFFFFFFFFFFFFFFFFFFFFFFFFFFFFFFFEB
:10260000FFFFFFFFFFFFFFFFFFFFFFFFFFFFFFFFDA
:10261000FFFFFFFFFFFFFFFFFFFFFFFFFFFFFFFFCA
:10262000FFFFFFFFFFFFFFFFFFFFFFFFFFFFFFFFBA
:10263000FFFFFFFFFFFFFFFFFFFFFFFFFFFFFFFFAA
:10264000FFFFFFFFFFFFFFFFFFFFFFFFFFFFFFFF9A
:10265000FFFFFFFFFFFFFFFFFFFFFFFFFFFFFFFF8A
:10266000FFFFFFFFFFFFFFFFFFFFFFFFFFFFFFFF7A
:10267000FFFFFFFFFFFFFFFFFFFFFFFFFFFFFFFF6A
:10268000FFFFFFFFFFFFFFFFFFFFFFFFFFFFFFFF5A
:10269000FFFFFFFFFFFFFFFFFFFFFFFFFFFFFFFF4A
:1026A000FFFFFFFFFFFFFFFFFFFFFFFFFFFFFFFF3A
:1026B000FFFFFFFFFFFFFFFFFFFFFFFFFFFFFFFF2A
:1026C000FFFFFFFFFFFFFFFFFFFFFFFFFFFFFFFF1A
:1026D000FFFFFFFFFFFFFFFFFFFFFFFFFFFFFFFF0A
:1026E000FFFFFFFFFFFFFFFFFFFFFFFFFFFFFFFFFA
:1026F000FFFFFFFFFFFFFFFFFFFFFFFFFFFFFFFFEA
:10270000FFFFFFFFFFFFFFFFFFFFFFFFFFFFFFFFD9
:10271000FFFFFFFFFFFFFFFFFFFFFFFFFFFFFFFFC9
:10272000FFFFFFFFFFFFFFFFFFFFFFFFFFFFFFFFB9
:10273000FFFFFFFFFFFFFFFFFFFFFFFFFFFFFFFFA9
:10274000FFFFFFFFFFFFFFFFFFFFFFFFFFFFFFFF99
:10275000FFFFFFFFFFFFFFFFFFFFFFFFFFFFFFFF89
:10276000FFFFFFFFFFFFFFFFFFFFFFFFFFFFFFFF79
:10277000FFFFFFFFFFFFFFFFFFFFFFFFFFFFFFFF69
:10278000FFFFFFFFFFFFFFFFFFFFFFFFFFFFFFFF59
:10279000FFFFFFFFFFFFFFFFFFFFFFFFFFFFFFFF49
:1027A000FFFFFFFFFFFFFFFFFFFFFFFFFFFFFFFF39
:1027B000FFFFFFFFFFFFFFFFFFFFFFFFFFFFFFFF29
:1027C000FFFFFFFFFFFFFFFFFFFFFFFFFFFFFFFF19
:1027D000FFFFFFFFFFFFFFFFFFFFFFFFFFFFFFFF09
:1027E000FFFFFFFFFFFFFFFFFFFFFFFFFFFFFFFFF9
:1027F000FFFFFFFFFFFFFFFFFFFFFFFFFFFFFFFFE9
:10280000FFFFFFFFFFFFFFFFFFFFFFFFFFFFFFFFD8
:10281000FFFFFFFFFFFFFFFFFFFFFFFFFFFFFFFFC8
:10282000FFFFFFFFFFFFFFFFFFFFFFFFFFFFFFFFB8
:10283000FFFFFFFFFFFFFFFFFFFFFFFFFFFFFFFFA8
:10284000FFFFFFFFFFFFFFFFFFFFFFFFFFFFFFFF98
:10285000FFFFFFFFFFFFFFFFFFFFFFFFFFFFFFFF88
:10286000FFFFFFFFFFFFFFFFFFFFFFFFFFFFFFFF78
:10287000FFFFFFFFFFFFFFFFFFFFFFFFFFFFFFFF68
:10288000FFFFFFFFFFFFFFFFFFFFFFFFFFFFFFFF58
:10289000FFFFFFFFFFFFFFFFFFFFFFFFFFFFFFFF48
:1028A000FFFFFFFFFFFFFFFFFFFFFFFFFFFFFFFF38
:1028B000FFFFFFFFFFFFFFFFFFFFFFFFFFFFFFFF28
:1028C000FFFFFFFFFFFFFFFFFFFFFFFFFFFFFFFF18
:1028D000FFFFFFFFFFFFFFFFFFFFFFFFFFFFFFFF08
:1028E000FFFFFFFFFFFFFFFFFFFFFFFFFFFFFFFFF8
:1028F000FFFFFFFFFFFFFFFFFFFFFFFFFFFFFFFFE8
:10290000FFFFFFFFFFFFFFFFFFFFFFFFFFFFFFFFD7
:10291000FFFFFFFFFFFFFFFFFFFFFFFFFFFFFFFFC7
:10292000FFFFFFFFFFFFFFFFFFFFFFFFFFFFFFFFB7
:10293000FFFFFFFFFFFFFFFFFFFFFFFFFFFFFFFFA7
:10294000FFFFFFFFFFFFFFFFFFFFFFFFFFFFFFFF97
:10295000FFFFFFFFFFFFFFFFFFFFFFFFFFFFFFFF87
:10296000FFFFFFFFFFFFFFFFFFFFFFFFFFFFFFFF77
:10297000FFFFFFFFFFFFFFFFFFFFFFFFFFFFFFFF67
:10298000FFFFFFFFFFFFFFFFFFFFFFFFFFFFFFFF57
:10299000FFFFFFFFFFFFFFFFFFFFFFFFFFFFFFFF47
:1029A000FFFFFFFFFFFFFFFFFFFFFFFFFFFFFFFF37
:1029B000FFFFFFFFFFFFFFFFFFFFFFFFFFFFFFFF27
:1029C000FFFFFFFFFFFFFFFFFFFFFFFFFFFFFFFF17
:1029D000FFFFFFFFFFFFFFFFFFFFFFFFFFFFFFFF07
:1029E000FFFFFFFFFFFFFFFFFFFFFFFFFFFFFFFFF7
:1029F000FFFFFFFFFFFFFFFFFFFFFFFFFFFFFFFFE7
:102A0000FFFFFFFFFFFFFFFFFFFFFFFFFFFFFFFFD6
:102A1000FFFFFFFFFFFFFFFFFFFFFFFFFFFFFFFFC6
:102A2000FFFFFFFFFFFFFFFFFFFFFFFFFFFFFFFFB6
:102A3000FFFFFFFFFFFFFFFFFFFFFFFFFFFFFFFFA6
:102A4000FFFFFFFFFFFFFFFFFFFFFFFFFFFFFFFF96
:102A5000FFFFFFFFFFFFFFFFFFFFFFFFFFFFFFFF86
:102A6000FFFFFFFFFFFFFFFFFFFFFFFFFFFFFFFF76
:102A7000FFFFFFFFFFFFFFFFFFFFFFFFFFFFFFFF66
:102A8000FFFFFFFFFFFFFFFFFFFFFFFFFFFFFFFF56
:102A9000FFFFFFFFFFFFFFFFFFFFFFFFFFFFFFFF46
:102AA000FFFFFFFFFFFFFFFFFFFFFFFFFFFFFFFF36
:102AB000FFFFFFFFFFFFFFFFFFFFFFFFFFFFFFFF26
:102AC000FFFFFFFFFFFFFFFFFFFFFFFFFFFFFFFF16
:102AD000FFFFFFFFFFFFFFFFFFFFFFFFFFFFFFFF06
:102AE000FFFFFFFFFFFFFFFFFFFFFFFFFFFFFFFFF6
:102AF000FFFFFFFFFFFFFFFFFFFFFFFFFFFFFFFFE6
:102B0000FFFFFFFFFFFFFFFFFFFFFFFFFFFFFFFFD5
:102B1000FFFFFFFFFFFFFFFFFFFFFFFFFFFFFFFFC5
:102B2000FFFFFFFFFFFFFFFFFFFFFFFFFFFFFFFFB5
:102B3000FFFFFFFFFFFFFFFFFFFFFFFFFFFFFFFFA5
:102B4000FFFFFFFFFFFFFFFFFFFFFFFFFFFFFFFF95
:102B5000FFFFFFFFFFFFFFFFFFFFFFFFFFFFFFFF85
:102B6000FFFFFFFFFFFFFFFFFFFFFFFFFFFFFFFF75
:102B7000FFFFFFFFFFFFFFFFFFFFFFFFFFFFFFFF65
:102B8000FFFFFFFFFFFFFFFFFFFFFFFFFFFFFFFF55
:102B9000FFFFFFFFFFFFFFFFFFFFFFFFFFFFFFFF45
:102BA000FFFFFFFFFFFFFFFFFFFFFFFFFFFFFFFF35
:102BB000FFFFFFFFFFFFFFFFFFFFFFFFFFFFFFFF25
:102BC000FFFFFFFFFFFFFFFFFFFFFFFFFFFFFFFF15
:102BD000FFFFFFFFFFFFFFFFFFFFFFFFFFFFFFFF05
:102BE000FFFFFFFFFFFFFFFFFFFFFFFFFFFFFFFFF5
:102BF000FFFFFFFFFFFFFFFFFFFFFFFFFFFFFFFFE5
:102C0000FFFFFFFFFFFFFFFFFFFFFFFFFFFFFFFFD4
:102C1000FFFFFFFFFFFFFFFFFFFFFFFFFFFFFFFFC4
:102C2000FFFFFFFFFFFFFFFFFFFFFFFFFFFFFFFFB4
:102C3000FFFFFFFFFFFFFFFFFFFFFFFFFFFFFFFFA4
:102C4000FFFFFFFFFFFFFFFFFFFFFFFFFFFFFFFF94
:102C5000FFFFFFFFFFFFFFFFFFFFFFFFFFFFFFFF84
:102C6000FFFFFFFFFFFFFFFFFFFFFFFFFFFFFFFF74
:102C7000FFFFFFFFFFFFFFFFFFFFFFFFFFFFFFFF64
:102C8000FFFFFFFFFFFFFFFFFFFFFFFFFFFFFFFF54
:102C9000FFFFFFFFFFFFFFFFFFFFFFFFFFFFFFFF44
:102CA000FFFFFFFFFFFFFFFFFFFFFFFFFFFFFFFF34
:102CB000FFFFFFFFFFFFFFFFFFFFFFFFFFFFFFFF24
:102CC000FFFFFFFFFFFFFFFFFFFFFFFFFFFFFFFF14
:102CD000FFFFFFFFFFFFFFFFFFFFFFFFFFFFFFFF04
:102CE000FFFFFFFFFFFFFFFFFFFFFFFFFFFFFFFFF4
:102CF000FFFFFFFFFFFFFFFFFFFFFFFFFFFFFFFFE4
:102D0000FFFFFFFFFFFFFFFFFFFFFFFFFFFFFFFFD3
:102D1000FFFFFFFFFFFFFFFFFFFFFFFFFFFFFFFFC3
:102D2000FFFFFFFFFFFFFFFFFFFFFFFFFFFFFFFFB3
:102D3000FFFFFFFFFFFFFFFFFFFFFFFFFFFFFFFFA3
:102D4000FFFFFFFFFFFFFFFFFFFFFFFFFFFFFFFF93
:102D5000FFFFFFFFFFFFFFFFFFFFFFFFFFFFFFFF83
:102D6000FFFFFFFFFFFFFFFFFFFFFFFFFFFFFFFF73
:102D7000FFFFFFFFFFFFFFFFFFFFFFFFFFFFFFFF63
:102D8000FFFFFFFFFFFFFFFFFFFFFFFFFFFFFFFF53
:102D9000FFFFFFFFFFFFFFFFFFFFFFFFFFFFFFFF43
:102DA000FFFFFFFFFFFFFFFFFFFFFFFFFFFFFFFF33
:102DB000FFFFFFFFFFFFFFFFFFFFFFFFFFFFFFFF23
:102DC000FFFFFFFFFFFFFFFFFFFFFFFFFFFFFFFF13
:102DD000FFFFFFFFFFFFFFFFFFFFFFFFFFFFFFFF03
:102DE000FFFFFFFFFFFFFFFFFFFFFFFFFFFFFFFFF3
:102DF000FFFFFFFFFFFFFFFFFFFFFFFFFFFFFFFFE3
:102E0000FFFFFFFFFFFFFFFFFFFFFFFFFFFFFFFFD2
:102E1000FFFFFFFFFFFFFFFFFFFFFFFFFFFFFFFFC2
:102E2000FFFFFFFFFFFFFFFFFFFFFFFFFFFFFFFFB2
:102E3000FFFFFFFFFFFFFFFFFFFFFFFFFFFFFFFFA2
:102E4000FFFFFFFFFFFFFFFFFFFFFFFFFFFFFFFF92
:102E5000FFFFFFFFFFFFFFFFFFFFFFFFFFFFFFFF82
:102E6000FFFFFFFFFFFFFFFFFFFFFFFFFFFFFFFF72
:102E7000FFFFFFFFFFFFFFFFFFFFFFFFFFFFFFFF62
:102E8000FFFFFFFFFFFFFFFFFFFFFFFFFFFFFFFF52
:102E9000FFFFFFFFFFFFFFFFFFFFFFFFFFFFFFFF42
:102EA000FFFFFFFFFFFFFFFFFFFFFFFFFFFFFFFF32
:102EB000FFFFFFFFFFFFFFFFFFFFFFFFFFFFFFFF22
:102EC000FFFFFFFFFFFFFFFFFFFFFFFFFFFFFFFF12
:102ED000FFFFFFFFFFFFFFFFFFFFFFFFFFFFFFFF02
:102EE000FFFFFFFFFFFFFFFFFFFFFFFFFFFFFFFFF2
:102EF000FFFFFFFFFFFFFFFFFFFFFFFFFFFFFFFFE2
:102F0000FFFFFFFFFFFFFFFFFFFFFFFFFFFFFFFFD1
:102F1000FFFFFFFFFFFFFFFFFFFFFFFFFFFFFFFFC1
:102F2000FFFFFFFFFFFFFFFFFFFFFFFFFFFFFFFFB1
:102F3000FFFFFFFFFFFFFFFFFFFFFFFFFFFFFFFFA1
:102F4000FFFFFFFFFFFFFFFFFFFFFFFFFFFFFFFF91
:102F5000FFFFFFFFFFFFFFFFFFFFFFFFFFFFFFFF81
:102F6000FFFFFFFFFFFFFFFFFFFFFFFFFFFFFFFF71
:102F7000FFFFFFFFFFFFFFFFFFFFFFFFFFFFFFFF61
:102F8000FFFFFFFFFFFFFFFFFFFFFFFFFFFFFFFF51
:102F9000FFFFFFFFFFFFFFFFFFFFFFFFFFFFFFFF41
:102FA000FFFFFFFFFFFFFFFFFFFFFFFFFFFFFFFF31
:102FB000FFFFFFFFFFFFFFFFFFFFFFFFFFFFFFFF21
:102FC000FFFFFFFFFFFFFFFFFFFFFFFFFFFFFFFF11
:102FD000FFFFFFFFFFFFFFFFFFFFFFFFFFFFFFFF01
:102FE000FFFFFFFFFFFFFFFFFFFFFFFFFFFFFFFFF1
:102FF000FFFFFFFFFFFFFFFFFFFFFFFFFFFFFFFFE1
:10300000FFFFFFFFFFFFFFFFFFFFFFFFFFFFFFFFD0
:10301000FFFFFFFFFFFFFFFFFFFFFFFFFFFFFFFFC0
:10302000FFFFFFFFFFFFFFFFFFFFFFFFFFFFFFFFB0
:10303000FFFFFFFFFFFFFFFFFFFFFFFFFFFFFFFFA0
:10304000FFFFFFFFFFFFFFFFFFFFFFFFFFFFFFFF90
:10305000FFFFFFFFFFFFFFFFFFFFFFFFFFFFFFFF80
:10306000FFFFFFFFFFFFFFFFFFFFFFFFFFFFFFFF70
:10307000FFFFFFFFFFFFFFFFFFFFFFFFFFFFFFFF60
:10308000FFFFFFFFFFFFFFFFFFFFFFFFFFFFFFFF50
:10309000FFFFFFFFFFFFFFFFFFFFFFFFFFFFFFFF40
:1030A000FFFFFFFFFFFFFFFFFFFFFFFFFFFFFFFF30
:1030B000FFFFFFFFFFFFFFFFFFFFFFFFFFFFFFFF20
:1030C000FFFFFFFFFFFFFFFFFFFFFFFFFFFFFFFF10
:1030D000FFFFFFFFFFFFFFFFFFFFFFFFFFFFFFFF00
:1030E000FFFFFFFFFFFFFFFFFFFFFFFFFFFFFFFFF0
:1030F000FFFFFFFFFFFFFFFFFFFFFFFFFFFFFFFFE0
:10310000FFFFFFFFFFFFFFFFFFFFFFFFFFFFFFFFCF
:10311000FFFFFFFFFFFFFFFFFFFFFFFFFFFFFFFFBF
:10312000FFFFFFFFFFFFFFFFFFFFFFFFFFFFFFFFAF
:10313000FFFFFFFFFFFFFFFFFFFFFFFFFFFFFFFF9F
:10314000FFFFFFFFFFFFFFFFFFFFFFFFFFFFFFFF8F
:10315000FFFFFFFFFFFFFFFFFFFFFFFFFFFFFFFF7F
:10316000FFFFFFFFFFFFFFFFFFFFFFFFFFFFFFFF6F
:10317000FFFFFFFFFFFFFFFFFFFFFFFFFFFFFFFF5F
:10318000FFFFFFFFFFFFFFFFFFFFFFFFFFFFFFFF4F
:10319000FFFFFFFFFFFFFFFFFFFFFFFFFFFFFFFF3F
:1031A000FFFFFFFFFFFFFFFFFFFFFFFFFFFFFFFF2F
:1031B000FFFFFFFFFFFFFFFFFFFFFFFFFFFFFFFF1F
:1031C000FFFFFFFFFFFFFFFFFFFFFFFFFFFFFFFF0F
:1031D000FFFFFFFFFFFFFFFFFFFFFFFFFFFFFFFFFF
:1031E000FFFFFFFFFFFFFFFFFFFFFFFFFFFFFFFFEF
:1031F000FFFFFFFFFFFFFFFFFFFFFFFFFFFFFFFFDF
:10320000FFFFFFFFFFFFFFFFFFFFFFFFFFFFFFFFCE
:10321000FFFFFFFFFFFFFFFFFFFFFFFFFFFFFFFFBE
:10322000FFFFFFFFFFFFFFFFFFFFFFFFFFFFFFFFAE
:10323000FFFFFFFFFFFFFFFFFFFFFFFFFFFFFFFF9E
:10324000FFFFFFFFFFFFFFFFFFFFFFFFFFFFFFFF8E
:10325000FFFFFFFFFFFFFFFFFFFFFFFFFFFFFFFF7E
:10326000FFFFFFFFFFFFFFFFFFFFFFFFFFFFFFFF6E
:10327000FFFFFFFFFFFFFFFFFFFFFFFFFFFFFFFF5E
:10328000FFFFFFFFFFFFFFFFFFFFFFFFFFFFFFFF4E
:10329000FFFFFFFFFFFFFFFFFFFFFFFFFFFFFFFF3E
:1032A000FFFFFFFFFFFFFFFFFFFFFFFFFFFFFFFF2E
:1032B000FFFFFFFFFFFFFFFFFFFFFFFFFFFFFFFF1E
:1032C000FFFFFFFFFFFFFFFFFFFFFFFFFFFFFFFF0E
:1032D000FFFFFFFFFFFFFFFFFFFFFFFFFFFFFFFFFE
:1032E000FFFFFFFFFFFFFFFFFFFFFFFFFFFFFFFFEE
:1032F000FFFFFFFFFFFFFFFFFFFFFFFFFFFFFFFFDE
:10330000FFFFFFFFFFFFFFFFFFFFFFFFFFFFFFFFCD
:10331000FFFFFFFFFFFFFFFFFFFFFFFFFFFFFFFFBD
:10332000FFFFFFFFFFFFFFFFFFFFFFFFFFFFFFFFAD
:10333000FFFFFFFFFFFFFFFFFFFFFFFFFFFFFFFF9D
:10334000FFFFFFFFFFFFFFFFFFFFFFFFFFFFFFFF8D
:10335000FFFFFFFFFFFFFFFFFFFFFFFFFFFFFFFF7D
:10336000FFFFFFFFFFFFFFFFFFFFFFFFFFFFFFFF6D
:10337000FFFFFFFFFFFFFFFFFFFFFFFFFFFFFFFF5D
:10338000FFFFFFFFFFFFFFFFFFFFFFFFFFFFFFFF4D
:10339000FFFFFFFFFFFFFFFFFFFFFFFFFFFFFFFF3D
:1033A000FFFFFFFFFFFFFFFFFFFFFFFFFFFFFFFF2D
:1033B000FFFFFFFFFFFFFFFFFFFFFFFFFFFFFFFF1D
:1033C000FFFFFFFFFFFFFFFFFFFFFFFFFFFFFFFF0D
:1033D000FFFFFFFFFFFFFFFFFFFFFFFFFFFFFFFFFD
:1033E000FFFFFFFFFFFFFFFFFFFFFFFFFFFFFFFFED
:1033F000FFFFFFFFFFFFFFFFFFFFFFFFFFFFFFFFDD
:10340000FFFFFFFFFFFFFFFFFFFFFFFFFFFFFFFFCC
:10341000FFFFFFFFFFFFFFFFFFFFFFFFFFFFFFFFBC
:10342000FFFFFFFFFFFFFFFFFFFFFFFFFFFFFFFFAC
:10343000FFFFFFFFFFFFFFFFFFFFFFFFFFFFFFFF9C
:10344000FFFFFFFFFFFFFFFFFFFFFFFFFFFFFFFF8C
:10345000FFFFFFFFFFFFFFFFFFFFFFFFFFFFFFFF7C
:10346000FFFFFFFFFFFFFFFFFFFFFFFFFFFFFFFF6C
:10347000FFFFFFFFFFFFFFFFFFFFFFFFFFFFFFFF5C
:10348000FFFFFFFFFFFFFFFFFFFFFFFFFFFFFFFF4C
:10349000FFFFFFFFFFFFFFFFFFFFFFFFFFFFFFFF3C
:1034A000FFFFFFFFFFFFFFFFFFFFFFFFFFFFFFFF2C
:1034B000FFFFFFFFFFFFFFFFFFFFFFFFFFFFFFFF1C
:1034C000FFFFFFFFFFFFFFFFFFFFFFFFFFFFFFFF0C
:1034D000FFFFFFFFFFFFFFFFFFFFFFFFFFFFFFFFFC
:1034E000FFFFFFFFFFFFFFFFFFFFFFFFFFFFFFFFEC
:1034F000FFFFFFFFFFFFFFFFFFFFFFFFFFFFFFFFDC
:10350000FFFFFFFFFFFFFFFFFFFFFFFFFFFFFFFFCB
:10351000FFFFFFFFFFFFFFFFFFFFFFFFFFFFFFFFBB
:10352000FFFFFFFFFFFFFFFFFFFFFFFFFFFFFFFFAB
:10353000FFFFFFFFFFFFFFFFFFFFFFFFFFFFFFFF9B
:10354000FFFFFFFFFFFFFFFFFFFFFFFFFFFFFFFF8B
:10355000FFFFFFFFFFFFFFFFFFFFFFFFFFFFFFFF7B
:10356000FFFFFFFFFFFFFFFFFFFFFFFFFFFFFFFF6B
:10357000FFFFFFFFFFFFFFFFFFFFFFFFFFFFFFFF5B
:10358000FFFFFFFFFFFFFFFFFFFFFFFFFFFFFFFF4B
:10359000FFFFFFFFFFFFFFFFFFFFFFFFFFFFFFFF3B
:1035A000FFFFFFFFFFFFFFFFFFFFFFFFFFFFFFFF2B
:1035B000FFFFFFFFFFFFFFFFFFFFFFFFFFFFFFFF1B
:1035C000FFFFFFFFFFFFFFFFFFFFFFFFFFFFFFFF0B
:1035D000FFFFFFFFFFFFFFFFFFFFFFFFFFFFFFFFFB
:1035E000FFFFFFFFFFFFFFFFFFFFFFFFFFFFFFFFEB
:1035F000FFFFFFFFFFFFFFFFFFFFFFFFFFFFFFFFDB
:10360000FFFFFFFFFFFFFFFFFFFFFFFFFFFFFFFFCA
:10361000FFFFFFFFFFFFFFFFFFFFFFFFFFFFFFFFBA
:10362000FFFFFFFFFFFFFFFFFFFFFFFFFFFFFFFFAA
:10363000FFFFFFFFFFFFFFFFFFFFFFFFFFFFFFFF9A
:10364000FFFFFFFFFFFFFFFFFFFFFFFFFFFFFFFF8A
:10365000FFFFFFFFFFFFFFFFFFFFFFFFFFFFFFFF7A
:10366000FFFFFFFFFFFFFFFFFFFFFFFFFFFFFFFF6A
:10367000FFFFFFFFFFFFFFFFFFFFFFFFFFFFFFFF5A
:10368000FFFFFFFFFFFFFFFFFFFFFFFFFFFFFFFF4A
:10369000FFFFFFFFFFFFFFFFFFFFFFFFFFFFFFFF3A
:1036A000FFFFFFFFFFFFFFFFFFFFFFFFFFFFFFFF2A
:1036B000FFFFFFFFFFFFFFFFFFFFFFFFFFFFFFFF1A
:1036C000FFFFFFFFFFFFFFFFFFFFFFFFFFFFFFFF0A
:1036D000FFFFFFFFFFFFFFFFFFFFFFFFFFFFFFFFFA
:1036E000FFFFFFFFFFFFFFFFFFFFFFFFFFFFFFFFEA
:1036F000FFFFFFFFFFFFFFFFFFFFFFFFFFFFFFFFDA
:10370000FFFFFFFFFFFFFFFFFFFFFFFFFFFFFFFFC9
:10371000FFFFFFFFFFFFFFFFFFFFFFFFFFFFFFFFB9
:10372000FFFFFFFFFFFFFFFFFFFFFFFFFFFFFFFFA9
:10373000FFFFFFFFFFFFFFFFFFFFFFFFFFFFFFFF99
:10374000FFFFFFFFFFFFFFFFFFFFFFFFFFFFFFFF89
:10375000FFFFFFFFFFFFFFFFFFFFFFFFFFFFFFFF79
:10376000FFFFFFFFFFFFFFFFFFFFFFFFFFFFFFFF69
:10377000FFFFFFFFFFFFFFFFFFFFFFFFFFFFFFFF59
:10378000FFFFFFFFFFFFFFFFFFFFFFFFFFFFFFFF49
:10379000FFFFFFFFFFFFFFFFFFFFFFFFFFFFFFFF39
:1037A000FFFFFFFFFFFFFFFFFFFFFFFFFFFFFFFF29
:1037B000FFFFFFFFFFFFFFFFFFFFFFFFFFFFFFFF19
:1037C000FFFFFFFFFFFFFFFFFFFFFFFFFFFFFFFF09
:1037D000FFFFFFFFFFFFFFFFFFFFFFFFFFFFFFFFF9
:1037E000FFFFFFFFFFFFFFFFFFFFFFFFFFFFFFFFE9
:1037F000FFFFFFFFFFFFFFFFFFFFFFFFFFFFFFFFD9
:10380000FFFFFFFFFFFFFFFFFFFFFFFFFFFFFFFFC8
:10381000FFFFFFFFFFFFFFFFFFFFFFFFFFFFFFFFB8
:10382000FFFFFFFFFFFFFFFFFFFFFFFFFFFFFFFFA8
:10383000FFFFFFFFFFFFFFFFFFFFFFFFFFFFFFFF98
:10384000FFFFFFFFFFFFFFFFFFFFFFFFFFFFFFFF88
:10385000FFFFFFFFFFFFFFFFFFFFFFFFFFFFFFFF78
:10386000FFFFFFFFFFFFFFFFFFFFFFFFFFFFFFFF68
:10387000FFFFFFFFFFFFFFFFFFFFFFFFFFFFFFFF58
:10388000FFFFFFFFFFFFFFFFFFFFFFFFFFFFFFFF48
:10389000FFFFFFFFFFFFFFFFFFFFFFFFFFFFFFFF38
:1038A000FFFFFFFFFFFFFFFFFFFFFFFFFFFFFFFF28
:1038B000FFFFFFFFFFFFFFFFFFFFFFFFFFFFFFFF18
:1038C000FFFFFFFFFFFFFFFFFFFFFFFFFFFFFFFF08
:1038D000FFFFFFFFFFFFFFFFFFFFFFFFFFFFFFFFF8
:1038E000FFFFFFFFFFFFFFFFFFFFFFFFFFFFFFFFE8
:1038F000FFFFFFFFFFFFFFFFFFFFFFFFFFFFFFFFD8
:10390000FFFFFFFFFFFFFFFFFFFFFFFFFFFFFFFFC7
:10391000FFFFFFFFFFFFFFFFFFFFFFFFFFFFFFFFB7
:10392000FFFFFFFFFFFFFFFFFFFFFFFFFFFFFFFFA7
:10393000FFFFFFFFFFFFFFFFFFFFFFFFFFFFFFFF97
:10394000FFFFFFFFFFFFFFFFFFFFFFFFFFFFFFFF87
:10395000FFFFFFFFFFFFFFFFFFFFFFFFFFFFFFFF77
:10396000FFFFFFFFFFFFFFFFFFFFFFFFFFFFFFFF67
:10397000FFFFFFFFFFFFFFFFFFFFFFFFFFFFFFFF57
:10398000FFFFFFFFFFFFFFFFFFFFFFFFFFFFFFFF47
:10399000FFFFFFFFFFFFFFFFFFFFFFFFFFFFFFFF37
:1039A000FFFFFFFFFFFFFFFFFFFFFFFFFFFFFFFF27
:1039B000FFFFFFFFFFFFFFFFFFFFFFFFFFFFFFFF17
:1039C000FFFFFFFFFFFFFFFFFFFFFFFFFFFFFFFF07
:1039D000FFFFFFFFFFFFFFFFFFFFFFFFFFFFFFFFF7
:1039E000FFFFFFFFFFFFFFFFFFFFFFFFFFFFFFFFE7
:1039F000FFFFFFFFFFFFFFFFFFFFFFFFFFFFFFFFD7
:103A0000FFFFFFFFFFFFFFFFFFFFFFFFFFFFFFFFC6
:103A1000FFFFFFFFFFFFFFFFFFFFFFFFFFFFFFFFB6
:103A2000FFFFFFFFFFFFFFFFFFFFFFFFFFFFFFFFA6
:103A3000FFFFFFFFFFFFFFFFFFFFFFFFFFFFFFFF96
:103A4000FFFFFFFFFFFFFFFFFFFFFFFFFFFFFFFF86
:103A5000FFFFFFFFFFFFFFFFFFFFFFFFFFFFFFFF76
:103A6000FFFFFFFFFFFFFFFFFFFFFFFFFFFFFFFF66
:103A7000FFFFFFFFFFFFFFFFFFFFFFFFFFFFFFFF56
:103A8000FFFFFFFFFFFFFFFFFFFFFFFFFFFFFFFF46
:103A9000FFFFFFFFFFFFFFFFFFFFFFFFFFFFFFFF36
:103AA000FFFFFFFFFFFFFFFFFFFFFFFFFFFFFFFF26
:103AB000FFFFFFFFFFFFFFFFFFFFFFFFFFFFFFFF16
:103AC000FFFFFFFFFFFFFFFFFFFFFFFFFFFFFFFF06
:103AD000FFFFFFFFFFFFFFFFFFFFFFFFFFFFFFFFF6
:103AE000FFFFFFFFFFFFFFFFFFFFFFFFFFFFFFFFE6
:103AF000FFFFFFFFFFFFFFFFFFFFFFFFFFFFFFFFD6
:103B0000FFFFFFFFFFFFFFFFFFFFFFFFFFFFFFFFC5
:103B1000FFFFFFFFFFFFFFFFFFFFFFFFFFFFFFFFB5
:103B2000FFFFFFFFFFFFFFFFFFFFFFFFFFFFFFFFA5
:103B3000FFFFFFFFFFFFFFFFFFFFFFFFFFFFFFFF95
:103B4000FFFFFFFFFFFFFFFFFFFFFFFFFFFFFFFF85
:103B5000FFFFFFFFFFFFFFFFFFFFFFFFFFFFFFFF75
:103B6000FFFFFFFFFFFFFFFFFFFFFFFFFFFFFFFF65
:103B7000FFFFFFFFFFFFFFFFFFFFFFFFFFFFFFFF55
:103B8000FFFFFFFFFFFFFFFFFFFFFFFFFFFFFFFF45
:103B9000FFFFFFFFFFFFFFFFFFFFFFFFFFFFFFFF35
:103BA000FFFFFFFFFFFFFFFFFFFFFFFFFFFFFFFF25
:103BB000FFFFFFFFFFFFFFFFFFFFFFFFFFFFFFFF15
:103BC000FFFFFFFFFFFFFFFFFFFFFFFFFFFFFFFF05
:103BD000FFFFFFFFFFFFFFFFFFFFFFFFFFFFFFFFF5
:103BE000FFFFFFFFFFFFFFFFFFFFFFFFFFFFFFFFE5
:103BF000FFFFFFFFFFFFFFFFFFFFFFFFFFFFFFFFD5
:103C0000FFFFFFFFFFFFFFFFFFFFFFFFFFFFFFFFC4
:103C1000FFFFFFFFFFFFFFFFFFFFFFFFFFFFFFFFB4
:103C2000FFFFFFFFFFFFFFFFFFFFFFFFFFFFFFFFA4
:103C3000FFFFFFFFFFFFFFFFFFFFFFFFFFFFFFFF94
:103C4000FFFFFFFFFFFFFFFFFFFFFFFFFFFFFFFF84
:103C5000FFFFFFFFFFFFFFFFFFFFFFFFFFFFFFFF74
:103C6000FFFFFFFFFFFFFFFFFFFFFFFFFFFFFFFF64
:103C7000FFFFFFFFFFFFFFFFFFFFFFFFFFFFFFFF54
:103C8000FFFFFFFFFFFFFFFFFFFFFFFFFFFFFFFF44
:103C9000FFFFFFFFFFFFFFFFFFFFFFFFFFFFFFFF34
:103CA000FFFFFFFFFFFFFFFFFFFFFFFFFFFFFFFF24
:103CB000FFFFFFFFFFFFFFFFFFFFFFFFFFFFFFFF14
:103CC000FFFFFFFFFFFFFFFFFFFFFFFFFFFFFFFF04
:103CD000FFFFFFFFFFFFFFFFFFFFFFFFFFFFFFFFF4
:103CE000FFFFFFFFFFFFFFFFFFFFFFFFFFFFFFFFE4
:103CF000FFFFFFFFFFFFFFFFFFFFFFFFFFFFFFFFD4
:103D0000FFFFFFFFFFFFFFFFFFFFFFFFFFFFFFFFC3
:103D1000FFFFFFFFFFFFFFFFFFFFFFFFFFFFFFFFB3
:103D2000FFFFFFFFFFFFFFFFFFFFFFFFFFFFFFFFA3
:103D3000FFFFFFFFFFFFFFFFFFFFFFFFFFFFFFFF93
:103D4000FFFFFFFFFFFFFFFFFFFFFFFFFFFFFFFF83
:103D5000FFFFFFFFFFFFFFFFFFFFFFFFFFFFFFFF73
:103D6000FFFFFFFFFFFFFFFFFFFFFFFFFFFFFFFF63
:103D7000FFFFFFFFFFFFFFFFFFFFFFFFFFFFFFFF53
:103D8000FFFFFFFFFFFFFFFFFFFFFFFFFFFFFFFF43
:103D9000FFFFFFFFFFFFFFFFFFFFFFFFFFFFFFFF33
:103DA000FFFFFFFFFFFFFFFFFFFFFFFFFFFFFFFF23
:103DB000FFFFFFFFFFFFFFFFFFFFFFFFFFFFFFFF13
:103DC000FFFFFFFFFFFFFFFFFFFFFFFFFFFFFFFF03
:103DD000FFFFFFFFFFFFFFFFFFFFFFFFFFFFFFFFF3
:103DE000FFFFFFFFFFFFFFFFFFFFFFFFFFFFFFFFE3
:103DF000FFFFFFFFFFFFFFFFFFFFFFFFFFFFFFFFD3
:103E0000FFFFFFFFFFFFFFFFFFFFFFFFFFFFFFFFC2
:103E1000FFFFFFFFFFFFFFFFFFFFFFFFFFFFFFFFB2
:103E2000FFFFFFFFFFFFFFFFFFFFFFFFFFFFFFFFA2
:103E3000FFFFFFFFFFFFFFFFFFFFFFFFFFFFFFFF92
:103E4000FFFFFFFFFFFFFFFFFFFFFFFFFFFFFFFF82
:103E5000FFFFFFFFFFFFFFFFFFFFFFFFFFFFFFFF72
:103E6000FFFFFFFFFFFFFFFFFFFFFFFFFFFFFFFF62
:103E7000FFFFFFFFFFFFFFFFFFFFFFFFFFFFFFFF52
:103E8000FFFFFFFFFFFFFFFFFFFFFFFFFFFFFFFF42
:103E9000FFFFFFFFFFFFFFFFFFFFFFFFFFFFFFFF32
:103EA000FFFFFFFFFFFFFFFFFFFFFFFFFFFFFFFF22
:103EB000FFFFFFFFFFFFFFFFFFFFFFFFFFFFFFFF12
:103EC000FFFFFFFFFFFFFFFFFFFFFFFFFFFFFFFF02
:103ED000FFFFFFFFFFFFFFFFFFFFFFFFFFFFFFFFF2
:103EE000FFFFFFFFFFFFFFFFFFFFFFFFFFFFFFFFE2
:103EF000FFFFFFFFFFFFFFFFFFFFFFFFFFFFFFFFD2
:103F0000FFFFFFFFFFFFFFFFFFFFFFFFFFFFFFFFC1
:103F1000FFFFFFFFFFFFFFFFFFFFFFFFFFFFFFFFB1
:103F2000FFFFFFFFFFFFFFFFFFFFFFFFFFFFFFFFA1
:103F3000FFFFFFFFFFFFFFFFFFFFFFFFFFFFFFFF91
:103F4000FFFFFFFFFFFFFFFFFFFFFFFFFFFFFFFF81
:103F5000FFFFFFFFFFFFFFFFFFFFFFFFFFFFFFFF71
:103F6000FFFFFFFFFFFFFFFFFFFFFFFFFFFFFFFF61
:103F7000FFFFFFFFFFFFFFFFFFFFFFFFFFFFFFFF51
:103F8000FFFFFFFFFFFFFFFFFFFFFFFFFFFFFFFF41
:103F9000FFFFFFFFFFFFFFFFFFFFFFFFFFFFFFFF31
:103FA000FFFFFFFFFFFFFFFFFFFFFFFFFFFFFFFF21
:103FB000FFFFFFFFFFFFFFFFFFFFFFFFFFFFFFFF11
:103FC000FFFFFFFFFFFFFFFFFFFFFFFFFFFFFFFF01
:103FD000FFFFFFFFFFFFFFFFFFFFFFFFFFFFFFFFF1
:103FE000FFFFFFFFFFFFFFFFFFFFFFFFFFFFFFFFE1
:103FF000FFFFFFFFFFFFFFFFFFFFFFFFFFFFFFFFD1
:10400000FFFFFFFFFFFFFFFFFFFFFFFFFFFFFFFFC0
:10401000FFFFFFFFFFFFFFFFFFFFFFFFFFFFFFFFB0
:10402000FFFFFFFFFFFFFFFFFFFFFFFFFFFFFFFFA0
:10403000FFFFFFFFFFFFFFFFFFFFFFFFFFFFFFFF90
:10404000FFFFFFFFFFFFFFFFFFFFFFFFFFFFFFFF80
:10405000FFFFFFFFFFFFFFFFFFFFFFFFFFFFFFFF70
:10406000FFFFFFFFFFFFFFFFFFFFFFFFFFFFFFFF60
:10407000FFFFFFFFFFFFFFFFFFFFFFFFFFFFFFFF50
:10408000FFFFFFFFFFFFFFFFFFFFFFFFFFFFFFFF40
:10409000FFFFFFFFFFFFFFFFFFFFFFFFFFFFFFFF30
:1040A000FFFFFFFFFFFFFFFFFFFFFFFFFFFFFFFF20
:1040B000FFFFFFFFFFFFFFFFFFFFFFFFFFFFFFFF10
:1040C000FFFFFFFFFFFFFFFFFFFFFFFFFFFFFFFF00
:1040D000FFFFFFFFFFFFFFFFFFFFFFFFFFFFFFFFF0
:1040E000FFFFFFFFFFFFFFFFFFFFFFFFFFFFFFFFE0
:1040F000FFFFFFFFFFFFFFFFFFFFFFFFFFFFFFFFD0
:10410000FFFFFFFFFFFFFFFFFFFFFFFFFFFFFFFFBF
:10411000FFFFFFFFFFFFFFFFFFFFFFFFFFFFFFFFAF
:10412000FFFFFFFFFFFFFFFFFFFFFFFFFFFFFFFF9F
:10413000FFFFFFFFFFFFFFFFFFFFFFFFFFFFFFFF8F
:10414000FFFFFFFFFFFFFFFFFFFFFFFFFFFFFFFF7F
:10415000FFFFFFFFFFFFFFFFFFFFFFFFFFFFFFFF6F
:10416000FFFFFFFFFFFFFFFFFFFFFFFFFFFFFFFF5F
:10417000FFFFFFFFFFFFFFFFFFFFFFFFFFFFFFFF4F
:10418000FFFFFFFFFFFFFFFFFFFFFFFFFFFFFFFF3F
:10419000FFFFFFFFFFFFFFFFFFFFFFFFFFFFFFFF2F
:1041A000FFFFFFFFFFFFFFFFFFFFFFFFFFFFFFFF1F
:1041B000FFFFFFFFFFFFFFFFFFFFFFFFFFFFFFFF0F
:1041C000FFFFFFFFFFFFFFFFFFFFFFFFFFFFFFFFFF
:1041D000FFFFFFFFFFFFFFFFFFFFFFFFFFFFFFFFEF
:1041E000FFFFFFFFFFFFFFFFFFFFFFFFFFFFFFFFDF
:1041F000FFFFFFFFFFFFFFFFFFFFFFFFFFFFFFFFCF
:10420000FFFFFFFFFFFFFFFFFFFFFFFFFFFFFFFFBE
:10421000FFFFFFFFFFFFFFFFFFFFFFFFFFFFFFFFAE
:10422000FFFFFFFFFFFFFFFFFFFFFFFFFFFFFFFF9E
:10423000FFFFFFFFFFFFFFFFFFFFFFFFFFFFFFFF8E
:10424000FFFFFFFFFFFFFFFFFFFFFFFFFFFFFFFF7E
:10425000FFFFFFFFFFFFFFFFFFFFFFFFFFFFFFFF6E
:10426000FFFFFFFFFFFFFFFFFFFFFFFFFFFFFFFF5E
:10427000FFFFFFFFFFFFFFFFFFFFFFFFFFFFFFFF4E
:10428000FFFFFFFFFFFFFFFFFFFFFFFFFFFFFFFF3E
:10429000FFFFFFFFFFFFFFFFFFFFFFFFFFFFFFFF2E
:1042A000FFFFFFFFFFFFFFFFFFFFFFFFFFFFFFFF1E
:1042B000FFFFFFFFFFFFFFFFFFFFFFFFFFFFFFFF0E
:1042C000FFFFFFFFFFFFFFFFFFFFFFFFFFFFFFFFFE
:1042D000FFFFFFFFFFFFFFFFFFFFFFFFFFFFFFFFEE
:1042E000FFFFFFFFFFFFFFFFFFFFFFFFFFFFFFFFDE
:1042F000FFFFFFFFFFFFFFFFFFFFFFFFFFFFFFFFCE
:10430000FFFFFFFFFFFFFFFFFFFFFFFFFFFFFFFFBD
:10431000FFFFFFFFFFFFFFFFFFFFFFFFFFFFFFFFAD
:10432000FFFFFFFFFFFFFFFFFFFFFFFFFFFFFFFF9D
:10433000FFFFFFFFFFFFFFFFFFFFFFFFFFFFFFFF8D
:10434000FFFFFFFFFFFFFFFFFFFFFFFFFFFFFFFF7D
:10435000FFFFFFFFFFFFFFFFFFFFFFFFFFFFFFFF6D
:10436000FFFFFFFFFFFFFFFFFFFFFFFFFFFFFFFF5D
:10437000FFFFFFFFFFFFFFFFFFFFFFFFFFFFFFFF4D
:10438000FFFFFFFFFFFFFFFFFFFFFFFFFFFFFFFF3D
:10439000FFFFFFFFFFFFFFFFFFFFFFFFFFFFFFFF2D
:1043A000FFFFFFFFFFFFFFFFFFFFFFFFFFFFFFFF1D
:1043B000FFFFFFFFFFFFFFFFFFFFFFFFFFFFFFFF0D
:1043C000FFFFFFFFFFFFFFFFFFFFFFFFFFFFFFFFFD
:1043D000FFFFFFFFFFFFFFFFFFFFFFFFFFFFFFFFED
:1043E000FFFFFFFFFFFFFFFFFFFFFFFFFFFFFFFFDD
:1043F000FFFFFFFFFFFFFFFFFFFFFFFFFFFFFFFFCD
:10440000FFFFFFFFFFFFFFFFFFFFFFFFFFFFFFFFBC
:10441000FFFFFFFFFFFFFFFFFFFFFFFFFFFFFFFFAC
:10442000FFFFFFFFFFFFFFFFFFFFFFFFFFFFFFFF9C
:10443000FFFFFFFFFFFFFFFFFFFFFFFFFFFFFFFF8C
:10444000FFFFFFFFFFFFFFFFFFFFFFFFFFFFFFFF7C
:10445000FFFFFFFFFFFFFFFFFFFFFFFFFFFFFFFF6C
:10446000FFFFFFFFFFFFFFFFFFFFFFFFFFFFFFFF5C
:10447000FFFFFFFFFFFFFFFFFFFFFFFFFFFFFFFF4C
:10448000FFFFFFFFFFFFFFFFFFFFFFFFFFFFFFFF3C
:10449000FFFFFFFFFFFFFFFFFFFFFFFFFFFFFFFF2C
:1044A000FFFFFFFFFFFFFFFFFFFFFFFFFFFFFFFF1C
:1044B000FFFFFFFFFFFFFFFFFFFFFFFFFFFFFFFF0C
:1044C000FFFFFFFFFFFFFFFFFFFFFFFFFFFFFFFFFC
:1044D000FFFFFFFFFFFFFFFFFFFFFFFFFFFFFFFFEC
:1044E000FFFFFFFFFFFFFFFFFFFFFFFFFFFFFFFFDC
:1044F000FFFFFFFFFFFFFFFFFFFFFFFFFFFFFFFFCC
:10450000FFFFFFFFFFFFFFFFFFFFFFFFFFFFFFFFBB
:10451000FFFFFFFFFFFFFFFFFFFFFFFFFFFFFFFFAB
:10452000FFFFFFFFFFFFFFFFFFFFFFFFFFFFFFFF9B
:10453000FFFFFFFFFFFFFFFFFFFFFFFFFFFFFFFF8B
:10454000FFFFFFFFFFFFFFFFFFFFFFFFFFFFFFFF7B
:10455000FFFFFFFFFFFFFFFFFFFFFFFFFFFFFFFF6B
:10456000FFFFFFFFFFFFFFFFFFFFFFFFFFFFFFFF5B
:10457000FFFFFFFFFFFFFFFFFFFFFFFFFFFFFFFF4B
:10458000FFFFFFFFFFFFFFFFFFFFFFFFFFFFFFFF3B
:10459000FFFFFFFFFFFFFFFFFFFFFFFFFFFFFFFF2B
:1045A000FFFFFFFFFFFFFFFFFFFFFFFFFFFFFFFF1B
:1045B000FFFFFFFFFFFFFFFFFFFFFFFFFFFFFFFF0B
:1045C000FFFFFFFFFFFFFFFFFFFFFFFFFFFFFFFFFB
:1045D000FFFFFFFFFFFFFFFFFFFFFFFFFFFFFFFFEB
:1045E000FFFFFFFFFFFFFFFFFFFFFFFFFFFFFFFFDB
:1045F000FFFFFFFFFFFFFFFFFFFFFFFFFFFFFFFFCB
:10460000FFFFFFFFFFFFFFFFFFFFFFFFFFFFFFFFBA
:10461000FFFFFFFFFFFFFFFFFFFFFFFFFFFFFFFFAA
:10462000FFFFFFFFFFFFFFFFFFFFFFFFFFFFFFFF9A
:10463000FFFFFFFFFFFFFFFFFFFFFFFFFFFFFFFF8A
:10464000FFFFFFFFFFFFFFFFFFFFFFFFFFFFFFFF7A
:10465000FFFFFFFFFFFFFFFFFFFFFFFFFFFFFFFF6A
:10466000FFFFFFFFFFFFFFFFFFFFFFFFFFFFFFFF5A
:10467000FFFFFFFFFFFFFFFFFFFFFFFFFFFFFFFF4A
:10468000FFFFFFFFFFFFFFFFFFFFFFFFFFFFFFFF3A
:10469000FFFFFFFFFFFFFFFFFFFFFFFFFFFFFFFF2A
:1046A000FFFFFFFFFFFFFFFFFFFFFFFFFFFFFFFF1A
:1046B000FFFFFFFFFFFFFFFFFFFFFFFFFFFFFFFF0A
:1046C000FFFFFFFFFFFFFFFFFFFFFFFFFFFFFFFFFA
:1046D000FFFFFFFFFFFFFFFFFFFFFFFFFFFFFFFFEA
:1046E000FFFFFFFFFFFFFFFFFFFFFFFFFFFFFFFFDA
:1046F000FFFFFFFFFFFFFFFFFFFFFFFFFFFFFFFFCA
:10470000FFFFFFFFFFFFFFFFFFFFFFFFFFFFFFFFB9
:10471000FFFFFFFFFFFFFFFFFFFFFFFFFFFFFFFFA9
:10472000FFFFFFFFFFFFFFFFFFFFFFFFFFFFFFFF99
:10473000FFFFFFFFFFFFFFFFFFFFFFFFFFFFFFFF89
:10474000FFFFFFFFFFFFFFFFFFFFFFFFFFFFFFFF79
:10475000FFFFFFFFFFFFFFFFFFFFFFFFFFFFFFFF69
:10476000FFFFFFFFFFFFFFFFFFFFFFFFFFFFFFFF59
:10477000FFFFFFFFFFFFFFFFFFFFFFFFFFFFFFFF49
:10478000FFFFFFFFFFFFFFFFFFFFFFFFFFFFFFFF39
:10479000FFFFFFFFFFFFFFFFFFFFFFFFFFFFFFFF29
:1047A000FFFFFFFFFFFFFFFFFFFFFFFFFFFFFFFF19
:1047B000FFFFFFFFFFFFFFFFFFFFFFFFFFFFFFFF09
:1047C000FFFFFFFFFFFFFFFFFFFFFFFFFFFFFFFFF9
:1047D000FFFFFFFFFFFFFFFFFFFFFFFFFFFFFFFFE9
:1047E000FFFFFFFFFFFFFFFFFFFFFFFFFFFFFFFFD9
:1047F000FFFFFFFFFFFFFFFFFFFFFFFFFFFFFFFFC9
:10480000FFFFFFFFFFFFFFFFFFFFFFFFFFFFFFFFB8
:10481000FFFFFFFFFFFFFFFFFFFFFFFFFFFFFFFFA8
:10482000FFFFFFFFFFFFFFFFFFFFFFFFFFFFFFFF98
:10483000FFFFFFFFFFFFFFFFFFFFFFFFFFFFFFFF88
:10484000FFFFFFFFFFFFFFFFFFFFFFFFFFFFFFFF78
:10485000FFFFFFFFFFFFFFFFFFFFFFFFFFFFFFFF68
:10486000FFFFFFFFFFFFFFFFFFFFFFFFFFFFFFFF58
:10487000FFFFFFFFFFFFFFFFFFFFFFFFFFFFFFFF48
:10488000FFFFFFFFFFFFFFFFFFFFFFFFFFFFFFFF38
:10489000FFFFFFFFFFFFFFFFFFFFFFFFFFFFFFFF28
:1048A000FFFFFFFFFFFFFFFFFFFFFFFFFFFFFFFF18
:1048B000FFFFFFFFFFFFFFFFFFFFFFFFFFFFFFFF08
:1048C000FFFFFFFFFFFFFFFFFFFFFFFFFFFFFFFFF8
:1048D000FFFFFFFFFFFFFFFFFFFFFFFFFFFFFFFFE8
:1048E000FFFFFFFFFFFFFFFFFFFFFFFFFFFFFFFFD8
:1048F000FFFFFFFFFFFFFFFFFFFFFFFFFFFFFFFFC8
:10490000FFFFFFFFFFFFFFFFFFFFFFFFFFFFFFFFB7
:10491000FFFFFFFFFFFFFFFFFFFFFFFFFFFFFFFFA7
:10492000FFFFFFFFFFFFFFFFFFFFFFFFFFFFFFFF97
:10493000FFFFFFFFFFFFFFFFFFFFFFFFFFFFFFFF87
:10494000FFFFFFFFFFFFFFFFFFFFFFFFFFFFFFFF77
:10495000FFFFFFFFFFFFFFFFFFFFFFFFFFFFFFFF67
:10496000FFFFFFFFFFFFFFFFFFFFFFFFFFFFFFFF57
:10497000FFFFFFFFFFFFFFFFFFFFFFFFFFFFFFFF47
:10498000FFFFFFFFFFFFFFFFFFFFFFFFFFFFFFFF37
:10499000FFFFFFFFFFFFFFFFFFFFFFFFFFFFFFFF27
:1049A000FFFFFFFFFFFFFFFFFFFFFFFFFFFFFFFF17
:1049B000FFFFFFFFFFFFFFFFFFFFFFFFFFFFFFFF07
:1049C000FFFFFFFFFFFFFFFFFFFFFFFFFFFFFFFFF7
:1049D000FFFFFFFFFFFFFFFFFFFFFFFFFFFFFFFFE7
:1049E000FFFFFFFFFFFFFFFFFFFFFFFFFFFFFFFFD7
:1049F000FFFFFFFFFFFFFFFFFFFFFFFFFFFFFFFFC7
:104A0000FFFFFFFFFFFFFFFFFFFFFFFFFFFFFFFFB6
:104A1000FFFFFFFFFFFFFFFFFFFFFFFFFFFFFFFFA6
:104A2000FFFFFFFFFFFFFFFFFFFFFFFFFFFFFFFF96
:104A3000FFFFFFFFFFFFFFFFFFFFFFFFFFFFFFFF86
:104A4000FFFFFFFFFFFFFFFFFFFFFFFFFFFFFFFF76
:104A5000FFFFFFFFFFFFFFFFFFFFFFFFFFFFFFFF66
:104A6000FFFFFFFFFFFFFFFFFFFFFFFFFFFFFFFF56
:104A7000FFFFFFFFFFFFFFFFFFFFFFFFFFFFFFFF46
:104A8000FFFFFFFFFFFFFFFFFFFFFFFFFFFFFFFF36
:104A9000FFFFFFFFFFFFFFFFFFFFFFFFFFFFFFFF26
:104AA000FFFFFFFFFFFFFFFFFFFFFFFFFFFFFFFF16
:104AB000FFFFFFFFFFFFFFFFFFFFFFFFFFFFFFFF06
:104AC000FFFFFFFFFFFFFFFFFFFFFFFFFFFFFFFFF6
:104AD000FFFFFFFFFFFFFFFFFFFFFFFFFFFFFFFFE6
:104AE000FFFFFFFFFFFFFFFFFFFFFFFFFFFFFFFFD6
:104AF000FFFFFFFFFFFFFFFFFFFFFFFFFFFFFFFFC6
:104B0000FFFFFFFFFFFFFFFFFFFFFFFFFFFFFFFFB5
:104B1000FFFFFFFFFFFFFFFFFFFFFFFFFFFFFFFFA5
:104B2000FFFFFFFFFFFFFFFFFFFFFFFFFFFFFFFF95
:104B3000FFFFFFFFFFFFFFFFFFFFFFFFFFFFFFFF85
:104B4000FFFFFFFFFFFFFFFFFFFFFFFFFFFFFFFF75
:104B5000FFFFFFFFFFFFFFFFFFFFFFFFFFFFFFFF65
:104B6000FFFFFFFFFFFFFFFFFFFFFFFFFFFFFFFF55
:104B7000FFFFFFFFFFFFFFFFFFFFFFFFFFFFFFFF45
:104B8000FFFFFFFFFFFFFFFFFFFFFFFFFFFFFFFF35
:104B9000FFFFFFFFFFFFFFFFFFFFFFFFFFFFFFFF25
:104BA000FFFFFFFFFFFFFFFFFFFFFFFFFFFFFFFF15
:104BB000FFFFFFFFFFFFFFFFFFFFFFFFFFFFFFFF05
:104BC000FFFFFFFFFFFFFFFFFFFFFFFFFFFFFFFFF5
:104BD000FFFFFFFFFFFFFFFFFFFFFFFFFFFFFFFFE5
:104BE000FFFFFFFFFFFFFFFFFFFFFFFFFFFFFFFFD5
:104BF000FFFFFFFFFFFFFFFFFFFFFFFFFFFFFFFFC5
:104C0000FFFFFFFFFFFFFFFFFFFFFFFFFFFFFFFFB4
:104C1000FFFFFFFFFFFFFFFFFFFFFFFFFFFFFFFFA4
:104C2000FFFFFFFFFFFFFFFFFFFFFFFFFFFFFFFF94
:104C3000FFFFFFFFFFFFFFFFFFFFFFFFFFFFFFFF84
:104C4000FFFFFFFFFFFFFFFFFFFFFFFFFFFFFFFF74
:104C5000FFFFFFFFFFFFFFFFFFFFFFFFFFFFFFFF64
:104C6000FFFFFFFFFFFFFFFFFFFFFFFFFFFFFFFF54
:104C7000FFFFFFFFFFFFFFFFFFFFFFFFFFFFFFFF44
:104C8000FFFFFFFFFFFFFFFFFFFFFFFFFFFFFFFF34
:104C9000FFFFFFFFFFFFFFFFFFFFFFFFFFFFFFFF24
:104CA000FFFFFFFFFFFFFFFFFFFFFFFFFFFFFFFF14
:104CB000FFFFFFFFFFFFFFFFFFFFFFFFFFFFFFFF04
:104CC000FFFFFFFFFFFFFFFFFFFFFFFFFFFFFFFFF4
:104CD000FFFFFFFFFFFFFFFFFFFFFFFFFFFFFFFFE4
:104CE000FFFFFFFFFFFFFFFFFFFFFFFFFFFFFFFFD4
:104CF000FFFFFFFFFFFFFFFFFFFFFFFFFFFFFFFFC4
:104D0000FFFFFFFFFFFFFFFFFFFFFFFFFFFFFFFFB3
:104D1000FFFFFFFFFFFFFFFFFFFFFFFFFFFFFFFFA3
:104D2000FFFFFFFFFFFFFFFFFFFFFFFFFFFFFFFF93
:104D3000FFFFFFFFFFFFFFFFFFFFFFFFFFFFFFFF83
:104D4000FFFFFFFFFFFFFFFFFFFFFFFFFFFFFFFF73
:104D5000FFFFFFFFFFFFFFFFFFFFFFFFFFFFFFFF63
:104D6000FFFFFFFFFFFFFFFFFFFFFFFFFFFFFFFF53
:104D7000FFFFFFFFFFFFFFFFFFFFFFFFFFFFFFFF43
:104D8000FFFFFFFFFFFFFFFFFFFFFFFFFFFFFFFF33
:104D9000FFFFFFFFFFFFFFFFFFFFFFFFFFFFFFFF23
:104DA000FFFFFFFFFFFFFFFFFFFFFFFFFFFFFFFF13
:104DB000FFFFFFFFFFFFFFFFFFFFFFFFFFFFFFFF03
:104DC000FFFFFFFFFFFFFFFFFFFFFFFFFFFFFFFFF3
:104DD000FFFFFFFFFFFFFFFFFFFFFFFFFFFFFFFFE3
:104DE000FFFFFFFFFFFFFFFFFFFFFFFFFFFFFFFFD3
:104DF000FFFFFFFFFFFFFFFFFFFFFFFFFFFFFFFFC3
:104E0000FFFFFFFFFFFFFFFFFFFFFFFFFFFFFFFFB2
:104E1000FFFFFFFFFFFFFFFFFFFFFFFFFFFFFFFFA2
:104E2000FFFFFFFFFFFFFFFFFFFFFFFFFFFFFFFF92
:104E3000FFFFFFFFFFFFFFFFFFFFFFFFFFFFFFFF82
:104E4000FFFFFFFFFFFFFFFFFFFFFFFFFFFFFFFF72
:104E5000FFFFFFFFFFFFFFFFFFFFFFFFFFFFFFFF62
:104E6000FFFFFFFFFFFFFFFFFFFFFFFFFFFFFFFF52
:104E7000FFFFFFFFFFFFFFFFFFFFFFFFFFFFFFFF42
:104E8000FFFFFFFFFFFFFFFFFFFFFFFFFFFFFFFF32
:104E9000FFFFFFFFFFFFFFFFFFFFFFFFFFFFFFFF22
:104EA0004B4B50505050505050505050505050500C
:104EB00050505050505050505050505050505050F2
:104EC00050505050505050505050505050505050E2
:104ED00050505050505050505050505050505050D2
:104EE0005050505050505050505050504B4BFFFF6E
:104EF000FFFFFFFFFFFFFFFFE3E350505050505014
:104F000050505050505050505050505050505050A1
:104F10005050505050505050505050505050505091
:104F20005050505050505050505050505050505081
:104F30005050505050505050505050505050505071
:104F40005050505050505050505050505050505061
:104F50005050505050505050505050505050505051
:104F60005050505050505050505050505050505041
:104F70005050505050505050505050505050505031
:104F80005050505050505050505050505050505021
:104F90005050505050505050505050505050505011
:104FA0005050505050505050505050505050505001
:104FB00050505050505050505050505050505050F1
:104FC00050505050505050505050505050505050E1
:104FD00050505050505050505050505050505050D1
:104FE00050505050505050505050505050505050C1
:104FF000505050509494FFFFFFFFFFFFFFFFFFFF53
:10500000FFFFFFFFFFFFFFFFFFFFFFFFFFFFFFFFB0
:10501000FFFFFFFF4B4D50525052505250525052D2
:105020005052505250525052505250525052505270
:105030005052505250525052505250525052505260
:105040005052505250525052505250525052505250
:105050005052505250525052505250525052505240
:105060004B4DFFFFFFFFFFFFFFFFFFFFE3E350524A
:105070005052505250525052505250525052505220
:105080005052505250525052505250525052505210
:105090005052505250525052505250525052505200
:1050A00050525052505250525052505250525052F0
:1050B00050525052505250525052505250525052E0
:1050C00050525052505250525052505250525052D0
:1050D00050525052505250525052505250525052C0
:1050E00050525052505250525052505250525052B0
:1050F00050525052505250525052505250525052A0
:10510000505250525052505250525052505250528F
:10511000505250525052505250525052505250527F
:10512000505250525052505250525052505250526F
:10513000505250525052505250525052505250525F
:10514000505250525052505250525052505250524F
:10515000505250525052505250525052505250523F
:1051600050525052505250539495FFFFFFFFFFFF93
:10517000FFFFFFFFFFFFFFFFFFFFFFFFFFFFFFFF3F
:10518000FFFFFFFFFFFFFFFF505057565657565780
:1051900056575657565756575657565756575657A7
:1051A0005657565756575657565756575657565797
:1051B0005657565756575657565756575657565787
:1051C0005657565756575657565756575657565777
:1051D0005657565756574747FFFFFFFFFFFFFFFF42
:1051E000E6E6555656565656565656565656565640
:1051F000565656565656565656565656565656564F
:10520000565656565656565656565656565656563E
:10521000565656565656565656565656565656562E
:10522000565656565656565656565656565656561E
:10523000565656565656565656565656565656560E
:1052400056565656565656565656565656565656FE
:1052500056565656565656565656565656565656EE
:1052600056565656565656565656565656565656DE
:1052700056565656565656565656565656565656CE
:1052800056565656565656565656565656565656BE
:1052900056565656565656565656565656565656AE
:1052A000565656565656565656565656565656569E
:1052B000565656565656565656565656565656568E
:1052C000565656565656565656565656565656567E
:1052D00056565656565656565656575757579393F0
:1052E000FFFFFFFFFFFFFFFFFFFFFFFFFFFFFFFFCE
:1052F000FFFFFFFFFFFFFFFFFFFFFFFF505256586A
:10530000575957595759575957595759575957591D
:10531000575957595759575957595759575957590D
:1053200057595759575957595759575957595759FD
:1053300057595759575957595759575957595759ED
:10534000575957595759575957594749FFFFFFFF61
:10535000FFFFFFFFE6E55658565856585658565820
:1053600056585658565856585658565856585658CD
:1053700056585658565856585658565856585658BD
:1053800056585658565856585658565856585658AD
:10539000565856585658565856585658565856589D
:1053A000565856585658565856585658565856588D
:1053B000565856585658565856585658565856587D
:1053C000565856585658565856585658565856586D
:1053D000565856585658565856585658565856585D
:1053E000565856585658565856585658565856584D
:1053F000565856585658565856585658565856583D
:10540000565856585658565856585658565856582C
:10541000565856585658565856585658565856581C
:10542000565856585658565856585658565856580C
:1054300056585658565856585658565856585658FC
:1054400056585658565856585658565856585759EA
:1054500057599394FFFFFFFFFFFFFFFFFFFFFFFF81
:10546000FFFFFFFFFFFFFFFFFFFFFFFFFFFFFFFF4C
:1054700051515B5B5F5F5D5C5C5B5B5C5C5C5C5B80
:105480005B5B5C5B5B5B5B5A5B5A5B5A5A5A595974
:105490005A5A59595B5A5A5A5A5B5B5B5B5B5B5B66
:1054A0005B5B5B5B5B5B5C5B5C5C5D5C5C5D5C5C41
:1054B0005D5D5D5D5C5D5D5D5D5D5D5D5E5D5F5E19
:1054C000A6A6FFFFFFFFFFFFE6E6575756576864A3
:1054D0006763676467646765676467656765686471
:1054E000686568656766686668666866686668664F
:1054F0006966696669666966696769676967696730
:105500006A676A676A6669676A6769676A686A6715
:105510006A686A686A686A686A686A686A686A68FB
:105520006A686A686A686A686A686A686A686A68EB
:105530006A686A686A686A686A686A686A686967DD
:105540006A686A686A686A676968696769676966D4
:1055500069676967696769676966696668666866D1
:1055600068666966686668666765676568656865D0
:1055700068656865686568646765676567656764C9
:1055800067656765676467646765676467646764C0
:1055900067646764676467646764676467646765B2
:1055A000676467646765686467656865686568649B
:1055B000686567656865686668666966696668647F
:1055C000666568665152E7E7FFFFFFFFFFFFFFFFD9
:1055D000FFFFFFFFFFFFFFFFFFFFFFFFFFFFFFFFDB
:1055E000FFFFFFFF51535B5D5F605C5E5B5E5C5E77
:1055F0005C5D5B5D5B5D5B5D5B5D5A5D5A5C5A5CEF
:105600005A5C595C5A5C595B5A5C5A5C5B5D5B5DE9
:105610005B5D5B5D5B5E5B5F5B5E5B5E5C5E5C5DC2
:105620005D5E5C5E5D5F5D5E5D5F5D5F5D5E5D5F9F
:105630005D5F5E60A6A8FFFFFFFFFFFFE6E557592D
:10564000575A64626362646364636562646365633A
:105650006563646265636563666366646664666306
:1056600066636664666366646664666467636763EC
:1056700067646764676467646665676567656764D0
:1056800068656765686668656865686668656865B1
:10569000686668666866686668666866686668669A
:1056A000686668666866686668666866686668668A
:1056B0006865676668666865686567656865676583
:1056C0006765666467656765676567656664666480
:1056D000666466646664666466646663656365637F
:1056E000656365626563656365626463656365637D
:1056F0006562646265626563646364636562646273
:105700006462646264626462646264636462646268
:105710006462656264626462656364636563656351
:105720006562646365636563656366636663666437
:1057300066636460656066605257E7E6FFFFFFFFDF
:10574000FFFFFFFFFFFFFFFFFFFFFFFFFFFFFFFF69
:10575000FFFFFFFFFFFFFFFF51515B5BDCD8CFCDA9
:10576000CBCBC8C5C4C2C2C0BDBCB9B7B4B4B1B05C
:10577000ADADA8A7A4A39F9E9B9A96959292999946
:105780009FA0A3A4A8AAADAFB0B2B3B6B5B6B7BA3E
:10579000BABDBFC0C1C2C4C4C6C6CBCBCCCDCFCFAF
:1057A000D3D1D5D2D6D5D6D4A6A6FFFFFFFFFFFF13
:1057B000E6E657575254C181BC81C186C489C58B66
:1057C000C98DCB92CE95D096D399D59CD89DDBA090
:1057D000DFA4E0A6E3A9E6ACE8AEEAB1EDB2EEB52F
:1057E000F0B6F2B8F4BAF4BBF6BEF6BEF7C0F7C135
:1057F000F8C4F8C5F9C6F9C8FAC9FACAFACAFACAA1
:10580000FACBFBCCFBCCFBCCFBCDFBCDFBCDFBCD5E
:10581000FBCDFBCDFBCDFBCDFBCDFBCDFBCDFBCD48
:10582000FACCFACBF9CAF8C9F8C9F7C7F6C6F5C574
:10583000F4C3F2C1F1BFEFBDEDBBECB9EAB7E9B714
:10584000E6B3E4B1E1ACE0AADEA7DDA7DBA5DAA30D
:10585000D89FD79ED59CD49AD398D196D195CF93E3
:10586000CE94CD90CD8FCB8FCA8CC98DC88AC88974
:10587000C687C586C585C486C485C383C383C383E1
:10588000C484C484C585C686C789C88AC98ACB8EA4
:10589000CD90CE91D293D396D59BD79CDB9FDEA3A0
:1058A000E1A8E6ACE9B0EDB5F2BBA08C9595FFFFA1
:1058B000FFFFFFFFFFFFFFFFFFFFFFFFFFFFFFFFF8
:1058C000FFFFFFFFFFFFFFFFFFFFFFFF51535B5D88
:1058D000D8D6CDCACBC9C5C5C2C1C0BEBCBAB7B681
:1058E000B4B4B0B0ADADA7A6A3A29E9F9A9B959667
:1058F0009293999DA0A4A4AAAAB2AFB7B2BCB6C114
:10590000B6C2BAC5BDC7C0C9C2CAC4CCC6CDCBD148
:10591000CDD1CFD4D1D5D2D5D5D7D4D6A6A8FFFF57
:10592000FFFFFFFFE6E55759545B8127812D862F46
:1059300089308B318D3392349533963699379C3933
:105940009D3AA03BA43AA63DA93EAC40AE42B1432D
:10595000B245B545B646B847BA48BB49BE4DBE523A
:10596000C056C159C45CC560C660C862C966CA6811
:10597000CA69CA6ACB6ACC6CCC6DCC6ECD6DCD6F6A
:10598000CD6FCD6FCD6ECD70CD70CD70CD70CD7033
:10599000CD6FCD6FCC6ECB6DCA6CC96BC96AC76752
:1059A000C667C565C364C161BF5EBD5DBB5BB958F9
:1059B000B756B753B351B14DAC4AAA46A743A74017
:1059C000A53FA33E9F3C9E3C9C3A9A399838963717
:1059D00095369335943490338F328F318C318D30AE
:1059E0008A2F892E872D862D852C862C852B832B1F
:1059F000832B832A842A842B852C862C892C8A2D20
:105A00008A2E8E2C902F9130933196329B349C3578
:105A10009F36A339A83AAC3BB03EB541BB448C613C
:105A20009596FFFFFFFFFFFFFFFFFFFFFFFFFFFF59
:105A3000FFFFFFFFFFFFFFFFFFFFFFFFFFFFFFFF76
:105A400050505B5BDFDDD3D0D0CDCBC9C8C7C6C358
:105A5000C1C0BDBBB9B9B5B4B2B1ACABA9A7A4A222
:105A60009F9E9A9A96959393999B9FA0A6A6A8AA63
:105A7000ADAFB1B3B4B6B4B7B8BABCBDBEC0C1C3A4
:105A8000C5C5C8C8CACACECDD1CFD4D2D4D3D3D23B
:105A9000A6A6FFFFFFFFFFFFE6E657575254C1815E
:105AA000BD81C186C489C68CCA8DCC92CF95D09653
:105AB000D399D59DD99DDCA0DFA5E1A6E4AAE7ADE9
:105AC000E9AEEBB2EEB2EEB6F0B6F2B8F5BBF4BCAE
:105AD000F7BEF6BEF8C0F7C1F9C5F8C6FAC6FAC9EE
:105AE000FBCAFBCBFBCBFBCAFBCCFCCDFCCDFCCD7E
:105AF000FCCEFCCEFCCEFCCEFCCEFCCEFCCEFCCE56
:105B0000FCCEFCCEFCCEFCCEFBCDFBCBFACAF8C95A
:105B1000F9CAF8C7F7C7F6C6F5C4F3C2F2BFEFBDBE
:105B2000EDBBEDBAEBB8EAB7E7B2E5AFE3AEE1AA99
:105B3000DFA7DEA7DCA5DBA3D89FD89FD59CD49A8E
:105B4000D398D197D296CF93CE94CD90CE90CC8F40
:105B5000CB8DC98DC88BC98AC687C586C685C586C3
:105B6000C585C484C484C383C585C585C686C786E8
:105B7000C889C98AC98BCC8ECE90CE92D393D39646
:105B8000D59BD79DDC9FDFA3E1A9E7ADE9B0EDB5DB
:105B9000E2B35252FFFFFFFFFFFFFFFFFFFFFFFFD8
:105BA000FFFFFFFFFFFFFFFFFFFFFFFFFFFFFFFF05
:105BB000FFFFFFFF50535B5DDDD9D0CDCDCAC9C714
:105BC000C7C3C3C2C0BEBBBAB9B7B4B3B1B1ABAB44
:105BD000A7A7A2A39E9E9A99959693949B9EA0A5F3
:105BE000A6ACAAB2AFB8B3BDB6C1B7C3BAC5BDC83B
:105BF000C0CAC3CDC5CDC8CECAD0CDD2CFD5D2D6DE
:105C0000D3D7D2D4A6A8FFFFFFFFFFFFE6E5575981
:105C1000545B8127812D862F89308C318D339234CE
:105C20009533963599369D399D3AA03BA53AA63CC9
:105C3000AA3DAD40AE42B243B245B645B645B846C0
:105C4000BB47BC48BE4CBE52C056C158C55BC660BF
:105C5000C660C962CA66CB68CB69CA6ACC6ACD6BBA
:105C6000CD6DCD6ECE6DCE6FCE6FCE6FCE6ECE7053
:105C7000CE70CE70CE70CE70CE6FCE6FCD6ECB6C40
:105C8000CA6BC96BCA6AC767C767C665C464C261A5
:105C9000BF5EBD5DBB5BBA58B856B753B250AF4B91
:105CA000AE4AAA45A743A740A53FA33E9F3B9F3CC2
:105CB0009C3A9A3898389737963593349434903381
:105CC00090318F308D318D308B2F8A2D872C862D02
:105CD000852B862C852B842B842B83298529852B4A
:105CE000862C862C892B8A2D8B2E8E2C902F9230F1
:105CF000933196329B349D359F36A339A93AAD3BFB
:105D0000B03EB541B3505254FFFFFFFFFFFFFFFF0E
:105D1000FFFFFFFFFFFFFFFFFFFFFFFFFFFFFFFF93
:105D2000FFFFFFFFFFFFFFFF53535B5BE3E2D7D4AF
:105D3000D4D0D0CDCBC9C8C6C4C3C1C0BDBBB9B710
:105D4000B5B4B1B0ADADA8A7A4A29F9E9A9A9695FE
:105D500093939A9A9FA0A5A6A8AAADAFB1B3B4B6E3
:105D6000B5B7B8B9BCBCBFC0C1C3C5C5C7C7CBCB2D
:105D7000CECDD1D0D4D1D1D0A6A6FFFFFFFFFFFF5B
:105D8000E6E657575254C181BD81C186C489C68C8D
:105D9000CA8DCC92CF95D096D399D59DD99DDCA0B4
:105DA000DFA5E1A6E4AAE7ADE9AEEBB2EEB2EEB64E
:105DB000F0B6F2B8F5BBF4BCF7BEF6BEF8C0F7C15A
:105DC000F9C5F8C6FAC6FAC9FBCAFBCBFBCBFBCABE
:105DD000FBCCFCCDFCCDFCCDFCCEFCCEFCCEFCCE79
:105DE000FCCEFCCEFCCEFCCEFCCEFCCEFCCEFCCE63
:105DF000FBCDFBCBFACAF8C9F9CAF8C7F7C7F6C694
:105E0000F5C4F3C2F2BFEFBDEDBBEDBAEBB8EAB635
:105E1000E7B2E5AFE3AEE1AADFA7DEA7DCA5DBA32F
:105E2000D89FD89FD59CD49AD398D197D296CF9308
:105E3000CE94CD90CE90CC8FCB8DC98DC88BC98A96
:105E4000C687C586C685C586C585C484C484C38304
:105E5000C585C585C686C786C889C98AC98BCC8EC3
:105E6000CE90CE92D393D396D59BD79DDC9FDFA3C4
:105E7000E1A9E7ADE9B0FFC13738FFFFFFFFFFFF42
:105E8000FFFFFFFFFFFFFFFFFFFFFFFFFFFFFFFF22
:105E9000FFFFFFFFFFFFFFFFFFFFFFFF53555B5DAE
:105EA000E2DCD4D1D0CDCDCAC9C7C6C4C3C0C0BE40
:105EB000BBBBB7B7B4B4B0B0ADADA7A7A2A39E9E0D
:105EC0009A9A959693949A9EA0A4A6ACAAB1AFB8BC
:105ED000B3BDB6C1B7C3B9C6BCC8C0CAC3CCC5CDB3
:105EE000C7CECBD1CDD2D0D4D1D5D0D3A6A8FFFFA9
:105EF000FFFFFFFFE6E55759545B8127812D862F71
:105F000089308C318D3392349533963599369D395D
:105F10009D3AA03BA53AA63CAA3DAD40AE42B24355
:105F2000B245B645B645B846BB47BC48BE4CBE5266
:105F3000C056C158C55BC660C660C962CA66CB6838
:105F4000CB69CA6ACC6ACD6BCD6DCD6ECE6DCE6F8E
:105F5000CE6FCE6FCE6ECE70CE70CE70CE70CE7055
:105F6000CE6FCE6FCD6ECB6CCA6BC96BCA6AC7677A
:105F7000C767C665C464C261BF5EBD5DBB5BBA581E
:105F8000B855B653B250AF4BAE4AAA45A743A74047
:105F9000A53FA33E9F3B9F3C9C3A9A389838973741
:105FA000963593349434903390318F308D318D30D9
:105FB0008B2F8A2D872C862D852B862C852B842B49
:105FC000842B83298529852B862C862C892B8A2D49
:105FD0008B2E8E2C902F9230933196329B349D35A0
:105FE0009F36A339A93AAD3BB03EC13D383EFFFFD5
:105FF000FFFFFFFFFFFFFFFFFFFFFFFFFFFFFFFFB1
:10600000FFFFFFFFFFFFFFFFFFFFFFFFFFFFFFFFA0
:1060100053535B5BE7E3DAD7D6D4D3D0CFCDCBC92C
:10602000C9C6C5C3C1BFBDBBB9B8B5B3B1B0ACABD0
:10603000A7A6A3A29E9D9A9A969493939A9AA1A298
:10604000A5A7A9AAADB0B1B3B3B6B4B8B9BABCBD2F
:10605000BFC0C1C3C5C5C8C8CBCBCECED1D0CFCEB3
:10606000A6A6FFFFFFFFFFFFE6E657575254C18188
:10607000BD81C186C489C68CCA8DCC92CF95D0967D
:10608000D399D59DD99DDCA0DFA5E1A6E4AAE7AD13
:10609000E9AEEBB2EEB2EEB6F0B6F2B8F5BBF4BCD8
:1060A000F7BEF6BEF8C0F7C1F9C5F8C6FAC6FAC918
:1060B000FBCAFBCBFBCBFBCAFBCCFCCDFCCDFCCDA8
:1060C000FCCEFCCEFCCEFCCEFCCEFCCEFCCEFCCE80
:1060D000FCCEFCCEFCCEFCCEFBCDFBCBFACAF8C985
:1060E000F9CAF8C7F7C7F6C6F5C4F3C2F2BFF0BDE8
:1060F000EDBCEBB8EBB8EAB6E7B2E5AFE3AEE1AAC8
:10610000DFA7DEA7DCA5DBA3D89FD89FD59CD49AB8
:10611000D398D197D296CF93CE94CD90CE90CC8F6A
:10612000CB8DC98DC88BC98AC687C586C685C586ED
:10613000C585C484C484C383C585C585C686C78612
:10614000C889C98AC98BCC8ECE90CE92D393D39670
:10615000D59BD79DDC9FDFA3E1A9E7ADFEBD333919
:10616000FFFFFFFFFFFFFFFFFFFFFFFFFFFFFFFF3F
:10617000FFFFFFFFFFFFFFFFFFFFFFFFFFFFFFFF2F
:10618000FFFFFFFF53555B5DE3DED7D3D4D0D0CD07
:10619000CDCAC9C7C6C3C3C1BFBDBBBAB8B7B3B404
:1061A000B0B0ABABA6A6A2A29D9E9A9A94959395E9
:1061B0009A9FA2A6A7ADAAB2B0B9B3BEB6C1B8C3E2
:1061C000BAC6BDC8C0CAC3CBC5CDC8CECBD1CED34D
:1061D000D0D4CED2A6A8FFFFFFFFFFFFE6E55759B8
:1061E000545B8127812D862F89308C318D339234F9
:1061F0009533963599369D399D3AA03BA53AA63CF4
:10620000AA3DAD40AE42B243B245B645B645B846EA
:10621000BB47BC48BE4CBE52C056C158C55BC660E9
:10622000C660C962CA66CB68CB69CA6ACC6ACD6BE4
:10623000CD6DCD6ECE6DCE6FCE6FCE6FCE6ECE707D
:10624000CE70CE70CE70CE70CE6FCE6FCD6ECB6C6A
:10625000CA6BC96BCA6AC767C767C665C464C261CF
:10626000BF5EBD5DBC5AB858B856B653B250AF4BBE
:10627000AE4AAA45A743A740A53FA33E9F3B9F3CEC
:106280009C3A9A38983897379635933494349033AB
:1062900090318F308D318D308B2F8A2D872C862D2C
:1062A000852B862C852B842B842B83298529852B74
:1062B000862C862C892B8A2D8B2E8E2C902F92301B
:1062C000933196329B349D359F36A339A93AAD3B25
:1062D000BD363947FFFFFFFFFFFFFFFFFFFFFFFF57
:1062E000FFFFFFFFFFFFFFFFFFFFFFFFFFFFFFFFBE
:1062F000FFFFFFFFFFFFFFFF53535B5BE9E7DDDAC3
:10630000D9D7D6D4D3CFCFCCCAC8C8C6C5C4C0BFCE
:10631000BDBBB8B7B5B5B0AEABAAA7A6A3A29F9EAA
:106320009999959494949B9CA1A1A5A7A9ABADB074
:10633000B2B4B3B6B5B7B9BABCBDBFC1C2C3C5C6A6
:10634000C9C9CCCCCFCDCDCCA6A6FFFFFFFFFFFFA8
:10635000E6E657575254C181BD81C186C489C68CB7
:10636000CA8DCC92CF95D096D399D59DD99DDCA0DE
:10637000DFA5E1A6E4AAE7ADE9AEEBB2EEB2EEB678
:10638000F0B6F2B8F5BBF4BCF7BEF6BEF8C0F7C184
:10639000F9C5F8C6FAC6FAC9FBCAFBCBFBCBFBCAE8
:1063A000FBCCFCCDFCCDFCCDFCCEFCCEFCCEFCCEA3
:1063B000FCCEFCCEFCCEFCCEFCCEFCCEFCCEFCCE8D
:1063C000FBCDFBCBFACAF8C9F9CAF8C7F7C7F6C6BE
:1063D000F5C4F3C2F0C0F0BEEDBCEBB8EBB8EAB662
:1063E000E7B2E5AFE3AEE1AADFA7DEA7DCA5DBA35A
:1063F000D89FD89FD59CD49AD398D197D296CF9333
:10640000CE94CD90CE90CC8FCB8DC98DC88BC98AC0
:10641000C687C586C685C586C585C484C484C3832E
:10642000C585C585C686C786C889C98AC98BCC8EED
:10643000CE90CE92D393D396D59BD79DDC9FDFA3EE
:10644000E1A9EEB03D45FFFFFFFFFFFFFFFFFFFFAC
:10645000FFFFFFFFFFFFFFFFFFFFFFFFFFFFFFFF4C
:10646000FFFFFFFFFFFFFFFFFFFFFFFF53555B5DD8
:10647000E7E2DAD6D7D4D4D0CFCCCCC9C8C6C6C40C
:10648000C4C0BFBEBBBAB7B6B5B3AEAEAAAAA6A6C5
:10649000A2A29E9E999A949594969C9FA1A6A7AD20
:1064A000ABB2B0B9B4BEB6C2B7C4BAC6BDC8C1CB30
:1064B000C3CDC6CEC9CECCD2CDD2CCD1A6A9FFFFFA
:1064C000FFFFFFFFE6E55759545B8127812D862F9B
:1064D00089308C318D3392349533963599369D3988
:1064E0009D3AA03BA53AA63CAA3DAD40AE42B24380
:1064F000B245B645B645B846BB47BC48BE4CBE5291
:10650000C056C158C55BC660C660C962CA66CB6862
:10651000CB69CA6ACC6ACD6BCD6DCD6ECE6DCE6FB8
:10652000CE6FCE6FCE6ECE70CE70CE70CE70CE707F
:10653000CE6FCE6FCD6ECB6CCA6BC96BCA6AC767A4
:10654000C767C665C464C261C05FBE5DBC5BB85846
:10655000B856B653B250AF4BAE4AAA45A743A74070
:10656000A53FA33E9F3B9F3C9C3A9A38983897376B
:10657000963593349434903390318F308D318D3003
:106580008B2F8A2D872C862D852B862C852B842B73
:10659000842B83298529852B862C862C892B8A2D73
:1065A0008B2E8E2C902F9230933196329B349D35CA
:1065B0009F36A339A93AB0374558FFFFFFFFFFFFC9
:1065C000FFFFFFFFFFFFFFFFFFFFFFFFFFFFFFFFDB
:1065D000FFFFFFFFFFFFFFFFFFFFFFFFFFFFFFFFCB
:1065E00052525A5AECE8DFDEDDDAD9D7D6D3D3D00F
:1065F000CFCCCBC9C7C5C5C3C1C0BCBBB9B8B4B388
:10660000AFAEACABA7A6A3A19E9D9A999493959586
:106610009B9BA1A3A6A6A9ABAEB0B2B4B4B7B5B8C4
:10662000B9BABCBDC0C1C2C3C6C6C9C9CCCCCACA2E
:10663000A6A6FFFFFFFFFFFFE4E457575053C181B9
:10664000BC81C186C489C58BCA8DCB92CE95D096AC
:10665000D399D59CD89DDCA0DFA4E0A6E3A9E6AD44
:10666000E8AEEAB2EDB2EEB5F0B6F2B8F4BAF4BB09
:10667000F6BEF6BEF7C0F7C1F8C5F8C5F9C6F9C849
:10668000FAC9FACAFACAFACAFACBFBCCFBCCFBCCE1
:10669000FBCDFBCDFBCDFBCDFBCDFBCDFBCDFBCDBA
:1066A000FBCDFBCDFBCDFBCDFACCFACBF9CAF8C9BB
:1066B000F8C9F7C7F6C6F5C6F3C2F2C2F1BFEFBD1F
:1066C000EDBBEBB8EAB7E9B5E6B2E4AFE2ADE0AAFC
:1066D000DEA7DEA7DBA5DAA3D89FD79ED59CD49AE8
:1066E000D398D196D195CF93CE94CD90CD8FCB8F9B
:1066F000CA8CC98DC88AC889C687C586C585C4861F
:10670000C485C384C384C383C484C484C585C78645
:10671000C889C98AC98BCC8ECE90CE92D393D3969A
:10672000D59BD79DDC9FDFA3E3A9575AEEEEFFFF71
:10673000FFFFFFFFFFFFFFFFFFFFFFFFFFFFFFFF69
:10674000FFFFFFFFFFFFFFFFFFFFFFFFFFFFFFFF59
:10675000FFFFFFFF52545A5CE8E4DED8DAD6D7D305
:10676000D3D0D0CDCCC9C9C7C5C3C3C0C0BDBBB9C8
:10677000B8B6B3B2AEAEABABA6A6A1A29D9E999998
:10678000939495969BA0A3A7A6ACABB4B0B8B4BEA7
:10679000B7C2B8C4BAC6BDC8C1CAC3CCC6CEC9CFB9
:1067A000CCD2CACFA6A9FFFFFFFFFFFFE4E45759F1
:1067B000535A8127812D862F89308B318D33923426
:1067C0009533963699379C399D3AA03BA43AA63D1D
:1067D000A93EAD40AE42B243B245B545B646B84714
:1067E000BA48BB48BE4DBE52C056C159C55CC56013
:1067F000C660C862C966CA68CA69CA6ACB6ACC6B15
:10680000CC6DCC6ECD6DCD6FCD6FCD6FCD6ECD70AF
:10681000CD70CD70CD70CD70CD6FCD6FCC6ECB6C9B
:10682000CA6BC96BC96AC767C667C665C262C261FF
:10683000BF5FBD5DBB5BB858B756B553B250AF4BE9
:10684000AD4AAA46A743A740A53FA33E9F3C9E3C16
:106850009C3A9A39983896379536933594349033D4
:106860008F328F318C318D308A2F892E872D862D56
:10687000852C862C852B842B842B832A842A842B9D
:10688000852C862C892B8A2D8B2E8E2C902F923046
:10689000933196329B349D359F36A339A9385A617E
:1068A000EEEFFFFFFFFFFFFFFFFFFFFFFFFFFFFF19
:1068B000FFFFFFFFFFFFFFFFFFFFFFFFFFFFFFFFE8
:1068C000FFFFFFFFFFFFFFFFF7F75F5F9A9A9594C7
:1068D000949393919190908F8E8D8C8B8B898988D6
:1068E00087878686A5A4B8B7B4B3AFAEABAAA7A571
:1068F000A3A29E9D9C9B71717373767679797A7A47
:106900007B7C7D7F7F808081818283838485868676
:106910008787888889898989A6A6FFFFFFFFFFFFEF
:10692000FFFFA6A654557C697A687A6A7C6A7C6BFC
:106930007C6C7D6D7E6E7F6F806F817182728372E1
:106940008473847386758676877687778878887966
:10695000897989798A7A8A7A8B7B8B7B8B7C8B7D10
:106960008C7E8C7E8C7E8C7E8B7F8B7F8B7F8B7FD7
:106970008B7F8D7F8D7F8D7F8D7F8D7F8D7F8D7FB9
:106980008D7F8D7F8D7F8D7F8D7F8D7F8D7F8D7FA7
:106990008B7F8B7F8B7F8C7F8C7F8C7E8B7E8A7EA8
:1069A0008A7D897C897C8A7B897B887A87798779CB
:1069B000867886778576857684758474837382720B
:1069C0008271817281708170806F806F7F6F7F6F45
:1069D0007E6F7E6E7E6D7D6D7D6C7D6C7E6B7E6B65
:1069E0007D6B7D6A7D6A7C697C697C697C697C6978
:1069F0007C697C697D6AD28DC889C98AC98BCC8E35
:106A0000CE90CE92D393D396D59BD79DDC9FDEA319
:106A10008F7DA0A0FFFFFFFFFFFFFFFFFFFFFFFF36
:106A2000FFFFFFFFFFFFFFFFFFFFFFFFFFFFFFFF76
:106A3000FFFFFFFFFFFFFFFFFFFFFFFFF7F75F61B4
:106A40009A9994939392919190908F8E8D8C8B8B39
:106A50008989888987888686A4A5B7B6B3B2AEAE81
:106A6000AAAAA5A5A2A29D9E9B9C71727375767918
:106A7000797B7A7F7C817F85808681888289838902
:106A8000858A868B878C888D898D898DA6A9FFFF45
:106A9000FFFFFFFFFFFFA6A75558694E68506A51D8
:106AA0006A536B526C536D556E556F556F557156D9
:106AB000725672577358735875597659765A775B70
:106AC000785A795C795C795B7A5D7A5C7B5E7B5F16
:106AD0007C607D617E617E637E637E647F647F64B3
:106AE0007F657F657F667F657F667F677F677F667F
:106AF0007F667F667F667F667F667F667F667F666E
:106B00007F667F667F677F657F667F667F657E6461
:106B10007E657E637D647C637C627B627B617A6080
:106B2000795F795F785D775D765C765B755A7459CD
:106B30007358725871577257705670566F566F551A
:106B40006F556F556F546E546D536D536C536C533A
:106B50006B526B516B516A516A5069506950695060
:106B600069506950695069506A528D29892B8A2D64
:106B70008B2E8E2C902F9230933196329B349D35F4
:106B80009F36A3397D5AA0A1FFFFFFFFFFFFFFFF44
:106B9000FFFFFFFFFFFFFFFFFFFFFFFFFFFFFFFF05
:106BA000FFFFFFFFFFFFFFFFFFFFFFFFFFFFFFFFF5
:106BB000FFFFFFFFFFFFFFFFFFFFFFFFFFFFFFFFE5
:106BC000FFFFFFFFFFFFFFFF49495A5A9392BCBAEC
:106BD000B8B7B4B3AFAEAAA9A6A5A2A1A4A25252B7
:106BE000FFFFFFFFFFFFFFFFFFFFFFFFFFFFFFFFB5
:106BF000FFFFFFFFFFFFFFFFFFFFFFFFFFFFFFFFA5
:106C0000FFFFFFFFFFFFFFFFFFFFFFFFFFFFFFFF94
:106C1000FFFFFFFFFFFFFFFFFFFFFFFFFFFFFFFF84
:106C2000FFFFFFFFFFFFFFFFFFFFFFFFFFFFFFFF74
:106C3000FFFFFFFFFFFFFFFFFFFFFFFFFFFFFFFF64
:106C4000FFFFFFFFFFFFFFFFFFFFFFFFFFFFFFFF54
:106C5000FFFFFFFFFFFFFFFFFFFFFFFFFFFFFFFF44
:106C6000FFFFFFFFFFFFFFFFFFFFFFFFFFFFFFFF34
:106C7000FFFFFFFFFFFFFFFFFFFFFFFFFFFFFFFF24
:106C8000FFFFFFFFFFFFFFFFFFFFFFFFFFFFFFFF14
:106C9000FFFFFFFFFFFFFFFFFFFFFFFFFFFFFFFF04
:106CA000FFFFFFFFFFFFFFFFFFFFFFFFFFFFFFFFF4
:106CB000FFFFFFFFFFFFFFFFFFFFFFFFFFFFFFFFE4
:106CC000FFFFFFFFFFFFFFFFFFFFFFFFFFFFFFFFD4
:106CD000FFFFFFFFFFFFFFFFFFFFFFFFC1C14A51A3
:106CE000D08BC98AC98BCC8ECE90CE92D393D396BB
:106CF000D59BD79DDC9FC99C6060FFFFFFFFFFFF16
:106D0000FFFFFFFFFFFFFFFFFFFFFFFFFFFFFFFF93
:106D1000FFFFFFFFFFFFFFFFFFFFFFFFFFFFFFFF83
:106D2000FFFFFFFFFFFFFFFFFFFFFFFFFFFFFFFF73
:106D3000FFFFFFFFFFFFFFFFFFFFFFFF494B5A5C15
:106D40009293BABAB7B6B3B2AEAEA9A9A5A6A1A29C
:106D5000A2A35254FFFFFFFFFFFFFFFFFFFFFFFF54
:106D6000FFFFFFFFFFFFFFFFFFFFFFFFFFFFFFFF33
:106D7000FFFFFFFFFFFFFFFFFFFFFFFFFFFFFFFF23
:106D8000FFFFFFFFFFFFFFFFFFFFFFFFFFFFFFFF13
:106D9000FFFFFFFFFFFFFFFFFFFFFFFFFFFFFFFF03
:106DA000FFFFFFFFFFFFFFFFFFFFFFFFFFFFFFFFF3
:106DB000FFFFFFFFFFFFFFFFFFFFFFFFFFFFFFFFE3
:106DC000FFFFFFFFFFFFFFFFFFFFFFFFFFFFFFFFD3
:106DD000FFFFFFFFFFFFFFFFFFFFFFFFFFFFFFFFC3
:106DE000FFFFFFFFFFFFFFFFFFFFFFFFFFFFFFFFB3
:106DF000FFFFFFFFFFFFFFFFFFFFFFFFFFFFFFFFA3
:106E0000FFFFFFFFFFFFFFFFFFFFFFFFFFFFFFFF92
:106E1000FFFFFFFFFFFFFFFFFFFFFFFFFFFFFFFF82
:106E2000FFFFFFFFFFFFFFFFFFFFFFFFFFFFFFFF72
:106E3000FFFFFFFFFFFFFFFFFFFFFFFFFFFFFFFF62
:106E4000FFFFFFFFFFFFFFFFFFFFFFFFFFFFFFFF52
:106E5000C1C1515E8B248A2D8B2E8E2C902F9230A7
:106E6000933196329B349D359F369C486062FFFF7C
:106E7000FFFFFFFFFFFFFFFFFFFFFFFFFFFFFFFF22
:106E8000FFFFFFFFFFFFFFFFFFFFFFFFFFFFFFFF12
:106E9000FFFFFFFFFFFFFFFFFFFFFFFFFFFFFFFF02
:106EA000FFFFFFFFFFFFFFFFFFFFFFFFFFFFFFFFF2
:106EB00048485A5A9495BFBFBBBBB7B6B3B2AFAE42
:106EC000AAA9A6A5A8A75353FFFFFFFFFFFFFFFF37
:106ED000FFFFFFFFFFFFFFFFFFFFFFFFFFFFFFFFC2
:106EE000FFFFFFFFFFFFFFFFFFFFFFFFFFFFFFFFB2
:106EF000FFFFFFFFFFFFFFFFFFFFFFFFFFFFFFFFA2
:106F0000FFFFFFFFFFFFFFFFFFFFFFFFFFFFFFFF91
:106F1000FFFFFFFFFFFFFFFFFFFFFFFFFFFFFFFF81
:106F2000FFFFFFFFFFFFFFFFFFFFFFFFFFFFFFFF71
:106F3000FFFFFFFFFFFFFFFFFFFFFFFFFFFFFFFF61
:106F4000FFFFFFFFFFFFFFFFFFFFFFFFFFFFFFFF51
:106F5000FFFFFFFFFFFFFFFFFFFFFFFFFFFFFFFF41
:106F6000FFFFFFFFFFFFFFFFFFFFFFFFFFFFFFFF31
:106F7000FFFFFFFFFFFFFFFFFFFFFFFFFFFFFFFF21
:106F8000FFFFFFFFFFFFFFFFFFFFFFFFFFFFFFFF11
:106F9000FFFFFFFFFFFFFFFFFFFFFFFFFFFFFFFF01
:106FA000FFFFFFFFFFFFFFFFFFFFFFFFFFFFFFFFF1
:106FB000FFFFFFFFFFFFFFFFFFFFFFFFFFFFFFFFE1
:106FC000FFFFFFFFFFFF66665A5ACA8AC98BCC8E45
:106FD000CE90CE92D393D396D59BD79DE9A83E3F32
:106FE000FFFFFFFFFFFFFFFFFFFFFFFFFFFFFFFFB1
:106FF000FFFFFFFFFFFFFFFFFFFFFFFFFFFFFFFFA1
:10700000FFFFFFFFFFFFFFFFFFFFFFFFFFFFFFFF90
:10701000FFFFFFFFFFFFFFFFFFFFFFFFFFFFFFFF80
:10702000FFFFFFFF484A5A5C9594BFBCBBB9B6B599
:10703000B2B1AEAEA9A9A5A6A7A75355FFFFFFFF02
:10704000FFFFFFFFFFFFFFFFFFFFFFFFFFFFFFFF50
:10705000FFFFFFFFFFFFFFFFFFFFFFFFFFFFFFFF40
:10706000FFFFFFFFFFFFFFFFFFFFFFFFFFFFFFFF30
:10707000FFFFFFFFFFFFFFFFFFFFFFFFFFFFFFFF20
:10708000FFFFFFFFFFFFFFFFFFFFFFFFFFFFFFFF10
:10709000FFFFFFFFFFFFFFFFFFFFFFFFFFFFFFFF00
:1070A000FFFFFFFFFFFFFFFFFFFFFFFFFFFFFFFFF0
:1070B000FFFFFFFFFFFFFFFFFFFFFFFFFFFFFFFFE0
:1070C000FFFFFFFFFFFFFFFFFFFFFFFFFFFFFFFFD0
:1070D000FFFFFFFFFFFFFFFFFFFFFFFFFFFFFFFFC0
:1070E000FFFFFFFFFFFFFFFFFFFFFFFFFFFFFFFFB0
:1070F000FFFFFFFFFFFFFFFFFFFFFFFFFFFFFFFFA0
:10710000FFFFFFFFFFFFFFFFFFFFFFFFFFFFFFFF8F
:10711000FFFFFFFFFFFFFFFFFFFFFFFFFFFFFFFF7F
:10712000FFFFFFFFFFFFFFFFFFFFFFFFFFFFFFFF6F
:10713000FFFFFFFFFFFFFFFFFFFF66695A5C8A2C1E
:107140008B2E8E2C902F9230933196329B349D351E
:10715000A8353F43FFFFFFFFFFFFFFFFFFFFFFFFDC
:10716000FFFFFFFFFFFFFFFFFFFFFFFFFFFFFFFF2F
:10717000FFFFFFFFFFFFFFFFFFFFFFFFFFFFFFFF1F
:10718000FFFFFFFFFFFFFFFFFFFFFFFFFFFFFFFF0F
:10719000FFFFFFFFFFFFFFFF48485A5A9795C3C103
:1071A000BFBEBBBAB7B6B3B2AFADABAAACAC62624E
:1071B000FFFFFFFFFFFFFFFFFFFFFFFFFFFFFFFFDF
:1071C000FFFFFFFFFFFFFFFFFFFFFFFFFFFFFFFFCF
:1071D000FFFFFFFFFFFFFFFFFFFFFFFFFFFFFFFFBF
:1071E000FFFFFFFFFFFFFFFFFFFFFFFFFFFFFFFFAF
:1071F000FFFFFFFFFFFFFFFFFFFFFFFFFFFFFFFF9F
:10720000FFFFFFFFFFFFFFFFFFFFFFFFFFFFFFFF8E
:10721000FFFFFFFFFFFFFFFFFFFFFFFFFFFFFFFF7E
:10722000FFFFFFFFFFFFFFFFFFFFFFFFFFFFFFFF6E
:10723000FFFFFFFFFFFFFFFFFFFFFFFFFFFFFFFF5E
:10724000FFFFFFFFFFFFFFFFFFFFFFFFFFFFFFFF4E
:10725000FFFFFFFFFFFFFFFFFFFFFFFFFFFFFFFF3E
:10726000FFFFFFFFFFFFFFFFFFFFFFFFFFFFFFFF2E
:10727000FFFFFFFFFFFFFFFFFFFFFFFFFFFFFFFF1E
:10728000FFFFFFFFFFFFFFFFFFFFFFFFFFFFFFFF0E
:10729000FFFFFFFFFFFFFFFFFFFFFFFFFFFFFFFFFE
:1072A000FFFFFFFFFFFFFFFFFFFFFFFFFFFFFFFFEE
:1072B0004141977AC98ACC8ECE90CE92D393D39601
:1072C000D59BE9A4383DFFFFFFFFFFFFFFFFFFFF56
:1072D000FFFFFFFFFFFFFFFFFFFFFFFFFFFFFFFFBE
:1072E000FFFFFFFFFFFFFFFFFFFFFFFFFFFFFFFFAE
:1072F000FFFFFFFFFFFFFFFFFFFFFFFFFFFFFFFF9E
:10730000FFFFFFFFFFFFFFFFFFFFFFFF484A5A5C41
:107310009598C1BFBEBCBAB9B6B5B2B2ADADAAAA56
:10732000ACAC6264FFFFFFFFFFFFFFFFFFFFFFFF4B
:10733000FFFFFFFFFFFFFFFFFFFFFFFFFFFFFFFF5D
:10734000FFFFFFFFFFFFFFFFFFFFFFFFFFFFFFFF4D
:10735000FFFFFFFFFFFFFFFFFFFFFFFFFFFFFFFF3D
:10736000FFFFFFFFFFFFFFFFFFFFFFFFFFFFFFFF2D
:10737000FFFFFFFFFFFFFFFFFFFFFFFFFFFFFFFF1D
:10738000FFFFFFFFFFFFFFFFFFFFFFFFFFFFFFFF0D
:10739000FFFFFFFFFFFFFFFFFFFFFFFFFFFFFFFFFD
:1073A000FFFFFFFFFFFFFFFFFFFFFFFFFFFFFFFFED
:1073B000FFFFFFFFFFFFFFFFFFFFFFFFFFFFFFFFDD
:1073C000FFFFFFFFFFFFFFFFFFFFFFFFFFFFFFFFCD
:1073D000FFFFFFFFFFFFFFFFFFFFFFFFFFFFFFFFBD
:1073E000FFFFFFFFFFFFFFFFFFFFFFFFFFFFFFFFAD
:1073F000FFFFFFFFFFFFFFFFFFFFFFFFFFFFFFFF9D
:10740000FFFFFFFFFFFFFFFFFFFFFFFFFFFFFFFF8C
:10741000FFFFFFFFFFFFFFFFFFFFFFFFFFFFFFFF7C
:10742000FFFFFFFF41437A4D8A2E8E2C902F923022
:10743000933196329B34A42E3D48FFFFFFFFFFFFA0
:10744000FFFFFFFFFFFFFFFFFFFFFFFFFFFFFFFF4C
:10745000FFFFFFFFFFFFFFFFFFFFFFFFFFFFFFFF3C
:10746000FFFFFFFFFFFFFFFFFFFFFFFFFFFFFFFF2C
:10747000FFFFFFFFFFFFFFFFFFFFFFFFFFFFFFFF1C
:1074800048485A5A9897C5C3C3C1BFBEBBB9B8B61E
:10749000B3B2AEAEB0AF6262FFFFFFFFFFFFFFFF10
:1074A000FFFFFFFFFFFFFFFFFFFFFFFFFFFFFFFFEC
:1074B000FFFFFFFFFFFFFFFFFFFFFFFFFFFFFFFFDC
:1074C000FFFFFFFFFFFFFFFFFFFFFFFFFFFFFFFFCC
:1074D000FFFFFFFFFFFFFFFFFFFFFFFFFFFFFFFFBC
:1074E000FFFFFFFFFFFFFFFFFFFFFFFFFFFFFFFFAC
:1074F000FFFFFFFFFFFFFFFFFFFFFFFFFFFFFFFF9C
:10750000FFFFFFFFFFFFFFFFFFFFFFFFFFFFFFFF8B
:10751000FFFFFFFFFFFFFFFFFFFFFFFFFFFFFFFF7B
:10752000FFFFFFFFFFFFFFFFFFFFFFFFFFFFFFFF6B
:10753000FFFFFFFFFFFFFFFFFFFFFFFFFFFFFFFF5B
:10754000FFFFFFFFFFFFFFFFFFFFFFFFFFFFFFFF4B
:10755000FFFFFFFFFFFFFFFFFFFFFFFFFFFFFFFF3B
:10756000FFFFFFFFFFFFFFFFFFFFFFFFFFFFFFFF2B
:10757000FFFFFFFFFFFFFFFFFFFFFFFFFFFFFFFF1B
:10758000FFFFFFFFFFFFFFFFFFFFFFFFFFFFFFFF0B
:10759000FFFFFFFFFFFFFFFFFFFF4B4DD091CC8EA2
:1075A000CE90CE92D393D396DD9E3C47FFFFFFFF54
:1075B000FFFFFFFFFFFFFFFFFFFFFFFFFFFFFFFFDB
:1075C000FFFFFFFFFFFFFFFFFFFFFFFFFFFFFFFFCB
:1075D000FFFFFFFFFFFFFFFFFFFFFFFFFFFFFFFFBB
:1075E000FFFFFFFFFFFFFFFFFFFFFFFFFFFFFFFFAB
:1075F000FFFFFFFF484A5A5C9799C3C3C1BFBEBC97
:10760000B9B8B6B5B2B1AEAEAFAF6264FFFFFFFFBF
:10761000FFFFFFFFFFFFFFFFFFFFFFFFFFFFFFFF7A
:10762000FFFFFFFFFFFFFFFFFFFFFFFFFFFFFFFF6A
:10763000FFFFFFFFFFFFFFFFFFFFFFFFFFFFFFFF5A
:10764000FFFFFFFFFFFFFFFFFFFFFFFFFFFFFFFF4A
:10765000FFFFFFFFFFFFFFFFFFFFFFFFFFFFFFFF3A
:10766000FFFFFFFFFFFFFFFFFFFFFFFFFFFFFFFF2A
:10767000FFFFFFFFFFFFFFFFFFFFFFFFFFFFFFFF1A
:10768000FFFFFFFFFFFFFFFFFFFFFFFFFFFFFFFF0A
:10769000FFFFFFFFFFFFFFFFFFFFFFFFFFFFFFFFFA
:1076A000FFFFFFFFFFFFFFFFFFFFFFFFFFFFFFFFEA
:1076B000FFFFFFFFFFFFFFFFFFFFFFFFFFFFFFFFDA
:1076C000FFFFFFFFFFFFFFFFFFFFFFFFFFFFFFFFCA
:1076D000FFFFFFFFFFFFFFFFFFFFFFFFFFFFFFFFBA
:1076E000FFFFFFFFFFFFFFFFFFFFFFFFFFFFFFFFAA
:1076F000FFFFFFFFFFFFFFFFFFFFFFFFFFFFFFFF9A
:10770000FFFFFFFFFFFFFFFFFFFFFFFFFFFF4D50EA
:1077100091328E2C902F9230933196329E2F475A71
:10772000FFFFFFFFFFFFFFFFFFFFFFFFFFFFFFFF69
:10773000FFFFFFFFFFFFFFFFFFFFFFFFFFFFFFFF59
:10774000FFFFFFFFFFFFFFFFFFFFFFFFFFFFFFFF49
:10775000FFFFFFFFFFFFFFFFFFFFFFFFFFFFFFFF39
:10776000FFFFFFFFFFFFFFFF48485A5A9C9CCAC714
:10777000C6C3C2C0BFBDBBB9B7B5B3B1B5B4616113
:10778000FFFFFFFFFFFFFFFFFFFFFFFFFFFFFFFF09
:10779000FFFFFFFFFFFFFFFFFFFFFFFFFFFFFFFFF9
:1077A000FFFFFFFFFFFFFFFFFFFFFFFFFFFFFFFFE9
:1077B000FFFFFFFFFFFFFFFFFFFFFFFFFFFFFFFFD9
:1077C000FFFFFFFFFFFFFFFFFFFFFFFFFFFFFFFFC9
:1077D000FFFFFFFFFFFFFFFFFFFFFFFFFFFFFFFFB9
:1077E000FFFFFFFFFFFFFFFFFFFFFFFFFFFFFFFFA9
:1077F000FFFFFFFFFFFFFFFFFFFFFFFFFFFFFFFF99
:10780000FFFFFFFFFFFFFFFFFFFFFFFFFFFFFFFF88
:10781000FFFFFFFFFFFFFFFFFFFFFFFFFFFFFFFF78
:10782000FFFFFFFFFFFFFFFFFFFFFFFFFFFFFFFF68
:10783000FFFFFFFFFFFFFFFFFFFFFFFFFFFFFFFF58
:10784000FFFFFFFFFFFFFFFFFFFFFFFFFFFFFFFF48
:10785000FFFFFFFFFFFFFFFFFFFFFFFFFFFFFFFF38
:10786000FFFFFFFFFFFFFFFFFFFFFFFFFFFFFFFF28
:10787000F3F3FFFFFFFFFFFFFFFFFFFFFFFFFFFF30
:10788000FFFFEDED4B50DA93CE90CE92D393D59788
:107890005559F0F0FFFFFFFFFFFFFFFFFFFFFFFF66
:1078A000FFFFFFFFFFFFFFFFFFFFFFFFFFFFFFFFE8
:1078B000FFFFFFFFFFFFFFFFFFFFFFFFFFFFFFFFD8
:1078C000FFFFFFFFFFFFFFFFFFFFFFFFFFFFFFFFC8
:1078D000FFFFFFFFFFFFFFFFFFFFFFFF484A5A5C6C
:1078E0009C9DC7C5C3C3C0BFBDBBB9B9B5B5B1B118
:1078F000B4B36164FFFFFFFFFFFFFFFFFFFFFFFF68
:10790000FFFFFFFFFFFFFFFFFFFFFFFFFFFFFFFF87
:10791000FFFFFFFFFFFFFFFFFFFFFFFFFFFFFFFF77
:10792000FFFFFFFFFFFFFFFFFFFFFFFFFFFFFFFF67
:10793000FFFFFFFFFFFFFFFFFFFFFFFFFFFFFFFF57
:10794000FFFFFFFFFFFFFFFFFFFFFFFFFFFFFFFF47
:10795000FFFFFFFFFFFFFFFFFFFFFFFFFFFFFFFF37
:10796000FFFFFFFFFFFFFFFFFFFFFFFFFFFFFFFF27
:10797000FFFFFFFFFFFFFFFFFFFFFFFFFFFFFFFF17
:10798000FFFFFFFFFFFFFFFFFFFFFFFFFFFFFFFF07
:10799000FFFFFFFFFFFFFFFFFFFFFFFFFFFFFFFFF7
:1079A000FFFFFFFFFFFFFFFFFFFFFFFFFFFFFFFFE7
:1079B000FFFFFFFFFFFFFFFFFFFFFFFFFFFFFFFFD7
:1079C000FFFFFFFFFFFFFFFFFFFFFFFFFFFFFFFFC7
:1079D000FFFFFFFFFFFFFFFFFFFFFFFFFFFFFFFFB7
:1079E000FFFFFFFFF3F4FFFFFFFFFFFFFFFFFFFFBE
:1079F000FFFFFFFFFFFFEDED505B9326902F9230CE
:107A0000933197305963F0EFFFFFFFFFFFFFFFFF58
:107A1000FFFFFFFFFFFFFFFFFFFFFFFFFFFFFFFF76
:107A2000FFFFFFFFFFFFFFFFFFFFFFFFFFFFFFFF66
:107A3000FFFFFFFFFFFFFFFFFFFFFFFFFFFFFFFF56
:107A4000FFFFFFFFFFFFFFFFFFFFFFFFFFFFFFFF46
:107A500048485A5AAAA9CCCACAC7C6C4C2C0BEBCE2
:107A6000BBB9B7B5BAB96161FFFFFFFFFFFFFFFF09
:107A7000FFFF41414545454545454545454545454A
:107A8000454545454040FFFFFFFF3F3F45454545D4
:107A90004545454545454545454545454545454596
:107AA0004545454545454545454545454545454586
:107AB0007070FFFFFFFFFFFFFFFFFFFFFFFFFFFFF4
:107AC000C8C84141FFFFFFFFFFFFFFFFFFFFFFFFB0
:107AD000FFFFFFFFFFFFFFFFFFFFFFFF7E7EFFFFB8
:107AE000FFFFFFFFFFFFFFFFFFFFFFFFFFFFFFFFA6
:107AF000FFFFA4A456565656565656565656565638
:107B00005656565656566464FFFFFFFFADAD5656A7
:107B10005656565656565656565656565656565605
:107B20006363FFFFFFFFAAAA56565656565656568F
:107B3000565656565656565656565A5AFFFFBDBDBD
:107B400056565656565656565656565656565656D5
:107B500056565656FFFFFFFFC5C59B9BFFFFFFFF15
:107B6000FFFFFFFFFFFFFFFFFFFFFFFF8B8B4B526E
:107B7000D091CE92D3938473AAAAFFFFFFFFFFFF99
:107B8000FFFFFFFFFFFFFFFFFFFF45453C3CFFFFFF
:107B9000FFFFFFFFFFFFFFFFFFFFFFFFFFFFFFFFF5
:107BA000FFFFFFFFFFFFFFFFFFFFFFFFFFFFFFFFE5
:107BB000FFFFFFFFFFFFFFFFFFFFFFFFFFFFFFFFD5
:107BC000FFFFFFFF484A5A5CA9A9CAC8C7C5C4C27B
:107BD000C0BFBCBBB9B9B5B5B9B86163FFFFFFFFA2
:107BE000FFFFFFFFFFFF41434547454745474547E7
:107BF00045474547454745474042FFFFFFFF3F4157
:107C00004547454745474547454745474547454714
:107C10004547454745474547454745474547454704
:107C2000454745487073FFFFFFFFFFFFFFFFFFFF62
:107C3000FFFFFFFFC8C94144FFFFFFFFFFFFFFFF3A
:107C4000FFFFFFFFFFFFFFFFFFFFFFFFFFFFFFFF44
:107C50007E80FFFFFFFFFFFFFFFFFFFFFFFFFFFF34
:107C6000FFFFFFFFFFFFA4A5565856585658565819
:107C7000565856585658565856586465FFFFFFFFD9
:107C8000ADAF5658565856585658565856585658D6
:107C9000565856586365FFFFFFFFAAAB5658565813
:107CA00056585658565856585658565856585A5C5C
:107CB000FFFFBDBD56585658565856585658565838
:107CC0005658565856585659FFFFFFFFC5C59B9C3E
:107CD000FFFFFFFFFFFFFFFFFFFFFFFFFFFFFFFFB4
:107CE0008B8B525E912C923093317359AAABFFFF6C
:107CF000FFFFFFFFFFFFFFFFFFFFFFFFFFFF454706
:107D00003C3EFFFFFFFFFFFFFFFFFFFFFFFFFFFF07
:107D1000FFFFFFFFFFFFFFFFFFFFFFFFFFFFFFFF73
:107D2000FFFFFFFFFFFFFFFFFFFFFFFFFFFFFFFF63
:107D3000FFFFFFFFFFFFFFFF48485A5AACABD1CE11
:107D4000CCCAC9C6C5C3C2C0BEBCBAB8BEBD6161DB
:107D5000FFFFFFFFFFFFFFFFFFFF5151575758582D
:107D600058585858585858585858585858584848B3
:107D7000FFFF4E4E5757585858585858585858584B
:107D80005858585858585858585858585858585873
:107D9000585858585858585858587070FFFFFFFF97
:107DA000FFFFFFFFFFFFFFFF535358586F6FFFFFA9
:107DB000FFFFFFFFFFFFFFFFFFFFFFFFFFFFFFFFD3
:107DC000FFFFFFFF55558585FFFFFFFFFFFFFFFF0B
:107DD000FFFFFFFFFFFFFFFFFFFF96965858585821
:107DE0005858585858585858585858585858585813
:107DF0005B5BFFFFADAD5758585858585858585806
:107E0000585858585858585858585A5AFFFFACACF8
:107E100058585858585858585858585858585858E2
:107E2000585858585252C4C4575858585858585807
:107E30005858585858585858585858584C4CFFFF8C
:107E4000C5C55858C1C1FFFFFFFFFFFFFFFFFFFF80
:107E5000FFFFFFFFFFFF4646796CCE91BA8C64644A
:107E6000FFFFFFFFFFFFFFFFFFFFFFFFFFFFFFFF22
:107E70008282585857579A9AFFFFFFFFFFFFFFFF74
:107E8000FFFFFFFFFFFFFFFFFFFFFFFFFFFFFFFF02
:107E9000FFFFFFFFFFFFFFFFFFFFFFFFFFFFFFFFF2
:107EA000FFFFFFFFFFFFFFFFFFFFFFFF484A5A5C96
:107EB000ABAACECBCAC8C6C5C3C2C0BFBCBBB8B8CC
:107EC000BDBC6163FFFFFFFFFFFFFFFFFFFF5153DB
:107ED0005759585A585A585A585A585A585A585A14
:107EE000585A484AFFFF4E505759585A585A585AEC
:107EF000585A585A585A585A585A585A585A585AF2
:107F0000585A585A585A585A585A585A585A7072B1
:107F1000FFFFFFFFFFFFFFFFFFFFFFFF5356585A12
:107F20006F71FFFFFFFFFFFFFFFFFFFFFFFFFFFF7F
:107F3000FFFFFFFFFFFFFFFF55578586FFFFFFFF96
:107F4000FFFFFFFFFFFFFFFFFFFFFFFFFFFF969811
:107F5000585A585A585A585A585A585A585A585A91
:107F6000585A585A5B5DFFFFADB0585A585A585A84
:107F7000585A585A585A585A585A585A585A5A5B6E
:107F8000FFFFACAD585A585A585A585A585A585A6E
:107F9000585A585A585A585A5254C4C5585A585A86
:107FA000585A585A585A585A585A585A585A585A41
:107FB0004C4EFFFFC5C5585AC1C2FFFFFFFFFFFF70
:107FC000FFFFFFFFFFFFFFFFFFFF46476C589130A9
:107FD0008C436466FFFFFFFFFFFFFFFFFFFFFFFF14
:107FE000FFFFFFFF8283585A57599A9BFFFFFFFFFD
:107FF000FFFFFFFFFFFFFFFFFFFFFFFFFFFFFFFF91
:10800000FFFFFFFFFFFFFFFFFFFFFFFFFFFFFFFF80
:10801000FFFFFFFFFFFFFFFFFFFFFFFFFFFFFFFF70
:1080200048485A5AADADD4D1D0CECCCAC8C7C5C4C1
:10803000C2C0BEBCC2C16161FFFFFFFFFFFFFFFF07
:10804000FFFF51515A5B62626163636363646364FF
:108050006565656765666565C6C64F4F5A5B666749
:108060006767676767676767686867686868686998
:108070006869696969696969686968686969696974
:108080006A6A4949FFFFFFFFFFFFFFFFFFFFFFFF96
:10809000505057574949FFFFFFFFFFFFFFFFFFFF0A
:1080A000FFFFFFFFFFFFFFFFFFFFFFFF54545A5A80
:1080B0007878FFFFFFFFFFFFFFFFFFFFFFFFFFFFDE
:1080C000FFFF9898585757577C7B7B7A7A797A7953
:1080D00079787979797879785050FFFFADAD585833
:1080E0005555676766666666666565656464656559
:1080F00065655050FFFFACAC5858575763636262D8
:108100006162616162626363636464645152CFCF90
:10811000585855556969686968696969696A69691A
:10812000696A6A6A5757FFFFC5C558585454FFFF1C
:10813000FFFFFFFFFFFFFFFFFFFFFFFFFFFFFFFF4F
:108140004242C1914142FFFFFFFFFFFFFFFFFFFFE0
:10815000FFFFFFFFFFFFE1E1585858585D5D9F9F0B
:10816000FFFFFFFFFFFFFFFFFFFFFFFFFFFFFFFF1F
:10817000FFFFFFFFFFFFFFFFFFFFFFFFFFFFFFFF0F
:10818000FFFFFFFFFFFFFFFFFFFFFFFFFFFFFFFFFF
:10819000FFFFFFFF484A5A5CADADD1CECECACAC878
:1081A000C7C5C4C2C0BFBCBBC1BF6163FFFFFFFF87
:1081B000FFFFFFFFFFFF51535B5D62656365636611
:1081C000646764676567676866696569C6C64F51B5
:1081D0005B5D676A676A676A676B676A686B686A2C
:1081E000686B696B696B696B696B696B696B686BF1
:1081F000696B696B6A6C494BFFFFFFFFFFFFFFFF75
:10820000FFFFFFFF50525759494BFFFFFFFFFFFF92
:10821000FFFFFFFFFFFFFFFFFFFFFFFFFFFFFFFF6E
:1082200054565A5C787AFFFFFFFFFFFFFFFFFFFF06
:10823000FFFFFFFFFFFF9899575957597B7B7A7AC9
:10824000797A797978797979787878775052FFFFE7
:10825000ADB0585A5557676966696668656765675E
:108260006468656765675052FFFFACAD585A57594F
:1082700063656265626361636265636664666467C1
:108280005254CFD0585A5557696C696C696C696CF7
:108290006A6C696D6A6D6A6D5759FFFFC5C5585A9A
:1082A0005456FFFFFFFFFFFFFFFFFFFFFFFFFFFF32
:1082B000FFFFFFFF424591434246FFFFFFFFFFFFE5
:1082C000FFFFFFFFFFFFFFFFFFFFE1E0585A585A93
:1082D0005D5F9FA0FFFFFFFFFFFFFFFFFFFFFFFFAF
:1082E000FFFFFFFFFFFFFFFFFFFFFFFFFFFFFFFF9E
:1082F000FFFFFFFFFFFFFFFFFFFFFFFFFFFFFFFF8E
:10830000FFFFFFFFFFFFFFFF48485A5AAFAFD7D428
:10831000D3D0D0CDCBCAC8C6C6C3C2BFC7C56262A0
:10832000FFFFFFFFFFFFFFFFFFFF5151595A9897D3
:1083300094949A9BA1A1A4A6A9ABADAFB1B3AAADE9
:10834000C6C64F4F5A5BBCBCC2C3C5C6C8C8CBCBA0
:10835000CECDD0D0D3D1D5D2D8D6DBD9DCDAE0DDC2
:10836000E2DFE3E0E6E4E7E4ECE94949FFFFFFFF91
:10837000FFFFFFFFFFFFB1B1585857578F90E2E260
:10838000FFFFFFFFFFFFFFFFFFFFFFFFFFFFFFFFFD
:10839000FFFFFFFF54545353D1CF7373FFFFFFFF11
:1083A000FFFFFFFFFFFFFFFFFFFF989858575B5B42
:1083B000EDE9EAE5E9E5E6E3E7E2E2E0DFDEE0DD7C
:1083C000595AFFFFADAD58585050D0CDCBC8C8C595
:1083D000C5C3C1BFBDBBBBB7B7B65D5CFFFFACAC2F
:1083E00058585252A3A39C9B9897949294939B9B0A
:1083F0009F9FA3A55D5ECFCF58585050B6B8B4B775
:10840000B7BABABDBDBEC1C2C2C3C5C65F60FFFFB9
:10841000C5C5585856553E3EFFFFFFFFFFFFFFFF03
:10842000FFFFFFFFFFFFFFFFFFFF2F2FFFFFFFFFFC
:10843000FFFFFFFFFFFFFFFFFFFFFFFFFFFF5353A4
:10844000585858586E6F9F9FFFFFFFFFFFFFFFFFB9
:10845000FFFFFFFFFFFFFFFFFFFFFFFFFFFFFFFF2C
:10846000FFFFFFFFFFFFFFFFFFFFFFFFFFFFFFFF1C
:10847000FFFFFFFFFFFFFFFFFFFFFFFF484A5A5CC0
:10848000AFAED4D1D0CECDCBCAC8C6C5C3C1BFBF95
:10849000C5C36264FFFFFFFFFFFFFFFFFFFF5153F4
:1084A0005A5C979794959B9DA1A5A6ACABB2AFB92A
:1084B000B3BEADB7C6C64F515B5DBCC6C3CCC6CE5E
:1084C000C8CECBD2CDD2D0D4D1D6D2D7D6D7D9DB85
:1084D000DADDDDDCDFE0E0E1E4E2E4E3E9E6494BBC
:1084E000FFFFFFFFFFFFFFFFFFFFB1B1585A5759D2
:1084F0009091E2E3FFFFFFFFFFFFFFFFFFFFFFFFA2
:10850000FFFFFFFFFFFFFFFF54565355CFCD73759D
:10851000FFFFFFFFFFFFFFFFFFFFFFFFFFFF989938
:1085200057595B5EE9E4E5E0E5E0E3DEE2DCE0DA52
:10853000DED9DDD85A5BFFFFADB0585A5053CDCBD2
:10854000C8C5C5C3C3C0BFBEBBBAB7B8B6B55C5F0C
:10855000FFFFACAD585A5254A3A29B9C979992939B
:1085600093959B9C9FA4A5AB5E5FCFD0585A50516A
:10857000B8C4B7C3BAC5BDC6BEC9C2CAC3CDC6CECC
:108580006061FFFFC5C5585A55573E40FFFFFFFFCA
:10859000FFFFFFFFFFFFFFFFFFFFFFFFFFFF2F3189
:1085A000FFFFFFFFFFFFFFFFFFFFFFFFFFFFFFFFDB
:1085B000FFFF5355585A585A6F6F9FA0FFFFFFFF98
:1085C000FFFFFFFFFFFFFFFFFFFFFFFFFFFFFFFFBB
:1085D000FFFFFFFFFFFFFFFFFFFFFFFFFFFFFFFFAB
:1085E000FFFFFFFFFFFFFFFFFFFFFFFFFFFFFFFF9B
:1085F00048485A5AB0B1DAD7D7D5D4D1CFCDCCCAA2
:10860000C8C7C6C4CCCA6262FFFFFFFFFFFFFFFFFF
:10861000FFFF5151595A9E9D959493939A9BA0A107
:10862000A5A7AAABADB0A8AAC6C64F4F5A5BB9B9A9
:10863000C0C1C2C3C5C6C8C8CBCBCECDD1D0D3D1A3
:10864000D5D4D8D7DBD8DDDBDFDEE2DFE3E0E6E25E
:10865000EAE74949FFFFFFFFFFFFFFFFFFFF4B4B2B
:1086600058584D4DFFFF5959FFFFFFFFFFFFFFFF18
:10867000FFFFFFFFFFFFFFFFFFFFFFFF54545454B6
:10868000FEFBC7C57474FFFFFFFFFFFFFFFFFFFF87
:10869000FFFF989858575B5BF0ECEDE7EBE6E9E6F7
:1086A000E6E3E7E1E3DFE1DF5A59FFFFADAD5858FC
:1086B0005050D4D1CDCACBC8C7C5C4C3C1C0BEBC3D
:1086C000BBB95353FFFFACAC58585153A7A6A09F5A
:1086D0009D9C9898949495959B9B9FA15D5ECFCF10
:1086E00058585150B4B7B3B5B5B7B8B9BABCBEBF96
:1086F000C1C1C2C45F5FFFFFC5C558584E4EE4E21A
:108700004040FFFFFFFFFFFFFFFFFFFFFFFFFFFFF7
:10871000FFFFFFFFFFFFFFFFFFFFFFFFFFFFFFFF69
:10872000FFFFFFFF4242585857584141FFFFA0A0AA
:10873000FFFFFFFFFFFFFFFFFFFFFFFFFFFFFFFF49
:10874000FFFFFFFFFFFFFFFFFFFFFFFFFFFFFFFF39
:10875000FFFFFFFFFFFFFFFFFFFFFFFFFFFFFFFF29
:10876000FFFFFFFF484A5A5CB1B0D7D4D5D1D1CE74
:10877000CDCACAC8C7C6C4C1CAC86264FFFFFFFF6A
:10878000FFFFFFFFFFFF51535A5C9D9D949593950A
:108790009B9FA1A5A7ACABB2B0B9AAB4C6C64F51B6
:1087A0005B5DB9C4C1CAC3CDC6CEC8CFCBD1CDD213
:1087B000D0D4D1D5D4D7D7D9D8DCDBDCDEDDDFE02F
:1087C000E0DFE2E1E7E5494BFFFFFFFFFFFFFFFFCF
:1087D000FFFF4B4E585A4D4FFFFF595AFFFFFFFF07
:1087E000FFFFFFFFFFFFFFFFFFFFFFFFFFFFFFFF99
:1087F00054565456FBF4C5C37475FFFFFFFFFFFFCB
:10880000FFFFFFFFFFFF989957595B5EECE6E7E338
:10881000E6E1E6E0E3DEE1DDDFDBDFDA595BFFFF27
:10882000ADB0585A5053D1CECAC8C8C5C5C3C3C0CD
:10883000C0BEBCBBB9B95355FFFFACAD585A535578
:10884000A6A69F9F9C9C9899949595969B9EA1A463
:108850005E60CFD0585A5052B7C1B5C1B7C3B9C581
:10886000BCC5BFCAC1CAC4CD5F62FFFFC5C5585AE7
:108870004E50E2E64042FFFFFFFFFFFFFFFFFFFF1A
:10888000FFFFFFFFFFFFFFFFFFFFFFFFFFFFFFFFF8
:10889000FFFFFFFFFFFFFFFF4245585A585A414470
:1088A000FFFFA0A1FFFFFFFFFFFFFFFFFFFFFFFF95
:1088B000FFFFFFFFFFFFFFFFFFFFFFFFFFFFFFFFC8
:1088C000FFFFFFFFFFFFFFFFFFFFFFFFFFFFFFFFB8
:1088D000FFFFFFFFFFFFFFFF4848595AB3B2DEDB3F
:1088E000DAD8D6D5D3D0CFCDCBC9C7C7D0CD626269
:1088F000FFFFFFFFFFFFFFFFFFFF51515959A2A1EB
:108900009999959495969A9CA1A1A6A8A9ACA4A77B
:10891000C6C64F4F5A5BB5B7BDBEC1C1C2C3C5C500
:10892000C8C8CBCBCFCDD1D0D3D2D5D4D8D6DBD835
:10893000DDDBE0DEE2DFE5E2E9E64949FFFFFFFFDC
:10894000FFFFFFFFFFFF535358576060F5F251528E
:10895000FFFFFFFFFFFFFFFFFFFFFFFFFFFFFFFF27
:10896000FFFFFFFF54545454FEFBF3EFC8C662628E
:10897000FFFFFFFFFFFFFFFFFFFF989858575B5B6C
:10898000F0ECEDEAECE7EBE7E9E6E6E3E6E2E3DF6D
:108990005A5BFFFFADAD58585150D6D3D0CECDCB9A
:1089A000CBC7C7C5C4C2C1BFBEBB5453FFFFACAC2D
:1089B00058585352ABAAA3A29F9E9C9A9898929300
:1089C00095949C9B5C5DCFCF58585151B1B4B1B4D4
:1089D000B4B6B4B7B8BBBBBCBEBFC2C25F61FFFF19
:1089E000C5C558584F4FD6D5B9B96F70FFFFFFFFB7
:1089F000FFFFFFFFFFFFFFFFFFFFFFFFFFFFFFFF87
:108A0000FFFFFFFFFFFFFFFFFFFF3F3F5858575794
:108A10004848FFFFFFFDA0A0FFFFFFFFFFFFFFFF94
:108A2000FFFFFFFFFFFFFFFFFFFFFFFFFFFFFFFF56
:108A3000FFFFFFFFFFFFFFFFFFFFFFFFFFFFFFFF46
:108A4000FFFFFFFFFFFFFFFFFFFFFFFF484A5A5CEA
:108A5000B2B1DBD7D8D4D5D1D0CDCDCAC9C7C7C460
:108A6000CDCB6264FFFFFFFFFFFFFFFFFFFF51530E
:108A7000595BA1A1999A949596969C9EA1A7A8AEA0
:108A8000ACB3A7AFC6C64F515B5DB7C2BEC8C1CBC2
:108A9000C3CCC5CEC8CFCBD1CDD2D0D4D2D6D4D9E9
:108AA000D6D8D8DBDBDDDEDEDFE0E2E0E6E4494D10
:108AB000FFFFFFFFFFFFFFFFFFFF535557596063A5
:108AC000F2EC5254FFFFFFFFFFFFFFFFFFFFFFFF2E
:108AD000FFFFFFFFFFFFFFFF54565456FBF4EFE983
:108AE000C6C46264FFFFFFFFFFFFFFFFFFFF98990F
:108AF00057595B5EECE6EAE4E7E2E7E2E6E0E3DE54
:108B0000E2DEDFDC5B5BFFFFADB0585A5052D3D0E2
:108B1000CECACBC9C7C6C5C3C2C0BFBEBBBA5355F8
:108B2000FFFFACAD585A5255AAAAA2A39E9F9A9C89
:108B30009898939494969B9E5D5FCFD0585A5152CB
:108B4000B4BDB4BEB6C1B7C3BBC6BCC6BFC9C2CB39
:108B50006162FFFFC5C5585A4F50D5DAB9BD707173
:108B6000FFFFFFFFFFFFFFFFFFFFFFFFFFFFFFFF15
:108B7000FFFFFFFFFFFFFFFFFFFFFFFFFFFF3F4282
:108B8000585A5759484CFFFBFDF8A0A1FFFFFFFFC3
:108B9000FFFFFFFFFFFFFFFFFFFFFFFFFFFFFFFFE5
:108BA000FFFFFFFFFFFFFFFFFFFFFFFFFFFFFFFFD5
:108BB000FFFFFFFFFFFFFFFFFFFFFFFFFFFFFFFFC5
:108BC00048485858B5B2DFDDDDDADAD8D6D4D3D08C
:108BD000D0CCCBC9D3D16262FFFFFFFFFFFFFFFF05
:108BE000FFFF5252595AA6A49E9D98999493959529
:108BF0009C9CA2A3A6A8A3A3C6C64F4F5A5BB2B51E
:108C0000B9BABDBDC0C0C3C4C6C5C8C8CCCCCECD22
:108C1000D2D0D3D1D5D4D8D7DCDADEDCE0DDE2E1C6
:108C2000E7E44949FFFFFFFFFFFFFFFF9595585815
:108C30005656D7D5F2EFD5D3D4D4FFFFFFFFFFFFB1
:108C4000FFFFFFFFFFFFFFFFFFFFFFFF54545454E0
:108C5000FEFBF4F0F3EFD0CE6262FFFFFFFFFFFFF9
:108C6000FFFF989858575B5BF2EEEEEAECE9EBE712
:108C7000EBE6EAE5E6E3E6E25A5AFFFFADAD585807
:108C80005150D8D7D3D0D0CDCCCAC9C7C7C5C4C21C
:108C9000C1BF5354FFFFACAC58585252AEADA7A65B
:108CA000A3A1A09F9C9B9797939395955C5BCDCD3B
:108CB00058585151AFB0AEAFB2B3B4B6B5B8B8BBF7
:108CC000BABDBFC06061FFFFC5C55858504FD2D272
:108CD000D0D07676C1C1FFFFFFFFFFFFFFFFFFFF90
:108CE000FFFFFFFFFFFFFFFFFFFFFFFFFFFFFFFF94
:108CF0007676585858575454FCF6F1EDFFFDA0A075
:108D0000FFFFFFFFFFFFFFFFFFFFFFFFFFFFFFFF73
:108D1000FFFFFFFFFFFFFFFFFFFFFFFFFFFFFFFF63
:108D2000FFFFFFFFFFFFFFFFFFFFFFFFFFFFFFFF53
:108D3000FFFFFFFF484A585AB2B1DDD8DAD6D8D47F
:108D4000D4D0D0CDCCC9C9C7D1CD6264FFFFFFFF5D
:108D5000FFFFFFFFFFFF52545A5CA4A69D9E999906
:108D6000939495979CA0A3A7A8AEA3AAC6C64F515B
:108D70005B5DB5C0BAC6BDC9C0CBC4CDC5CEC8CF7A
:108D8000CCD2CDD2D0D4D1D6D4D9D7D9DADCDCDE8E
:108D9000DDDCE1E0E4E3494BFFFFFFFFFFFFFFFF06
:108DA0009597585A5658D5D2EFE8D3CFD4D4FFFF71
:108DB000FFFFFFFFFFFFFFFFFFFFFFFFFFFFFFFFC3
:108DC00054565456FBF4F0EAEFE9CECB6265FFFF50
:108DD000FFFFFFFFFFFF989957595B5EEEE8EAE55A
:108DE000E9E3E7E2E6E1E5E0E3DEE2DF5A5CFFFF2C
:108DF000ADB0585A5052D7D2D0CDCDCACAC8C7C4C8
:108E0000C5C2C2C0BFBE5455FFFFACAD585A525484
:108E1000ADACA6A5A1A29F9E9B9C97989394959775
:108E20005B5FCDCF585A5153B0B8AFBAB3BEB6C2DC
:108E3000B8C4BBC6BDC7C0CA6162FFFFC5C5585A2A
:108E40004F51D2D7D0D57678C1C2FFFFFFFFFFFFC9
:108E5000FFFFFFFFFFFFFFFFFFFFFFFFFFFFFFFF22
:108E6000FFFFFFFF7677585A57595456F6F1EDE950
:108E7000FDF6A0A1FFFFFFFFFFFFFFFFFFFFFFFFCA
:108E8000FFFFFFFFFFFFFFFFFFFFFFFFFFFFFFFFF2
:108E9000FFFFFFFFFFFFFFFFFFFFFFFFFFFFFFFFE2
:108EA000FFFFFFFFFFFFFFFF4A4A5858B5B6E3E058
:108EB000DFDDDDDAD9D7D6D4D3D0CFCCD6D462613A
:108EC000FFFFFFFFFFFFFFFFFFFF5353595AAAA900
:108ED000A2A19D9C9898949397979D9CA3A29FA0D4
:108EE000C6C64F4F5A5BB1B3B5B8B9BBBDBEC0C162
:108EF000C2C3C6C6C9C9CCCCCFCFD2D0D4D1D6D5A7
:108F0000D8D7DCD9DEDCE0DEE6E34949FFFFFFFF2E
:108F1000FFFFFFFF494958584B4BFDF8F1EDFFFCAF
:108F20004C4DFFFFFFFFFFFFFFFFFFFFFFFFFFFFB6
:108F3000FFFFFFFF54545454FEFBF4F0F4F0F3EF42
:108F4000D0CE5F5FFFFFFFFFFFFF989858575B5B36
:108F5000F3EEEFECEDEAECEAEBE7EBE5E8E5E6E46F
:108F60005958FFFFABAB56564F50DBD8D5D3D3D0B3
:108F7000D0CDCCCACAC7C7C5C4C25453FFFFACAC1E
:108F800058585252B2AFAAA9A7A6A2A19F9E9C9BD5
:108F9000979793925A5ABCBC58585251ABACABAE4F
:108FA000AFB1B1B4B2B6B5B8B9BBBBBD6060FFFF7D
:108FB000C5C55858504FD0D0CDCDD4D34748FFFF6A
:108FC000FFFFFFFFFFFFFFFFFFFFFFFFFFFFFFFFB1
:108FD000FFFFFFFFFFFFD4D4585858585858B5B476
:108FE000EFECF2EDFFFCA0A0FFFFFFFFFFFFFFFF94
:108FF000FFFFFFFFFFFFFFFFFFFFFFFFFFFFFFFF81
:10900000FFFFFFFFFFFFFFFFFFFFFFFFFFFFFFFF70
:10901000FFFFFFFFFFFFFFFFFFFFFFFF4A4C585A14
:10902000B6B4E0DADDD8DAD5D7D4D4D0D0CDCCC838
:10903000D4D16164FFFFFFFFFFFFFFFFFFFF535528
:109040005A5CA9AAA1A29C9D9899939497989CA1D7
:10905000A2A7A0A5C6C64F515B5DB3BFB8C4BBC62F
:10906000BEC8C1CBC3CCC6CEC9D0CCD2CFD4D0D44D
:10907000D1D7D5D9D7D9D9DCDCDDDEDEE3E2494B67
:10908000FFFFFFFFFFFFFFFF494C585A4B4EF8F21E
:10909000EDE9FCF54D4FFFFFFFFFFFFFFFFFFFFF77
:1090A000FFFFFFFFFFFFFFFF54565456FBF3F0EAAC
:1090B000F0EAEFE9CECB5F61FFFFFFFFFFFF98997A
:1090C00057595B5EEEE8ECE6EAE4EAE3E7E2E5E066
:1090D000E5DFE4DF585AFFFFABAC56585051D8D506
:1090E000D3CFD0CDCDCACAC8C7C5C5C2C2BF5356DB
:1090F000FFFFACAD585A5254AFB0A9A9A6A5A1A381
:109100009E9E9B9C979892935A5DBCBD585A515312
:10911000ACB3AEB4B1BBB4BFB6C3B8C5BBC6BDC7B4
:109120006062FFFFC5C5585A4F51D0D6CDD2D3D8B3
:10913000484AFFFFFFFFFFFFFFFFFFFFFFFFFFFFAB
:10914000FFFFFFFFFFFFFFFFFFFFD4D5585A585A1C
:10915000585AB4B2ECE7EDE7FCF6A0A1FFFFFFFF21
:10916000FFFFFFFFFFFFFFFFFFFFFFFFFFFFFFFF0F
:10917000FFFFFFFFFFFFFFFFFFFFFFFFFFFFFFFFFF
:10918000FFFFFFFFFFFFFFFFFFFFFFFFFFFFFFFFEF
:109190004A4A5858B5B5E5E1E1DEDEDDDDD9D9D67C
:1091A000D5D4D3CFDAD76261FFFFFFFFFFFFFFFF08
:1091B000FFFF5353595AAFADA6A5A2A19E9D989704
:1091C000939298979B9E9A9AC5C54949595AAFB1AF
:1091D000B5B7B6B8B9BBBDBEC0C1C3C3C7C7C9C99F
:1091E000CDCDCFCFD2D1D5D3D6D5D9D8DAD8DEDC34
:1091F000E4E04949FFFFFFFFFFFFFDFD55555656CF
:109200006C6DF2EDF2ECF1ED6060FFFFFFFFFFFF30
:10921000FFFFFFFFFFFFFFFFFFFFFFFF5454505111
:10922000FEFBF4F0F4F0F4F0F3EFD0CE5A5AFFFF67
:10923000FFFF989858575B5BF3EFF1ECEFECECEA2B
:10924000ECE8EAE7EAE5E9E65757FFFF9696565657
:109250004E50DFDCD8D5D6D3D3D0CFCCCCCACAC7FA
:10926000C7C45454FFFFACAC58585353B4B3AFAC5D
:10927000AAA9A6A5A3A19F9E9B9B97985959BCBC40
:1092800058585152A8A9A8AAABAEAFB2B1B5B5B75C
:10929000B5B8B8BB5F60FFFFC5C55858514FCDCDBD
:1092A000CBCBCECEDDDC3737FFFFFFFFFFFFFFFF6D
:1092B000FFFFFFFFFFFFFFFFFFFFFFFFFFFF535316
:1092C000585857596565F0ECF0ECF0EDFFFBA0A0A5
:1092D000FFFFFFFFFFFFFFFFFFFFFFFFFFFFFFFF9E
:1092E000FFFFFFFFFFFFFFFFFFFFFFFFFFFFFFFF8E
:1092F000FFFFFFFFFFFFFFFFFFFFFFFFFFFFFFFF7E
:10930000FFFFFFFF4A4C585AB5B4E1DDDEDADDD786
:10931000D9D5D6D3D4CFCFCCD7D46164FFFFFFFF4C
:10932000FFFFFFFFFFFF53555A5CADADA5A6A1A1FE
:109330009D9D9798929397989EA19A9FC5C6494BD9
:109340005A5CB1BBB7C2B8C4BBC6BEC9C1CAC3CCE4
:10935000C7CFC9D0CDD3CFD4D1D4D3D7D5D9D8DAEC
:10936000D8DBDCDEE0E0494BFFFFFFFFFFFFFDFC49
:10937000555756586D6FEDE8ECE8EDEA6063FFFF76
:10938000FFFFFFFFFFFFFFFFFFFFFFFFFFFFFFFFED
:1093900054565153FBF4F0EAF0EAF0EAEFE9CECB91
:1093A0005A5BFFFFFFFF989957595B5EEFEAECE5C8
:1093B000ECE6EAE4E8E3E7E2E5E0E6DF5758FFFF42
:1093C000969856585051DCD8D5D2D3D0D0CDCCCAEF
:1093D000CAC8C7C4C4C25455FFFFACAD585A535491
:1093E000B3B3ACACA9A9A5A6A1A29E9E9B9B98973E
:1093F000595DBCBD585A5253A9AFAAB0AEB6B2BB64
:10940000B5BFB7C3B8C5BBC76062FFFFC5C5585A73
:109410004F51CDD4CBD1CED2DCE13739FFFFFFFFA6
:10942000FFFFFFFFFFFFFFFFFFFFFFFFFFFFFFFF4C
:10943000FFFF5355585A595B6567ECE7ECE7EDE8D9
:10944000FBF5A0A1FFFFFFFFFFFFFFFFFFFFFFFFF7
:10945000FFFFFFFFFFFFFFFFFFFFFFFFFFFFFFFF1C
:10946000FFFFFFFFFFFFFFFFFFFFFFFFFFFFFFFF0C
:10947000FFFFFFFFFFFFFFFF4A4A5858B8B6E6E379
:10948000E4E1E2DFDFDDDCD9D9D6D5D4DEDB616112
:10949000FFFFFFFFFFFFFFFFFFFF5353595AB3B218
:1094A000AAA9A6A5A2A29D9C9797929298989696F3
:1094B000B8B8FFFF57576A6B6A6B6C6C6E6E6A695F
:1094C000C2C3C1C2C3C4C6C6CACACCCCCFCFD2D015
:1094D000A09F73747473737475754747FFFFFFFF24
:1094E000FFFF878758585757E2DFF0ECF1EDF1ECBA
:1094F000DBD8C3C3FFFFFFFFFFFFFFFFFFFFFFFF3F
:10950000FFFFFFFF54545051FEFBF4F0F4F0F4F071
:10951000F4F0F3EFDAD85959FFFF989858575C5C8C
:10952000F3F0F1ECF1EBEFECEDEBECE9E9E7EBE775
:109530005856FFFF96965656504EE0DCDBD9D9D5EB
:10954000D4D3D2CFCFCCCACAC9C65454FFFFACAC17
:1095500058585353B7B7B1B0ADACAAA8A6A5A3A1AC
:109560009E9D9B9A595ABCBC58585252A4A5A5A678
:10957000A9A9ACAFAEB2B2B5B4B7B6B95F5FFFFFE1
:10958000C5C55858514FCACAC9C9CCCCCECEDBD9F3
:109590003F3FFFFFFFFFFFFFFFFFFFFFFFFFFFFF5B
:1095A000FFFFFFFF4545585857574343F3F0EEEB95
:1095B000F0ECF0ECFEFBA0A0FFFFFFFFFFFFFFFFC2
:1095C000FFFFFFFFFFFFFFFFFFFFFFFFFFFFFFFFAB
:1095D000FFFFFFFFFFFFFFFFFFFFFFFFFFFFFFFF9B
:1095E000FFFFFFFFFFFFFFFFFFFFFFFF4A4C585A3F
:1095F000B6B5E3DEE1DEDFDADDD8D9D5D6D3D4CF18
:10960000DBD76164FFFFFFFFFFFFFFFFFFFF535545
:109610005A5CB2B2A9A9A5A5A2A19C9D97989293C4
:10962000989A9699B8B9FFFF57596B6E6B6F6C702B
:109630006E72696DC3CFC2CAC4CCC6CECAD0CCD2FA
:10964000CFD4D0D39FA3747573757475757747495C
:10965000FFFFFFFFFFFF8787585A5759DFDDECE711
:10966000EDE8ECE7D8D5C3C4FFFFFFFFFFFFFFFF26
:10967000FFFFFFFFFFFFFFFF54565153FBF4F0EADB
:10968000F0EAF0EAF0EAEFE9D8D4595BFFFF9899E5
:1096900057595C5DF0E9ECE8EBE5ECE6EBE4E9E377
:1096A000E7E2E7E25659FFFF969856584E52DCD84B
:1096B000D9D5D5D3D3CECFCCCCC9CAC8C6C55457BB
:1096C000FFFFACAD585A5355B7B6B0B0ACADA8A972
:1096D000A5A6A1A29D9E9A9A5A5CBCBD585A525406
:1096E000A5A8A6ACA9B1AFB7B2BCB5C0B7C3B9C540
:1096F0005F63FFFFC5C5585A4F51CAD3C9CFCCD2FB
:10970000CED2D9DF3F42FFFFFFFFFFFFFFFFFFFF8A
:10971000FFFFFFFFFFFFFFFF4547585A57594346DA
:10972000F0ECEBE7ECE7ECE7FBF5A0A1FFFFFFFFB8
:10973000FFFFFFFFFFFFFFFFFFFFFFFFFFFFFFFF39
:10974000FFFFFFFFFFFFFFFFFFFFFFFFFFFFFFFF29
:10975000FFFFFFFFFFFFFFFFFFFFFFFFFFFFFFFF19
:109760004A4A5858B9B8E9E5E6E2E4E2E2DFDFDD6B
:10977000DDDAD8D5E2DF6161FFFFFFFFFFFFFFFF0A
:10978000FFFF5353595AB6B5AEADAAA9A6A5A2A1DB
:109790009C9A989792929190B8B8FFFFFFFFFFFFB5
:1097A000FFFFF8F857575151C1C2BEBEC1C1C4C373
:1097B000C7C7CACACCCDCFCE8D8DFFFFFFFFFFFF3D
:1097C000FFFFFFFFFFFFFFFFFFFF48485858494AD0
:1097D000F6F2EEEBEFEBF1EDFEF84646FFFFFFFF92
:1097E000FFFFFFFFFFFFFFFFFFFFFFFF545450513C
:1097F000FEFBF4F0F4F0F4F0F4F0F4F0F3EFDAD868
:109800005454A0A058575F60F4F0F1EDF1ECF1EC86
:10981000EFECECEAECE8EBE95857FFFF969656566A
:109820004F4FE1E0DDDADBD8D9D6D4D3D3D0CFCCDB
:10983000CBCA5554FFFFACAC58585151BCBAB4B464
:10984000B0AFAEADAAA8A6A5A3A1A09F5555BCBC1C
:10985000585853539F9FA1A2A5A7A8ABADAFB0B2D4
:10986000B2B4B3B75E5FFFFFC5C558585150C9C900
:10987000C6C6C9C9CBCBCDCDB0B07A7AFFFFFFFF4A
:10988000FFFFFFFFFFFFFFFFFFFF40405858575704
:109890004848FDFAECE9EDEAEDEBF0ECFEFAA0A0A9
:1098A000FFFFFFFFFFFFFFFFFFFFFFFFFFFFFFFFC8
:1098B000FFFFFFFFFFFFFFFFFFFFFFFFFFFFFFFFB8
:1098C000FFFFFFFFFFFFFFFFFFFFFFFFFFFFFFFFA8
:1098D000FFFFFFFF4A4C585AB8B7E5E0E2DDE2DE91
:1098E000DFDADDD8DAD6D5D2DFDB6164FFFFFFFF38
:1098F000FFFFFFFFFFFF53555A5CB5B6ADADA9A9F9
:10990000A5A5A1A19A9C979892939093B8B9FFFFAF
:10991000FFFFFFFFFFFFF8F857595152C2CEBEC9F3
:10992000C1CAC3CCC7CFCACFCDD2CED38D90FFFF93
:10993000FFFFFFFFFFFFFFFFFFFFFFFFFFFF484BA2
:10994000585A4A4CF2EEEBE7EBE6EDE8F8F24649FE
:10995000FFFFFFFFFFFFFFFFFFFFFFFFFFFFFFFF17
:1099600054565153FBF4F0EAF0EAF0EAF0EAF0EA78
:10997000EFE9D8D45456A0A157596062F0EAEDE758
:10998000ECE8ECE5ECE6EAE4E8E3E9E45759FFFF4C
:10999000969856584F52E0DBDAD7D8D4D6D3D3CEE8
:1099A000D0CDCCC9CAC85456FFFFACAD585A51559A
:1099B000BAB9B4B2AFB0ADADA8A9A5A5A1A29F9EFA
:1099C0005557BCBD585A53559FA3A2A6A7ABABB2DF
:1099D000AFB6B2BCB4BFB7C35F63FFFFC5C5585ACB
:1099E0005051C9D1C6CFC9CECBD1CDD2B0B57A7B7B
:1099F000FFFFFFFFFFFFFFFFFFFFFFFFFFFF4042F3
:109A0000585A5759484BFAF7E9E6EAE6EBE7ECE72C
:109A1000FAF4A0A1FFFFFFFFFFFFFFFFFFFFFFFF23
:109A2000FFFFFFFFFFFFFFFFFFFFFFFFFFFFFFFF46
:109A3000FFFFFFFFFFFFFFFFFFFFFFFFFFFFFFFF36
:109A4000FFFFFFFFFFFFFFFF4A4A5858BAB8EAE698
:109A5000E9E5E6E3E4E2E3DFDFDDDDD9E6E26161EB
:109A6000FFFFFFFFFFFFFFFFFFFF5353595ABBBA32
:109A7000B3B2B0ADAAA9A6A6A1A09C9B97978A8DC8
:109A8000B8B8FFFFFFFFFFFFFFFFEBEB5757515148
:109A9000BDC0BABBBEBFC1C1C4C4C7C7CACACCCC93
:109AA0008C8DF7F7FFFFFFFFFFFFFFFFFFFFFFFFBB
:109AB000F0F0565657578182EAE7ECE8EDEBEFEB12
:109AC000F1ED6767FFFFFFFFFFFFFFFFFFFFFFFFF6
:109AD000FFFFFFFF54545051FEFBF4F0F4F0F4F09C
:109AE000F4F0F4F0F4F0F3EFDCD94F4F5757626124
:109AF000F3EFF3EFF0EDF1ECF1EBEFECEDEBEDEA82
:109B00005857FFFF969656564F4FE5E2DFDDDEDBF6
:109B1000DBD8D9D5D5D4D3D0D0CD5455FFFFACACFC
:109B200058585252BFBEB7B7B4B3B1B1ADABA9A983
:109B3000A5A4A3A25353BCBC585852539A9A9C9CB8
:109B4000A1A2A6A7AAABACAEB0B2B2B65F60FFFF4F
:109B5000C5C558585150C6C7C3C4C6C6C8C8CBCB64
:109B6000CECE7272CBCBFFFFFFFFFFFFFFFFFFFFE9
:109B70007D7D585857585555F2EFE7E4E9E6ECE992
:109B8000ECE8EDEAFDFAA0A0FFFFFFFFFFFFFFFFFB
:109B9000FFFFFFFFFFFFFFFFFFFFFFFFFFFFFFFFD5
:109BA000FFFFFFFFFFFFFFFFFFFFFFFFFFFFFFFFC5
:109BB000FFFFFFFFFFFFFFFFFFFFFFFF4A4C585A69
:109BC000B8B7E6E1E5E0E3DEE2DEDFD9DDD7D9D5FF
:109BD000E2DE6164FFFFFFFFFFFFFFFFFFFF535562
:109BE0005A5CBAB9B2B2ADADA9A9A6A5A0A09B9C7A
:109BF00097988D8EB8B9FFFFFFFFFFFFFFFFEBEADD
:109C000057595152C0CCBBC6BFC9C1C9C4CCC7CEBD
:109C1000CAD0CCD28D8FF7F7FFFFFFFFFFFFFFFF0A
:109C2000FFFFFFFFF0F0565957598283E7E4E8E65B
:109C3000EBE7EBE6EDE86769FFFFFFFFFFFFFFFFE4
:109C4000FFFFFFFFFFFFFFFF54565153FBF4F0EA05
:109C5000F0EAF0EAF0EAF0EAF0EAEFE9D9D54F519C
:109C600057596164EFE9EFE9EDE7ECE8EBE5ECE685
:109C7000EBE4EAE45759FFFF969856584F52E2DD5D
:109C8000DDD8DBD7D8D4D5D3D4CFD0CDCDC9555698
:109C9000FFFFACAD585A5254BEBDB7B6B3B2B1B166
:109CA000ABACA9A8A4A5A2A35355BCBD585A535503
:109CB0009A9C9CA0A2A6A7ADABB2AEB7B2BCB6C1EF
:109CC0006062FFFFC5C5585A5051C7CFC4CCC6CE3D
:109CD000C8D0CBD1CED27274CBCDFFFFFFFFFFFF38
:109CE000FFFFFFFF7D7F585A585A5557EFEDE4E3C9
:109CF000E6E3E9E6E8E6EAE7FAF4A0A1FFFFFFFF02
:109D0000FFFFFFFFFFFFFFFFFFFFFFFFFFFFFFFF63
:109D1000FFFFFFFFFFFFFFFFFFFFFFFFFFFFFFFF53
:109D2000FFFFFFFFFFFFFFFFFFFFFFFFFFFFFFFF43
:109D30004A4A5858BAB9EBE7EBE7E7E5E6E3E4E16E
:109D4000E2DFDFDCEAE56060FFFFFFFFFFFFFFFF10
:109D5000FFFF5353595ABFBDB7B5B2B1AEADAAA9B3
:109D6000A4A4A0A09B9A908FB6B6FFFFFFFFFFFFB1
:109D7000FFFFEBEB57575151BCBEB5B9BABCBDBEE6
:109D8000C0C2C4C3C7C7CACA8C8CF7F7FFFFFFFFA6
:109D9000FFFFFFFFFFFFFFFF6C6C58585656E9E7C7
:109DA000E9E6EBE8ECE9EDEAEFEBE7E5ADADFFFF67
:109DB000FFFFFFFFFFFFFFFFFFFFFFFF5454505166
:109DC000FEFBF4F0F4F0F4F0F4F0F4F0F4F0F4F05E
:109DD000F3EFE7E552516261F5F1F3EFF3EFEFEDE9
:109DE000F1ECF1EBF0ECEEEC5858FFFF969656567E
:109DF0004F4FE7E4E2DFDFDDDEDBDAD8D8D4D5D3BE
:109E0000D4D15454FFFFACAC58585252C2BFBCBA64
:109E1000B8B6B5B3B0B0ADACA9A8A7A65353BCBCF7
:109E200058585353949398989C9DA1A3A6A7A9AB67
:109E3000ADAFB0B25F5FFFFFC5C558584F4FC3C449
:109E4000C2C2C4C5C6C6C9C9CBCBD3D24545FFFF24
:109E5000FFFFFFFFFFFFD0D0585858585858B3B3F2
:109E6000E5E1E6E3E7E4E9E6EBE9ECE9FCF9A0A0EB
:109E7000FFFFFFFFFFFFFFFFFFFFFFFFFFFFFFFFF2
:109E8000FFFFFFFFFFFFFFFFFFFFFFFFFFFFFFFFE2
:109E9000FFFFFFFFFFFFFFFFFFFFFFFFFFFFFFFFD2
:109EA000FFFFFFFF4A4C585AB9B7E7E2E7E2E5DFA8
:109EB000E3DEE1DEDFDADCD8E5E06062FFFFFFFF32
:109EC000FFFFFFFFFFFF53555A5CBDBCB5B5B1B1F5
:109ED000ADADA9A9A4A4A09F9A9B8F90B6B7FFFF90
:109EE000FFFFFFFFFFFFEBEA57595152BECAB9C44B
:109EF000BCC6BEC8C2C9C3CBC7CECAD08C8FF7F709
:109F0000FFFFFFFFFFFFFFFFFFFFFFFF6C6F585AD0
:109F10005658E7E4E6E3E8E5E9E6EAE7EBE6E5E1FB
:109F2000ADAEFFFFFFFFFFFFFFFFFFFFFFFFFFFFE4
:109F300054565153FBF4F0EAF0EAF0EAF0EAF0EAA2
:109F4000F0EAF0EAEFE9E5DF51546164F1EBEFE9A3
:109F5000EFE9EDE7ECE8EBE5ECE6ECE55858FFFF60
:109F6000969856584F51E4E0DFDBDDD9DBD7D8D4E3
:109F7000D4D2D3CFD1CE5456FFFFACAD585A5254A1
:109F8000BFBEBAB9B6B6B3B2B0B0ACACA8A8A6A6BC
:109F90005355BCBD585A5355939498999DA0A3A866
:109FA000A7ADABB2AFB7B2BC5F62FFFFC5C5585A31
:109FB0004F51C4CFC2CAC5CCC6CEC9CFCBD1D2D7E0
:109FC0004547FFFFFFFFFFFFFFFFD0D1585A585A08
:109FD000585AB3B3E1E0E3E1E4E3E6E3E9E6E9E5B7
:109FE000F9F4A0A1FFFFFFFFFFFFFFFFFFFFFFFF4F
:109FF000FFFFFFFFFFFFFFFFFFFFFFFFFFFFFFFF71
:10A00000FFFFFFFFFFFFFFFFFFFFFFFFFFFFFFFF60
:10A01000FFFFFFFFFFFFFFFF4A4A5858BABAEDEAB9
:10A02000ECE7EBE7E8E5E6E3E4E1E1DEEDE97272B7
:10A03000FFFFFFFFFFFFFFFFFFFF5353595AC2C14E
:10A04000BAB8B6B5B1B1AEADA9A7A4A4A09F93927A
:10A05000D7D7FFFFFFFFFFFFFFFFEBEB5757515134
:10A06000B9BCB4B8B7B9BBBCBFC0C2C2C4C5C7C70E
:10A070008B8CF7F7FFFFFFFFFFFFFFFFFFFFFFFFE7
:10A080004B4B58584949EBE8E7E4E8E6EBE9ECE9E3
:10A09000EDEAF9F43C3DFFFFFFFFFFFFFFFFFFFF8D
:10A0A000FFFFFFFF54545051FDF9F2F0F4F0F4F0CB
:10A0B000F4F0F4F0F4F0F4F0F4F0F3EFE8E55C5CC5
:10A0C000F5F1F4F0F3EFF3EFEFEDF1ECF1EBF0EC91
:10A0D0005757FFFF969656564F4FEAE5E4E1E2DF09
:10A0E000DFDDDEDBDBD8D8D4D5D35555FFFFACACF4
:10A0F00058585252C5C2BEBCBBB9B8B7B4B3B0B160
:10A10000ADACAAA95253BCBC5858535397979292DE
:10A110009A989D9EA2A3A6A7A9AAAEAF5C5DFFFFD9
:10A12000B5B558584F4FC1C1BFC0C1C2C4C4C7C7DD
:10A13000C9C9CCCCDBDB3837FFFFFFFFFFFF535330
:10A1400058585858696AE2DFE3E0E4E2E6E3E8E5FC
:10A15000E8E7EBE8FBF8A0A0FFFFFFFFFFFFFFFF32
:10A16000FFFFFFFFFFFFFFFFFFFFFFFFFFFFFFFFFF
:10A17000FFFFFFFFFFFFFFFFFFFFFFFFFFFFFFFFEF
:10A18000FFFFFFFFFFFFFFFFFFFFFFFF4A4C585A93
:10A19000BAB9EAE4E7E3E7E2E5E0E3DEE1DCDEDAF0
:10A1A000E9E37274FFFFFFFFFFFFFFFFFFFF53555F
:10A1B0005A5CC1BEB8B7B5B4B1B1ADADA7A7A4A341
:10A1C0009F9F9294D7D8FFFFFFFFFFFFFFFFEBEAAF
:10A1D00057595153BCC8B8C3B9C5BCC6C0C9C2CB16
:10A1E000C5CCC7CE8C8EF7F7FFFFFFFFFFFFFFFF49
:10A1F000FFFFFFFF4B4D585A494BE8E7E4E2E6E228
:10A20000E9E5E9E5EAE7F4EF3D3FFFFFFFFFFFFF88
:10A21000FFFFFFFFFFFFFFFF54565153F9F3F0EA32
:10A22000F0EAF0EAF0EAF0EAF0EAF0EAF0EAEFE960
:10A23000E5E15C5FF1EBF0EAEFE9EFE9EDE7ECE790
:10A24000EBE5ECE75758FFFF969856584F50E5DF7F
:10A25000E1DCDFDADDD8DBD7D8D4D4D2D3CE555782
:10A26000FFFFACAD585A5254C2C2BCBBB9B9B7B665
:10A27000B3B2B1B0ACACA9A95355BCBD585A5355F3
:10A2800097989293989A9EA2A3A8A7AEAAB2AFB9A4
:10A290005D5FFFFFB5B7585A4F50C1CDC0CAC2CAA3
:10A2A000C4CCC7CFC9CFCCD2DBE1373AFFFFFFFF29
:10A2B000FFFF5355585A585A6A6BDFDFE0DFE2E17F
:10A2C000E3E1E5E2E7E4E8E6F8F3A0A1FFFFFFFF42
:10A2D000FFFFFFFFFFFFFFFFFFFFFFFFFFFFFFFF8E
:10A2E000FFFFFFFFFFFFFFFFFFFFFFFFFFFFFFFF7E
:10A2F000FFFFFFFFFFFFFFFFFFFFFFFFFFFFFFFF6E
:10A300004A4A5858BCBAEFEBEDEAEBE7EAE5E7E476
:10A31000E6E3E3E0EDEB7171FFFFFFFFFFFFFFFFFF
:10A32000FFFF5353595AC7C5BEBCBAB8B6B5B2B190
:10A33000ADACA9A8A4A39798D6D6FFFFFFFFFFFF57
:10A34000FFFFEBEB57575151B6B8B3B5B4B7B7BA37
:10A35000BBBCBFBFC2C2C4C38989F7F7FFFFFFFF01
:10A36000FFFFFFFFFFFFDEDE575757579291E3E0F5
:10A37000E6E3E7E4E8E6EBE8ECE8EEEA7D7DFFFF04
:10A38000FFFFFFFFFFFFFFFFFFFFFFFF5454505190
:10A39000FDFAF3EEF3F0F4F0F4F0F4F0F4F0F4F08E
:10A3A000F4F0F4F0F3EFEBE8F4F0F4F0F4F0F3EFA2
:10A3B000F3EFF0EDF1ECF2EC5353FFFF96965656A7
:10A3C0004E4FEBE8E7E2E4E1E1DFDFDDDDD9DAD8AB
:10A3D000D8D55353FFFF9D9D58585152C9C7C1BF8F
:10A3E000BEBCBBB9B8B6B4B3B0AFADAC5353BCBCD4
:10A3F000585853539C9B969591929B9A9D9EA3A4CB
:10A40000A7A7AAAB5C5CFFFFB5B558584F4FBEBFBE
:10A41000BCBDC0C1C1C2C4C5C7C6CACACCCCD8D8CD
:10A420004141FFFF4444585858584545E2E0DFDEBB
:10A43000E2DFE3E0E5E2E6E3E8E5EAE6FAF7A7A72C
:10A44000FFFFFFFFFFFFFFFFFFFFFFFFFFFFFFFF1C
:10A45000FFFFFFFFFFFFFFFFFFFFFFFFFFFFFFFF0C
:10A46000FFFFFFFFFFFFFFFFFFFFFFFFFFFFFFFFFC
:10A47000FFFFFFFF4A4C585ABAB9EBE6EAE4E7E2BD
:10A48000E5E0E4DFE3DEE0DCEBE57173FFFFFFFF17
:10A49000FFFFFFFFFFFF53555A5CC5C3BCBBB8B7F6
:10A4A000B5B4B1B1ACACA8A7A3A39897D6D7FFFF1A
:10A4B000FFFFFFFFFFFFEBEA57595153B8C3B5C089
:10A4C000B7C4BAC6BCC7BFC9C2CBC3CB898DF7F767
:10A4D000FFFFFFFFFFFFFFFFFFFFDEDF5759575969
:10A4E0009193E0DFE3E2E4E2E6E3E8E5E8E6EAE7C9
:10A4F0007D7EFFFFFFFFFFFFFFFFFFFFFFFFFFFF6F
:10A5000054565154FAF2EEE8F0EAF0EAF0EAF0EAD2
:10A51000F0EAF0EAF0EAF0EAEFE9E8E4F0EAF0EA7B
:10A52000F0EAEFE9EFE9EDE7ECE7ECE65356FFFF81
:10A53000969856584F52E8E2E2DDE1DDDFD9DDD8EA
:10A54000D9D5D8D4D5D25354FFFF9D9E585A5254D2
:10A55000C7C4BFBFBCBBB9B9B6B6B3B2AFAFACAD81
:10A560005356BCBD585A53559B9C959592939A9CB3
:10A570009EA2A4A7A7AEABB45C5FFFFFB5B6585AC6
:10A580004F50BFCBBDC8C1CAC2CAC5CDC6CECAD046
:10A59000CCD2D8DE4144FFFF4446585A585A454869
:10A5A000E0E2DEDDDFE0E0DFE2E1E3E1E5E2E6E399
:10A5B000F7F3A7A9FFFFFFFFFFFFFFFFFFFFFFFF6D
:10A5C000FFFFFFFFFFFFFFFFFFFFFFFFFFFFFFFF9B
:10A5D000FFFFFFFFFFFFFFFFFFFFFFFFFFFFFFFF8B
:10A5E000FFFFFFFFFFFFFFFF4A4A5858BAB9F1EAE1
:10A5F000EFEAEDEAEBE7EAE6E7E4E7E1F1ED7171B6
:10A60000FFFFFFFFFFFFFFFFFFFF5353595ACAC76A
:10A61000C2BFBEBCB9B9B5B4B1AFACABA9A79C9B26
:10A62000D7D7FFFFFFFFFFFFFFFFEBEB575752525C
:10A63000B2B5B0B2B4B5B5B7B8BABBBDBFC0C1C290
:10A640008889F6F6FFFFFFFFFFFFFFFFFFFF626253
:10A6500058585455E5E3E1DEE4E1E5E3E7E4E8E6F4
:10A66000ECE9ECEAEFEB9F9FFFFFFFFFFFFFFFFF2F
:10A67000FFFFF6F655555051FCF8F3EFF3EEF3F00B
:10A68000F4F0F4F0F4F0F4F0F4F0F4F0F4F0F4F0AA
:10A69000F4F0F4F0F4F0F4F0F3EFF3EFEFEDF2EEAA
:10A6A0005353FFFF969656564E4FECE8E7E4E7E328
:10A6B000E3E0E2DFDFDDDCD9DAD95253FFFF9D9D15
:10A6C00058585151CBC9C5C3C0BEBEBCBAB8B7B645
:10A6D000B4B2B0B05353BCBC58585252A09F9999D1
:10A6E000949593929B9A9F9FA3A4A8A95C5DFFFF5A
:10A6F000B5B558584F4FBBBDB9BCBDBEBFC0C1C337
:10A70000C4C4C7C7CACACDCDABAB474758585757C3
:10A710004A4BECEADCD9DEDCDFDEE1DFE3E0E5E258
:10A72000E7E3E7E4F8F4B3B2FFFFFFFFFFFFFFFF4B
:10A73000FFFFFFFFFFFFFFFFFFFFFFFFFFFFFFFF29
:10A74000FFFFFFFFFFFFFFFFFFFFFFFFFFFFFFFF19
:10A75000FFFFFFFFFFFFFFFFFFFFFFFF4A4C585ABD
:10A76000B9B8EAE4EAE6EAE4E7E2E6E1E4DEE1DDFC
:10A77000EDE87173FFFFFFFFFFFFFFFFFFFF535582
:10A780005A5CC7C6BFBEBCBAB9B7B4B4AFAFABAB07
:10A79000A7A79B9CD7D8FFFFFFFFFFFFFFFFEBEAB8
:10A7A00057595253B5BEB2BDB5C1B7C3BAC5BDC77F
:10A7B000C0C9C2CB898DF6F6FFFFFFFFFFFFFFFF89
:10A7C000FFFF6264585A5557E3E3DEDFE1DFE3E25F
:10A7D000E4E3E6E3E9E6EAE5EBE89FA0FFFFFFFF3D
:10A7E000FFFFFFFFFFFFF6F655575154F8F2EFE772
:10A7F000EEE8F0EAF0EAF0EAF0EAF0EAF0EAF0EA8D
:10A80000F0EAF0EAF0EAF0EAF0EAF0EAEFE9EFE97C
:10A81000EDE7EEE85356FFFF969856584F51E8E3A0
:10A82000E4DFE3DDE0DCDFD9DDD8D9D5D9D5535578
:10A83000FFFF9D9E585A5154C9C5C3C0BEBEBCBB84
:10A84000B8B9B6B5B2B2B0B05355BCBD585A5255EE
:10A850009FA09999959692949A9B9FA3A4A8A9AF1B
:10A860005D5EFFFFB5B6585A4F50BDCABCC6BEC8E4
:10A87000C0CBC3CCC4CCC7CECAD0CDD3ABB0474A73
:10A88000585A57594B4DEAEDD9DBDCDDDEDDDFE010
:10A89000E0DFE2E2E3E1E4E2F4F0B2B3FFFFFFFF66
:10A8A000FFFFFFFFFFFFFFFFFFFFFFFFFFFFFFFFB8
:10A8B000FFFFFFFFFFFFFFFFFFFFFFFFFFFFFFFFA8
:10A8C000FFFFFFFFFFFFFFFFFFFFFFFFFFFFFFFF98
:10A8D0004A4A5858D5D3F1ECF0EBEDEAEDE9E9E757
:10A8E000E9E5E6E3F5F07171FFFFFFFFFFFFFFFF12
:10A8F000FFFF53535859CFCCC5C3C1C0BDBBB9B876
:10A90000B4B3B0AFACAB9F9ED6D6FFFFFFFFFFFF47
:10A91000FFFFEBEB57575151AEB0ACAFB2B4B3B58C
:10A92000B3B7B8BABCBCBFC08788FBFBFFFFFFFF53
:10A93000FFFFFFFFFFFF4D4D58584C4CE0DEDFDDC1
:10A94000E1DEE4E1E6E3E7E4E9E6EBE9F3F03C3CF1
:10A95000FFFFFFFFFFFFFFFFFFFFF6F655555051CA
:10A96000FCF8F1EEF3EFF3EEF3F0F4F0F4F0F4F0C2
:10A97000F4F0F4F0F4F0F4F0F4F0F4F0F4F0F4F0B7
:10A98000F3EFF3EFF3EFF1EE5454FFFF96965656C4
:10A990004E4EEEE9E9E5E7E4E7E2E3E0E1DEDEDDA5
:10A9A000DCD95352FFFF9D9D58585151CFCBC7C59D
:10A9B000C4C2C1BFBEBBBBB8B7B6B4B35353BCBCB3
:10A9C00058585151A3A29D9C9898949293939A9A07
:10A9D0009F9FA3A55C5DFFFFB5B55858504FB8BA0F
:10A9E000B7B9BABCBDBDC0C1C1C3C5C4C8C8C9C957
:10A9F000CDCD6A6A58585454DFDED6D6DAD8DBD9C2
:10AA0000DEDCE0DEE2DFE4E1E5E3E7E4F7F3B3B365
:10AA1000FFFFFFFFFFFFFFFFFFFFFFFFFFFFFFFF46
:10AA2000FFFFFFFFFFFFFFFFFFFFFFFFFFFFFFFF36
:10AA3000FFFFFFFFFFFFFFFFFFFFFFFFFFFFFFFF26
:10AA4000FFFFFFFF4A4C585AD3D0ECE7EBE5EAE5AD
:10AA5000E9E4E7E2E5E0E3DEF0EA7172FFFFFFFF21
:10AA6000FFFFFFFFFFFF5355595BCCCAC3C1C0BEF8
:10AA7000BBBAB8B8B3B3AFB0ABAB9E9FD6D8FFFFED
:10AA8000FFFFFFFFFFFFEBEA57595153B0B8AFB7D5
:10AA9000B4BEB5C1B7C4BAC6BCC8C0CA888BFBFBBC
:10AAA000FFFFFFFFFFFFFFFFFFFF4D4F585A4C4EC8
:10AAB000DEE0DDDDDEE0E1E0E3E2E4E2E6E3E9E67C
:10AAC000F0EC3C3EFFFFFFFFFFFFFFFFFFFFF6F64E
:10AAD00055575154F8F2EEE8EFE8EEE8F0EAF0EA04
:10AAE000F0EAF0EAF0EAF0EAF0EAF0EAF0EAF0EA96
:10AAF000F0EAF0EAEFE9EFE9EFE9EEE85456FFFF9C
:10AB0000969856584E51E9E4E5E0E4DFE2DDE0DBFB
:10AB1000DEDADDD8D9D65255FFFF9D9E585A5153E3
:10AB2000CBC9C5C2C2C0BFBEBBBAB8B8B6B5B3B157
:10AB30005355BCBD585A5153A2A29C9D98999294CA
:10AB400093949A9D9FA3A5AA5D5FFFFFB5B6585A3F
:10AB50004F51BAC7B9C5BCC6BDC9C1CBC3CDC4CCA2
:10AB6000C8CEC9CFCDD36A6D585A5456DEE1D6D877
:10AB7000D8DBD9DBDCDDDEDDDFE0E1E0E3E2E4E2EF
:10AB8000F3EFB3B4FFFFFFFFFFFFFFFFFFFFFFFF88
:10AB9000FFFFFFFFFFFFFFFFFFFFFFFFFFFFFFFFC5
:10ABA000FFFFFFFFFFFFFFFFFFFFFFFFFFFFFFFFB5
:10ABB000FFFFFFFFFFFFFFFF4A4A5858D6D4F0EED1
:10ABC000F1ECF0ECEDEAECE8EAE7E9E5F5F27171B9
:10ABD000FFFFFFFFFFFFFFFFFFFF53535859D1D087
:10ABE000C9C7C6C3C1C0BEBBB9B8B4B3B1AFA3A1D6
:10ABF000D6D6FFFFFFFFFFFFFFFFEBEB575752518A
:10AC0000AAABA8AAADB0B0B2B4B6B5B8B8BBBBBD1C
:10AC10008686FBFBFFFFFFFFFFFFFFFFCFCF5757EE
:10AC20005758A3A3DBD8DDDBDFDCE1DFE4E1E5E3BC
:10AC3000E7E4E9E6EBE98B8CFFFFFFFFFFFFFFFF97
:10AC4000FFFFF6F655555051FBF6F1EDF1EDF3EF40
:10AC5000F3EEF4F0F4F0F4F0F4F0F4F0F4F0F4F0D7
:10AC6000F4F0F4F0F4F0F4F0F4F0F4F0F3EFF4F0C6
:10AC70005453FFFF969656565454EFEBEBE6E8E537
:10AC8000E6E3E6E1E3E0E1DEE1DE5353FFFF9D9D15
:10AC900058585151D1CDCBC7C7C5C5C3C1C0BEBA25
:10ACA000BAB9B8B65252BCBC58585251A7A5A1A0C7
:10ACB0009D9C9897959394949A9A9E9F5B5CFFFFB6
:10ACC000B5B55858504FB7B9B5B6B6B9B9BCBEBF8F
:10ACD000C0C1C1C2C5C4C7C7CACAD1D14647ACAC3E
:10ACE000D4D2D5D3D6D6DAD7DBD9DDDBE0DEE2DFCE
:10ACF000E3E0E4E3F4F1B3B3FFFFFFFFFFFFFFFF87
:10AD0000FFFFFFFFFFFFFFFFFFFFFFFFFFFFFFFF53
:10AD1000FFFFFFFFFFFFFFFFFFFFFFFFFFFFFFFF43
:10AD2000FFFFFFFFFFFFFFFFFFFFFFFF4A4C585AE7
:10AD3000D4CFEEE7ECE7ECE6EAE4E8E3E7E2E5E0CF
:10AD4000F2EB7172FFFFFFFFFFFFFFFFFFFF5355A5
:10AD5000595BD0CEC7C4C3C1C0BEBBBAB8B6B3B3CB
:10AD6000AFAFA1A2D6D7FFFFFFFFFFFFFFFFEBEAC8
:10AD700057595153ABB1AAB1B0B9B2BDB6C2B8C3FD
:10AD8000BBC6BDC8868CFBFBFFFFFFFFFFFFFFFFBD
:10AD9000CFD05759585AA3A5D8DBDBDCDCDDDFE088
:10ADA000E1E0E3E2E4E3E6E3E9E68C8DFFFFFFFFA9
:10ADB000FFFFFFFFFFFFF6F655575154F6F1EDE8A0
:10ADC000EDE8EFE7EEE8F0EAF0EAF0EAF0EAF0EAC0
:10ADD000F0EAF0EAF0EAF0EAF0EAF0EAF0EAF0EAA3
:10ADE000EFE9F0EA5356FFFF969856585457EBE6B2
:10ADF000E6E1E5DFE3DEE1DDE0DBDED9DED9535578
:10AE0000FFFF9D9E585A5153CDCBC7C5C5C2C3C085
:10AE1000C0BDBABAB9B8B6B65255BCBD585A5153EE
:10AE2000A5A5A0A09C9D9799939494949A9D9FA367
:10AE30005C5FFFFFB5B6585A4F51B9C6B6C2B9C527
:10AE4000BCC6BFC9C1CBC2CDC4CCC7CDCAD0D1D876
:10AE50004749ACB0D2D6D3D7D6D8D7DAD9DBDBDDE9
:10AE6000DEDDDFE0E0E0E3E2F1EEB3B4FFFFFFFFA1
:10AE7000FFFFFFFFFFFFFFFFFFFFFFFFFFFFFFFFE2
:10AE8000FFFFFFFFFFFFFFFFFFFFFFFFFFFFFFFFD2
:10AE9000FFFFFFFFFFFFFFFFFFFFFFFFFFFFFFFFC2
:10AEA0004A4A5858D6D4F3EFF0EDF1ECEFECECEA67
:10AEB000ECE9EAE7F9F37171FFFFFFFFFFFFFFFF26
:10AEC000FFFF53535859D5D3CCC9C9C6C5C3C1C058
:10AED000BCBCB8B9B4B4A6A6D6D6FFFFFFFFFFFF2F
:10AEE000FFFFEBEB57575252A6A6A4A6A9A9ADAFF8
:10AEF000B1B3B3B6B3B7B8BA8486FBFBFFFFFFFFAD
:10AF0000FFFFFFFF555558585352DFDED7D6DAD929
:10AF1000DDDBE0DDE3E0E3E0E5E4E8E5E9E6F3F0EE
:10AF20008D8DFFFFFFFFFFFFFFFFF6F655555051D8
:10AF3000F9F6F0EBF1EDF1EDF3EFF3EEF4F0F4F000
:10AF4000F4F0F4F0F4F0F4F0F4F0F4F0F4F0F4F0E1
:10AF5000F4F0F4F0F3EFF4F05453FFFF96965656E6
:10AF60005454F0EDECE8EBE6E9E5E6E3E7E2E4E093
:10AF7000E2DF5353FFFF9D9D58585051D4D1CDCAA5
:10AF8000CAC7C7C5C3C2C1BFBDBCBBB95252BCBC96
:10AF900058585151AAA9A4A2A1A09C9B98989493F7
:10AFA00094949A9C5C5CFFFFB5B558585050B6B865
:10AFB000B4B6B4B7B7B9BBBBBDBEC0C0C2C3C4C4CE
:10AFC000C7C7CACAD2D2CFCED1D0D4D2D5D2D7D584
:10AFD000D9D8DCDADEDCDFDDE2DFE3E0F3F0B3B3C7
:10AFE000FFFFFFFFFFFFFFFFFFFFFFFFFFFFFFFF71
:10AFF000FFFFFFFFFFFFFFFFFFFFFFFFFFFFFFFF61
:10B00000FFFFFFFFFFFFFFFFFFFFFFFFFFFFFFFF50
:10B01000FFFFFFFF4A4C585AD4CFEFE9EDE7ECE7CA
:10B02000ECE6EAE4E9E3E7E2F3ED7172FFFFFFFF2C
:10B03000FFFFFFFFFFFF5355595BD3D0C9C7C6C3FE
:10B04000C3C1C0BEBCBBB9B6B4B3A6A6D6D7FFFFBA
:10B05000FFFFFFFFFFFFEBEA57595254A6ABA6AC28
:10B06000A9B2AFB8B3BEB6C2B7C4BAC5868AFBFB35
:10B07000FFFFFFFFFFFFFFFF5557585A5254DEE115
:10B08000D6D8D9DBDBDDDDDDE0E0E0E0E4E2E5E2DF
:10B09000E6E3F0ED8D8FFFFFFFFFFFFFFFFFF6F60A
:10B0A00055575154F6F1EBE7EDE8EDE8EFE7EEE840
:10B0B000F0EAF0EAF0EAF0EAF0EAF0EAF0EAF0EAC0
:10B0C000F0EAF0EAF0EAF0EAEFE9F0EA5356FFFFBF
:10B0D000969856585455EDE7E8E3E6E1E5E0E3DFFE
:10B0E000E2DDE0DBDFDA5355FFFF9D9E585A5153F6
:10B0F000D1CECAC8C7C5C5C3C2BFBFBEBCBAB9B826
:10B100005254BCBD585A5153A9A9A2A3A0A09B9CBC
:10B110009899939494969C9C5C5FFFFFB5B6585A9F
:10B120005051B8C2B6C1B7C3B9C6BBC5BEC8C0CB03
:10B13000C3CDC4CCC7CECAD0D2D8CED3D0D4D2D629
:10B14000D2D6D5D8D8DADADBDCDDDDDCDFE0E0E052
:10B15000F0EEB3B4FFFFFFFFFFFFFFFFFFFFFFFFB6
:10B16000FFFFFFFFFFFFFFFFFFFFFFFFFFFFFFFFEF
:10B17000FFFFFFFFFFFFFFFFFFFFFFFFFFFFFFFFDF
:10B18000FFFFFFFFFFFFFFFF4A4A5858D6D4F2EEF9
:10B19000F3EFF0EDF1EDEFECEDEAEDE9FBF67372B4
:10B1A000FFFFFFFFFFFFFFFFFFFF53535859D9D6A3
:10B1B000D0CDCAC9C8C6C5C4C0BFBCBBB8B7A0A0A3
:10B1C000D7D7FFFFFFFFFFFFFFFFEBEB57575252B1
:10B1D0009EA0A1A1A5A7A9ACAEB0B1B3B4B6B5B8B5
:10B1E0007D7EFBFBFFFFFFFFFFFFFFFF5050575728
:10B1F0005757D6D4D5D4D8D7DAD8DDDBE0DDE2DFB7
:10B20000E4E1E6E3E8E4EFEB3C3CFFFFFFFFFFFF98
:10B21000FFFFF6F655555051F8F3EFECF1ECF2EC78
:10B22000F1EDF3EFF3EEF4F0F4F0F4F0F4F0F4F009
:10B23000F4F0F4F0F4F0F4F0F4F0F4F0F4F0F4F0EE
:10B240005453FFFF969656565454F1ECEDE9ECE654
:10B25000EBE6E9E5E6E4E6E3E5DF5453FFFF9D9D19
:10B2600058585150D7D4CFCBCCCACBC8C7C4C3C20F
:10B27000C0BFBEBC5353BCBC58585050ADACA7A6C1
:10B28000A4A3A09F9B9B9797939395955050FFFFE6
:10B29000B5B558585050B3B4B3B4B4B6B5B7B7BADF
:10B2A000BABCBEBFC1C1C2C3C5C5C8C8CACACCCC5E
:10B2B000CFCFD2D0D3D1D5D4D7D5DBD9DCD9DDDB34
:10B2C000E1DEE2DFF1EEB3B3FFFFFFFFFFFFFFFFC1
:10B2D000FFFFFFFFFFFFFFFFFFFFFFFFFFFFFFFF7E
:10B2E000FFFFFFFFFFFFFFFFFFFFFFFFFFFFFFFF6E
:10B2F000FFFFFFFFFFFFFFFFFFFFFFFF4A4C585A12
:10B30000D4CFEEE8EFE9EDE7EDE7ECE6EAE4E9E4D7
:10B31000F6F07275FFFFFFFFFFFFFFFFFFFF5355C2
:10B32000595BD6D3CDC9C9C7C6C4C4C0BFBDBBBB9A
:10B33000B7B6A0A1D7D8FFFFFFFFFFFFFFFFEBEAE3
:10B3400057595254A0A3A1A6A7ADACB2B0B9B3BD92
:10B35000B6C3B8C47E83FBFBFFFFFFFFFFFFFFFF09
:10B36000505257595759D4D8D4D8D7D8D8DBDBDC6A
:10B37000DDDCDFE0E1E0E3E1E4E2EBE73C3FFFFFBF
:10B38000FFFFFFFFFFFFF6F655575154F3EEECE5D4
:10B39000ECE7ECE8EDE8EFE7EEE8F0EAF0EAF0EAF7
:10B3A000F0EAF0EAF0EAF0EAF0EAF0EAF0EAF0EACD
:10B3B000F0EAF0E95356FFFF969856585455ECE8DA
:10B3C000E9E4E6E2E6E1E5E0E4DFE3DDDFDC535477
:10B3D000FFFF9D9E585A5053D4D0CBCACAC8C8C587
:10B3E000C4C3C2BFBFBDBCBB5355BCBD585A5053EC
:10B3F000ACACA6A7A3A39F9F9B9B9798939495966D
:10B400005052FFFFB5B6585A5051B4BEB4BEB6C282
:10B41000B7C3BAC5BCC6BFC8C1CBC3CCC5CDC8CEE7
:10B42000CAD0CCD2CFD3D0D4D1D6D4D7D5D8D9DAEC
:10B43000D9DADBDEDEDDDFE0EEEDB3B4FFFFFFFFE8
:10B44000FFFFFFFFFFFFFFFFFFFFFFFFFFFFFFFF0C
:10B45000FFFFFFFFFFFFFFFFFFFFFFFFFFFFFFFFFC
:10B46000FFFFFFFFFFFFFFFFFFFFFFFFFFFFFFFFEC
:10B470004A4A5858D6D4F4F0F3EFF3EFF0EEF1ED7A
:10B48000F0ECEDEBFCF77272FFFFFFFFFFFFFFFF39
:10B49000FFFF53535859DCDAD3D0CFCCCBC9C8C641
:10B4A000C3C2C0BFBCBBA3A3D7D7FFFFFFFFFFFF33
:10B4B000FFFFEBEB5757535398999B9CA1A2A5A76D
:10B4C000AAABAEB1B1B3B4B57678FBFBFFFFFFFF1B
:10B4D000FFFFB4B458585858B3B2D1CFD4D2D6D550
:10B4E000D8D6DCD9DDDBE0DDE3E0E5E2E6E3E8E564
:10B4F0009C9BF7F7FFFFFFFFFFFFF6F655555051F6
:10B50000F6F2ECE8EFECF1ECF2ECF1EDF3EFF2EF48
:10B51000F4F0F4F0F4F0F4F0F4F0F4F0F4F0F4F00B
:10B52000F4F0F4F0F4F0F5F15453FFFF969656560C
:10B530005354F3EEEEEAEDEAEBE7EBE6E9E6E6E399
:10B54000E8E44D4EFFFF9E9E58585151D9D7D3D0B5
:10B55000CFCCCCCAC9C7C6C4C4C1C1C15252BFBF77
:10B5600058585050B0AFABA9A7A6A3A29F9E9C9BD2
:10B57000989794935252FFFFB5B558585050AFB0BA
:10B58000AFB1B1B4B4B5B5B7B8B9BABCBEBFC0C13C
:10B59000C2C3C5C5C8C8CACACDCCCFCFD2D0D3D1FB
:10B5A000D5D3D7D5DAD9DDDADEDCE1DDE7E5B3B333
:10B5B000FFFFFFFFFFFFFFFFFFFFFFFFFFFFFFFF9B
:10B5C000FFFFFFFFFFFFFFFFFFFFFFFFFFFFFFFF8B
:10B5D000FFFFFFFFFFFFFFFFFFFFFFFFFFFFFFFF7B
:10B5E000FFFFFFFF4A4C585AD4CFF0EAEFE9EFE9EA
:10B5F000EEE8EDE7ECE6EBE4F7F27275FFFFFFFF34
:10B60000FFFFFFFFFFFF5355595BDAD6D0CDCCC902
:10B61000C9C7C6C4C2C0BFBDBBBAA3A4D7D8FFFFA9
:10B62000FFFFFFFFFFFFEBEA57595355999A9C9E86
:10B63000A2A5A7ACABB3B1B9B3BEB5C1787DFBFBD6
:10B64000FFFFFFFFFFFFB4B4585A585AB2B6CFD429
:10B65000D2D6D5D7D6D9D9DBDBDDDDDDE0E0E2E03F
:10B66000E3E1E5E19B9CF7F8FFFFFFFFFFFFF6F644
:10B6700055575154F2ECE8E4ECE5ECE6ECE8EDE883
:10B68000EFE7EFE9F0EAF0EAF0EAF0EAF0EAF0EAF0
:10B69000F0EAF0EAF0EAF0EAF0EAF1EB5356FFFFE5
:10B6A000969856585455EEE8EAE5EAE4E7E2E6E112
:10B6B000E6E0E3DEE4DF4E50FFFF9EA0585A515211
:10B6C000D7D2D0CDCCC8CAC8C7C5C4C3C1BFC1BEFC
:10B6D0005255BFC0585A5052AFAFA9AAA6A7A2A3AD
:10B6E0009E9E9B9C979893945254FFFFB5B6585AD0
:10B6F0005052B0B8B1BAB4BEB5C1B7C3B9C5BCC574
:10B70000BFC9C1CAC3CDC5CDC8CECAD0CCD2CFD493
:10B71000D0D4D1D6D3D7D5D8D9DADADBDCDEDDDEAA
:10B72000E5E4B3B4FFFFFFFFFFFFFFFFFFFFFFFFF5
:10B73000FFFFFFFFFFFFFFFFFFFFFFFFFFFFFFFF19
:10B74000FFFFFFFFFFFFFFFFFFFFFFFFFFFFFFFF09
:10B75000FFFFFFFFFFFFFFFF4A4A5858D6D4F4F01F
:10B76000F4F0F2EEF3EFF0EEF1ECF0ECFDFB7272C0
:10B77000FFFFFFFFFFFFFFFFFFFF53535859E0DDBF
:10B78000D6D4D2CFCFCCCBC8C9C5C4C1C0BFA6A563
:10B79000D7D7FFFFFFFFFFFFFFFFEBEB57575252DB
:10B7A000999895959C9CA1A2A6A8A9ACAEB0B2B45C
:10B7B0007677FBFBFFFFFFFFFFFF4F4F58585050BE
:10B7C000D5D4CFCDD2CFD4D2D6D5D9D7DCD9DEDC23
:10B7D000E1DDE2DFE5E2E6E3F1EF7D7DFFFFFFFF84
:10B7E000FFFFF6F655555052F3EFEBE7EDE9EFECBE
:10B7F000F0ECF2ECF2EEF3EFF3F1F4EFF4F0F4F03E
:10B80000F4F0F4F0F4F0F4F0F4F0F4F0F4F0F5F116
:10B810005453FFFF969656565354F3F0EFECECEA70
:10B82000ECEAEBE7EBE6E9E6E8E64E4DFFFFA1A127
:10B8300058595151DCD9D6D3D3CFCFCDCCC9C9C7F4
:10B84000C6C4C4C25252B0B05A5A5151B4B3AFAECA
:10B85000ABA9A6A5A3A1A09F9B9A97975151FFFFC3
:10B86000B5B558585150ABACACAEAFB1B1B3B4B63E
:10B87000B4B7B8B9BABDBEBFC1C2C2C3C6C6C7C7D6
:10B88000CBCBCECED0CFD2D1D4D2D5D3D6D6DAD997
:10B89000DDDBDEDDDEDDB3B3FFFFFFFFFFFFFFFF1C
:10B8A000FFFFFFFFFFFFFFFFFFFFFFFFFFFFFFFFA8
:10B8B000FFFFFFFFFFFFFFFFFFFFFFFFFFFFFFFF98
:10B8C000FFFFFFFFFFFFFFFFFFFFFFFF4A4C585A3C
:10B8D000D4CFF0EAF0EAEEE8EFE9EEE8ECE6ECE6E9
:10B8E000FBF47275FFFFFFFFFFFFFFFFFFFF5355E4
:10B8F000595BDDD9D4D0CFCCCCC9C8C6C5C3C1BF74
:10B90000BFBDA5A7D7D8FFFFFFFFFFFFFFFFEBEAF3
:10B9100057595255989995979CA0A2A6A8ADACB33B
:10B92000B0BAB4BE777CFBFBFFFFFFFFFFFF4F51B8
:10B93000585A5052D4DBCDD2CFD4D2D7D5D9D7DABA
:10B94000D9DBDCDDDDDEDFDFE2E0E3E1EFEB7D7EB6
:10B95000FFFFFFFFFFFFF6F655575254EFEAE7E10E
:10B96000E9E4ECE6ECE6ECE8EEE8EFE7F1EBEFE932
:10B97000F0EAF0EAF0EAF0EAF0EAF0EAF0EAF0EAF7
:10B98000F0EAF1EB5356FFFF969856585455F0E8FD
:10B99000ECE6EAE4EAE3E7E2E6E1E6E0E6E04D5081
:10B9A000FFFFA1A2595B5152D9D6D3D0CFCCCDC87D
:10B9B000C9C8C7C5C4C3C2BF5254B0B15A5C515202
:10B9C000B3B3AEACA9AAA5A6A1A39F9E9A9B979834
:10B9D0005154FFFFB5B6585A5052ACB3AEB4B1BAD9
:10B9E000B3BEB6C2B7C4B9C6BDC6BFCAC2CAC3CD4C
:10B9F000C6CEC7CECBD1CED2CFD4D1D4D2D6D3D748
:10BA0000D6D7D9DBDBDBDDDEDDDDB3B4FFFFFFFF47
:10BA1000FFFFFFFFFFFFFFFFFFFFFFFFFFFFFFFF36
:10BA2000FFFFFFFFFFFFFFFFFFFFFFFFFFFFFFFF26
:10BA3000FFFFFFFFFFFFFFFFFFFFFFFFFFFFFFFF16
:10BA40004A4A5858D6D4F4F0F4F0F4F0F2EEF2EF9B
:10BA5000F1EDF1ECFFFC7272FFFFFFFFFFFFFFFF54
:10BA6000FFFF52525555E4E0D9D6D5D3D2CFCFCC33
:10BA7000CBC8C7C5C4C2A8A8D7D7FFFFFFFFFFFF29
:10BA8000FFFFEBEB575751529E9E929296969C9DCC
:10BA9000A2A3A7A8AAABAEB07676FBFBFFFFFFFF81
:10BAA000FFFF535357575E5ECACACDCDD0CFD2D118
:10BAB000D4D2D6D5DAD8DBD9DEDBE1DEE2E0E5E2CE
:10BAC000EBE73F3FFFFFFFFFFFFFF6F655555052F4
:10BAD000F1ECE8E4EBE7EDE9EFECF0ECF2ECF2EEA0
:10BAE000CBC8FFFFF4F0F4F0F4F0F4F0F4F0F4F06D
:10BAF000F4F0F4F0F4F0F5F15453FFFF9696565637
:10BB00005353F3F0F1ECEFECECEAECEAEBE7EBE7A4
:10BB1000EAE74E4EFFFFC2C258585051DFDDD8D57C
:10BB2000D5D3D3D0CFCCCACAC8C6C7C55353B0B07B
:10BB300056564F4FB7B6B1B1AEADAAA8A6A5A3A1B0
:10BB40009F9E9B9A5151FFFFB5B558585151A7A8D8
:10BB5000A8AAABADAFB1B3B5B4B6B5B8B8BABBBCB3
:10BB6000BEBFC1C2C3C4C5C5C9C9CCCCCDCED0CE61
:10BB7000D2D0D5D3D5D3D8D6DBD9DCDADDDCB3B39C
:10BB8000FFFFFFFFFFFFFFFFFFFFFFFFFFFFFFFFC5
:10BB9000FFFFFFFFFFFFFFFFFFFFFFFFFFFFFFFFB5
:10BBA000FFFFFFFFFFFFFFFFFFFFFFFFFFFFFFFFA5
:10BBB000FFFFFFFF4A4C585AD4CFF0EAF0EAF0EA10
:10BBC000EEE8EFE9EDE8ECE5FCF57275FFFFFFFF4D
:10BBD000FFFFFFFFFFFF52545557E0DCD6D3D3CF12
:10BBE000CFCDCCC8C8C5C5C3C2BFA8A7D7D8FFFF93
:10BBF000FFFFFFFFFFFFEBEA575952549E9D9293C0
:10BC000096979DA0A3A7A8AFABB3B0B9767AFBFB7C
:10BC1000FFFFFFFFFFFF535557595E5FCAD0CDD3DB
:10BC2000CFD4D1D4D2D6D5D9D8DAD9DBDBDEDEDF9A
:10BC3000E0DFE2E1E7E53F42FFFFFFFFFFFFF6F64F
:10BC400055575254ECE8E4E1E7E3E9E4ECE6ECE6CE
:10BC5000ECE8EEE8C8C3FFFAF0EAF0EAF0EAF0EA4E
:10BC6000F0EAF0EAF0EAF0EAF0EAF1EB5356FFFF0F
:10BC7000969856585355F0EAECE6ECE6EAE4EAE327
:10BC8000E7E2E7E2E7E14E50FFFFC2C3585A5154E2
:10BC9000DDD8D5D2D3CFD0CCCCC9CAC8C6C5C5C2D1
:10BCA0005357B0B156584F51B6B6B1B1ADACA8A9C3
:10BCB000A5A5A1A29E9E9A9B5153FFFFB5B6585AC7
:10BCC0005153A8ADAAB1ADB5B1BAB5BFB6C2B8C4EB
:10BCD000BAC6BCC6BFCAC2CAC4CCC5CEC9CFCCD2F4
:10BCE000CED2CED4D0D4D3D7D3D8D6D8D9DBDADA03
:10BCF000DCDDB3B4FFFFFFFFFFFFFFFFFFFFFFFF30
:10BD0000FFFFFFFFFFFFFFFFFFFFFFFFFFFFFFFF43
:10BD1000FFFFFFFFFFFFFFFFFFFFFFFFFFFFFFFF33
:10BD2000FFFFFFFFFFFFFFFF4B4B5858D6D4F4F047
:10BD3000F4F0F4F0F3EFF3EFF2EEF1EDFFFC7272DA
:10BD4000FFFFFFFFFFFFFFFFFFFF55555555E6E3E0
:10BD5000DCD9D9D5D5D3D2CFCECACBC8C7C4ABAB2B
:10BD6000D7D7FFFFFFFFFFFFFFFFDFDF575752521D
:10BD7000A3A29898929297979C9DA2A3A6A8AAACDA
:10BD80007475FBFBFFFFFFFF9D9D58585758B4B5D6
:10BD9000C6C6CACACDCDD0CFD3D1D4D2D7D6DAD8A1
:10BDA000DBDADFDDE2DFE4E1E4E2A4A3F3F2FFFFAC
:10BDB000FFFFF6F655555152EDE8E6E2E8E4EBE810
:10BDC000EDE9EFECF0EDF2ECD6D24546FFFFF4F0F2
:10BDD000F4F0F4F0F4F0F4F0F4F0F4F0F4F0F5F141
:10BDE0005453FFFF969656565353F4EFF1ECF1EC93
:10BDF000EFECECEBECE8EAE7ECE74E4EFFFFDCDCC7
:10BE000058584F50E2DFDAD9D8D5D5D2D3D0CFCCDD
:10BE1000CBC9C8C75353919156564F4EBBBAB5B311
:10BE2000B2B1ADACAAA8A8A5A2A1A09F4E4EFFFF9B
:10BE3000B5B558585252A2A3A5A6A8AAACADAFB1A9
:10BE4000B2B4B4B6B5B8B8BBBBBCBEBFC1C1C2C446
:10BE5000C6C6C9C9CBCBCDCECFCFD3D0D5D3D6D5FF
:10BE6000D8D7DBDADCDBB3B3FFFFFFFFFFFFFFFF59
:10BE7000FFFFFFFFFFFFFFFFFFFFFFFFFFFFFFFFD2
:10BE8000FFFFFFFFFFFFFFFFFFFFFFFFFFFFFFFFC2
:10BE9000FFFFFFFFFFFFFFFFFFFFFFFF4B4E585A63
:10BEA000D4CFF0EAF0EAF0EAEFE9EFE9EEE8EDE806
:10BEB000FCF57275FFFFFFFFFFFFFFFFFFFF555708
:10BEC0005557E3DDD9D5D5D2D3CFCFCCCAC8C8C555
:10BED000C4C2ABA9D7D8FFFFFFFFFFFFFFFFDFDE24
:10BEE00057595254A2A29899929397999DA1A3A8A9
:10BEF000A8AEACB3757AFBFBFFFFFFFF9D9F585ABE
:10BF0000585AB5BDC6CDCAD0CDD2CFD4D1D4D2D651
:10BF1000D6D9D8DADADBDDDEDFDFE1DFE2E1A3A3C9
:10BF2000F2F2FFFFFFFFF6F655575254E8E4E2DE67
:10BF3000E4E1E8E3E9E5ECE6EDE6ECE8D2CE4648FC
:10BF4000FFF8F0EAF0EAF0EAF0EAF0EAF0EAF0EA04
:10BF5000F0EAF1EB5356FFFF969856585356EFE927
:10BF6000ECE8ECE6ECE6EBE4E8E3E7E2E7E24E508F
:10BF7000FFFFDCDC585A5052DFDBD9D5D5D2D2CF07
:10BF8000D0CDCCC9C9C7C7C55357919356584E5148
:10BF9000BABAB3B4B1B2ACADA8A9A5A5A1A29F9EEF
:10BFA0004E4FFFFFB5B6585A5253A3A7A6ACAAB13D
:10BFB000ADB6B1BCB4BFB6C3B8C4BBC6BCC7BFC9BD
:10BFC000C1CAC4CCC6CEC9CECBD1CED2CFD4D0D4A8
:10BFD000D3D7D5D9D7D9DADCDBDCB3B4FFFFFFFF89
:10BFE000FFFFFFFFFFFFFFFFFFFFFFFFFFFFFFFF61
:10BFF000FFFFFFFFFFFFFFFFFFFFFFFFFFFFFFFF51
:10C00000FFFFFFFFFFFFFFFFFFFFFFFFFFFFFFFF40
:10C010004B4B5858D6D4F4F0F4F0F4F0F4F0F4F0BC
:10C02000F3EFF2EFFFFD7272FFFFFFFFFFFFFFFF75
:10C03000FFFF55555555E9E5DFDBDCD9D9D5D4D21D
:10C04000D2CFCECACBC7ACACD7D7FFFFFFFFFFFF25
:10C05000FFFFD8D857575151A7A69D9C9897929308
:10C0600097979D9EA2A3A5A87373FBFBFFFFFFFFFD
:10C07000494958584D4DC9CAC4C4C6C6C9C9CDCC12
:10C08000D0CED3D0D5D3D7D6DAD8DDDBDEDDE1DE36
:10C09000E4E0F2EF6B6BFFFFFFFFF6F655555051F2
:10C0A000E8E5E2DEE7E3E8E5ECE8ECE8EFECF0ED0C
:10C0B000D3D0B9B9494AFAF7F4F0F4F0F4F0F4F057
:10C0C000F4F0F4F0F4F0F5F15353FFFF8585565684
:10C0D0005353F5F1F0EDF1ECF1EBEFECEDEBECE9B6
:10C0E000EDEA4E4EFFFFFFFF54544E4EE6E5DDDA1B
:10C0F000DBD9D7D5D4D2D3D0CECACBCA62625454FE
:10C1000056565353BEBDB9B8B4B4B1B1AEACA9A87C
:10C11000A6A5A4A34647FFFFB5B5585852529E9E08
:10C12000A1A2A5A7A8AAACAEAFB1B2B4B5B6BABC2D
:10C13000B8BABABDBEBFC1C1C4C3C6C6C9C9CBCBDC
:10C14000CECED0CED3D2D5D3D6D5D8D6DBD9B3B3F5
:10C15000FFFFFFFFFFFFFFFFFFFFFFFFFFFFFFFFEF
:10C16000FFFFFFFFFFFFFFFFFFFFFFFFFFFFFFFFDF
:10C17000FFFFFFFFFFFFFFFFFFFFFFFFFFFFFFFFCF
:10C18000FFFFFFFF4B4D585AD4CFF0EAF0EAF0EA38
:10C19000F0EAF0EAEFE9EFE9FDF67275FFFFFFFF65
:10C1A000FFFFFFFFFFFF55575557E5E0DBD8D9D517
:10C1B000D5D3D2CECFCCCAC9C7C5ACACD7D8FFFF78
:10C1C000FFFFFFFFFFFFD8D857595153A6A69C9DEC
:10C1D0009798939397999EA1A3A8A8AE7377FBFB1A
:10C1E000FFFFFFFF494B585A4D4ECAD2C4CCC6CEB2
:10C1F000C9D0CCD2CED4D0D4D3D6D6D9D8DADBDA03
:10C20000DDDEDEDFE0DFEFEC6B6EFFFFFFFFF6F65B
:10C2100055575153E5E1DEDAE3DFE5E1E8E2E8E531
:10C22000ECE7EDE6D0CDB9BA4A4CF7F0F0EAF0EA27
:10C23000F0EAF0EAF0EAF0EAF0EAF1EB5355FFFF3A
:10C24000858756585356F1EBEDE7ECE8EBE5ECE665
:10C25000EBE4E9E3EAE54E50FFFFFFFF54564E5191
:10C26000E5DFDAD7D9D5D5D1D2CED0CDCAC9CAC8A3
:10C270006265545656585355BDBBB8B7B4B4B1B146
:10C28000ACACA8A8A5A6A3A4474AFFFFB5B6585AC8
:10C2900052549EA0A2A6A7ADAAB1AEB6B1BCB4BF7F
:10C2A000B6C3BCC9BAC6BDC7BFC9C1C9C3CCC6CE57
:10C2B000C9CFCBD1CED3CED4D2D6D3D6D5D9D6DA58
:10C2C000D9DBB3B4FFFFFFFFFFFFFFFFFFFFFFFF5F
:10C2D000FFFFFFFFFFFFFFFFFFFFFFFFFFFFFFFF6E
:10C2E000FFFFFFFFFFFFFFFFFFFFFFFFFFFFFFFF5E
:10C2F000FFFFFFFFFFFFFFFF4B4B5858D6D4F4F072
:10C30000F4F0F4F0F4F0F4F0F4F0F3EFFFFE7272F6
:10C31000FFFFFFFFFFFFFFFFFFFF55555555EBE701
:10C32000E1DEDFDCDCD8DAD5D4D3D2CFCECAB0B0F0
:10C33000D7D7FFFFFFFFFFFFFFFFD8D85757515157
:10C34000ABAAA2A19C9B9897929397989D9EA2A31B
:10C350007173FBFBFFFFFFFF545457576868BFC062
:10C36000C1C1C3C5C7C7CACACDCCCFCED2D1D4D222
:10C37000D6D5DAD8DCDADEDCE1DEE5E24546FFFFE1
:10C38000FFFFF6F655554F50E3E0DFDAE2DEE6E375
:10C39000E9E5EBE8ECE9EFECD3D0E7E7A3A3696AC2
:10C3A000F4F2F4F0F4F0F4F0F4F0F4F0F4F0F5F169
:10C3B0005353FFFF878756565353F5F1F3EFEFEDD5
:10C3C000F1ECF1EBEFEBEDEBEFEA4E4EFFFFFFFF91
:10C3D0004B4B4F4FEEEADFDEDDDADBD8D8D5D5D3D5
:10C3E000D2CFCFCB8585575757576564BFBDBCBAF1
:10C3F000B9B7B5B4B1B0ADACA9A8A9A83F3FFFFF8C
:10C40000B5B55858535398989C9CA1A1A5A6A9AA24
:10C41000ACAFAFB1B3B55859BEC1B8BABBBDBEBF62
:10C42000C1C1B4B5CDCDC9C9CBCBCECDD0D0D3D27F
:10C43000D5D2D6D5D7D6B3B3FFFFFFFFFFFFFFFF9F
:10C44000FFFFFFFFFFFFFFFFFFFFFFFFFFFFFFFFFC
:10C45000FFFFFFFFFFFFFFFFFFFFFFFFFFFFFFFFEC
:10C46000FFFFFFFFFFFFFFFFFFFFFFFF4B4D585A8E
:10C47000D4CFF0EAF0EAF0EAF0EAF0EAF0EAEFE925
:10C48000FEF77275FFFFFFFFFFFFFFFFFFFF55572E
:10C490005557E7E3DEDADCD8D8D4D5D4D3CECFCC29
:10C4A000CAC9B0AED7D8FFFFFFFFFFFFFFFFD8D844
:10C4B00057595153AAAAA1A19B9C979993949899D3
:10C4C0009EA2A3A77376FBFBFFFFFFFF54565759AD
:10C4D000686BC0CAC1C9C5CCC7CECAD0CCD2CED475
:10C4E000D1D4D2D7D5D8D8DADADBDCDEDEDFE2E1B0
:10C4F0004648FFFFFFFFF6F655575052E0DDDAD70A
:10C50000DEDBE3DEE5E1E8E3E9E4ECE6D0CCE7E717
:10C51000A3A46A6BF2ECF0EAF0EAF0EAF0EAF0EADF
:10C52000F0EAF1EB5355FFFF878856585356F1EB6D
:10C53000EFE9EDE7ECE7EBE5EBE6EBE4EAE64E4F9F
:10C54000FFFFFFFF4B4D4F51EAE5DED9DAD6D8D4D5
:10C55000D5D2D3CFCFCCCBC985865759575964672D
:10C56000BDBCBABBB7B7B4B3B0B0ACADA8A8A8A8AF
:10C570003F41FFFFB5B6585A5355989B9CA0A1A5C3
:10C58000A6AAAAB1AFB7B1BCB5C0595AC1CEBAC6F6
:10C59000BDC8BFC9C1C9B5BDCDD5C9CFCBD2CDD21C
:10C5A000D0D5D2D6D2D6D5D9D6D9B3B4FFFFFFFFD6
:10C5B000FFFFFFFFFFFFFFFFFFFFFFFFFFFFFFFF8B
:10C5C000FFFFFFFFFFFFFFFFFFFFFFFFFFFFFFFF7B
:10C5D000FFFFFFFFFFFFFFFFFFFFFFFFFFFFFFFF6B
:10C5E0004B4B5858D6D4F4F0F4F0F4F0F4F0F4F0E7
:10C5F000F4F0F3EFFFFE7272FFFFFFFFFFFFFFFF9C
:10C60000FFFF55555555EEE9E4E0E0DFDFDCDCD90E
:10C61000D9D6D5D2D0CEB1B0D7D7FFFFFFFFFFFF1D
:10C62000FFFFD8D857575151B0AFA4A4A1A09C9AEE
:10C630009797929298989D9D7071FBFBFFFF848461
:10C6400058585858B2B5BABDBEBFC0C1C4C5C7C797
:10C65000CACACDCDD7D5D2D1D5D2D6D5DADADDDB9F
:10C66000DEDCE1DEBAB9E4E4FFFFF6F655555050E2
:10C67000DFDBD9D6DFDAE4DFE6E3E9E5EBE8ECE996
:10C68000D2CFE7E7FFFF6E6E9E9CF2F0F4F0F4F07D
:10C69000F4F0F4F0F4F0F5F15353FFFF87875656AA
:10C6A0005353F7F3F3EFF3EFEFEDF1ECF1EBEFECC6
:10C6B000F0ED4D4EFFFFFFFF54545455EAE8E2DF22
:10C6C000DFDDDDDADAD8D7D5D5D2D2CFD7D4484915
:10C6D0004748CFCBC2BFBFBDBBBBB8B7B5B4B1B085
:10C6E000ADACAFAF5B5BFFFFB5B5585853539393F9
:10C6F00098979D9DA0A2A5A7A8AAADAFB0B2585883
:10C700005D5CB5B8B9BBBCBCCDCE5151CBCBC6C6B8
:10C71000C9C9CBCCCECDD0D0D3D1D5D2D6D5B3B359
:10C72000FFFFFFFFFFFFFFFFFFFFFFFFFFFFFFFF19
:10C73000FFFFFFFFFFFFFFFFFFFFFFFFFFFFFFFF09
:10C74000FFFFFFFFFFFFFFFFFFFFFFFFFFFFFFFFF9
:10C75000FFFFFFFF4B4D585AD4CFF0EAF0EAF0EA62
:10C76000F0EAF0EAF0EAEFE9FEF77275FFFFFFFF8B
:10C77000FFFFFFFFFFFF55575557E9E4E0DBDFDA26
:10C78000DCD7D9D4D6D3D2CFCECBB0B1D7D8FFFF58
:10C79000FFFFFFFFFFFFD8D857595153AFAEA4A5F5
:10C7A000A0A09A9C97989293989A9DA17173FBFB75
:10C7B000FFFF8486585A5859B5BFBDC7BFC9C1C904
:10C7C000C5CCC7CECAD0CDD2D5DBD1D5D2D5D5D860
:10C7D000DADADBDCDCDEDEE0B9B9E4E4FFFFF6F652
:10C7E00055575052DBD8D6D3DAD7DFDBE3DFE5E1AC
:10C7F000E8E2E9E4CFCCE7E7FFFF6E709C9CF0EA4B
:10C80000F0EAF0EAF0EAF0EAF0EAF1EB5355FFFF64
:10C81000878856585356F3ECEFE9EFE9EDE7ECE77C
:10C82000EBE5ECE6EDE74E50FFFFFFFF54555557A3
:10C83000E8E4DFD9DDD8DAD6D8D4D5D1D2CFCFCC81
:10C84000D4D1494C484ACBCABFBFBDBCBBBAB7B6AE
:10C85000B4B2B0B0ACADAFAE5B5CFFFFB5B6585A8A
:10C8600053559394979A9DA0A2A7A7ADAAB2AFB72C
:10C87000B2BD58595C5FB8C4BBC7BCC8CED8515212
:10C88000CBD4C6CEC9CFCCD2CDD2D0D5D1D5D2D5AE
:10C89000D5D8B3B4FFFFFFFFFFFFFFFFFFFFFFFF90
:10C8A000FFFFFFFFFFFFFFFFFFFFFFFFFFFFFFFF98
:10C8B000FFFFFFFFFFFFFFFFFFFFFFFFFFFFFFFF88
:10C8C000FFFFFFFFFFFFFFFF4B4B5858D6D4F4F09C
:10C8D000F4F0F4F0F4F0F4F0F4F0F4F0FFFF72721E
:10C8E000FFFFFFFFFFFFFFFFFFFF55555555EEEC24
:10C8F000E7E3E4E0E0DFDFDBDCDAD8D5D4D1B5B3C1
:10C90000D7D7FFFFFFFFFFFFFFFFD8D85757515181
:10C91000B5B3ABA9A4A4A1A09C9A9796929298981B
:10C920006E6FFBFBFFFF484858584E4EBABCB7BA73
:10C93000BBBCBFC0C1C3C4C4C7C8CDCD4C4ED3D28D
:10C94000D3D2D4D3D7D6DBD8DDDBDFDCEFEC5F5F2F
:10C95000FFFFF6F655555050DAD7D5D1DAD7DFDBE1
:10C96000E4E0E7E3EAE6EBE8CECBE7E7FFFFFFFF33
:10C970004E4ED5D3F1EFF4F0F4F0F4F0F4F0F5F11D
:10C980005353FFFF878756565353F6F2F3EFF3EFF7
:10C99000F3EFF0EEF1ECF1EBF2ED4D4EFFFFFFFFA8
:10C9A000CDCD5858B5B3E4E0E1DEDFDDDDDADAD82D
:10C9B000D7D5D5D1D2CFD0CCCECBC8C6C5C3C2C0B7
:10C9C000BFBDBABAB8B7B4B3B1B0A4A5B4B4FFFF91
:10C9D000B5B558585252989892939A979D9EA2A393
:10C9E000A6A7A9ABADAF5A5B56569EA0B6B8BDBEC2
:10C9F00048485B5BC8C9C4C5C7C7CACACCCCCECE81
:10CA0000D1D0D4D2D4D2B3B3FFFFFFFFFFFFFFFFDB
:10CA1000FFFFFFFFFFFFFFFFFFFFFFFFFFFFFFFF26
:10CA2000FFFFFFFFFFFFFFFFFFFFFFFFFFFFFFFF16
:10CA3000FFFFFFFFFFFFFFFFFFFFFFFF4B4D585AB8
:10CA4000D4CFF0EAF0EAF0EAF0EAF0EAF0EAF0EA4D
:10CA5000FFF87275FFFFFFFFFFFFFFFFFFFF555756
:10CA60005557ECE7E3DDE0DBDFD9DBD7DAD5D5D20C
:10CA7000D1CEB3B4D7D8FFFFFFFFFFFFFFFFD8D859
:10CA800057595153B3B3A9A9A4A4A0A09A9B9697B0
:10CA90009293989A6F71FBFBFFFF484B585A4E4F89
:10CAA000BCC9BAC5BCC7C0C9C3CCC4CDC8CECDD320
:10CAB0004E4FD2D8D2D6D3D6D6D8D8DADBDCDCDD0E
:10CAC000ECEC5F61FFFFF6F655575052D7D6D1CF49
:10CAD000D7D4DBD8E0DCE3DFE6E0E8E3CBC7E7E789
:10CAE000FFFFFFFF4E4FD3D0EFEAF0EAF0EAF0EAA3
:10CAF000F0EAF1EB5355FFFF878856585356F2EC96
:10CB0000EFE9EFE9EFE9EEE8ECE7EBE5EDE84E50B1
:10CB1000FFFFFFFFCDCE585AB3B0E0DCDEDADDD840
:10CB2000DAD6D8D4D5D1D1CFCFCCCCCACBC8C6C415
:10CB3000C3C1C0BFBDBCBAB9B7B6B3B2B0B0A5A58A
:10CB4000B4B5FFFFB5B6585A525598989394979933
:10CB50009EA2A3A8A7ADABB2AFB75B5C5658A0A985
:10CB6000B8C4BECA48485B5CC9D2C5CDC7CECACF1F
:10CB7000CCD2CED3D0D4D2D6D2D6B3B4FFFFFFFF1F
:10CB8000FFFFFFFFFFFFFFFFFFFFFFFFFFFFFFFFB5
:10CB9000FFFFFFFFFFFFFFFFFFFFFFFFFFFFFFFFA5
:10CBA000FFFFFFFFFFFFFFFFFFFFFFFFFFFFFFFF95
:10CBB0004B4B5858D6D4F4F0F4F0F4F0F4F0F4F011
:10CBC000F4F0F4F0FFFF7272FFFFFFFFFFFFFFFFC3
:10CBD000FFFF55555555F1EDE7E4E7E2E3DFE1DF0F
:10CBE000DEDADAD9D8D5B7B5D6D6FFFFFFFFFFFF1B
:10CBF000FFFFD8D857575050B9B7AEADA9A7A4A4D6
:10CC0000A09F9B9A979691926C6CFBFBF2F2565602
:10CC100056567274B3B5B4B7B7BABBBDBFC0C1C2C4
:10CC2000C5C4D0D15050D3D4D0CFD3D2D5D4D7D5FA
:10CC3000DAD9DDDBE0DE5150FFFFF6F655555050F6
:10CC4000D4D0D1CDD8D2DBD7E0DBE4E0E7E3EAE62D
:10CC5000C5C3E7E7FFFFFFFFFFFF4040F9F5F3F033
:10CC6000F4F0F4F0F4F0F5F15353FFFF87875656D4
:10CC70005353F6F2F4F0F4F0F3EFF3EFF0EDF1EDDF
:10CC8000F3ED4D4EFFFFFFFFFFFF45455454E9E430
:10CC9000E3E0E1DEDFDDDCD9D9D8D7D4D4D1D2CFFF
:10CCA000CECBCBC8C8C6C5C3C2BFBEBCBAB9B8B666
:10CCB000B4B45D5EFFFFFFFFB5B5585852529C9B60
:10CCC0009695929298989D9EA2A3A6A8ABAB545518
:10CCD000FFFF5252C2C4757658585A5AC6C7C1C2CD
:10CCE000C4C5C7C7CACACCCCCECFD1CFD2D2B3B3BA
:10CCF000FFFFFFFFFFFFFFFFFFFFFFFFFFFFFFFF44
:10CD0000FFFFFFFFFFFFFFFFFFFFFFFFFFFFFFFF33
:10CD1000FFFFFFFFFFFFFFFFFFFFFFFFFFFFFFFF23
:10CD2000FFFFFFFF4B4D585AD4CFF0EAF0EAF0EA8C
:10CD3000F0EAF0EAF0EAF0EAFFF97275FFFFFFFFB0
:10CD4000FFFFFFFFFFFF55575557EDE8E4DFE2DD3A
:10CD5000DFDCDFDADAD6D9D4D5D2B5B4D6D7FFFF47
:10CD6000FFFFFFFFFFFFD8D857595053B7B8ADADFD
:10CD7000A7A7A4A49F9F9A9B969792926C6FFBFB88
:10CD8000F2F2565856587477B5C0B7C3BAC6BDC884
:10CD9000C0CAC2CBC4CCD1D75052D4D7CFD5D2D6AB
:10CDA000D4D6D5D7D9DBDBDCDEDE5053FFFFF6F679
:10CDB00055575053D0D0CDCCD2D0D7D4DBD8E0DC2F
:10CDC000E3DFE6E1C3C1E7E7FFFFFFFFFFFF40420C
:10CDD000F5EFF0EAF0EAF0EAF0EAF1EB5355FFFF85
:10CDE000878856585356F2ECF0EAF0EAEFE9EFE99B
:10CDF000EDE7EDE7EDE74E50FFFFFFFFFFFF454793
:10CE00005456E4DEE0DCDED9DDD8D9D5D8D3D4D190
:10CE1000D1CECFCCCBC9C8C6C6C4C3C1BFBFBCBBB3
:10CE2000B9B9B6B5B4B25E5FFFFFFFFFB5B6585AE9
:10CE300052549B9C95969293989A9EA2A3A8A8AEB2
:10CE4000ABB45557FFFF5254C4D2767A585A5A5C45
:10CE5000C7D1C2CDC5CDC7CECACFCCD3CFD4CFD406
:10CE6000D2D5B3B4FFFFFFFFFFFFFFFFFFFFFFFFC0
:10CE7000FFFFFFFFFFFFFFFFFFFFFFFFFFFFFFFFC2
:10CE8000FFFFFFFFFFFFFFFFFFFFFFFFFFFFFFFFB2
:10CE9000FFFFFFFFFFFFFFFF4B4B5858D6D4F4F0C6
:10CEA000F4F0F4F0F4F0F4F0F4F0F4F0FFFF80802C
:10CEB000FFFFFFFFFFFFFFFFFFFF55555555F1EE49
:10CEC000EAE5E7E4E7E2E3DEE0DEDDDAD9D7B6B6AD
:10CED000E1E1FFFFFFFFFFFFFFFFD8D8575750509A
:10CEE000BDBBB2B1ACACA9A8A4A4A09F9A9A9695D8
:10CEF0006B6BFCFC727258585656AEB1B0B2B3B4FC
:10CF0000B4B7B7BABCBDBFC0C1C37D7F57577E7E23
:10CF1000CECDD1D0D4D2D6D3D8D7DBD9DDDBC2C0E9
:10CF2000DFDFF6F655555151CCC8CCC7D1CFD7D39A
:10CF3000DAD8E0DBE4E0E7E4C4C2E7E7FFFFFFFFA5
:10CF4000FFFFFFFF3E3EFFFEF3F0F4F0F4F0F5F1DB
:10CF50005453FFFF878756565353F6F2F4F0F4F01C
:10CF6000F3EFF3EFF3EFF0EDF3EF4D4EFFFFFFFFC5
:10CF7000FFFFD1D15656F6F3E6E1E3DFE1DFDFDC78
:10CF8000DDDADAD7D6D4D4D1D1CECECBCBC8C8C691
:10CF9000C5C3C1BFBEBCBAB8C1BF4747FFFFFFFF93
:10CFA000B3B3585852529F9E9999969592939A99D5
:10CFB0009D9DA3A4A6A95455FFFFC0C052526A6A02
:10CFC00053535A5AC4C5C0C1C2C2C5C5C8C8CACACB
:10CFD000CDCDCFCED0CFB2B2FFFFFFFFFFFFFFFF1F
:10CFE000FFFFFFFFFFFFFFFFFFFFFFFFFFFFFFFF51
:10CFF000FFFFFFFFFFFFFFFFFFFFFFFFFFFFFFFF41
:10D00000FFFFFFFFFFFFFFFFFFFFFFFF4B4D585AE2
:10D01000D4CFF0EAF0EAF0EAF0EAF0EAF0EAF0EA77
:10D02000FFF98081FFFFFFFFFFFFFFFFFFFF555765
:10D030005557EEE8E5E0E4DFE2DDDEDBDED9DAD607
:10D04000D7D3B6B5E1E2FFFFFFFFFFFFFFFFD8D860
:10D0500057595052BBBBB1B1ACACA8A7A4A39F9F7A
:10D060009A9A95966B6BFCFB7273585A5658B1B9E5
:10D07000B2BCB4C0B7C4BAC5BDC8C0CAC3CB7F8236
:10D0800057597E81CDD2D0D5D2D6D3D7D7D7D9DBF9
:10D09000DBDCC0C2DFDEF6F655575153C8CAC7C83D
:10D0A000CFCDD3D1D8D5DBD9E0DCE4E0C2C0E7E70F
:10D0B000FFFFFFFFFFFFFFFF3E40FEF8F0EAF0EA50
:10D0C000F0EAF1EB5356FFFF878856585356F2ECBF
:10D0D000F0EAF0EAEFE9EFE9EFE9EDE7EFE84E50CB
:10D0E000FFFFFFFFFFFFD1D15659F3EDE1DDDFDB9D
:10D0F000DFD9DCD7DAD6D7D4D4D0D1CECECCCBC9F9
:10D10000C8C5C6C3C3C0BFBEBCBBB8B9BFBF474913
:10D11000FFFFFFFFB3B4585A52549E9F99999595BB
:10D120009394999B9DA2A4A9A9AF5556FFFFC0C196
:10D1300052546A6B53555A5CC5D0C1CBC2CCC5CDD5
:10D14000C8CFCAD0CDD3CED3CFD4B2B4FFFFFFFF68
:10D15000FFFFFFFFFFFFFFFFFFFFFFFFFFFFFFFFDF
:10D16000FFFFFFFFFFFFFFFFFFFFFFFFFFFFFFFFCF
:10D17000FFFFFFFFFFFFFFFFFFFFFFFFFFFFFFFFBF
:10D180004B4B5858D6D4F4F0F4F0F4F0F4F0F4F03B
:10D19000F4F0F4F0FFFF8181FFFFFFFFFFFFFFFFCF
:10D1A000FFFF55555555F3F1EAE8EAE6E7E4E7E114
:10D1B000E2DFDFDDDCD9B9B9E0E0FFFFFFFFFFFF11
:10D1C000FFFFD8D857574F50C1BFB5B4B1B0ADACC1
:10D1D000A8A7A4A29F9E9B9A6B6BFFFF4A4A585830
:10D1E0005050ACADADAFB2B4B2B5B5B8B9BBBBBCC5
:10D1F000C6C74A4A51514B4BD2D2CECED1D0D4D150
:10D20000D6D3D8D6DBD9E8E75454F8F85555505161
:10D21000C5C1C4C1CCC8D2CFD8D2DCD8E0DBE4E0F1
:10D22000C3C1E7E7FFFFFFFFFFFFFFFFF2F241424D
:10D23000FFFBF3F0F4F0F6F24B4CFFFF87875656F6
:10D240005353F6F2F4F0F4F0F4F0F3EFF3EFF3EFFE
:10D25000F3F04C4DFFFFFFFFFFFFFFFF67676060CC
:10D26000E7E4E7E1E4E0E0DFDFDDDCD9D9D6D6D3DF
:10D27000D3CFD1CECDCACBC7C9C5C4C3C1C0BEBC34
:10D280006F6FF8F8FFFFFFFFA4A458585151A3A2F5
:10D290009D9C99999594929299989E9FA4A3545677
:10D2A000FFFFFFFFAFAFFFFF52525A5AC1C1BDBED1
:10D2B000C0C1C2C2C4C5C8C8CBCBCDCDCECEB1B122
:10D2C000FFFFFFFFFFFFFFFFFFFFFFFFFFFFFFFF6E
:10D2D000FFFFFFFFFFFFFFFFFFFFFFFFFFFFFFFF5E
:10D2E000FFFFFFFFFFFFFFFFFFFFFFFFFFFFFFFF4E
:10D2F000FFFFFFFF4B4D585AD4CFF0EAF0EAF0EAB7
:10D30000F0EAF0EAF0EAF0EAFFF98183FFFFFFFFBD
:10D31000FFFFFFFFFFFF55575557F1E9E8E3E6E14F
:10D32000E4DFE1DDDFDADDD8D9D6B9B7E0E1FFFF30
:10D33000FFFFFFFFFFFFD8D857595052BFBEB4B40C
:10D34000B0B0ACACA7A7A2A39E9F9A9B6B6DFFFF4A
:10D350004A4C585A5052ADB5AFB7B4BDB5C1B8C4B8
:10D36000BBC7BCC8C7D14A4C51544B4CD2D8CED203
:10D37000D0D4D1D6D3D7D6D8D9DBE7E85455F8F8EE
:10D3800055575153C1C4C1C2C8C8CFCDD2D1D8D5C9
:10D39000DBD9E0DCC1BEE7E7FFFFFFFFFFFFFFFFD8
:10D3A000F2F34245FBF4F0EAF0EAF2EB4C4FFFFFF8
:10D3B000878856585356F2ECF0EAF0EAF0EAEFE9C3
:10D3C000EFE9EFE9F0EA4D4FFFFFFFFFFFFFFFFF3F
:10D3D000676A6062E4DFE1DDE0DCDFD9DDD8D9D562
:10D3E000D6D4D3D0CFCDCECCCAC8C7C5C5C3C3BF92
:10D3F000C0BEBCBB6F71F8F9FFFFFFFFA4A5585A70
:10D400005153A2A39C9D999994959293989A9FA306
:10D41000A3A85657FFFFFFFFAFB0FFFF52545A5C5F
:10D42000C1CCBEC9C1CBC2CCC5CDC8CECBD1CDD26B
:10D43000CED5B1B2FFFFFFFFFFFFFFFFFFFFFFFFF2
:10D44000FFFFFFFFFFFFFFFFFFFFFFFFFFFFFFFFEC
:10D45000FFFFFFFFFFFFFFFFFFFFFFFFFFFFFFFFDC
:10D46000FFFFFFFFFFFFFFFF4B4B5858D6D2F2F0F4
:10D47000F4F0F4F0F4F0F4F0F4F0F4F0FFFF818154
:10D48000FFFFFFFFFFFFFFFFFFFF55555555F5F16C
:10D49000ECEAEAE7EAE5E6E3E5E2E3DEDFDEBBBA93
:10D4A000E0E0FFFFFFFFFFFFFFFFD8D857574E50C8
:10D4B000C6C3BAB9B5B3B1AFADACA8A6A3A3A09F7C
:10D4C0006D6CE4E4575756587C7CA4A6A8AAADAE70
:10D4D000B0B2B4B5B5B8B9BBB0B0CCCCBDBD565682
:10D4E000C2C4CCCCCECED1CFD4D2D5D4D8D6DCDA2F
:10D4F0005A5AFFFF55554F4FBCB9BEBAC5C2CDC928
:10D50000D2CED7D3DBD7E0DCC2BFE7E7FFFFFFFF18
:10D51000FFFFFFFFFFFFCDCD5151F9F4F4F0F6F21C
:10D520004D4DFFFF878756565353F6F2F4F0F4F053
:10D53000F4F0F4F0F2EEF3EFF5F14A4AFFFFFFFFEB
:10D54000FFFFFFFFFFFF6060C0BEE5E2E6E2E3DE53
:10D55000E1DFE0DCDDD9D9D7D5D3D3D0D1CECDCB67
:10D56000CBC8C7C5C4C2B8B76767FFFFFFFFFFFFDF
:10D57000A4A458585151A6A6A1A09D9C99989594F1
:10D5800092929A9A9E9E5555FFFFFFFFFFFFFFFF65
:10D5900052525A5ABCBFBABBBDBEC0C0C1C4C4C53A
:10D5A000C8C8CACACCCCCBCBFFFFFFFFFFFFFFFF31
:10D5B000FFFFFFFFFFFFFFFFFFFFFFFFFFFFFFFF7B
:10D5C000FFFFFFFFFFFFFFFFFFFFFFFFFFFFFFFF6B
:10D5D000FFFFFFFFFFFFFFFFFFFFFFFF4B4D585A0D
:10D5E000D2CFF0EAF0EAF0EAF0EAF0EAF0EAF0EAA4
:10D5F000FFF98183FFFFFFFFFFFFFFFFFFFF55578D
:10D600005557F1EDEAE3E7E2E5E0E3DEE2DEDEDAFC
:10D61000DED9BAB9E0E1FFFFFFFFFFFFFFFFD8D877
:10D6200057595052C3C2B9B8B3B5AFB0ACACA6A746
:10D63000A3A49F9F6C6DE4E45759585A7C7FA6AB16
:10D64000AAB1AEB7B2BCB5C2B8C3BBC6B0B9CCCD37
:10D65000BDBF5658C4C8CCD3CED3CFD4D2D6D4D7DE
:10D66000D6D8DADD5A5CFFFF55574F51B9BDBABC69
:10D67000C2C3C9C9CECDD3D1D7D5DCD8BFBEE7E7A9
:10D68000FFFFFFFFFFFFFFFFFFFFCDCD5154F4EE83
:10D69000F0EAF2EB4D50FFFF878856585356F2ECF4
:10D6A000F0EAF0EAF0EAF0EAEEE8EFE9F1EB4A4DF1
:10D6B000FFFFFFFFFFFFFFFFFFFF6062BEBCE2DD79
:10D6C000E2DDDEDBDFDADCD8D9D5D7D3D3CFD0CDDE
:10D6D000CECBCBC9C8C5C5C2C2C0B7B66768FFFF4D
:10D6E000FFFFFFFFA4A5585A5153A6A6A0A09C9DDA
:10D6F000989A949592939A9B9EA25556FFFFFFFF8E
:10D70000FFFFFFFF52545A5CBFCBBBC5BEC9C0CBA5
:10D71000C4CDC5CEC8CECAD0CCD4CBCCFFFFFFFF82
:10D72000FFFFFFFFFFFFFFFFFFFFFFFFFFFFFFFF09
:10D73000FFFFFFFFFFFFFFFFFFFFFFFFFFFFFFFFF9
:10D74000FFFFFFFFFFFFFFFFFFFFFFFFFFFFFFFFE9
:10D750004B4B5858E6E2F3EEF2F0F4F0F4F0F4F04C
:10D76000F4F0F4F0FFFF8181FFFFFFFFFFFFFFFFF9
:10D77000FFFF55555353FAF5ECEAEDE9E9E7E9E522
:10D78000E5E3E5E2E2DEBDBCE0E0FFFFFFFFFFFF17
:10D79000FFFFD8D857574E4FC9C7BDBBB8B8B5B4AF
:10D7A000B0B0ACABA9A7A4A26F6E61615858565631
:10D7B000A0A19FA1A5A6A9AAADADB0B3B4B5B6B9B5
:10D7C0004D4EFFFFFFFF4E4E6566C9C9CBCCCECD97
:10D7D000D1D0D3D1D5D4D8D6C7C6BDBD56564F505B
:10D7E000B2B1B5B4BEBAC5C3CECAD3CFD7D3DAD8D7
:10D7F000BFBCE7E7FFFFFFFFFFFFFFFFFFFFFFFFEC
:10D8000097977778F4EFF6F24D4DFFFF86865656E0
:10D810005253F6F2F4F0F4F0F4F0F4F0F4F0F3EF25
:10D82000F5F14A4AFFFFFFFFFFFFFFFFFFFFFFFF8A
:10D830004D4DC0BEE6E4E6E2E3DFE0DDDFDCDCD94F
:10D84000D8D6D6D4D4D1D0CECDCCCBC8BDBA414118
:10D85000FFFFFFFFFFFFFFFFA4A458585151ABAAE1
:10D86000A4A3A1A09D9C9898949394949B9A54559A
:10D87000FFFFFFFFFFFFFFFF52525A5ABABDB7B971
:10D88000BABBBDBEC1C1C2C4C5C6C7C7C9CACACA60
:10D89000FFFFFFFFFFFFFFFFFFFFFFFFFFFFFFFF98
:10D8A000FFFFFFFFFFFFFFFFFFFFFFFFFFFFFFFF88
:10D8B000FFFFFFFFFFFFFFFFFFFFFFFFFFFFFFFF78
:10D8C000FFFFFFFF4B4D585AE2DCEEE7F0EAF0EACB
:10D8D000F0EAF0EAF0EAF0EAFFF98183FFFFFFFFE8
:10D8E000FFFFFFFFFFFF55575355F5EFEAE3E9E46C
:10D8F000E7E2E5E0E3DEE2DDDEDABCBBE0E1FFFF2C
:10D90000FFFFFFFFFFFFD8D857594F52C7C5BBBB1A
:10D91000B8B6B4B4B0B0ABABA7A6A2A36E70616347
:10D92000585A5658A1A4A1A4A6ABAAB2ADB8B3BD8B
:10D93000B5C2B9C54E4FFFFFFFFF4E506668C9D054
:10D94000CCD2CDD2D0D5D1D7D4D8D6D8C6C8BDBFE9
:10D9500056585051B1B5B4B7BABEC3C3CAC9CFCE79
:10D96000D3D2D8D6BCBCE7E7FFFFFFFFFFFFFFFF26
:10D97000FFFFFFFF97997879EFE9F2EB4D50FFFF3A
:10D98000868756585355F2ECF0EAF0EAF0EAF0EAEE
:10D99000F0EAEFE9F1EB4A4DFFFFFFFFFFFFFFFF6A
:10D9A000FFFFFFFF4D50BEBCE4DFE2DEDFDBDDDA70
:10D9B000DCD8D9D5D6D3D4D0D1CECECBCCCAC8C65C
:10D9C000BAB94144FFFFFFFFFFFFFFFFA4A5585A6C
:10D9D0005153AAA9A3A4A0A09C9D98989394949510
:10D9E0009A9C5557FFFFFFFFFFFFFFFF52545A5C01
:10D9F000BDCAB9C6BBC5BEC8C1CBC4CDC6CEC7CED5
:10DA0000CAD0CACBFFFFFFFFFFFFFFFFFFFFFFFFF3
:10DA1000FFFFFFFFFFFFFFFFFFFFFFFFFFFFFFFF16
:10DA2000FFFFFFFFFFFFFFFFFFFFFFFFFFFFFFFF06
:10DA3000FFFFFFFFFFFFFFFF4B4B5858E6E2F2EE00
:10DA4000F3EFF3F0F4F0F4F0F4F0F4F0FFFF818181
:10DA5000FFFFFFFFFFFFFFFFFFFF43435353FFFFA6
:10DA6000FFFAFCF9FCF6F9F4F7F2F5F1F3EFCAC8A6
:10DA7000E0E0FFFFFFFFFFFFFFFFFFFF45455050C6
:10DA8000D7D4CCCAC7C5C2C2BDBCB8B7B4B3AFAE99
:10DA900073728E8E5757555597979E9EA4A5A8AB27
:10DAA000ADAFB1B4B6B8BFC27272FFFFFFFFA9A994
:10DAB0005150D5D5D0D0D3D3D6D6D9D7DCD9DDDB0C
:10DAC000EBE9555546465050AAAAAFAEBBB8C5C102
:10DAD000CDC8D5D0DAD6DFDBC2C0E7E7FFFFFFFF56
:10DAE000FFFFFFFFFFFFFFFFFFFF7070B1B0FFFB05
:10DAF0004E4EFFFFF1F150505757FFFFFFFFFFFF62
:10DB0000FFFFFFFFFFFFFFFFFFFF4B4CFFFFFFFF8C
:10DB1000FFFFFFFFFFFFFFFFFFFF87875252F3F179
:10DB2000E9E6E3DEDFDEDEDBDBD9D9D6D6D4D6D339
:10DB3000DFDC5C5D6D6DFFFFFFFFFFFFFFFFFFFFA1
:10DB4000FFFF4D4D5050B7B5AFAEABA9A7A5A2A0F2
:10DB50009E9D9A9799995757FFFFFFFFFFFFFFFF81
:10DB600052525A5AB9BCB5B8B7BABABCBEBFC1C195
:10DB7000C3C4C5C5C8C8CACAFFFFFFFFFFFFFFFF78
:10DB8000FFFFFFFFFFFFFFFFFFFFFFFFFFFFFFFFA5
:10DB9000FFFFFFFFFFFFFFFFFFFFFFFFFFFFFFFF95
:10DBA000FFFFFFFFFFFFFFFFFFFFFFFF4B4D585A37
:10DBB000E2DFEEE8EFE8F0EAF0EAF0EAF0EAF0EAB5
:10DBC000FFF98183FFFFFFFFFFFFFFFFFFFF4345DB
:10DBD0005355FFFEFAF3F9F1F6F0F4EFF2ECF1EC45
:10DBE000EFEAC8C5E0E1FFFFFFFFFFFFFFFFFFFF18
:10DBF00045475053D4D0CAC8C5C4C2BFBCBAB7B7D2
:10DC0000B3B3AEAE72738E8E5759555797999EA186
:10DC1000A5AAABB0AFB6B4BCB8C3C2D07274FFFF94
:10DC2000FFFFA9A85052D5DFD0D6D3D9D6DBD7DC99
:10DC3000D9DEDBE0E9EC555846485052AAB0AEB305
:10DC4000B8BBC1C3C8CAD0CFD6D5DBD9C0BFE7E700
:10DC5000FFFFFFFFFFFFFFFFFFFFFFFFFFFF7071F1
:10DC6000B0AEFBF44E51FFFFF1F15051575AFFFA9D
:10DC7000FFF8FFF8FFF8FFF8FFF8FFF8FFF84C4F48
:10DC8000FFFFFFFFFFFFFFFFFFFFFFFFFFFF878794
:10DC90005255F1ECE6E1DEDADED8DBD7D9D5D6D3C2
:10DCA000D4D0D3D0DCD75D606D6FFFFFFFFFFFFFE7
:10DCB000FFFFFFFFFFFF4D4F5052B5B4AEADA9AA15
:10DCC000A5A6A0A19D9E9798999A5759FFFFFFFF7F
:10DCD000FFFFFFFF52545A5CBCC8B8C3BAC6BCC7EA
:10DCE000BFC9C1CAC4CCC5CEC8CFCACBFFFFFFFFD6
:10DCF000FFFFFFFFFFFFFFFFFFFFFFFFFFFFFFFF34
:10DD0000FFFFFFFFFFFFFFFFFFFFFFFFFFFFFFFF23
:10DD1000FFFFFFFFFFFFFFFFFFFFFFFFFFFFFFFF13
:10DD20004B4B5858E7E3F2ECF3EFF3EEF3F0F4F07B
:10DD3000F4F0F4F0FFFF8181FFFFFFFFFFFFFFFF23
:10DD4000FFFFFFFF4C4C4A4A4A4A4A4A4A4A4A4A5B
:10DD50004A4A4A4A4A4A4D4DDEDEFFFFFFFFFFFFB7
:10DD6000FFFFFFFFFFFF4D4D4B4C4C4C4C4C4C4CC0
:10DD70004D4C4D4C4D4D4D4D4D4DFFFF8F8F5252E3
:10DD80004C4C4C4C4B4B4B4B4A4A4A4A4A4A4949E9
:10DD9000FCFCFFFFFFFFFFFFACAC49494948484886
:10DDA000484848484848484848474A4AFFFF3B3B9C
:10DDB0003A3A3A3A393939393839373737373737DC
:10DDC0003939E2E2FFFFFFFFFFFFFFFFFFFFFFFF29
:10DDD000FFFFFFFF6A6A35363535FFFFFFFFF5F5B8
:10DDE0003D3D3A3A3A3A3A3A3A3A3A3A3A3A3A3A8D
:10DDF0003A3A3434FFFFFFFFFFFFFFFFFFFFFFFF53
:10DE0000FFFFFFFFFFFF6C6B34356F6FA6A6BCB939
:10DE1000BEBBA7A5727137385D5DFFFFFFFFFFFF37
:10DE2000FFFFFFFFFFFFFFFFFFFFFFFF3D3D3C3C0C
:10DE30003C3C3D3D3D3D3D3D3D3D3D3D3D3D3B3B18
:10DE4000FFFFFFFFFFFFFFFF52525A5AB7BAB4B6A7
:10DE5000B4B7B8BABBBDBEBFC1C2C2C3C5C6CACAC9
:10DE6000FFFFFFFFFFFFFFFFFFFFFFFFFFFFFFFFC2
:10DE7000FFFFFFFFFFFFFFFFFFFFFFFFFFFFFFFFB2
:10DE8000FFFFFFFFFFFFFFFFFFFFFFFFFFFFFFFFA2
:10DE9000FFFFFFFF4B4D585AE3DDECE8EFE8EEE8FB
:10DEA000F0EAF0EAF0EAF0EAFFF98183FFFFFFFF12
:10DEB000FFFFFFFFFFFFFFFF4C4F4A4C4A4C4A4C0D
:10DEC0004A4C4A4C4A4C4A4C4A4C4D4EDEDFFFFF0E
:10DED000FFFFFFFFFFFFFFFFFFFF4D4F4C4D4C4D7E
:10DEE0004C4E4C4E4C4F4C4F4D4F4D4F4D4FFFFFF6
:10DEF0008F9152534C4E4C4D4B4D4B4C4A4B4A4BD1
:10DF00004A4B494AFCFBFFFFFFFFFFFFACAC494A0D
:10DF1000484A484A484A48494849484947494A4C72
:10DF2000FFFF3B3D3A3C3A3C393B393B393B373AC2
:10DF3000373A3739393CE2E2FFFFFFFFFFFFFFFFCF
:10DF4000FFFFFFFFFFFFFFFF6A6B36383537FFFF2C
:10DF5000FFFFF5F53D3F3A3C3A3C3A3C3A3C3A3C0F
:10DF60003A3C3A3C3A3C3436FFFFFFFFFFFFFFFFED
:10DF7000FFFFFFFFFFFFFFFFFFFF6B6C35386F7088
:10DF8000A6A5B9B7BBB8A5A57173383A5D5FFFFF09
:10DF9000FFFFFFFFFFFFFFFFFFFFFFFFFFFFFFFF91
:10DFA0003D403C3F3C3F3D3F3D3F3D3F3D3F3D3F92
:10DFB0003D403B3DFFFFFFFFFFFFFFFF52545A5C18
:10DFC000BAC5B6C2B7C4BAC6BDC6BFC9C2CAC3CC39
:10DFD000C6CECACBFFFFFFFFFFFFFFFFFFFFFFFF24
:10DFE000FFFFFFFFFFFFFFFFFFFFFFFFFFFFFFFF41
:10DFF000FFFFFFFFFFFFFFFFFFFFFFFFFFFFFFFF31
:10E00000FFFFFFFFFFFFFFFF4B4B5858E5E2F1EC2E
:10E01000F2ECF3EFF3EEF3F0F4F0F4F0FFFF8383B0
:10E02000FFFFFFFFFFFFFFFFFFFFFFFFFFFFFFFF00
:10E03000FFFFFFFFFFFFFFFFFFFFFFFFFFFFFFFFF0
:10E04000FFFFFFFFFFFFFFFFFFFFFFFFFFFFFFFFE0
:10E05000FFFFFFFFFFFFFFFFFFFFFFFFFFFFFFFFD0
:10E06000FFFFFFFFFFFFFFFFFFFFFFFFFFFFFFFFC0
:10E07000FFFFFFFFFFFFFFFFFFFFFFFFFFFFFFFFB0
:10E08000FFFFFFFFFFFFFFFFFFFFFFFFFFFFFFFFA0
:10E09000FFFFFFFFFFFFFFFFFFFFFFFFFFFFFFFF90
:10E0A000FFFFFFFFFFFFFFFFFFFFFFFFFFFFFFFF80
:10E0B000FFFFFFFFFFFFFFFFFFFFFFFFFFFFFFFF70
:10E0C000FFFFFFFFFFFFFFFFFFFFFFFFFFFFFFFF60
:10E0D000FFFFFFFFFFFFFFFFFFFFFFFFFFFFFFFF50
:10E0E000FFFFFFFFFFFFFFFFFFFFFFFFFFFFFFFF40
:10E0F000FFFFFFFFFBFBDBDBDBDBF5F5FFFFFFFFDC
:10E10000FFFFFFFFFFFFFFFFFFFFFFFFFFFFFFFF1F
:10E11000FFFFFFFFFFFFFFFFFFFFFFFFFFFFFFFF0F
:10E12000FFFFFFFFFFFFFFFFFFFFFFFFFFFFFFFFFF
:10E1300052525959B5B7B2B3B4B6B5B7B7BABBBDF9
:10E14000BEBFC1C2C3C4CACAFFFFFFFFFFFFFFFFBC
:10E15000FFFFFFFFFFFFFFFFFFFFFFFFFFFFFFFFCF
:10E16000FFFFFFFFFFFFFFFFFFFFFFFFFFFFFFFFBF
:10E17000FFFFFFFFFFFFFFFFFFFFFFFF4B4D585A61
:10E18000E2DDECE6ECE8EFE8EEE8F0EAF0EAF0EAEF
:10E19000FFFA8384FFFFFFFFFFFFFFFFFFFFFFFF8B
:10E1A000FFFFFFFFFFFFFFFFFFFFFFFFFFFFFFFF7F
:10E1B000FFFFFFFFFFFFFFFFFFFFFFFFFFFFFFFF6F
:10E1C000FFFFFFFFFFFFFFFFFFFFFFFFFFFFFFFF5F
:10E1D000FFFFFFFFFFFFFFFFFFFFFFFFFFFFFFFF4F
:10E1E000FFFFFFFFFFFFFFFFFFFFFFFFFFFFFFFF3F
:10E1F000FFFFFFFFFFFFFFFFFFFFFFFFFFFFFFFF2F
:10E20000FFFFFFFFFFFFFFFFFFFFFFFFFFFFFFFF1E
:10E21000FFFFFFFFFFFFFFFFFFFFFFFFFFFFFFFF0E
:10E22000FFFFFFFFFFFFFFFFFFFFFFFFFFFFFFFFFE
:10E23000FFFFFFFFFFFFFFFFFFFFFFFFFFFFFFFFEE
:10E24000FFFFFFFFFFFFFFFFFFFFFFFFFFFFFFFFDE
:10E25000FFFFFFFFFFFFFFFFFFFFFFFFFFFFFFFFCE
:10E26000FFFFFFFFFFFFFFFFFBFCDBDBDBDCF5F568
:10E27000FFFFFFFFFFFFFFFFFFFFFFFFFFFFFFFFAE
:10E28000FFFFFFFFFFFFFFFFFFFFFFFFFFFFFFFF9E
:10E29000FFFFFFFFFFFFFFFFFFFFFFFFFFFFFFFF8E
:10E2A000FFFFFFFF5254595BB7C1B3BEB6C1B7C33E
:10E2B000BAC6BDC7BFC9C2C9C4CDCACBFFFFFFFF25
:10E2C000FFFFFFFFFFFFFFFFFFFFFFFFFFFFFFFF5E
:10E2D000FFFFFFFFFFFFFFFFFFFFFFFFFFFFFFFF4E
:10E2E000FFFFFFFFFFFFFFFFFFFFFFFFFFFFFFFF3E
:10E2F0004B4B5858E3DFEFEBF0ECF2ECF3EFF3EEBF
:10E30000F3F0F4F0FFFF8484FFFFFFFFFFFFFFFF48
:10E31000FFFFFFFFFFFFFFFFFFFFFFFFFFFFFFFF0D
:10E32000FFFFFFFFFFFFFFFFFFFFFFFFFFFFFFFFFD
:10E33000FFFFFFFFFFFFFFFFFFFFFFFFFFFFFFFFED
:10E34000FFFFFFFFFFFFFFFFFFFFFFFFFFFFFFFFDD
:10E35000FFFFFFFFFFFFFFFFFFFFFFFFFFFFFFFFCD
:10E36000FFFFFFFFFFFFFFFFFFFFFFFFFFFFFFFFBD
:10E37000FFFFFFFFFFFFFFFFFFFFFFFFFFFFFFFFAD
:10E38000FFFFFFFFFFFFFFFFFFFFFFFFFFFFFFFF9D
:10E39000FFFFFFFFFFFFFFFFFFFFFFFFFFFFFFFF8D
:10E3A000FFFFFFFFFFFFFFFFFFFFFFFFFFFFFFFF7D
:10E3B000FFFFFFFFFFFFFFFFFFFFFFFFFFFFFFFF6D
:10E3C000FFFFFFFFFFFFFFFFFFFFFFFFFFFFFFFF5D
:10E3D000FFFFFFFFFFFFFFFFFFFFFFFFFFFFFFFF4D
:10E3E000FFFFFFFFFFFFFFFFFFFFFFFFFFFFFFFF3D
:10E3F000FFFFFFFFFFFFFFFFFFFFFFFFFFFFFFFF2D
:10E40000FFFFFFFFFFFFFFFFFFFFFFFFFFFFFFFF1C
:10E41000FFFFFFFFFFFFFFFF52525959B2B3AEB1EA
:10E42000B2B4B3B6B5B8B9BBBBBDBEBFC3C4CACA2C
:10E43000FFFFFFFFFFFFFFFFFFFFFFFFFFFFFFFFEC
:10E44000FFFFFFFFFFFFFFFFFFFFFFFFFFFFFFFFDC
:10E45000FFFFFFFFFFFFFFFFFFFFFFFFFFFFFFFFCC
:10E46000FFFFFFFF4B4D585ADFDBEBE6ECE6ECE835
:10E47000EFE8EEE8F0EAF0EAFFFA8485FFFFFFFF3D
:10E48000FFFFFFFFFFFFFFFFFFFFFFFFFFFFFFFF9C
:10E49000FFFFFFFFFFFFFFFFFFFFFFFFFFFFFFFF8C
:10E4A000FFFFFFFFFFFFFFFFFFFFFFFFFFFFFFFF7C
:10E4B000FFFFFFFFFFFFFFFFFFFFFFFFFFFFFFFF6C
:10E4C000FFFFFFFFFFFFFFFFFFFFFFFFFFFFFFFF5C
:10E4D000FFFFFFFFFFFFFFFFFFFFFFFFFFFFFFFF4C
:10E4E000FFFFFFFFFFFFFFFFFFFFFFFFFFFFFFFF3C
:10E4F000FFFFFFFFFFFFFFFFFFFFFFFFFFFFFFFF2C
:10E50000FFFFFFFFFFFFFFFFFFFFFFFFFFFFFFFF1B
:10E51000FFFFFFFFFFFFFFFFFFFFFFFFFFFFFFFF0B
:10E52000FFFFFFFFFFFFFFFFFFFFFFFFFFFFFFFFFB
:10E53000FFFFFFFFFFFFFFFFFFFFFFFFFFFFFFFFEB
:10E54000FFFFFFFFFFFFFFFFFFFFFFFFFFFFFFFFDB
:10E55000FFFFFFFFFFFFFFFFFFFFFFFFFFFFFFFFCB
:10E56000FFFFFFFFFFFFFFFFFFFFFFFFFFFFFFFFBB
:10E57000FFFFFFFFFFFFFFFFFFFFFFFFFFFFFFFFAB
:10E58000FFFFFFFFFFFFFFFFFFFFFFFF5254595B3D
:10E59000B3BBB1BAB4BEB6C2B8C4BBC6BDC8BFCAAD
:10E5A000C4CDCACBFFFFFFFFFFFFFFFFFFFFFFFF51
:10E5B000FFFFFFFFFFFFFFFFFFFFFFFFFFFFFFFF6B
:10E5C000FFFFFFFFFFFFFFFFFFFFFFFFFFFFFFFF5B
:10E5D000FFFFFFFFFFFFFFFF4B4B5858E0DDEBE86D
:10E5E000EFEBF1EDF2ECF3EFF3EEF4F0FFFF8484E8
:10E5F000FFFFFFFFFFFFFFFFFFFFFFFFFFFFFFFF2B
:10E60000FFFFFFFFFFFFFFFFFFFFFFFFFFFFFFFF1A
:10E61000FFFFFFFFFFFFFFFFFFFFFFFFFFFFFFFF0A
:10E62000FFFFFFFFFFFFFFFFFFFFFFFFFFFFFFFFFA
:10E63000FFFFFFFFFFFFFFFFFFFFFFFFFFFFFFFFEA
:10E64000FFFFFFFFFFFFFFFFFFFFFFFFFFFFFFFFDA
:10E65000FFFFFFFFFFFFFFFFFFFFFFFFFFFFFFFFCA
:10E66000FFFFFFFFFFFFFFFFFFFFFFFFFFFFFFFFBA
:10E67000FFFFFFFFFFFFFFFFFFFFFFFFFFFFFFFFAA
:10E68000FFFFFFFFFFFFFFFFFFFFFFFFFFFFFFFF9A
:10E69000FFFFFFFFFFFFFFFFFFFFFFFFFFFFFFFF8A
:10E6A000FFFFFFFFFFFFFFFFFFFFFFFFFFFFFFFF7A
:10E6B000FFFFFFFFFFFFFFFFFFFFFFFFFFFFFFFF6A
:10E6C000FFFFFFFFFFFFFFFFFFFFFFFFFFFFFFFF5A
:10E6D000FFFFFFFFFFFFFFFFFFFFFFFFFFFFFFFF4A
:10E6E000FFFFFFFFFFFFFFFFFFFFFFFFFFFFFFFF3A
:10E6F000FFFFFFFFFFFFFFFFFFFFFFFFFFFFFFFF2A
:10E7000052525959AEB0ACADAFB1B1B4B5B6B5B85F
:10E71000B9BABCBCB1B3CACAFFFFFFFFFFFFFFFF1E
:10E72000FFFFFFFFFFFFFFFFFFFFFFFFFFFFFFFFF9
:10E73000FFFFFFFFFFFFFFFFFFFFFFFFFFFFFFFFE9
:10E74000FFFFFFFFFFFFFFFFFFFFFFFF4B4D585A8B
:10E75000DDD7E8E4EBE6EDE6ECE8EFE8EEE8F0EA3A
:10E76000FFFA8485FFFFFFFFFFFFFFFFFFFFFFFFB3
:10E77000FFFFFFFFFFFFFFFFFFFFFFFFFFFFFFFFA9
:10E78000FFFFFFFFFFFFFFFFFFFFFFFFFFFFFFFF99
:10E79000FFFFFFFFFFFFFFFFFFFFFFFFFFFFFFFF89
:10E7A000FFFFFFFFFFFFFFFFFFFFFFFFFFFFFFFF79
:10E7B000FFFFFFFFFFFFFFFFFFFFFFFFFFFFFFFF69
:10E7C000FFFFFFFFFFFFFFFFFFFFFFFFFFFFFFFF59
:10E7D000FFFFFFFFFFFFFFFFFFFFFFFFFFFFFFFF49
:10E7E000FFFFFFFFFFFFFFFFFFFFFFFFFFFFFFFF39
:10E7F000FFFFFFFFFFFFFFFFFFFFFFFFFFFFFFFF29
:10E80000FFFFFFFFFFFFFFFFFFFFFFFFFFFFFFFF18
:10E81000FFFFFFFFFFFFFFFFFFFFFFFFFFFFFFFF08
:10E82000FFFFFFFFFFFFFFFFFFFFFFFFFFFFFFFFF8
:10E83000FFFFFFFFFFFFFFFFFFFFFFFFFFFFFFFFE8
:10E84000FFFFFFFFFFFFFFFFFFFFFFFFFFFFFFFFD8
:10E85000FFFFFFFFFFFFFFFFFFFFFFFFFFFFFFFFC8
:10E86000FFFFFFFFFFFFFFFFFFFFFFFFFFFFFFFFB8
:10E87000FFFFFFFF5254595BB0B7ADB5B1BBB4BE9B
:10E88000B6C2B8C4BAC7BCC8B3BACACBFFFFFFFF91
:10E89000FFFFFFFFFFFFFFFFFFFFFFFFFFFFFFFF88
:10E8A000FFFFFFFFFFFFFFFFFFFFFFFFFFFFFFFF78
:10E8B000FFFFFFFFFFFFFFFFFFFFFFFFFFFFFFFF68
:10E8C0004B4B5A5ADEDBEAE7EDE8EFEBF1ECF2EC0A
:10E8D000F3EFF3EEFFFF8484FFFFFFFFFFFFFFFF77
:10E8E000FFFFFFFFFFFFFFFFFFFFFFFFFFFFFFFF38
:10E8F000FFFFFFFFFFFFFFFFFFFFFFFFFFFFFFFF28
:10E90000FFFFFFFFFFFFFFFFFFFFFFFFFFFFFFFF17
:10E91000FFFFFFFFFFFFFFFFFFFFFFFFFFFFFFFF07
:10E92000FFFFFFFFFFFFFFFFFFFFFFFFFFFFFFFFF7
:10E93000FFFFFFFFFFFFFFFFFFFFFFFFFFFFFFFFE7
:10E94000FFFFFFFFFFFFFFFFFFFFFFFFFFFFFFFFD7
:10E95000FFFFFFFFFFFFFFFFFFFFFFFFFFFFFFFFC7
:10E96000FFFFFFFFFFFFFFFFFFFFFFFFFFFFFFFFB7
:10E97000FFFFFFFFFFFFFFFFFFFFFFFFFFFFFFFFA7
:10E98000FFFFFFFFFFFFFFFFFFFFFFFFFFFFFFFF97
:10E99000FFFFFFFFFFFFFFFFFFFFFFFFFFFFFFFF87
:10E9A000FFFFFFFFFFFFFFFFFFFFFFFFFFFFFFFF77
:10E9B000FFFFFFFFFFFFFFFFFFFFFFFFFFFFFFFF67
:10E9C000FFFFFFFFFFFFFFFFFFFFFFFFFFFFFFFF57
:10E9D000FFFFFFFFFFFFFFFFFFFFFFFFFFFFFFFF47
:10E9E000FFFFFFFFFFFFFFFF52525959ABACA9AA2F
:10E9F000ACAEAEB1B2B4B4B6B5B9B9BAAFB3CACAB7
:10EA0000FFFFFFFFFFFFFFFFFFFFFFFFFFFFFFFF16
:10EA1000FFFFFFFFFFFFFFFFFFFFFFFFFFFFFFFF06
:10EA2000FFFFFFFFFFFFFFFFFFFFFFFFFFFFFFFFF6
:10EA3000FFFFFFFF4B4D5A5CDBD7E7E1E8E4EBE675
:10EA4000ECE6ECE8EFE8EEE8FFFA8485FFFFFFFF75
:10EA5000FFFFFFFFFFFFFFFFFFFFFFFFFFFFFFFFC6
:10EA6000FFFFFFFFFFFFFFFFFFFFFFFFFFFFFFFFB6
:10EA7000FFFFFFFFFFFFFFFFFFFFFFFFFFFFFFFFA6
:10EA8000FFFFFFFFFFFFFFFFFFFFFFFFFFFFFFFF96
:10EA9000FFFFFFFFFFFFFFFFFFFFFFFFFFFFFFFF86
:10EAA000FFFFFFFFFFFFFFFFFFFFFFFFFFFFFFFF76
:10EAB000FFFFFFFFFFFFFFFFFFFFFFFFFFFFFFFF66
:10EAC000FFFFFFFFFFFFFFFFFFFFFFFFFFFFFFFF56
:10EAD000FFFFFFFFFFFFFFFFFFFFFFFFFFFFFFFF46
:10EAE000FFFFFFFFFFFFFFFFFFFFFFFFFFFFFFFF36
:10EAF000FFFFFFFFFFFFFFFFFFFFFFFFFFFFFFFF26
:10EB0000FFFFFFFFFFFFFFFFFFFFFFFFFFFFFFFF15
:10EB1000FFFFFFFFFFFFFFFFFFFFFFFFFFFFFFFF05
:10EB2000FFFFFFFFFFFFFFFFFFFFFFFFFFFFFFFFF5
:10EB3000FFFFFFFFFFFFFFFFFFFFFFFFFFFFFFFFE5
:10EB4000FFFFFFFFFFFFFFFFFFFFFFFFFFFFFFFFD5
:10EB5000FFFFFFFFFFFFFFFFFFFFFFFF5254595B67
:10EB6000ACB2AAB2AEB6B1BBB4BFB6C2B9C5BAC731
:10EB7000B3BACACBFFFFFFFFFFFFFFFFFFFFFFFF9F
:10EB8000FFFFFFFFFFFFFFFFFFFFFFFFFFFFFFFF95
:10EB9000FFFFFFFFFFFFFFFFFFFFFFFFFFFFFFFF85
:10EBA000FFFFFFFFFFFFFFFF4D4D5B5CDAD6E7E4A1
:10EBB000E9E7ECE9EEECF0EDF1EDF3EFFFFF848433
:10EBC000FFFFFFFFFFFFFFFFFFFFFFFFFFFFFFFF55
:10EBD000FFFFFFFFFFFFFFFFFFFFFFFFFFFFFFFF45
:10EBE000FFFFFFFFFFFFFFFFFFFFFFFFFFFFFFFF35
:10EBF000FFFFFFFFFFFFFFFFFFFFFFFFFFFFFFFF25
:10EC0000FFFFFFFFFFFFFFFFFFFFFFFFFFFFFFFF14
:10EC1000FFFFFFFFFFFFFFFFFFFFFFFFFFFFFFFF04
:10EC2000FFFFFFFFFFFFFFFFFFFFFFFFFFFFFFFFF4
:10EC3000FFFFFFFFFFFFFFFFFFFFFFFFFFFFFFFFE4
:10EC4000FFFFFFFFFFFFFFFFFFFFFFFFFFFFFFFFD4
:10EC5000FFFFFFFFFFFFFFFFFFFFFFFFFFFFFFFFC4
:10EC6000FFFFFFFFFFFFFFFFFFFFFFFFFFFFFFFFB4
:10EC7000FFFFFFFFFFFFFFFFFFFFFFFFFFFFFFFFA4
:10EC8000FFFFFFFFFFFFFFFFFFFFFFFFFFFFFFFF94
:10EC9000FFFFFFFFFFFFFFFFFFFFFFFFFFFFFFFF84
:10ECA000FFFFFFFFFFFFFFFFFFFFFFFFFFFFFFFF74
:10ECB000FFFFFFFFFFFFFFFFFFFFFFFFFFFFFFFF64
:10ECC000FFFFFFFFFFFFFFFFFFFFFFFFFFFFFFFF54
:10ECD00052525959A6A8A5A7A9AAACAFB0B1B1B4D0
:10ECE000B3B6B5B9AEB0CACAFFFFFFFFFFFFFFFF63
:10ECF000FFFFFFFFFFFFFFFFFFFFFFFFFFFFFFFF24
:10ED0000FFFFFFFFFFFFFFFFFFFFFFFFFFFFFFFF13
:10ED1000FFFFFFFFFFFFFFFFFFFFFFFF4D4F5C5EA9
:10ED2000D6D4E4E0E7E1E9E3ECE6EDE6EDE8EFE791
:10ED3000FFF98485FFFFFFFFFFFFFFFFFFFFFFFFDE
:10ED4000FFFFFFFFFFFFFFFFFFFFFFFFFFFFFFFFD3
:10ED5000FFFFFFFFFFFFFFFFFFFFFFFFFFFFFFFFC3
:10ED6000FFFFFFFFFFFFFFFFFFFFFFFFFFFFFFFFB3
:10ED7000FFFFFFFFFFFFFFFFFFFFFFFFFFFFFFFFA3
:10ED8000FFFFFFFFFFFFFFFFFFFFFFFFFFFFFFFF93
:10ED9000FFFFFFFFFFFFFFFFFFFFFFFFFFFFFFFF83
:10EDA000FFFFFFFFFFFFFFFFFFFFFFFFFFFFFFFF73
:10EDB000FFFFFFFFFFFFFFFFFFFFFFFFFFFFFFFF63
:10EDC000FFFFFFFFFFFFFFFFFFFFFFFFFFFFFFFF53
:10EDD000FFFFFFFFFFFFFFFFFFFFFFFFFFFFFFFF43
:10EDE000FFFFFFFFFFFFFFFFFFFFFFFFFFFFFFFF33
:10EDF000FFFFFFFFFFFFFFFFFFFFFFFFFFFFFFFF23
:10EE0000FFFFFFFFFFFFFFFFFFFFFFFFFFFFFFFF12
:10EE1000FFFFFFFFFFFFFFFFFFFFFFFFFFFFFFFF02
:10EE2000FFFFFFFFFFFFFFFFFFFFFFFFFFFFFFFFF2
:10EE3000FFFFFFFFFFFFFFFFFFFFFFFFFFFFFFFFE2
:10EE4000FFFFFFFF5254595BA8ACA7ABAAB1AFB606
:10EE5000B1BBB4BFB6C3B9C5B0B8CACBFFFFFFFFE3
:10EE6000FFFFFFFFFFFFFFFFFFFFFFFFFFFFFFFFB2
:10EE7000FFFFFFFFFFFFFFFFFFFFFFFFFFFFFFFFA2
:10EE8000FFFFFFFFFFFFFFFFFFFFFFFFFFFFFFFF92
:10EE90004E4E5B5CD6D3E4E0E8E4EAE7ECE8EFEC66
:10EEA000F0EDF1EDFFFF8484FFFFFFFFFFFFFFFFA9
:10EEB000FFFF52525757575757575757575757579C
:10EEC00057575757575757575757575757575757D2
:10EED00057575757575757575757575757575757C2
:10EEE00057575757575757575757575757575757B2
:10EEF00057575757575757575757575757575757A2
:10EF00005757575757575757575757575757575791
:10EF10005757575757575757575757575757575781
:10EF20005757575757575757575757575757575771
:10EF30005757575757575757575757575757575761
:10EF40005757575757575757575757575757575751
:10EF50005757575757575757575757575757575741
:10EF60005757575757575757575757575757575731
:10EF70005757575757575757575757575757575721
:10EF80005757575757575757575757575757575711
:10EF90005757575757575757575757575757575701
:10EFA0005757575757575757575757575353F8F8B7
:10EFB000FFFFFFFFFFFFFFFF52525959A1A1A2A37C
:10EFC000A5A7A9AAADAEB0B2B3B5B5B7ACAFCACA22
:10EFD000FFFFFFFFFFFFFFFFFFFFFFFFFFFFFFFF41
:10EFE000FFFFFFFFFFFFFFFFFFFFFFFFFFFFFFFF31
:10EFF000FFFFFFFFFFFFFFFFFFFFFFFFFFFFFFFF21
:10F00000FFFFFFFF4E505C5ED3CFE0DCE4E0E7E1C2
:10F01000E8E4ECE6EDE6EDE8FFF88485FFFFFFFFAE
:10F02000FFFFFFFFFFFF5254575957595759575980
:10F030005759575957595759575957595759575950
:10F040005759575957595759575957595759575940
:10F050005759575957595759575957595759575930
:10F060005759575957595759575957595759575920
:10F070005759575957595759575957595759575910
:10F080005759575957595759575957595759575900
:10F0900057595759575957595759575957595759F0
:10F0A00057595759575957595759575957595759E0
:10F0B00057595759575957595759575957595759D0
:10F0C00057595759575957595759575957595759C0
:10F0D00057595759575957595759575957595759B0
:10F0E00057595759575957595759575957595759A0
:10F0F0005759575957595759575957595759575990
:10F10000575957595759575957595759575957597F
:10F11000575957595759575957595759575957596F
:10F120005355F8F8FFFFFFFFFFFFFFFF5254595BF5
:10F13000A1A6A3A7A7ACAAB2AEB7B2BCB5C0B7C3CD
:10F14000AFB8CACBFFFFFFFFFFFFFFFFFFFFFFFFCF
:10F15000FFFFFFFFFFFFFFFFFFFFFFFFFFFFFFFFBF
:10F16000FFFFFFFFFFFFFFFFFFFFFFFFFFFFFFFFAF
:10F17000FFFFFFFFFFFFFFFF4E4E5B5CD0CDDFDBED
:10F18000E4E0E7E3EBE7EDE9EFECF0EDFFFF84848B
:10F19000FFFFFFFFFFFFFFFFFFFF4F4F595956567D
:10F1A00056565656565656565656565656565656FF
:10F1B00056575657565756575657565756575657E7
:10F1C00056575657565756575657565756575657D7
:10F1D00056575657565756575757575757575757C3
:10F1E00057575757575757575757575757585758AD
:10F1F0005758575857585758575857585758575897
:10F200005758575857585758575857585858585884
:10F21000585858585858585858585858585858586E
:10F22000585858585858585858585858585858585E
:10F23000585858585858585858585858585857584F
:10F240005758575857585758575857585758575846
:10F250005758575857585758575857585758575836
:10F26000575857585758575857575757575757572A
:10F270005757575757575757565756575657565722
:10F280005657565756575657565756565656565619
:10F290005656555655565656FFFFFFFFFFFFFFFFC8
:10F2A000525259599D9D9D9DA1A2A6A7A9AAADAF55
:10F2B000B0B2B4B5AAADCACAFFFFFFFFFFFFFFFFA0
:10F2C000FFFFFFFFFFFFFFFFFFFFFFFFFFFFFFFF4E
:10F2D000FFFFFFFFFFFFFFFFFFFFFFFFFFFFFFFF3E
:10F2E000FFFFFFFFFFFFFFFFFFFFFFFF4E505C5ED2
:10F2F000CDCBDBD7E0DDE3DFE7E1E9E5ECE7EDE609
:10F30000FFF88485FFFFFFFFFFFFFFFFFFFF4F5167
:10F31000595B565856585658565856585658565976
:10F32000565956595759575957595759575957595F
:10F33000575957595759575957595759575957594D
:10F34000575957595759575957595759575957593D
:10F35000575957595759575957595759575957592D
:10F36000585958595859585A585A585A585A585A10
:10F37000585A585A585A585A585A585A585A585AFD
:10F38000585A585A585A585A585A585A585A585AED
:10F39000585A585A585A585A585A585A585A585ADD
:10F3A000585A585A585A585A585A585A585A585ACD
:10F3B000585A585A585A585A585A585A585A585ABD
:10F3C000585A585A585A585A585A585A585A585AAD
:10F3D000585A585A585A585A5859585957595759A3
:10F3E000575957595759575957595759575957599D
:10F3F000575957595759575957595759575956588F
:10F40000565856585658565856585658FFFFFFFFEC
:10F41000FFFFFFFF5255595B9D9E9DA1A2A6A7AD80
:10F42000AAB2AFB8B2BCB5C0ADB7CACBFFFFFFFF41
:10F43000FFFFFFFFFFFFFFFFFFFFFFFFFFFFFFFFDC
:10F44000FFFFFFFFFFFFFFFFFFFF7A7A85858585BE
:10F4500088889595FFFFFFFFFFFFCDCDFFFFFFFFE2
:10F460004E4E5B5CCCC7D9D6E0DBE4E1E8E3EBE7EA
:10F47000ECE9EFEBFFFE8484FFFFFFFFFFFFFFFFE0
:10F48000FFFF4F4F585AFFFFFFFBFDFBFCF7FBF65A
:10F49000FBF5F8F4F5F1F5F0F2EDF1ECEDEAECE85E
:10F4A000EAE5E9E4E8E3E6E2E5DFE3DEE1DDE0DB2F
:10F4B000DEDADBD7DBD6D8D4D7D1D4D1D2CED0CDFB
:10F4C000CFCACDCACBC8C9C6C8C4C5C2C4C1C1BFD2
:10F4D000C1BDBEBBBCBAB9B7B7B6B5B4B4B3B1B1B0
:10F4E000AFAFAEADABABAAA8A7A7A7A5A4A4A2A295
:10F4F0009EA09D9E9B9D9A9B979896979396949677
:10F50000969695969598959795979597959796979A
:10F51000969796989899989998999899989A999A67
:10F520009A9B9B9B9C9C9B9D9C9E9C9D9E9F9F9E13
:10F53000A1A0A2A1A3A5A3A3A6A6A6A8A9A9AAAA79
:10F54000ABABAEAEAEB0B1B1B3B2B4B3B7B6B8B8A0
:10F55000BBBBBDBCC0BFC3C1C6C4C8C6CBC8CDCB76
:10F56000CFCED4D2D6D5DAD8DEDCE1DFE6E2E7E6EC
:10F57000EDEBF1F0F7F6FCFAFFFFFFFFFFFF7C7CFD
:10F58000FFFFFFFFFFFFFFFF5353595997979998CC
:10F590009D9EA1A3A6A7AAABAFAEB0B2A9ACCACAA2
:10F5A000FFFFFFFFFFFFFFFFFFFFFFFFFFFFFFFF6B
:10F5B000FFFFFFFFFFFFFFFFFFFFFFFFFFFF7A7C63
:10F5C00085878587888B9597FFFFFFFFFFFFCDCD50
:10F5D000FFFFFFFF4E505C5EC7C7D6D4DBD8E1DD2E
:10F5E000E3E0E7E1E9E5EBE7FEF88485FFFFFFFFF5
:10F5F000FFFFFFFFFFFF4F515A5CFFFBFBF5FBF2E4
:10F60000F7F3F6F2F5EEF4EEF1EDF0EAEDE9ECE900
:10F61000EAE6E8E5E5E2E4E3E3E0E2E0DFDEDEDDC2
:10F62000DDDBDBDADAD8D7D7D6D6D4D6D1D2D1D172
:10F63000CED0CDCECACCCACCC8CAC6C8C4C7C2C434
:10F64000C1C4BFC3BDC0BBBFBABEB7BBB6BBB4B8F5
:10F65000B3B8B1B4AFB4ADB2ABB0A8AEA7AEA5ACC1
:10F66000A4AAA2A9A0A79EA69DA59BA198A097A089
:10F67000969E969F969F969F989F97A097A097A0DB
:10F6800097A097A097A098A099A099A199A199A1B6
:10F690009AA29AA29BA29BA49CA39DA59EA69DA56F
:10F6A0009FA79EA6A0A8A1A9A5ABA3ACA6ADA8AEF6
:10F6B000A9AFAAB0ABB1AEB3B0B5B1B6B2B8B3B83A
:10F6C000B6BBB8BDBBBFBCC0BFC3C1C5C4C8C6CA3A
:10F6D000C8CDCBCECED0D2D4D5D6D8D9DCDCDFE0E5
:10F6E000E2E2E6E6EBE9F0EEF6F3FAF7FFFAFFFF07
:10F6F000FFFF7C7DFFFFFFFFFFFFFFFF5355595BBF
:10F700009798989A9EA2A3A7A7ADABB3AEB8B2BC88
:10F71000ACB5CACBFFFFFFFFFFFFFFFFFFFFFFFFFF
:10F72000FFFFFFFFFFFFFFFFFFFFFFFFFFFFFFFFE9
:10F73000FFFF31315757575746464B4BF9F9FFFFFB
:10F74000FFFF3F3FFFFFFFFF4E4E5B5CC7C3D5D1BE
:10F75000D9D6E0DCE5E1E8E5EBE8ECE8FFFD848400
:10F76000FFFFFFFFFFFFFFFFFFFF5151585AF4EF6C
:10F77000ECE9ECE8EAE8E9E5E8E4E7E2E5E1E3DF23
:10F78000E2DEE0DCDFDBDCD8DAD7D9D5D8D4D8D3D9
:10F79000D5D3D4D0D2CFD3CED1CCCFCBCCC8CBC77E
:10F7A000C9C6C8C4C8C3C4C1C3C0C2BDC0BCBFBB36
:10F7B000BCB9BCB8B9B7B8B5B6B3B6B2B3B0B0AFF0
:10F7C000AEADADACABAAAAA8A7A7A6A6A4A3A3A3B7
:10F7D000A2A09F9F9D9E9C9C9B9B98989798949677
:10F7E000949391928F918E908F919091909090920E
:10F7F00090929092909290929092919291929192F6
:10F8000092939293929292949293949594959495C4
:10F810009497959796979799999899999A9A9C9D64
:10F820009C9C9E9E9EA0A0A1A1A2A3A3A4A4A6A6C8
:10F83000A7A7A9A9AAA8ACACAEAEB1AFB2B2B4B3F7
:10F84000B7B6BAB8BBBABDBCC1BEC2C2C6C4C9C7CE
:10F85000CBCACECCD2CFD6D2D7D6DBDADFDEE4E34A
:10F86000E7E6EDEBF1F06F6FFFFFFFFFFFFFFFFF3C
:10F87000535359599B9A939299999E9EA3A4A7A8D2
:10F88000AAABADAFA7AACACAFFFFFFFFFFFFFFFFEA
:10F89000FFFFFFFFFFFFFFFFFFFFFFFFFFFFFFFF78
:10F8A000FFFFFFFFFFFF31335759575946494B4C74
:10F8B000F9FAFFFFFFFF3F41FFFFFFFF4E505C5E85
:10F8C000C3C2D1CFD6D5DCD8E1DDE5E1E8E2E8E599
:10F8D000FDF78485FFFFFFFFFFFFFFFFFFFF515391
:10F8E0005A5CEFEAE9E4E8E3E8E1E5E2E4E1E2DDDD
:10F8F000E1DDDFDCDEDADCD9DBD8D8D6D7D5D5D36D
:10F90000D4D3D3D1D3D0D0D0CFCFCECDCCCBCBCA04
:10F91000C8C9C7C7C6C8C4C5C3C4C1C3C0C1BDBFA9
:10F92000BCBEBBBDB9BCB8BBB7BAB5B8B3B7B2B54E
:10F93000B0B3AFB4ADB1ACB0AAAEA8ACA7ABA6ABF8
:10F94000A3A8A3A7A0A59FA49EA49CA29BA1989FA7
:10F95000989F969D939B929A919A9098919991993C
:10F96000909992999299929A929A929A929A929A3C
:10F97000929A929A9399939B929A949C939C959C19
:10F98000959C959C979E979E979E99A0989F99A0CD
:10F990009AA29DA29CA39EA4A0A5A1A6A2A7A3A94A
:10F9A000A4A9A6ABA7ACA9ADA8AEACB1AEB2AFB39B
:10F9B000B2B6B3B7B6B9B8BBBABEBCC0BEC1C2C49A
:10F9C000C4C6C7C9CACACCCDCFD1D2D1D6D6DAD94E
:10F9D000DEDDE3E1E6E5EBE8F0EC6F70FFFFFFFF53
:10F9E000FFFFFFFF5355595B9A9B9293999B9EA2F1
:10F9F000A4A7A8ADABB4AFB8AAB1CACBFFFFFFFFB5
:10FA0000FFFFFFFFFFFFFFFFFFFFFFFFFFFFFFFF06
:10FA1000FFFFFFFFFFFFFFFFFFFFFFFF49494545D6
:10FA2000FFFF4A4A4444FFFF3E3E4848FFFFFFFFB6
:10FA30004E4E5B5CC0BCCFCBD5D1DAD6E0DCE5E185
:10FA4000E9E5EAE7FFFB8484FFFFFFFFFFFFFFFF1D
:10FA5000FFFF5151585AF5F1ECE8ECE9ECE8E9E820
:10FA6000E9E5E8E5E6E2E5E1E4E0E2DDDFDDDFDB74
:10FA7000DCD8DBD7D9D4D9D4D8D3D6D2D3CFD3CF2F
:10FA8000D1CED1CCD0CCCCC8CCC8C9C5C8C4C6C3D3
:10FA9000C4C1C3C0C1BDC0BDBEBBBCBABCB7B9B692
:10FAA000B8B6B5B4B5B2B3B0B1AFAFADACABABAB4C
:10FAB000A9A9A7A8A6A6A5A4A3A3A2A0A09F9E9D0E
:10FAC0009D9C9B9B979997989497939490918F91D5
:10FAD0008E908F919091909190929092909290921E
:10FAE00090929092919291929293929392939292F9
:10FAF00092949393949595959596949795979697B8
:10FB00009799999899999A9A9B9D9C9C9E9E9EA044
:10FB1000A0A0A1A2A2A3A5A5A5A6A7A7A9A9AAA995
:10FB2000ADACAEADB1B0B2B1B5B3B7B6BAB8BBBAA1
:10FB3000BEBCC0BEC2C1C6C4C8C7CACACECDD1D061
:10FB4000D6D2D7D6DBDADFDEE3E3E8E7EDEB6667B4
:10FB5000FFFFFFFFFFFFFFFF53535959A09E9595ED
:10FB6000929299999E9EA3A3A7A8AAABA6A7CACA38
:10FB7000FFFFFFFFFFFFFFFFFFFFFFFFFFFFFFFF95
:10FB8000FFFFFFFFFFFFFFFFFFFFFFFFFFFFFFFF85
:10FB9000494B4549FFFF4A4B4446FFFF3E41484A17
:10FBA000FFFFFFFF4E505C5EBCBDCBCAD1CFD6D4A9
:10FBB000DCD8E1DDE5E1E7E2FBF58485FFFFFFFF4F
:10FBC000FFFFFFFFFFFF51535A5CF1ECE8E3E9E46C
:10FBD000E8E3E8E0E5E2E5E1E2DEE1DDE0DBDDDA15
:10FBE000DDDADBD8D8D6D7D5D4D3D4D4D3D1D2D1BB
:10FBF000CFD0CFCFCECDCCCBCCCAC8C9C8C8C5C852
:10FC0000C4C5C3C4C1C3C0C2BDBFBDBFBBBDBABCF8
:10FC1000B7BBB6B9B6B8B4B7B2B5B0B3AFB4ADB19F
:10FC2000ABB0ABAFA9ADA8AAA6ABA4A9A3A6A0A54B
:10FC30009FA59DA49CA29BA1999F989F979E949BF2
:10FC40009199919A90989199919991999299929A62
:10FC5000929A929A929A929A929A929A939A939943
:10FC6000939B929A949C939C959C959C969D979E11
:10FC7000979E979E99A0989F99A09AA19DA29CA3B8
:10FC80009EA4A0A6A0A6A2A7A3A8A5A9A6ABA7AC20
:10FC9000A9AEA9AEACB1ADB2B0B3B1B5B3B8B6B957
:10FCA000B8BBBABEBCC0BEC2C1C3C4C6C7C8CACB3B
:10FCB000CDCED0D1D2D2D6D5DAD9DEDDE3E0E7E4BD
:10FCC000EBE86769FFFFFFFFFFFFFFFF5355595B3D
:10FCD0009E9F95969293999C9EA2A3A9A8AEABB322
:10FCE000A7AECACBFFFFFFFFFFFFFFFFFFFFFFFF36
:10FCF000FFFFFFFFFFFFFFFFFFFFFFFFFFFFFFFF14
:10FD0000FFFFFFFF49494545FFFF4A4A5858484809
:10FD100058584848FFFFFFFF4E4E5B5CB9B4C8C45B
:10FD2000CFCBD6D0DAD7DFDAE5E0E8E4FDFA848499
:10FD3000FFFFFFFFFFFFFFFFFFFF5151585AF7F38F
:10FD4000EFECECE8ECE9ECE8E9E8E9E5E8E5E7E325
:10FD5000E6E2E3DFE2DEDFDCDFDBDDD8DAD8DAD5CE
:10FD6000D8D4D8D3D5D2D4D0D2CFD1CED1CDCFCB79
:10FD7000CDC9CBC7C9C6C9C5C7C3C5C2C3C0C1BE2B
:10FD8000C0BDBEBBBDB9BBB8BAB7B8B6B6B3B6B2E4
:10FD9000B3B0B0B0AFADAEACABABAAA8A8A7A6A6A7
:10FDA000A4A3A3A2A2A1A09F9D9D9C9C9B9B98996C
:10FDB000979794979593919290918E908F9190911F
:10FDC0009090909290929092909290929092919224
:10FDD00091929192929392939292929492939495FB
:10FDE00094949496949794979697979999979899AD
:10FDF0009A9A9C9D9B9B9E9E9EA0A1A1A1A1A3A31C
:10FE0000A4A4A6A6A7A7A9A9ABA9ACABADAEB1AF58
:10FE1000B2B1B4B3B6B6BAB8BBBABDBBC0BEC2C24B
:10FE2000C6C4C9C6CAC9CDCCD1CFD6D2D8D7DBDAE1
:10FE3000DFDFE3E3E7E66767FFFFFFFFFFFFFFFFAB
:10FE400053535959A4A2999795939494999A9EA023
:10FE5000A3A4A7A8A3A4CACAFFFFFFFFFFFFFFFF39
:10FE6000FFFFFFFFFFFFFFFFFFFFFFFFFFFFFFFFA2
:10FE7000FFFFFFFFFFFFFFFF494C4549FFFF4A4BD4
:10FE8000585A484A585A484AFFFFFFFF4E505C5E96
:10FE9000B4B6C4C5CBCAD0CFD7D5DAD7E0DCE4E15D
:10FEA000FAF38486FFFFFFFFFFFFFFFFFFFF5153C1
:10FEB0005A5CF3ECECE7E8E4E9E4E8E3E8E1E5E1E7
:10FEC000E5E1E3DEE2DEDFDBDEDADCD9DBD8D8D663
:10FED000D8D5D5D3D4D4D3D1D2D0D0D0CFCFCECD06
:10FEE000CDCCCBCAC9C9C7C8C6C8C5C5C3C4C2C39F
:10FEF000C0C1BEC0BDBFBBBDB9BCB8BAB7BAB6B849
:10FF0000B3B7B2B5B0B3B0B4ADB0ACB0ABAFA8ACF2
:10FF1000A7ABA6ABA3A8A2A7A1A59FA49DA49CA2A2
:10FF20009BA1999F979E979E939B929A919A909846
:10FF300091999199909992999299929A929A929A6A
:10FF4000929A929A929A929A9399939B929A949C4B
:10FF5000939C959C949B969D979E979E979E99A007
:10FF6000979E99A09AA29DA29BA39EA4A0A5A1A79B
:10FF7000A1A8A3A9A4A9A6ABA7ACA9ADA9AEABB0F3
:10FF8000AEB1AFB3B1B5B3B7B6B9B8BBBABEBBC00B
:10FF9000BEC1C2C4C4C6C6C9C9CACCCDCFD1D2D1D4
:10FFA000D7D6DAD9DFDEE3E1E6E56769FFFFFFFFD9
:10FFB000FFFFFFFF5355595BA2A497999394949424
:10FFC0009A9BA0A3A4A9A8AEA4ABCACBFFFFFFFF36
:10FFD000FFFFFFFFFFFFFFFFFFFFFFFFFFFFFFFF31
:10FFE000FFFFFFFFFFFFFFFFFFFFFFFF4949454501
:10FFF000FFFF4A4A5858585857574848FFFFFFFFD5
:020000025000AC
:100000004E4E5B5CB0ADC0BDC8C5D0CBD6D1DAD743
:10001000E0DCE6E2FBF79393FFFFFFFFFFFFFFFF4C
:10002000FFFF5151585AF8F3F0ECEFECECE8EBE835
:10003000EAE7EAE8EAE6E8E5E7E2E6E2E4E0E1DE6C
:10004000DFDDDEDBDCD9DCD8D9D5D9D3D8D3D6D225
:10005000D3CFD2CFD1CED1CCD0CCCDC9CBC7C9C5CF
:10006000C8C4C6C3C4C1C4C0C2BDC1BCBEBABCB989
:10007000BCB7B9B7B8B6B6B3B6B1B2B0B1AFAFAD41
:10008000ADACABABAAA8A8A8A6A6A5A3A3A2A2A004
:10009000A09F9D9D9D9C9B9B9898979894969494C7
:1000A00091928F918E908F918F919090909290924B
:1000B000909290929092909291929192919292932A
:1000C00092939292929492939495949495969497F5
:1000D000959796979799999898999A9A9C9D9C9C90
:1000E0009E9E9EA09FA0A1A2A2A3A4A4A5A6A6A6F0
:1000F000A9A9AAA9ACACAEADB1B0B1B2B5B4B7B60E
:10010000BAB8BBBABDBDC1BEC2C2C6C4C9C7CBC9DD
:10011000CECCD1CFD6D2D7D6DBDADFE0E4E3666649
:10012000FFFFFFFFFFFFFFFF53535959A7A69D9CF9
:100130009898959493939A9A9E9FA4A59FA1CACAB2
:10014000FFFFFFFFFFFFFFFFFFFFFFFFFFFFFFFFBF
:10015000FFFFFFFFFFFFFFFFFFFFFFFFFFFFFFFFAF
:10016000494C4549FFFF4A4B585A585A5759484A33
:10017000FFFFFFFF4E505C5EADAFBDBFC5C6CBCB32
:10018000D1D0D7D4DCD9E2DDF7F29395FFFFFFFFA2
:10019000FFFFFFFFFFFF51535A5CF3ECECE5ECE788
:1001A000E8E3E8E3E7E3E8E1E6E1E5E1E2DEE2DE19
:1001B000E0DCDEDBDDDADBD8D9D6D8D5D5D3D3D4B5
:1001C000D3D1D2D1CFD0CFCFCECDCCCBCCC9C9C952
:1001D000C7C8C5C8C4C5C3C4C1C3C0C1BDBFBCBEF8
:1001E000BABCB9BCB7BCB7BAB6B8B3B7B1B4B0B3A0
:1001F000AFB4ADB2ACB0ABAFA8ACA8AAA6ABA3A845
:10020000A2A6A0A59FA59DA49CA29BA1989F989FF4
:10021000969D949B929A919A909891999199909980
:1002200092999299929A929A929A929A929A929A70
:10023000929A9399939B929A949C939C959C949B4D
:10024000969D979E979E979E99A0989F99A09AA1F8
:100250009DA29CA39EA4A0A5A0A6A2A8A3A8A4A971
:10026000A6ABA6ACA9ADA9AEACB1ADB2B0B3B2B5B8
:10027000B4B8B6B9B8BBBABEBDBFBEC2C2C4C4C6AC
:10028000C7C9C9CACCCDCFD1D2D2D6D6DAD9E0DE51
:10029000E3E16669FFFFFFFFFFFFFFFF5355595B77
:1002A000A6A69C9D9899949593949A9D9FA3A5AA80
:1002B000A1A7CACBFFFFFFFFFFFFFFFFFFFFFFFF6D
:1002C000FFFFFFFFFFFFFFFFFFFFFFFFFFFFFFFF3E
:1002D000FFFFFFFF49494545FFFF4A4A4B4B7474F6
:1002E00048484848FFFFFFFF4E4E5B5CA6A5B7B4E9
:1002F000C1BCC8C4CFCCD6D1DCD8E0DCF8F3939332
:10030000FFFFFFFFFFFFFFFFFFFF5151585AF9F5B5
:10031000F1ECF0EBEEECECE8EBE8EBE7E9E8E9E434
:10032000E7E4E7E2E5E1E3DFE2DDDFDCDFDBDDD8C8
:10033000DAD8D9D5D8D4D8D3D5D2D4D0D2CFD1CE7B
:10034000D1CCCFCBCCC8CBC7C9C6C9C5C6C3C4C125
:10035000C3C0C1BDC0BCBEBBBCB9BBB8BAB7B8B6E0
:10036000B6B3B6B2B2B0B1B0AFACADACAAABA9A89F
:10037000A7A7A6A6A4A3A3A2A1A19F9E9E9E9C9D63
:100380009B9A979996979496959390918F928E9029
:100390008F91909190909092909290929092909252
:1003A000909291929192929392939293929292942C
:1003B00092939495949494969497959795969799EB
:1003C000999798999A9A9B9D9C9C9E9E9EA0A1A16C
:1003D000A1A2A3A3A5A5A6A6A7A7A8A8ABA9ACABB5
:1003E000ADAEB1AFB2B1B4B3B7B6BAB8BBB9BEBBBC
:1003F000C0BEC2C2C6C4C8C7CBCACDCCD1D0D6D26B
:10040000D8D7DBDAE0DE6767FFFFFFFFFFFFFFFF04
:1004100053535959ABAAA1A09C9B98989494949437
:100420009A9B9FA09C9EDBDBFFFFFFFFFFFFFFFF70
:10043000FFFFFFFFFFFFFFFFFFFFFFFFFFFFFFFFCC
:10044000FFFFFFFFFFFFFFFF494C4549FFFF4A4BFE
:100450004B4D7476484B484AFFFFFFFF4E505C5EA1
:10046000A5A9B4B6BCBFC4C6CCCBD1D1D8D5DCD934
:10047000F3EF9395FFFFFFFFFFFFFFFFFFFF5153D8
:100480005A5CF5ECECE8EBE6ECE7E8E3E8E3E7E3FD
:10049000E8E1E4E1E4E1E2DEE1DDDFDBDDDADCD965
:1004A000DBD8D8D6D8D5D5D3D4D4D3D1D2D0D0CF09
:1004B000CFCECECDCCCBCBCAC8C9C7C7C6C8C5C5A1
:1004C000C3C4C1C3C0C2BDBFBCBEBBBDB9BCB8BA4A
:1004D000B7BAB6B8B3B7B2B5B0B3B0B4ACB0ACAFEE
:1004E000ABAFA8ACA7AAA6AAA3A8A2A7A1A59EA4A1
:1004F0009EA49DA39AA099A0979E969D939A919948
:10050000929A90989199919990999299929A929A97
:10051000929A929A929A929A929A939A9399939B78
:10052000929A949C939C959C949B969D979E979E43
:10053000969D99A0979E99A09AA29DA29CA39EA5E4
:10054000A0A5A1A7A2A8A3A9A5A9A6ABA7ACA8AD41
:10055000A9AEABB0AEB1AFB3B1B5B3B7B6B9B8BB76
:10056000B9BEBBC0BEC1C2C4C4C6C7C8CACACCCD4E
:10057000D0D1D2D2D7D6DAD9DEDD6769FFFFFFFF4F
:10058000FFFFFFFF5355595BAAA9A09F9B9C989919
:10059000949594959B9DA0A49EA2DBDCFFFFFFFF9A
:1005A000FFFFFFFFFFFFFFFFFFFFFFFFFFFFFFFF5B
:1005B000FFFFFFFFFFFFFFFFFFFFFFFF7E7E7B7B55
:1005C000FFFF7F7F7F7FFFFF7B7B7C7CFFFFFFFF49
:1005D00065656161A0A0B4B3C0BECBC8D5D1DDD97B
:1005E000E3DEE9E5FFFC9393FFFFFFFFFFFFFFFF63
:1005F000FFFF4A4A5F5FFFFFFDF9FDF6FBF6FAF6E3
:10060000F7F3F6F2F5F1F4F1F4F0F2EFF1ECF0EBD0
:10061000EDE8EBE7E9E5E8E4E5E2E5E0E2DDE2DC90
:10062000E1DBDFDADCD8DBD7DAD6D8D3D8D3D4D045
:10063000D3CFD1CDD0CCCECBCCC8CAC7C9C4C7C309
:10064000C5C1C3C0C2BEC0BDBEBBBCBABBB8B9B6D3
:10065000B7B5B4B2B2B1B1AFAFAEACACACAAA9A8A9
:10066000A8A7A5A4A3A3A2A2A0A19E9E9B9C9B9B7E
:10067000979A97979394929391939193929392923E
:100680009294929492949294929493949394939437
:100690009495949594959495969694969697989803
:1006A0009899979A989B999A9A9C9C9C9C9D9E9DA0
:1006B0009FA0A0A0A2A2A2A3A3A4A4A6A5A8A9A803
:1006C000AAABABABAEAEAFAEB1B1B3B3B6B5B8B724
:1006D000BAB9BDBCC0BDC2C0C4C3C7C5C9C8CDCBF3
:1006E000D0CED3D1D6D4DAD8DEDAE0DFE5E4696A59
:1006F000FFFFFFFFFFFFFFFF47475F5FB8B6ACAAF2
:10070000A8A6A3A29F9E9A9A9B9BA2A29FA1DBDB75
:10071000FFFFFFFFFFFFFFFFFFFFFFFFFFFFFFFFE9
:10072000FFFFFFFFFFFFFFFFFFFFFFFFFFFFFFFFD9
:100730007E807B7CFFFF7F807F80FFFF7B7E7C7ED7
:10074000FFFFFFFF65676162A0A6B3B8BEC1C8CA5C
:10075000D1D2D9D7DEDDE5E3FCF79395FFFFFFFFAC
:10076000FFFFFFFFFFFF4A4C5F60FFF8F9F1F6F271
:10077000F6F0F6F0F3EDF2EDF1EDF1EBF0EBEFEA80
:10078000ECE8EBE7E8E5E7E3E5E2E4E1E2DEE0DE22
:10079000DDDADCDCDBD9DAD8D8D7D7D6D6D5D3D2D8
:1007A000D3D1D0D1CFCFCDCFCCCDCBCCC8CAC7C879
:1007B000C4C6C3C5C1C3C0C3BEC2BDC0BBBEBABD33
:1007C000B8BBB6B9B5B9B2B7B1B5AFB3AEB2ACB0EC
:1007D000AAAFA8ADA7ABA4AAA3A9A2A8A1A79EA5AA
:1007E0009CA39BA39AA1979F949E939D939B939B5D
:1007F000939B929B949C949D949D949D949D949D79
:10080000949D949D959D959D959E959D969F969F53
:10081000979F989F99A09AA19BA29AA29CA39CA300
:100820009DA49DA4A0A6A0A7A2A7A3A9A4AAA6AB85
:10083000A8ACA8AEABB0ABB1AEB2AEB3B1B6B3B8C4
:10084000B5B9B7BAB9BDBCBFBDC1C0C4C3C6C5C8C0
:10085000C8CACBCDCECFD1D1D4D5D8D9DADADFDE64
:10086000E4E26A6CFFFFFFFFFFFFFFFF474A5F60A4
:10087000B6B6AAABA6A7A2A39E9F9A9B9B9CA2A436
:10088000A1A4DBDAFFFFFFFFFFFFFFFFFFFFFFFF7A
:10089000FFFFFFFFFFFFFFFFFFFFFFFFFFFFFFFF68
:1008A000FFFFFFFFFFFFFFFFFFFFFFFFFFFFFFFF58
:1008B000FFFFFFFFFFFFFFFFFFFF79795F5F5E5ED6
:1008C0005E5E5D5D5D5D5C5D5C5C5C5C5C5C9C9CDF
:1008D000FFFFFFFFFFFFFFFFFFFFFFFF59594343EC
:1008E00042424242424242424242424342434343E4
:1008F00043434343434343434343434343434343C8
:1009000043434343434443444444444444444444AD
:100910004444444444444444444444444444444596
:100920004445454545454545454545454545454578
:10093000454545454545454546464646464646465F
:100940004646464646464646464646464647474744
:100950004747474747474747474747474747474727
:100960004747474747474747474747474747474717
:100970004747474747474747474747474747474707
:1009800047474747474747474747474747474747F7
:1009900047474747474747474747474747474746E8
:1009A00046464646464646464646464646464646E7
:1009B00046464646464646464545454545454545DF
:1009C00045454545454545454444444444444444DF
:1009D0004444444443434545FFFFFFFFFFFFFFFFFF
:1009E000FFFF55554A4A4A4A4A4A4A4A4B4A4B4BE4
:1009F0004B4B4B4B4B4BD7D7FFFFFFFFFFFFFFFF8F
:100A0000FFFFFFFFFFFFFFFFFFFFFFFFFFFFFFFFF6
:100A1000FFFFFFFFFFFFFFFFFFFFFFFFFFFFFFFFE6
:100A2000FFFFFFFFFFFFFFFFFFFFFFFFFFFF797BE0
:100A30005F615E605E605D5F5D5F5D5F5C5F5C5ED1
:100A40005C5E9C9DFFFFFFFFFFFFFFFFFFFFFFFFBF
:100A5000595B43454245424542454245424543452F
:100A60004345434543454345434643464346434642
:100A7000434643464346434644464446444644462A
:100A80004446444644464447444744474447444711
:100A900044474547454745474547454745474547F7
:100AA00045474547454845484548454846484648DE
:100AB00046484648464846484648464846484648C6
:100AC00047484749474947494749474947494749A7
:100AD0004749474947494749474947494749474996
:100AE0004749474947494749474947494749474986
:100AF0004749474947494749474947494749474976
:100B00004749474947494749474947494749474965
:100B10004749464946484648464846484648464862
:100B20004648464846484648464846484548454758
:100B30004547454745474547454745474447444757
:100B4000444644464446444643464547FFFFFFFF6C
:100B5000FFFFFFFFFFFF55564A4C4A4C4A4D4A4D96
:100B60004A4D4B4D4B4D4B4D4B4ED7D7FFFFFFFFE3
:100B7000FFFFFFFFFFFFFFFFFFFFFFFFFFFFFFFF85
:100B8000FFFFFFFFFFFFFFFFFFFFFFFFFFFFFFFF75
:100B9000FFFFFFFFFFFFFFFFFFFFFFFFFFFFFFFF65
:100BA000FFFFFFFFFFFFFFFFFFFFFFFFFFFFFFFF55
:100BB000FFFFFFFFFFFFFFFFFFFFFFFFFFFFFFFF45
:100BC000FFFFFFFFFFFFFFFFFFFFFFFFFFFFFFFF35
:100BD000FFFFFFFFFFFFFFFFFFFFFFFFFFFFFFFF25
:100BE000FFFFFFFFFFFFFFFFFFFFFFFFFFFFFFFF15
:100BF000FFFFFFFFFFFFFFFFFFFFFFFFFFFFFFFF05
:100C0000FFFFFFFFFFFFFFFFFFFFFFFFFFFFFFFFF4
:100C1000FFFFFFFFFFFFFFFFFFFFFFFFFFFFFFFFE4
:100C2000FFFFFFFFFFFFFFFFFFFFFFFFFFFFFFFFD4
:100C3000FFFFFFFFFFFFFFFFFFFFFFFFFFFFFFFFC4
:100C4000FFFFFFFFFFFFFFFFFFFFFFFFFFFFFFFFB4
:100C5000FFFFFFFFFFFFFFFFFFFFFFFFFFFFFFFFA4
:100C6000FFFFFFFFFFFFFFFFFFFFFFFFFFFFFFFF94
:100C7000FFFFFFFFFFFFFFFFFFFFFFFFFFFFFFFF84
:100C8000FFFFFFFFFFFFFFFFFFFFFFFFFFFFFFFF74
:100C9000FFFFFFFFFFFFFFFFFFFFFFFFFFFFFFFF64
:100CA000FFFFFFFFFFFFFFFFFFFFFFFFFFFFFFFF54
:100CB000FFFFFFFFFFFFFFFFFFFFFFFFFFFFFFFF44
:100CC000FFFFFFFFFFFFFFFFFFFFFFFFFFFFFFFF34
:100CD000FFFFFFFFFFFFFFFFFFFFFFFFFFFFFFFF24
:100CE000FFFFFFFFFFFFFFFFFFFFFFFFFFFFFFFF14
:100CF000FFFFFFFFFFFFFFFFFFFFFFFFFFFFFFFF04
:100D0000FFFFFFFFFFFFFFFFFFFFFFFFFFFFFFFFF3
:100D1000FFFFFFFFFFFFFFFFFFFFFFFFFFFFFFFFE3
:100D2000FFFFFFFFFFFFFFFFFFFFFFFFFFFFFFFFD3
:100D3000FFFFFFFFFFFFFFFFFFFFFFFFFFFFFFFFC3
:100D4000FFFFFFFFFFFFFFFFFFFFFFFFFFFFFFFFB3
:100D5000FFFFFFFFFFFFFFFFFFFFFFFFFFFFFFFFA3
:100D6000FFFFFFFFFFFFFFFFFFFFFFFFFFFFFFFF93
:100D7000FFFFFFFFFFFFFFFFFFFFFFFFFFFFFFFF83
:100D8000FFFFFFFFFFFFFFFFFFFFFFFFFFFFFFFF73
:100D9000FFFFFFFFFFFFFFFFFFFFFFFFFFFFFFFF63
:100DA000FFFFFFFFFFFFFFFFFFFFFFFFFFFFFFFF53
:100DB000FFFFFFFFFFFFFFFFFFFFFFFFFFFFFFFF43
:100DC000FFFFFFFFFFFFFFFFFFFFFFFFFFFFFFFF33
:100DD000FFFFFFFFFFFFFFFFFFFFFFFFFFFFFFFF23
:100DE000FFFFFFFFFFFFFFFFFFFFFFFFFFFFFFFF13
:100DF000FFFFFFFFFFFFFFFFFFFFFFFFFFFFFFFF03
:100E0000FFFFFFFFFFFFFFFFFFFFFFFFFFFFFFFFF2
:100E1000FFFFFFFFFFFFFFFFFFFFFFFFFFFFFFFFE2
:100E2000FFFFFFFFFFFFFFFFFFFFFFFFFFFFFFFFD2
:100E3000FFFFFFFFFFFFFFFFFFFFFFFFFFFFFFFFC2
:100E4000FFFFFFFFFFFFFFFFFFFFFFFFFFFFFFFFB2
:100E5000FFFFFFFFFFFFFFFFFFFFFFFFFFFFFFFFA2
:100E6000FFFFFFFFFFFFFFFFFFFFFFFFFFFFFFFF92
:100E7000FFFFFFFFFFFFFFFFFFFFFFFFFFFFFFFF82
:100E8000FFFFFFFFFFFFFFFFFFFFFFFFFFFFFFFF72
:100E9000FFFFFFFFFFFFFFFFFFFFFFFFFFFFFFFF62
:100EA000FFFFFFFFFFFFFFFFFFFFFFFFFFFFFFFF52
:100EB000FFFFFFFFFFFFFFFFFFFFFFFFFFFFFFFF42
:100EC000FFFFFFFFFFFFFFFFFFFFFFFFFFFFFFFF32
:100ED000FFFFFFFFFFFFFFFFFFFFFFFFFFFFFFFF22
:100EE000FFFFFFFFFFFFFFFFFFFFFFFFFFFFFFFF12
:100EF000FFFFFFFFFFFFFFFFFFFFFFFFFFFFFFFF02
:100F0000FFFFFFFFFFFFFFFFFFFFFFFFFFFFFFFFF1
:100F1000FFFFFFFFFFFFFFFFFFFFFFFFFFFFFFFFE1
:100F2000FFFFFFFFFFFFFFFFFFFFFFFFFFFFFFFFD1
:100F3000FFFFFFFFFFFFFFFFFFFFFFFFFFFFFFFFC1
:100F4000FFFFFFFFFFFFFFFFFFFFFFFFFFFFFFFFB1
:100F5000FFFFFFFFFFFFFFFFFFFFFFFFFFFFFFFFA1
:100F6000FFFFFFFFFFFFFFFFFFFFFFFFFFFFFFFF91
:100F7000FFFFFFFFFFFFFFFFFFFFFFFFFFFFFFFF81
:100F8000FFFFFFFFFFFFFFFFFFFFFFFFFFFFFFFF71
:100F9000FFFFFFFFFFFFFFFFFFFFFFFFFFFFFFFF61
:100FA000FFFFFFFFFFFFFFFFFFFFFFFFFFFFFFFF51
:100FB000FFFFFFFFFFFFFFFFFFFFFFFFFFFFFFFF41
:100FC000FFFFFFFFFFFFFFFFFFFFFFFFFFFFFFFF31
:100FD000FFFFFFFFFFFFFFFFFFFFFFFFFFFFFFFF21
:100FE000FFFFFFFFFFFFFFFFFFFFFFFFFFFFFFFF11
:100FF000FFFFFFFFFFFFFFFFFFFFFFFFFFFFFFFF01
:10100000FFFFFFFFFFFFFFFFFFFFFFFFFFFFFFFFF0
:10101000FFFFFFFFFFFFFFFFFFFFFFFFFFFFFFFFE0
:10102000FFFFFFFFFFFFFFFFFFFFFFFFFFFFFFFFD0
:10103000FFFFFFFFFFFFFFFFFFFFFFFFFFFFFFFFC0
:10104000FFFFFFFFFFFFFFFFFFFFFFFFFFFFFFFFB0
:10105000FFFFFFFFFFFFFFFFFFFFFFFFFFFFFFFFA0
:10106000FFFFFFFFFFFFFFFFFFFFFFFFFFFFFFFF90
:10107000FFFFFFFFFFFFFFFFFFFFFFFFFFFFFFFF80
:10108000FFFFFFFFFFFFFFFFFFFFFFFFFFFFFFFF70
:10109000FFFFFFFFFFFFFFFFFFFFFFFFFFFFFFFF60
:1010A000FFFFFFFFFFFFFFFFFFFFFFFFFFFFFFFF50
:1010B000FFFFFFFFFFFFFFFFFFFFFFFFFFFFFFFF40
:1010C000FFFFFFFFFFFFFFFFFFFFFFFFFFFFFFFF30
:1010D000FFFFFFFFFFFFFFFFFFFFFFFFFFFFFFFF20
:1010E000FFFFFFFFFFFFFFFFFFFFFFFFFFFFFFFF10
:1010F000FFFFFFFFFFFFFFFFFFFFFFFFFFFFFFFF00
:10110000FFFFFFFFFFFFFFFFFFFFFFFFFFFFFFFFEF
:10111000FFFFFFFFFFFFFFFFFFFFFFFFFFFFFFFFDF
:10112000FFFFFFFFFFFFFFFFFFFFFFFFFFFFFFFFCF
:10113000FFFFFFFFFFFFFFFFFFFFFFFFFFFFFFFFBF
:10114000FFFFFFFFFFFFFFFFFFFFFFFFFFFFFFFFAF
:10115000FFFFFFFFFFFFFFFFFFFFFFFFFFFFFFFF9F
:10116000FFFFFFFFFFFFFFFFFFFFFFFFFFFFFFFF8F
:10117000FFFFFFFFFFFFFFFFFFFFFFFFFFFFFFFF7F
:10118000FFFFFFFFFFFFFFFFFFFFFFFFFFFFFFFF6F
:10119000FFFFFFFFFFFFFFFFFFFFFFFFFFFFFFFF5F
:1011A000FFFFFFFFFFFFFFFFFFFFFFFFFFFFFFFF4F
:1011B000FFFFFFFFFFFFFFFFFFFFFFFFFFFFFFFF3F
:1011C000FFFFFFFFFFFFFFFFFFFFFFFFFFFFFFFF2F
:1011D000FFFFFFFFFFFFFFFFFFFFFFFFFFFFFFFF1F
:1011E000FFFFFFFFFFFFFFFFFFFFFFFFFFFFFFFF0F
:1011F000FFFFFFFFFFFFFFFFFFFFFFFFFFFFFFFFFF
:10120000FFFFFFFFFFFFFFFFFFFFFFFFFFFFFFFFEE
:10121000FFFFFFFFFFFFFFFFFFFFFFFFFFFFFFFFDE
:10122000FFFFFFFFFFFFFFFFFFFFFFFFFFFFFFFFCE
:10123000FFFFFFFFFFFFFFFFFFFFFFFFFFFFFFFFBE
:10124000FFFFFFFFFFFFFFFFFFFFFFFFFFFFFFFFAE
:10125000FFFFFFFFFFFFFFFFFFFFFFFFFFFFFFFF9E
:10126000FFFFFFFFFFFFFFFFFFFFFFFFFFFFFFFF8E
:10127000FFFFFFFFFFFFFFFFFFFFFFFFFFFFFFFF7E
:10128000FFFFFFFFFFFFFFFFFFFFFFFFFFFFFFFF6E
:10129000FFFFFFFFFFFFFFFFFFFFFFFFFFFFFFFF5E
:1012A000FFFFFFFFFFFFFFFFFFFFFFFFFFFFFFFF4E
:1012B000FFFFFFFFFFFFFFFFFFFFFFFFFFFFFFFF3E
:1012C000FFFFFFFFFFFFFFFFFFFFFFFFFFFFFFFF2E
:1012D000FFFFFFFFFFFFFFFFFFFFFFFFFFFFFFFF1E
:1012E000FFFFFFFFFFFFFFFFFFFFFFFFFFFFFFFF0E
:1012F000FFFFFFFFFFFFFFFFFFFFFFFFFFFFFFFFFE
:10130000FFFFFFFFFFFFFFFFFFFFFFFFFFFFFFFFED
:10131000FFFFFFFFFFFFFFFFFFFFFFFFFFFFFFFFDD
:10132000FFFFFFFFFFFFFFFFFFFFFFFFFFFFFFFFCD
:10133000FFFFFFFFFFFFFFFFFFFFFFFFFFFFFFFFBD
:10134000FFFFFFFFFFFFFFFFFFFFFFFFFFFFFFFFAD
:10135000FFFFFFFFFFFFFFFFFFFFFFFFFFFFFFFF9D
:10136000FFFFFFFFFFFFFFFFFFFFFFFFFFFFFFFF8D
:10137000FFFFFFFFFFFFFFFFFFFFFFFFFFFFFFFF7D
:10138000FFFFFFFFFFFFFFFFFFFFFFFFFFFFFFFF6D
:10139000FFFFFFFFFFFFFFFFFFFFFFFFFFFFFFFF5D
:1013A000FFFFFFFFFFFFFFFFFFFFFFFFFFFFFFFF4D
:1013B000FFFFFFFFFFFFFFFFFFFFFFFFFFFFFFFF3D
:1013C000FFFFFFFFFFFFFFFFFFFFFFFFFFFFFFFF2D
:1013D000FFFFFFFFFFFFFFFFFFFFFFFFFFFFFFFF1D
:1013E000FFFFFFFFFFFFFFFFFFFFFFFFFFFFFFFF0D
:1013F000FFFFFFFFFFFFFFFFFFFFFFFFFFFFFFFFFD
:10140000FFFFFFFFFFFFFFFFFFFFFFFFFFFFFFFFEC
:10141000FFFFFFFFFFFFFFFFFFFFFFFFFFFFFFFFDC
:10142000FFFFFFFFFFFFFFFFFFFFFFFFFFFFFFFFCC
:10143000FFFFFFFFFFFFFFFFFFFFFFFFFFFFFFFFBC
:10144000FFFFFFFFFFFFFFFFFFFFFFFFFFFFFFFFAC
:10145000FFFFFFFFFFFFFFFFFFFFFFFFFFFFFFFF9C
:10146000FFFFFFFFFFFFFFFFFFFFFFFFFFFFFFFF8C
:10147000FFFFFFFFFFFFFFFFFFFFFFFFFFFFFFFF7C
:10148000FFFFFFFFFFFFFFFFFFFFFFFFFFFFFFFF6C
:10149000FFFFFFFFFFFFFFFFFFFFFFFFFFFFFFFF5C
:1014A000FFFFFFFFFFFFFFFFFFFFFFFFFFFFFFFF4C
:1014B000FFFFFFFFFFFFFFFFFFFFFFFFFFFFFFFF3C
:1014C000FFFFFFFFFFFFFFFFFFFFFFFFFFFFFFFF2C
:1014D000FFFFFFFFFFFFFFFFFFFFFFFFFFFFFFFF1C
:1014E000FFFFFFFFFFFFFFFFFFFFFFFFFFFFFFFF0C
:1014F000FFFFFFFFFFFFFFFFFFFFFFFFFFFFFFFFFC
:10150000FFFFFFFFFFFFFFFFFFFFFFFFFFFFFFFFEB
:10151000FFFFFFFFFFFFFFFFFFFFFFFFFFFFFFFFDB
:10152000FFFFFFFFFFFFFFFFFFFFFFFFFFFFFFFFCB
:10153000FFFFFFFFFFFFFFFFFFFFFFFFFFFFFFFFBB
:10154000FFFFFFFFFFFFFFFFFFFFFFFFFFFFFFFFAB
:10155000FFFFFFFFFFFFFFFFFFFFFFFFFFFFFFFF9B
:10156000FFFFFFFFFFFFFFFFFFFFFFFFFFFFFFFF8B
:10157000FFFFFFFFFFFFFFFFFFFFFFFFFFFFFFFF7B
:10158000FFFFFFFFFFFFFFFFFFFFFFFFFFFFFFFF6B
:10159000FFFFFFFFFFFFFFFFFFFFFFFFFFFFFFFF5B
:1015A000FFFFFFFFFFFFFFFFFFFFFFFFFFFFFFFF4B
:1015B000FFFFFFFFFFFFFFFFFFFFFFFFFFFFFFFF3B
:1015C000FFFFFFFFFFFFFFFFFFFFFFFFFFFFFFFF2B
:1015D000FFFFFFFFFFFFFFFFFFFFFFFFFFFFFFFF1B
:1015E000FFFFFFFFFFFFFFFFFFFFFFFFFFFFFFFF0B
:1015F000FFFFFFFFFFFFFFFFFFFFFFFFFFFFFFFFFB
:10160000FFFFFFFFFFFFFFFFFFFFFFFFFFFFFFFFEA
:10161000FFFFFFFFFFFFFFFFFFFFFFFFFFFFFFFFDA
:10162000FFFFFFFFFFFFFFFFFFFFFFFFFFFFFFFFCA
:10163000FFFFFFFFFFFFFFFFFFFFFFFFFFFFFFFFBA
:10164000FFFFFFFFFFFFFFFFFFFFFFFFFFFFFFFFAA
:10165000FFFFFFFFFFFFFFFFFFFFFFFFFFFFFFFF9A
:10166000FFFFFFFFFFFFFFFFFFFFFFFFFFFFFFFF8A
:10167000FFFFFFFFFFFFFFFFFFFFFFFFFFFFFFFF7A
:10168000FFFFFFFFFFFFFFFFFFFFFFFFFFFFFFFF6A
:10169000FFFFFFFFFFFFFFFFFFFFFFFFFFFFFFFF5A
:1016A000FFFFFFFFFFFFFFFFFFFFFFFFFFFFFFFF4A
:1016B000FFFFFFFFFFFFFFFFFFFFFFFFFFFFFFFF3A
:1016C000FFFFFFFFFFFFFFFFFFFFFFFFFFFFFFFF2A
:1016D000FFFFFFFFFFFFFFFFFFFFFFFFFFFFFFFF1A
:1016E000FFFFFFFFFFFFFFFFFFFFFFFFFFFFFFFF0A
:1016F000FFFFFFFFFFFFFFFFFFFFFFFFFFFFFFFFFA
:10170000FFFFFFFFFFFFFFFFFFFFFFFFFFFFFFFFE9
:10171000FFFFFFFFFFFFFFFF73746F7020646D61B9
:10172000204368202578200A0D20776974682053AB
:1017300047204D4F44450000537461727420646D1E
:1017400061204368202578200A0D2077697468207D
:101750005347204D6F64650073746F7020646D6132
:101760002043682025782077697468205347206DCE
:101770006F6465200A0D000073746F7020646D61E2
:1017800020696E7075742028534729200A0D0000C7
:10179000537461727420646D6120696E7075742871
:1017A000534729200A0D000073746F7020646D6127
:1017B000206F757428534729200A0D0053746172F5
:1017C0007420646D61206F757428534729200A0DB9
:1017D0000000000073746F7020646D612043682006
:1017E00031696E200A0D000073746F7020646D61A2
:1017F0002043683220696E200A0D000073746F70F8
:1018000020646D61204368202578200A0D000000C7
:1018100073746F7020646D61204F7574200A0D0021
:10182000537461727420646D61206F7574200A0DA9
:101830000000000073746F7020646D6120696E7029
:101840007574200A0D000000437573746F6D20538A
:1018500047206D6F646520496E70757420696E69EC
:101860007421200A0D000000496E697469616C20C2
:101870004353205265676973746572200A0D000036
:10188000537461727420646D612043682025782050
:101890000A0D2077697468204353205347204D6F09
:1018A00064650000537461727420646D6120696E18
:1018B00070757420776974682063732063670A0DFC
:1018C0000000000073746F7020646D61206F757488
:1018D000200A0D00437573746F6D205347206D6FA0
:1018E0006465206F757470757420696E6974200A60
:1018F0000D000000537461727420646D61206F7577
:101900007420776974682063732063670A0D000090
:101910000001020203030303040404040404040496
:101920000505050505050505050505050505050567
:101930000606060606060606060606060606060647
:101940000606060606060606060606060606060637
:101950000707070707070707070707070707070717
:101960000707070707070707070707070707070707
:1019700007070707070707070707070707070707F7
:1019800007070707070707070707070707070707E7
:1019900008080808080808080808080808080808C7
:1019A00008080808080808080808080808080808B7
:1019B00008080808080808080808080808080808A7
:1019C0000808080808080808080808080808080897
:1019D0000808080808080808080808080808080887
:1019E0000808080808080808080808080808080877
:1019F0000808080808080808080808080808080867
:101A00000808080808080808080808080808080856
:101A10000000000000000000101A0500101A050068
:101A2000181A0500181A0500201A0500201A0500CA
:101A3000281A0500281A0500301A0500301A05007A
:101A4000381A0500381A0500401A0500401A05002A
:101A5000481A0500481A0500501A0500501A0500DA
:101A6000581A0500581A0500601A0500601A05008A
:101A7000681A0500681A0500701A0500701A05003A
:101A8000781A0500781A0500801A0500801A0500EA
:101A9000881A0500881A0500901A0500901A05009A
:101AA000981A0500981A0500A01A0500A01A05004A
:101AB000A81A0500A81A0500B01A0500B01A0500FA
:101AC000B81A0500B81A0500C01A0500C01A0500AA
:101AD000C81A0500C81A0500D01A0500D01A05005A
:101AE000D81A0500D81A0500E01A0500E01A05000A
:101AF000E81A0500E81A0500F01A0500F01A0500BA
:101B0000F81A0500F81A0500001B0500001B050067
:101B1000081B0500081B0500101B0500101B050015
:101B2000181B0500181B0500201B0500201B0500C5
:101B3000281B0500281B0500301B0500301B050075
:101B4000381B0500381B0500401B0500401B050025
:101B5000481B0500481B0500501B0500501B0500D5
:101B6000581B0500581B0500601B0500601B050085
:101B7000681B0500681B0500701B0500701B050035
:101B8000781B0500781B0500801B0500801B0500E5
:101B9000881B0500881B0500901B0500901B050095
:101BA000981B0500981B0500A01B0500A01B050045
:101BB000A81B0500A81B0500B01B0500B01B0500F5
:101BC000B81B0500B81B0500C01B0500C01B0500A5
:101BD000C81B0500C81B0500D01B0500D01B050055
:101BE000D81B0500D81B0500E01B0500E01B050005
:101BF000E81B0500E81B0500F01B0500F01B0500B5
:101C0000F81B0500F81B0500001C0500001C050062
:101C1000081C0500081C0500101C0500101C050010
:101C2000181C0500181C0500201C0500201C0500C0
:101C3000281C0500281C0500301C0500301C050070
:101C4000381C0500381C0500401C0500401C050020
:101C5000481C0500481C0500501C0500501C0500D0
:101C6000581C0500581C0500601C0500601C050080
:101C7000681C0500681C0500701C0500701C050030
:101C8000781C0500781C0500801C0500801C0500E0
:101C9000881C0500881C0500901C0500901C050090
:101CA000981C0500981C0500A01C0500A01C050040
:101CB000A81C0500A81C0500B01C0500B01C0500F0
:101CC000B81C0500B81C0500C01C0500C01C0500A0
:101CD000C81C0500C81C0500D01C0500D01C050050
:101CE000D81C0500D81C0500E01C0500E01C050000
:101CF000E81C0500E81C0500F01C0500F01C0500B0
:101D0000F81C0500F81C0500001D0500001D05005D
:101D1000081D0500081D0500101D0500101D05000B
:101D2000181D0500181D0500201D0500201D0500BB
:101D3000281D0500281D0500301D0500301D05006B
:101D4000381D0500381D0500401D0500401D05001B
:101D5000481D0500481D0500501D0500501D0500CB
:101D6000581D0500581D0500601D0500601D05007B
:101D7000681D0500681D0500701D0500701D05002B
:101D8000781D0500781D0500801D0500801D0500DB
:101D9000881D0500881D0500901D0500901D05008B
:101DA000981D0500981D0500A01D0500A01D05003B
:101DB000A81D0500A81D0500B01D0500B01D0500EB
:101DC000B81D0500B81D0500C01D0500C01D05009B
:101DD000C81D0500C81D0500D01D0500D01D05004B
:101DE000D81D0500D81D0500E01D0500E01D0500FB
:101DF000E81D0500E81D0500F01D0500F01D0500AB
:101E0000F81D0500F81D0500001E0500001E050058
:101E1000081E0500081E0500000000000421050042
:101E20006C210500D4210500000000000000000026
:101E300000000000000000000000000000000000A2
:101E40000000000000000000000000000000000092
:101E50000000000000000000000000000000000082
:101E60000000000000000000000000000000000072
:101E70000000000000000000000000000000000062
:101E80000000000000000000000000000000000052
:101E90000000000000000000000000000000000042
:101EA0000000000000000000000000000000000032
:101EB0000000000000000000000000000000000022
:101EC00001000000000000000E33CDAB34126DE6BF
:101ED000ECDE05000B000000000000000000000028
:101EE00000000000000000000000000000000000F2
:101EF00000000000000000000000000000000000E2
:101F000000000000000000000000000000000000D1
:101F100000000000000000000000000000000000C1
:101F200000000000000000000000000000000000B1
:101F300000000000000000000000000000000000A1
:101F40000000000000000000000000000000000091
:101F50000000000000000000000000000000000081
:101F60000000000000000000000000000000000071
:101F70000000000000000000000000000000000061
:101F80000000000000000000000000000000000051
:101F90000000000000000000000000000000000041
:101FA0000000000000000000000000000000000031
:101FB0000000000000000000000000000000000021
:101FC0000000000000000000000000000000000011
:101FD0000000000000000000000000000000000001
:101FE00000000000000000000000000000000000F1
:101FF00000000000000000000000000000000000E1
:1020000000000000000000000000000000000000D0
:1020100000000000000000000000000000000000C0
:1020200000000000000000000000000000000000B0
:1020300000000000000000000000000000000000A0
:102040000000000000000000000000000000000090
:102050000000000000000000000000000000000080
:102060000000000000000000000000000000000070
:102070000000000000000000000000000000000060
:102080000000000000000000000000000000000050
:102090000000000000000000000000000000000040
:1020A0000000000000000000000000000000000030
:1020B0000000000000000000000000000000000020
:1020C0000000000000000000000000000000000010
:1020D0000000000000000000000000000000000000
:1020E00000000000000000000000000000000000F0
:1020F00000000000000000000000000000000000E0
:1021000000000000000000000000000000000000CF
:1021100000000000000000000000000000000000BF
:1021200000000000000000000000000000000000AF
:10213000000000000000000000000000000000009F
:10214000000000000000000000000000000000008F
:10215000000000000000000000000000000000007F
:10216000000000000000000000000000000000006F
:10217000000000000000000000000000000000005F
:10218000000000000000000000000000000000004F
:10219000000000000000000000000000000000003F
:1021A000000000000000000000000000000000002F
:1021B000000000000000000000000000000000001F
:1021C000000000000000000000000000000000000F
:1021D00000000000000000000000000000000000FF
:1021E00000000000000000000000000000000000EF
:1021F00000000000000000000000000000000000DF
:1022000000000000000000000000000000000000CE
:1022100000000000000000000000000000000000BE
:1022200000000000000000000000000000000000AE
:10223000000000000000000000000000000000009E
:10224000010000000300000002000000000C00007C
:1022500000080000000A000000040400FFFFFFFF68
:1022600000000200181E0500313233343500000032
:072270000000000000000067
:0400000300001000E9
:00000001FF
