$date today $end
$timescale 1 ns $end
$scope module top $end
$var wire 1 0 inst_csi_rx_controllers/vc_fanout[0].inst_csi_rx_monitor/de $end
$var wire 10 1 inst_csi_rx_controllers/vc_fanout[0].inst_csi_rx_monitor/frame_rate $end
$var wire 16 2 inst_csi_rx_controllers/vc_fanout[0].inst_csi_rx_monitor/hsync_per_frame $end
$var wire 1 3 inst_csi_rx_controllers/vc_fanout[0].inst_csi_rx_monitor/hsync_sync $end
$var wire 16 4 inst_csi_rx_controllers/vc_fanout[0].inst_csi_rx_monitor/pixel_per_line $end
$var wire 1 5 inst_csi_rx_controllers/vc_fanout[0].inst_csi_rx_monitor/vsync_sync $end
$var wire 1 6 inst_csi_rx_controllers/vc_fanout[1].inst_csi_rx_monitor/de $end
$var wire 10 7 inst_csi_rx_controllers/vc_fanout[1].inst_csi_rx_monitor/frame_rate $end
$var wire 1 8 inst_csi_rx_controllers/vc_fanout[1].inst_csi_rx_monitor/hsync_sync $end
$var wire 16 9 inst_csi_rx_controllers/vc_fanout[1].inst_csi_rx_monitor/pixel_per_line $end
$var wire 1 a inst_csi_rx_controllers/vc_fanout[1].inst_csi_rx_monitor/vsync_sync $end
$var wire 32 b inst_csi_rx_controllers/inst_efx_csi2_rx0/mipi_debug_out $end
$var wire 32 c inst_dma_stream_ctrl/dma_stream_in[0].inst_axi_streamin/r_data_out_count $end
$var wire 11 d inst_dma_stream_ctrl/dma_stream_in[0].inst_axi_streamin/r_x_count $end
$var wire 1 e inst_dma_stream_ctrl/dma_stream_in[0].inst_axi_streamin/out_tvalid $end
$var wire 32 f inst_dma_stream_ctrl/dma_stream_in[0].inst_axi_streamin/out_tdata $end
$var wire 4 10 inst_dma_stream_ctrl/dma_stream_in[0].inst_axi_streamin/out_tkeep $end
$var wire 1 11 inst_dma_stream_ctrl/dma_stream_in[0].inst_axi_streamin/in_tready $end
$var wire 1 12 inst_dma_stream_ctrl/dma_stream_in[0].inst_axi_streamin/w_fifo_data_empty $end
$var wire 1 13 inst_dma_stream_ctrl/dma_stream_in[0].inst_axi_streamin/out_tlast $end
$var wire 1 14 inst_dma_stream_ctrl/dma_stream_in[0].inst_axi_streamin/in_de $end
$var wire 11 15 inst_dma_stream_ctrl/dma_stream_in[0].inst_axi_streamin/r_y_count $end
$var wire 32 16 inst_dma_stream_ctrl/dma_stream_in[0].inst_axi_streamin/r_data_in_count $end
$var wire 4 17 inst_dma_stream_ctrl/dma_stream_in[0].inst_axi_streamin/out_tdest $end
$var wire 1 18 inst_dma_stream_ctrl/dma_stream_in[0].inst_axi_streamin/in_vs $end
$var wire 1 19 inst_dma_stream_ctrl/dma_stream_in[0].inst_axi_streamin/w_fifo_data_full $end
$var wire 1 1a inst_dma_stream_ctrl/dma_stream_in[0].inst_axi_streamin/in_hs $end
$var wire 1 1b inst_dma_stream_ctrl/dma_stream_in[1].inst_axi_streamin/in_vs $end
$var wire 1 1c inst_dma_stream_ctrl/dma_stream_in[1].inst_axi_streamin/out_tlast $end
$var wire 1 1d inst_dma_stream_ctrl/dma_stream_in[1].inst_axi_streamin/w_fifo_data_full $end
$var wire 32 1e inst_dma_stream_ctrl/dma_stream_in[1].inst_axi_streamin/debug_data_in_count $end
$var wire 1 1f inst_dma_stream_ctrl/dma_stream_in[1].inst_axi_streamin/in_hs $end
$var wire 32 20 inst_dma_stream_ctrl/dma_stream_in[1].inst_axi_streamin/out_tdata $end
$var wire 1 21 inst_dma_stream_ctrl/dma_stream_in[1].inst_axi_streamin/w_fifo_data_empty $end
$var wire 4 22 inst_dma_stream_ctrl/dma_stream_in[1].inst_axi_streamin/out_tdest $end
$var wire 1 23 inst_dma_stream_ctrl/dma_stream_in[1].inst_axi_streamin/in_tready $end
$var wire 1 24 inst_dma_stream_ctrl/dma_stream_in[1].inst_axi_streamin/out_tvalid $end
$var wire 32 25 inst_dma_stream_ctrl/dma_stream_in[1].inst_axi_streamin/debug_data_out_count $end
$var wire 1 26 inst_dma_stream_ctrl/dma_stream_in[1].inst_axi_streamin/in_de $end
$var wire 4 27 inst_dma_stream_ctrl/dma_stream_in[1].inst_axi_streamin/out_tkeep $end
$var wire 32 28 inst_csi_rx_controllers/w_rx_agg_mipi_hs_clk $end
$var wire 32 29 inst_csi_rx_controllers/w_rx_agg_de_throughput $end
$upscope $end
$enddefinitions $end
#0
$dumpvars
x0
bx 1
bx 2
x3
bx 4
x5
x6
bx 7
x8
bx 9
xa
bx b
bx c
bx d
xe
bx f
bx 10
x11
x12
x13
x14
bx 15
bx 16
bx 17
x18
x19
x1a
x1b
x1c
x1d
bx 1e
x1f
bx 20
x21
bx 22
x23
x24
bx 25
x26
bx 27
bx 28
bx 29
$end
#0 $dumpon
00
b0000101100 1
b0000100001110000 2
03
b0000001111000000 4
15
16
b0000101101 7
18
b0000001111000000 9
1a
b00000000001000001000000000000100 b
b00000000000110101110010100000000 c
b00000000000 d
0e
b00100010001010010010000000101010 f
b0000 10
111
112
013
014
b00000000000 15
b00000000000110101110010100000000 16
b0000 17
118
019
01a
11b
01c
01d
b00000000000010111000100111011110 1e
11f
b00100111001111110010100101000000 20
021
b0000 22
123
124
b00000000000010111000100111011101 25
126
b1111 27
b00001001010100000011110110011011 28
b00001011010101000101111000101111 29
#1
b00000000000010111000100111011111 1e
b00100110001111100010100001000001 20
b00000000000010111000100111011110 25
#2
b00000000000010111000100111100000 1e
b00101000010000000010100001000001 20
b00000000000010111000100111011111 25
#3
b00000000000010111000100111100001 1e
b00101000010000000010100101000011 20
b00000000000010111000100111100000 25
#4
b00000000000010111000100111100010 1e
b00101000001111100010011001000001 20
b00000000000010111000100111100001 25
#5
b00000000000010111000100111100011 1e
b00101000010000000010011101000100 20
b00000000000010111000100111100010 25
#6
b00000000000010111000100111100100 1e
b00100110001110110010011000111101 20
b00000000000010111000100111100011 25
#7
b00000000000010111000100111100101 1e
b00101000001111100010011100111100 20
b00000000000010111000100111100100 25
#8
b00000000000010111000100111100110 1e
b00101010010001000010100000111111 20
b00000000000010111000100111100101 25
#9
b00000000000010111000100111100111 1e
b00101001010000000010100101000011 20
b00000000000010111000100111100110 25
#10
b00000000000010111000100111101000 1e
b00101000010000110010101001000011 20
b00000000000010111000100111100111 25
#11
b00000000000010111000100111101001 1e
b00101000010000000010100101000001 20
b00000000000010111000100111101000 25
#12
b00000000000010111000100111101010 1e
b00101001010000000010100101000011 20
b00000000000010111000100111101001 25
#13
b00000000000010111000100111101011 1e
b00101001010000110010100001000000 20
b00000000000010111000100111101010 25
#14
b00000000000010111000100111101100 1e
b00100111010000100010101101000000 20
b00000000000010111000100111101011 25
#15
b00000000000010111000100111101101 1e
b00101001010000010010100101000010 20
b00000000000010111000100111101100 25
#16
b00000000000010111000100111101110 1e
b00101000010000000010100101000010 20
b00000000000010111000100111101101 25
#17
b00000000000010111000100111101111 1e
b00101000010000010010011101000001 20
b00000000000010111000100111101110 25
#18
b00000000000010111000100111110000 1e
b00100110010000000010100101000010 20
b00000000000010111000100111101111 25
#19
b00000000000010111000100111110001 1e
b00101010010000000010101001000001 20
b00000000000010111000100111110000 25
#20
b00000000000010111000100111110010 1e
b00100111010001000010100101000010 20
b00000000000010111000100111110001 25
#21
b00000000000010111000100111110011 1e
b00101010010000100010100001000010 20
b00000000000010111000100111110010 25
#22
b00000000000010111000100111110100 1e
b00101000001111110010100001000001 20
b00000000000010111000100111110011 25
#23
b00000000000010111000100111110101 1e
b00101001010000010010011101000001 20
b00000000000010111000100111110100 25
#24
b00000000000010111000100111110110 1e
b00101000010000000010100001000010 20
b00000000000010111000100111110101 25
#25
b00000000000010111000100111110111 1e
b00111001010000100010100001000010 20
b00000000000010111000100111110110 25
#26
b00000000000010111000100111111000 1e
b00101010010000100010100101000001 20
b00000000000010111000100111110111 25
#27
b00000000000010111000100111111001 1e
b00101001010000100010100000111101 20
b00000000000010111000100111111000 25
#28
b00000000000010111000100111111010 1e
b00101010010000010010100001000011 20
b00000000000010111000100111111001 25
#29
b00000000000010111000100111111011 1e
b00100111010000100010100001000011 20
b00000000000010111000100111111010 25
#30
b00000000000010111000100111111100 1e
b00101010010001000010011101000010 20
b00000000000010111000100111111011 25
#31
b00000000000010111000100111111101 1e
b00100111010000000010100101000000 20
b00000000000010111000100111111100 25
#32
b00000000000010111000100111111110 1e
b00100110001111010010100001000001 20
b00000000000010111000100111111101 25
#33
b00000000000010111000100111111111 1e
b00101000001110110010010100110111 20
b00000000000010111000100111111110 25
#34
b00000000000010111000101000000000 1e
b00101000001111000010011000111011 20
b00000000000010111000100111111111 25
#35
b00000000000010111000101000000001 1e
b00100111010000000010011100111101 20
b00000000000010111000101000000000 25
#36
b00000000000010111000101000000010 1e
b00100101001111000010011000111101 20
b00000000000010111000101000000001 25
#37
b00000000000010111000101000000011 1e
b00100110001111100010011100111101 20
b00000000000010111000101000000010 25
#38
b00000000000010111000101000000100 1e
b00100101001111010010100001000001 20
b00000000000010111000101000000011 25
#39
b00000000000010111000101000000101 1e
b00100100010000000010011000111101 20
b00000000000010111000101000000100 25
#40
b00000000000010111000101000000110 1e
b00100101001111010010011100111111 20
b00000000000010111000101000000101 25
#41
b00000000000010111000101000000111 1e
b00100110010000000010010000111101 20
b00000000000010111000101000000110 25
#42
b00000000000010111000101000001000 1e
b00100111001111100010010100111101 20
b00000000000010111000101000000111 25
#43
b00000000000010111000101000001001 1e
b00100101001111010010010000111101 20
b00000000000010111000101000001000 25
#44
b00000000000010111000101000001010 1e
b00100111001111100010011000111101 20
b00000000000010111000101000001001 25
#45
b00000000000010111000101000001011 1e
b00100101001111100010011000111101 20
b00000000000010111000101000001010 25
#46
b00000000000010111000101000001100 1e
b00100111001111100010100000111011 20
b00000000000010111000101000001011 25
#47
b00000000000010111000101000001101 1e
b00100100010000000010011100111011 20
b00000000000010111000101000001100 25
#48
b00000000000010111000101000001110 1e
b00100101001111010010010100111101 20
b00000000000010111000101000001101 25
#49
b00000000000010111000101000001111 1e
b00101000010000110010011100111101 20
b00000000000010111000101000001110 25
#50
b00000000000010111000101000010000 1e
b00101000010000110010011101000000 20
b00000000000010111000101000001111 25
#51
b00000000000010111000101000010001 1e
b00100111001111000010011101000010 20
b00000000000010111000101000010000 25
#52
b00000000000010111000101000010010 1e
b00100110010000100010100000111101 20
b00000000000010111000101000010001 25
#53
b00000000000010111000101000010011 1e
b00100101001111100010011101000010 20
b00000000000010111000101000010010 25
#54
b00000000000010111000101000010100 1e
b00101001010000000010010100111011 20
b00000000000010111000101000010011 25
#55
b00000000000010111000101000010101 1e
b00100111010000110010100100111111 20
b00000000000010111000101000010100 25
#56
b00000000000010111000101000010110 1e
b00101001010000010010100001000000 20
b00000000000010111000101000010101 25
#57
b00000000000010111000101000010111 1e
b00101010010001000010011101000110 20
b00000000000010111000101000010110 25
#58
b00000000000010111000101000011000 1e
b00100110010001000010100001000100 20
b00000000000010111000101000010111 25
#59
b00000000000010111000101000011001 1e
b00100111010000010010101001000010 20
b00000000000010111000101000011000 25
#60
b00000000000010111000101000011010 1e
b00100111010000110010100101000011 20
b00000000000010111000101000011001 25
#61
b00000000000010111000101000011011 1e
b00100011001111010010011101000010 20
b00000000000010111000101000011010 25
#62
b00000000000010111000101000011100 1e
b00100110001111110010011000111000 20
b00000000000010111000101000011011 25
#63
b00000000000010111000101000011101 1e
b00101001010000100010011000111111 20
b00000000000010111000101000011100 25
#64
b00000000000010111000101000011110 1e
b00101010010001000010101001000100 20
b00000000000010111000101000011101 25
#65
b00000000000010111000101000011111 1e
b00101001010000100010100101000001 20
b00000000000010111000101000011110 25
#66
b00000000000010111000101000100000 1e
b00101001010000000010011101000100 20
b00000000000010111000101000011111 25
#67
b00000000000010111000101000100001 1e
b00101001010000100010101001000011 20
b00000000000010111000101000100000 25
#68
b00000000000010111000101000100010 1e
b00100110001110000010010100111101 20
b00000000000010111000101000100001 25
#69
b00000000000010111000101000100011 1e
b00100011001111000010011101000000 20
b00000000000010111000101000100010 25
#70
b00000000000010111000101000100100 1e
b00100110001111100010001100110110 20
b00000000000010111000101000100011 25
#71
b00000000000010111000101000100101 1e
b00101001010000000010100001000010 20
b00000000000010111000101000100100 25
#72
b00000000000010111000101000100110 1e
b00101001010000000010100101000000 20
b00000000000010111000101000100101 25
#73
b00000000000010111000101000100111 1e
b00100111010000000010011101000010 20
b00000000000010111000101000100110 25
#74
b00000000000010111000101000101000 1e
b00101001010000000010101001000101 20
b00000000000010111000101000100111 25
#75
b00000000000010111000101000101001 1e
b00100111010000000010100001000010 20
b00000000000010111000101000101000 25
#76
b00000000000010111000101000101010 1e
b00101001010000100010100101000011 20
b00000000000010111000101000101001 25
#77
b00000000000010111000101000101011 1e
b00100111010001000010100001000010 20
b00000000000010111000101000101010 25
#78
b00000000000010111000101000101100 1e
b00101010010000000010101001000101 20
b00000000000010111000101000101011 25
#79
b00000000000010111000101000101101 1e
b00100011001111000010011001000001 20
b00000000000010111000101000101100 25
#80
b00000000000010111000101000101110 1e
b00101000001110100010000100110111 20
b00000000000010111000101000101101 25
#81
b00000000000010111000101000101111 1e
b00101000010000100010101001000010 20
b00000000000010111000101000101110 25
#82
b00000000000010111000101000110000 1e
b00100110010001010010100101000100 20
b00000000000010111000101000101111 25
#83
b00000000000010111000101000110001 1e
b00101010010000110010100101000001 20
b00000000000010111000101000110000 25
#84
b00000000000010111000101000110010 1e
b00101000010001000010110001000011 20
b00000000000010111000101000110001 25
#85
b00000000000010111000101000110011 1e
b00101010010000100010101001000001 20
b00000000000010111000101000110010 25
#86
b00000000000010111000101000110100 1e
b00101001010001100010101001000010 20
b00000000000010111000101000110011 25
#87
b00000000000010111000101000110101 1e
b00101010010001000010100101000010 20
b00000000000010111000101000110100 25
#88
b00000000000010111000101000110110 1e
b00101010010000100010011101000110 20
b00000000000010111000101000110101 25
#89
b00000000000010111000101000110111 1e
b00101001010001000010101001000011 20
b00000000000010111000101000110110 25
#90
b00000000000010111000101000111000 1e
b00100111010000000010101101000001 20
b00000000000010111000101000110111 25
#91
b00000000000010111000101000111001 1e
b00101001010000000010100101000001 20
b00000000000010111000101000111000 25
#92
b00000000000010111000101000111010 1e
b00100111010001010010100101000000 20
b00000000000010111000101000111001 25
#93
b00000000000010111000101000111011 1e
b00101001010001010010100101000100 20
b00000000000010111000101000111010 25
#94
b00000000000010111000101000111100 1e
b00101010010001000010100100111111 20
b00000000000010111000101000111011 25
#95
b00000000000010111000101000111101 1e
b00101010010001000010101001000011 20
b00000000000010111000101000111100 25
#96
b00000000000010111000101000111110 1e
b00101010010000010010100101000010 20
b00000000000010111000101000111101 25
#97
b00000000000010111000101000111111 1e
b00101011010000110010011101000010 20
b00000000000010111000101000111110 25
#98
b00000000000010111000101001000000 1e
b00100111010000000010011100111110 20
b00000000000010111000101000111111 25
#99
b00000000000010111000101001000001 1e
b00101010010000100010011000111110 20
b00000000000010111000101001000000 25
#100
b00000000000010111000101001000010 1e
b00100111010000100010100101000011 20
b00000000000010111000101001000001 25
#101
b00000000000010111000101001000011 1e
b00100110010001000010100101000100 20
b00000000000010111000101001000010 25
#102
b00000000000010111000101001000100 1e
b00101011010000110010100001000011 20
b00000000000010111000101001000011 25
#103
b00000000000010111000101001000101 1e
b00101001010000000010100101000100 20
b00000000000010111000101001000100 25
#104
b00000000000010111000101001000110 1e
b00101000001110100010011100111101 20
b00000000000010111000101001000101 25
#105
b00000000000010111000101001000111 1e
b00101000010000100010011100111101 20
b00000000000010111000101001000110 25
#106
b00000000000010111000101001001000 1e
b00101010010001000010101001000100 20
b00000000000010111000101001000111 25
#107
b00000000000010111000101001001001 1e
b00101001010001000010100001000001 20
b00000000000010111000101001001000 25
#108
b00000000000010111000101001001010 1e
b00101011010000100010011101000100 20
b00000000000010111000101001001001 25
#109
b00000000000010111000101001001011 1e
b00101001010000010010100101000100 20
b00000000000010111000101001001010 25
#110
b00000000000010111000101001001100 1e
b00101010010000100010100101000011 20
b00000000000010111000101001001011 25
#111
b00000000000010111000101001001101 1e
b00101001010000100010100001000100 20
b00000000000010111000101001001100 25
#112
b00000000000010111000101001001110 1e
b00101001010000000010010100111111 20
b00000000000010111000101001001101 25
#113
b00000000000010111000101001001111 1e
b00101000010000000010100101000000 20
b00000000000010111000101001001110 25
#114
b00000000000010111000101001010000 1e
b00101001010000010010101001000010 20
b00000000000010111000101001001111 25
#115
b00000000000010111000101001010001 1e
b00100110010000110010100001000010 20
b00000000000010111000101001010000 25
#116
b00000000000010111000101001010010 1e
b00101001010001000010101001000001 20
b00000000000010111000101001010001 25
#117
b00000000000010111000101001010011 1e
b00100111010000100010100101000010 20
b00000000000010111000101001010010 25
#118
b00000000000010111000101001010100 1e
b00101001010000100010101001000011 20
b00000000000010111000101001010011 25
#119
b00000000000010111000101001010101 1e
b00100111010000100010100100111111 20
b00000000000010111000101001010100 25
#120
b00000000000010111000101001010110 1e
b00101000010000010010011000111110 20
b00000000000010111000101001010101 25
#121
b00000000000010111000101001010111 1e
b00101000010000100010100001000000 20
b00000000000010111000101001010110 25
#122
b00000000000010111000101001011000 1e
b00101010010001000010100101000100 20
b00000000000010111000101001010111 25
#123
b00000000000010111000101001011001 1e
b00101001010000000010101001000011 20
b00000000000010111000101001011000 25
#124
b00000000000010111000101001011010 1e
b00101000010000110010100001000011 20
b00000000000010111000101001011001 25
#125
b00000000000010111000101001011011 1e
b00101001010000110010100000111110 20
b00000000000010111000101001011010 25
#126
b00000000000010111000101001011100 1e
b00100111010001010010100101000110 20
b00000000000010111000101001011011 25
#127
b00000000000010111000101001011101 1e
b00101010001111100010100101000011 20
b00000000000010111000101001011100 25
#128
b00000000000010111000101001011110 1e
b00101001010000010010100100111101 20
b00000000000010111000101001011101 25
#129
b00000000000010111000101001011111 1e
b00101010010001010010101001000001 20
b00000000000010111000101001011110 25
#130
b00000000000010111000101001100000 1e
b00101010010000010010100101000010 20
b00000000000010111000101001011111 25
#131
b00000000000010111000101001100001 1e
b00101010010000100010101101000110 20
b00000000000010111000101001100000 25
#132
b00000000000010111000101001100010 1e
b00100111010000100010011101000100 20
b00000000000010111000101001100001 25
#133
b00000000000010111000101001100011 1e
b00100011001110010010011001000010 20
b00000000000010111000101001100010 25
#134
b00000000000010111000101001100100 1e
b00100110001111000010011000111010 20
b00000000000010111000101001100011 25
#135
b00000000000010111000101001100101 1e
b00101001010000100010100101000001 20
b00000000000010111000101001100100 25
#136
b00000000000010111000101001100110 1e
b00101010010000100010101101000111 20
b00000000000010111000101001100101 25
#137
b00000000000010111000101001100111 1e
b00101001010001000010100101000000 20
b00000000000010111000101001100110 25
#138
b00000000000010111000101001101000 1e
b00101010010000100010101001000100 20
b00000000000010111000101001100111 25
#139
b00000000000010111000101001101001 1e
b00101010010001010010100101000010 20
b00000000000010111000101001101000 25
#140
b00000000000010111000101001101010 1e
b00101001010000100010100101000001 20
b00000000000010111000101001101001 25
#141
b00000000000010111000101001101011 1e
b00101000010000110010100101000010 20
b00000000000010111000101001101010 25
#142
b00000000000010111000101001101100 1e
b00101010010000010010011101000100 20
b00000000000010111000101001101011 25
#143
b00000000000010111000101001101101 1e
b00101010010000100010100101000010 20
b00000000000010111000101001101100 25
#144
b00000000000010111000101001101110 1e
b00101000010000100010101001000100 20
b00000000000010111000101001101101 25
#145
b00000000000010111000101001101111 1e
b00101010010000110010101001000000 20
b00000000000010111000101001101110 25
#146
b00000000000010111000101001110000 1e
b00101000010000010010101101000100 20
b00000000000010111000101001101111 25
#147
b00000000000010111000101001110001 1e
b00101010010000010010100001000100 20
b00000000000010111000101001110000 25
#148
b00000000000010111000101001110010 1e
b00100110001111110010100001000101 20
b00000000000010111000101001110001 25
#149
b00000000000010111000101001110011 1e
b00100111001111100010001100111011 20
b00000000000010111000101001110010 25
#150
b00000000000010111000101001110100 1e
b00101000010001110010101001000001 20
b00000000000010111000101001110011 25
#151
b00000000000010111000101001110101 1e
b00101001001111110010100001000001 20
b00000000000010111000101001110100 25
#152
b00000000000010111000101001110110 1e
b00101001010001000010100101000100 20
b00000000000010111000101001110101 25
#153
b00000000000010111000101001110111 1e
b00100110001111010010011000111101 20
b00000000000010111000101001110110 25
#154
b00000000000010111000101001111000 1e
b00101010010000100010100001000000 20
b00000000000010111000101001110111 25
#155
b00000000000010111000101001111001 1e
b00101000010000010010100101000010 20
b00000000000010111000101001111000 25
#156
b00000000000010111000101001111010 1e
b00101001010000100010101001000011 20
b00000000000010111000101001111001 25
#157
b00000000000010111000101001111011 1e
b00101010010000110010100001000010 20
b00000000000010111000101001111010 25
#158
b00000000000010111000101001111100 1e
b00101001010001000010101001000010 20
b00000000000010111000101001111011 25
#159
b00000000000010111000101001111101 1e
b00101000010000100010100101000100 20
b00000000000010111000101001111100 25
#160
b00000000000010111000101001111110 1e
b00101001010000000010100001000001 20
b00000000000010111000101001111101 25
#161
b00000000000010111000101001111111 1e
b00101000010001000010100101000011 20
b00000000000010111000101001111110 25
#162
b00000000000010111000101010000000 1e
b00100111010000100010100101000000 20
b00000000000010111000101001111111 25
#163
b00000000000010111000101010000001 1e
b00101011010000100010100001000011 20
b00000000000010111000101010000000 25
#164
b00000000000010111000101010000010 1e
b00101001010000100010101001000010 20
b00000000000010111000101010000001 25
#165
b00000000000010111000101010000011 1e
b00101010010000100010101001000011 20
b00000000000010111000101010000010 25
#166
b00000000000010111000101010000100 1e
b00101000010000110010100101000100 20
b00000000000010111000101010000011 25
#167
b00000000000010111000101010000101 1e
b00101000010000100010100101000001 20
b00000000000010111000101010000100 25
#168
b00000000000010111000101010000110 1e
b00100110010000100010100001000100 20
b00000000000010111000101010000101 25
#169
b00000000000010111000101010000111 1e
b00100110001110010010010000111101 20
b00000000000010111000101010000110 25
#170
b00000000000010111000101010001000 1e
b00101001010000100010100101000001 20
b00000000000010111000101010000111 25
#171
b00000000000010111000101010001001 1e
b00101000010000100010101001000001 20
b00000000000010111000101010001000 25
#172
b00000000000010111000101010001010 1e
b00101001010000110010100001000001 20
b00000000000010111000101010001001 25
#173
b00000000000010111000101010001011 1e
b00101001010001000010100001000001 20
b00000000000010111000101010001010 25
#174
b00000000000010111000101010001100 1e
b00101001010000100010101001000010 20
b00000000000010111000101010001011 25
#175
b00000000000010111000101010001101 1e
b00100111010000100010100001000010 20
b00000000000010111000101010001100 25
#176
b00000000000010111000101010001110 1e
b00101001010000010010011001000001 20
b00000000000010111000101010001101 25
#177
b00000000000010111000101010001111 1e
b00101000010000000010100101000010 20
b00000000000010111000101010001110 25
#178
b00000000000010111000101010010000 1e
b00100111010000100010101001000010 20
b00000000000010111000101010001111 25
#179
b00000000000010111000101010010001 1e
b00101001010000010010011101000001 20
b00000000000010111000101010010000 25
#180
b00000000000010111000101010010010 1e
b00101001010000100010011001000010 20
b00000000000010111000101010010001 25
#181
b00000000000010111000101010010011 1e
b00101010001111110010100101000100 20
b00000000000010111000101010010010 25
#182
b00000000000010111000101010010100 1e
b00100101001110010010011000111101 20
b00000000000010111000101010010011 25
#183
b00000000000010111000101010010101 1e
b00100111010000100010101000111101 20
b00000000000010111000101010010100 25
#184
b00000000000010111000101010010110 1e
b00100100010000000010100001000010 20
b00000000000010111000101010010101 25
#185
b00000000000010111000101010010111 1e
b00101011010000100010011101000001 20
b00000000000010111000101010010110 25
#186
b00000000000010111000101010011000 1e
b00100110010001000010100101000000 20
b00000000000010111000101010010111 25
#187
b00000000000010111000101010011001 1e
b00101000010000100010100101000100 20
b00000000000010111000101010011000 25
#188
b00000000000010111000101010011010 1e
b00101001010000010010100001000010 20
b00000000000010111000101010011001 25
#189
b00000000000010111000101010011011 1e
b00101010001111100010100001000001 20
b00000000000010111000101010011010 25
#190
b00000000000010111000101010011100 1e
b00100110010000000010100001000001 20
b00000000000010111000101010011011 25
#191
b00000000000010111000101010011101 1e
b00101000010000100010100100111101 20
b00000000000010111000101010011100 25
#192
b00000000000010111000101010011110 1e
b00101001010000010010011001000001 20
b00000000000010111000101010011101 25
#193
b00000000000010111000101010011111 1e
b00101010010001100010101001000000 20
b00000000000010111000101010011110 25
#194
b00000000000010111000101010100000 1e
b00101000010000110010011101000010 20
b00000000000010111000101010011111 25
#195
b00000000000010111000101010100001 1e
b00100110001110010010011100111110 20
b00000000000010111000101010100000 25
#196
b00000000000010111000101010100010 1e
b00101011001111110010011100111101 20
b00000000000010111000101010100001 25
#197
b00000000000010111000101010100011 1e
b00100011010000000010100001000001 20
b00000000000010111000101010100010 25
#198
b00000000000010111000101010100100 1e
b00101000001101110010010000110101 20
b00000000000010111000101010100011 25
#199
b00000000000010111000101010100101 1e
b00101001010000100010101001000000 20
b00000000000010111000101010100100 25
#200
b00000000000010111000101010100110 1e
b00101000010000100010011001000001 20
b00000000000010111000101010100101 25
#201
b00000000000010111000101010100111 1e
b00100000001101010010011001000000 20
b00000000000010111000101010100110 25
#202
b00000000000010111000101010101000 1e
b00101000001111010010001000110011 20
b00000000000010111000101010100111 25
#203
b00000000000010111000101010101001 1e
b00101000010001000010100001000100 20
b00000000000010111000101010101000 25
#204
b00000000000010111000101010101010 1e
b00101000010000100010100101000001 20
b00000000000010111000101010101001 25
#205
b00000000000010111000101010101011 1e
b00101000010000100010100100111110 20
b00000000000010111000101010101010 25
#206
b00000000000010111000101010101100 1e
b00101010010000110010100001000100 20
b00000000000010111000101010101011 25
#207
b00000000000010111000101010101101 1e
b00101000010000100010100001000001 20
b00000000000010111000101010101100 25
#208
b00000000000010111000101010101110 1e
b00101010010000100010100001000010 20
b00000000000010111000101010101101 25
#209
b00000000000010111000101010101111 1e
b00101000010000100010100001000100 20
b00000000000010111000101010101110 25
#210
b00000000000010111000101010110000 1e
b00101000010000010010100001000010 20
b00000000000010111000101010101111 25
#211
b00000000000010111000101010110001 1e
b00100110010000110010100101000010 20
b00000000000010111000101010110000 25
#212
b00000000000010111000101010110010 1e
b00101010010000010010101101000000 20
b00000000000010111000101010110001 25
#213
b00000000000010111000101010110011 1e
b00101000010000000010101001000011 20
b00000000000010111000101010110010 25
#214
b00000000000010111000101010110100 1e
b00100111010000100010011101000000 20
b00000000000010111000101010110011 25
#215
b00000000000010111000101010110101 1e
b00100110010000000010100101000001 20
b00000000000010111000101010110100 25
#216
b00000000000010111000101010110110 1e
b00101000010000010010011101000001 20
b00000000000010111000101010110101 25
#217
b00000000000010111000101010110111 1e
b00101000010000010010101001000010 20
b00000000000010111000101010110110 25
#218
b00000000000010111000101010111000 1e
b00101010010000010010100001000100 20
b00000000000010111000101010110111 25
#219
b00000000000010111000101010111001 1e
b00101001010000010010101001000000 20
b00000000000010111000101010111000 25
#220
b00000000000010111000101010111010 1e
b00100111010000000010101001000001 20
b00000000000010111000101010111001 25
#221
b00000000000010111000101010111011 1e
b00101001010000000010100101000001 20
b00000000000010111000101010111010 25
#222
b00000000000010111000101010111100 1e
b00101001010000000010101001000000 20
b00000000000010111000101010111011 25
#223
b00000000000010111000101010111101 1e
b00101000010000100010100001000000 20
b00000000000010111000101010111100 25
#224
b00000000000010111000101010111110 1e
b00101000010000000010101001000100 20
b00000000000010111000101010111101 25
#225
b00000000000010111000101010111111 1e
b00101000010000100010100100111111 20
b00000000000010111000101010111110 25
#226
b00000000000010111000101011000000 1e
b00101010010000010010100001000011 20
b00000000000010111000101010111111 25
#227
b00000000000010111000101011000001 1e
b00101010010000110010100100111110 20
b00000000000010111000101011000000 25
#228
b00000000000010111000101011000010 1e
b00101001010000100010011101000010 20
b00000000000010111000101011000001 25
#229
b00000000000010111000101011000011 1e
b00101001010001000010101001000010 20
b00000000000010111000101011000010 25
#230
b00000000000010111000101011000100 1e
b00100111010000010010100001000010 20
b00000000000010111000101011000011 25
#231
b00000000000010111000101011000101 1e
b00101001010000000010011000111101 20
b00000000000010111000101011000100 25
#232
b00000000000010111000101011000110 1e
b00101001010000100010100000111101 20
b00000000000010111000101011000101 25
#233
b00000000000010111000101011000111 1e
b00100110001111000010100000111110 20
b00000000000010111000101011000110 25
#234
b00000000000010111000101011001000 1e
b00101000010000010010011000111011 20
b00000000000010111000101011000111 25
#235
b00000000000010111000101011001001 1e
b00101000010000100010100001000001 20
b00000000000010111000101011001000 25
#236
b00000000000010111000101011001010 1e
b00101010010000000010100001000010 20
b00000000000010111000101011001001 25
#237
b00000000000010111000101011001011 1e
b00100111010000010010100001000010 20
b00000000000010111000101011001010 25
#238
b00000000000010111000101011001100 1e
b00101000010000010010011001000000 20
b00000000000010111000101011001011 25
#239
b00000000000010111000101011001101 1e
b00101010010000100010011001000100 20
b00000000000010111000101011001100 25
#240
b00000000000010111000101011001110 1e
b00101001010000110010011001000000 20
b00000000000010111000101011001101 25
#241
b00000000000010111000101011001111 1e
b00101001010000100010101001000001 20
b00000000000010111000101011001110 25
#242
b00000000000010111000101011010000 1e
b00101010010000000010011001000010 20
b00000000000010111000101011001111 25
#243
b00000000000010111000101011010001 1e
b00100111001111110010011101000001 20
b00000000000010111000101011010000 25
#244
b00000000000010111000101011010010 1e
b00101000010000000010100000111111 20
b00000000000010111000101011010001 25
#245
b00000000000010111000101011010011 1e
b00101000010001000010100001000011 20
b00000000000010111000101011010010 25
#246
b00000000000010111000101011010100 1e
b00100111010000110010100101000001 20
b00000000000010111000101011010011 25
#247
b00000000000010111000101011010101 1e
b00100110010000000010100001000010 20
b00000000000010111000101011010100 25
#248
b00000000000010111000101011010110 1e
b00100110010000000010011100111110 20
b00000000000010111000101011010101 25
#249
b00000000000010111000101011010111 1e
b00101000010000010010100001000101 20
b00000000000010111000101011010110 25
#250
b00000000000010111000101011011000 1e
b00101000010001000010100001000011 20
b00000000000010111000101011010111 25
#251
b00000000000010111000101011011001 1e
b00101001010000000010100001000011 20
b00000000000010111000101011011000 25
#252
b00000000000010111000101011011010 1e
b00101000010000000010100001000010 20
b00000000000010111000101011011001 25
#253
b00000000000010111000101011011011 1e
b00101001010000100010101001000001 20
b00000000000010111000101011011010 25
#254
b00000000000010111000101011011100 1e
b00100111001111100010011000111011 20
b00000000000010111000101011011011 25
#255
b00000000000010111000101011011101 1e
b00101000010001000010100001000010 20
b00000000000010111000101011011100 25
#256
b00000000000010111000101011011110 1e
b00101010010000000010100001000010 20
b00000000000010111000101011011101 25
#257
b00000000000010111000101011011111 1e
b00101001010001000010101001000100 20
b00000000000010111000101011011110 25
#258
b00000000000010111000101011100000 1e
b00101001010000110010011101000001 20
b00000000000010111000101011011111 25
#259
b00000000000010111000101011100001 1e
b00101010010000110010100001000011 20
b00000000000010111000101011100000 25
#260
b00000000000010111000101011100010 1e
b00100111001111110010101001000011 20
b00000000000010111000101011100001 25
#261
b00000000000010111000101011100011 1e
b00100110001110110010100101000000 20
b00000000000010111000101011100010 25
#262
b00000000000010111000101011100100 1e
b00101010010000000010011100111110 20
b00000000000010111000101011100011 25
#263
b00000000000010111000101011100101 1e
b00101001010000010010100000111110 20
b00000000000010111000101011100100 25
#264
b00000000000010111000101011100110 1e
b00101000010000000010101001000011 20
b00000000000010111000101011100101 25
#265
b00000000000010111000101011100111 1e
b00100110010000000010011000111110 20
b00000000000010111000101011100110 25
#266
b00000000000010111000101011101000 1e
b00101000001111110010100101000001 20
b00000000000010111000101011100111 25
#267
b00000000000010111000101011101001 1e
b00100110001110010010011100111110 20
b00000000000010111000101011101000 25
#268
b00000000000010111000101011101010 1e
b00100110001111010010100000111011 20
b00000000000010111000101011101001 25
#269
b00000000000010111000101011101011 1e
b00100011001101110010001100111010 20
b00000000000010111000101011101010 25
#270
b00000000000010111000101011101100 1e
b00100100001110110010001000110111 20
b00000000000010111000101011101011 25
#271
b00000000000010111000101011101101 1e
b00100011001110010010011000111000 20
b00000000000010111000101011101100 25
#272
b00000000000010111000101011101110 1e
b00100101001111000010010100111111 20
b00000000000010111000101011101101 25
#273
b00000000000010111000101011101111 1e
b00100111001111010010010100111011 20
b00000000000010111000101011101110 25
#274
b00000000000010111000101011110000 1e
b00100100001110110010010000111010 20
b00000000000010111000101011101111 25
#275
b00000000000010111000101011110001 1e
b00100101001110110010010100111010 20
b00000000000010111000101011110000 25
#276
b00000000000010111000101011110010 1e
b00100101001110010010011000111011 20
b00000000000010111000101011110001 25
#277
b00000000000010111000101011110011 1e
b00100100001110010010010100111011 20
b00000000000010111000101011110010 25
#278
b00000000000010111000101011110100 1e
b00100101001111000010011000111010 20
b00000000000010111000101011110011 25
#279
b00000000000010111000101011110101 1e
b00100101001111100010010000111000 20
b00000000000010111000101011110100 25
#280
b00000000000010111000101011110110 1e
b00100101001110100010001000111011 20
b00000000000010111000101011110101 25
#281
b00000000000010111000101011110111 1e
b00100110001110110010010100111010 20
b00000000000010111000101011110110 25
#282
b00000000000010111000101011111000 1e
b00100110010000000010011000111011 20
b00000000000010111000101011110111 25
#283
b00000000000010111000101011111001 1e
b00101000001111110010100100111111 20
b00000000000010111000101011111000 25
#284
b00000000000010111000101011111010 1e
b00101000010000010010100001000011 20
b00000000000010111000101011111001 25
#285
b00000000000010111000101011111011 1e
b00101000010000010010100001000000 20
b00000000000010111000101011111010 25
#286
b00000000000010111000101011111100 1e
b00101001001111000010100001000000 20
b00000000000010111000101011111011 25
#287
b00000000000010111000101011111101 1e
b00100110001111010010011000111101 20
b00000000000010111000101011111100 25
#288
b00000000000010111000101011111110 1e
b00101010001111100010100000111110 20
b00000000000010111000101011111101 25
#289
06
b00000000001000001000000000000110 b
b00000000000010111000101011111111 1e
01f
b00101000001111110010011101000010 20
b00000000000010111000101011111110 25
026
#290
08
b00000000000010111000101100000000 1e
b00101000010000100010100001000010 20
b00000000000010111000101011111111 25
#291
b00101000010000000010100101000001 20
121
b00000000000010111000101100000000 25
#292
024
b0000 27
#297
b00000000001010001000000000000110 b
#347
b00000000001000001000000000000110 b
#452
16
b00000000001000001000000000000100 b
11f
126
#453
18
#454
b00000000000010111000101100000001 1e
021
#455
b00000000000010111000101100000010 1e
b00101000010000000010011100111110 20
124
b00000000000010111000101100000001 25
b1111 27
#456
b00000000000010111000101100000011 1e
b00101100010000010010011100111111 20
b00000000000010111000101100000010 25
#457
b00000000000010111000101100000100 1e
b00101001010000010010100100111111 20
b00000000000010111000101100000011 25
#458
b00000000000010111000101100000101 1e
b00101001010000100010100001000001 20
b00000000000010111000101100000100 25
#459
b00000000000010111000101100000110 1e
b00100111010000000010100100111111 20
b00000000000010111000101100000101 25
#460
b00000000000010111000101100000111 1e
b00101000010000000010100000111111 20
b00000000000010111000101100000110 25
#461
b00000000000010111000101100001000 1e
b00100110001111110010100000111111 20
b00000000000010111000101100000111 25
#462
b00000000000010111000101100001001 1e
b00101010001111110010100000111111 20
b00000000000010111000101100001000 25
#463
b00000000000010111000101100001010 1e
b00100101001110110010011000111100 20
b00000000000010111000101100001001 25
#464
b00000000000010111000101100001011 1e
b00011111001100110010001100110111 20
b00000000000010111000101100001010 25
#465
b00000000000010111000101100001100 1e
b00100010001011100001111100101111 20
b00000000000010111000101100001011 25
#466
b00000000000010111000101100001101 1e
b00100100001101100010000100110011 20
b00000000000010111000101100001100 25
#467
b00000000000010111000101100001110 1e
b00100011001110010010010000111001 20
b00000000000010111000101100001101 25
#468
b00000000000010111000101100001111 1e
b00100111001111000010010100111011 20
b00000000000010111000101100001110 25
#469
b00000000000010111000101100010000 1e
b00100110001110100010010100111100 20
b00000000000010111000101100001111 25
#470
b00000000000010111000101100010001 1e
b00100110001111000010010000111001 20
b00000000000010111000101100010000 25
#471
b00000000000010111000101100010010 1e
b00100110001111000010001100111011 20
b00000000000010111000101100010001 25
#472
b00000000000010111000101100010011 1e
b00100110001110100010010000111011 20
b00000000000010111000101100010010 25
#473
b00000000000010111000101100010100 1e
b00100110001110100010010100111010 20
b00000000000010111000101100010011 25
#474
b00000000000010111000101100010101 1e
b00100110001110100010010000111101 20
b00000000000010111000101100010100 25
#475
b00000000000010111000101100010110 1e
b00100101001111010010010100111011 20
b00000000000010111000101100010101 25
#476
b00000000000010111000101100010111 1e
b00100101001111010010011101000000 20
b00000000000010111000101100010110 25
#477
b00000000000010111000101100011000 1e
b00100101001111100010011000111101 20
b00000000000010111000101100010111 25
#478
b00000000000010111000101100011001 1e
b00100110001111010010100000111011 20
b00000000000010111000101100011000 25
#479
b00000000000010111000101100011010 1e
b00100110001111100010011100111011 20
b00000000000010111000101100011001 25
#480
b00000000000010111000101100011011 1e
b00100101001110110010010100111010 20
b00000000000010111000101100011010 25
#481
b00000000000010111000101100011100 1e
b00100110001111000010010100111010 20
b00000000000010111000101100011011 25
#482
b00000000000010111000101100011101 1e
b00100110001111000010011000111100 20
b00000000000010111000101100011100 25
#483
b00000000000010111000101100011110 1e
b00100110010000000010100000111101 20
b00000000000010111000101100011101 25
#484
b00000000000010111000101100011111 1e
b00100111001111100010010000111101 20
b00000000000010111000101100011110 25
#485
b00000000000010111000101100100000 1e
b00101000001111010010011101000000 20
b00000000000010111000101100011111 25
#486
b00000000000010111000101100100001 1e
b00101000010000000010011100111111 20
b00000000000010111000101100100000 25
#487
b00000000000010111000101100100010 1e
b00101010010000110010100001000001 20
b00000000000010111000101100100001 25
#488
b00000000000010111000101100100011 1e
b00101011001111100010100001000000 20
b00000000000010111000101100100010 25
#489
b00000000000010111000101100100100 1e
b00101000010000010010100100111110 20
b00000000000010111000101100100011 25
#490
b00000000000010111000101100100101 1e
b00101001001111000010011000111111 20
b00000000000010111000101100100100 25
#491
b00000000000010111000101100100110 1e
b00101000010000010010100001000001 20
b00000000000010111000101100100101 25
#492
b00000000000010111000101100100111 1e
b00101001010000000010101001000100 20
b00000000000010111000101100100110 25
#493
b00000000000010111000101100101000 1e
b00101001001111110010100000111111 20
b00000000000010111000101100100111 25
#494
b00000000000010111000101100101001 1e
b00000000000010111000101100101000 25
#495
b00000000000010111000101100101010 1e
b00101010000110100010100000011010 20
b00000000000010111000101100101001 25
#496
b00000000000010111000101100101011 1e
b00101011000110100010100000011010 20
b00000000000010111000101100101010 25
#497
b00000000000010111000101100101100 1e
b00101011000110100010101000011001 20
b00000000000010111000101100101011 25
#498
b00000000000010111000101100101101 1e
b00101010000110110010111000011010 20
b00000000000010111000101100101100 25
#499
b00000000000010111000101100101110 1e
b00101010000110100010101100011011 20
b00000000000010111000101100101101 25
#500
b00000000000010111000101100101111 1e
b00101010000110110010101100011010 20
b00000000000010111000101100101110 25
#501
b00000000000010111000101100110000 1e
b00101001000110100010100000011010 20
b00000000000010111000101100101111 25
#502
b00000000000010111000101100110001 1e
b00101010000110010010101100011001 20
b00000000000010111000101100110000 25
#503
b00000000000010111000101100110010 1e
b00101010000110110010101000011011 20
b00000000000010111000101100110001 25
#504
b00000000000010111000101100110011 1e
b00101010000110010010101000011001 20
b00000000000010111000101100110010 25
#505
b00000000000010111000101100110100 1e
b00101100000110100010101000011001 20
b00000000000010111000101100110011 25
#506
b00000000000010111000101100110101 1e
b00101100000110110010101000011001 20
b00000000000010111000101100110100 25
#507
b00000000000010111000101100110110 1e
b00101100000110100010101000011010 20
b00000000000010111000101100110101 25
#508
b00000000000010111000101100110111 1e
b00101010000110100010101000011001 20
b00000000000010111000101100110110 25
#509
b00000000000010111000101100111000 1e
b00101011000110100010110000011001 20
b00000000000010111000101100110111 25
#510
b00000000000010111000101100111001 1e
b00101101000110100010101000011010 20
b00000000000010111000101100111000 25
#511
b00000000000010111000101100111010 1e
b00101100000110100010101000011010 20
b00000000000010111000101100111001 25
#512
b00000000000010111000101100111011 1e
b00101011000110010010110000011001 20
b00000000000010111000101100111010 25
#513
b00000000000010111000101100111100 1e
b00101100000110110010101100011001 20
b00000000000010111000101100111011 25
#514
b00000000000010111000101100111101 1e
b00101010000110110010101000011010 20
b00000000000010111000101100111100 25
#515
b00000000000010111000101100111110 1e
b00000000000010111000101100111101 25
#516
b00000000000010111000101100111111 1e
b00101100000110110010110000011010 20
b00000000000010111000101100111110 25
#517
b00000000000010111000101101000000 1e
b00101100000110100010110000011001 20
b00000000000010111000101100111111 25
#518
b00000000000010111000101101000001 1e
b00101011000110100010110000011011 20
b00000000000010111000101101000000 25
#519
b00000000000010111000101101000010 1e
b00101101000110110010110000011011 20
b00000000000010111000101101000001 25
#520
b00000000000010111000101101000011 1e
b00101011000110110010101100011011 20
b00000000000010111000101101000010 25
#521
b00000000000010111000101101000100 1e
b00101100000110110010101100011011 20
b00000000000010111000101101000011 25
#522
b00000000000010111000101101000101 1e
b00101010000110110010101000011011 20
b00000000000010111000101101000100 25
#523
b00000000000010111000101101000110 1e
b00101100000110110010110000011011 20
b00000000000010111000101101000101 25
#524
b00000000000010111000101101000111 1e
b00101011000110110010101000011100 20
b00000000000010111000101101000110 25
#525
b00000000000010111000101101001000 1e
b00101011000110110010110100011011 20
b00000000000010111000101101000111 25
#526
b00000000000010111000101101001001 1e
b00101100000111000010110000011100 20
b00000000000010111000101101001000 25
#527
b00000000000010111000101101001010 1e
b00101100000110100010101100011011 20
b00000000000010111000101101001001 25
#528
b00000000000010111000101101001011 1e
b00101100000110110010101000011011 20
b00000000000010111000101101001010 25
#529
b00000000000010111000101101001100 1e
b00101101000111000010101100011011 20
b00000000000010111000101101001011 25
#530
b00000000000010111000101101001101 1e
b00101100000110110010101100011011 20
b00000000000010111000101101001100 25
#531
b00000000000010111000101101001110 1e
b00101011000110110010100100011010 20
b00000000000010111000101101001101 25
#532
b00000000000010111000101101001111 1e
b00101101000110100010101100011101 20
b00000000000010111000101101001110 25
#533
b00000000000010111000101101010000 1e
b00101100000111000010110000011011 20
b00000000000010111000101101001111 25
#534
b00000000000010111000101101010001 1e
b00101010000110100010101000011100 20
b00000000000010111000101101010000 25
#535
b00000000000010111000101101010010 1e
b00101101000110110010110000011100 20
b00000000000010111000101101010001 25
#536
b00000000000010111000101101010011 1e
b00101011000110110010101100011011 20
b00000000000010111000101101010010 25
#537
b00000000000010111000101101010100 1e
b00101100000111000010110000011011 20
b00000000000010111000101101010011 25
#538
b00000000000010111000101101010101 1e
b00101011000110110010110100011011 20
b00000000000010111000101101010100 25
#539
b00000000000010111000101101010110 1e
b00101100000110110010101000011011 20
b00000000000010111000101101010101 25
#540
b00000000000010111000101101010111 1e
b00101010000111010010101100011011 20
b00000000000010111000101101010110 25
#541
b00000000000010111000101101011000 1e
b00101101000110100010101100011011 20
b00000000000010111000101101010111 25
#542
b00000000000010111000101101011001 1e
b00101100000110110010110100011011 20
b00000000000010111000101101011000 25
#543
b00000000000010111000101101011010 1e
b00101000000110100010110100011011 20
b00000000000010111000101101011001 25
#544
b00000000000010111000101101011011 1e
b00101100000110100010110000011011 20
b00000000000010111000101101011010 25
#545
b00000000000010111000101101011100 1e
b00101010000110110010110000011010 20
b00000000000010111000101101011011 25
#546
b00000000000010111000101101011101 1e
b00101010000110100010101000011010 20
b00000000000010111000101101011100 25
#547
b00000000000010111000101101011110 1e
b00101010000110110010101000011011 20
b00000000000010111000101101011101 25
#548
b00000000000010111000101101011111 1e
b00101010000110010010101100011011 20
b00000000000010111000101101011110 25
#549
b00000000000010111000101101100000 1e
b00101100000110100010100100011001 20
b00000000000010111000101101011111 25
#550
b00000000000010111000101101100001 1e
b00101110000110100010110000011010 20
b00000000000010111000101101100000 25
#551
b00000000000010111000101101100010 1e
b00101110000110110010101100011010 20
b00000000000010111000101101100001 25
#552
b00000000000010111000101101100011 1e
b00101111000111000010110000011011 20
b00000000000010111000101101100010 25
#553
b00000000000010111000101101100100 1e
b00101110000111000010110100011100 20
b00000000000010111000101101100011 25
#554
b00000000000010111000101101100101 1e
b00101101000111010010110100011011 20
b00000000000010111000101101100100 25
#555
b00000000000010111000101101100110 1e
b00101011000110110010110000011100 20
b00000000000010111000101101100101 25
#556
b00000000000010111000101101100111 1e
b00101100000110110010110100011011 20
b00000000000010111000101101100110 25
#557
b00000000000010111000101101101000 1e
b00101110000110110010110000011101 20
b00000000000010111000101101100111 25
#558
b00000000000010111000101101101001 1e
b00101110000111000010110000011010 20
b00000000000010111000101101101000 25
#559
b00000000000010111000101101101010 1e
b00101011000110110010111100011101 20
b00000000000010111000101101101001 25
#560
b00000000000010111000101101101011 1e
b00101110000111000010111100011100 20
b00000000000010111000101101101010 25
#561
b00000000000010111000101101101100 1e
b00101110000110110010110100011010 20
b00000000000010111000101101101011 25
#562
b00000000000010111000101101101101 1e
b00101110000111000010111000011100 20
b00000000000010111000101101101100 25
#563
b00000000000010111000101101101110 1e
b00101110000110110010111000011011 20
b00000000000010111000101101101101 25
#564
b00000000000010111000101101101111 1e
b00101101000111000010111100011011 20
b00000000000010111000101101101110 25
#565
b00000000000010111000101101110000 1e
b00101110000110110010101100011100 20
b00000000000010111000101101101111 25
#566
b00000000000010111000101101110001 1e
b00101101000110110010111000011101 20
b00000000000010111000101101110000 25
#567
b00000000000010111000101101110010 1e
b00101101000110110011000000011011 20
b00000000000010111000101101110001 25
#568
b00000000000010111000101101110011 1e
b00101101000110110010110100011011 20
b00000000000010111000101101110010 25
#569
b00000000000010111000101101110100 1e
b00101100000110110010110000011011 20
b00000000000010111000101101110011 25
#570
b00000000000010111000101101110101 1e
b00101101000110100010110000011010 20
b00000000000010111000101101110100 25
#571
b00000000000010111000101101110110 1e
b00101100000110100010111000011011 20
b00000000000010111000101101110101 25
#572
b00000000000010111000101101110111 1e
b00110000000111000010111000011011 20
b00000000000010111000101101110110 25
#573
b00000000000010111000101101111000 1e
b00101110000110110010110100011011 20
b00000000000010111000101101110111 25
#574
b00000000000010111000101101111001 1e
b00101110000111000010111000011011 20
b00000000000010111000101101111000 25
#575
b00000000000010111000101101111010 1e
b00101100000110100010110100011011 20
b00000000000010111000101101111001 25
#576
b00000000000010111000101101111011 1e
b00101110000111000010111000011011 20
b00000000000010111000101101111010 25
#577
b00000000000010111000101101111100 1e
b00101100000111000010111100011100 20
b00000000000010111000101101111011 25
#578
b00000000000010111000101101111101 1e
b00101111000111000010111100011011 20
b00000000000010111000101101111100 25
#579
b00000000000010111000101101111110 1e
b00101101000111000010110100011100 20
b00000000000010111000101101111101 25
#580
b00000000000010111000101101111111 1e
b00101110000111000010110100011100 20
b00000000000010111000101101111110 25
#581
b00000000000010111000101110000000 1e
b00101101000111000010111000011011 20
b00000000000010111000101101111111 25
#582
b00000000000010111000101110000001 1e
b00101100000111000010111000011011 20
b00000000000010111000101110000000 25
#583
b00000000000010111000101110000010 1e
b00110000000111000010110000011100 20
b00000000000010111000101110000001 25
#584
b00000000000010111000101110000011 1e
b00101111000111000010111000011100 20
b00000000000010111000101110000010 25
#585
b00000000000010111000101110000100 1e
b00110000000110110010111100011101 20
b00000000000010111000101110000011 25
#586
b00000000000010111000101110000101 1e
b00101101000111000010111000011101 20
b00000000000010111000101110000100 25
#587
b00000000000010111000101110000110 1e
b00110000000110110010111000011011 20
b00000000000010111000101110000101 25
#588
b00000000000010111000101110000111 1e
b00101110000111000010111000011011 20
b00000000000010111000101110000110 25
#589
b00000000000010111000101110001000 1e
b00101100000110110010111000011100 20
b00000000000010111000101110000111 25
#590
b00000000000010111000101110001001 1e
b00101110000110110010110000011101 20
b00000000000010111000101110001000 25
#591
b00000000000010111000101110001010 1e
b00101110000111000010111000011100 20
b00000000000010111000101110001001 25
#592
b00000000000010111000101110001011 1e
b00101100000110110010111000011100 20
b00000000000010111000101110001010 25
#593
b00000000000010111000101110001100 1e
b00110000000111010010111000011011 20
b00000000000010111000101110001011 25
#594
b00000000000010111000101110001101 1e
b00101110000111010011000100011011 20
b00000000000010111000101110001100 25
#595
b00000000000010111000101110001110 1e
b00110000000111000010110100011100 20
b00000000000010111000101110001101 25
#596
b00000000000010111000101110001111 1e
b00101111000111000010111000011011 20
b00000000000010111000101110001110 25
#597
b00000000000010111000101110010000 1e
b00101111000110110010111000011100 20
b00000000000010111000101110001111 25
#598
b00000000000010111000101110010001 1e
b00101111000111000010111100011100 20
b00000000000010111000101110010000 25
#599
b00000000000010111000101110010010 1e
b00101111000111000011000000011100 20
b00000000000010111000101110010001 25
#600
b00000000000010111000101110010011 1e
b00101111000110110010111000011101 20
b00000000000010111000101110010010 25
#601
b00000000000010111000101110010100 1e
b00101111000110110011000000011100 20
b00000000000010111000101110010011 25
#602
b00000000000010111000101110010101 1e
b00110000000111000011000100011011 20
b00000000000010111000101110010100 25
#603
b00000000000010111000101110010110 1e
b00101110000111000011000000011101 20
b00000000000010111000101110010101 25
#604
b00000000000010111000101110010111 1e
b00110010000111010011000000011011 20
b00000000000010111000101110010110 25
#605
b00000000000010111000101110011000 1e
b00110000000111000011000000011011 20
b00000000000010111000101110010111 25
#606
b00000000000010111000101110011001 1e
b00110000000110110010111100011100 20
b00000000000010111000101110011000 25
#607
b00000000000010111000101110011010 1e
b00101110000110110011000000011011 20
b00000000000010111000101110011001 25
#608
b00000000000010111000101110011011 1e
b00110000000111010011000000011101 20
b00000000000010111000101110011010 25
#609
b00000000000010111000101110011100 1e
b00110000000111010011000000011100 20
b00000000000010111000101110011011 25
#610
b00000000000010111000101110011101 1e
b00110011000111010011000000011011 20
b00000000000010111000101110011100 25
#611
b00000000000010111000101110011110 1e
b00101110000111000011000000011101 20
b00000000000010111000101110011101 25
#612
b00000000000010111000101110011111 1e
b00101110000111000010111000011100 20
b00000000000010111000101110011110 25
#613
b00000000000010111000101110100000 1e
b00101110000111010011000000011100 20
b00000000000010111000101110011111 25
#614
b00000000000010111000101110100001 1e
b00110000000111000011000000011110 20
b00000000000010111000101110100000 25
#615
b00000000000010111000101110100010 1e
b00110000000111000011000000011100 20
b00000000000010111000101110100001 25
#616
b00000000000010111000101110100011 1e
b00110000000111010011000100011011 20
b00000000000010111000101110100010 25
#617
b00000000000010111000101110100100 1e
b00110001000111010011000000011100 20
b00000000000010111000101110100011 25
#618
b00000000000010111000101110100101 1e
b00110000000111010011000100011011 20
b00000000000010111000101110100100 25
#619
b00000000000010111000101110100110 1e
b00101110000111000011000000011101 20
b00000000000010111000101110100101 25
#620
b00000000000010111000101110100111 1e
b00110000000111010011000000011110 20
b00000000000010111000101110100110 25
#621
b00000000000010111000101110101000 1e
b00101111000110110011000100011101 20
b00000000000010111000101110100111 25
#622
b00000000000010111000101110101001 1e
b00110000000111010011000000011110 20
b00000000000010111000101110101000 25
#623
b00000000000010111000101110101010 1e
b00110000000111010010111000011100 20
b00000000000010111000101110101001 25
#624
b00000000000010111000101110101011 1e
b00110001000111000010111000011101 20
b00000000000010111000101110101010 25
#625
b00000000000010111000101110101100 1e
b00101101000110110010111000011101 20
b00000000000010111000101110101011 25
#626
b00000000000010111000101110101101 1e
b00101111000111010010111100011101 20
b00000000000010111000101110101100 25
#627
b00000000000010111000101110101110 1e
b00101110000111000010111000011100 20
b00000000000010111000101110101101 25
#628
b00000000000010111000101110101111 1e
b00101110000111000010101100011100 20
b00000000000010111000101110101110 25
#629
b00000000000010111000101110110000 1e
b00110001000111000010111100011101 20
b00000000000010111000101110101111 25
#630
b00000000000010111000101110110001 1e
b00101101000111010011000000011101 20
b00000000000010111000101110110000 25
#631
b00000000000010111000101110110010 1e
b00110000000111000010110000011100 20
b00000000000010111000101110110001 25
#632
b00000000000010111000101110110011 1e
b00110001000111010010111000011100 20
b00000000000010111000101110110010 25
#633
b00000000000010111000101110110100 1e
b00101111000111010010111100011101 20
b00000000000010111000101110110011 25
#634
b00000000000010111000101110110101 1e
b00110000000111010011001000011100 20
b00000000000010111000101110110100 25
#635
b00000000000010111000101110110110 1e
b00110000000111010010111100011101 20
b00000000000010111000101110110101 25
#636
b00000000000010111000101110110111 1e
b00110000000111000010111000011101 20
b00000000000010111000101110110110 25
#637
b00000000000010111000101110111000 1e
b00101110000110110010111000011100 20
b00000000000010111000101110110111 25
#638
b00000000000010111000101110111001 1e
b00110001000111010011000000011100 20
b00000000000010111000101110111000 25
#639
b00000000000010111000101110111010 1e
b00110001000111000011000000011101 20
b00000000000010111000101110111001 25
#640
b00000000000010111000101110111011 1e
b00110000000110110011000100011101 20
b00000000000010111000101110111010 25
#641
b00000000000010111000101110111100 1e
b00110000000111110011000000011101 20
b00000000000010111000101110111011 25
#642
b00000000000010111000101110111101 1e
b00110001000111010010111100011110 20
b00000000000010111000101110111100 25
#643
b00000000000010111000101110111110 1e
b00101111000111000011000000011100 20
b00000000000010111000101110111101 25
#644
b00000000000010111000101110111111 1e
b00101101000111100011000100011101 20
b00000000000010111000101110111110 25
#645
b00000000000010111000101111000000 1e
b00101011000110100010111100011011 20
b00000000000010111000101110111111 25
#646
b00000000000010111000101111000001 1e
b00101111000111010010101100011011 20
b00000000000010111000101111000000 25
#647
b00000000000010111000101111000010 1e
b00101111000111000010111000011101 20
b00000000000010111000101111000001 25
#648
b00000000000010111000101111000011 1e
b00110001000110110011000000011101 20
b00000000000010111000101111000010 25
#649
b00000000000010111000101111000100 1e
b00110010000111010011000100011101 20
b00000000000010111000101111000011 25
#650
b00000000000010111000101111000101 1e
b00110010000111010011001000011101 20
b00000000000010111000101111000100 25
#651
b00000000000010111000101111000110 1e
b00110000000111010011001100011011 20
b00000000000010111000101111000101 25
#652
b00000000000010111000101111000111 1e
b00110000000110110011000000011101 20
b00000000000010111000101111000110 25
#653
b00000000000010111000101111001000 1e
b00101110000111100011000100011100 20
b00000000000010111000101111000111 25
#654
b00000000000010111000101111001001 1e
b00110000000111100011001100011100 20
b00000000000010111000101111001000 25
#655
b00000000000010111000101111001010 1e
b00110001000111000011001000011100 20
b00000000000010111000101111001001 25
#656
b00000000000010111000101111001011 1e
b00110000000111010011000100011101 20
b00000000000010111000101111001010 25
#657
b00000000000010111000101111001100 1e
b00110010000111010010111100011100 20
b00000000000010111000101111001011 25
#658
b00000000000010111000101111001101 1e
b00110000000111010011001000011101 20
b00000000000010111000101111001100 25
#659
b00000000000010111000101111001110 1e
b00000000000010111000101111001101 25
#660
b00000000000010111000101111001111 1e
b00110000000111100011001100011100 20
b00000000000010111000101111001110 25
#661
b00000000000010111000101111010000 1e
b00110011000111100011000000011110 20
b00000000000010111000101111001111 25
#662
b00000000000010111000101111010001 1e
b00101110000111010011000100011101 20
b00000000000010111000101111010000 25
#663
b00000000000010111000101111010010 1e
b00110010000111100011000000011101 20
b00000000000010111000101111010001 25
#664
b00000000000010111000101111010011 1e
b00110001000111010011000100011101 20
b00000000000010111000101111010010 25
#665
b00000000000010111000101111010100 1e
b00101110000111000011000000011110 20
b00000000000010111000101111010011 25
#666
b00000000000010111000101111010101 1e
b00101111000110110010111100011100 20
b00000000000010111000101111010100 25
#667
b00000000000010111000101111010110 1e
b00110001000111010011000100011101 20
b00000000000010111000101111010101 25
#668
b00000000000010111000101111010111 1e
b00101101000111010010111000011101 20
b00000000000010111000101111010110 25
#669
b00000000000010111000101111011000 1e
b00110010000111010011000100011101 20
b00000000000010111000101111010111 25
#670
b00000000000010111000101111011001 1e
b00110000000111010011000100011100 20
b00000000000010111000101111011000 25
#671
b00000000000010111000101111011010 1e
b00110001000111010011001100011101 20
b00000000000010111000101111011001 25
#672
b00000000000010111000101111011011 1e
b00110000000111110011001000011101 20
b00000000000010111000101111011010 25
#673
b00000000000010111000101111011100 1e
b00110100000111110011001000011101 20
b00000000000010111000101111011011 25
#674
b00000000000010111000101111011101 1e
b00110010000111100011010000011101 20
b00000000000010111000101111011100 25
#675
b00000000000010111000101111011110 1e
b00110101000111010011001000011101 20
b00000000000010111000101111011101 25
#676
b00000000000010111000101111011111 1e
b00110011000111010011001100011101 20
b00000000000010111000101111011110 25
#677
b00000000000010111000101111100000 1e
b00110011000111010011001000011101 20
b00000000000010111000101111011111 25
#678
b00000000000010111000101111100001 1e
b00110001000110110011000100011110 20
b00000000000010111000101111100000 25
#679
b00000000000010111000101111100010 1e
b00110011000111010011000000011101 20
b00000000000010111000101111100001 25
#680
b00000000000010111000101111100011 1e
b00110010000111100011010000011110 20
b00000000000010111000101111100010 25
#681
b00000000000010111000101111100100 1e
b00110011000111000011001100011101 20
b00000000000010111000101111100011 25
#682
b00000000000010111000101111100101 1e
b00110010000111100011010000011100 20
b00000000000010111000101111100100 25
#683
b00000000000010111000101111100110 1e
b00110010000111010011001100011110 20
b00000000000010111000101111100101 25
#684
b00000000000010111000101111100111 1e
b00110000000111010011000100011110 20
b00000000000010111000101111100110 25
#685
b00000000000010111000101111101000 1e
b00110011000111110011001100011110 20
b00000000000010111000101111100111 25
#686
b00000000000010111000101111101001 1e
b00110000000111000011001100011101 20
b00000000000010111000101111101000 25
#687
b00000000000010111000101111101010 1e
b00110000000111000011000000011101 20
b00000000000010111000101111101001 25
#688
b00000000000010111000101111101011 1e
b00110000000111100011001100011110 20
b00000000000010111000101111101010 25
#689
b00000000000010111000101111101100 1e
b00110000000111010011001000011111 20
b00000000000010111000101111101011 25
#690
b00000000000010111000101111101101 1e
b00110011000111010011010100011101 20
b00000000000010111000101111101100 25
#691
b00000000000010111000101111101110 1e
b00110011000111010011001000011110 20
b00000000000010111000101111101101 25
#692
b00000000000010111000101111101111 1e
b00110100000111100011001100011110 20
b00000000000010111000101111101110 25
#693
b00000000000010111000101111110000 1e
b00110011000111010011000000011111 20
b00000000000010111000101111101111 25
#694
b00000000000010111000101111110001 1e
b00110010000111100011000100011110 20
b00000000000010111000101111110000 25
#695
b00000000000010111000101111110010 1e
b00110110000111010011000100011101 20
b00000000000010111000101111110001 25
#696
b00000000000010111000101111110011 1e
b00110100000111100011000100011101 20
b00000000000010111000101111110010 25
#697
b00000000000010111000101111110100 1e
b00110010000111010011001100011101 20
b00000000000010111000101111110011 25
#698
b00000000000010111000101111110101 1e
b00110000000111100011000000011101 20
b00000000000010111000101111110100 25
#699
b00000000000010111000101111110110 1e
b00110101000111100011001000011101 20
b00000000000010111000101111110101 25
#700
b00000000000010111000101111110111 1e
b00110100000111110011001100011110 20
b00000000000010111000101111110110 25
#701
b00000000000010111000101111111000 1e
b00110100000111100011001100011111 20
b00000000000010111000101111110111 25
#702
b00000000000010111000101111111001 1e
b00110101000111110011010000011111 20
b00000000000010111000101111111000 25
#703
b00000000000010111000101111111010 1e
b00110110001000000011001000011101 20
b00000000000010111000101111111001 25
#704
b00000000000010111000101111111011 1e
b00110110000111010011001000011110 20
b00000000000010111000101111111010 25
#705
b00000000000010111000101111111100 1e
b00110110001000000011010100011101 20
b00000000000010111000101111111011 25
#706
b00000000000010111000101111111101 1e
b00110010000111100011001100011101 20
b00000000000010111000101111111100 25
#707
b00000000000010111000101111111110 1e
b00110100000111010011010100011101 20
b00000000000010111000101111111101 25
#708
b00000000000010111000101111111111 1e
b00110010000111100011001000011111 20
b00000000000010111000101111111110 25
#709
b00000000000010111000110000000000 1e
b00110011000111100011010100011110 20
b00000000000010111000101111111111 25
#710
b00000000000010111000110000000001 1e
b00110101000111010011010000011110 20
b00000000000010111000110000000000 25
#711
b00000000000010111000110000000010 1e
b00110011000111110011001100011101 20
b00000000000010111000110000000001 25
#712
b00000000000010111000110000000011 1e
b00110100001000000011010000011101 20
b00000000000010111000110000000010 25
#713
b00000000000010111000110000000100 1e
b00110101000111110011011100011110 20
b00000000000010111000110000000011 25
#714
b00000000000010111000110000000101 1e
b00110001000111110011010100011101 20
b00000000000010111000110000000100 25
#715
b00000000000010111000110000000110 1e
b00110000000111000011001100011111 20
b00000000000010111000110000000101 25
#716
b00000000000010111000110000000111 1e
b00110000000111010010111100011101 20
b00000000000010111000110000000110 25
#717
b00000000000010111000110000001000 1e
b00110010000111100011001000011100 20
b00000000000010111000110000000111 25
#718
b00000000000010111000110000001001 1e
b00110101000111100011010000011101 20
b00000000000010111000110000001000 25
#719
b00000000000010111000110000001010 1e
b00110000000111010011000000011101 20
b00000000000010111000110000001001 25
#720
b00000000000010111000110000001011 1e
b00110010000111000010111100011101 20
b00000000000010111000110000001010 25
#721
b00000000000010111000110000001100 1e
b00110010000111100011001000011111 20
b00000000000010111000110000001011 25
#722
b00000000000010111000110000001101 1e
b00111000001000000011010000011110 20
b00000000000010111000110000001100 25
#723
b00000000000010111000110000001110 1e
b00110011000111110011010100011110 20
b00000000000010111000110000001101 25
#724
b00000000000010111000110000001111 1e
b00110110000111010011011100011110 20
b00000000000010111000110000001110 25
#725
b00000000000010111000110000010000 1e
b00110100000111110011011000011111 20
b00000000000010111000110000001111 25
#726
b00000000000010111000110000010001 1e
b00110110000111110011010100011110 20
b00000000000010111000110000010000 25
#727
b00000000000010111000110000010010 1e
b00110110000111100011010100011101 20
b00000000000010111000110000010001 25
#728
b00000000000010111000110000010011 1e
b00110101000111100011010100011111 20
b00000000000010111000110000010010 25
#729
b00000000000010111000110000010100 1e
b00110100000111100011000100011101 20
b00000000000010111000110000010011 25
#730
b00000000000010111000110000010101 1e
b00110010000111110011010100011110 20
b00000000000010111000110000010100 25
#731
b00000000000010111000110000010110 1e
b00110010000111100011010000100000 20
b00000000000010111000110000010101 25
#732
b00000000000010111000110000010111 1e
b00110110000111010011010000100000 20
b00000000000010111000110000010110 25
#733
b00000000000010111000110000011000 1e
b00110111000111010011011100011111 20
b00000000000010111000110000010111 25
#734
b00000000000010111000110000011001 1e
b00110101000111110011001000011110 20
b00000000000010111000110000011000 25
#735
b00000000000010111000110000011010 1e
b00110110000111110011001100011111 20
b00000000000010111000110000011001 25
#736
b00000000000010111000110000011011 1e
b00110011000111100011010000011111 20
b00000000000010111000110000011010 25
#737
b00000000000010111000110000011100 1e
b00110111000111110011010000011111 20
b00000000000010111000110000011011 25
#738
b00000000000010111000110000011101 1e
b00110100000111110011011100100000 20
b00000000000010111000110000011100 25
#739
b00000000000010111000110000011110 1e
b00110101000111010011001000011111 20
b00000000000010111000110000011101 25
#740
b00000000000010111000110000011111 1e
b00110101000111010011001100011111 20
b00000000000010111000110000011110 25
#741
b00000000000010111000110000100000 1e
b00110110000111010011010000011111 20
b00000000000010111000110000011111 25
#742
b00000000000010111000110000100001 1e
b00110111000111100011010100011111 20
b00000000000010111000110000100000 25
#743
b00000000000010111000110000100010 1e
b00110101000111110011011000011111 20
b00000000000010111000110000100001 25
#744
b00000000000010111000110000100011 1e
b00110101000111100011010100011110 20
b00000000000010111000110000100010 25
#745
b00000000000010111000110000100100 1e
b00110100000111110011011100011110 20
b00000000000010111000110000100011 25
#746
b00000000000010111000110000100101 1e
b00110011000111100011001100011101 20
b00000000000010111000110000100100 25
#747
b00000000000010111000110000100110 1e
b00110000000111010011000000011100 20
b00000000000010111000110000100101 25
#748
b00000000000010111000110000100111 1e
b00110110000111010010111100011101 20
b00000000000010111000110000100110 25
#749
b00000000000010111000110000101000 1e
b00110111000111100011010000011110 20
b00000000000010111000110000100111 25
#750
b00000000000010111000110000101001 1e
b00110111000111110011011000011111 20
b00000000000010111000110000101000 25
#751
b00000000000010111000110000101010 1e
b00110101000111100011011100011101 20
b00000000000010111000110000101001 25
#752
b00000000000010111000110000101011 1e
b00110011000111110011010000011111 20
b00000000000010111000110000101010 25
#753
b00000000000010111000110000101100 1e
b00110110000111010011010100011111 20
b00000000000010111000110000101011 25
#754
b00000000000010111000110000101101 1e
b00110101000111110011011100011101 20
b00000000000010111000110000101100 25
#755
b00000000000010111000110000101110 1e
b00110110000111010011011100011110 20
b00000000000010111000110000101101 25
#756
b00000000000010111000110000101111 1e
b00110100000111110011010000100000 20
b00000000000010111000110000101110 25
#757
b00000000000010111000110000110000 1e
b00110100001000000011011100011110 20
b00000000000010111000110000101111 25
#758
b00000000000010111000110000110001 1e
b00110111000111010011011100011110 20
b00000000000010111000110000110000 25
#759
b00000000000010111000110000110010 1e
b00111000000111110011010000011111 20
b00000000000010111000110000110001 25
#760
b00000000000010111000110000110011 1e
b00110101000111100011010100011110 20
b00000000000010111000110000110010 25
#761
b00000000000010111000110000110100 1e
b00110110000111010011010100011111 20
b00000000000010111000110000110011 25
#762
b00000000000010111000110000110101 1e
b00110111000111100011001100011111 20
b00000000000010111000110000110100 25
#763
b00000000000010111000110000110110 1e
b00110101000111110011010100011111 20
b00000000000010111000110000110101 25
#764
b00000000000010111000110000110111 1e
b00110101001000000011010000011111 20
b00000000000010111000110000110110 25
#765
b00000000000010111000110000111000 1e
b00110111000111110011100100011110 20
b00000000000010111000110000110111 25
#766
b00000000000010111000110000111001 1e
b00110101001000000011011100011111 20
b00000000000010111000110000111000 25
#767
b00000000000010111000110000111010 1e
b00110110000111110011010100011110 20
b00000000000010111000110000111001 25
#768
b00000000000010111000110000111011 1e
b00110110000111100011010100011111 20
b00000000000010111000110000111010 25
#769
b00000000000010111000110000111100 1e
b00110011000111110011011000100000 20
b00000000000010111000110000111011 25
#770
b00000000000010111000110000111101 1e
b00110101000111110011001100011111 20
b00000000000010111000110000111100 25
#771
b00000000000010111000110000111110 1e
b00110111000111010011100000011110 20
b00000000000010111000110000111101 25
#772
b00000000000010111000110000111111 1e
b00110100000111110011011100011110 20
b00000000000010111000110000111110 25
#773
b00000000000010111000110001000000 1e
b00110101000111100011011100011111 20
b00000000000010111000110000111111 25
#774
b00000000000010111000110001000001 1e
b00110111000111110011100000100000 20
b00000000000010111000110001000000 25
#775
b00000000000010111000110001000010 1e
b00110110001000000011011000011111 20
b00000000000010111000110001000001 25
#776
b00000000000010111000110001000011 1e
b00110111000111110011100000100000 20
b00000000000010111000110001000010 25
#777
b00000000000010111000110001000100 1e
b00110101001000000011011000011101 20
b00000000000010111000110001000011 25
#778
b00000000000010111000110001000101 1e
b00110110000111110011010100011110 20
b00000000000010111000110001000100 25
#779
b00000000000010111000110001000110 1e
b00111010000111100011011100011111 20
b00000000000010111000110001000101 25
#780
b00000000000010111000110001000111 1e
b00110111000111110011011100011111 20
b00000000000010111000110001000110 25
#781
b00000000000010111000110001001000 1e
b00110101000111110011011000100000 20
b00000000000010111000110001000111 25
#782
b00000000000010111000110001001001 1e
b00110101000111100011011000100000 20
b00000000000010111000110001001000 25
#783
b00000000000010111000110001001010 1e
b00110111000111110011010100011101 20
b00000000000010111000110001001001 25
#784
b00000000000010111000110001001011 1e
b00111001000111110011011000011111 20
b00000000000010111000110001001010 25
#785
b00000000000010111000110001001100 1e
b00110101000111110011010100011111 20
b00000000000010111000110001001011 25
#786
b00000000000010111000110001001101 1e
b00110111001000000011011000100000 20
b00000000000010111000110001001100 25
#787
b00000000000010111000110001001110 1e
b00110100000111110011010100011111 20
b00000000000010111000110001001101 25
#788
b00000000000010111000110001001111 1e
b00111000000111110011100000011110 20
b00000000000010111000110001001110 25
#789
b00000000000010111000110001010000 1e
b00110110000111110011100000011111 20
b00000000000010111000110001001111 25
#790
b00000000000010111000110001010001 1e
b00110110001000000011101000011111 20
b00000000000010111000110001010000 25
#791
b00000000000010111000110001010010 1e
b00111010000111100011011100011111 20
b00000000000010111000110001010001 25
#792
b00000000000010111000110001010011 1e
b00110111000111110011100100011111 20
b00000000000010111000110001010010 25
#793
b00000000000010111000110001010100 1e
b00110110001000010011010000011111 20
b00000000000010111000110001010011 25
#794
b00000000000010111000110001010101 1e
b00110110001000000011011000011111 20
b00000000000010111000110001010100 25
#795
b00000000000010111000110001010110 1e
b00110111000111110011011000100000 20
b00000000000010111000110001010101 25
#796
b00000000000010111000110001010111 1e
b00110111001000000011010100100000 20
b00000000000010111000110001010110 25
#797
b00000000000010111000110001011000 1e
b00110111000111110011010000011111 20
b00000000000010111000110001010111 25
#798
b00000000000010111000110001011001 1e
b00110111000111110011010100011110 20
b00000000000010111000110001011000 25
#799
b00000000000010111000110001011010 1e
b00110101000111110011010100011111 20
b00000000000010111000110001011001 25
#800
b00000000000010111000110001011011 1e
b00110110000111100011001100011111 20
b00000000000010111000110001011010 25
#801
b00000000000010111000110001011100 1e
b00110111001000000011101000011111 20
b00000000000010111000110001011011 25
#802
b00000000000010111000110001011101 1e
b00110101000111110011100000100000 20
b00000000000010111000110001011100 25
#803
b00000000000010111000110001011110 1e
b00110110000111110011100100100001 20
b00000000000010111000110001011101 25
#804
b00000000000010111000110001011111 1e
b00110111000111110011010100100001 20
b00000000000010111000110001011110 25
#805
b00000000000010111000110001100000 1e
b00110101000111010011010000011111 20
b00000000000010111000110001011111 25
#806
b00000000000010111000110001100001 1e
b00110110000111110011011100100000 20
b00000000000010111000110001100000 25
#807
b00000000000010111000110001100010 1e
b00110111001000000011011000011111 20
b00000000000010111000110001100001 25
#808
b00000000000010111000110001100011 1e
b00111011000111110011011100100001 20
b00000000000010111000110001100010 25
#809
b00000000000010111000110001100100 1e
b00111010000111110011011100011111 20
b00000000000010111000110001100011 25
#810
b00000000000010111000110001100101 1e
b00111001001000000011011100100001 20
b00000000000010111000110001100100 25
#811
b00000000000010111000110001100110 1e
b00110111001000000011011100100001 20
b00000000000010111000110001100101 25
#812
b00000000000010111000110001100111 1e
b00110111000111110011100100011110 20
b00000000000010111000110001100110 25
#813
b00000000000010111000110001101000 1e
b00110111001000100011100100011110 20
b00000000000010111000110001100111 25
#814
b00000000000010111000110001101001 1e
b00110111000111110011100000011111 20
b00000000000010111000110001101000 25
#815
b00000000000010111000110001101010 1e
b00110111000111110011100100011111 20
b00000000000010111000110001101001 25
#816
b00000000000010111000110001101011 1e
b00110101000111100011100000100000 20
b00000000000010111000110001101010 25
#817
b00000000000010111000110001101100 1e
b00110111001000010011011100011111 20
b00000000000010111000110001101011 25
#818
b00000000000010111000110001101101 1e
b00110111000111110011100100100000 20
b00000000000010111000110001101100 25
#819
b00000000000010111000110001101110 1e
b00110110001000000011100000011111 20
b00000000000010111000110001101101 25
#820
b00000000000010111000110001101111 1e
b00111000001000000011011000011111 20
b00000000000010111000110001101110 25
#821
b00000000000010111000110001110000 1e
b00111001000111010011011100011101 20
b00000000000010111000110001101111 25
#822
b00000000000010111000110001110001 1e
b00110110000111110011011100100000 20
b00000000000010111000110001110000 25
#823
b00000000000010111000110001110010 1e
b00111001000111110011010100011111 20
b00000000000010111000110001110001 25
#824
b00000000000010111000110001110011 1e
b00110100000111110011100100100000 20
b00000000000010111000110001110010 25
#825
b00000000000010111000110001110100 1e
b00110000000111010011010000011111 20
b00000000000010111000110001110011 25
#826
b00000000000010111000110001110101 1e
b00110101000111100011001000011101 20
b00000000000010111000110001110100 25
#827
b00000000000010111000110001110110 1e
b00111000001000010011100000100001 20
b00000000000010111000110001110101 25
#828
b00000000000010111000110001110111 1e
b00110111001000000011010100100000 20
b00000000000010111000110001110110 25
#829
b00000000000010111000110001111000 1e
b00111010001000000011100000100000 20
b00000000000010111000110001110111 25
#830
b00000000000010111000110001111001 1e
b00110110000111100011011100011111 20
b00000000000010111000110001111000 25
#831
b00000000000010111000110001111010 1e
b00110111000111110011010000011111 20
b00000000000010111000110001111001 25
#832
b00000000000010111000110001111011 1e
b00110111000111110011100000011111 20
b00000000000010111000110001111010 25
#833
b00000000000010111000110001111100 1e
b00111011000111100011010100100000 20
b00000000000010111000110001111011 25
#834
b00000000000010111000110001111101 1e
b00111000000111110011011100011111 20
b00000000000010111000110001111100 25
#835
b00000000000010111000110001111110 1e
b00110111000111110011100000100000 20
b00000000000010111000110001111101 25
#836
b00000000000010111000110001111111 1e
b00111000000111110011100000100001 20
b00000000000010111000110001111110 25
#837
b00000000000010111000110010000000 1e
b00111011001000000011011100100000 20
b00000000000010111000110001111111 25
#838
b00000000000010111000110010000001 1e
b00111001001000010011011000100000 20
b00000000000010111000110010000000 25
#839
b00000000000010111000110010000010 1e
b00110110001000000011101000100000 20
b00000000000010111000110010000001 25
#840
b00000000000010111000110010000011 1e
b00110111001000000011011100100000 20
b00000000000010111000110010000010 25
#841
b00000000000010111000110010000100 1e
b00110110001000010011100000100000 20
b00000000000010111000110010000011 25
#842
b00000000000010111000110010000101 1e
b00110111000111110011100000100001 20
b00000000000010111000110010000100 25
#843
b00000000000010111000110010000110 1e
b00110111000111110011011100100001 20
b00000000000010111000110010000101 25
#844
b00000000000010111000110010000111 1e
b00111000001000100011010100100000 20
b00000000000010111000110010000110 25
#845
b00000000000010111000110010001000 1e
b00111001000111110011010100011111 20
b00000000000010111000110010000111 25
#846
b00000000000010111000110010001001 1e
b00111001001000010011100100100000 20
b00000000000010111000110010001000 25
#847
b00000000000010111000110010001010 1e
b00111001000111110011011000100000 20
b00000000000010111000110010001001 25
#848
b00000000000010111000110010001011 1e
b00110111000111110011100100011111 20
b00000000000010111000110010001010 25
#849
b00000000000010111000110010001100 1e
b00110101001000000011011100011111 20
b00000000000010111000110010001011 25
#850
b00000000000010111000110010001101 1e
b00111001001000010011100100100001 20
b00000000000010111000110010001100 25
#851
b00000000000010111000110010001110 1e
b00111000001000000011100000100001 20
b00000000000010111000110010001101 25
#852
b00000000000010111000110010001111 1e
b00110111001000000011100100011111 20
b00000000000010111000110010001110 25
#853
b00000000000010111000110010010000 1e
b00111000001000000011100100100000 20
b00000000000010111000110010001111 25
#854
b00000000000010111000110010010001 1e
b00111001001000100011011000100000 20
b00000000000010111000110010010000 25
#855
b00000000000010111000110010010010 1e
b00111001001000010011100100011111 20
b00000000000010111000110010010001 25
#856
b00000000000010111000110010010011 1e
b00111000001000000011101000011111 20
b00000000000010111000110010010010 25
#857
b00000000000010111000110010010100 1e
b00111001000111110011011100100000 20
b00000000000010111000110010010011 25
#858
b00000000000010111000110010010101 1e
b00110111000111110011101000100001 20
b00000000000010111000110010010100 25
#859
b00000000000010111000110010010110 1e
b00111001001000000011011100100001 20
b00000000000010111000110010010101 25
#860
b00000000000010111000110010010111 1e
b00111000001000010011100000100000 20
b00000000000010111000110010010110 25
#861
b00000000000010111000110010011000 1e
b00111000000111100011100100100001 20
b00000000000010111000110010010111 25
#862
b00000000000010111000110010011001 1e
b00110111001000010011100000100001 20
b00000000000010111000110010011000 25
#863
b00000000000010111000110010011010 1e
b00110101000111110011010100100000 20
b00000000000010111000110010011001 25
#864
b00000000000010111000110010011011 1e
b00110101000111010011001100100000 20
b00000000000010111000110010011010 25
#865
b00000000000010111000110010011100 1e
b00111010001000000011100000100000 20
b00000000000010111000110010011011 25
#866
b00000000000010111000110010011101 1e
b00111010000111110011011100011111 20
b00000000000010111000110010011100 25
#867
b00000000000010111000110010011110 1e
b00111001001000000011011100100001 20
b00000000000010111000110010011101 25
#868
b00000000000010111000110010011111 1e
b00111001001000010011100100100001 20
b00000000000010111000110010011110 25
#869
b00000000000010111000110010100000 1e
b00111010001000000011101100011110 20
b00000000000010111000110010011111 25
#870
b00000000000010111000110010100001 1e
b00111000001000000011100100100000 20
b00000000000010111000110010100000 25
#871
b00000000000010111000110010100010 1e
b00111100000111110011011100100001 20
b00000000000010111000110010100001 25
#872
b00000000000010111000110010100011 1e
b00111011000111110011100100100001 20
b00000000000010111000110010100010 25
#873
b00000000000010111000110010100100 1e
b00111010000111110011100100100010 20
b00000000000010111000110010100011 25
#874
b00000000000010111000110010100101 1e
b00111000001000010011100100011111 20
b00000000000010111000110010100100 25
#875
b00000000000010111000110010100110 1e
b00111001001000000011100000100001 20
b00000000000010111000110010100101 25
#876
b00000000000010111000110010100111 1e
b00111001001000010011100100011111 20
b00000000000010111000110010100110 25
#877
b00000000000010111000110010101000 1e
b00110111001000000011100000100000 20
b00000000000010111000110010100111 25
#878
b00000000000010111000110010101001 1e
b00111010000111110011100100011111 20
b00000000000010111000110010101000 25
#879
b00000000000010111000110010101010 1e
b00110111001000000011101100011111 20
b00000000000010111000110010101001 25
#880
b00000000000010111000110010101011 1e
b00111010001000000011100100100000 20
b00000000000010111000110010101010 25
#881
b00000000000010111000110010101100 1e
b00110111001000010011011100100001 20
b00000000000010111000110010101011 25
#882
b00000000000010111000110010101101 1e
b00111011001000010011101100100001 20
b00000000000010111000110010101100 25
#883
b00000000000010111000110010101110 1e
b00111001001000000011101000100000 20
b00000000000010111000110010101101 25
#884
b00000000000010111000110010101111 1e
b00111001000111110011101100100001 20
b00000000000010111000110010101110 25
#885
b00000000000010111000110010110000 1e
b00111001001000000011101100100000 20
b00000000000010111000110010101111 25
#886
b00000000000010111000110010110001 1e
b00111000001000010011011100100000 20
b00000000000010111000110010110000 25
#887
b00000000000010111000110010110010 1e
b00111011001000010011100100100001 20
b00000000000010111000110010110001 25
#888
b00000000000010111000110010110011 1e
b00111100001000000011101100100001 20
b00000000000010111000110010110010 25
#889
b00000000000010111000110010110100 1e
b00110111000111110011100100100000 20
b00000000000010111000110010110011 25
#890
b00000000000010111000110010110101 1e
b00111001001000000011110000100000 20
b00000000000010111000110010110100 25
#891
b00000000000010111000110010110110 1e
b00111011001000010011110100011111 20
b00000000000010111000110010110101 25
#892
b00000000000010111000110010110111 1e
b00111011001000000011101100100000 20
b00000000000010111000110010110110 25
#893
b00000000000010111000110010111000 1e
b00111011001000010011101100100001 20
b00000000000010111000110010110111 25
#894
b00000000000010111000110010111001 1e
b00111001001000000011101000100000 20
b00000000000010111000110010111000 25
#895
b00000000000010111000110010111010 1e
b00111001001000000011101000011111 20
b00000000000010111000110010111001 25
#896
b00000000000010111000110010111011 1e
b00111011001000010011101100100001 20
b00000000000010111000110010111010 25
#897
b00000000000010111000110010111100 1e
b00111100001000100011110000100000 20
b00000000000010111000110010111011 25
#898
b00000000000010111000110010111101 1e
b00111001001000010011100100100000 20
b00000000000010111000110010111100 25
#899
b00000000000010111000110010111110 1e
b00111010001000000011100000100001 20
b00000000000010111000110010111101 25
#900
b00000000000010111000110010111111 1e
b00111011000111110011101000100010 20
b00000000000010111000110010111110 25
#901
b00000000000010111000110011000000 1e
b00111000001000010011100000100010 20
b00000000000010111000110010111111 25
#902
b00000000000010111000110011000001 1e
b00111000000111110011011100011110 20
b00000000000010111000110011000000 25
#903
b00000000000010111000110011000010 1e
b00110011001000010011001000011110 20
b00000000000010111000110011000001 25
#904
b00000000000010111000110011000011 1e
b00110011000111110011000100011110 20
b00000000000010111000110011000010 25
#905
b00000000000010111000110011000100 1e
b00111010001000010011011100011110 20
b00000000000010111000110011000011 25
#906
b00000000000010111000110011000101 1e
b00111010001000010011011100100001 20
b00000000000010111000110011000100 25
#907
b00000000000010111000110011000110 1e
b00111010001000010011100000100010 20
b00000000000010111000110011000101 25
#908
b00000000000010111000110011000111 1e
b00111100001000000011100100100001 20
b00000000000010111000110011000110 25
#909
b00000000000010111000110011001000 1e
b00111001001000010011101100100001 20
b00000000000010111000110011000111 25
#910
b00000000000010111000110011001001 1e
b00111011001000000011101100100010 20
b00000000000010111000110011001000 25
#911
b00000000000010111000110011001010 1e
b00111011001000010011101100100010 20
b00000000000010111000110011001001 25
#912
b00000000000010111000110011001011 1e
b00111001001000010011100100011111 20
b00000000000010111000110011001010 25
#913
b00000000000010111000110011001100 1e
b00111010001000010011110000100011 20
b00000000000010111000110011001011 25
#914
b00000000000010111000110011001101 1e
b00111010001000000011101100011111 20
b00000000000010111000110011001100 25
#915
b00000000000010111000110011001110 1e
b00111010001000010011100100100010 20
b00000000000010111000110011001101 25
#916
b00000000000010111000110011001111 1e
b00111011001000010011110100100000 20
b00000000000010111000110011001110 25
#917
b00000000000010111000110011010000 1e
b00111100001000010011101100100001 20
b00000000000010111000110011001111 25
#918
b00000000000010111000110011010001 1e
b00111000001000100011110100100000 20
b00000000000010111000110011010000 25
#919
b00000000000010111000110011010010 1e
b00111000001000100011101100100001 20
b00000000000010111000110011010001 25
#920
b00000000000010111000110011010011 1e
b00111000001000000011011100100010 20
b00000000000010111000110011010010 25
#921
b00000000000010111000110011010100 1e
b00111101001000000011101000100001 20
b00000000000010111000110011010011 25
#922
b00000000000010111000110011010101 1e
b00111100001000100011111000100011 20
b00000000000010111000110011010100 25
#923
b00000000000010111000110011010110 1e
b00111101001000110011110100100001 20
b00000000000010111000110011010101 25
#924
b00000000000010111000110011010111 1e
b00111111001000100011101100100001 20
b00000000000010111000110011010110 25
#925
b00000000000010111000110011011000 1e
b00111100001000010011110000100001 20
b00000000000010111000110011010111 25
#926
b00000000000010111000110011011001 1e
b00111100001000000011110000100001 20
b00000000000010111000110011011000 25
#927
b00000000000010111000110011011010 1e
b00110111000111110011110000100010 20
b00000000000010111000110011011001 25
#928
b00000000000010111000110011011011 1e
b00110111001000010011001000011110 20
b00000000000010111000110011011010 25
#929
b00000000000010111000110011011100 1e
b00111100001000010011101100011111 20
b00000000000010111000110011011011 25
#930
b00000000000010111000110011011101 1e
b00111010001000010011100100100001 20
b00000000000010111000110011011100 25
#931
b00000000000010111000110011011110 1e
b00111011001000010011101000100011 20
b00000000000010111000110011011101 25
#932
b00000000000010111000110011011111 1e
b00111100001000100011110100100011 20
b00000000000010111000110011011110 25
#933
b00000000000010111000110011100000 1e
b00111100001000010011110100100001 20
b00000000000010111000110011011111 25
#934
b00000000000010111000110011100001 1e
b00111101001000010011101100100001 20
b00000000000010111000110011100000 25
#935
b00000000000010111000110011100010 1e
b00111110001000100011101100100001 20
b00000000000010111000110011100001 25
#936
b00000000000010111000110011100011 1e
b00111001001000100011110100100010 20
b00000000000010111000110011100010 25
#937
b00000000000010111000110011100100 1e
b00111010001000010011110000100010 20
b00000000000010111000110011100011 25
#938
b00000000000010111000110011100101 1e
b00111001000111110011101100100000 20
b00000000000010111000110011100100 25
#939
b00000000000010111000110011100110 1e
b00111011001000010011110100100001 20
b00000000000010111000110011100101 25
#940
b00000000000010111000110011100111 1e
b00111101001000110011101100100010 20
b00000000000010111000110011100110 25
#941
b00000000000010111000110011101000 1e
b00111101001000100011101000100001 20
b00000000000010111000110011100111 25
#942
b00000000000010111000110011101001 1e
b00111100001000110011110100100001 20
b00000000000010111000110011101000 25
#943
b00000000000010111000110011101010 1e
b00111011001000010011111100100001 20
b00000000000010111000110011101001 25
#944
b00000000000010111000110011101011 1e
b00111100001000010011101000100010 20
b00000000000010111000110011101010 25
#945
b00000000000010111000110011101100 1e
b00111011001000110011111100100000 20
b00000000000010111000110011101011 25
#946
b00000000000010111000110011101101 1e
b00111101001000100011101100100000 20
b00000000000010111000110011101100 25
#947
b00000000000010111000110011101110 1e
b00111101001000010011101100100001 20
b00000000000010111000110011101101 25
#948
b00000000000010111000110011101111 1e
b00111011001000100011101100100011 20
b00000000000010111000110011101110 25
#949
b00000000000010111000110011110000 1e
b00111011001000110011110100100011 20
b00000000000010111000110011101111 25
#950
b00000000000010111000110011110001 1e
b00111100001000110011110100100001 20
b00000000000010111000110011110000 25
#951
b00000000000010111000110011110010 1e
b00111011001000100011101000100011 20
b00000000000010111000110011110001 25
#952
b00000000000010111000110011110011 1e
b00111100001000010011101100100011 20
b00000000000010111000110011110010 25
#953
b00000000000010111000110011110100 1e
b00111011001000100011110000100001 20
b00000000000010111000110011110011 25
#954
b00000000000010111000110011110101 1e
b00111110001001000011101100100011 20
b00000000000010111000110011110100 25
#955
b00000000000010111000110011110110 1e
b00111100001000100100000000100010 20
b00000000000010111000110011110101 25
#956
b00000000000010111000110011110111 1e
b00111011001000010011111000100010 20
b00000000000010111000110011110110 25
#957
b00000000000010111000110011111000 1e
b00111100001000010011111000100010 20
b00000000000010111000110011110111 25
#958
b00000000000010111000110011111001 1e
b00111101001000100011110100100011 20
b00000000000010111000110011111000 25
#959
b00000000000010111000110011111010 1e
b00111100001000100011101000100001 20
b00000000000010111000110011111001 25
#960
b00000000000010111000110011111011 1e
b00111101001000010011110000100011 20
b00000000000010111000110011111010 25
#961
b00000000000010111000110011111100 1e
b00111011001000110011110100100010 20
b00000000000010111000110011111011 25
#962
b00000000000010111000110011111101 1e
b00111110001000100011110100100010 20
b00000000000010111000110011111100 25
#963
b00000000000010111000110011111110 1e
b00111101001000100011110100100001 20
b00000000000010111000110011111101 25
#964
b00000000000010111000110011111111 1e
b00111101001000100011101100100001 20
b00000000000010111000110011111110 25
#965
b00000000000010111000110100000000 1e
b00111101001000110011111000100011 20
b00000000000010111000110011111111 25
#966
b00000000000010111000110100000001 1e
b00111100001000010011111000100001 20
b00000000000010111000110100000000 25
#967
b00000000000010111000110100000010 1e
b00111101001000010100000000100011 20
b00000000000010111000110100000001 25
#968
b00000000000010111000110100000011 1e
b01000001001000100011110100100011 20
b00000000000010111000110100000010 25
#969
b00000000000010111000110100000100 1e
b00111110001000110011111000100010 20
b00000000000010111000110100000011 25
#970
b00000000000010111000110100000101 1e
b00111101001000100011111000100011 20
b00000000000010111000110100000100 25
#971
b00000000000010111000110100000110 1e
b00111011001000010011111000100010 20
b00000000000010111000110100000101 25
#972
b00000000000010111000110100000111 1e
b00111100001000110011110100100010 20
b00000000000010111000110100000110 25
#973
b00000000000010111000110100001000 1e
b00111110001000100011111100100100 20
b00000000000010111000110100000111 25
#974
b00000000000010111000110100001001 1e
b00110011000111110011100000100001 20
b00000000000010111000110100001000 25
#975
b00000000000010111000110100001010 1e
b00111101001000010011010000011110 20
b00000000000010111000110100001001 25
#976
b00000000000010111000110100001011 1e
b00111111001000010011101100100010 20
b00000000000010111000110100001010 25
#977
b00000000000010111000110100001100 1e
b00111111001000010011110100100001 20
b00000000000010111000110100001011 25
#978
b00000000000010111000110100001101 1e
b00111011001000010011110000011111 20
b00000000000010111000110100001100 25
#979
b00000000000010111000110100001110 1e
b00111101001000010011100100100001 20
b00000000000010111000110100001101 25
#980
b00000000000010111000110100001111 1e
b01000000001000100011101100100010 20
b00000000000010111000110100001110 25
#981
b00000000000010111000110100010000 1e
b00111110001000110011110100100010 20
b00000000000010111000110100001111 25
#982
b00000000000010111000110100010001 1e
b01000000001000100011111100100001 20
b00000000000010111000110100010000 25
#983
b00000000000010111000110100010010 1e
b01000000001000100011111000100011 20
b00000000000010111000110100010001 25
#984
b00000000000010111000110100010011 1e
b00110101001000010011100100100001 20
b00000000000010111000110100010010 25
#985
b00000000000010111000110100010100 1e
b00111011001000010011010000011111 20
b00000000000010111000110100010011 25
#986
b00000000000010111000110100010101 1e
b00111111001000100011110100100010 20
b00000000000010111000110100010100 25
#987
b00000000000010111000110100010110 1e
b00111110001000100011111000100011 20
b00000000000010111000110100010101 25
#988
b00000000000010111000110100010111 1e
b00111100001000100011111000100001 20
b00000000000010111000110100010110 25
#989
b00000000000010111000110100011000 1e
b00111101001000000011100000100001 20
b00000000000010111000110100010111 25
#990
b00000000000010111000110100011001 1e
b00111011001001000011110000100001 20
b00000000000010111000110100011000 25
#991
b00000000000010111000110100011010 1e
b00111101001001000100000000100001 20
b00000000000010111000110100011001 25
#992
b00000000000010111000110100011011 1e
b00111101001000110011110100100011 20
b00000000000010111000110100011010 25
#993
b00000000000010111000110100011100 1e
b00111110001000110011110100100001 20
b00000000000010111000110100011011 25
#994
b00000000000010111000110100011101 1e
b01000000001000110100000000100011 20
b00000000000010111000110100011100 25
#995
b00000000000010111000110100011110 1e
b01000000001000100011110100100010 20
b00000000000010111000110100011101 25
#996
b00000000000010111000110100011111 1e
b00111110001000010011111100100010 20
b00000000000010111000110100011110 25
#997
b00000000000010111000110100100000 1e
b01000000001000110100000000100001 20
b00000000000010111000110100011111 25
#998
b00000000000010111000110100100001 1e
b00111111001000100100000000100101 20
b00000000000010111000110100100000 25
#999
b00000000000010111000110100100010 1e
b00111110001000100011111000100010 20
b00000000000010111000110100100001 25
#1000
b00000000000010111000110100100011 1e
b00111111001000000011111100100010 20
b00000000000010111000110100100010 25
#1001
b00000000000010111000110100100100 1e
b00111101001000100011110000100100 20
b00000000000010111000110100100011 25
#1002
b00000000000010111000110100100101 1e
b01000000001000110100000000100001 20
b00000000000010111000110100100100 25
#1003
b00000000000010111000110100100110 1e
b00111111001000100100000000100001 20
b00000000000010111000110100100101 25
#1004
b00000000000010111000110100100111 1e
b00111110001000110100000000100010 20
b00000000000010111000110100100110 25
#1005
b00000000000010111000110100101000 1e
b00111101001000100011110000100010 20
b00000000000010111000110100100111 25
#1006
b00000000000010111000110100101001 1e
b00111100001000100011111100100001 20
b00000000000010111000110100101000 25
#1007
b00000000000010111000110100101010 1e
b00111101001000100011110100100011 20
b00000000000010111000110100101001 25
#1008
b00000000000010111000110100101011 1e
b00111111001000100100000100100011 20
b00000000000010111000110100101010 25
#1009
b00000000000010111000110100101100 1e
b01000001001000110011111100100011 20
b00000000000010111000110100101011 25
#1010
b00000000000010111000110100101101 1e
b00111110001000100011110100100011 20
b00000000000010111000110100101100 25
#1011
b00000000000010111000110100101110 1e
b00111111001000100011110100100010 20
b00000000000010111000110100101101 25
#1012
b00000000000010111000110100101111 1e
b00111100001000110011111000100010 20
b00000000000010111000110100101110 25
#1013
b00000000000010111000110100110000 1e
b00111111001000100100000000100010 20
b00000000000010111000110100101111 25
#1014
b00000000000010111000110100110001 1e
b00111111001000110011111100100010 20
b00000000000010111000110100110000 25
#1015
b00000000000010111000110100110010 1e
b00111111001001000100000100100010 20
b00000000000010111000110100110001 25
#1016
b00000000000010111000110100110011 1e
b00111101001000100100000000100011 20
b00000000000010111000110100110010 25
#1017
b00000000000010111000110100110100 1e
b00111101001001000100000100100100 20
b00000000000010111000110100110011 25
#1018
b00000000000010111000110100110101 1e
b00111110001001000011111100100010 20
b00000000000010111000110100110100 25
#1019
b00000000000010111000110100110110 1e
b00111101001000100011111000100001 20
b00000000000010111000110100110101 25
#1020
b00000000000010111000110100110111 1e
b01000000001000010011111000100011 20
b00000000000010111000110100110110 25
#1021
b00000000000010111000110100111000 1e
b01000001001000100011110000100010 20
b00000000000010111000110100110111 25
#1022
b00000000000010111000110100111001 1e
b00111001001000110100000000100011 20
b00000000000010111000110100111000 25
#1023
b00000000000010111000110100111010 1e
b01000000001000110011100000100001 20
b00000000000010111000110100111001 25
#1024
b00000000000010111000110100111011 1e
b00111111001000100100000000100010 20
b00000000000010111000110100111010 25
#1025
b00000000000010111000110100111100 1e
b00111010001000100011110100100011 20
b00000000000010111000110100111011 25
#1026
b00000000000010111000110100111101 1e
b01000001001000010011101100100010 20
b00000000000010111000110100111100 25
#1027
b00000000000010111000110100111110 1e
b01000000001000110100000000100100 20
b00000000000010111000110100111101 25
#1028
b00000000000010111000110100111111 1e
b01000001001000110100000100100100 20
b00000000000010111000110100111110 25
#1029
b00000000000010111000110101000000 1e
b01000001001000100100000000100100 20
b00000000000010111000110100111111 25
#1030
b00000000000010111000110101000001 1e
b00111011001000100011110000100011 20
b00000000000010111000110101000000 25
#1031
b00000000000010111000110101000010 1e
b00110001001000000011010000100001 20
b00000000000010111000110101000001 25
#1032
b00000000000010111000110101000011 1e
b00111110001000110011011100011111 20
b00000000000010111000110101000010 25
#1033
b00000000000010111000110101000100 1e
b01000000001000110011111100100010 20
b00000000000010111000110101000011 25
#1034
b00000000000010111000110101000101 1e
b00111111001001000100000100100011 20
b00000000000010111000110101000100 25
#1035
b00000000000010111000110101000110 1e
b01000000001001000011111100100010 20
b00000000000010111000110101000101 25
#1036
b00000000000010111000110101000111 1e
b00111101001001000011111100100011 20
b00000000000010111000110101000110 25
#1037
b00000000000010111000110101001000 1e
b01000001001000110100001000100010 20
b00000000000010111000110101000111 25
#1038
b00000000000010111000110101001001 1e
b00111011001001000011111000100011 20
b00000000000010111000110101001000 25
#1039
b00000000000010111000110101001010 1e
b01000000001000010011101100011111 20
b00000000000010111000110101001001 25
#1040
b00000000000010111000110101001011 1e
b01000000001000110100001000100010 20
b00000000000010111000110101001010 25
#1041
b00000000000010111000110101001100 1e
b01000001001000110011111100100011 20
b00000000000010111000110101001011 25
#1042
b00000000000010111000110101001101 1e
b00110100001000100011110000100011 20
b00000000000010111000110101001100 25
#1043
b00000000000010111000110101001110 1e
b00111001001000000011000100011111 20
b00000000000010111000110101001101 25
#1044
b00000000000010111000110101001111 1e
b00111110001000110011111100100010 20
b00000000000010111000110101001110 25
#1045
b00000000000010111000110101010000 1e
b01000001001000110011111000100011 20
b00000000000010111000110101001111 25
#1046
b00000000000010111000110101010001 1e
b01000001001000010011111000100011 20
b00000000000010111000110101010000 25
#1047
b00000000000010111000110101010010 1e
b01000000001001000011111100100001 20
b00000000000010111000110101010001 25
#1048
b00000000000010111000110101010011 1e
b01000000001000100100000000100010 20
b00000000000010111000110101010010 25
#1049
b00000000000010111000110101010100 1e
b00111110001000110011111100100010 20
b00000000000010111000110101010011 25
#1050
b00000000000010111000110101010101 1e
b01000001001000110011111100100001 20
b00000000000010111000110101010100 25
#1051
b00000000000010111000110101010110 1e
b01000001001000110011111100100010 20
b00000000000010111000110101010101 25
#1052
b00000000000010111000110101010111 1e
b01000001001000110100000000100100 20
b00000000000010111000110101010110 25
#1053
b00000000000010111000110101011000 1e
b00111101001001010100000000100011 20
b00000000000010111000110101010111 25
#1054
b00000000000010111000110101011001 1e
b01000001001001000011111000100011 20
b00000000000010111000110101011000 25
#1055
b00000000000010111000110101011010 1e
b00111100001000110011111000100001 20
b00000000000010111000110101011001 25
#1056
b00000000000010111000110101011011 1e
b00111110001000110011111100100010 20
b00000000000010111000110101011010 25
#1057
b00000000000010111000110101011100 1e
b01000000001000110011110100100101 20
b00000000000010111000110101011011 25
#1058
b00000000000010111000110101011101 1e
b00111110001000100011111100100010 20
b00000000000010111000110101011100 25
#1059
b00000000000010111000110101011110 1e
b01000010001000110011110100100100 20
b00000000000010111000110101011101 25
#1060
b00000000000010111000110101011111 1e
b01000001001000100100000100100010 20
b00000000000010111000110101011110 25
#1061
b00000000000010111000110101100000 1e
b01000001001000110100000000100011 20
b00000000000010111000110101011111 25
#1062
b00000000000010111000110101100001 1e
b00110110001001000011111000100011 20
b00000000000010111000110101100000 25
#1063
b00000000000010111000110101100010 1e
b00111111001000010011110000100001 20
b00000000000010111000110101100001 25
#1064
b00000000000010111000110101100011 1e
b00111101001001000100001000100011 20
b00000000000010111000110101100010 25
#1065
b00000000000010111000110101100100 1e
b01000001001000110011110100100001 20
b00000000000010111000110101100011 25
#1066
b00000000000010111000110101100101 1e
b00111101001001000100000000100011 20
b00000000000010111000110101100100 25
#1067
b00000000000010111000110101100110 1e
b00111111001000010011111100100011 20
b00000000000010111000110101100101 25
#1068
b00000000000010111000110101100111 1e
b00111110001000110011111100100100 20
b00000000000010111000110101100110 25
#1069
b00000000000010111000110101101000 1e
b00111111001000110100000000100110 20
b00000000000010111000110101100111 25
#1070
b00000000000010111000110101101001 1e
b01000001001000110100000100100101 20
b00000000000010111000110101101000 25
#1071
b00000000000010111000110101101010 1e
b01000000001001010011111100100011 20
b00000000000010111000110101101001 25
#1072
b00000000000010111000110101101011 1e
b01000010001000110011111100100010 20
b00000000000010111000110101101010 25
#1073
b00000000000010111000110101101100 1e
b00111101001000100100001100100101 20
b00000000000010111000110101101011 25
#1074
b00000000000010111000110101101101 1e
b00111110001000110100000000100011 20
b00000000000010111000110101101100 25
#1075
b00000000000010111000110101101110 1e
b00111111001001000100000100100011 20
b00000000000010111000110101101101 25
#1076
b00000000000010111000110101101111 1e
b00111101001001000100000000100011 20
b00000000000010111000110101101110 25
#1077
b00000000000010111000110101110000 1e
b01000011001000110011111100100011 20
b00000000000010111000110101101111 25
#1078
b00000000000010111000110101110001 1e
b01000000001000100011111000100100 20
b00000000000010111000110101110000 25
#1079
b00000000000010111000110101110010 1e
b01000001001000100100000100100100 20
b00000000000010111000110101110001 25
#1080
b00000000000010111000110101110011 1e
b01000010001001010011110100100010 20
b00000000000010111000110101110010 25
#1081
b00000000000010111000110101110100 1e
b01000100001000110100000100100010 20
b00000000000010111000110101110011 25
#1082
b00000000000010111000110101110101 1e
b00111110001000110011101100100010 20
b00000000000010111000110101110100 25
#1083
b00000000000010111000110101110110 1e
b00111101001001000100001000100011 20
b00000000000010111000110101110101 25
#1084
b00000000000010111000110101110111 1e
b01000010001001000100001000100011 20
b00000000000010111000110101110110 25
#1085
b00000000000010111000110101111000 1e
b01000001001001000100000000100011 20
b00000000000010111000110101110111 25
#1086
b00000000000010111000110101111001 1e
b01000010001001000100001000100010 20
b00000000000010111000110101111000 25
#1087
b00000000000010111000110101111010 1e
b01000011001000100100001000100011 20
b00000000000010111000110101111001 25
#1088
b00000000000010111000110101111011 1e
b01000000001000100100001000100011 20
b00000000000010111000110101111010 25
#1089
b00000000000010111000110101111100 1e
b00111111001000110011111100100010 20
b00000000000010111000110101111011 25
#1090
b00000000000010111000110101111101 1e
b01000000001000110100001000100101 20
b00000000000010111000110101111100 25
#1091
b00000000000010111000110101111110 1e
b01000000001000110011111100100010 20
b00000000000010111000110101111101 25
#1092
b00000000000010111000110101111111 1e
b00111110001001000100000100100100 20
b00000000000010111000110101111110 25
#1093
b00000000000010111000110110000000 1e
b00111111001000110100001000100100 20
b00000000000010111000110101111111 25
#1094
b00000000000010111000110110000001 1e
b01000001001000110011111100100011 20
b00000000000010111000110110000000 25
#1095
b00000000000010111000110110000010 1e
b01000010001000110100000000100100 20
b00000000000010111000110110000001 25
#1096
b00000000000010111000110110000011 1e
b00111111001000010100000100100100 20
b00000000000010111000110110000010 25
#1097
b00000000000010111000110110000100 1e
b01000001001001000100000000100100 20
b00000000000010111000110110000011 25
#1098
b00000000000010111000110110000101 1e
b00111111001000110100000100100011 20
b00000000000010111000110110000100 25
#1099
b00000000000010111000110110000110 1e
b00111111001000110100000000100100 20
b00000000000010111000110110000101 25
#1100
b00000000000010111000110110000111 1e
b00111110001001010011111100100010 20
b00000000000010111000110110000110 25
#1101
b00000000000010111000110110001000 1e
b00111101001000110100000100100010 20
b00000000000010111000110110000111 25
#1102
b00000000000010111000110110001001 1e
b01000000001000110011111000100010 20
b00000000000010111000110110001000 25
#1103
b00000000000010111000110110001010 1e
b01000000001000110100000000100011 20
b00000000000010111000110110001001 25
#1104
b00000000000010111000110110001011 1e
b01000001001000110100000100100100 20
b00000000000010111000110110001010 25
#1105
b00000000000010111000110110001100 1e
b01000010001001010011111100100100 20
b00000000000010111000110110001011 25
#1106
b00000000000010111000110110001101 1e
b01000000001001000100001000100011 20
b00000000000010111000110110001100 25
#1107
b00000000000010111000110110001110 1e
b01000000001000110100000000100011 20
b00000000000010111000110110001101 25
#1108
b00000000000010111000110110001111 1e
b01000000001000010100000100100001 20
b00000000000010111000110110001110 25
#1109
b00000000000010111000110110010000 1e
b01000001001000100100000000100010 20
b00000000000010111000110110001111 25
#1110
b00000000000010111000110110010001 1e
b00111110001000100011111100100011 20
b00000000000010111000110110010000 25
#1111
b00000000000010111000110110010010 1e
b01000001001000110100000100100100 20
b00000000000010111000110110010001 25
#1112
b00000000000010111000110110010011 1e
b01000000001001000100000000100011 20
b00000000000010111000110110010010 25
#1113
b00000000000010111000110110010100 1e
b01000000001000110100000100100011 20
b00000000000010111000110110010011 25
#1114
b00000000000010111000110110010101 1e
b01000000001000100011111100100001 20
b00000000000010111000110110010100 25
#1115
b00000000000010111000110110010110 1e
b00111110001001000011111100100011 20
b00000000000010111000110110010101 25
#1116
b00000000000010111000110110010111 1e
b01000000001000010011111100100100 20
b00000000000010111000110110010110 25
#1117
b00000000000010111000110110011000 1e
b01000001001000100011111100100100 20
b00000000000010111000110110010111 25
#1118
b00000000000010111000110110011001 1e
b01000010001000110100000000100100 20
b00000000000010111000110110011000 25
#1119
b00000000000010111000110110011010 1e
b00111110001001000100000000100100 20
b00000000000010111000110110011001 25
#1120
b00000000000010111000110110011011 1e
b00111111001001000011111000100011 20
b00000000000010111000110110011010 25
#1121
b00000000000010111000110110011100 1e
b01000010001000110100001000100011 20
b00000000000010111000110110011011 25
#1122
b00000000000010111000110110011101 1e
b01000000001001000100001000100101 20
b00000000000010111000110110011100 25
#1123
b00000000000010111000110110011110 1e
b01000001001000110100000100100011 20
b00000000000010111000110110011101 25
#1124
b00000000000010111000110110011111 1e
b01000001001000110100000000100011 20
b00000000000010111000110110011110 25
#1125
b00000000000010111000110110100000 1e
b01000010001001000100001000100011 20
b00000000000010111000110110011111 25
#1126
b00000000000010111000110110100001 1e
b01000000001000110100001000100011 20
b00000000000010111000110110100000 25
#1127
b00000000000010111000110110100010 1e
b01000010001001000100001100100010 20
b00000000000010111000110110100001 25
#1128
b00000000000010111000110110100011 1e
b01000011001000110100000100100101 20
b00000000000010111000110110100010 25
#1129
b00000000000010111000110110100100 1e
b01000000001000110100001000100100 20
b00000000000010111000110110100011 25
#1130
b00000000000010111000110110100101 1e
b00111101001000100100000000100101 20
b00000000000010111000110110100100 25
#1131
b00000000000010111000110110100110 1e
b01000010001001000100000000100100 20
b00000000000010111000110110100101 25
#1132
b00000000000010111000110110100111 1e
b01000000001001010100010000100100 20
b00000000000010111000110110100110 25
#1133
b00000000000010111000110110101000 1e
b01000010001001010100001000100110 20
b00000000000010111000110110100111 25
#1134
b00000000000010111000110110101001 1e
b01000011001000110100001000100101 20
b00000000000010111000110110101000 25
#1135
b00000000000010111000110110101010 1e
b01000001001000110100000100100010 20
b00000000000010111000110110101001 25
#1136
b00000000000010111000110110101011 1e
b00111111001001010100001000100101 20
b00000000000010111000110110101010 25
#1137
b00000000000010111000110110101100 1e
b01000010001000110100001000100011 20
b00000000000010111000110110101011 25
#1138
b00000000000010111000110110101101 1e
b01000010001000110100010000100100 20
b00000000000010111000110110101100 25
#1139
b00000000000010111000110110101110 1e
b01000001001000110100010100100100 20
b00000000000010111000110110101101 25
#1140
b00000000000010111000110110101111 1e
b00111111001001010100000000100100 20
b00000000000010111000110110101110 25
#1141
b00000000000010111000110110110000 1e
b01000011001001100100001000100011 20
b00000000000010111000110110101111 25
#1142
b00000000000010111000110110110001 1e
b01000000001000110100001100100100 20
b00000000000010111000110110110000 25
#1143
b00000000000010111000110110110010 1e
b01000000001001000100001100100100 20
b00000000000010111000110110110001 25
#1144
b00000000000010111000110110110011 1e
b01000010001001000100001000100101 20
b00000000000010111000110110110010 25
#1145
b00000000000010111000110110110100 1e
b01000000001001000011111100100100 20
b00000000000010111000110110110011 25
#1146
b00000000000010111000110110110101 1e
b01000101001001000100000100100001 20
b00000000000010111000110110110100 25
#1147
b00000000000010111000110110110110 1e
b01000010001000010100001100100010 20
b00000000000010111000110110110101 25
#1148
b00000000000010111000110110110111 1e
b01000001001001000100000100100011 20
b00000000000010111000110110110110 25
#1149
b00000000000010111000110110111000 1e
b01000010001001000100000000100011 20
b00000000000010111000110110110111 25
#1150
b00000000000010111000110110111001 1e
b01000010001000010100000100100101 20
b00000000000010111000110110111000 25
#1151
b00000000000010111000110110111010 1e
b01000100001001000100001000100011 20
b00000000000010111000110110111001 25
#1152
b00000000000010111000110110111011 1e
b01000100001000110100001100100100 20
b00000000000010111000110110111010 25
#1153
b00000000000010111000110110111100 1e
b01000010001000110100001000100011 20
b00000000000010111000110110111011 25
#1154
b00000000000010111000110110111101 1e
b01000001001001010100001000100101 20
b00000000000010111000110110111100 25
#1155
b00000000000010111000110110111110 1e
b00111010001000110100000000100100 20
b00000000000010111000110110111101 25
#1156
b00000000000010111000110110111111 1e
b00111101001000010011110100100001 20
b00000000000010111000110110111110 25
#1157
b00000000000010111000110111000000 1e
b00111101001000110100000100100010 20
b00000000000010111000110110111111 25
#1158
b00000000000010111000110111000001 1e
b00111110001000110011111000100011 20
b00000000000010111000110111000000 25
#1159
b00000000000010111000110111000010 1e
b01000000001000100011111000100011 20
b00000000000010111000110111000001 25
#1160
b00000000000010111000110111000011 1e
b00111111001000110011110100100001 20
b00000000000010111000110111000010 25
#1161
b00000000000010111000110111000100 1e
b00111110001000010011111000100010 20
b00000000000010111000110111000011 25
#1162
b00000000000010111000110111000101 1e
b00111101001000100011111000100011 20
b00000000000010111000110111000100 25
#1163
b00000000000010111000110111000110 1e
b01000001001000110011110100100011 20
b00000000000010111000110111000101 25
#1164
b00000000000010111000110111000111 1e
b00111110001001000011110100100001 20
b00000000000010111000110111000110 25
#1165
b00000000000010111000110111001000 1e
b00111110001001000011111000100001 20
b00000000000010111000110111000111 25
#1166
b00000000000010111000110111001001 1e
b00111100001000110011111000100011 20
b00000000000010111000110111001000 25
#1167
b00000000000010111000110111001010 1e
b00111101001000100011110100100100 20
b00000000000010111000110111001001 25
#1168
b00000000000010111000110111001011 1e
b00111100001000100011101100100011 20
b00000000000010111000110111001010 25
#1169
b00000000000010111000110111001100 1e
b00111111001000100100000000100001 20
b00000000000010111000110111001011 25
#1170
b00000000000010111000110111001101 1e
b00111110001000110011111000100011 20
b00000000000010111000110111001100 25
#1171
b00000000000010111000110111001110 1e
b00111101000111110011101000100010 20
b00000000000010111000110111001101 25
#1172
b00000000000010111000110111001111 1e
b01000010001000110100000000100010 20
b00000000000010111000110111001110 25
#1173
b00000000000010111000110111010000 1e
b01000101001001010100001100100100 20
b00000000000010111000110111001111 25
#1174
b00000000000010111000110111010001 1e
b01000010001000110100000000100011 20
b00000000000010111000110111010000 25
#1175
b00000000000010111000110111010010 1e
b01000001001001000100001000100100 20
b00000000000010111000110111010001 25
#1176
b00000000000010111000110111010011 1e
b00111100001000110100001000100100 20
b00000000000010111000110111010010 25
#1177
b00000000000010111000110111010100 1e
b00111010001000000011110000100010 20
b00000000000010111000110111010011 25
#1178
b00000000000010111000110111010101 1e
b01000100001000110100000000100001 20
b00000000000010111000110111010100 25
#1179
b00000000000010111000110111010110 1e
b01000010001001000100000000100110 20
b00000000000010111000110111010101 25
#1180
b00000000000010111000110111010111 1e
b01000101001001100100001000100010 20
b00000000000010111000110111010110 25
#1181
b00000000000010111000110111011000 1e
b01000101001000110100001000100110 20
b00000000000010111000110111010111 25
#1182
b00000000000010111000110111011001 1e
b01000011001001000100001000100011 20
b00000000000010111000110111011000 25
#1183
b00000000000010111000110111011010 1e
b01000010001000110100001100100011 20
b00000000000010111000110111011001 25
#1184
b00000000000010111000110111011011 1e
b01000000001001010100001100100011 20
b00000000000010111000110111011010 25
#1185
b00000000000010111000110111011100 1e
b01000000001001000011110000100010 20
b00000000000010111000110111011011 25
#1186
b00000000000010111000110111011101 1e
b01000000001000110100000100100100 20
b00000000000010111000110111011100 25
#1187
b00000000000010111000110111011110 1e
b01000001001001010100000000100101 20
b00000000000010111000110111011101 25
#1188
b00000000000010111000110111011111 1e
b01000100001000110100010000100100 20
b00000000000010111000110111011110 25
#1189
b00000000000010111000110111100000 1e
b01000101001001000100010000100011 20
b00000000000010111000110111011111 25
#1190
b00000000000010111000110111100001 1e
b01000100001001010100001100100100 20
b00000000000010111000110111100000 25
#1191
b00000000000010111000110111100010 1e
b01000000001000110011110100100110 20
b00000000000010111000110111100001 25
#1192
b00000000000010111000110111100011 1e
b00110010001000100011110100100011 20
b00000000000010111000110111100010 25
#1193
b00000000000010111000110111100100 1e
b00111111001000000011011000011101 20
b00000000000010111000110111100011 25
#1194
b00000000000010111000110111100101 1e
b01000010001000110100000100100100 20
b00000000000010111000110111100100 25
#1195
b00000000000010111000110111100110 1e
b01000000001001000100011100100011 20
b00000000000010111000110111100101 25
#1196
b00000000000010111000110111100111 1e
b01000011001001000100001000100101 20
b00000000000010111000110111100110 25
#1197
b00000000000010111000110111101000 1e
b01000011001001100100010100100100 20
b00000000000010111000110111100111 25
#1198
b00000000000010111000110111101001 1e
b01000001001001010100001000100101 20
b00000000000010111000110111101000 25
#1199
b00000000000010111000110111101010 1e
b01000001001001000100001100100100 20
b00000000000010111000110111101001 25
#1200
b00000000000010111000110111101011 1e
b01000001001001110100010000100110 20
b00000000000010111000110111101010 25
#1201
b00000000000010111000110111101100 1e
b01000011001001010100010100100110 20
b00000000000010111000110111101011 25
#1202
b00000000000010111000110111101101 1e
b00110111001000100100000000100101 20
b00000000000010111000110111101100 25
#1203
b00000000000010111000110111101110 1e
b00111110001000000011001100100000 20
b00000000000010111000110111101101 25
#1204
b00000000000010111000110111101111 1e
b01000011001000110100000100100010 20
b00000000000010111000110111101110 25
#1205
b00000000000010111000110111110000 1e
b01000010001001000100010000100011 20
b00000000000010111000110111101111 25
#1206
b00000000000010111000110111110001 1e
b01000011001001000100011000100101 20
b00000000000010111000110111110000 25
#1207
b00000000000010111000110111110010 1e
b01000100001001000100001100100100 20
b00000000000010111000110111110001 25
#1208
b00000000000010111000110111110011 1e
b01000100001000110100001100100101 20
b00000000000010111000110111110010 25
#1209
b00000000000010111000110111110100 1e
b01000010001001000100010000100100 20
b00000000000010111000110111110011 25
#1210
b00000000000010111000110111110101 1e
b01000011001001100100001000100100 20
b00000000000010111000110111110100 25
#1211
b00000000000010111000110111110110 1e
b01000010001001010100001100100011 20
b00000000000010111000110111110101 25
#1212
b00000000000010111000110111110111 1e
b01000101001001010100010100100100 20
b00000000000010111000110111110110 25
#1213
b00000000000010111000110111111000 1e
b01000010001001010100010000100011 20
b00000000000010111000110111110111 25
#1214
b00000000000010111000110111111001 1e
b01000000001000110100000100100100 20
b00000000000010111000110111111000 25
#1215
b00000000000010111000110111111010 1e
b01000101001001000100010100100100 20
b00000000000010111000110111111001 25
#1216
b00000000000010111000110111111011 1e
b01000100001001000100010000100100 20
b00000000000010111000110111111010 25
#1217
b00000000000010111000110111111100 1e
b01000110001001010100001000100100 20
b00000000000010111000110111111011 25
#1218
b00000000000010111000110111111101 1e
b01000010001001000100010000100110 20
b00000000000010111000110111111100 25
#1219
b00000000000010111000110111111110 1e
b01000000001001100100001100100011 20
b00000000000010111000110111111101 25
#1220
b00000000000010111000110111111111 1e
b01000010001001000100001000100101 20
b00000000000010111000110111111110 25
#1221
b00000000000010111000111000000000 1e
b00111011001001000100000100100110 20
b00000000000010111000110111111111 25
#1222
b00000000000010111000111000000001 1e
b01000001001000110011110100100010 20
b00000000000010111000111000000000 25
#1223
b00000000000010111000111000000010 1e
b01000010001001100100001100100100 20
b00000000000010111000111000000001 25
#1224
b00000000000010111000111000000011 1e
b01000101001001010100001100100101 20
b00000000000010111000111000000010 25
#1225
b00000000000010111000111000000100 1e
b01000011001001100100010100100011 20
b00000000000010111000111000000011 25
#1226
b00000000000010111000111000000101 1e
b01000000001000100100010100100011 20
b00000000000010111000111000000100 25
#1227
b00000000000010111000111000000110 1e
b00111100001000100011110100100100 20
b00000000000010111000111000000101 25
#1228
b00000000000010111000111000000111 1e
b01000011001001000100000100100010 20
b00000000000010111000111000000110 25
#1229
b00000000000010111000111000001000 1e
b01000001001001000100000000100011 20
b00000000000010111000111000000111 25
#1230
b00000000000010111000111000001001 1e
b01000011001000110100001000100011 20
b00000000000010111000111000001000 25
#1231
b00000000000010111000111000001010 1e
b01000001001001000100000100100101 20
b00000000000010111000111000001001 25
#1232
b00000000000010111000111000001011 1e
b01000001001000110100001000100100 20
b00000000000010111000111000001010 25
#1233
b00000000000010111000111000001100 1e
b01000001001001010100010000100101 20
b00000000000010111000111000001011 25
#1234
b00000000000010111000111000001101 1e
b00111111001001000100000000100101 20
b00000000000010111000111000001100 25
#1235
b00000000000010111000111000001110 1e
b00111101001000100011111100100100 20
b00000000000010111000111000001101 25
#1236
b00000000000010111000111000001111 1e
b01000110001000110100001000100011 20
b00000000000010111000111000001110 25
#1237
b00000000000010111000111000010000 1e
b01000000001001010100001000100101 20
b00000000000010111000111000001111 25
#1238
b00000000000010111000111000010001 1e
b01000100001000110100001000100101 20
b00000000000010111000111000010000 25
#1239
b00000000000010111000111000010010 1e
b01000101001001000100000100100010 20
b00000000000010111000111000010001 25
#1240
b00000000000010111000111000010011 1e
b01000000001001010100001100100101 20
b00000000000010111000111000010010 25
#1241
b00000000000010111000111000010100 1e
b01000100001001000100010100100101 20
b00000000000010111000111000010011 25
#1242
b00000000000010111000111000010101 1e
b00111110001000110100010000100100 20
b00000000000010111000111000010100 25
#1243
b00000000000010111000111000010110 1e
b01000001001000110011100100100100 20
b00000000000010111000111000010101 25
#1244
b00000000000010111000111000010111 1e
b01000001001000110100001000100100 20
b00000000000010111000111000010110 25
#1245
b00000000000010111000111000011000 1e
b01000101001000110100000000100011 20
b00000000000010111000111000010111 25
#1246
b00000000000010111000111000011001 1e
b01000011001001010100011000100101 20
b00000000000010111000111000011000 25
#1247
b00000000000010111000111000011010 1e
b01000001001001010100000100100011 20
b00000000000010111000111000011001 25
#1248
b00000000000010111000111000011011 1e
b01000100001001000100001000100011 20
b00000000000010111000111000011010 25
#1249
b00000000000010111000111000011100 1e
b01000010001001010100000000100011 20
b00000000000010111000111000011011 25
#1250
b00000000000010111000111000011101 1e
b01000001001001010011111100100011 20
b00000000000010111000111000011100 25
#1251
b00000000000010111000111000011110 1e
b01000010001000110100010000100101 20
b00000000000010111000111000011101 25
#1252
b00000000000010111000111000011111 1e
b01000011001001010100010000100101 20
b00000000000010111000111000011110 25
#1253
b00000000000010111000111000100000 1e
b01000100001001100100001000100110 20
b00000000000010111000111000011111 25
#1254
b00000000000010111000111000100001 1e
b01000011001001000100001100100110 20
b00000000000010111000111000100000 25
#1255
b00000000000010111000111000100010 1e
b01000100001001000100010100100100 20
b00000000000010111000111000100001 25
#1256
b00000000000010111000111000100011 1e
b00111000001000110100001000100110 20
b00000000000010111000111000100010 25
#1257
b00000000000010111000111000100100 1e
b01000000001000110011111000100011 20
b00000000000010111000111000100011 25
#1258
b00000000000010111000111000100101 1e
b01000010001000110100010000100100 20
b00000000000010111000111000100100 25
#1259
b00000000000010111000111000100110 1e
b01000101001001100100001100100101 20
b00000000000010111000111000100101 25
#1260
b00000000000010111000111000100111 1e
b01000011001001010100001000100010 20
b00000000000010111000111000100110 25
#1261
b00000000000010111000111000101000 1e
b01000001001000110100001000100101 20
b00000000000010111000111000100111 25
#1262
b00000000000010111000111000101001 1e
b01000000001000110100010000100101 20
b00000000000010111000111000101000 25
#1263
b00000000000010111000111000101010 1e
b01000100001001100100010000100100 20
b00000000000010111000111000101001 25
#1264
b00000000000010111000111000101011 1e
b01000011001000110011111100100010 20
b00000000000010111000111000101010 25
#1265
b00000000000010111000111000101100 1e
b01000110001000110100010100100011 20
b00000000000010111000111000101011 25
#1266
b00000000000010111000111000101101 1e
b01000110001000110100011000100100 20
b00000000000010111000111000101100 25
#1267
b00000000000010111000111000101110 1e
b01000010001001000100001100100101 20
b00000000000010111000111000101101 25
#1268
b00000000000010111000111000101111 1e
b01000000001000110100000100100101 20
b00000000000010111000111000101110 25
#1269
b00000000000010111000111000110000 1e
b01000010001001000100010000100110 20
b00000000000010111000111000101111 25
#1270
b00000000000010111000111000110001 1e
b01000010001000110100001000100100 20
b00000000000010111000111000110000 25
#1271
b00000000000010111000111000110010 1e
b01000001001001000100000100100101 20
b00000000000010111000111000110001 25
#1272
b00000000000010111000111000110011 1e
b00111111001000110011111000100010 20
b00000000000010111000111000110010 25
#1273
b00000000000010111000111000110100 1e
b01000110001000100100010000100011 20
b00000000000010111000111000110011 25
#1274
b00000000000010111000111000110101 1e
b01000010001001010100001100100100 20
b00000000000010111000111000110100 25
#1275
b00000000000010111000111000110110 1e
b00111101001001000100001100100011 20
b00000000000010111000111000110101 25
#1276
b00000000000010111000111000110111 1e
b00111011001000110011110100100100 20
b00000000000010111000111000110110 25
#1277
b00000000000010111000111000111000 1e
b01000001001000110100000000100000 20
b00000000000010111000111000110111 25
#1278
b00000000000010111000111000111001 1e
b01000011001001000100010000100010 20
b00000000000010111000111000111000 25
#1279
b00000000000010111000111000111010 1e
b01000101001001010100010100100101 20
b00000000000010111000111000111001 25
#1280
b00000000000010111000111000111011 1e
b01000000001001000100010000100110 20
b00000000000010111000111000111010 25
#1281
b00000000000010111000111000111100 1e
b01000100001000110100001100100100 20
b00000000000010111000111000111011 25
#1282
b00000000000010111000111000111101 1e
b01000001001001000100000000100100 20
b00000000000010111000111000111100 25
#1283
b00000000000010111000111000111110 1e
b01000101001000110100010000100100 20
b00000000000010111000111000111101 25
#1284
b00000000000010111000111000111111 1e
b01000010001001010100000000100100 20
b00000000000010111000111000111110 25
#1285
b00000000000010111000111001000000 1e
b01000100001000110100010000100110 20
b00000000000010111000111000111111 25
#1286
b00000000000010111000111001000001 1e
b01000010001001010100010000100101 20
b00000000000010111000111001000000 25
#1287
b00000000000010111000111001000010 1e
b01000011001000110100001000100100 20
b00000000000010111000111001000001 25
#1288
b00000000000010111000111001000011 1e
b01000010001000110100000000100101 20
b00000000000010111000111001000010 25
#1289
b00000000000010111000111001000100 1e
b01000100001000110100010000100011 20
b00000000000010111000111001000011 25
#1290
b00000000000010111000111001000101 1e
b01000010001001000100001000100100 20
b00000000000010111000111001000100 25
#1291
b00000000000010111000111001000110 1e
b01000100001000110100000100100100 20
b00000000000010111000111001000101 25
#1292
b00000000000010111000111001000111 1e
b00111101001000010100000000100010 20
b00000000000010111000111001000110 25
#1293
b00000000000010111000111001001000 1e
b01000001001001010100001100100011 20
b00000000000010111000111001000111 25
#1294
b00000000000010111000111001001001 1e
b01000000001001100100001100100011 20
b00000000000010111000111001001000 25
#1295
b00000000000010111000111001001010 1e
b01000001001000010100001000100100 20
b00000000000010111000111001001001 25
#1296
b00000000000010111000111001001011 1e
b01000100001000110100001000100101 20
b00000000000010111000111001001010 25
#1297
b00000000000010111000111001001100 1e
b01000010001001010100001000100100 20
b00000000000010111000111001001011 25
#1298
b00000000000010111000111001001101 1e
b01000000001000110100000000100011 20
b00000000000010111000111001001100 25
#1299
b00000000000010111000111001001110 1e
b01000000001001010100000000100011 20
b00000000000010111000111001001101 25
#1300
b00000000000010111000111001001111 1e
b01000001001001010100010000100100 20
b00000000000010111000111001001110 25
#1301
b00000000000010111000111001010000 1e
b01000010001001010100000000100100 20
b00000000000010111000111001001111 25
#1302
b00000000000010111000111001010001 1e
b01000100001001100100010100100100 20
b00000000000010111000111001010000 25
#1303
b00000000000010111000111001010010 1e
b01000010001001000100010000100100 20
b00000000000010111000111001010001 25
#1304
b00000000000010111000111001010011 1e
b01000101001001000100001000100100 20
b00000000000010111000111001010010 25
#1305
b00000000000010111000111001010100 1e
b00111101001000010011101100100101 20
b00000000000010111000111001010011 25
#1306
b00000000000010111000111001010101 1e
b01000011001001010100000100100011 20
b00000000000010111000111001010100 25
#1307
b00000000000010111000111001010110 1e
b01000001001000100100000000100010 20
b00000000000010111000111001010101 25
#1308
b00000000000010111000111001010111 1e
b01000011001000110011110000100100 20
b00000000000010111000111001010110 25
#1309
b00000000000010111000111001011000 1e
b01000010001001000100001000100011 20
b00000000000010111000111001010111 25
#1310
b00000000000010111000111001011001 1e
b01000010001000100100010000100101 20
b00000000000010111000111001011000 25
#1311
b00000000000010111000111001011010 1e
b01000010001000110100001000100011 20
b00000000000010111000111001011001 25
#1312
b00000000000010111000111001011011 1e
b01000010001001100100010000100101 20
b00000000000010111000111001011010 25
#1313
b00000000000010111000111001011100 1e
b01000000001001010100001100100100 20
b00000000000010111000111001011011 25
#1314
b00000000000010111000111001011101 1e
b01000010001001000100001000100011 20
b00000000000010111000111001011100 25
#1315
b00000000000010111000111001011110 1e
b01000010001000110100001000100011 20
b00000000000010111000111001011101 25
#1316
b00000000000010111000111001011111 1e
b01000011001001010100010000100011 20
b00000000000010111000111001011110 25
#1317
b00000000000010111000111001100000 1e
b01000011001001000100000000100101 20
b00000000000010111000111001011111 25
#1318
b00000000000010111000111001100001 1e
b00111100001000100100000000100101 20
b00000000000010111000111001100000 25
#1319
b00000000000010111000111001100010 1e
b01000001001000110011111000100010 20
b00000000000010111000111001100001 25
#1320
b00000000000010111000111001100011 1e
b00111101001001100100001000100100 20
b00000000000010111000111001100010 25
#1321
b00000000000010111000111001100100 1e
b00111100001000010011011100100001 20
b00000000000010111000111001100011 25
#1322
b00000000000010111000111001100101 1e
b01000010001001000100000000100011 20
b00000000000010111000111001100100 25
#1323
b00000000000010111000111001100110 1e
b01000010001001100100001000100100 20
b00000000000010111000111001100101 25
#1324
b00000000000010111000111001100111 1e
b00110111001000010100000000100010 20
b00000000000010111000111001100110 25
#1325
b00000000000010111000111001101000 1e
b01000000001000010011010100100001 20
b00000000000010111000111001100111 25
#1326
b00000000000010111000111001101001 1e
b01000000001001000011111000100100 20
b00000000000010111000111001101000 25
#1327
b00000000000010111000111001101010 1e
b01000011001000110100001000100011 20
b00000000000010111000111001101001 25
#1328
b00000000000010111000111001101011 1e
b01000100001001000100010000100011 20
b00000000000010111000111001101010 25
#1329
b00000000000010111000111001101100 1e
b01000010001000110011111100100011 20
b00000000000010111000111001101011 25
#1330
b00000000000010111000111001101101 1e
b01000101001000110100001100100101 20
b00000000000010111000111001101100 25
#1331
b00000000000010111000111001101110 1e
b01000001001001100100001000100011 20
b00000000000010111000111001101101 25
#1332
b00000000000010111000111001101111 1e
b01000001001001000100001100100101 20
b00000000000010111000111001101110 25
#1333
b00000000000010111000111001110000 1e
b01000000001000100100001000100110 20
b00000000000010111000111001101111 25
#1334
b00000000000010111000111001110001 1e
b01000101001000110100000100100011 20
b00000000000010111000111001110000 25
#1335
b00000000000010111000111001110010 1e
b01000100001000110100001100100101 20
b00000000000010111000111001110001 25
#1336
b00000000000010111000111001110011 1e
b01000000001000110100000000100011 20
b00000000000010111000111001110010 25
#1337
b00000000000010111000111001110100 1e
b01000101001001000100001100101000 20
b00000000000010111000111001110011 25
#1338
b00000000000010111000111001110101 1e
b01000100001000110100010000100101 20
b00000000000010111000111001110100 25
#1339
b00000000000010111000111001110110 1e
b01000011001001010100000000100100 20
b00000000000010111000111001110101 25
#1340
b00000000000010111000111001110111 1e
b01000010001000100100001000100100 20
b00000000000010111000111001110110 25
#1341
b00000000000010111000111001111000 1e
b01000010001000110100001000100101 20
b00000000000010111000111001110111 25
#1342
b00000000000010111000111001111001 1e
b01000100001000110100000100100010 20
b00000000000010111000111001111000 25
#1343
b00000000000010111000111001111010 1e
b01000001001000110100001000100101 20
b00000000000010111000111001111001 25
#1344
b00000000000010111000111001111011 1e
b01000001001000110100000000100011 20
b00000000000010111000111001111010 25
#1345
b00000000000010111000111001111100 1e
b01000000001000110100001000100011 20
b00000000000010111000111001111011 25
#1346
b00000000000010111000111001111101 1e
b01000011001001000100000100100011 20
b00000000000010111000111001111100 25
#1347
b00000000000010111000111001111110 1e
b01000001001000110100000000100011 20
b00000000000010111000111001111101 25
#1348
b00000000000010111000111001111111 1e
b01000000001000110100000100100010 20
b00000000000010111000111001111110 25
#1349
b00000000000010111000111010000000 1e
b01000010001000110100000100100001 20
b00000000000010111000111001111111 25
#1350
b00000000000010111000111010000001 1e
b01000011001001000100001000100011 20
b00000000000010111000111010000000 25
#1351
b00000000000010111000111010000010 1e
b01000001001001000100001000100100 20
b00000000000010111000111010000001 25
#1352
b00000000000010111000111010000011 1e
b01000100001000110100001000100010 20
b00000000000010111000111010000010 25
#1353
b00000000000010111000111010000100 1e
b01000011001001000100001100100011 20
b00000000000010111000111010000011 25
#1354
b00000000000010111000111010000101 1e
b01000010001000100011111000100011 20
b00000000000010111000111010000100 25
#1355
b00000000000010111000111010000110 1e
b01000010001000110100001100100001 20
b00000000000010111000111010000101 25
#1356
b00000000000010111000111010000111 1e
b00111010001000100100000000100011 20
b00000000000010111000111010000110 25
#1357
b00000000000010111000111010001000 1e
b01000000000111110011110000100001 20
b00000000000010111000111010000111 25
#1358
b00000000000010111000111010001001 1e
b01000010001001000100000000100011 20
b00000000000010111000111010001000 25
#1359
b00000000000010111000111010001010 1e
b01000011001001000100001100100100 20
b00000000000010111000111010001001 25
#1360
b00000000000010111000111010001011 1e
b01000000001000110100000000100011 20
b00000000000010111000111010001010 25
#1361
b00000000000010111000111010001100 1e
b01000010001000110011111100100011 20
b00000000000010111000111010001011 25
#1362
b00000000000010111000111010001101 1e
b01000001001001010100010000100011 20
b00000000000010111000111010001100 25
#1363
b00000000000010111000111010001110 1e
b01000100001001000100000000100101 20
b00000000000010111000111010001101 25
#1364
b00000000000010111000111010001111 1e
b01000110001000110100001100100101 20
b00000000000010111000111010001110 25
#1365
b00000000000010111000111010010000 1e
b01000000001000110100000100100100 20
b00000000000010111000111010001111 25
#1366
b00000000000010111000111010010001 1e
b01000000001000110011111100100010 20
b00000000000010111000111010010000 25
#1367
b00000000000010111000111010010010 1e
b01000011001000110100000000100001 20
b00000000000010111000111010010001 25
#1368
b00000000000010111000111010010011 1e
b01000010001000100100001100100011 20
b00000000000010111000111010010010 25
#1369
b00000000000010111000111010010100 1e
b01000010001000100011111100100010 20
b00000000000010111000111010010011 25
#1370
b00000000000010111000111010010101 1e
b00111111001001010011111000100011 20
b00000000000010111000111010010100 25
#1371
b00000000000010111000111010010110 1e
b01000000001000010011111000100010 20
b00000000000010111000111010010101 25
#1372
b00000000000010111000111010010111 1e
b01000000001000100100000000100001 20
b00000000000010111000111010010110 25
#1373
b00000000000010111000111010011000 1e
b01000001001001110100000100100100 20
b00000000000010111000111010010111 25
#1374
b00000000000010111000111010011001 1e
b00111110001001010100000100100011 20
b00000000000010111000111010011000 25
#1375
b00000000000010111000111010011010 1e
b01000011001000110100001000100100 20
b00000000000010111000111010011001 25
#1376
b00000000000010111000111010011011 1e
b00111110001000110100001000100001 20
b00000000000010111000111010011010 25
#1377
b00000000000010111000111010011100 1e
b01000010001000110011101100100100 20
b00000000000010111000111010011011 25
#1378
b00000000000010111000111010011101 1e
b01000010001001000100001100100011 20
b00000000000010111000111010011100 25
#1379
b00000000000010111000111010011110 1e
b00111111001001010100001000100100 20
b00000000000010111000111010011101 25
#1380
b00000000000010111000111010011111 1e
b01000011001000110100000100100100 20
b00000000000010111000111010011110 25
#1381
b00000000000010111000111010100000 1e
b01000000001000110100000000100011 20
b00000000000010111000111010011111 25
#1382
b00000000000010111000111010100001 1e
b01000000001000110100001000100011 20
b00000000000010111000111010100000 25
#1383
b00000000000010111000111010100010 1e
b01000000001001000100001000100010 20
b00000000000010111000111010100001 25
#1384
b00000000000010111000111010100011 1e
b00111110001001000100000100100100 20
b00000000000010111000111010100010 25
#1385
b00000000000010111000111010100100 1e
b01000000001000110011111000100100 20
b00000000000010111000111010100011 25
#1386
b00000000000010111000111010100101 1e
b01000000001000110100001000100011 20
b00000000000010111000111010100100 25
#1387
b00000000000010111000111010100110 1e
b01000001001000110100000100100011 20
b00000000000010111000111010100101 25
#1388
b00000000000010111000111010100111 1e
b01000001001000100100000100100011 20
b00000000000010111000111010100110 25
#1389
b00000000000010111000111010101000 1e
b01000000001001000100000100100001 20
b00000000000010111000111010100111 25
#1390
b00000000000010111000111010101001 1e
b00111010001000110011111100100011 20
b00000000000010111000111010101000 25
#1391
b00000000000010111000111010101010 1e
b00111010001000100011111000100001 20
b00000000000010111000111010101001 25
#1392
b00000000000010111000111010101011 1e
b00110101000111110011011100100000 20
b00000000000010111000111010101010 25
#1393
b00000000000010111000111010101100 1e
b00111001000111110011100100011111 20
b00000000000010111000111010101011 25
#1394
b00000000000010111000111010101101 1e
b00111011001000000011101000100001 20
b00000000000010111000111010101100 25
#1395
b00000000000010111000111010101110 1e
b00111000001000100011101100100000 20
b00000000000010111000111010101101 25
#1396
b00000000000010111000111010101111 1e
b00111011000111110011110000011111 20
b00000000000010111000111010101110 25
#1397
b00000000000010111000111010110000 1e
b00111011001000010011100100100000 20
b00000000000010111000111010101111 25
#1398
b00000000000010111000111010110001 1e
b00111011000111110011101100100010 20
b00000000000010111000111010110000 25
#1399
b00000000000010111000111010110010 1e
b00111011001000000011110000100011 20
b00000000000010111000111010110001 25
#1400
b00000000000010111000111010110011 1e
b00111011001000010011101100100001 20
b00000000000010111000111010110010 25
#1401
b00000000000010111000111010110100 1e
b00111010001000100011101100100001 20
b00000000000010111000111010110011 25
#1402
b00000000000010111000111010110101 1e
b00111011001000100011101000011111 20
b00000000000010111000111010110100 25
#1403
b00000000000010111000111010110110 1e
b00111001001000000011011100100001 20
b00000000000010111000111010110101 25
#1404
b00000000000010111000111010110111 1e
b00111110001000010011101100100000 20
b00000000000010111000111010110110 25
#1405
b00000000000010111000111010111000 1e
b01000001001000110011101100100001 20
b00000000000010111000111010110111 25
#1406
b00000000000010111000111010111001 1e
b01000011001000110011110100100011 20
b00000000000010111000111010111000 25
#1407
b00000000000010111000111010111010 1e
b01000010001000110100000000100011 20
b00000000000010111000111010111001 25
#1408
b00000000000010111000111010111011 1e
b01000000001000110011111100100011 20
b00000000000010111000111010111010 25
#1409
b00000000000010111000111010111100 1e
b01000000001001000100000000100011 20
b00000000000010111000111010111011 25
#1410
b00000000000010111000111010111101 1e
b01000000001000010100000000100010 20
b00000000000010111000111010111100 25
#1411
b00000000000010111000111010111110 1e
b01000010001001010100000000100010 20
b00000000000010111000111010111101 25
#1412
06
b00000000001000001000000000000110 b
b00000000000010111000111010111111 1e
01f
b00111101001000100011111100100011 20
b00000000000010111000111010111110 25
026
#1413
08
b00000000000010111000111011000000 1e
b01000011001001000100000000100011 20
b00000000000010111000111010111111 25
#1414
b01000000001001100100010000100100 20
121
b00000000000010111000111011000000 25
#1415
024
b0000 27
#1420
b00000000001010001000000000000110 b
#1473
b00000000001000001000000000000110 b
#1579
10
b00000000001000001000000000000100 b
114
11a
#1580
13
b00000000000110101110010100000001 16
#1581
b00000000000110101110010100000001 c
012
b00000000000110101110010100000010 16
#1582
b00000000000110101110010100000010 c
1e
b00111111001000110100001000100011 f
b1111 10
b00000000000110101110010100000011 16
#1583
b00000000000110101110010100000011 c
b01000010001000110100000000100011 f
b00000000000110101110010100000100 16
#1584
b00000000000110101110010100000100 c
b00111110001001010100000000100010 f
b00000000000110101110010100000101 16
#1585
b00000000000110101110010100000101 c
b01000001001000110100000100100101 f
b00000000000110101110010100000110 16
#1586
b00000000000110101110010100000110 c
b01000010001001000011111100100100 f
b00000000000110101110010100000111 16
#1587
b00000000000110101110010100000111 c
b00111110001000010011111100100011 f
b00000000000110101110010100001000 16
#1588
b00000000000110101110010100001000 c
b00111110001001000011111100100011 f
b00000000000110101110010100001001 16
#1589
b00000000000110101110010100001001 c
b00111101001001000011111000100011 f
b00000000000110101110010100001010 16
#1590
b00000000000110101110010100001010 c
b00111101001000110011111000100001 f
b00000000000110101110010100001011 16
#1591
b00000000000110101110010100001011 c
b00110110001000010011100100100011 f
b00000000000110101110010100001100 16
#1592
b00000000000110101110010100001100 c
b00110010000111100011001000011101 f
b00000000000110101110010100001101 16
#1593
b00000000000110101110010100001101 c
b00110110000111110011001000011101 f
b00000000000110101110010100001110 16
#1594
b00000000000110101110010100001110 c
b00111011001000000011100100011110 f
b00000000000110101110010100001111 16
#1595
b00000000000110101110010100001111 c
b00111101001000000011100000100010 f
b00000000000110101110010100010000 16
#1596
b00000000000110101110010100010000 c
b00111100001000010011101100100001 f
b00000000000110101110010100010001 16
#1597
b00000000000110101110010100010001 c
b00111001001000100011100100100010 f
b00000000000110101110010100010010 16
#1598
b00000000000110101110010100010010 c
b00111010001000000011101100100010 f
b00000000000110101110010100010011 16
#1599
b00000000000110101110010100010011 c
b00111101001000000011110100100001 f
b00000000000110101110010100010100 16
#1600
b00000000000110101110010100010100 c
b00111011001000010011101100100010 f
b00000000000110101110010100010101 16
#1601
b00000000000110101110010100010101 c
b00111010001000010011110100100001 f
b00000000000110101110010100010110 16
#1602
b00000000000110101110010100010110 c
b00111010001000010011101100100010 f
b00000000000110101110010100010111 16
#1603
b00000000000110101110010100010111 c
b00111100001000010011110000100011 f
b00000000000110101110010100011000 16
#1604
b00000000000110101110010100011000 c
b00111100001000010011101100100001 f
b00000000000110101110010100011001 16
#1605
b00000000000110101110010100011001 c
b00111101001000010011110100100001 f
b00000000000110101110010100011010 16
#1606
b00000000000110101110010100011010 c
b00111101001000010011101100100011 f
b00000000000110101110010100011011 16
#1607
b00000000000110101110010100011011 c
b00111010001000110011101100011111 f
b00000000000110101110010100011100 16
#1608
b00000000000110101110010100011100 c
b00111100001000010011110100100000 f
b00000000000110101110010100011101 16
#1609
b00000000000110101110010100011101 c
b00111100001000010011110000100001 f
b00000000000110101110010100011110 16
#1610
b00000000000110101110010100011110 c
b00111100001000100011110000100000 f
b00000000000110101110010100011111 16
#1611
b00000000000110101110010100011111 c
b00111101001000110011111000100010 f
b00000000000110101110010100100000 16
#1612
b00000000000110101110010100100000 c
b00111111001000110100000100100100 f
b00000000000110101110010100100001 16
#1613
b00000000000110101110010100100001 c
b01000000001001000100000100100010 f
b00000000000110101110010100100010 16
#1614
b00000000000110101110010100100010 c
b01000001001001000100000000100010 f
b00000000000110101110010100100011 16
#1615
b00000000000110101110010100100011 c
b01000000001001000011111100100011 f
b00000000000110101110010100100100 16
#1616
b00000000000110101110010100100100 c
b01000010001000110100000100100011 f
b00000000000110101110010100100101 16
#1617
b00000000000110101110010100100101 c
b01000010001000100011111100100101 f
b00000000000110101110010100100110 16
#1618
b00000000000110101110010100100110 c
b00111110001000110100000000100101 f
b00000000000110101110010100100111 16
#1619
b00000000000110101110010100100111 c
b01000001001000110100010100100011 f
b00000000000110101110010100101000 16
#1620
b00000000000110101110010100101000 c
b01000011001000110100000000100100 f
b00000000000110101110010100101001 16
#1621
b00000000000110101110010100101001 c
b00111110001000110100000100100011 f
b00000000000110101110010100101010 16
#1622
b00000000000110101110010100101010 c
b00111110001000010011111100100010 f
b00000000000110101110010100101011 16
#1623
b00000000000110101110010100101011 c
b00000000000110101110010100101100 16
#1624
b00000000000110101110010100101100 c
b01000000001000110011101100100000 f
b00000000000110101110010100101101 16
#1625
b00000000000110101110010100101101 c
b00111100001000110011111000100001 f
b00000000000110101110010100101110 16
#1626
b00000000000110101110010100101110 c
b00111101001000010011101100100001 f
b00000000000110101110010100101111 16
#1627
b00000000000110101110010100101111 c
b00111101001000010011110000100010 f
b00000000000110101110010100110000 16
#1628
b00000000000110101110010100110000 c
b00111110001000010011110100100001 f
b00000000000110101110010100110001 16
#1629
b00000000000110101110010100110001 c
b00111011001000100011110100100010 f
b00000000000110101110010100110010 16
#1630
b00000000000110101110010100110010 c
b00111101001000010011110000100001 f
b00000000000110101110010100110011 16
#1631
b00000000000110101110010100110011 c
b00111101001000100011110100100001 f
b00000000000110101110010100110100 16
#1632
b00000000000110101110010100110100 c
b00111011001000010011110100100010 f
b00000000000110101110010100110101 16
#1633
b00000000000110101110010100110101 c
b00111101001000100011110100100001 f
b00000000000110101110010100110110 16
#1634
b00000000000110101110010100110110 c
b00111100001000100011101000100000 f
b00000000000110101110010100110111 16
#1635
b00000000000110101110010100110111 c
b00111011001000010011110100011111 f
b00000000000110101110010100111000 16
#1636
b00000000000110101110010100111000 c
b00111100001000010011110000100001 f
b00000000000110101110010100111001 16
#1637
b00000000000110101110010100111001 c
b00111101001000010011101100100001 f
b00000000000110101110010100111010 16
#1638
b00000000000110101110010100111010 c
b00111011001000010011100100100011 f
b00000000000110101110010100111011 16
#1639
b00000000000110101110010100111011 c
b00111011001000000011101000100001 f
b00000000000110101110010100111100 16
#1640
b00000000000110101110010100111100 c
b00111011001000000011100100011111 f
b00000000000110101110010100111101 16
#1641
b00000000000110101110010100111101 c
b00111000000111110011100000100000 f
b00000000000110101110010100111110 16
#1642
b00000000000110101110010100111110 c
b00111001001000000011011100011111 f
b00000000000110101110010100111111 16
#1643
b00000000000110101110010100111111 c
b00111011001000000011100100100000 f
b00000000000110101110010101000000 16
#1644
b00000000000110101110010101000000 c
b00111010001000000011011100100000 f
b00000000000110101110010101000001 16
#1645
b00000000000110101110010101000001 c
b00111001000111110011011100100000 f
b00000000000110101110010101000010 16
#1646
b00000000000110101110010101000010 c
b00111001001000010011100100011111 f
b00000000000110101110010101000011 16
#1647
b00000000000110101110010101000011 c
b00111001001000000011101000011111 f
b00000000000110101110010101000100 16
#1648
b00000000000110101110010101000100 c
b00111001000111110011100000100000 f
b00000000000110101110010101000101 16
#1649
b00000000000110101110010101000101 c
b00110110000111110011011100011111 f
b00000000000110101110010101000110 16
#1650
b00000000000110101110010101000110 c
b00110111000111010011011100100000 f
b00000000000110101110010101000111 16
#1651
b00000000000110101110010101000111 c
b00110110000111100011100000011110 f
b00000000000110101110010101001000 16
#1652
b00000000000110101110010101001000 c
b00110111001000010011011000011111 f
b00000000000110101110010101001001 16
#1653
b00000000000110101110010101001001 c
b00110111000111100011011100011101 f
b00000000000110101110010101001010 16
#1654
b00000000000110101110010101001010 c
b00110100000111100011011100011101 f
b00000000000110101110010101001011 16
#1655
b00000000000110101110010101001011 c
b00110110000111010011001000011111 f
b00000000000110101110010101001100 16
#1656
b00000000000110101110010101001100 c
b00110100000111110011001000011111 f
b00000000000110101110010101001101 16
#1657
b00000000000110101110010101001101 c
b00110100000111100011011000011100 f
b00000000000110101110010101001110 16
#1658
b00000000000110101110010101001110 c
b00110100000111010011010100011110 f
b00000000000110101110010101001111 16
#1659
b00000000000110101110010101001111 c
b00110011000111010011010100011101 f
b00000000000110101110010101010000 16
#1660
b00000000000110101110010101010000 c
b00110100000111010011000100011110 f
b00000000000110101110010101010001 16
#1661
b00000000000110101110010101010001 c
b00110011000111000011010100011101 f
b00000000000110101110010101010010 16
#1662
b00000000000110101110010101010010 c
b00110100000111000011000100011111 f
b00000000000110101110010101010011 16
#1663
b00000000000110101110010101010011 c
b00110100000111010011001100011101 f
b00000000000110101110010101010100 16
#1664
b00000000000110101110010101010100 c
b00110100000111010011010000011111 f
b00000000000110101110010101010101 16
#1665
b00000000000110101110010101010101 c
b00110100000111010011001100011110 f
b00000000000110101110010101010110 16
#1666
b00000000000110101110010101010110 c
b00110011000111100011001100011101 f
b00000000000110101110010101010111 16
#1667
b00000000000110101110010101010111 c
b00110011000111100011010000011110 f
b00000000000110101110010101011000 16
#1668
b00000000000110101110010101011000 c
b00110011000111010011000100011101 f
b00000000000110101110010101011001 16
#1669
b00000000000110101110010101011001 c
b00110101000111100011001100011101 f
b00000000000110101110010101011010 16
#1670
b00000000000110101110010101011010 c
b00110010000111010011001100011101 f
b00000000000110101110010101011011 16
#1671
b00000000000110101110010101011011 c
b00110100000111100011000100011111 f
b00000000000110101110010101011100 16
#1672
b00000000000110101110010101011100 c
b00110101000111100011000100011111 f
b00000000000110101110010101011101 16
#1673
b00000000000110101110010101011101 c
b00110100000111010011001100011101 f
b00000000000110101110010101011110 16
#1674
b00000000000110101110010101011110 c
b00110011000111100011001100011111 f
b00000000000110101110010101011111 16
#1675
b00000000000110101110010101011111 c
b00110100000110110011010000011100 f
b00000000000110101110010101100000 16
#1676
b00000000000110101110010101100000 c
b00101111000111100011001100011101 f
b00000000000110101110010101100001 16
#1677
b00000000000110101110010101100001 c
b00110011000111010011001000011101 f
b00000000000110101110010101100010 16
#1678
b00000000000110101110010101100010 c
b00110011000111100011000100011101 f
b00000000000110101110010101100011 16
#1679
b00000000000110101110010101100011 c
b00110100000111100011001100011101 f
b00000000000110101110010101100100 16
#1680
b00000000000110101110010101100100 c
b00110100000111100011001000100000 f
b00000000000110101110010101100101 16
#1681
b00000000000110101110010101100101 c
b00110100000111010011010100011101 f
b00000000000110101110010101100110 16
#1682
b00000000000110101110010101100110 c
b00110101000111110011010000011101 f
b00000000000110101110010101100111 16
#1683
b00000000000110101110010101100111 c
b00110100000111110011001100011111 f
b00000000000110101110010101101000 16
#1684
b00000000000110101110010101101000 c
b00110101000111100011001100011101 f
b00000000000110101110010101101001 16
#1685
b00000000000110101110010101101001 c
b00110011000111100011001000011111 f
b00000000000110101110010101101010 16
#1686
b00000000000110101110010101101010 c
b00110011000111010011001100011111 f
b00000000000110101110010101101011 16
#1687
b00000000000110101110010101101011 c
b00110101000111010011000100011110 f
b00000000000110101110010101101100 16
#1688
b00000000000110101110010101101100 c
b00110011000111010011001100011110 f
b00000000000110101110010101101101 16
#1689
b00000000000110101110010101101101 c
b00110011000111010011001100011101 f
b00000000000110101110010101101110 16
#1690
b00000000000110101110010101101110 c
b00110100000111100011001100011110 f
b00000000000110101110010101101111 16
#1691
b00000000000110101110010101101111 c
b00110011000111100011001000011101 f
b00000000000110101110010101110000 16
#1692
b00000000000110101110010101110000 c
b00110011000111000011010100011110 f
b00000000000110101110010101110001 16
#1693
b00000000000110101110010101110001 c
b00110011000111010011001100011101 f
b00000000000110101110010101110010 16
#1694
b00000000000110101110010101110010 c
b00110010000111100011000100011110 f
b00000000000110101110010101110011 16
#1695
b00000000000110101110010101110011 c
b00110101000111110011001100011101 f
b00000000000110101110010101110100 16
#1696
b00000000000110101110010101110100 c
b00110010000111100011001100011111 f
b00000000000110101110010101110101 16
#1697
b00000000000110101110010101110101 c
b00110101000111000011010000011110 f
b00000000000110101110010101110110 16
#1698
b00000000000110101110010101110110 c
b00110101000111010011010100011101 f
b00000000000110101110010101110111 16
#1699
b00000000000110101110010101110111 c
b00110100000111010011010100011101 f
b00000000000110101110010101111000 16
#1700
b00000000000110101110010101111000 c
b00110011000111100011011000011101 f
b00000000000110101110010101111001 16
#1701
b00000000000110101110010101111001 c
b00110101000111010011001100011110 f
b00000000000110101110010101111010 16
#1702
b00000000000110101110010101111010 c
b00110101000110110011001100011110 f
b00000000000110101110010101111011 16
#1703
b00000000000110101110010101111011 c
b00110101000111100011010000011111 f
b00000000000110101110010101111100 16
#1704
b00000000000110101110010101111100 c
b00110101000111110011001000011110 f
b00000000000110101110010101111101 16
#1705
b00000000000110101110010101111101 c
b00110100000111110011010000011110 f
b00000000000110101110010101111110 16
#1706
b00000000000110101110010101111110 c
b00110100000111000011010100011110 f
b00000000000110101110010101111111 16
#1707
b00000000000110101110010101111111 c
b00110011000111110011001100011101 f
b00000000000110101110010110000000 16
#1708
b00000000000110101110010110000000 c
b00110100000111010011010000011110 f
b00000000000110101110010110000001 16
#1709
b00000000000110101110010110000001 c
b00110110000111100011010100011111 f
b00000000000110101110010110000010 16
#1710
b00000000000110101110010110000010 c
b00110110000111110011001000100001 f
b00000000000110101110010110000011 16
#1711
b00000000000110101110010110000011 c
b00110101000111100011001100011111 f
b00000000000110101110010110000100 16
#1712
b00000000000110101110010110000100 c
b00110011001000010011010100011111 f
b00000000000110101110010110000101 16
#1713
b00000000000110101110010110000101 c
b00110011000111110011010100011101 f
b00000000000110101110010110000110 16
#1714
b00000000000110101110010110000110 c
b00110100000111010011001000011110 f
b00000000000110101110010110000111 16
#1715
b00000000000110101110010110000111 c
b00110100000111110011011000011111 f
b00000000000110101110010110001000 16
#1716
b00000000000110101110010110001000 c
b00110111000111100011010100100000 f
b00000000000110101110010110001001 16
#1717
b00000000000110101110010110001001 c
b00110111000111110011010000011110 f
b00000000000110101110010110001010 16
#1718
b00000000000110101110010110001010 c
b00110110000111100011011000100000 f
b00000000000110101110010110001011 16
#1719
b00000000000110101110010110001011 c
b00110101000111110011010100011111 f
b00000000000110101110010110001100 16
#1720
b00000000000110101110010110001100 c
b00110111000111100011011000011101 f
b00000000000110101110010110001101 16
#1721
b00000000000110101110010110001101 c
b00110101000111110011010000011111 f
b00000000000110101110010110001110 16
#1722
b00000000000110101110010110001110 c
b00110111000111110011010100100000 f
b00000000000110101110010110001111 16
#1723
b00000000000110101110010110001111 c
b00110101000111100011001100011111 f
b00000000000110101110010110010000 16
#1724
b00000000000110101110010110010000 c
b00110100000111110011011000011111 f
b00000000000110101110010110010001 16
#1725
b00000000000110101110010110010001 c
b00110110000111010011010100011111 f
b00000000000110101110010110010010 16
#1726
b00000000000110101110010110010010 c
b00111000000111110011011000011110 f
b00000000000110101110010110010011 16
#1727
b00000000000110101110010110010011 c
b00110100000111100011011100011111 f
b00000000000110101110010110010100 16
#1728
b00000000000110101110010110010100 c
b00110101000111100011010000011110 f
b00000000000110101110010110010101 16
#1729
b00000000000110101110010110010101 c
b00110011000111010011011100011101 f
b00000000000110101110010110010110 16
#1730
b00000000000110101110010110010110 c
b00110011001000000011001100011110 f
b00000000000110101110010110010111 16
#1731
b00000000000110101110010110010111 c
b00110101000111110011001100011110 f
b00000000000110101110010110011000 16
#1732
b00000000000110101110010110011000 c
b00110101000111100011010000011101 f
b00000000000110101110010110011001 16
#1733
b00000000000110101110010110011001 c
b00110101000111010011010000011111 f
b00000000000110101110010110011010 16
#1734
b00000000000110101110010110011010 c
b00110101000111100011001100011110 f
b00000000000110101110010110011011 16
#1735
b00000000000110101110010110011011 c
b00110101000111110011010000011111 f
b00000000000110101110010110011100 16
#1736
b00000000000110101110010110011100 c
b00110111001000000011011100100000 f
b00000000000110101110010110011101 16
#1737
b00000000000110101110010110011101 c
b00110111000111110011100100100000 f
b00000000000110101110010110011110 16
#1738
b00000000000110101110010110011110 c
b00110111000111110011011000011111 f
b00000000000110101110010110011111 16
#1739
b00000000000110101110010110011111 c
b00111001001000000011011100011111 f
b00000000000110101110010110100000 16
#1740
b00000000000110101110010110100000 c
b00111000001000000011011100011111 f
b00000000000110101110010110100001 16
#1741
b00000000000110101110010110100001 c
b00110101000111100011001100011111 f
b00000000000110101110010110100010 16
#1742
b00000000000110101110010110100010 c
b00110101001000000011100000011111 f
b00000000000110101110010110100011 16
#1743
b00000000000110101110010110100011 c
b00110111000111110011011000100000 f
b00000000000110101110010110100100 16
#1744
b00000000000110101110010110100100 c
b00110110000111010011100000011110 f
b00000000000110101110010110100101 16
#1745
b00000000000110101110010110100101 c
b00110100000111110011010100011110 f
b00000000000110101110010110100110 16
#1746
b00000000000110101110010110100110 c
b00110100000111100011001100100000 f
b00000000000110101110010110100111 16
#1747
b00000000000110101110010110100111 c
b00110011001000000011011000011110 f
b00000000000110101110010110101000 16
#1748
b00000000000110101110010110101000 c
b00110110001000010011011100011111 f
b00000000000110101110010110101001 16
#1749
b00000000000110101110010110101001 c
b00110110000111110011011100011111 f
b00000000000110101110010110101010 16
#1750
b00000000000110101110010110101010 c
b00110101000111100011011100100000 f
b00000000000110101110010110101011 16
#1751
b00000000000110101110010110101011 c
b00110100000111100011011000011110 f
b00000000000110101110010110101100 16
#1752
b00000000000110101110010110101100 c
b00110111000111110011011000011110 f
b00000000000110101110010110101101 16
#1753
b00000000000110101110010110101101 c
b00110111000111100011010100011111 f
b00000000000110101110010110101110 16
#1754
b00000000000110101110010110101110 c
b00111001001000000011010100011111 f
b00000000000110101110010110101111 16
#1755
b00000000000110101110010110101111 c
b00110011000111100011011100011110 f
b00000000000110101110010110110000 16
#1756
b00000000000110101110010110110000 c
b00110101000111110011001100011110 f
b00000000000110101110010110110001 16
#1757
b00000000000110101110010110110001 c
b00110011000111110011011000011111 f
b00000000000110101110010110110010 16
#1758
b00000000000110101110010110110010 c
b00110110000111100011010100011101 f
b00000000000110101110010110110011 16
#1759
b00000000000110101110010110110011 c
b00110101000111110011010100011111 f
b00000000000110101110010110110100 16
#1760
b00000000000110101110010110110100 c
b00110100000111110011010100011101 f
b00000000000110101110010110110101 16
#1761
b00000000000110101110010110110101 c
b00110101000111110011001100011111 f
b00000000000110101110010110110110 16
#1762
b00000000000110101110010110110110 c
b00110111000111110011011000011110 f
b00000000000110101110010110110111 16
#1763
b00000000000110101110010110110111 c
b00110111000111110011001100011110 f
b00000000000110101110010110111000 16
#1764
b00000000000110101110010110111000 c
b00110110000111110011011100100001 f
b00000000000110101110010110111001 16
#1765
b00000000000110101110010110111001 c
b00110111000111100011010100011111 f
b00000000000110101110010110111010 16
#1766
b00000000000110101110010110111010 c
b00110110000111100011010100011110 f
b00000000000110101110010110111011 16
#1767
b00000000000110101110010110111011 c
b00110101000111110011001100011111 f
b00000000000110101110010110111100 16
#1768
b00000000000110101110010110111100 c
b00111000000111110011011100100001 f
b00000000000110101110010110111101 16
#1769
b00000000000110101110010110111101 c
b00110101000111100011010100011101 f
b00000000000110101110010110111110 16
#1770
b00000000000110101110010110111110 c
b00110110000111110011011000011110 f
b00000000000110101110010110111111 16
#1771
b00000000000110101110010110111111 c
b00110100000111110011010100011111 f
b00000000000110101110010111000000 16
#1772
b00000000000110101110010111000000 c
b00111000001000000011011000011110 f
b00000000000110101110010111000001 16
#1773
b00000000000110101110010111000001 c
b00110111000111110011010100011111 f
b00000000000110101110010111000010 16
#1774
b00000000000110101110010111000010 c
b00111000001000000011011100011110 f
b00000000000110101110010111000011 16
#1775
b00000000000110101110010111000011 c
b00110110000111110011100000011111 f
b00000000000110101110010111000100 16
#1776
b00000000000110101110010111000100 c
b00110110001000000011010100011111 f
b00000000000110101110010111000101 16
#1777
b00000000000110101110010111000101 c
b00111001000111100011011100011111 f
b00000000000110101110010111000110 16
#1778
b00000000000110101110010111000110 c
b00110111000111110011011100011110 f
b00000000000110101110010111000111 16
#1779
b00000000000110101110010111000111 c
b00111001000111110011100000011111 f
b00000000000110101110010111001000 16
#1780
b00000000000110101110010111001000 c
b00111001000111110011100000011110 f
b00000000000110101110010111001001 16
#1781
b00000000000110101110010111001001 c
b00110100001000010011011000011111 f
b00000000000110101110010111001010 16
#1782
b00000000000110101110010111001010 c
b00110111001000010011011100011111 f
b00000000000110101110010111001011 16
#1783
b00000000000110101110010111001011 c
b00110110000111100011010100011111 f
b00000000000110101110010111001100 16
#1784
b00000000000110101110010111001100 c
b00110111000111100011010100011110 f
b00000000000110101110010111001101 16
#1785
b00000000000110101110010111001101 c
b00111000000111110011011100011111 f
b00000000000110101110010111001110 16
#1786
b00000000000110101110010111001110 c
b00110111000111110011011000011111 f
b00000000000110101110010111001111 16
#1787
b00000000000110101110010111001111 c
b00110110000111100011011100011111 f
b00000000000110101110010111010000 16
#1788
b00000000000110101110010111010000 c
b00110111000111110011100100100000 f
b00000000000110101110010111010001 16
#1789
b00000000000110101110010111010001 c
b00110110000111100011010100011111 f
b00000000000110101110010111010010 16
#1790
b00000000000110101110010111010010 c
b00110111000111110011011100011111 f
b00000000000110101110010111010011 16
#1791
b00000000000110101110010111010011 c
b00110111000111100011011100011111 f
b00000000000110101110010111010100 16
#1792
b00000000000110101110010111010100 c
b00110110000111110011011100011110 f
b00000000000110101110010111010101 16
#1793
b00000000000110101110010111010101 c
b00111011000111010011011100100000 f
b00000000000110101110010111010110 16
#1794
b00000000000110101110010111010110 c
b00110111001000000011100100011111 f
b00000000000110101110010111010111 16
#1795
b00000000000110101110010111010111 c
b00111000000111110011100000011111 f
b00000000000110101110010111011000 16
#1796
b00000000000110101110010111011000 c
b00111001000111100011010100011101 f
b00000000000110101110010111011001 16
#1797
b00000000000110101110010111011001 c
b00110110001000000011010100011111 f
b00000000000110101110010111011010 16
#1798
b00000000000110101110010111011010 c
b00110101001000000011010000011111 f
b00000000000110101110010111011011 16
#1799
b00000000000110101110010111011011 c
b00110111000111100011011000011111 f
b00000000000110101110010111011100 16
#1800
b00000000000110101110010111011100 c
b00111000000111110011010100011111 f
b00000000000110101110010111011101 16
#1801
b00000000000110101110010111011101 c
b00111000000111110011010100100000 f
b00000000000110101110010111011110 16
#1802
b00000000000110101110010111011110 c
b00110101001000000011100100011111 f
b00000000000110101110010111011111 16
#1803
b00000000000110101110010111011111 c
b00110100000111110011011100011111 f
b00000000000110101110010111100000 16
#1804
b00000000000110101110010111100000 c
b00110111000111110011011000011111 f
b00000000000110101110010111100001 16
#1805
b00000000000110101110010111100001 c
b00110101001000000011011100011110 f
b00000000000110101110010111100010 16
#1806
b00000000000110101110010111100010 c
b00110111000111100011100000011110 f
b00000000000110101110010111100011 16
#1807
b00000000000110101110010111100011 c
b00110101000111110011011100011110 f
b00000000000110101110010111100100 16
#1808
b00000000000110101110010111100100 c
b00111000000111110011011000011110 f
b00000000000110101110010111100101 16
#1809
b00000000000110101110010111100101 c
b00110101000111010011010100100000 f
b00000000000110101110010111100110 16
#1810
b00000000000110101110010111100110 c
b00111000000111100011011000011110 f
b00000000000110101110010111100111 16
#1811
b00000000000110101110010111100111 c
b00110101000111110011100000011111 f
b00000000000110101110010111101000 16
#1812
b00000000000110101110010111101000 c
b00110101000111110011011100100000 f
b00000000000110101110010111101001 16
#1813
b00000000000110101110010111101001 c
b00110110000111100011010100011110 f
b00000000000110101110010111101010 16
#1814
b00000000000110101110010111101010 c
b00110110000111010011011000011111 f
b00000000000110101110010111101011 16
#1815
b00000000000110101110010111101011 c
b00110110000111110011010100011111 f
b00000000000110101110010111101100 16
#1816
b00000000000110101110010111101100 c
b00110111000111110011011100011101 f
b00000000000110101110010111101101 16
#1817
b00000000000110101110010111101101 c
b00110110000111100011011100011111 f
b00000000000110101110010111101110 16
#1818
b00000000000110101110010111101110 c
b00110101000111110011100100100000 f
b00000000000110101110010111101111 16
#1819
b00000000000110101110010111101111 c
b00110111000111110011011100011111 f
b00000000000110101110010111110000 16
#1820
b00000000000110101110010111110000 c
b00110101000111100011011000100000 f
b00000000000110101110010111110001 16
#1821
b00000000000110101110010111110001 c
b00110100000111100011011000100000 f
b00000000000110101110010111110010 16
#1822
b00000000000110101110010111110010 c
b00110011000111100011010100011111 f
b00000000000110101110010111110011 16
#1823
b00000000000110101110010111110011 c
b00110101000111010011010000011110 f
b00000000000110101110010111110100 16
#1824
b00000000000110101110010111110100 c
b00110100000111110011011000011110 f
b00000000000110101110010111110101 16
#1825
b00000000000110101110010111110101 c
b00111000000111100011010100011111 f
b00000000000110101110010111110110 16
#1826
b00000000000110101110010111110110 c
b00110111001000010011100000011110 f
b00000000000110101110010111110111 16
#1827
b00000000000110101110010111110111 c
b00110110000111100011011000011111 f
b00000000000110101110010111111000 16
#1828
b00000000000110101110010111111000 c
b00110011000111110011011100011101 f
b00000000000110101110010111111001 16
#1829
b00000000000110101110010111111001 c
b00110101000111110011011100100000 f
b00000000000110101110010111111010 16
#1830
b00000000000110101110010111111010 c
b00110101000111110011011000011111 f
b00000000000110101110010111111011 16
#1831
b00000000000110101110010111111011 c
b00110011000111100011010100011110 f
b00000000000110101110010111111100 16
#1832
b00000000000110101110010111111100 c
b00110011000111100011010100011111 f
b00000000000110101110010111111101 16
#1833
b00000000000110101110010111111101 c
b00110000000111110011001100011110 f
b00000000000110101110010111111110 16
#1834
b00000000000110101110010111111110 c
b00110100000111010011000100011101 f
b00000000000110101110010111111111 16
#1835
b00000000000110101110010111111111 c
b00110001000111000011001000011110 f
b00000000000110101110011000000000 16
#1836
b00000000000110101110011000000000 c
b00110100000111100011000100011101 f
b00000000000110101110011000000001 16
#1837
b00000000000110101110011000000001 c
b00110011000111000011001000011110 f
b00000000000110101110011000000010 16
#1838
b00000000000110101110011000000010 c
b00110011000111100011000100011110 f
b00000000000110101110011000000011 16
#1839
b00000000000110101110011000000011 c
b00110100000111110011001000011101 f
b00000000000110101110011000000100 16
#1840
b00000000000110101110011000000100 c
b00110001000111100011001100011110 f
b00000000000110101110011000000101 16
#1841
b00000000000110101110011000000101 c
b00110001000111100011000100011101 f
b00000000000110101110011000000110 16
#1842
b00000000000110101110011000000110 c
b00110011000111010011000000011011 f
b00000000000110101110011000000111 16
#1843
b00000000000110101110011000000111 c
b00110000000111000011000000011100 f
b00000000000110101110011000001000 16
#1844
b00000000000110101110011000001000 c
b00110000000111010011001100011011 f
b00000000000110101110011000001001 16
#1845
b00000000000110101110011000001001 c
b00110001000111000011000000011100 f
b00000000000110101110011000001010 16
#1846
b00000000000110101110011000001010 c
b00101111000111100011001000011101 f
b00000000000110101110011000001011 16
#1847
b00000000000110101110011000001011 c
b00110001000111100011001000011110 f
b00000000000110101110011000001100 16
#1848
b00000000000110101110011000001100 c
b00110101000111110011001000011101 f
b00000000000110101110011000001101 16
#1849
b00000000000110101110011000001101 c
b00110100000111100011010000011110 f
b00000000000110101110011000001110 16
#1850
b00000000000110101110011000001110 c
b00110101000111100011011000011110 f
b00000000000110101110011000001111 16
#1851
b00000000000110101110011000001111 c
b00110101000111100011011000011111 f
b00000000000110101110011000010000 16
#1852
b00000000000110101110011000010000 c
b00110110000111110011001100011110 f
b00000000000110101110011000010001 16
#1853
b00000000000110101110011000010001 c
b00110100000111100011010100011110 f
b00000000000110101110011000010010 16
#1854
b00000000000110101110011000010010 c
b00110101000111110011010000011111 f
b00000000000110101110011000010011 16
#1855
b00000000000110101110011000010011 c
b00110011000111110011000100011101 f
b00000000000110101110011000010100 16
#1856
b00000000000110101110011000010100 c
b00110100000111010011001000011110 f
b00000000000110101110011000010101 16
#1857
b00000000000110101110011000010101 c
b00110011000111000011001000011110 f
b00000000000110101110011000010110 16
#1858
b00000000000110101110011000010110 c
b00110000000111100011001100011101 f
b00000000000110101110011000010111 16
#1859
b00000000000110101110011000010111 c
b00110000000111000011001100011101 f
b00000000000110101110011000011000 16
#1860
b00000000000110101110011000011000 c
b00110000000111100011001100011101 f
b00000000000110101110011000011001 16
#1861
b00000000000110101110011000011001 c
b00110101000111000011001100011111 f
b00000000000110101110011000011010 16
#1862
b00000000000110101110011000011010 c
b00110010000111010011000100011101 f
b00000000000110101110011000011011 16
#1863
b00000000000110101110011000011011 c
b00110000000111010011001000011100 f
b00000000000110101110011000011100 16
#1864
b00000000000110101110011000011100 c
b00110000000111010011000000011101 f
b00000000000110101110011000011101 16
#1865
b00000000000110101110011000011101 c
b00110000000110110011001100011101 f
b00000000000110101110011000011110 16
#1866
b00000000000110101110011000011110 c
b00110100000111010011000100011101 f
b00000000000110101110011000011111 16
#1867
b00000000000110101110011000011111 c
b00110011000111010011010000011101 f
b00000000000110101110011000100000 16
#1868
b00000000000110101110011000100000 c
b00110010000111000011001000011100 f
b00000000000110101110011000100001 16
#1869
b00000000000110101110011000100001 c
b00110011000111000011001000011110 f
b00000000000110101110011000100010 16
#1870
b00000000000110101110011000100010 c
b00110010000111010011001100011100 f
b00000000000110101110011000100011 16
#1871
b00000000000110101110011000100011 c
b00110010000111010011001000011100 f
b00000000000110101110011000100100 16
#1872
b00000000000110101110011000100100 c
b00110010000111000011000000011101 f
b00000000000110101110011000100101 16
#1873
b00000000000110101110011000100101 c
b00110001000111010011000100011101 f
b00000000000110101110011000100110 16
#1874
b00000000000110101110011000100110 c
b00110010000111010011010100011110 f
b00000000000110101110011000100111 16
#1875
b00000000000110101110011000100111 c
b00110010000111010011000000011101 f
b00000000000110101110011000101000 16
#1876
b00000000000110101110011000101000 c
b00110011000111000011000000011110 f
b00000000000110101110011000101001 16
#1877
b00000000000110101110011000101001 c
b00110001000111100011001100011101 f
b00000000000110101110011000101010 16
#1878
b00000000000110101110011000101010 c
b00110011000111010011000000011100 f
b00000000000110101110011000101011 16
#1879
b00000000000110101110011000101011 c
b00110000000111100011001000011101 f
b00000000000110101110011000101100 16
#1880
b00000000000110101110011000101100 c
b00110001000111010011001000011110 f
b00000000000110101110011000101101 16
#1881
b00000000000110101110011000101101 c
b00110001000111110011001000011110 f
b00000000000110101110011000101110 16
#1882
b00000000000110101110011000101110 c
b00110011000111010011000100011100 f
b00000000000110101110011000101111 16
#1883
b00000000000110101110011000101111 c
b00110010000111010011000000011110 f
b00000000000110101110011000110000 16
#1884
b00000000000110101110011000110000 c
b00110010000111100011001000011110 f
b00000000000110101110011000110001 16
#1885
b00000000000110101110011000110001 c
b00000000000110101110011000110010 16
#1886
b00000000000110101110011000110010 c
b00110100000111010011000000011101 f
b00000000000110101110011000110011 16
#1887
b00000000000110101110011000110011 c
b00101111000111010011000000011111 f
b00000000000110101110011000110100 16
#1888
b00000000000110101110011000110100 c
b00110100000111010011010000011110 f
b00000000000110101110011000110101 16
#1889
b00000000000110101110011000110101 c
b00110001000111010011001100011110 f
b00000000000110101110011000110110 16
#1890
b00000000000110101110011000110110 c
b00110001000111100011001100011101 f
b00000000000110101110011000110111 16
#1891
b00000000000110101110011000110111 c
b00110000000111010011001100011110 f
b00000000000110101110011000111000 16
#1892
b00000000000110101110011000111000 c
b00110010000111010011001000011101 f
b00000000000110101110011000111001 16
#1893
b00000000000110101110011000111001 c
b00110011000111010011001100011101 f
b00000000000110101110011000111010 16
#1894
b00000000000110101110011000111010 c
b00110011000111100011001100011100 f
b00000000000110101110011000111011 16
#1895
b00000000000110101110011000111011 c
b00110100000111010011000100011100 f
b00000000000110101110011000111100 16
#1896
b00000000000110101110011000111100 c
b00110001000111100011001100011101 f
b00000000000110101110011000111101 16
#1897
b00000000000110101110011000111101 c
b00110011000111010011001100011101 f
b00000000000110101110011000111110 16
#1898
b00000000000110101110011000111110 c
b00110100000111100011001100011110 f
b00000000000110101110011000111111 16
#1899
b00000000000110101110011000111111 c
b00110011000111010011001000011101 f
b00000000000110101110011001000000 16
#1900
b00000000000110101110011001000000 c
b00110101000111100011001100011101 f
b00000000000110101110011001000001 16
#1901
b00000000000110101110011001000001 c
b00110001000111100011001100011110 f
b00000000000110101110011001000010 16
#1902
b00000000000110101110011001000010 c
b00110101000111100011001100011100 f
b00000000000110101110011001000011 16
#1903
b00000000000110101110011001000011 c
b00110011000111110011000100011101 f
b00000000000110101110011001000100 16
#1904
b00000000000110101110011001000100 c
b00110011000111100011010100011110 f
b00000000000110101110011001000101 16
#1905
b00000000000110101110011001000101 c
b00110101000111110011011100100000 f
b00000000000110101110011001000110 16
#1906
b00000000000110101110011001000110 c
b00110111000111110011011100011111 f
b00000000000110101110011001000111 16
#1907
b00000000000110101110011001000111 c
b00110101000111110011011100100000 f
b00000000000110101110011001001000 16
#1908
b00000000000110101110011001001000 c
b00110111000111100011010100100000 f
b00000000000110101110011001001001 16
#1909
b00000000000110101110011001001001 c
b00110101000111010011010000011111 f
b00000000000110101110011001001010 16
#1910
b00000000000110101110011001001010 c
b00110101000111110011001100011110 f
b00000000000110101110011001001011 16
#1911
b00000000000110101110011001001011 c
b00111001000111110011010000011110 f
b00000000000110101110011001001100 16
#1912
b00000000000110101110011001001100 c
b00110010000111110011011100011111 f
b00000000000110101110011001001101 16
#1913
b00000000000110101110011001001101 c
b00110110000111110011010100011101 f
b00000000000110101110011001001110 16
#1914
b00000000000110101110011001001110 c
b00110111000111110011010100100000 f
b00000000000110101110011001001111 16
#1915
b00000000000110101110011001001111 c
b00110110001000000011011100011110 f
b00000000000110101110011001010000 16
#1916
b00000000000110101110011001010000 c
b00110101000111110011011100011110 f
b00000000000110101110011001010001 16
#1917
b00000000000110101110011001010001 c
b00111001001000000011100100011110 f
b00000000000110101110011001010010 16
#1918
b00000000000110101110011001010010 c
b00111010000111110011011100100000 f
b00000000000110101110011001010011 16
#1919
b00000000000110101110011001010011 c
b00111001001000000011011000011101 f
b00000000000110101110011001010100 16
#1920
b00000000000110101110011001010100 c
b00111000001000010011011000011101 f
b00000000000110101110011001010101 16
#1921
b00000000000110101110011001010101 c
b00111000001000010011100100100000 f
b00000000000110101110011001010110 16
#1922
b00000000000110101110011001010110 c
b00110101000111110011100000011110 f
b00000000000110101110011001010111 16
#1923
b00000000000110101110011001010111 c
b00110101001000010011101000011111 f
b00000000000110101110011001011000 16
#1924
b00000000000110101110011001011000 c
b00110111000111110011100000100000 f
b00000000000110101110011001011001 16
#1925
b00000000000110101110011001011001 c
b00110111000111110011011100100001 f
b00000000000110101110011001011010 16
#1926
b00000000000110101110011001011010 c
b00110101000111110011011100100000 f
b00000000000110101110011001011011 16
#1927
b00000000000110101110011001011011 c
b00110111000111110011011000011111 f
b00000000000110101110011001011100 16
#1928
b00000000000110101110011001011100 c
b00110101000111110011011100011101 f
b00000000000110101110011001011101 16
#1929
b00000000000110101110011001011101 c
b00110111000111110011010100100000 f
b00000000000110101110011001011110 16
#1930
b00000000000110101110011001011110 c
b00111010001000000011100000011111 f
b00000000000110101110011001011111 16
#1931
b00000000000110101110011001011111 c
b00111000000111100011011100011110 f
b00000000000110101110011001100000 16
#1932
b00000000000110101110011001100000 c
b00111000001000010011011100100000 f
b00000000000110101110011001100001 16
#1933
b00000000000110101110011001100001 c
b00111000001000000011100100100000 f
b00000000000110101110011001100010 16
#1934
b00000000000110101110011001100010 c
b00110110000111110011100000011111 f
b00000000000110101110011001100011 16
#1935
b00000000000110101110011001100011 c
b00110111000111110011011000100001 f
b00000000000110101110011001100100 16
#1936
b00000000000110101110011001100100 c
b00110110001000010011100000100000 f
b00000000000110101110011001100101 16
#1937
b00000000000110101110011001100101 c
b00110111000111110011100000100000 f
b00000000000110101110011001100110 16
#1938
b00000000000110101110011001100110 c
b00110101001000010011011100011111 f
b00000000000110101110011001100111 16
#1939
b00000000000110101110011001100111 c
b00111010001000000011100100011111 f
b00000000000110101110011001101000 16
#1940
b00000000000110101110011001101000 c
b00111001000111110011011100011111 f
b00000000000110101110011001101001 16
#1941
b00000000000110101110011001101001 c
b00110111001000010011100000100000 f
b00000000000110101110011001101010 16
#1942
b00000000000110101110011001101010 c
b00110111001000000011100100100001 f
b00000000000110101110011001101011 16
#1943
b00000000000110101110011001101011 c
b00110111001000000011010100011110 f
b00000000000110101110011001101100 16
#1944
b00000000000110101110011001101100 c
b00111001000111110011100000100001 f
b00000000000110101110011001101101 16
#1945
b00000000000110101110011001101101 c
b00110111000111110011011100011111 f
b00000000000110101110011001101110 16
#1946
b00000000000110101110011001101110 c
b00111001001000010011100000100000 f
b00000000000110101110011001101111 16
#1947
b00000000000110101110011001101111 c
b00111001001000000011100100011111 f
b00000000000110101110011001110000 16
#1948
b00000000000110101110011001110000 c
b00111010001000000011100100011111 f
b00000000000110101110011001110001 16
#1949
b00000000000110101110011001110001 c
b00111000001000000011011000100001 f
b00000000000110101110011001110010 16
#1950
b00000000000110101110011001110010 c
b00110110001000000011011100011111 f
b00000000000110101110011001110011 16
#1951
b00000000000110101110011001110011 c
b00110111000111100011100000100001 f
b00000000000110101110011001110100 16
#1952
b00000000000110101110011001110100 c
b00110111000111110011100000100001 f
b00000000000110101110011001110101 16
#1953
b00000000000110101110011001110101 c
b00111001001000010011100000100000 f
b00000000000110101110011001110110 16
#1954
b00000000000110101110011001110110 c
b00111000001000000011011100100000 f
b00000000000110101110011001110111 16
#1955
b00000000000110101110011001110111 c
b00110110001000010011101000100000 f
b00000000000110101110011001111000 16
#1956
b00000000000110101110011001111000 c
b00110110000111100011011100011111 f
b00000000000110101110011001111001 16
#1957
b00000000000110101110011001111001 c
b00110110001000000011010100011111 f
b00000000000110101110011001111010 16
#1958
b00000000000110101110011001111010 c
b00111000000111100011011000011111 f
b00000000000110101110011001111011 16
#1959
b00000000000110101110011001111011 c
b00111001001000010011011100011110 f
b00000000000110101110011001111100 16
#1960
b00000000000110101110011001111100 c
b00111000001000000011011100100000 f
b00000000000110101110011001111101 16
#1961
b00000000000110101110011001111101 c
b00111001001000000011100100011101 f
b00000000000110101110011001111110 16
#1962
b00000000000110101110011001111110 c
b00110111000111110011011100011111 f
b00000000000110101110011001111111 16
#1963
b00000000000110101110011001111111 c
b00111000001000010011100000011111 f
b00000000000110101110011010000000 16
#1964
b00000000000110101110011010000000 c
b00110111001000010011101000011111 f
b00000000000110101110011010000001 16
#1965
b00000000000110101110011010000001 c
b00111001001000000011101100100000 f
b00000000000110101110011010000010 16
#1966
b00000000000110101110011010000010 c
b00111000000111110011100000100000 f
b00000000000110101110011010000011 16
#1967
b00000000000110101110011010000011 c
b00111001001000000011100000100001 f
b00000000000110101110011010000100 16
#1968
b00000000000110101110011010000100 c
b00111011001000010011100100011111 f
b00000000000110101110011010000101 16
#1969
b00000000000110101110011010000101 c
b00110111001000000011101000100000 f
b00000000000110101110011010000110 16
#1970
b00000000000110101110011010000110 c
b00111000001000000011100100100001 f
b00000000000110101110011010000111 16
#1971
b00000000000110101110011010000111 c
b00111001000111110011101100011111 f
b00000000000110101110011010001000 16
#1972
b00000000000110101110011010001000 c
b00111001001000000011100100011111 f
b00000000000110101110011010001001 16
#1973
b00000000000110101110011010001001 c
b00111000000111110011100100011111 f
b00000000000110101110011010001010 16
#1974
b00000000000110101110011010001010 c
b00111010001000000011100100100010 f
b00000000000110101110011010001011 16
#1975
b00000000000110101110011010001011 c
b00110111000111110011011100100001 f
b00000000000110101110011010001100 16
#1976
b00000000000110101110011010001100 c
b00111000001000010011100100100000 f
b00000000000110101110011010001101 16
#1977
b00000000000110101110011010001101 c
b00111001001000010011011100100001 f
b00000000000110101110011010001110 16
#1978
b00000000000110101110011010001110 c
b00111011000111110011100000100000 f
b00000000000110101110011010001111 16
#1979
b00000000000110101110011010001111 c
b00111000000111110011100000100000 f
b00000000000110101110011010010000 16
#1980
b00000000000110101110011010010000 c
b00111010000111110011100100100001 f
b00000000000110101110011010010001 16
#1981
b00000000000110101110011010010001 c
b00111010000111110011100000011111 f
b00000000000110101110011010010010 16
#1982
b00000000000110101110011010010010 c
b00111001001000000011100000100000 f
b00000000000110101110011010010011 16
#1983
b00000000000110101110011010010011 c
b00111001001000010011100100100001 f
b00000000000110101110011010010100 16
#1984
b00000000000110101110011010010100 c
b00111001000111110011100100100001 f
b00000000000110101110011010010101 16
#1985
b00000000000110101110011010010101 c
b00111001000111110011100000100011 f
b00000000000110101110011010010110 16
#1986
b00000000000110101110011010010110 c
b00111011001000000011110100100000 f
b00000000000110101110011010010111 16
#1987
b00000000000110101110011010010111 c
b00111000001000010011110000100000 f
b00000000000110101110011010011000 16
#1988
b00000000000110101110011010011000 c
b00111101000111110011101000100001 f
b00000000000110101110011010011001 16
#1989
b00000000000110101110011010011001 c
b00110111001000010011110100100001 f
b00000000000110101110011010011010 16
#1990
b00000000000110101110011010011010 c
b00111001001000010011100100100000 f
b00000000000110101110011010011011 16
#1991
b00000000000110101110011010011011 c
b00111001000111110011101100100001 f
b00000000000110101110011010011100 16
#1992
b00000000000110101110011010011100 c
b00110111000111110011011100100000 f
b00000000000110101110011010011101 16
#1993
b00000000000110101110011010011101 c
b00110100001000010011011000100000 f
b00000000000110101110011010011110 16
#1994
b00000000000110101110011010011110 c
b00110110000111100011100000100000 f
b00000000000110101110011010011111 16
#1995
b00000000000110101110011010011111 c
b00111000001000100011100000100000 f
b00000000000110101110011010100000 16
#1996
b00000000000110101110011010100000 c
b00111001001000000011100100100001 f
b00000000000110101110011010100001 16
#1997
b00000000000110101110011010100001 c
b00111000001000010011100100100010 f
b00000000000110101110011010100010 16
#1998
b00000000000110101110011010100010 c
b00110110001000010011100100100001 f
b00000000000110101110011010100011 16
#1999
b00000000000110101110011010100011 c
b00111001001000010011101000100001 f
b00000000000110101110011010100100 16
#2000
b00000000000110101110011010100100 c
b00111011001000000011100000100001 f
b00000000000110101110011010100101 16
#2001
b00000000000110101110011010100101 c
b00111001000111110011101000100000 f
b00000000000110101110011010100110 16
#2002
b00000000000110101110011010100110 c
b00111010001000010011011100100001 f
b00000000000110101110011010100111 16
#2003
b00000000000110101110011010100111 c
b00111001001000000011100100100010 f
b00000000000110101110011010101000 16
#2004
b00000000000110101110011010101000 c
b00111010001000000011100000100001 f
b00000000000110101110011010101001 16
#2005
b00000000000110101110011010101001 c
b00111011001000010011101100100001 f
b00000000000110101110011010101010 16
#2006
b00000000000110101110011010101010 c
b00111001000111110011100000100001 f
b00000000000110101110011010101011 16
#2007
b00000000000110101110011010101011 c
b00111101001000010011101000100001 f
b00000000000110101110011010101100 16
#2008
b00000000000110101110011010101100 c
b00111011001000000011100100100001 f
b00000000000110101110011010101101 16
#2009
b00000000000110101110011010101101 c
b00111000001000010011100100100000 f
b00000000000110101110011010101110 16
#2010
b00000000000110101110011010101110 c
b00111000000111110011100000100000 f
b00000000000110101110011010101111 16
#2011
b00000000000110101110011010101111 c
b00111001001000000011101000100000 f
b00000000000110101110011010110000 16
#2012
b00000000000110101110011010110000 c
b00111001001000000011101100100001 f
b00000000000110101110011010110001 16
#2013
b00000000000110101110011010110001 c
b00111011001000100011101000100001 f
b00000000000110101110011010110010 16
#2014
b00000000000110101110011010110010 c
b00111011001000010011100100100001 f
b00000000000110101110011010110011 16
#2015
b00000000000110101110011010110011 c
b00111011001000010011101100100001 f
b00000000000110101110011010110100 16
#2016
b00000000000110101110011010110100 c
b00111011001000010011101100100000 f
b00000000000110101110011010110101 16
#2017
b00000000000110101110011010110101 c
b00111100001000100011110000100001 f
b00000000000110101110011010110110 16
#2018
b00000000000110101110011010110110 c
b00111100001000010011011100100011 f
b00000000000110101110011010110111 16
#2019
b00000000000110101110011010110111 c
b00111100001000000011101100100000 f
b00000000000110101110011010111000 16
#2020
b00000000000110101110011010111000 c
b00111001000111110011101100100001 f
b00000000000110101110011010111001 16
#2021
b00000000000110101110011010111001 c
b00111001001000110011101100100010 f
b00000000000110101110011010111010 16
#2022
b00000000000110101110011010111010 c
b00111001001000000011100100100001 f
b00000000000110101110011010111011 16
#2023
b00000000000110101110011010111011 c
b00111001001000000011101100100010 f
b00000000000110101110011010111100 16
#2024
b00000000000110101110011010111100 c
b00111001001000010011100000100001 f
b00000000000110101110011010111101 16
#2025
b00000000000110101110011010111101 c
b00111010001000010011101100100000 f
b00000000000110101110011010111110 16
#2026
b00000000000110101110011010111110 c
b00111101001000000011100100100001 f
b00000000000110101110011010111111 16
#2027
b00000000000110101110011010111111 c
b00111011001000100011110000100001 f
b00000000000110101110011011000000 16
#2028
b00000000000110101110011011000000 c
b00111101001000010011110000100001 f
b00000000000110101110011011000001 16
#2029
b00000000000110101110011011000001 c
b00111001001000010011101000100010 f
b00000000000110101110011011000010 16
#2030
b00000000000110101110011011000010 c
b00111011000111110011111000011111 f
b00000000000110101110011011000011 16
#2031
b00000000000110101110011011000011 c
b00111000001000000011101100100001 f
b00000000000110101110011011000100 16
#2032
b00000000000110101110011011000100 c
b00111010001000110011101100100001 f
b00000000000110101110011011000101 16
#2033
b00000000000110101110011011000101 c
b00111000001000000011110000100000 f
b00000000000110101110011011000110 16
#2034
b00000000000110101110011011000110 c
b00111001001000010011101100100001 f
b00000000000110101110011011000111 16
#2035
b00000000000110101110011011000111 c
b00111011001000010011110100100000 f
b00000000000110101110011011001000 16
#2036
b00000000000110101110011011001000 c
b00111011001000010011101000100010 f
b00000000000110101110011011001001 16
#2037
b00000000000110101110011011001001 c
b00111010001000000011100100100001 f
b00000000000110101110011011001010 16
#2038
b00000000000110101110011011001010 c
b00111100001000010011100100100010 f
b00000000000110101110011011001011 16
#2039
b00000000000110101110011011001011 c
b00111011001000010011101100100001 f
b00000000000110101110011011001100 16
#2040
b00000000000110101110011011001100 c
b00111001001000100011101000100000 f
b00000000000110101110011011001101 16
#2041
b00000000000110101110011011001101 c
b00111011001000010011100100100010 f
b00000000000110101110011011001110 16
#2042
b00000000000110101110011011001110 c
b00111000001000010011110100100001 f
b00000000000110101110011011001111 16
#2043
b00000000000110101110011011001111 c
b00111001001000010011100100100001 f
b00000000000110101110011011010000 16
#2044
b00000000000110101110011011010000 c
b00111010001000000011101100100010 f
b00000000000110101110011011010001 16
#2045
b00000000000110101110011011010001 c
b00111001001000000011100100100001 f
b00000000000110101110011011010010 16
#2046
b00000000000110101110011011010010 c
b00111100001000010011101100100001 f
b00000000000110101110011011010011 16
#2047
b00000000000110101110011011010011 c
b00111011001000010011101100100000 f
b00000000000110101110011011010100 16
#2048
b00000000000110101110011011010100 c
b00111000001000010011011100100001 f
b00000000000110101110011011010101 16
#2049
b00000000000110101110011011010101 c
b00111010001000000011100000100001 f
b00000000000110101110011011010110 16
#2050
b00000000000110101110011011010110 c
b00110111001000010011100100100000 f
b00000000000110101110011011010111 16
#2051
b00000000000110101110011011010111 c
b00111010001000000011100100100001 f
b00000000000110101110011011011000 16
#2052
b00000000000110101110011011011000 c
b00111010001000010011101000100001 f
b00000000000110101110011011011001 16
#2053
b00000000000110101110011011011001 c
b00111011001000010011101100100010 f
b00000000000110101110011011011010 16
#2054
b00000000000110101110011011011010 c
b00111001000111110011101000100001 f
b00000000000110101110011011011011 16
#2055
b00000000000110101110011011011011 c
b00111001001000110011110000100001 f
b00000000000110101110011011011100 16
#2056
b00000000000110101110011011011100 c
b00111001000111110011100100100010 f
b00000000000110101110011011011101 16
#2057
b00000000000110101110011011011101 c
b00111000001000010011011100011111 f
b00000000000110101110011011011110 16
#2058
b00000000000110101110011011011110 c
b00111010000111110011100100100010 f
b00000000000110101110011011011111 16
#2059
b00000000000110101110011011011111 c
b00111001001000010011100100100000 f
b00000000000110101110011011100000 16
#2060
b00000000000110101110011011100000 c
b00111001001000010011100100100001 f
b00000000000110101110011011100001 16
#2061
b00000000000110101110011011100001 c
b00111010001000010011100000100000 f
b00000000000110101110011011100010 16
#2062
b00000000000110101110011011100010 c
b00111001001000100011101100100001 f
b00000000000110101110011011100011 16
#2063
b00000000000110101110011011100011 c
b00111010001000010011101100100001 f
b00000000000110101110011011100100 16
#2064
b00000000000110101110011011100100 c
b00111000001000100011101000100001 f
b00000000000110101110011011100101 16
#2065
b00000000000110101110011011100101 c
b00111100001000000011101000100011 f
b00000000000110101110011011100110 16
#2066
b00000000000110101110011011100110 c
b00111001001000010011101000011111 f
b00000000000110101110011011100111 16
#2067
b00000000000110101110011011100111 c
b00111001001000000011101100100010 f
b00000000000110101110011011101000 16
#2068
b00000000000110101110011011101000 c
b00111000000111110011011100100000 f
b00000000000110101110011011101001 16
#2069
b00000000000110101110011011101001 c
b00111000000111110011010100011111 f
b00000000000110101110011011101010 16
#2070
b00000000000110101110011011101010 c
b00111011001000000011011000100001 f
b00000000000110101110011011101011 16
#2071
b00000000000110101110011011101011 c
b00111011001000010011110000100010 f
b00000000000110101110011011101100 16
#2072
b00000000000110101110011011101100 c
b00111011001000100011110100100010 f
b00000000000110101110011011101101 16
#2073
b00000000000110101110011011101101 c
b00111100001000110011101100100000 f
b00000000000110101110011011101110 16
#2074
b00000000000110101110011011101110 c
b00111001001000000011101000100001 f
b00000000000110101110011011101111 16
#2075
b00000000000110101110011011101111 c
b00111011001000100011110100011111 f
b00000000000110101110011011110000 16
#2076
b00000000000110101110011011110000 c
b00111011001000010011101000100001 f
b00000000000110101110011011110001 16
#2077
b00000000000110101110011011110001 c
b00110111001000010011110100100001 f
b00000000000110101110011011110010 16
#2078
b00000000000110101110011011110010 c
b00111001001000010011100100100001 f
b00000000000110101110011011110011 16
#2079
b00000000000110101110011011110011 c
b00111011001000000011110000100001 f
b00000000000110101110011011110100 16
#2080
b00000000000110101110011011110100 c
b00111100001000000011100000100001 f
b00000000000110101110011011110101 16
#2081
b00000000000110101110011011110101 c
b00111100001000100011110100100000 f
b00000000000110101110011011110110 16
#2082
b00000000000110101110011011110110 c
b00111011000111100011100000100000 f
b00000000000110101110011011110111 16
#2083
b00000000000110101110011011110111 c
b00111001001000100011101000100000 f
b00000000000110101110011011111000 16
#2084
b00000000000110101110011011111000 c
b00110110001000010011110000100000 f
b00000000000110101110011011111001 16
#2085
b00000000000110101110011011111001 c
b00111011001000000011101100100001 f
b00000000000110101110011011111010 16
#2086
b00000000000110101110011011111010 c
b00111010001000010011101100100010 f
b00000000000110101110011011111011 16
#2087
b00000000000110101110011011111011 c
b00111101001000010011110000100011 f
b00000000000110101110011011111100 16
#2088
b00000000000110101110011011111100 c
b00111011001000100011100100100001 f
b00000000000110101110011011111101 16
#2089
b00000000000110101110011011111101 c
b00111001001000010011100100100000 f
b00000000000110101110011011111110 16
#2090
b00000000000110101110011011111110 c
b00111011001000100011101100100001 f
b00000000000110101110011011111111 16
#2091
b00000000000110101110011011111111 c
b00111101001000110011101100100010 f
b00000000000110101110011100000000 16
#2092
b00000000000110101110011100000000 c
b00111011001000110011101100100001 f
b00000000000110101110011100000001 16
#2093
b00000000000110101110011100000001 c
b00111100001000000011101000100010 f
b00000000000110101110011100000010 16
#2094
b00000000000110101110011100000010 c
b00111011001000010011110000100001 f
b00000000000110101110011100000011 16
#2095
b00000000000110101110011100000011 c
b00111011000111110011100100100001 f
b00000000000110101110011100000100 16
#2096
b00000000000110101110011100000100 c
b00111010001000110011101100100001 f
b00000000000110101110011100000101 16
#2097
b00000000000110101110011100000101 c
b00111001001000000011100100011111 f
b00000000000110101110011100000110 16
#2098
b00000000000110101110011100000110 c
b00111100001000010011110100100010 f
b00000000000110101110011100000111 16
#2099
b00000000000110101110011100000111 c
b00111001001000010011110000100001 f
b00000000000110101110011100001000 16
#2100
b00000000000110101110011100001000 c
b00111011001000010011101100011111 f
b00000000000110101110011100001001 16
#2101
b00000000000110101110011100001001 c
b00111101001000100011110000100001 f
b00000000000110101110011100001010 16
#2102
b00000000000110101110011100001010 c
b00111101001000010011111000100000 f
b00000000000110101110011100001011 16
#2103
b00000000000110101110011100001011 c
b00111011001000010011101000100000 f
b00000000000110101110011100001100 16
#2104
b00000000000110101110011100001100 c
b00111100001000010011101100100010 f
b00000000000110101110011100001101 16
#2105
b00000000000110101110011100001101 c
b00111010001000100011101100100000 f
b00000000000110101110011100001110 16
#2106
b00000000000110101110011100001110 c
b00111100001000100011100100100001 f
b00000000000110101110011100001111 16
#2107
b00000000000110101110011100001111 c
b00111011000111110011110000100010 f
b00000000000110101110011100010000 16
#2108
b00000000000110101110011100010000 c
b00111101001000000011110100100010 f
b00000000000110101110011100010001 16
#2109
b00000000000110101110011100010001 c
b00111011001000110011110100100001 f
b00000000000110101110011100010010 16
#2110
b00000000000110101110011100010010 c
b00111100001000010011110000100001 f
b00000000000110101110011100010011 16
#2111
b00000000000110101110011100010011 c
b00111100001000000011110100100010 f
b00000000000110101110011100010100 16
#2112
b00000000000110101110011100010100 c
b00111011001000010011100100100001 f
b00000000000110101110011100010101 16
#2113
b00000000000110101110011100010101 c
b00111100001000000011110000100000 f
b00000000000110101110011100010110 16
#2114
b00000000000110101110011100010110 c
b00111010001000100011101100100010 f
b00000000000110101110011100010111 16
#2115
b00000000000110101110011100010111 c
b00111101001000100011101100100001 f
b00000000000110101110011100011000 16
#2116
b00000000000110101110011100011000 c
b00111101001000100011110000100001 f
b00000000000110101110011100011001 16
#2117
b00000000000110101110011100011001 c
b00111011001001000011101100100000 f
b00000000000110101110011100011010 16
#2118
b00000000000110101110011100011010 c
b00111110001000010011101100011111 f
b00000000000110101110011100011011 16
#2119
b00000000000110101110011100011011 c
b01000001001000110011110000100001 f
b00000000000110101110011100011100 16
#2120
b00000000000110101110011100011100 c
b00111100001000100011110100100001 f
b00000000000110101110011100011101 16
#2121
b00000000000110101110011100011101 c
b00111110001000100011101000100010 f
b00000000000110101110011100011110 16
#2122
b00000000000110101110011100011110 c
b00111011001000010011110100100011 f
b00000000000110101110011100011111 16
#2123
b00000000000110101110011100011111 c
b00111110001000110011101100011111 f
b00000000000110101110011100100000 16
#2124
b00000000000110101110011100100000 c
b00111101001000100011110100100001 f
b00000000000110101110011100100001 16
#2125
b00000000000110101110011100100001 c
b01000000001001000011110000100000 f
b00000000000110101110011100100010 16
#2126
b00000000000110101110011100100010 c
b00111010001000100011110000100010 f
b00000000000110101110011100100011 16
#2127
b00000000000110101110011100100011 c
b00111101001000100011101000100001 f
b00000000000110101110011100100100 16
#2128
b00000000000110101110011100100100 c
b00111101001000100011101100100010 f
b00000000000110101110011100100101 16
#2129
b00000000000110101110011100100101 c
b00111010001000010011110000100001 f
b00000000000110101110011100100110 16
#2130
b00000000000110101110011100100110 c
b00111000001000010011110100100010 f
b00000000000110101110011100100111 16
#2131
b00000000000110101110011100100111 c
b00111011001000010011101000100001 f
b00000000000110101110011100101000 16
#2132
b00000000000110101110011100101000 c
b00111100001000010011101100100001 f
b00000000000110101110011100101001 16
#2133
b00000000000110101110011100101001 c
b00111011001000110011101100100001 f
b00000000000110101110011100101010 16
#2134
b00000000000110101110011100101010 c
b00111100001000110011110000100010 f
b00000000000110101110011100101011 16
#2135
b00000000000110101110011100101011 c
b00111011001000010011110100100001 f
b00000000000110101110011100101100 16
#2136
b00000000000110101110011100101100 c
b00000000000110101110011100101101 16
#2137
b00000000000110101110011100101101 c
b00111011001000010011100000100000 f
b00000000000110101110011100101110 16
#2138
b00000000000110101110011100101110 c
b00111011001000100011100100100000 f
b00000000000110101110011100101111 16
#2139
b00000000000110101110011100101111 c
b00111001001000010011110000100001 f
b00000000000110101110011100110000 16
#2140
b00000000000110101110011100110000 c
b00111110001000100011101000100000 f
b00000000000110101110011100110001 16
#2141
b00000000000110101110011100110001 c
b00111101001000010011101000100010 f
b00000000000110101110011100110010 16
#2142
b00000000000110101110011100110010 c
b00111111001000100011110100100001 f
b00000000000110101110011100110011 16
#2143
b00000000000110101110011100110011 c
b00111011001000000011111100100011 f
b00000000000110101110011100110100 16
#2144
b00000000000110101110011100110100 c
b00111101001000110011101000100001 f
b00000000000110101110011100110101 16
#2145
b00000000000110101110011100110101 c
b00111011001000110011110100100001 f
b00000000000110101110011100110110 16
#2146
b00000000000110101110011100110110 c
b00111100001000110011111000100010 f
b00000000000110101110011100110111 16
#2147
b00000000000110101110011100110111 c
b00111111001000010011110000100011 f
b00000000000110101110011100111000 16
#2148
b00000000000110101110011100111000 c
b00111100001000010011111100100001 f
b00000000000110101110011100111001 16
#2149
b00000000000110101110011100111001 c
b00111100001000100011101100100010 f
b00000000000110101110011100111010 16
#2150
b00000000000110101110011100111010 c
b00111101001000100011101100100011 f
b00000000000110101110011100111011 16
#2151
b00000000000110101110011100111011 c
b00111011001000110011110000100011 f
b00000000000110101110011100111100 16
#2152
b00000000000110101110011100111100 c
b00111011001000100011101100100010 f
b00000000000110101110011100111101 16
#2153
b00000000000110101110011100111101 c
b00111110001000010011101100100011 f
b00000000000110101110011100111110 16
#2154
b00000000000110101110011100111110 c
b00111101001000010011110000100011 f
b00000000000110101110011100111111 16
#2155
b00000000000110101110011100111111 c
b00111100001000100011110000100001 f
b00000000000110101110011101000000 16
#2156
b00000000000110101110011101000000 c
b00111101001000100011110000100001 f
b00000000000110101110011101000001 16
#2157
b00000000000110101110011101000001 c
b00111101001000010011110000100000 f
b00000000000110101110011101000010 16
#2158
b00000000000110101110011101000010 c
b00111101001000110011110000100001 f
b00000000000110101110011101000011 16
#2159
b00000000000110101110011101000011 c
b00111101001000010011110000100010 f
b00000000000110101110011101000100 16
#2160
b00000000000110101110011101000100 c
b00111110001000010011101100100000 f
b00000000000110101110011101000101 16
#2161
b00000000000110101110011101000101 c
b00111100001000100011110000100001 f
b00000000000110101110011101000110 16
#2162
b00000000000110101110011101000110 c
b00111101001000010011101100100000 f
b00000000000110101110011101000111 16
#2163
b00000000000110101110011101000111 c
b00111110001000010011110000100010 f
b00000000000110101110011101001000 16
#2164
b00000000000110101110011101001000 c
b00111101001000110011110100100010 f
b00000000000110101110011101001001 16
#2165
b00000000000110101110011101001001 c
b00111101001000010011111000100011 f
b00000000000110101110011101001010 16
#2166
b00000000000110101110011101001010 c
b00111001001000110011111000100011 f
b00000000000110101110011101001011 16
#2167
b00000000000110101110011101001011 c
b00111011001000110011110000100001 f
b00000000000110101110011101001100 16
#2168
b00000000000110101110011101001100 c
b00111110001000110011111100100001 f
b00000000000110101110011101001101 16
#2169
b00000000000110101110011101001101 c
b00111010001000110011110000100011 f
b00000000000110101110011101001110 16
#2170
b00000000000110101110011101001110 c
b00111011001000100100000000100010 f
b00000000000110101110011101001111 16
#2171
b00000000000110101110011101001111 c
b00111110001000100011111100100010 f
b00000000000110101110011101010000 16
#2172
b00000000000110101110011101010000 c
b00111100001000110011101000100010 f
b00000000000110101110011101010001 16
#2173
b00000000000110101110011101010001 c
b00111101001000100011101100100010 f
b00000000000110101110011101010010 16
#2174
b00000000000110101110011101010010 c
b00111101001000100011110100100000 f
b00000000000110101110011101010011 16
#2175
b00000000000110101110011101010011 c
b00111001001000110011110100100001 f
b00000000000110101110011101010100 16
#2176
b00000000000110101110011101010100 c
b00111110001000000011110000011111 f
b00000000000110101110011101010101 16
#2177
b00000000000110101110011101010101 c
b00111110001000100011110000100001 f
b00000000000110101110011101010110 16
#2178
b00000000000110101110011101010110 c
b00111110001000010011111000100001 f
b00000000000110101110011101010111 16
#2179
b00000000000110101110011101010111 c
b00000000000110101110011101011000 16
#2180
b00000000000110101110011101011000 c
b00111100001000110011101000100001 f
b00000000000110101110011101011001 16
#2181
b00000000000110101110011101011001 c
b00111101001000010011110100100010 f
b00000000000110101110011101011010 16
#2182
b00000000000110101110011101011010 c
b00111100001000100011110100100001 f
b00000000000110101110011101011011 16
#2183
b00000000000110101110011101011011 c
b00111011001000000011100100100001 f
b00000000000110101110011101011100 16
#2184
b00000000000110101110011101011100 c
b00111101001000000011101100100010 f
b00000000000110101110011101011101 16
#2185
b00000000000110101110011101011101 c
b00111101001000010011110000100100 f
b00000000000110101110011101011110 16
#2186
b00000000000110101110011101011110 c
b00111101001000110011111000100001 f
b00000000000110101110011101011111 16
#2187
b00000000000110101110011101011111 c
b00111111001000110011111000100010 f
b00000000000110101110011101100000 16
#2188
b00000000000110101110011101100000 c
b00111100001000010011110100100011 f
b00000000000110101110011101100001 16
#2189
b00000000000110101110011101100001 c
b00111011001000100011111000100001 f
b00000000000110101110011101100010 16
#2190
b00000000000110101110011101100010 c
b00111010001000010011100100100010 f
b00000000000110101110011101100011 16
#2191
b00000000000110101110011101100011 c
b00111011001000010011101100100001 f
b00000000000110101110011101100100 16
#2192
b00000000000110101110011101100100 c
b00111101001000010011111000100010 f
b00000000000110101110011101100101 16
#2193
b00000000000110101110011101100101 c
b01000000001000010011110100100001 f
b00000000000110101110011101100110 16
#2194
b00000000000110101110011101100110 c
b01000000001000010100000000100000 f
b00000000000110101110011101100111 16
#2195
b00000000000110101110011101100111 c
b00111011001000010011101100100001 f
b00000000000110101110011101101000 16
#2196
b00000000000110101110011101101000 c
b00111111001000010011110000100001 f
b00000000000110101110011101101001 16
#2197
b00000000000110101110011101101001 c
b00111100001000010011111100100011 f
b00000000000110101110011101101010 16
#2198
b00000000000110101110011101101010 c
b00111111001000110011110000100100 f
b00000000000110101110011101101011 16
#2199
b00000000000110101110011101101011 c
b00111110001000110011110000100010 f
b00000000000110101110011101101100 16
#2200
b00000000000110101110011101101100 c
b00111101001000110011111000100001 f
b00000000000110101110011101101101 16
#2201
b00000000000110101110011101101101 c
b00111101001000100011101100100001 f
b00000000000110101110011101101110 16
#2202
b00000000000110101110011101101110 c
b00111110001000000011111000100001 f
b00000000000110101110011101101111 16
#2203
b00000000000110101110011101101111 c
b00111101001000010100000100100001 f
b00000000000110101110011101110000 16
#2204
b00000000000110101110011101110000 c
b00111101001000110011111000100001 f
b00000000000110101110011101110001 16
#2205
b00000000000110101110011101110001 c
b00111101001000010011111100100011 f
b00000000000110101110011101110010 16
#2206
b00000000000110101110011101110010 c
b00111100001000010011111000100011 f
b00000000000110101110011101110011 16
#2207
b00000000000110101110011101110011 c
b00111110001000110011111100100001 f
b00000000000110101110011101110100 16
#2208
b00000000000110101110011101110100 c
b00111110001000100011110100100100 f
b00000000000110101110011101110101 16
#2209
b00000000000110101110011101110101 c
b00111011001000100011110000100010 f
b00000000000110101110011101110110 16
#2210
b00000000000110101110011101110110 c
b00111101001000100011110000100001 f
b00000000000110101110011101110111 16
#2211
b00000000000110101110011101110111 c
b00111100001000100011110000100001 f
b00000000000110101110011101111000 16
#2212
b00000000000110101110011101111000 c
b01000000001000010011110100100001 f
b00000000000110101110011101111001 16
#2213
b00000000000110101110011101111001 c
b00111101001000010011110100100010 f
b00000000000110101110011101111010 16
#2214
b00000000000110101110011101111010 c
b00111111001000110100000000100011 f
b00000000000110101110011101111011 16
#2215
b00000000000110101110011101111011 c
b00111111001000110011111000100001 f
b00000000000110101110011101111100 16
#2216
b00000000000110101110011101111100 c
b00111110001000110011110100100001 f
b00000000000110101110011101111101 16
#2217
b00000000000110101110011101111101 c
b00111111001000010011110100100011 f
b00000000000110101110011101111110 16
#2218
b00000000000110101110011101111110 c
b00111101001000110011111000100001 f
b00000000000110101110011101111111 16
#2219
b00000000000110101110011101111111 c
b00111011001000100011111000100001 f
b00000000000110101110011110000000 16
#2220
b00000000000110101110011110000000 c
b00110101001000000011011100100001 f
b00000000000110101110011110000001 16
#2221
b00000000000110101110011110000001 c
b00110110001000000011001100011111 f
b00000000000110101110011110000010 16
#2222
b00000000000110101110011110000010 c
b00111001001000010011100000100001 f
b00000000000110101110011110000011 16
#2223
b00000000000110101110011110000011 c
b00111111001000000011101000100000 f
b00000000000110101110011110000100 16
#2224
b00000000000110101110011110000100 c
b00111110001000010011110100100010 f
b00000000000110101110011110000101 16
#2225
b00000000000110101110011110000101 c
b00111011001000100011110100100001 f
b00000000000110101110011110000110 16
#2226
b00000000000110101110011110000110 c
b01000000001000010011111100100001 f
b00000000000110101110011110000111 16
#2227
b00000000000110101110011110000111 c
b00111100001000010011110100100011 f
b00000000000110101110011110001000 16
#2228
b00000000000110101110011110001000 c
b01000000001000100011110100100001 f
b00000000000110101110011110001001 16
#2229
b00000000000110101110011110001001 c
b01000000001000100011110100100010 f
b00000000000110101110011110001010 16
#2230
b00000000000110101110011110001010 c
b00111011001000010011110100100011 f
b00000000000110101110011110001011 16
#2231
b00000000000110101110011110001011 c
b00111011001000010011011000100011 f
b00000000000110101110011110001100 16
#2232
b00000000000110101110011110001100 c
b00111011001000000011110100100001 f
b00000000000110101110011110001101 16
#2233
b00000000000110101110011110001101 c
b01000000001000100011110100100011 f
b00000000000110101110011110001110 16
#2234
b00000000000110101110011110001110 c
b00111110001001000011111000100010 f
b00000000000110101110011110001111 16
#2235
b00000000000110101110011110001111 c
b01000000001000110011110000100011 f
b00000000000110101110011110010000 16
#2236
b00000000000110101110011110010000 c
b00111110001000010011111000100011 f
b00000000000110101110011110010001 16
#2237
b00000000000110101110011110010001 c
b00111010001000100011110100100001 f
b00000000000110101110011110010010 16
#2238
b00000000000110101110011110010010 c
b00111011001000110011110100100001 f
b00000000000110101110011110010011 16
#2239
b00000000000110101110011110010011 c
b00111111001000110011111100100010 f
b00000000000110101110011110010100 16
#2240
b00000000000110101110011110010100 c
b00111101001000010011110100100010 f
b00000000000110101110011110010101 16
#2241
b00000000000110101110011110010101 c
b00111100001000100011110100100000 f
b00000000000110101110011110010110 16
#2242
b00000000000110101110011110010110 c
b00111100001000100011101100100011 f
b00000000000110101110011110010111 16
#2243
b00000000000110101110011110010111 c
b00111101001000110011111100100011 f
b00000000000110101110011110011000 16
#2244
b00000000000110101110011110011000 c
b00111101001000100011111100100001 f
b00000000000110101110011110011001 16
#2245
b00000000000110101110011110011001 c
b00111110001000110011110100100010 f
b00000000000110101110011110011010 16
#2246
b00000000000110101110011110011010 c
b00111101001000010011101000100011 f
b00000000000110101110011110011011 16
#2247
b00000000000110101110011110011011 c
b00111101001000100011110100100001 f
b00000000000110101110011110011100 16
#2248
b00000000000110101110011110011100 c
b00111011001000100011110100100011 f
b00000000000110101110011110011101 16
#2249
b00000000000110101110011110011101 c
b00111010001000010011101100100001 f
b00000000000110101110011110011110 16
#2250
b00000000000110101110011110011110 c
b00111010001000100011100100100001 f
b00000000000110101110011110011111 16
#2251
b00000000000110101110011110011111 c
b00111100001000110011111000100001 f
b00000000000110101110011110100000 16
#2252
b00000000000110101110011110100000 c
b00111111001000100011110100100011 f
b00000000000110101110011110100001 16
#2253
b00000000000110101110011110100001 c
b00111101001001000011111100100011 f
b00000000000110101110011110100010 16
#2254
b00000000000110101110011110100010 c
b00111100001000110011111000100011 f
b00000000000110101110011110100011 16
#2255
b00000000000110101110011110100011 c
b00111101001000100011111000100000 f
b00000000000110101110011110100100 16
#2256
b00000000000110101110011110100100 c
b00111101001000100100000000100011 f
b00000000000110101110011110100101 16
#2257
b00000000000110101110011110100101 c
b00111110001000100011110100100011 f
b00000000000110101110011110100110 16
#2258
b00000000000110101110011110100110 c
b00111011001000110011111000100010 f
b00000000000110101110011110100111 16
#2259
b00000000000110101110011110100111 c
b00111111001000110011111000100001 f
b00000000000110101110011110101000 16
#2260
b00000000000110101110011110101000 c
b00111100001000010100000100100010 f
b00000000000110101110011110101001 16
#2261
b00000000000110101110011110101001 c
b00111011001000110011110100100010 f
b00000000000110101110011110101010 16
#2262
b00000000000110101110011110101010 c
b00111101001000100011110100100001 f
b00000000000110101110011110101011 16
#2263
b00000000000110101110011110101011 c
b00111101001000100011110100100010 f
b00000000000110101110011110101100 16
#2264
b00000000000110101110011110101100 c
b00111101001000100011111100100001 f
b00000000000110101110011110101101 16
#2265
b00000000000110101110011110101101 c
b00111110001000100011110100100001 f
b00000000000110101110011110101110 16
#2266
b00000000000110101110011110101110 c
b00111101001000100100001000100001 f
b00000000000110101110011110101111 16
#2267
b00000000000110101110011110101111 c
b00111011001000110011111100100100 f
b00000000000110101110011110110000 16
#2268
b00000000000110101110011110110000 c
b00111101001000110011110100100011 f
b00000000000110101110011110110001 16
#2269
b00000000000110101110011110110001 c
b00111101001000110011110100100010 f
b00000000000110101110011110110010 16
#2270
b00000000000110101110011110110010 c
b00111111001000100011111100100011 f
b00000000000110101110011110110011 16
#2271
b00000000000110101110011110110011 c
b00111011001000010100000000100011 f
b00000000000110101110011110110100 16
#2272
b00000000000110101110011110110100 c
b01000010001000110011111100100001 f
b00000000000110101110011110110101 16
#2273
b00000000000110101110011110110101 c
b00111101001000110011110000100010 f
b00000000000110101110011110110110 16
#2274
b00000000000110101110011110110110 c
b00111111001000110011110100100010 f
b00000000000110101110011110110111 16
#2275
b00000000000110101110011110110111 c
b00111101001000010011111000100001 f
b00000000000110101110011110111000 16
#2276
b00000000000110101110011110111000 c
b00111101001000100011111100100100 f
b00000000000110101110011110111001 16
#2277
b00000000000110101110011110111001 c
b00111111001000010011110100100001 f
b00000000000110101110011110111010 16
#2278
b00000000000110101110011110111010 c
b00111100001000110011110100100001 f
b00000000000110101110011110111011 16
#2279
b00000000000110101110011110111011 c
b00111101001000010011111100100001 f
b00000000000110101110011110111100 16
#2280
b00000000000110101110011110111100 c
b00111111001000110011111100100010 f
b00000000000110101110011110111101 16
#2281
b00000000000110101110011110111101 c
b00111110001000100011110000100010 f
b00000000000110101110011110111110 16
#2282
b00000000000110101110011110111110 c
b01000000001000110100001100100100 f
b00000000000110101110011110111111 16
#2283
b00000000000110101110011110111111 c
b00111101001000110011100100100010 f
b00000000000110101110011111000000 16
#2284
b00000000000110101110011111000000 c
b01000000001000110011101100100011 f
b00000000000110101110011111000001 16
#2285
b00000000000110101110011111000001 c
b00111101001000110011111100100011 f
b00000000000110101110011111000010 16
#2286
b00000000000110101110011111000010 c
b01000010001000110100000000100011 f
b00000000000110101110011111000011 16
#2287
b00000000000110101110011111000011 c
b01000000001000100100000100100001 f
b00000000000110101110011111000100 16
#2288
b00000000000110101110011111000100 c
b01000000001000010011111100100010 f
b00000000000110101110011111000101 16
#2289
b00000000000110101110011111000101 c
b00111100001000010011110000100010 f
b00000000000110101110011111000110 16
#2290
b00000000000110101110011111000110 c
b00111100001000100011110100100010 f
b00000000000110101110011111000111 16
#2291
b00000000000110101110011111000111 c
b01000000001000110100000000100100 f
b00000000000110101110011111001000 16
#2292
b00000000000110101110011111001000 c
b00111100001000100011110000100010 f
b00000000000110101110011111001001 16
#2293
b00000000000110101110011111001001 c
b01000000001000100011110000100010 f
b00000000000110101110011111001010 16
#2294
b00000000000110101110011111001010 c
b01000000001000100011110100100011 f
b00000000000110101110011111001011 16
#2295
b00000000000110101110011111001011 c
b01000001001000010100000000100010 f
b00000000000110101110011111001100 16
#2296
b00000000000110101110011111001100 c
b00111110001000100100000000100011 f
b00000000000110101110011111001101 16
#2297
b00000000000110101110011111001101 c
b00111111001000110011111100100011 f
b00000000000110101110011111001110 16
#2298
b00000000000110101110011111001110 c
b01000001001000110011111100100001 f
b00000000000110101110011111001111 16
#2299
b00000000000110101110011111001111 c
b01000010001000100100001000100010 f
b00000000000110101110011111010000 16
#2300
b00000000000110101110011111010000 c
b00111110001001000100000000100010 f
b00000000000110101110011111010001 16
#2301
b00000000000110101110011111010001 c
b00111101001000110011111000100011 f
b00000000000110101110011111010010 16
#2302
b00000000000110101110011111010010 c
b01000001001000100100000100100100 f
b00000000000110101110011111010011 16
#2303
b00000000000110101110011111010011 c
b00111111001000100100000000100011 f
b00000000000110101110011111010100 16
#2304
b00000000000110101110011111010100 c
b00111110001000110011110100100011 f
b00000000000110101110011111010101 16
#2305
b00000000000110101110011111010101 c
b00111111001000100011110100100000 f
b00000000000110101110011111010110 16
#2306
b00000000000110101110011111010110 c
b00111010001000110011111100100011 f
b00000000000110101110011111010111 16
#2307
b00000000000110101110011111010111 c
b00111101001000100011101100100001 f
b00000000000110101110011111011000 16
#2308
b00000000000110101110011111011000 c
b01000000001000110011110000100010 f
b00000000000110101110011111011001 16
#2309
b00000000000110101110011111011001 c
b01000001001001010100000000100011 f
b00000000000110101110011111011010 16
#2310
b00000000000110101110011111011010 c
b00111110001000110100000000100010 f
b00000000000110101110011111011011 16
#2311
b00000000000110101110011111011011 c
b01000001001000110100001100100010 f
b00000000000110101110011111011100 16
#2312
b00000000000110101110011111011100 c
b01000000001000110100000000100101 f
b00000000000110101110011111011101 16
#2313
b00000000000110101110011111011101 c
b01000010001000110100000100100010 f
b00000000000110101110011111011110 16
#2314
b00000000000110101110011111011110 c
b00111111001000010011111100100011 f
b00000000000110101110011111011111 16
#2315
b00000000000110101110011111011111 c
b00111111001000110100000000100010 f
b00000000000110101110011111100000 16
#2316
b00000000000110101110011111100000 c
b01000000001001000100000100100011 f
b00000000000110101110011111100001 16
#2317
b00000000000110101110011111100001 c
b01000001001000100011111100100100 f
b00000000000110101110011111100010 16
#2318
b00000000000110101110011111100010 c
b00111111001001100100000100100101 f
b00000000000110101110011111100011 16
#2319
b00000000000110101110011111100011 c
b00111111001000110100001000100100 f
b00000000000110101110011111100100 16
#2320
b00000000000110101110011111100100 c
b01000000001001000100001000100011 f
b00000000000110101110011111100101 16
#2321
b00000000000110101110011111100101 c
b01000100001001000100001000100110 f
b00000000000110101110011111100110 16
#2322
b00000000000110101110011111100110 c
b01000010001000110100001000100100 f
b00000000000110101110011111100111 16
#2323
b00000000000110101110011111100111 c
b00111101001000110100001000100100 f
b00000000000110101110011111101000 16
#2324
b00000000000110101110011111101000 c
b01000001001001000011111100100100 f
b00000000000110101110011111101001 16
#2325
b00000000000110101110011111101001 c
b00111110001000100011110100100001 f
b00000000000110101110011111101010 16
#2326
b00000000000110101110011111101010 c
b00111101000111110100000000100101 f
b00000000000110101110011111101011 16
#2327
b00000000000110101110011111101011 c
b00111011000111110011110000100010 f
b00000000000110101110011111101100 16
#2328
b00000000000110101110011111101100 c
b00111100001000010011110000100001 f
b00000000000110101110011111101101 16
#2329
b00000000000110101110011111101101 c
b00111110001000110011111100100011 f
b00000000000110101110011111101110 16
#2330
b00000000000110101110011111101110 c
b01000010001000110100000000100100 f
b00000000000110101110011111101111 16
#2331
b00000000000110101110011111101111 c
b01000000001000110100001000100010 f
b00000000000110101110011111110000 16
#2332
b00000000000110101110011111110000 c
b01000001001000100100000000100100 f
b00000000000110101110011111110001 16
#2333
b00000000000110101110011111110001 c
b01000000001000110100000000100101 f
b00000000000110101110011111110010 16
#2334
b00000000000110101110011111110010 c
b01000010001001010100000000100011 f
b00000000000110101110011111110011 16
#2335
b00000000000110101110011111110011 c
b01000010001000110100001000100010 f
b00000000000110101110011111110100 16
#2336
b00000000000110101110011111110100 c
b01000010001000100100010000100011 f
b00000000000110101110011111110101 16
#2337
b00000000000110101110011111110101 c
b01000001001000110100001000100011 f
b00000000000110101110011111110110 16
#2338
b00000000000110101110011111110110 c
b01000000001000110100000100100011 f
b00000000000110101110011111110111 16
#2339
b00000000000110101110011111110111 c
b01000000001001000100000000100011 f
b00000000000110101110011111111000 16
#2340
b00000000000110101110011111111000 c
b01000100001000100011111100100011 f
b00000000000110101110011111111001 16
#2341
b00000000000110101110011111111001 c
b00111111001000110100000000100011 f
b00000000000110101110011111111010 16
#2342
b00000000000110101110011111111010 c
b00111110001001000011111100100010 f
b00000000000110101110011111111011 16
#2343
b00000000000110101110011111111011 c
b01000100001000110011111100100100 f
b00000000000110101110011111111100 16
#2344
b00000000000110101110011111111100 c
b01000000001000110100000000100010 f
b00000000000110101110011111111101 16
#2345
b00000000000110101110011111111101 c
b01000101001001100100001000100101 f
b00000000000110101110011111111110 16
#2346
b00000000000110101110011111111110 c
b01000100001001010100001000100110 f
b00000000000110101110011111111111 16
#2347
b00000000000110101110011111111111 c
b01000100001000110100001100100100 f
b00000000000110101110100000000000 16
#2348
b00000000000110101110100000000000 c
b01000010001001000100001000100100 f
b00000000000110101110100000000001 16
#2349
b00000000000110101110100000000001 c
b01000000001000110100000100100011 f
b00000000000110101110100000000010 16
#2350
b00000000000110101110100000000010 c
b01000010001000110100000000100011 f
b00000000000110101110100000000011 16
#2351
b00000000000110101110100000000011 c
b01000101001001000100000000100011 f
b00000000000110101110100000000100 16
#2352
b00000000000110101110100000000100 c
b01000110001001000100000100100011 f
b00000000000110101110100000000101 16
#2353
b00000000000110101110100000000101 c
b01000010001001000100001000100100 f
b00000000000110101110100000000110 16
#2354
b00000000000110101110100000000110 c
b00111101001000110011111000100011 f
b00000000000110101110100000000111 16
#2355
b00000000000110101110100000000111 c
b01000000001001000011110100100011 f
b00000000000110101110100000001000 16
#2356
b00000000000110101110100000001000 c
b01000000001000110011111000100011 f
b00000000000110101110100000001001 16
#2357
b00000000000110101110100000001001 c
b01000011001001010100000100100011 f
b00000000000110101110100000001010 16
#2358
b00000000000110101110100000001010 c
b00111101001001000011111000100010 f
b00000000000110101110100000001011 16
#2359
b00000000000110101110100000001011 c
b01000000001001010100000000100011 f
b00000000000110101110100000001100 16
#2360
b00000000000110101110100000001100 c
b01000011001001100011111100100010 f
b00000000000110101110100000001101 16
#2361
b00000000000110101110100000001101 c
b00111111001001010100001100100100 f
b00000000000110101110100000001110 16
#2362
b00000000000110101110100000001110 c
b00111100001000010011111000100011 f
b00000000000110101110100000001111 16
#2363
b00000000000110101110100000001111 c
b01000001001000110011101100100010 f
b00000000000110101110100000010000 16
#2364
b00000000000110101110100000010000 c
b00111111001001000100000000100011 f
b00000000000110101110100000010001 16
#2365
b00000000000110101110100000010001 c
b01000101001000100100001100100100 f
b00000000000110101110100000010010 16
#2366
b00000000000110101110100000010010 c
b01000100001000100100000000100101 f
b00000000000110101110100000010011 16
#2367
b00000000000110101110100000010011 c
b01000000001001000100010000100100 f
b00000000000110101110100000010100 16
#2368
b00000000000110101110100000010100 c
b00111100001000100011111100100001 f
b00000000000110101110100000010101 16
#2369
b00000000000110101110100000010101 c
b00111101001001010011111100100011 f
b00000000000110101110100000010110 16
#2370
b00000000000110101110100000010110 c
b01000010001000110100001000100011 f
b00000000000110101110100000010111 16
#2371
b00000000000110101110100000010111 c
b01000010001000100100001100100100 f
b00000000000110101110100000011000 16
#2372
b00000000000110101110100000011000 c
b01000000001001000100000000100100 f
b00000000000110101110100000011001 16
#2373
b00000000000110101110100000011001 c
b00111111001001100100001100100100 f
b00000000000110101110100000011010 16
#2374
b00000000000110101110100000011010 c
b01000001001000110100000000100011 f
b00000000000110101110100000011011 16
#2375
b00000000000110101110100000011011 c
b01000101001000110100010000100011 f
b00000000000110101110100000011100 16
#2376
b00000000000110101110100000011100 c
b01000101001000110100001000100011 f
b00000000000110101110100000011101 16
#2377
b00000000000110101110100000011101 c
b01000011001001100100001000100101 f
b00000000000110101110100000011110 16
#2378
b00000000000110101110100000011110 c
b01000011001001000100000100100011 f
b00000000000110101110100000011111 16
#2379
b00000000000110101110100000011111 c
b01000011001001010100010000100100 f
b00000000000110101110100000100000 16
#2380
b00000000000110101110100000100000 c
b01000010001000110100000000100110 f
b00000000000110101110100000100001 16
#2381
b00000000000110101110100000100001 c
b01000000001001100100000100100100 f
b00000000000110101110100000100010 16
#2382
b00000000000110101110100000100010 c
b01000100001001000100000100100110 f
b00000000000110101110100000100011 16
#2383
b00000000000110101110100000100011 c
b00111111001001010100001100100100 f
b00000000000110101110100000100100 16
#2384
b00000000000110101110100000100100 c
b00111111001000110100000000100100 f
b00000000000110101110100000100101 16
#2385
b00000000000110101110100000100101 c
b01000010001000110100001000100011 f
b00000000000110101110100000100110 16
#2386
b00000000000110101110100000100110 c
b01000011001000100100000100100010 f
b00000000000110101110100000100111 16
#2387
b00000000000110101110100000100111 c
b01000010001001000100011000100011 f
b00000000000110101110100000101000 16
#2388
b00000000000110101110100000101000 c
b01000010001001000100001000100100 f
b00000000000110101110100000101001 16
#2389
b00000000000110101110100000101001 c
b01000100001001000100001100100011 f
b00000000000110101110100000101010 16
#2390
b00000000000110101110100000101010 c
b01000110001001000100010000100100 f
b00000000000110101110100000101011 16
#2391
b00000000000110101110100000101011 c
b01000101001001010100010000100010 f
b00000000000110101110100000101100 16
#2392
b00000000000110101110100000101100 c
b01000010001000110100001000100101 f
b00000000000110101110100000101101 16
#2393
b00000000000110101110100000101101 c
b01000101001001000100000100100011 f
b00000000000110101110100000101110 16
#2394
b00000000000110101110100000101110 c
b01000011001000110100010000100100 f
b00000000000110101110100000101111 16
#2395
b00000000000110101110100000101111 c
b01000011001001100100001100100100 f
b00000000000110101110100000110000 16
#2396
b00000000000110101110100000110000 c
b01000101001001100100000000100100 f
b00000000000110101110100000110001 16
#2397
b00000000000110101110100000110001 c
b01000011001000110100010000100100 f
b00000000000110101110100000110010 16
#2398
b00000000000110101110100000110010 c
b01000100001001000100010000100100 f
b00000000000110101110100000110011 16
#2399
b00000000000110101110100000110011 c
b01000011001000110100010100100100 f
b00000000000110101110100000110100 16
#2400
b00000000000110101110100000110100 c
b01000101001001010100001000100100 f
b00000000000110101110100000110101 16
#2401
b00000000000110101110100000110101 c
b01000001001001000100011000100011 f
b00000000000110101110100000110110 16
#2402
b00000000000110101110100000110110 c
b01000100001001010100000100100010 f
b00000000000110101110100000110111 16
#2403
b00000000000110101110100000110111 c
b01000011001001010100011100100100 f
b00000000000110101110100000111000 16
#2404
b00000000000110101110100000111000 c
b01000000001001010100000100100100 f
b00000000000110101110100000111001 16
#2405
b00000000000110101110100000111001 c
b01000100001001010100001000100100 f
b00000000000110101110100000111010 16
#2406
b00000000000110101110100000111010 c
b01000001001000110100001000100101 f
b00000000000110101110100000111011 16
#2407
b00000000000110101110100000111011 c
b01000100001001010100001100100100 f
b00000000000110101110100000111100 16
#2408
b00000000000110101110100000111100 c
b01000100001001010100010000100100 f
b00000000000110101110100000111101 16
#2409
b00000000000110101110100000111101 c
b01000101001001100100010000100011 f
b00000000000110101110100000111110 16
#2410
b00000000000110101110100000111110 c
b01000010001000100100010000100110 f
b00000000000110101110100000111111 16
#2411
b00000000000110101110100000111111 c
b01000010001000110011111100100011 f
b00000000000110101110100001000000 16
#2412
b00000000000110101110100001000000 c
b01000010001000110100000100100101 f
b00000000000110101110100001000001 16
#2413
b00000000000110101110100001000001 c
b01000011001001000100000100100100 f
b00000000000110101110100001000010 16
#2414
b00000000000110101110100001000010 c
b01000101001001100100001100100011 f
b00000000000110101110100001000011 16
#2415
b00000000000110101110100001000011 c
b01000001001000100100010000100011 f
b00000000000110101110100001000100 16
#2416
b00000000000110101110100001000100 c
b00111101001000100100000000100010 f
b00000000000110101110100001000101 16
#2417
b00000000000110101110100001000101 c
b00111111001000110100000000100101 f
b00000000000110101110100001000110 16
#2418
b00000000000110101110100001000110 c
b01000100001001010100001000100101 f
b00000000000110101110100001000111 16
#2419
b00000000000110101110100001000111 c
b01001001001001000100000100100011 f
b00000000000110101110100001001000 16
#2420
b00000000000110101110100001001000 c
b01000101001001100100010100100110 f
b00000000000110101110100001001001 16
#2421
b00000000000110101110100001001001 c
b01000110001001010100011100100100 f
b00000000000110101110100001001010 16
#2422
b00000000000110101110100001001010 c
b01000100001000110100001100100100 f
b00000000000110101110100001001011 16
#2423
b00000000000110101110100001001011 c
b01000101001001000100011000100100 f
b00000000000110101110100001001100 16
#2424
b00000000000110101110100001001100 c
b01000100001001000100011000100110 f
b00000000000110101110100001001101 16
#2425
b00000000000110101110100001001101 c
b01000100001001010100010000100100 f
b00000000000110101110100001001110 16
#2426
b00000000000110101110100001001110 c
b01000100001001000100011100100101 f
b00000000000110101110100001001111 16
#2427
b00000000000110101110100001001111 c
b01000010001000110100010000100100 f
b00000000000110101110100001010000 16
#2428
b00000000000110101110100001010000 c
b01000011001001010100010000100101 f
b00000000000110101110100001010001 16
#2429
b00000000000110101110100001010001 c
b01000101001001100100010000100101 f
b00000000000110101110100001010010 16
#2430
b00000000000110101110100001010010 c
b01000100001001100100001100100100 f
b00000000000110101110100001010011 16
#2431
b00000000000110101110100001010011 c
b01000101001001100100010000100100 f
b00000000000110101110100001010100 16
#2432
b00000000000110101110100001010100 c
b01000010001001000100011000100110 f
b00000000000110101110100001010101 16
#2433
b00000000000110101110100001010101 c
b01000100001001010100010000100101 f
b00000000000110101110100001010110 16
#2434
b00000000000110101110100001010110 c
b01000110001001000100001100100101 f
b00000000000110101110100001010111 16
#2435
b00000000000110101110100001010111 c
b01000110001001000100010000100011 f
b00000000000110101110100001011000 16
#2436
b00000000000110101110100001011000 c
b01000110001010000100100000100101 f
b00000000000110101110100001011001 16
#2437
b00000000000110101110100001011001 c
b01000011001000110100001100100110 f
b00000000000110101110100001011010 16
#2438
b00000000000110101110100001011010 c
b01000101001001100100000100100101 f
b00000000000110101110100001011011 16
#2439
b00000000000110101110100001011011 c
b01000100001001000100011000100101 f
b00000000000110101110100001011100 16
#2440
b00000000000110101110100001011100 c
b01000111001001000100100000100110 f
b00000000000110101110100001011101 16
#2441
b00000000000110101110100001011101 c
b01000110001001100100010100100100 f
b00000000000110101110100001011110 16
#2442
b00000000000110101110100001011110 c
b01000100001001010100011100100011 f
b00000000000110101110100001011111 16
#2443
b00000000000110101110100001011111 c
b01000100001001110100001100100101 f
b00000000000110101110100001100000 16
#2444
b00000000000110101110100001100000 c
b01000111001001010100001000100110 f
b00000000000110101110100001100001 16
#2445
b00000000000110101110100001100001 c
b01000101001001000100011000100011 f
b00000000000110101110100001100010 16
#2446
b00000000000110101110100001100010 c
b01000101001000110100001000100110 f
b00000000000110101110100001100011 16
#2447
b00000000000110101110100001100011 c
b01000011001001100100011000100100 f
b00000000000110101110100001100100 16
#2448
b00000000000110101110100001100100 c
b01000110001001110100011000100110 f
b00000000000110101110100001100101 16
#2449
b00000000000110101110100001100101 c
b01000100001001000100010000100101 f
b00000000000110101110100001100110 16
#2450
b00000000000110101110100001100110 c
b01000111001001010100011000100011 f
b00000000000110101110100001100111 16
#2451
b00000000000110101110100001100111 c
b01000100001000110100100000100101 f
b00000000000110101110100001101000 16
#2452
b00000000000110101110100001101000 c
b01000111001001100100010100100100 f
b00000000000110101110100001101001 16
#2453
b00000000000110101110100001101001 c
b01000100001001010100010100100100 f
b00000000000110101110100001101010 16
#2454
b00000000000110101110100001101010 c
b01000101001001000100010000100100 f
b00000000000110101110100001101011 16
#2455
b00000000000110101110100001101011 c
b01000010001001010100100000100100 f
b00000000000110101110100001101100 16
#2456
b00000000000110101110100001101100 c
b01000011001000110100001000100101 f
b00000000000110101110100001101101 16
#2457
b00000000000110101110100001101101 c
b01000010001001010100001000100101 f
b00000000000110101110100001101110 16
#2458
b00000000000110101110100001101110 c
b01001000001001100100001100100100 f
b00000000000110101110100001101111 16
#2459
b00000000000110101110100001101111 c
b01000101001001100100100000100101 f
b00000000000110101110100001110000 16
#2460
b00000000000110101110100001110000 c
b01000100001001010100011000100011 f
b00000000000110101110100001110001 16
#2461
b00000000000110101110100001110001 c
b01000100001001010100011000100101 f
b00000000000110101110100001110010 16
#2462
b00000000000110101110100001110010 c
b01000110001001000100011000100110 f
b00000000000110101110100001110011 16
#2463
b00000000000110101110100001110011 c
b01000110001001010100100000100011 f
b00000000000110101110100001110100 16
#2464
b00000000000110101110100001110100 c
b01000110001001100100010100100110 f
b00000000000110101110100001110101 16
#2465
b00000000000110101110100001110101 c
b01001000001001000100011100100110 f
b00000000000110101110100001110110 16
#2466
b00000000000110101110100001110110 c
b01001000001001000100100000101000 f
b00000000000110101110100001110111 16
#2467
b00000000000110101110100001110111 c
b01000101001001010100001100100100 f
b00000000000110101110100001111000 16
#2468
b00000000000110101110100001111000 c
b01000100001001100100010100100100 f
b00000000000110101110100001111001 16
#2469
b00000000000110101110100001111001 c
b01000010001001010100001100100100 f
b00000000000110101110100001111010 16
#2470
b00000000000110101110100001111010 c
b01000101001001010100000000100100 f
b00000000000110101110100001111011 16
#2471
b00000000000110101110100001111011 c
b01000110001000110100011000100110 f
b00000000000110101110100001111100 16
#2472
b00000000000110101110100001111100 c
b01000111001000110100010100100110 f
b00000000000110101110100001111101 16
#2473
b00000000000110101110100001111101 c
b01000100001001010100010000100101 f
b00000000000110101110100001111110 16
#2474
b00000000000110101110100001111110 c
b01000011001001010100010100100100 f
b00000000000110101110100001111111 16
#2475
b00000000000110101110100001111111 c
b01000011001001000100010100100110 f
b00000000000110101110100010000000 16
#2476
b00000000000110101110100010000000 c
b01000101001001100100001100100101 f
b00000000000110101110100010000001 16
#2477
b00000000000110101110100010000001 c
b01000011001001000100011100100110 f
b00000000000110101110100010000010 16
#2478
b00000000000110101110100010000010 c
b01000110001001100100011100100110 f
b00000000000110101110100010000011 16
#2479
b00000000000110101110100010000011 c
b01000110001000110100011000100110 f
b00000000000110101110100010000100 16
#2480
b00000000000110101110100010000100 c
b01001001001001010100011000100100 f
b00000000000110101110100010000101 16
#2481
b00000000000110101110100010000101 c
b01000110001001000100100100100110 f
b00000000000110101110100010000110 16
#2482
b00000000000110101110100010000110 c
b01001000001001100100011000100110 f
b00000000000110101110100010000111 16
#2483
b00000000000110101110100010000111 c
b01000100001001110100100100100110 f
b00000000000110101110100010001000 16
#2484
b00000000000110101110100010001000 c
b01000111001001000100011100100110 f
b00000000000110101110100010001001 16
#2485
b00000000000110101110100010001001 c
b01000111001010000100011100100111 f
b00000000000110101110100010001010 16
#2486
b00000000000110101110100010001010 c
b01000100001001100100100100100110 f
b00000000000110101110100010001011 16
#2487
b00000000000110101110100010001011 c
b01000100001001100100101000100110 f
b00000000000110101110100010001100 16
#2488
b00000000000110101110100010001100 c
b01000110001001100100010100100110 f
b00000000000110101110100010001101 16
#2489
b00000000000110101110100010001101 c
b01000110001001100100001100100101 f
b00000000000110101110100010001110 16
#2490
b00000000000110101110100010001110 c
b01000110001001010100010100100100 f
b00000000000110101110100010001111 16
#2491
b00000000000110101110100010001111 c
b01000110001001100100101000100110 f
b00000000000110101110100010010000 16
#2492
b00000000000110101110100010010000 c
b01000110001001010100100000100101 f
b00000000000110101110100010010001 16
#2493
b00000000000110101110100010010001 c
b01001010001000110100100000100110 f
b00000000000110101110100010010010 16
#2494
b00000000000110101110100010010010 c
b01000100001001100100010100100110 f
b00000000000110101110100010010011 16
#2495
b00000000000110101110100010010011 c
b01000100001001000011111100100010 f
b00000000000110101110100010010100 16
#2496
b00000000000110101110100010010100 c
b01000010001000100100010000100010 f
b00000000000110101110100010010101 16
#2497
b00000000000110101110100010010101 c
b01001001001001100100011000100100 f
b00000000000110101110100010010110 16
#2498
b00000000000110101110100010010110 c
b01001001001001010100010100100101 f
b00000000000110101110100010010111 16
#2499
b00000000000110101110100010010111 c
b01000110001001010100010100100110 f
b00000000000110101110100010011000 16
#2500
b00000000000110101110100010011000 c
b01000011001001100100010000100010 f
b00000000000110101110100010011001 16
#2501
b00000000000110101110100010011001 c
b01000011001001100100100000100110 f
b00000000000110101110100010011010 16
#2502
b00000000000110101110100010011010 c
b01000101001001010100010100100011 f
b00000000000110101110100010011011 16
#2503
b00000000000110101110100010011011 c
b01000101001001010100001000100011 f
b00000000000110101110100010011100 16
#2504
b00000000000110101110100010011100 c
b01000011001001100100010100100101 f
b00000000000110101110100010011101 16
#2505
b00000000000110101110100010011101 c
b00111111001000110011111100100011 f
b00000000000110101110100010011110 16
#2506
b00000000000110101110100010011110 c
b00110111001000000011110100100011 f
b00000000000110101110100010011111 16
#2507
b00000000000110101110100010011111 c
b00110101000111110011100000100000 f
b00000000000110101110100010100000 16
#2508
b00000000000110101110100010100000 c
b00110011000111100011010100011101 f
b00000000000110101110100010100001 16
#2509
b00000000000110101110100010100001 c
b00110000000111000011000000011100 f
b00000000000110101110100010100010 16
#2510
b00000000000110101110100010100010 c
b00101111000110100010111100011011 f
b00000000000110101110100010100011 16
#2511
b00000000000110101110100010100011 c
b00101100000110010010111000011010 f
b00000000000110101110100010100100 16
#2512
b00000000000110101110100010100100 c
b00101011000110010010101100011010 f
b00000000000110101110100010100101 16
#2513
b00000000000110101110100010100101 c
b00101010000110010010100100011001 f
b00000000000110101110100010100110 16
#2514
b00000000000110101110100010100110 c
b00101010000110010010101000010111 f
b00000000000110101110100010100111 16
#2515
b00000000000110101110100010100111 c
b00101001000101110010101000011001 f
b00000000000110101110100010101000 16
#2516
b00000000000110101110100010101000 c
b00101000000110000010101000010111 f
b00000000000110101110100010101001 16
#2517
b00000000000110101110100010101001 c
b00101010000110010010100000011001 f
b00000000000110101110100010101010 16
#2518
b00000000000110101110100010101010 c
b00101001000110000010100100011000 f
b00000000000110101110100010101011 16
#2519
b00000000000110101110100010101011 c
b00101001000101110010100000011000 f
b00000000000110101110100010101100 16
#2520
b00000000000110101110100010101100 c
b00101000000110010010101000011000 f
b00000000000110101110100010101101 16
#2521
b00000000000110101110100010101101 c
b00100111000110010010011000010110 f
b00000000000110101110100010101110 16
#2522
b00000000000110101110100010101110 c
b00101001000110000010011000010110 f
b00000000000110101110100010101111 16
#2523
b00000000000110101110100010101111 c
b00101000000101100010011000010111 f
b00000000000110101110100010110000 16
#2524
b00000000000110101110100010110000 c
b00101000000101110010011100011000 f
b00000000000110101110100010110001 16
#2525
b00000000000110101110100010110001 c
b00101000000101110010011100010111 f
b00000000000110101110100010110010 16
#2526
b00000000000110101110100010110010 c
b00100111000110000010011100010111 f
b00000000000110101110100010110011 16
#2527
b00000000000110101110100010110011 c
b00100111000110010010011100011000 f
b00000000000110101110100010110100 16
#2528
b00000000000110101110100010110100 c
b00101000000110000010011100010111 f
b00000000000110101110100010110101 16
#2529
b00000000000110101110100010110101 c
b00100110000101110010100000011000 f
b00000000000110101110100010110110 16
#2530
b00000000000110101110100010110110 c
b00101000000110000010100000010111 f
b00000000000110101110100010110111 16
#2531
b00000000000110101110100010110111 c
b00000000000110101110100010111000 16
#2532
b00000000000110101110100010111000 c
b00100111000101110010100100011001 f
b00000000000110101110100010111001 16
#2533
b00000000000110101110100010111001 c
b00101001000101110010100100011000 f
b00000000000110101110100010111010 16
#2534
b00000000000110101110100010111010 c
b00101001000110000010100100011001 f
b00000000000110101110100010111011 16
#2535
b00000000000110101110100010111011 c
b00101010000110000010100000010111 f
b00000000000110101110100010111100 16
#2536
b00000000000110101110100010111100 c
b00101010000110010010100100010111 f
b00000000000110101110100010111101 16
#2537
b00000000000110101110100010111101 c
b00101000000110000010100000011000 f
b00000000000110101110100010111110 16
#2538
b00000000000110101110100010111110 c
b00101010000110010010100000011000 f
b00000000000110101110100010111111 16
#2539
00
b00000000001000001000000000000110 b
b00000000000110101110100010111111 c
b00101010000110000010100100011000 f
014
b00000000000110101110100011000000 16
01a
#2540
03
b00000000000110101110100011000000 c
b00101001000110000010011100011001 f
#2541
b00101010000110010010101000011000 f
112
#2542
0e
b0000 10
#2548
b00000000001010001000000000000110 b
#2593
b00000000001000001000000000000110 b
#2699
10
b00000000001000001000000000000100 b
114
11a
#2700
13
b00000000000110101110100011000001 16
#2701
b00000000000110101110100011000001 c
012
b00000000000110101110100011000010 16
#2702
b00000000000110101110100011000010 c
1e
b00101001000110000010100100011000 f
b1111 10
b00000000000110101110100011000011 16
#2703
b00000000000110101110100011000011 c
b00101001000110000010100000010110 f
b00000000000110101110100011000100 16
#2704
b00000000000110101110100011000100 c
b00101001000101110010100000010111 f
b00000000000110101110100011000101 16
#2705
b00000000000110101110100011000101 c
b00101000000101110010100000011000 f
b00000000000110101110100011000110 16
#2706
b00000000000110101110100011000110 c
b00101010000110010010100000011001 f
b00000000000110101110100011000111 16
#2707
b00000000000110101110100011000111 c
b00101010000110010010100100011001 f
b00000000000110101110100011001000 16
#2708
b00000000000110101110100011001000 c
b00101111000110010010110000011010 f
b00000000000110101110100011001001 16
#2709
b00000000000110101110100011001001 c
b00110000000111000010111000011001 f
b00000000000110101110100011001010 16
#2710
b00000000000110101110100011001010 c
b00110100000111000011000000011011 f
b00000000000110101110100011001011 16
#2711
b00000000000110101110100011001011 c
b00110101000111000011010000011100 f
b00000000000110101110100011001100 16
#2712
b00000000000110101110100011001100 c
b00111000000111100011100100011101 f
b00000000000110101110100011001101 16
#2713
b00000000000110101110100011001101 c
b00111011000111100011101100011111 f
b00000000000110101110100011001110 16
#2714
b00000000000110101110100011001110 c
b00111111000111100011111000100000 f
b00000000000110101110100011001111 16
#2715
b00000000000110101110100011001111 c
b01000010001000000100010100100001 f
b00000000000110101110100011010000 16
#2716
b00000000000110101110100011010000 c
b01001000001000010100011000100001 f
b00000000000110101110100011010001 16
#2717
b00000000000110101110100011010001 c
b01001100001000110100011000100010 f
b00000000000110101110100011010010 16
#2718
b00000000000110101110100011010010 c
b01001010001000110100110100100010 f
b00000000000110101110100011010011 16
#2719
b00000000000110101110100011010011 c
b01001011001000110100101000100011 f
b00000000000110101110100011010100 16
#2720
b00000000000110101110100011010100 c
b01001111001001010100110100100100 f
b00000000000110101110100011010101 16
#2721
b00000000000110101110100011010101 c
b01001110001001100100111100100011 f
b00000000000110101110100011010110 16
#2722
b00000000000110101110100011010110 c
b01010010001001010101000100100110 f
b00000000000110101110100011010111 16
#2723
b00000000000110101110100011010111 c
b01010010001001110101001100100110 f
b00000000000110101110100011011000 16
#2724
b00000000000110101110100011011000 c
b01010011001001110101010000100111 f
b00000000000110101110100011011001 16
#2725
b00000000000110101110100011011001 c
b01010110001001100101010000100110 f
b00000000000110101110100011011010 16
#2726
b00000000000110101110100011011010 c
b01010011001001100101010100100111 f
b00000000000110101110100011011011 16
#2727
b00000000000110101110100011011011 c
b01010101001001100101010000100101 f
b00000000000110101110100011011100 16
#2728
b00000000000110101110100011011100 c
b01010011001001100101001100100110 f
b00000000000110101110100011011101 16
#2729
b00000000000110101110100011011101 c
b01010011001010000101001000100110 f
b00000000000110101110100011011110 16
#2730
b00000000000110101110100011011110 c
b01001111001001100101000000101000 f
b00000000000110101110100011011111 16
#2731
b00000000000110101110100011011111 c
b01010001001001100101000000100100 f
b00000000000110101110100011100000 16
#2732
b00000000000110101110100011100000 c
b01001111001001010101001100100100 f
b00000000000110101110100011100001 16
#2733
b00000000000110101110100011100001 c
b01010001001001000101000000100110 f
b00000000000110101110100011100010 16
#2734
b00000000000110101110100011100010 c
b01001111001001010101000100100101 f
b00000000000110101110100011100011 16
#2735
b00000000000110101110100011100011 c
b01010001001001010101000100100101 f
b00000000000110101110100011100100 16
#2736
b00000000000110101110100011100100 c
b01010010001001000101000000100101 f
b00000000000110101110100011100101 16
#2737
b00000000000110101110100011100101 c
b01001101001001010101000000100101 f
b00000000000110101110100011100110 16
#2738
b00000000000110101110100011100110 c
b01010000001001000100111000100011 f
b00000000000110101110100011100111 16
#2739
b00000000000110101110100011100111 c
b01010001001001100101000100100101 f
b00000000000110101110100011101000 16
#2740
b00000000000110101110100011101000 c
b01001110001000110101000000100110 f
b00000000000110101110100011101001 16
#2741
b00000000000110101110100011101001 c
b01001100001001000100110100100011 f
b00000000000110101110100011101010 16
#2742
b00000000000110101110100011101010 c
b00100110001111100010010100111010 f
b00000000000110101110100011101011 16
#2743
b00000000000110101110100011101011 c
b00000000000110101110100011101100 16
#2744
b00000000000110101110100011101100 c
b00100100001111010010011100111101 f
b00000000000110101110100011101101 16
#2745
b00000000000110101110100011101101 c
b00100101001111100010011000111101 f
b00000000000110101110100011101110 16
#2746
b00000000000110101110100011101110 c
b00100110010000000010010100111101 f
b00000000000110101110100011101111 16
#2747
b00000000000110101110100011101111 c
b00100101001111100010011000111001 f
b00000000000110101110100011110000 16
#2748
b00000000000110101110100011110000 c
b00100110001111110010011000111011 f
b00000000000110101110100011110001 16
#2749
b00000000000110101110100011110001 c
b00100110001110110010011000111110 f
b00000000000110101110100011110010 16
#2750
b00000000000110101110100011110010 c
b00100110001110100010011000111011 f
b00000000000110101110100011110011 16
#2751
b00000000000110101110100011110011 c
b00100110001110100010011000111110 f
b00000000000110101110100011110100 16
#2752
b00000000000110101110100011110100 c
b00100111001110110010011100111101 f
b00000000000110101110100011110101 16
#2753
b00000000000110101110100011110101 c
b00100111001110110010100000111011 f
b00000000000110101110100011110110 16
#2754
b00000000000110101110100011110110 c
b00100110001110110010011000111011 f
b00000000000110101110100011110111 16
#2755
b00000000000110101110100011110111 c
b00100101001111010010010100111010 f
b00000000000110101110100011111000 16
#2756
b00000000000110101110100011111000 c
b00100110001111010010010100111010 f
b00000000000110101110100011111001 16
#2757
b00000000000110101110100011111001 c
b00100100001111010010010100111100 f
b00000000000110101110100011111010 16
#2758
b00000000000110101110100011111010 c
b00100011001110100010011000111011 f
b00000000000110101110100011111011 16
#2759
b00000000000110101110100011111011 c
b00100101001110110010010100111010 f
b00000000000110101110100011111100 16
#2760
b00000000000110101110100011111100 c
b00100110001111000010010000111011 f
b00000000000110101110100011111101 16
#2761
b00000000000110101110100011111101 c
b00100101001110000010010000111001 f
b00000000000110101110100011111110 16
#2762
b00000000000110101110100011111110 c
b00100100001110000010010000111011 f
b00000000000110101110100011111111 16
#2763
b00000000000110101110100011111111 c
b00100011001110110010010000111001 f
b00000000000110101110100100000000 16
#2764
b00000000000110101110100100000000 c
b00100100001110100010011000110111 f
b00000000000110101110100100000001 16
#2765
b00000000000110101110100100000001 c
b00100001001110010010010000111000 f
b00000000000110101110100100000010 16
#2766
b00000000000110101110100100000010 c
b00100100001101100010001000111000 f
b00000000000110101110100100000011 16
#2767
b00000000000110101110100100000011 c
b00100011001101110010010000110110 f
b00000000000110101110100100000100 16
#2768
b00000000000110101110100100000100 c
b00100100001101110010010000111001 f
b00000000000110101110100100000101 16
#2769
b00000000000110101110100100000101 c
b00100011001110000010001100110111 f
b00000000000110101110100100000110 16
#2770
b00000000000110101110100100000110 c
b00100011001101110010001100110110 f
b00000000000110101110100100000111 16
#2771
b00000000000110101110100100000111 c
b00100011001110000010001100110110 f
b00000000000110101110100100001000 16
#2772
b00000000000110101110100100001000 c
b00100011001110010010001100110110 f
b00000000000110101110100100001001 16
#2773
b00000000000110101110100100001001 c
b00100011001101010010010000111001 f
b00000000000110101110100100001010 16
#2774
b00000000000110101110100100001010 c
b00100011001101100010001100110101 f
b00000000000110101110100100001011 16
#2775
b00000000000110101110100100001011 c
b00100010001101010010001000110110 f
b00000000000110101110100100001100 16
#2776
b00000000000110101110100100001100 c
b00100001001101000010000100110011 f
b00000000000110101110100100001101 16
#2777
b00000000000110101110100100001101 c
b00100010001101010010000000110011 f
b00000000000110101110100100001110 16
#2778
b00000000000110101110100100001110 c
b00100011001101010010001000110101 f
b00000000000110101110100100001111 16
#2779
b00000000000110101110100100001111 c
b00100001001100000010000100110011 f
b00000000000110101110100100010000 16
#2780
b00000000000110101110100100010000 c
b00100010001100110010000000110011 f
b00000000000110101110100100010001 16
#2781
b00000000000110101110100100010001 c
b00100010001100100010001000110101 f
b00000000000110101110100100010010 16
#2782
b00000000000110101110100100010010 c
b00100011001100100010001100110100 f
b00000000000110101110100100010011 16
#2783
b00000000000110101110100100010011 c
b00100001001100100010001100110100 f
b00000000000110101110100100010100 16
#2784
b00000000000110101110100100010100 c
b00100010001101010010000100110100 f
b00000000000110101110100100010101 16
#2785
b00000000000110101110100100010101 c
b00100001001100100010000100110101 f
b00000000000110101110100100010110 16
#2786
b00000000000110101110100100010110 c
b00100000001100110001111100110100 f
b00000000000110101110100100010111 16
#2787
b00000000000110101110100100010111 c
b00100010001100110010000100110010 f
b00000000000110101110100100011000 16
#2788
b00000000000110101110100100011000 c
b00100001001100110010001100110011 f
b00000000000110101110100100011001 16
#2789
b00000000000110101110100100011001 c
b00100011001100110010000000110011 f
b00000000000110101110100100011010 16
#2790
b00000000000110101110100100011010 c
b00100010001101000001111100110110 f
b00000000000110101110100100011011 16
#2791
b00000000000110101110100100011011 c
b00100010001101000010001000110010 f
b00000000000110101110100100011100 16
#2792
b00000000000110101110100100011100 c
b00100001001100110010000100110110 f
b00000000000110101110100100011101 16
#2793
b00000000000110101110100100011101 c
b00100001001100110010001000110101 f
b00000000000110101110100100011110 16
#2794
b00000000000110101110100100011110 c
b00100010001101000010000100110010 f
b00000000000110101110100100011111 16
#2795
b00000000000110101110100100011111 c
b00100001001101000010000100110011 f
b00000000000110101110100100100000 16
#2796
b00000000000110101110100100100000 c
b00100011001101000010001000110011 f
b00000000000110101110100100100001 16
#2797
b00000000000110101110100100100001 c
b00100010001100100010000100110011 f
b00000000000110101110100100100010 16
#2798
b00000000000110101110100100100010 c
b00100001001101010010000100110100 f
b00000000000110101110100100100011 16
#2799
b00000000000110101110100100100011 c
b00100010001100110010000100110011 f
b00000000000110101110100100100100 16
#2800
b00000000000110101110100100100100 c
b00100001001101010010000100110101 f
b00000000000110101110100100100101 16
#2801
b00000000000110101110100100100101 c
b00100001001100010010000100110011 f
b00000000000110101110100100100110 16
#2802
b00000000000110101110100100100110 c
b00100001001101010010001000110101 f
b00000000000110101110100100100111 16
#2803
b00000000000110101110100100100111 c
b00100001001100110010000100110010 f
b00000000000110101110100100101000 16
#2804
b00000000000110101110100100101000 c
b00100011001100110010000100110010 f
b00000000000110101110100100101001 16
#2805
b00000000000110101110100100101001 c
b00100001001100110010000000110010 f
b00000000000110101110100100101010 16
#2806
b00000000000110101110100100101010 c
b00100001001101000010000000110011 f
b00000000000110101110100100101011 16
#2807
b00000000000110101110100100101011 c
b00100001001101000010000100110100 f
b00000000000110101110100100101100 16
#2808
b00000000000110101110100100101100 c
b00100001001101010010000100110011 f
b00000000000110101110100100101101 16
#2809
b00000000000110101110100100101101 c
b00100000001011110010000000110101 f
b00000000000110101110100100101110 16
#2810
b00000000000110101110100100101110 c
b00100000001100110010000100110011 f
b00000000000110101110100100101111 16
#2811
b00000000000110101110100100101111 c
b00100001001100110010000100110101 f
b00000000000110101110100100110000 16
#2812
b00000000000110101110100100110000 c
b00100001001101000010000100110011 f
b00000000000110101110100100110001 16
#2813
b00000000000110101110100100110001 c
b00011111001100000010000100110001 f
b00000000000110101110100100110010 16
#2814
b00000000000110101110100100110010 c
b00100001001100110010000000110000 f
b00000000000110101110100100110011 16
#2815
b00000000000110101110100100110011 c
b00100001001100110001111100110100 f
b00000000000110101110100100110100 16
#2816
b00000000000110101110100100110100 c
b00100000001100110010000000110000 f
b00000000000110101110100100110101 16
#2817
b00000000000110101110100100110101 c
b00100001001100100010001000110100 f
b00000000000110101110100100110110 16
#2818
b00000000000110101110100100110110 c
b00100010001101010010000100110011 f
b00000000000110101110100100110111 16
#2819
b00000000000110101110100100110111 c
b00100001001101000001111100110011 f
b00000000000110101110100100111000 16
#2820
b00000000000110101110100100111000 c
b00100010001101000010001000110011 f
b00000000000110101110100100111001 16
#2821
b00000000000110101110100100111001 c
b00100000001101010010001000110101 f
b00000000000110101110100100111010 16
#2822
b00000000000110101110100100111010 c
b00100001001101010010000000110100 f
b00000000000110101110100100111011 16
#2823
b00000000000110101110100100111011 c
b00100001001101010010001100110101 f
b00000000000110101110100100111100 16
#2824
b00000000000110101110100100111100 c
b00100001001100110010000100110011 f
b00000000000110101110100100111101 16
#2825
b00000000000110101110100100111101 c
b00100001001101010010000100110101 f
b00000000000110101110100100111110 16
#2826
b00000000000110101110100100111110 c
b00100100001101000010000100110101 f
b00000000000110101110100100111111 16
#2827
b00000000000110101110100100111111 c
b00100001001110010010001100110010 f
b00000000000110101110100101000000 16
#2828
b00000000000110101110100101000000 c
b00100010001100110001111100110101 f
b00000000000110101110100101000001 16
#2829
b00000000000110101110100101000001 c
b00100001001101000010000100110100 f
b00000000000110101110100101000010 16
#2830
b00000000000110101110100101000010 c
b00100001001100110010000100110100 f
b00000000000110101110100101000011 16
#2831
b00000000000110101110100101000011 c
b00100011001101000010000000110101 f
b00000000000110101110100101000100 16
#2832
b00000000000110101110100101000100 c
b00100001001101000010000100110100 f
b00000000000110101110100101000101 16
#2833
b00000000000110101110100101000101 c
b00100001001100110010001000110011 f
b00000000000110101110100101000110 16
#2834
b00000000000110101110100101000110 c
b00100001001101100010000100110110 f
b00000000000110101110100101000111 16
#2835
b00000000000110101110100101000111 c
b00100011001100110010001000110101 f
b00000000000110101110100101001000 16
#2836
b00000000000110101110100101001000 c
b00100010001101110010000100110101 f
b00000000000110101110100101001001 16
#2837
b00000000000110101110100101001001 c
b00100010001101010010000100110100 f
b00000000000110101110100101001010 16
#2838
b00000000000110101110100101001010 c
b00100010001101000010001100110111 f
b00000000000110101110100101001011 16
#2839
b00000000000110101110100101001011 c
b00100010001100110010000100110111 f
b00000000000110101110100101001100 16
#2840
b00000000000110101110100101001100 c
b00100010001101010010000100110111 f
b00000000000110101110100101001101 16
#2841
b00000000000110101110100101001101 c
b00100011001101010010001000110010 f
b00000000000110101110100101001110 16
#2842
b00000000000110101110100101001110 c
b00100011001101010010001100110100 f
b00000000000110101110100101001111 16
#2843
b00000000000110101110100101001111 c
b00100011001101100010000100110101 f
b00000000000110101110100101010000 16
#2844
b00000000000110101110100101010000 c
b00100011001101000010000100110110 f
b00000000000110101110100101010001 16
#2845
b00000000000110101110100101010001 c
b00100010001101010010000100110111 f
b00000000000110101110100101010010 16
#2846
b00000000000110101110100101010010 c
b00100010001101110010000100110111 f
b00000000000110101110100101010011 16
#2847
b00000000000110101110100101010011 c
b00100011001101110010001000110110 f
b00000000000110101110100101010100 16
#2848
b00000000000110101110100101010100 c
b00100001001100100010000100110110 f
b00000000000110101110100101010101 16
#2849
b00000000000110101110100101010101 c
b00100001001101010010000000110110 f
b00000000000110101110100101010110 16
#2850
b00000000000110101110100101010110 c
b00100001001100110010000100110101 f
b00000000000110101110100101010111 16
#2851
b00000000000110101110100101010111 c
b00100010001101100010000000110101 f
b00000000000110101110100101011000 16
#2852
b00000000000110101110100101011000 c
b00100011001101010010001100110011 f
b00000000000110101110100101011001 16
#2853
b00000000000110101110100101011001 c
b00100011001101000010001100110101 f
b00000000000110101110100101011010 16
#2854
b00000000000110101110100101011010 c
b00100001001101110010000100110100 f
b00000000000110101110100101011011 16
#2855
b00000000000110101110100101011011 c
b00100100001101010010001000110110 f
b00000000000110101110100101011100 16
#2856
b00000000000110101110100101011100 c
b00100010001101110010001000110110 f
b00000000000110101110100101011101 16
#2857
b00000000000110101110100101011101 c
b00100010001110000010001000110011 f
b00000000000110101110100101011110 16
#2858
b00000000000110101110100101011110 c
b00100010001101010010001000110110 f
b00000000000110101110100101011111 16
#2859
b00000000000110101110100101011111 c
b00100010001101110010001000111000 f
b00000000000110101110100101100000 16
#2860
b00000000000110101110100101100000 c
b00100010001101100010001100110111 f
b00000000000110101110100101100001 16
#2861
b00000000000110101110100101100001 c
b00100010001101010010001000110111 f
b00000000000110101110100101100010 16
#2862
b00000000000110101110100101100010 c
b00100001001101010010001100110111 f
b00000000000110101110100101100011 16
#2863
b00000000000110101110100101100011 c
b00100011001101000010001000110101 f
b00000000000110101110100101100100 16
#2864
b00000000000110101110100101100100 c
b00100011001101010010010000110111 f
b00000000000110101110100101100101 16
#2865
b00000000000110101110100101100101 c
b00100010001101110010001000110100 f
b00000000000110101110100101100110 16
#2866
b00000000000110101110100101100110 c
b00100010001101010010001100110100 f
b00000000000110101110100101100111 16
#2867
b00000000000110101110100101100111 c
b00100011001101010010000000110111 f
b00000000000110101110100101101000 16
#2868
b00000000000110101110100101101000 c
b00100001001101010010001000111000 f
b00000000000110101110100101101001 16
#2869
b00000000000110101110100101101001 c
b00100011001101010010001000110101 f
b00000000000110101110100101101010 16
#2870
b00000000000110101110100101101010 c
b00100001001101000010010100110111 f
b00000000000110101110100101101011 16
#2871
b00000000000110101110100101101011 c
b00100001001101010010000100110100 f
b00000000000110101110100101101100 16
#2872
b00000000000110101110100101101100 c
b00100010001101010010001000110110 f
b00000000000110101110100101101101 16
#2873
b00000000000110101110100101101101 c
b00100011001101010010010100110110 f
b00000000000110101110100101101110 16
#2874
b00000000000110101110100101101110 c
b00100001001101000010001100110101 f
b00000000000110101110100101101111 16
#2875
b00000000000110101110100101101111 c
b00100001001101000010001000110100 f
b00000000000110101110100101110000 16
#2876
b00000000000110101110100101110000 c
b00100010001101010010001000110110 f
b00000000000110101110100101110001 16
#2877
b00000000000110101110100101110001 c
b00100000001101010010001000110101 f
b00000000000110101110100101110010 16
#2878
b00000000000110101110100101110010 c
b00100001001101000010010000110101 f
b00000000000110101110100101110011 16
#2879
b00000000000110101110100101110011 c
b00100011001101100010000100110100 f
b00000000000110101110100101110100 16
#2880
b00000000000110101110100101110100 c
b00100010001101000010001100110110 f
b00000000000110101110100101110101 16
#2881
b00000000000110101110100101110101 c
b00100010001101010010000000110011 f
b00000000000110101110100101110110 16
#2882
b00000000000110101110100101110110 c
b00100011001101110010010000110101 f
b00000000000110101110100101110111 16
#2883
b00000000000110101110100101110111 c
b00100001001101100010001000110110 f
b00000000000110101110100101111000 16
#2884
b00000000000110101110100101111000 c
b00100010001101100010001100111001 f
b00000000000110101110100101111001 16
#2885
b00000000000110101110100101111001 c
b00100001001101010010000000110110 f
b00000000000110101110100101111010 16
#2886
b00000000000110101110100101111010 c
b00100011001101100010001100110110 f
b00000000000110101110100101111011 16
#2887
b00000000000110101110100101111011 c
b00100011001101010010001000111000 f
b00000000000110101110100101111100 16
#2888
b00000000000110101110100101111100 c
b00100100001101010010001000110110 f
b00000000000110101110100101111101 16
#2889
b00000000000110101110100101111101 c
b00100001001101110010000100110111 f
b00000000000110101110100101111110 16
#2890
b00000000000110101110100101111110 c
b00100100001101100010001100110101 f
b00000000000110101110100101111111 16
#2891
b00000000000110101110100101111111 c
b00100010001101110010001000110110 f
b00000000000110101110100110000000 16
#2892
b00000000000110101110100110000000 c
b00100010001101110010001100110101 f
b00000000000110101110100110000001 16
#2893
b00000000000110101110100110000001 c
b00100010001101100010001100110111 f
b00000000000110101110100110000010 16
#2894
b00000000000110101110100110000010 c
b00100001001101100010001000110110 f
b00000000000110101110100110000011 16
#2895
b00000000000110101110100110000011 c
b00100011001101110010001100110101 f
b00000000000110101110100110000100 16
#2896
b00000000000110101110100110000100 c
b00100001001101010010001100110101 f
b00000000000110101110100110000101 16
#2897
b00000000000110101110100110000101 c
b00100011001101100010001100110101 f
b00000000000110101110100110000110 16
#2898
b00000000000110101110100110000110 c
b00100100001101100010001100110111 f
b00000000000110101110100110000111 16
#2899
b00000000000110101110100110000111 c
b00100010001101010010001000110110 f
b00000000000110101110100110001000 16
#2900
b00000000000110101110100110001000 c
b00100011001101110010001100110101 f
b00000000000110101110100110001001 16
#2901
b00000000000110101110100110001001 c
b00100100001101110010001100110101 f
b00000000000110101110100110001010 16
#2902
b00000000000110101110100110001010 c
b00100011001101100010001100110111 f
b00000000000110101110100110001011 16
#2903
b00000000000110101110100110001011 c
b00100011001101010010001100110111 f
b00000000000110101110100110001100 16
#2904
b00000000000110101110100110001100 c
b00100011001101010010001100110110 f
b00000000000110101110100110001101 16
#2905
b00000000000110101110100110001101 c
b00100011001101010010001100110101 f
b00000000000110101110100110001110 16
#2906
b00000000000110101110100110001110 c
b00100011001101100010001000110111 f
b00000000000110101110100110001111 16
#2907
b00000000000110101110100110001111 c
b00100011001101010010001100110110 f
b00000000000110101110100110010000 16
#2908
b00000000000110101110100110010000 c
b00100011001101000010001000111000 f
b00000000000110101110100110010001 16
#2909
b00000000000110101110100110010001 c
b00100011001110010010001000111000 f
b00000000000110101110100110010010 16
#2910
b00000000000110101110100110010010 c
b00100001001101000010001000110111 f
b00000000000110101110100110010011 16
#2911
b00000000000110101110100110010011 c
b00100010001101110010001100111001 f
b00000000000110101110100110010100 16
#2912
b00000000000110101110100110010100 c
b00100100001101110010010000110111 f
b00000000000110101110100110010101 16
#2913
b00000000000110101110100110010101 c
b00100011001101010010001100111000 f
b00000000000110101110100110010110 16
#2914
b00000000000110101110100110010110 c
b00100100001101010010001100111000 f
b00000000000110101110100110010111 16
#2915
b00000000000110101110100110010111 c
b00100010001101010010010100110110 f
b00000000000110101110100110011000 16
#2916
b00000000000110101110100110011000 c
b00100101001101100010001000110011 f
b00000000000110101110100110011001 16
#2917
b00000000000110101110100110011001 c
b00100100001101010010001100110110 f
b00000000000110101110100110011010 16
#2918
b00000000000110101110100110011010 c
b00100010001101010010001000110101 f
b00000000000110101110100110011011 16
#2919
b00000000000110101110100110011011 c
b00100101001101010010001100110111 f
b00000000000110101110100110011100 16
#2920
b00000000000110101110100110011100 c
b00100011001101110010010000110111 f
b00000000000110101110100110011101 16
#2921
b00000000000110101110100110011101 c
b00100011001100110010001100110110 f
b00000000000110101110100110011110 16
#2922
b00000000000110101110100110011110 c
b00100011001110000010001000110111 f
b00000000000110101110100110011111 16
#2923
b00000000000110101110100110011111 c
b00100011001101010010001000111000 f
b00000000000110101110100110100000 16
#2924
b00000000000110101110100110100000 c
b00100010001101010010001100110111 f
b00000000000110101110100110100001 16
#2925
b00000000000110101110100110100001 c
b00100100001101110010001000110111 f
b00000000000110101110100110100010 16
#2926
b00000000000110101110100110100010 c
b00100011001101010010010000110110 f
b00000000000110101110100110100011 16
#2927
b00000000000110101110100110100011 c
b00100001001101110010000000110110 f
b00000000000110101110100110100100 16
#2928
b00000000000110101110100110100100 c
b00100011001101000010001000111000 f
b00000000000110101110100110100101 16
#2929
b00000000000110101110100110100101 c
b00100011001101100010010000110011 f
b00000000000110101110100110100110 16
#2930
b00000000000110101110100110100110 c
b00100100001101110010001100111001 f
b00000000000110101110100110100111 16
#2931
b00000000000110101110100110100111 c
b00100011001100110010001100110101 f
b00000000000110101110100110101000 16
#2932
b00000000000110101110100110101000 c
b00100001001101110010000100110100 f
b00000000000110101110100110101001 16
#2933
b00000000000110101110100110101001 c
b00100100001101110010001100110101 f
b00000000000110101110100110101010 16
#2934
b00000000000110101110100110101010 c
b00100011001101100010001100110111 f
b00000000000110101110100110101011 16
#2935
b00000000000110101110100110101011 c
b00100011001101110010001100110111 f
b00000000000110101110100110101100 16
#2936
b00000000000110101110100110101100 c
b00100101001110000010001000110111 f
b00000000000110101110100110101101 16
#2937
b00000000000110101110100110101101 c
b00100001001110000010001100110110 f
b00000000000110101110100110101110 16
#2938
b00000000000110101110100110101110 c
b00100011001101100010001100110111 f
b00000000000110101110100110101111 16
#2939
b00000000000110101110100110101111 c
b00100100001101110010001000110101 f
b00000000000110101110100110110000 16
#2940
b00000000000110101110100110110000 c
b00100010001101100010001100110111 f
b00000000000110101110100110110001 16
#2941
b00000000000110101110100110110001 c
b00100011001101110010000100111001 f
b00000000000110101110100110110010 16
#2942
b00000000000110101110100110110010 c
b00100010001101100010010000110110 f
b00000000000110101110100110110011 16
#2943
b00000000000110101110100110110011 c
b00100001001100100010001100110101 f
b00000000000110101110100110110100 16
#2944
b00000000000110101110100110110100 c
b00100011001101000010001100110101 f
b00000000000110101110100110110101 16
#2945
b00000000000110101110100110110101 c
b00100010001101110010001100110100 f
b00000000000110101110100110110110 16
#2946
b00000000000110101110100110110110 c
b00100011001110010010000100110010 f
b00000000000110101110100110110111 16
#2947
b00000000000110101110100110110111 c
b00100011001101110010001100110110 f
b00000000000110101110100110111000 16
#2948
b00000000000110101110100110111000 c
b00100010001110000010001100110111 f
b00000000000110101110100110111001 16
#2949
b00000000000110101110100110111001 c
b00100010001101110010000100110111 f
b00000000000110101110100110111010 16
#2950
b00000000000110101110100110111010 c
b00100011001101010010001100110100 f
b00000000000110101110100110111011 16
#2951
b00000000000110101110100110111011 c
b00100001001101010010001100110011 f
b00000000000110101110100110111100 16
#2952
b00000000000110101110100110111100 c
b00100001001100110010000100110101 f
b00000000000110101110100110111101 16
#2953
b00000000000110101110100110111101 c
b00000000000110101110100110111110 16
#2954
b00000000000110101110100110111110 c
b00100000001100110010000100110010 f
b00000000000110101110100110111111 16
#2955
b00000000000110101110100110111111 c
b00100001001100010010000100110010 f
b00000000000110101110100111000000 16
#2956
b00000000000110101110100111000000 c
b00100010001100010010000000110010 f
b00000000000110101110100111000001 16
#2957
b00000000000110101110100111000001 c
b00100000001100110010000100110101 f
b00000000000110101110100111000010 16
#2958
b00000000000110101110100111000010 c
b00100000001101000010000000110001 f
b00000000000110101110100111000011 16
#2959
b00000000000110101110100111000011 c
b00011111001100010010000100110011 f
b00000000000110101110100111000100 16
#2960
b00000000000110101110100111000100 c
b00011111001100010010000000110000 f
b00000000000110101110100111000101 16
#2961
b00000000000110101110100111000101 c
b00100000001100000010000100110010 f
b00000000000110101110100111000110 16
#2962
b00000000000110101110100111000110 c
b00011111001100110010000100110011 f
b00000000000110101110100111000111 16
#2963
b00000000000110101110100111000111 c
b00100001001100010010000000110000 f
b00000000000110101110100111001000 16
#2964
b00000000000110101110100111001000 c
b00100000001011110001111100110000 f
b00000000000110101110100111001001 16
#2965
b00000000000110101110100111001001 c
b00011110001011100010000000110001 f
b00000000000110101110100111001010 16
#2966
b00000000000110101110100111001010 c
b00100001001100110010000000101110 f
b00000000000110101110100111001011 16
#2967
b00000000000110101110100111001011 c
b00100010001100100010001000110010 f
b00000000000110101110100111001100 16
#2968
b00000000000110101110100111001100 c
b00100001001100100010001000110100 f
b00000000000110101110100111001101 16
#2969
b00000000000110101110100111001101 c
b00100010001101100010000100110101 f
b00000000000110101110100111001110 16
#2970
b00000000000110101110100111001110 c
b00100011001100110010001000110110 f
b00000000000110101110100111001111 16
#2971
b00000000000110101110100111001111 c
b00100001001101010010000100110100 f
b00000000000110101110100111010000 16
#2972
b00000000000110101110100111010000 c
b00100001001100110010001100110110 f
b00000000000110101110100111010001 16
#2973
b00000000000110101110100111010001 c
b00100001001101000010000100110111 f
b00000000000110101110100111010010 16
#2974
b00000000000110101110100111010010 c
b00011111001100110010000100110011 f
b00000000000110101110100111010011 16
#2975
b00000000000110101110100111010011 c
b00100001001100110010001100110011 f
b00000000000110101110100111010100 16
#2976
b00000000000110101110100111010100 c
b00100001001100100010000100110011 f
b00000000000110101110100111010101 16
#2977
b00000000000110101110100111010101 c
b00100010001100110010000100110101 f
b00000000000110101110100111010110 16
#2978
b00000000000110101110100111010110 c
b00100001001100100010000000110001 f
b00000000000110101110100111010111 16
#2979
b00000000000110101110100111010111 c
b00100001001100000010000100101111 f
b00000000000110101110100111011000 16
#2980
b00000000000110101110100111011000 c
b00100001001100010001111000110001 f
b00000000000110101110100111011001 16
#2981
b00000000000110101110100111011001 c
b00011110001100110001111100110011 f
b00000000000110101110100111011010 16
#2982
b00000000000110101110100111011010 c
b00011111001011110010000100110000 f
b00000000000110101110100111011011 16
#2983
b00000000000110101110100111011011 c
b00011111001100010010000000110010 f
b00000000000110101110100111011100 16
#2984
b00000000000110101110100111011100 c
b00100001001100000010000100110011 f
b00000000000110101110100111011101 16
#2985
b00000000000110101110100111011101 c
b00100001001100000010000100110000 f
b00000000000110101110100111011110 16
#2986
b00000000000110101110100111011110 c
b00011111001100110010000000110011 f
b00000000000110101110100111011111 16
#2987
b00000000000110101110100111011111 c
b00011111001100100010000000110011 f
b00000000000110101110100111100000 16
#2988
b00000000000110101110100111100000 c
b00100001001100000010000000110001 f
b00000000000110101110100111100001 16
#2989
b00000000000110101110100111100001 c
b00011111001100000010000000110100 f
b00000000000110101110100111100010 16
#2990
b00000000000110101110100111100010 c
b00100001001100010010000000110011 f
b00000000000110101110100111100011 16
#2991
b00000000000110101110100111100011 c
b00011111001100100010000000110010 f
b00000000000110101110100111100100 16
#2992
b00000000000110101110100111100100 c
b00100001001100010001111100110100 f
b00000000000110101110100111100101 16
#2993
b00000000000110101110100111100101 c
b00100010001101000010000000110010 f
b00000000000110101110100111100110 16
#2994
b00000000000110101110100111100110 c
b00100001001100110010000000110010 f
b00000000000110101110100111100111 16
#2995
b00000000000110101110100111100111 c
b00100000001011110001111100110010 f
b00000000000110101110100111101000 16
#2996
b00000000000110101110100111101000 c
b00011111001100010010000000110010 f
b00000000000110101110100111101001 16
#2997
b00000000000110101110100111101001 c
b00100001001100110001111100110000 f
b00000000000110101110100111101010 16
#2998
b00000000000110101110100111101010 c
b00100001001101000010000100110011 f
b00000000000110101110100111101011 16
#2999
b00000000000110101110100111101011 c
b00100001001101000010000100110010 f
b00000000000110101110100111101100 16
#3000
b00000000000110101110100111101100 c
b00100000001100010010000000110100 f
b00000000000110101110100111101101 16
#3001
b00000000000110101110100111101101 c
b00011111001100110010000000110010 f
b00000000000110101110100111101110 16
#3002
b00000000000110101110100111101110 c
b00100000001100010001111100110001 f
b00000000000110101110100111101111 16
#3003
b00000000000110101110100111101111 c
b00100001001100000001111000110010 f
b00000000000110101110100111110000 16
#3004
b00000000000110101110100111110000 c
b00011111001100000001111100110000 f
b00000000000110101110100111110001 16
#3005
b00000000000110101110100111110001 c
b00100000001100010001111100110000 f
b00000000000110101110100111110010 16
#3006
b00000000000110101110100111110010 c
b00100000001100110010000000110100 f
b00000000000110101110100111110011 16
#3007
b00000000000110101110100111110011 c
b00100001001100010001111100110010 f
b00000000000110101110100111110100 16
#3008
b00000000000110101110100111110100 c
b00100000001100000010000000110011 f
b00000000000110101110100111110101 16
#3009
b00000000000110101110100111110101 c
b00100000001100010010000000101111 f
b00000000000110101110100111110110 16
#3010
b00000000000110101110100111110110 c
b00100000001100000010000100110000 f
b00000000000110101110100111110111 16
#3011
b00000000000110101110100111110111 c
b00011111001100010001111100110010 f
b00000000000110101110100111111000 16
#3012
b00000000000110101110100111111000 c
b00100001001100110010000000110100 f
b00000000000110101110100111111001 16
#3013
b00000000000110101110100111111001 c
b00100000001100110010000100101111 f
b00000000000110101110100111111010 16
#3014
b00000000000110101110100111111010 c
b00100001001100110010000100110010 f
b00000000000110101110100111111011 16
#3015
b00000000000110101110100111111011 c
b00100010001100000010000100110001 f
b00000000000110101110100111111100 16
#3016
b00000000000110101110100111111100 c
b00100001001100100010000100110011 f
b00000000000110101110100111111101 16
#3017
b00000000000110101110100111111101 c
b00100001001100010010000100110000 f
b00000000000110101110100111111110 16
#3018
b00000000000110101110100111111110 c
b00100001001101000010000100110000 f
b00000000000110101110100111111111 16
#3019
b00000000000110101110100111111111 c
b00100001001100010010000100110011 f
b00000000000110101110101000000000 16
#3020
b00000000000110101110101000000000 c
b00100000001100100010000000110011 f
b00000000000110101110101000000001 16
#3021
b00000000000110101110101000000001 c
b00011111001100110010000000110001 f
b00000000000110101110101000000010 16
#3022
b00000000000110101110101000000010 c
b00011111001100110010000000110011 f
b00000000000110101110101000000011 16
#3023
b00000000000110101110101000000011 c
b00100011001100100010000100110011 f
b00000000000110101110101000000100 16
#3024
b00000000000110101110101000000100 c
b00100010001101010010001000110011 f
b00000000000110101110101000000101 16
#3025
b00000000000110101110101000000101 c
b00100011001101000010001000110100 f
b00000000000110101110101000000110 16
#3026
b00000000000110101110101000000110 c
b00100011001101100010001000110111 f
b00000000000110101110101000000111 16
#3027
b00000000000110101110101000000111 c
b00100011001101110010001100110110 f
b00000000000110101110101000001000 16
#3028
b00000000000110101110101000001000 c
b00100100001101110010001100110110 f
b00000000000110101110101000001001 16
#3029
b00000000000110101110101000001001 c
b00100011001100110010001000110111 f
b00000000000110101110101000001010 16
#3030
b00000000000110101110101000001010 c
b00100100001100110010000100110100 f
b00000000000110101110101000001011 16
#3031
b00000000000110101110101000001011 c
b00100011001101100010001000110101 f
b00000000000110101110101000001100 16
#3032
b00000000000110101110101000001100 c
b00100011001101110010000100111000 f
b00000000000110101110101000001101 16
#3033
b00000000000110101110101000001101 c
b00100011001101100010001000110100 f
b00000000000110101110101000001110 16
#3034
b00000000000110101110101000001110 c
b00100001001101000010001100110111 f
b00000000000110101110101000001111 16
#3035
b00000000000110101110101000001111 c
b00100001001101100010010000110011 f
b00000000000110101110101000010000 16
#3036
b00000000000110101110101000010000 c
b00100011001101100010001000110101 f
b00000000000110101110101000010001 16
#3037
b00000000000110101110101000010001 c
b00100011001101010010010100111000 f
b00000000000110101110101000010010 16
#3038
b00000000000110101110101000010010 c
b00100011001101110010010000111000 f
b00000000000110101110101000010011 16
#3039
b00000000000110101110101000010011 c
b00100011001101110010001000110101 f
b00000000000110101110101000010100 16
#3040
b00000000000110101110101000010100 c
b00100100001101010010001100110110 f
b00000000000110101110101000010101 16
#3041
b00000000000110101110101000010101 c
b00100011001110000010000100110111 f
b00000000000110101110101000010110 16
#3042
b00000000000110101110101000010110 c
b00100011001101100010001100111001 f
b00000000000110101110101000010111 16
#3043
b00000000000110101110101000010111 c
b00100010001110000010010000110111 f
b00000000000110101110101000011000 16
#3044
b00000000000110101110101000011000 c
b00100100001110000010001000110101 f
b00000000000110101110101000011001 16
#3045
b00000000000110101110101000011001 c
b00100110001101110010001100110110 f
b00000000000110101110101000011010 16
#3046
b00000000000110101110101000011010 c
b00100001001101100010001100110111 f
b00000000000110101110101000011011 16
#3047
b00000000000110101110101000011011 c
b00100010001110000010010100111000 f
b00000000000110101110101000011100 16
#3048
b00000000000110101110101000011100 c
b00100001001101010010001100111000 f
b00000000000110101110101000011101 16
#3049
b00000000000110101110101000011101 c
b00100101001101110010010100110101 f
b00000000000110101110101000011110 16
#3050
b00000000000110101110101000011110 c
b00100011001110010010010100110110 f
b00000000000110101110101000011111 16
#3051
b00000000000110101110101000011111 c
b00100011001110000010001000110110 f
b00000000000110101110101000100000 16
#3052
b00000000000110101110101000100000 c
b00100011001110010010001100110101 f
b00000000000110101110101000100001 16
#3053
b00000000000110101110101000100001 c
b00100011001101110010001100110111 f
b00000000000110101110101000100010 16
#3054
b00000000000110101110101000100010 c
b00100010001101110010010000110111 f
b00000000000110101110101000100011 16
#3055
b00000000000110101110101000100011 c
b00100101001110010010001100110111 f
b00000000000110101110101000100100 16
#3056
b00000000000110101110101000100100 c
b00100101001101000010001000110111 f
b00000000000110101110101000100101 16
#3057
b00000000000110101110101000100101 c
b00100011001101010010001100110111 f
b00000000000110101110101000100110 16
#3058
b00000000000110101110101000100110 c
b00100101001110010010001100110111 f
b00000000000110101110101000100111 16
#3059
b00000000000110101110101000100111 c
b00100011001110110010001000111001 f
b00000000000110101110101000101000 16
#3060
b00000000000110101110101000101000 c
b00100110001101110010010000110111 f
b00000000000110101110101000101001 16
#3061
b00000000000110101110101000101001 c
b00100011001101110010001100111001 f
b00000000000110101110101000101010 16
#3062
b00000000000110101110101000101010 c
b00100100001110100010001000110111 f
b00000000000110101110101000101011 16
#3063
b00000000000110101110101000101011 c
b00100100001110000010001000111000 f
b00000000000110101110101000101100 16
#3064
b00000000000110101110101000101100 c
b00100011001101100010010100111000 f
b00000000000110101110101000101101 16
#3065
b00000000000110101110101000101101 c
b00100011001110000010010000110101 f
b00000000000110101110101000101110 16
#3066
b00000000000110101110101000101110 c
b00100100001110000010000100110101 f
b00000000000110101110101000101111 16
#3067
b00000000000110101110101000101111 c
b00100010001101110010001100110111 f
b00000000000110101110101000110000 16
#3068
b00000000000110101110101000110000 c
b00100100001110100010001100111000 f
b00000000000110101110101000110001 16
#3069
b00000000000110101110101000110001 c
b00100011001110110010001100111011 f
b00000000000110101110101000110010 16
#3070
b00000000000110101110101000110010 c
b00100011001101100010001000111001 f
b00000000000110101110101000110011 16
#3071
b00000000000110101110101000110011 c
b00100101001101110010001100111000 f
b00000000000110101110101000110100 16
#3072
b00000000000110101110101000110100 c
b00100011001101010010001100111001 f
b00000000000110101110101000110101 16
#3073
b00000000000110101110101000110101 c
b00100100001110100010001100110111 f
b00000000000110101110101000110110 16
#3074
b00000000000110101110101000110110 c
b00100100001101100010010000111011 f
b00000000000110101110101000110111 16
#3075
b00000000000110101110101000110111 c
b00100010001101110010010100110111 f
b00000000000110101110101000111000 16
#3076
b00000000000110101110101000111000 c
b00100010001110010010001000110111 f
b00000000000110101110101000111001 16
#3077
b00000000000110101110101000111001 c
b00100010001101010010001000110101 f
b00000000000110101110101000111010 16
#3078
b00000000000110101110101000111010 c
b00100011001101110010001100110111 f
b00000000000110101110101000111011 16
#3079
b00000000000110101110101000111011 c
b00100011001110010010001000110101 f
b00000000000110101110101000111100 16
#3080
b00000000000110101110101000111100 c
b00100011001110010010001100110111 f
b00000000000110101110101000111101 16
#3081
b00000000000110101110101000111101 c
b00100010001110000010010000111011 f
b00000000000110101110101000111110 16
#3082
b00000000000110101110101000111110 c
b00100100001110110010011000111000 f
b00000000000110101110101000111111 16
#3083
b00000000000110101110101000111111 c
b00100110001110000010011000111001 f
b00000000000110101110101001000000 16
#3084
b00000000000110101110101001000000 c
b00100100001110000010001000111001 f
b00000000000110101110101001000001 16
#3085
b00000000000110101110101001000001 c
b00100011001110110010010000111001 f
b00000000000110101110101001000010 16
#3086
b00000000000110101110101001000010 c
b00100011001110000010010000111011 f
b00000000000110101110101001000011 16
#3087
b00000000000110101110101001000011 c
b00100011001101110010010000111010 f
b00000000000110101110101001000100 16
#3088
b00000000000110101110101001000100 c
b00100011001110110010011000111011 f
b00000000000110101110101001000101 16
#3089
b00000000000110101110101001000101 c
b00100011001101110010001100110111 f
b00000000000110101110101001000110 16
#3090
b00000000000110101110101001000110 c
b00100101001101110010010100111010 f
b00000000000110101110101001000111 16
#3091
b00000000000110101110101001000111 c
b00100101001110100010001100111000 f
b00000000000110101110101001001000 16
#3092
b00000000000110101110101001001000 c
b00100011001110010010010000110111 f
b00000000000110101110101001001001 16
#3093
b00000000000110101110101001001001 c
b00100010001101110010010100111000 f
b00000000000110101110101001001010 16
#3094
b00000000000110101110101001001010 c
b00100100001110010010010000111000 f
b00000000000110101110101001001011 16
#3095
b00000000000110101110101001001011 c
b00100011001110010010010100110111 f
b00000000000110101110101001001100 16
#3096
b00000000000110101110101001001100 c
b00100011001110000010010100111001 f
b00000000000110101110101001001101 16
#3097
b00000000000110101110101001001101 c
b00100100001110010010001100111001 f
b00000000000110101110101001001110 16
#3098
b00000000000110101110101001001110 c
b00100101001110010010001100111000 f
b00000000000110101110101001001111 16
#3099
b00000000000110101110101001001111 c
b00100011001110000010001100111011 f
b00000000000110101110101001010000 16
#3100
b00000000000110101110101001010000 c
b00100100001110110010010000111011 f
b00000000000110101110101001010001 16
#3101
b00000000000110101110101001010001 c
b00100100001110000010010100111001 f
b00000000000110101110101001010010 16
#3102
b00000000000110101110101001010010 c
b00100101001110000010010100111010 f
b00000000000110101110101001010011 16
#3103
b00000000000110101110101001010011 c
b00100100001110010010001000110111 f
b00000000000110101110101001010100 16
#3104
b00000000000110101110101001010100 c
b00100100001110110010001100111010 f
b00000000000110101110101001010101 16
#3105
b00000000000110101110101001010101 c
b00100111001110000010001000111011 f
b00000000000110101110101001010110 16
#3106
b00000000000110101110101001010110 c
b00100011001110010010001000111001 f
b00000000000110101110101001010111 16
#3107
b00000000000110101110101001010111 c
b00100001001110010010011000111010 f
b00000000000110101110101001011000 16
#3108
b00000000000110101110101001011000 c
b00100010001110000010011000111010 f
b00000000000110101110101001011001 16
#3109
b00000000000110101110101001011001 c
b00100011001110010010010100111001 f
b00000000000110101110101001011010 16
#3110
b00000000000110101110101001011010 c
b00100100001101110010001100111011 f
b00000000000110101110101001011011 16
#3111
b00000000000110101110101001011011 c
b00100011001110110010001100111001 f
b00000000000110101110101001011100 16
#3112
b00000000000110101110101001011100 c
b00100010001101110010010000111001 f
b00000000000110101110101001011101 16
#3113
b00000000000110101110101001011101 c
b00100011001101010010001000110111 f
b00000000000110101110101001011110 16
#3114
b00000000000110101110101001011110 c
b00100010001110000010001100110111 f
b00000000000110101110101001011111 16
#3115
b00000000000110101110101001011111 c
b00100011001110010010001100111001 f
b00000000000110101110101001100000 16
#3116
b00000000000110101110101001100000 c
b00100101001110000010001100111001 f
b00000000000110101110101001100001 16
#3117
b00000000000110101110101001100001 c
b00100011001110000010010000111011 f
b00000000000110101110101001100010 16
#3118
b00000000000110101110101001100010 c
b00100010001110010010010000111010 f
b00000000000110101110101001100011 16
#3119
b00000000000110101110101001100011 c
b00100011001110010010010000111011 f
b00000000000110101110101001100100 16
#3120
b00000000000110101110101001100100 c
b00100011001110010010010000111000 f
b00000000000110101110101001100101 16
#3121
b00000000000110101110101001100101 c
b00100100001110010010010000111000 f
b00000000000110101110101001100110 16
#3122
b00000000000110101110101001100110 c
b00100011001110010010010000110111 f
b00000000000110101110101001100111 16
#3123
b00000000000110101110101001100111 c
b00100101001110110010010000111001 f
b00000000000110101110101001101000 16
#3124
b00000000000110101110101001101000 c
b00100100001110100010010100110111 f
b00000000000110101110101001101001 16
#3125
b00000000000110101110101001101001 c
b00100101001110110010001100111001 f
b00000000000110101110101001101010 16
#3126
b00000000000110101110101001101010 c
b00100101001110000010001100111010 f
b00000000000110101110101001101011 16
#3127
b00000000000110101110101001101011 c
b00100101001110010010010100111010 f
b00000000000110101110101001101100 16
#3128
b00000000000110101110101001101100 c
b00100100001110010010010000111001 f
b00000000000110101110101001101101 16
#3129
b00000000000110101110101001101101 c
b00100101001110000010001100111011 f
b00000000000110101110101001101110 16
#3130
b00000000000110101110101001101110 c
b00100100001110010010010000111000 f
b00000000000110101110101001101111 16
#3131
b00000000000110101110101001101111 c
b00100110001101110010010000111010 f
b00000000000110101110101001110000 16
#3132
b00000000000110101110101001110000 c
b00100100001110010010010000111011 f
b00000000000110101110101001110001 16
#3133
b00000000000110101110101001110001 c
b00100110001110110010010000111001 f
b00000000000110101110101001110010 16
#3134
b00000000000110101110101001110010 c
b00100100001111000010010100111011 f
b00000000000110101110101001110011 16
#3135
b00000000000110101110101001110011 c
b00100011001110110010010000111001 f
b00000000000110101110101001110100 16
#3136
b00000000000110101110101001110100 c
b00100100001110010010001100111010 f
b00000000000110101110101001110101 16
#3137
b00000000000110101110101001110101 c
b00100100001110110010010100111010 f
b00000000000110101110101001110110 16
#3138
b00000000000110101110101001110110 c
b00100100001110010010010000111010 f
b00000000000110101110101001110111 16
#3139
b00000000000110101110101001110111 c
b00100101001110100010010100111011 f
b00000000000110101110101001111000 16
#3140
b00000000000110101110101001111000 c
b00100011001110010010010100111001 f
b00000000000110101110101001111001 16
#3141
b00000000000110101110101001111001 c
b00100011001110110010010000111100 f
b00000000000110101110101001111010 16
#3142
b00000000000110101110101001111010 c
b00100011001110100010001100111011 f
b00000000000110101110101001111011 16
#3143
b00000000000110101110101001111011 c
b00100011001110110010011000111100 f
b00000000000110101110101001111100 16
#3144
b00000000000110101110101001111100 c
b00100101001110110010001100110111 f
b00000000000110101110101001111101 16
#3145
b00000000000110101110101001111101 c
b00100011001110010010001100111010 f
b00000000000110101110101001111110 16
#3146
b00000000000110101110101001111110 c
b00100100001110010010001000111001 f
b00000000000110101110101001111111 16
#3147
b00000000000110101110101001111111 c
b00100100001110000010010000111011 f
b00000000000110101110101010000000 16
#3148
b00000000000110101110101010000000 c
b00100100001110100010011000111010 f
b00000000000110101110101010000001 16
#3149
b00000000000110101110101010000001 c
b00100100001110010010010100111101 f
b00000000000110101110101010000010 16
#3150
b00000000000110101110101010000010 c
b00100101001110010010011000111100 f
b00000000000110101110101010000011 16
#3151
b00000000000110101110101010000011 c
b00100110001110010010001100111100 f
b00000000000110101110101010000100 16
#3152
b00000000000110101110101010000100 c
b00100100001110100010001100111001 f
b00000000000110101110101010000101 16
#3153
b00000000000110101110101010000101 c
b00100110001110100010010100110111 f
b00000000000110101110101010000110 16
#3154
b00000000000110101110101010000110 c
b00100101001110110010010000111011 f
b00000000000110101110101010000111 16
#3155
b00000000000110101110101010000111 c
b00100110001110110010010100111000 f
b00000000000110101110101010001000 16
#3156
b00000000000110101110101010001000 c
b00100110001110110010001100111001 f
b00000000000110101110101010001001 16
#3157
b00000000000110101110101010001001 c
b00100110001101110010011000111100 f
b00000000000110101110101010001010 16
#3158
b00000000000110101110101010001010 c
b00100101001111010010010100111100 f
b00000000000110101110101010001011 16
#3159
b00000000000110101110101010001011 c
b00100110001111010010011000111011 f
b00000000000110101110101010001100 16
#3160
b00000000000110101110101010001100 c
b00100110001110000010010100111010 f
b00000000000110101110101010001101 16
#3161
b00000000000110101110101010001101 c
b00100011001110100010011000110111 f
b00000000000110101110101010001110 16
#3162
b00000000000110101110101010001110 c
b00100110001110010010010100111001 f
b00000000000110101110101010001111 16
#3163
b00000000000110101110101010001111 c
b00100100001111000010001100110111 f
b00000000000110101110101010010000 16
#3164
b00000000000110101110101010010000 c
b00100101001110100010011000111001 f
b00000000000110101110101010010001 16
#3165
b00000000000110101110101010010001 c
b00100101001110000010010100111011 f
b00000000000110101110101010010010 16
#3166
b00000000000110101110101010010010 c
b00100101001110110010011000111010 f
b00000000000110101110101010010011 16
#3167
b00000000000110101110101010010011 c
b00100011001110110010010000111000 f
b00000000000110101110101010010100 16
#3168
b00000000000110101110101010010100 c
b00100100001110110010010000111000 f
b00000000000110101110101010010101 16
#3169
b00000000000110101110101010010101 c
b00100011001101110010010100111001 f
b00000000000110101110101010010110 16
#3170
b00000000000110101110101010010110 c
b00100101001110110010010100110110 f
b00000000000110101110101010010111 16
#3171
b00000000000110101110101010010111 c
b00100100001110010010001100111001 f
b00000000000110101110101010011000 16
#3172
b00000000000110101110101010011000 c
b00100100001101110010001100111000 f
b00000000000110101110101010011001 16
#3173
b00000000000110101110101010011001 c
b00100100001111010010010000111010 f
b00000000000110101110101010011010 16
#3174
b00000000000110101110101010011010 c
b00100101001110010010010000111100 f
b00000000000110101110101010011011 16
#3175
b00000000000110101110101010011011 c
b00100011001110010010010000111001 f
b00000000000110101110101010011100 16
#3176
b00000000000110101110101010011100 c
b00100011001101110010010100111011 f
b00000000000110101110101010011101 16
#3177
b00000000000110101110101010011101 c
b00100011001110000010001100111000 f
b00000000000110101110101010011110 16
#3178
b00000000000110101110101010011110 c
b00100100001110100010010100110111 f
b00000000000110101110101010011111 16
#3179
b00000000000110101110101010011111 c
b00100100001110110010001100111000 f
b00000000000110101110101010100000 16
#3180
b00000000000110101110101010100000 c
b00100011001110000010010100111010 f
b00000000000110101110101010100001 16
#3181
b00000000000110101110101010100001 c
b00100100001110000010010100111001 f
b00000000000110101110101010100010 16
#3182
b00000000000110101110101010100010 c
b00100011001110100010011100111010 f
b00000000000110101110101010100011 16
#3183
b00000000000110101110101010100011 c
b00100011001110110010011000111010 f
b00000000000110101110101010100100 16
#3184
b00000000000110101110101010100100 c
b00100110001110100010010100110111 f
b00000000000110101110101010100101 16
#3185
b00000000000110101110101010100101 c
b00100100001110100010010000111010 f
b00000000000110101110101010100110 16
#3186
b00000000000110101110101010100110 c
b00100011001111010010011000111010 f
b00000000000110101110101010100111 16
#3187
b00000000000110101110101010100111 c
b00100101001110010010010100111101 f
b00000000000110101110101010101000 16
#3188
b00000000000110101110101010101000 c
b00100010001101110010001100111010 f
b00000000000110101110101010101001 16
#3189
b00000000000110101110101010101001 c
b00100101001110000010001100110110 f
b00000000000110101110101010101010 16
#3190
b00000000000110101110101010101010 c
b00100101001110010010010000110110 f
b00000000000110101110101010101011 16
#3191
b00000000000110101110101010101011 c
b00100110001110110010010000111001 f
b00000000000110101110101010101100 16
#3192
b00000000000110101110101010101100 c
b00100100001111000010010100111001 f
b00000000000110101110101010101101 16
#3193
b00000000000110101110101010101101 c
b00100100001110110010011000111001 f
b00000000000110101110101010101110 16
#3194
b00000000000110101110101010101110 c
b00100101001110110010010100111101 f
b00000000000110101110101010101111 16
#3195
b00000000000110101110101010101111 c
b00100011001110000010001100111001 f
b00000000000110101110101010110000 16
#3196
b00000000000110101110101010110000 c
b00100100001101110010010100111011 f
b00000000000110101110101010110001 16
#3197
b00000000000110101110101010110001 c
b00100100001110100010001100111010 f
b00000000000110101110101010110010 16
#3198
b00000000000110101110101010110010 c
b00100011001110100010001100111001 f
b00000000000110101110101010110011 16
#3199
b00000000000110101110101010110011 c
b00100101001111000010001100111001 f
b00000000000110101110101010110100 16
#3200
b00000000000110101110101010110100 c
b00100011001110010010001100111011 f
b00000000000110101110101010110101 16
#3201
b00000000000110101110101010110101 c
b00100011001110100010011000111010 f
b00000000000110101110101010110110 16
#3202
b00000000000110101110101010110110 c
b00100100001110010010001100111010 f
b00000000000110101110101010110111 16
#3203
b00000000000110101110101010110111 c
b00100110001110110010010000111010 f
b00000000000110101110101010111000 16
#3204
b00000000000110101110101010111000 c
b00100101001110100010010000111000 f
b00000000000110101110101010111001 16
#3205
b00000000000110101110101010111001 c
b00100110001110100010001100111010 f
b00000000000110101110101010111010 16
#3206
b00000000000110101110101010111010 c
b00100100001111010010011000111101 f
b00000000000110101110101010111011 16
#3207
b00000000000110101110101010111011 c
b00100100001111010010010100111001 f
b00000000000110101110101010111100 16
#3208
b00000000000110101110101010111100 c
b00100101001110110010011100111011 f
b00000000000110101110101010111101 16
#3209
b00000000000110101110101010111101 c
b00100110001111000010001100111011 f
b00000000000110101110101010111110 16
#3210
b00000000000110101110101010111110 c
b00100101001111110010010100111001 f
b00000000000110101110101010111111 16
#3211
b00000000000110101110101010111111 c
b00100100001110110010011000111010 f
b00000000000110101110101011000000 16
#3212
b00000000000110101110101011000000 c
b00100101001110110010011000111101 f
b00000000000110101110101011000001 16
#3213
b00000000000110101110101011000001 c
b00100110001111010010011000111101 f
b00000000000110101110101011000010 16
#3214
b00000000000110101110101011000010 c
b00100101001111010010010100111011 f
b00000000000110101110101011000011 16
#3215
b00000000000110101110101011000011 c
b00100110001111100010010100111011 f
b00000000000110101110101011000100 16
#3216
b00000000000110101110101011000100 c
b00100111001110100010011000111001 f
b00000000000110101110101011000101 16
#3217
b00000000000110101110101011000101 c
b00100100001110110010011100111011 f
b00000000000110101110101011000110 16
#3218
b00000000000110101110101011000110 c
b00100110001101110010010000111100 f
b00000000000110101110101011000111 16
#3219
b00000000000110101110101011000111 c
b00100100001110100010011000111101 f
b00000000000110101110101011001000 16
#3220
b00000000000110101110101011001000 c
b00100101001111000010100000111011 f
b00000000000110101110101011001001 16
#3221
b00000000000110101110101011001001 c
b00100110001111000010011100111010 f
b00000000000110101110101011001010 16
#3222
b00000000000110101110101011001010 c
b00100110001111000010010100111011 f
b00000000000110101110101011001011 16
#3223
b00000000000110101110101011001011 c
b00100100001111000010011000111011 f
b00000000000110101110101011001100 16
#3224
b00000000000110101110101011001100 c
b00100101001110100010010100111101 f
b00000000000110101110101011001101 16
#3225
b00000000000110101110101011001101 c
b00100110001110110010010000111000 f
b00000000000110101110101011001110 16
#3226
b00000000000110101110101011001110 c
b00100100001110110010011000111011 f
b00000000000110101110101011001111 16
#3227
b00000000000110101110101011001111 c
b00100110001110100010001100111010 f
b00000000000110101110101011010000 16
#3228
b00000000000110101110101011010000 c
b00100100001110010010001100111100 f
b00000000000110101110101011010001 16
#3229
b00000000000110101110101011010001 c
b00100101001111010010011000111011 f
b00000000000110101110101011010010 16
#3230
b00000000000110101110101011010010 c
b00100110001111010010011000111100 f
b00000000000110101110101011010011 16
#3231
b00000000000110101110101011010011 c
b00100111001110110010011000111101 f
b00000000000110101110101011010100 16
#3232
b00000000000110101110101011010100 c
b00100100001110100010010000111110 f
b00000000000110101110101011010101 16
#3233
b00000000000110101110101011010101 c
b00100111001111100010010000111101 f
b00000000000110101110101011010110 16
#3234
b00000000000110101110101011010110 c
b00100110001110110010011100111011 f
b00000000000110101110101011010111 16
#3235
b00000000000110101110101011010111 c
b00100101001111000010011000111001 f
b00000000000110101110101011011000 16
#3236
b00000000000110101110101011011000 c
b00100110001111010010010100111011 f
b00000000000110101110101011011001 16
#3237
b00000000000110101110101011011001 c
b00100011001111000010010100111101 f
b00000000000110101110101011011010 16
#3238
b00000000000110101110101011011010 c
b00100100001111000010010100111110 f
b00000000000110101110101011011011 16
#3239
b00000000000110101110101011011011 c
b00100110001111000010010100111101 f
b00000000000110101110101011011100 16
#3240
b00000000000110101110101011011100 c
b00100111001111000010010000111100 f
b00000000000110101110101011011101 16
#3241
b00000000000110101110101011011101 c
b00100100001110110010011000111101 f
b00000000000110101110101011011110 16
#3242
b00000000000110101110101011011110 c
b00100101001111010010010100111011 f
b00000000000110101110101011011111 16
#3243
b00000000000110101110101011011111 c
b00100101001111010010011000111011 f
b00000000000110101110101011100000 16
#3244
b00000000000110101110101011100000 c
b00100100001111010010100000111101 f
b00000000000110101110101011100001 16
#3245
b00000000000110101110101011100001 c
b00100110001111100010011100111101 f
b00000000000110101110101011100010 16
#3246
b00000000000110101110101011100010 c
b00100101001110110010010100111100 f
011
b00000000000110101110101011100011 16
#3247
b00100100001111010010011000111101 f
b00000000000110101110101011100100 16
#3248
b00000000000110101110101011100101 16
#3249
b00000000000110101110101011100110 16
#3250
111
b00000000000110101110101011100111 16
#3251
b00000000000110101110101011100011 c
b00000000000110101110101011101000 16
#3252
b00000000000110101110101011100100 c
b00100100001110100010011000111100 f
b00000000000110101110101011101001 16
#3253
b00000000000110101110101011100101 c
b00100100001110010010001100111000 f
b00000000000110101110101011101010 16
#3254
b00000000000110101110101011100110 c
b00100101001111010010001100111010 f
b00000000000110101110101011101011 16
#3255
b00000000000110101110101011100111 c
b00100110001110010010011000111011 f
b00000000000110101110101011101100 16
#3256
b00000000000110101110101011101000 c
b00100110001111010010011100111101 f
b00000000000110101110101011101101 16
#3257
b00000000000110101110101011101001 c
b00100100001110110010011000111011 f
b00000000000110101110101011101110 16
#3258
b00000000000110101110101011101010 c
b00100100001110100010011100111011 f
b00000000000110101110101011101111 16
#3259
b00000000000110101110101011101011 c
b00100110001110110010011000111101 f
b00000000000110101110101011110000 16
#3260
b00000000000110101110101011101100 c
b00100101001111000010010000111010 f
b00000000000110101110101011110001 16
#3261
b00000000000110101110101011101101 c
b00100100001110110010010000111010 f
b00000000000110101110101011110010 16
#3262
b00000000000110101110101011101110 c
b00100110001110010010011000111101 f
b00000000000110101110101011110011 16
#3263
b00000000000110101110101011101111 c
b00100100001110100010011100111010 f
b00000000000110101110101011110100 16
#3264
b00000000000110101110101011110000 c
b00101010001110110010010000111010 f
b00000000000110101110101011110101 16
#3265
b00000000000110101110101011110001 c
b00100101001110110010010100111100 f
b00000000000110101110101011110110 16
#3266
b00000000000110101110101011110010 c
b00100101001111010010011100111011 f
b00000000000110101110101011110111 16
#3267
b00000000000110101110101011110011 c
b00100110001111000010011000111111 f
b00000000000110101110101011111000 16
#3268
b00000000000110101110101011110100 c
b00100101001111100010011100111111 f
b00000000000110101110101011111001 16
#3269
b00000000000110101110101011110101 c
b00100100001111000010010100111011 f
b00000000000110101110101011111010 16
#3270
b00000000000110101110101011110110 c
b00100100001110110010011000111010 f
b00000000000110101110101011111011 16
#3271
b00000000000110101110101011110111 c
b00100101001111010010010100111010 f
b00000000000110101110101011111100 16
#3272
b00000000000110101110101011111000 c
b00101000001111010010011000111011 f
b00000000000110101110101011111101 16
#3273
b00000000000110101110101011111001 c
b00100110001111010010011100111011 f
b00000000000110101110101011111110 16
#3274
b00000000000110101110101011111010 c
b00100110001111100010010100111110 f
b00000000000110101110101011111111 16
#3275
b00000000000110101110101011111011 c
b00100111001111000010001100111100 f
b00000000000110101110101100000000 16
#3276
b00000000000110101110101011111100 c
b00100100001111010010010100111011 f
b00000000000110101110101100000001 16
#3277
b00000000000110101110101011111101 c
b00100111001110110010011000111101 f
b00000000000110101110101100000010 16
#3278
b00000000000110101110101011111110 c
b00100110001110110010010100111101 f
b00000000000110101110101100000011 16
#3279
b00000000000110101110101011111111 c
b00100100010000000010011000111100 f
b00000000000110101110101100000100 16
#3280
b00000000000110101110101100000000 c
b00100101001111000010011001000001 f
b00000000000110101110101100000101 16
#3281
b00000000000110101110101100000001 c
b00100101001111000010010000111101 f
b00000000000110101110101100000110 16
#3282
b00000000000110101110101100000010 c
b00100101001111000010011100111100 f
b00000000000110101110101100000111 16
#3283
b00000000000110101110101100000011 c
b00100110001110100010001000111011 f
b00000000000110101110101100001000 16
#3284
b00000000000110101110101100000100 c
b00100101010000000010010100111011 f
b00000000000110101110101100001001 16
#3285
b00000000000110101110101100000101 c
b00100101001110100010010100111101 f
b00000000000110101110101100001010 16
#3286
b00000000000110101110101100000110 c
b00100110001111100010011000111011 f
b00000000000110101110101100001011 16
#3287
b00000000000110101110101100000111 c
b00100110001111100010010100111011 f
b00000000000110101110101100001100 16
#3288
b00000000000110101110101100001000 c
b00100111001111010010010100111101 f
b00000000000110101110101100001101 16
#3289
b00000000000110101110101100001001 c
b00100110001110110010011000111011 f
b00000000000110101110101100001110 16
#3290
b00000000000110101110101100001010 c
b00100101001110110010010100111100 f
b00000000000110101110101100001111 16
#3291
b00000000000110101110101100001011 c
b00101000001111100010011100111011 f
b00000000000110101110101100010000 16
#3292
b00000000000110101110101100001100 c
b00100111010000000010100000111011 f
b00000000000110101110101100010001 16
#3293
b00000000000110101110101100001101 c
b00100101001110100010010100111110 f
b00000000000110101110101100010010 16
#3294
b00000000000110101110101100001110 c
b00100110001110110010010000111100 f
b00000000000110101110101100010011 16
#3295
b00000000000110101110101100001111 c
b00100110001110100010011100111101 f
b00000000000110101110101100010100 16
#3296
b00000000000110101110101100010000 c
b00100111001111010010011000111110 f
b00000000000110101110101100010101 16
#3297
b00000000000110101110101100010001 c
b00100101001111010010011100111110 f
b00000000000110101110101100010110 16
#3298
b00000000000110101110101100010010 c
b00100110001111010010011000111110 f
b00000000000110101110101100010111 16
#3299
b00000000000110101110101100010011 c
b00100101001110100010010100111011 f
b00000000000110101110101100011000 16
#3300
b00000000000110101110101100010100 c
b00100101001111000010011000111000 f
b00000000000110101110101100011001 16
#3301
b00000000000110101110101100010101 c
b00100100001110100010010100111110 f
b00000000000110101110101100011010 16
#3302
b00000000000110101110101100010110 c
b00100110001110110010001100111100 f
b00000000000110101110101100011011 16
#3303
b00000000000110101110101100010111 c
b00100111001110010010010100111100 f
b00000000000110101110101100011100 16
#3304
b00000000000110101110101100011000 c
b00100110001111000010011000111110 f
b00000000000110101110101100011101 16
#3305
b00000000000110101110101100011001 c
b00100101001111010010010100111101 f
b00000000000110101110101100011110 16
#3306
b00000000000110101110101100011010 c
b00100111001110110010010100111100 f
b00000000000110101110101100011111 16
#3307
b00000000000110101110101100011011 c
b00100111001111100010010100111011 f
b00000000000110101110101100100000 16
#3308
b00000000000110101110101100011100 c
b00100111001111100010011000111100 f
b00000000000110101110101100100001 16
#3309
b00000000000110101110101100011101 c
b00100110001111110010010000111101 f
b00000000000110101110101100100010 16
#3310
b00000000000110101110101100011110 c
b00100100001111100010011000111111 f
b00000000000110101110101100100011 16
#3311
b00000000000110101110101100011111 c
b00100100001111010010011000111100 f
b00000000000110101110101100100100 16
#3312
b00000000000110101110101100100000 c
b00101000001111010010010000111110 f
b00000000000110101110101100100101 16
#3313
b00000000000110101110101100100001 c
b00100110001111000010011000111110 f
b00000000000110101110101100100110 16
#3314
b00000000000110101110101100100010 c
b00100101001101110010011000111100 f
b00000000000110101110101100100111 16
#3315
b00000000000110101110101100100011 c
b00100110001111000010010000111010 f
b00000000000110101110101100101000 16
#3316
b00000000000110101110101100100100 c
b00100110001111010010010000111011 f
b00000000000110101110101100101001 16
#3317
b00000000000110101110101100100101 c
b00100110001111010010011000111101 f
b00000000000110101110101100101010 16
#3318
b00000000000110101110101100100110 c
b00100110001111010010010100111100 f
b00000000000110101110101100101011 16
#3319
b00000000000110101110101100100111 c
b00100101001110110010011001000000 f
b00000000000110101110101100101100 16
#3320
b00000000000110101110101100101000 c
b00100110001111000010011000111011 f
b00000000000110101110101100101101 16
#3321
b00000000000110101110101100101001 c
b00100101001111110010011000111011 f
b00000000000110101110101100101110 16
#3322
b00000000000110101110101100101010 c
b00100111001111000010011000111011 f
b00000000000110101110101100101111 16
#3323
b00000000000110101110101100101011 c
b00100101001111000010010100111111 f
b00000000000110101110101100110000 16
#3324
b00000000000110101110101100101100 c
b00100101001110110010010100111011 f
b00000000000110101110101100110001 16
#3325
b00000000000110101110101100101101 c
b00100101001110110010010100111010 f
b00000000000110101110101100110010 16
#3326
b00000000000110101110101100101110 c
b00100100001111010010011000111101 f
b00000000000110101110101100110011 16
#3327
b00000000000110101110101100101111 c
b00100110001111100010010100111101 f
b00000000000110101110101100110100 16
#3328
b00000000000110101110101100110000 c
b00100110001111100010010100111110 f
b00000000000110101110101100110101 16
#3329
b00000000000110101110101100110001 c
b00100111001111100010100000111101 f
b00000000000110101110101100110110 16
#3330
b00000000000110101110101100110010 c
b00100110001110110010011000111101 f
b00000000000110101110101100110111 16
#3331
b00000000000110101110101100110011 c
b00100110001111010010011000111010 f
b00000000000110101110101100111000 16
#3332
b00000000000110101110101100110100 c
b00100111001111010010011000111110 f
b00000000000110101110101100111001 16
#3333
b00000000000110101110101100110101 c
b00100110001110110010011000111101 f
b00000000000110101110101100111010 16
#3334
b00000000000110101110101100110110 c
b00101000001110010010010000111010 f
b00000000000110101110101100111011 16
#3335
b00000000000110101110101100110111 c
b00100110001110110010011100111110 f
b00000000000110101110101100111100 16
#3336
b00000000000110101110101100111000 c
b00100011001111100010011001000000 f
b00000000000110101110101100111101 16
#3337
b00000000000110101110101100111001 c
b00100111001110100010011000111110 f
b00000000000110101110101100111110 16
#3338
b00000000000110101110101100111010 c
b00100101001111010010001100111101 f
b00000000000110101110101100111111 16
#3339
b00000000000110101110101100111011 c
b00100110001111110010011000111110 f
b00000000000110101110101101000000 16
#3340
b00000000000110101110101100111100 c
b00100110001111010010011000111011 f
b00000000000110101110101101000001 16
#3341
b00000000000110101110101100111101 c
b00100100001111100010011100111101 f
b00000000000110101110101101000010 16
#3342
b00000000000110101110101100111110 c
b00100111001111110010011000111101 f
b00000000000110101110101101000011 16
#3343
b00000000000110101110101100111111 c
b00100101001110110010011000111111 f
b00000000000110101110101101000100 16
#3344
b00000000000110101110101101000000 c
b00100010001110000010001100111101 f
b00000000000110101110101101000101 16
#3345
b00000000000110101110101101000001 c
b00100001001100110010000100110110 f
b00000000000110101110101101000110 16
#3346
b00000000000110101110101101000010 c
b00100101001111000010001000110111 f
b00000000000110101110101101000111 16
#3347
b00000000000110101110101101000011 c
b00100101001110110010010000111001 f
b00000000000110101110101101001000 16
#3348
b00000000000110101110101101000100 c
b00100100001110110010011001000000 f
b00000000000110101110101101001001 16
#3349
b00000000000110101110101101000101 c
b00100110001111010010010100111100 f
b00000000000110101110101101001010 16
#3350
b00000000000110101110101101000110 c
b00100111001111100010010100111101 f
b00000000000110101110101101001011 16
#3351
b00000000000110101110101101000111 c
b00100110001111110010010000111101 f
b00000000000110101110101101001100 16
#3352
b00000000000110101110101101001000 c
b00100110001111010010100000111111 f
b00000000000110101110101101001101 16
#3353
b00000000000110101110101101001001 c
b00100110001110110010010101000000 f
b00000000000110101110101101001110 16
#3354
b00000000000110101110101101001010 c
b00100011001111010010010100111110 f
b00000000000110101110101101001111 16
#3355
b00000000000110101110101101001011 c
b00100100001110110010010000111001 f
b00000000000110101110101101010000 16
#3356
b00000000000110101110101101001100 c
b00100111001110100010010100111011 f
b00000000000110101110101101010001 16
#3357
b00000000000110101110101101001101 c
b00100111001111000010011000111101 f
b00000000000110101110101101010010 16
#3358
b00000000000110101110101101001110 c
b00100110001111100010011000111111 f
b00000000000110101110101101010011 16
#3359
b00000000000110101110101101001111 c
b00100101001111110010010101000000 f
b00000000000110101110101101010100 16
#3360
b00000000000110101110101101010000 c
b00100110001111100010011000111110 f
b00000000000110101110101101010101 16
#3361
b00000000000110101110101101010001 c
b00100100001110100010011100111011 f
b00000000000110101110101101010110 16
#3362
b00000000000110101110101101010010 c
b00100110001111000010010100111111 f
b00000000000110101110101101010111 16
#3363
b00000000000110101110101101010011 c
b00100111001111010010011000111111 f
b00000000000110101110101101011000 16
#3364
b00000000000110101110101101010100 c
b00100110001111000010010001000000 f
b00000000000110101110101101011001 16
#3365
b00000000000110101110101101010101 c
b00100100001111100010100000111011 f
b00000000000110101110101101011010 16
#3366
b00000000000110101110101101010110 c
b00100110001110110010011100111101 f
b00000000000110101110101101011011 16
#3367
b00000000000110101110101101010111 c
b00100101001111000010010100111001 f
b00000000000110101110101101011100 16
#3368
b00000000000110101110101101011000 c
b00100101010000000010011100111101 f
b00000000000110101110101101011101 16
#3369
b00000000000110101110101101011001 c
b00100111001111100010011000111110 f
b00000000000110101110101101011110 16
#3370
b00000000000110101110101101011010 c
b00100110001110110010011000111101 f
b00000000000110101110101101011111 16
#3371
b00000000000110101110101101011011 c
b00100101001111010010011000111100 f
b00000000000110101110101101100000 16
#3372
b00000000000110101110101101011100 c
b00100110001111000010001100111010 f
b00000000000110101110101101100001 16
#3373
b00000000000110101110101101011101 c
b00100101001110110010011000111101 f
b00000000000110101110101101100010 16
#3374
b00000000000110101110101101011110 c
b00100110001110110010011000111100 f
b00000000000110101110101101100011 16
#3375
b00000000000110101110101101011111 c
b00100111001111010010010000111110 f
b00000000000110101110101101100100 16
#3376
b00000000000110101110101101100000 c
b00100110001111110010011000111111 f
b00000000000110101110101101100101 16
#3377
b00000000000110101110101101100001 c
b00100110001111110010011000111100 f
b00000000000110101110101101100110 16
#3378
b00000000000110101110101101100010 c
b00100101001111110010010100111101 f
b00000000000110101110101101100111 16
#3379
b00000000000110101110101101100011 c
b00100110001111000010010000111100 f
b00000000000110101110101101101000 16
#3380
b00000000000110101110101101100100 c
b00100111001111100010011100111011 f
b00000000000110101110101101101001 16
#3381
b00000000000110101110101101100101 c
b00100111001111100010010100111110 f
b00000000000110101110101101101010 16
#3382
b00000000000110101110101101100110 c
b00100100001111100010010100111101 f
b00000000000110101110101101101011 16
#3383
b00000000000110101110101101100111 c
b00100110001111010010011000111100 f
b00000000000110101110101101101100 16
#3384
b00000000000110101110101101101000 c
b00100101001111010010100001000000 f
b00000000000110101110101101101101 16
#3385
b00000000000110101110101101101001 c
b00100100001110110010010000111100 f
b00000000000110101110101101101110 16
#3386
b00000000000110101110101101101010 c
b00100101001111010010011000111011 f
b00000000000110101110101101101111 16
#3387
b00000000000110101110101101101011 c
b00101000001111000010010100111100 f
b00000000000110101110101101110000 16
#3388
b00000000000110101110101101101100 c
b00100110001111100010010100111100 f
b00000000000110101110101101110001 16
#3389
b00000000000110101110101101101101 c
b00100110010000000010011101000000 f
b00000000000110101110101101110010 16
#3390
b00000000000110101110101101101110 c
b00100110001111100010011001000000 f
b00000000000110101110101101110011 16
#3391
b00000000000110101110101101101111 c
b00100101001111010010011101000000 f
b00000000000110101110101101110100 16
#3392
b00000000000110101110101101110000 c
b00100110001110010010010100111100 f
b00000000000110101110101101110101 16
#3393
b00000000000110101110101101110001 c
b00100110001111000010010001000001 f
b00000000000110101110101101110110 16
#3394
b00000000000110101110101101110010 c
b00100111001111010010011000111110 f
b00000000000110101110101101110111 16
#3395
b00000000000110101110101101110011 c
b00100110001111110010011000111100 f
b00000000000110101110101101111000 16
#3396
b00000000000110101110101101110100 c
b00100111001111010010100001000001 f
b00000000000110101110101101111001 16
#3397
b00000000000110101110101101110101 c
b00101000001111110010011000111110 f
b00000000000110101110101101111010 16
#3398
b00000000000110101110101101110110 c
b00100111001111010010010101000000 f
b00000000000110101110101101111011 16
#3399
b00000000000110101110101101110111 c
b00100110001111000010011100111101 f
b00000000000110101110101101111100 16
#3400
b00000000000110101110101101111000 c
b00100101001110110010010100111110 f
b00000000000110101110101101111101 16
#3401
b00000000000110101110101101111001 c
b00100110001111000010010100111101 f
b00000000000110101110101101111110 16
#3402
b00000000000110101110101101111010 c
b00100110001111110010010000111101 f
b00000000000110101110101101111111 16
#3403
b00000000000110101110101101111011 c
b00100110001111010010011000111111 f
b00000000000110101110101110000000 16
#3404
b00000000000110101110101101111100 c
b00101000010000000010011000111011 f
b00000000000110101110101110000001 16
#3405
b00000000000110101110101101111101 c
b00100110010000000010010100111101 f
b00000000000110101110101110000010 16
#3406
b00000000000110101110101101111110 c
b00100110010000000010011100111111 f
b00000000000110101110101110000011 16
#3407
b00000000000110101110101101111111 c
b00100111001111110010100000111101 f
b00000000000110101110101110000100 16
#3408
b00000000000110101110101110000000 c
b00100110001111010010011100111101 f
b00000000000110101110101110000101 16
#3409
b00000000000110101110101110000001 c
b00100111001111100010010100111110 f
b00000000000110101110101110000110 16
#3410
b00000000000110101110101110000010 c
b00100111001111110010010100111111 f
b00000000000110101110101110000111 16
#3411
b00000000000110101110101110000011 c
b00100110010000010010011101000000 f
b00000000000110101110101110001000 16
#3412
b00000000000110101110101110000100 c
b00100110001111110010011100111110 f
b00000000000110101110101110001001 16
#3413
b00000000000110101110101110000101 c
b00100110010000000010010001000001 f
b00000000000110101110101110001010 16
#3414
b00000000000110101110101110000110 c
b00100110001111000010100000111111 f
b00000000000110101110101110001011 16
#3415
b00000000000110101110101110000111 c
b00100111001111010010100101000000 f
b00000000000110101110101110001100 16
#3416
b00000000000110101110101110001000 c
b00100111001111010010011000111110 f
b00000000000110101110101110001101 16
#3417
b00000000000110101110101110001001 c
b00100101010000000010100000111110 f
b00000000000110101110101110001110 16
#3418
b00000000000110101110101110001010 c
b00101000010000100010011101000001 f
b00000000000110101110101110001111 16
#3419
b00000000000110101110101110001011 c
b00101000010000010010011100111111 f
b00000000000110101110101110010000 16
#3420
b00000000000110101110101110001100 c
b00100111001111000010011001000001 f
b00000000000110101110101110010001 16
#3421
b00000000000110101110101110001101 c
b00100111001111010010011100111111 f
b00000000000110101110101110010010 16
#3422
b00000000000110101110101110001110 c
b00100111010000010010011100111101 f
b00000000000110101110101110010011 16
#3423
b00000000000110101110101110001111 c
b00101000001111110010100100111110 f
b00000000000110101110101110010100 16
#3424
b00000000000110101110101110010000 c
b00100111010000000010011100111110 f
b00000000000110101110101110010101 16
#3425
b00000000000110101110101110010001 c
b00100110001111100010011000111101 f
b00000000000110101110101110010110 16
#3426
b00000000000110101110101110010010 c
b00101000010000000010011001000000 f
b00000000000110101110101110010111 16
#3427
b00000000000110101110101110010011 c
b00100110001111100010100100111111 f
b00000000000110101110101110011000 16
#3428
b00000000000110101110101110010100 c
b00100111010000000010100101000000 f
b00000000000110101110101110011001 16
#3429
b00000000000110101110101110010101 c
b00100110001111000010011101000000 f
b00000000000110101110101110011010 16
#3430
b00000000000110101110101110010110 c
b00100101001111100010011100111011 f
b00000000000110101110101110011011 16
#3431
b00000000000110101110101110010111 c
b00100110001111100010011100111110 f
b00000000000110101110101110011100 16
#3432
b00000000000110101110101110011000 c
b00100110001111110010011100111101 f
b00000000000110101110101110011101 16
#3433
b00000000000110101110101110011001 c
b00101000010000100010011100111111 f
b00000000000110101110101110011110 16
#3434
b00000000000110101110101110011010 c
b00100110010000000010100001000000 f
b00000000000110101110101110011111 16
#3435
b00000000000110101110101110011011 c
b00101000010000100010011001000010 f
b00000000000110101110101110100000 16
#3436
b00000000000110101110101110011100 c
b00100111010000010010100100111111 f
b00000000000110101110101110100001 16
#3437
b00000000000110101110101110011101 c
b00101001010000100010100001000001 f
b00000000000110101110101110100010 16
#3438
b00000000000110101110101110011110 c
b00101000001111100010100001000000 f
b00000000000110101110101110100011 16
#3439
b00000000000110101110101110011111 c
b00100111001111110010011000111111 f
b00000000000110101110101110100100 16
#3440
b00000000000110101110101110100000 c
b00101010001111110010100001000000 f
b00000000000110101110101110100101 16
#3441
b00000000000110101110101110100001 c
b00101000010001000010100100111101 f
b00000000000110101110101110100110 16
#3442
b00000000000110101110101110100010 c
b00101000010000100010011101000000 f
b00000000000110101110101110100111 16
#3443
b00000000000110101110101110100011 c
b00101000010000000010100001000010 f
b00000000000110101110101110101000 16
#3444
b00000000000110101110101110100100 c
b00101010010000100010100001000001 f
b00000000000110101110101110101001 16
#3445
b00000000000110101110101110100101 c
b00100110010000100010011000111111 f
b00000000000110101110101110101010 16
#3446
b00000000000110101110101110100110 c
b00101011010000100010100001000000 f
b00000000000110101110101110101011 16
#3447
b00000000000110101110101110100111 c
b00101000010000000010100001000000 f
b00000000000110101110101110101100 16
#3448
b00000000000110101110101110101000 c
b00100110010000000010010101000000 f
b00000000000110101110101110101101 16
#3449
b00000000000110101110101110101001 c
b00100111001111110010100000111101 f
b00000000000110101110101110101110 16
#3450
b00000000000110101110101110101010 c
b00101000010000000010011000111101 f
b00000000000110101110101110101111 16
#3451
b00000000000110101110101110101011 c
b00100110001111010010011001000000 f
b00000000000110101110101110110000 16
#3452
b00000000000110101110101110101100 c
b00100110001111110010100100111101 f
b00000000000110101110101110110001 16
#3453
b00000000000110101110101110101101 c
b00101000001111100010100001000000 f
b00000000000110101110101110110010 16
#3454
b00000000000110101110101110101110 c
b00101000010000100010011101000000 f
b00000000000110101110101110110011 16
#3455
b00000000000110101110101110101111 c
b00101000010000100010101001000000 f
b00000000000110101110101110110100 16
#3456
b00000000000110101110101110110000 c
b00101001010000010010100101000101 f
b00000000000110101110101110110101 16
#3457
b00000000000110101110101110110001 c
b00100111010000000010100000111110 f
b00000000000110101110101110110110 16
#3458
b00000000000110101110101110110010 c
b00101000010000000010011101000010 f
b00000000000110101110101110110111 16
#3459
b00000000000110101110101110110011 c
b00101000010000100010100001000010 f
b00000000000110101110101110111000 16
#3460
b00000000000110101110101110110100 c
b00100111010000000010100001000010 f
b00000000000110101110101110111001 16
#3461
b00000000000110101110101110110101 c
b00100111010000010010011100111111 f
b00000000000110101110101110111010 16
#3462
b00000000000110101110101110110110 c
b00101001010000000010100000111111 f
b00000000000110101110101110111011 16
#3463
b00000000000110101110101110110111 c
b00101001010000110010100001000000 f
b00000000000110101110101110111100 16
#3464
b00000000000110101110101110111000 c
b00101001010000100010100101000001 f
b00000000000110101110101110111101 16
#3465
b00000000000110101110101110111001 c
b00100111001111110010100001000010 f
b00000000000110101110101110111110 16
#3466
b00000000000110101110101110111010 c
b00101000010000100010011101000001 f
b00000000000110101110101110111111 16
#3467
b00000000000110101110101110111011 c
b00100111010000010010101001000010 f
b00000000000110101110101111000000 16
#3468
b00000000000110101110101110111100 c
b00100111010000100010100001000010 f
b00000000000110101110101111000001 16
#3469
b00000000000110101110101110111101 c
b00100111010000010010100001000011 f
b00000000000110101110101111000010 16
#3470
b00000000000110101110101110111110 c
b00101000010000100010100101000010 f
b00000000000110101110101111000011 16
#3471
b00000000000110101110101110111111 c
b00101000010000100010100100111110 f
b00000000000110101110101111000100 16
#3472
b00000000000110101110101111000000 c
b00101000010000000010011101000010 f
b00000000000110101110101111000101 16
#3473
b00000000000110101110101111000001 c
b00101000010000100010011101000001 f
b00000000000110101110101111000110 16
#3474
b00000000000110101110101111000010 c
b00101000010001010010011101000100 f
b00000000000110101110101111000111 16
#3475
b00000000000110101110101111000011 c
b00100111010000110010011101000001 f
b00000000000110101110101111001000 16
#3476
b00000000000110101110101111000100 c
b00100111010000010010101001000100 f
b00000000000110101110101111001001 16
#3477
b00000000000110101110101111000101 c
b00100111010000010010011101000000 f
b00000000000110101110101111001010 16
#3478
b00000000000110101110101111000110 c
b00100100010000010010100000111101 f
b00000000000110101110101111001011 16
#3479
b00000000000110101110101111000111 c
b00100111010000000010011000111010 f
b00000000000110101110101111001100 16
#3480
b00000000000110101110101111001000 c
b00101000010000000010011001000010 f
b00000000000110101110101111001101 16
#3481
b00000000000110101110101111001001 c
b00101000010000000010100001000000 f
b00000000000110101110101111001110 16
#3482
b00000000000110101110101111001010 c
b00101000010000000010100000111111 f
b00000000000110101110101111001111 16
#3483
b00000000000110101110101111001011 c
b00100110010000000010011001000011 f
b00000000000110101110101111010000 16
#3484
b00000000000110101110101111001100 c
b00101001010000010010011101000010 f
b00000000000110101110101111010001 16
#3485
b00000000000110101110101111001101 c
b00101000010001100010011001000010 f
b00000000000110101110101111010010 16
#3486
b00000000000110101110101111001110 c
b00100110001110100010011000111111 f
b00000000000110101110101111010011 16
#3487
b00000000000110101110101111001111 c
b00100111001111010010011100111110 f
b00000000000110101110101111010100 16
#3488
b00000000000110101110101111010000 c
b00101000010000010010100000111110 f
b00000000000110101110101111010101 16
#3489
b00000000000110101110101111010001 c
b00101001010000100010100001000001 f
b00000000000110101110101111010110 16
#3490
b00000000000110101110101111010010 c
b00100110001111110010011101000100 f
b00000000000110101110101111010111 16
#3491
b00000000000110101110101111010011 c
b00100111010000000010100101000000 f
b00000000000110101110101111011000 16
#3492
b00000000000110101110101111010100 c
b00100110001111010010100000111011 f
b00000000000110101110101111011001 16
#3493
b00000000000110101110101111010101 c
b00100111010000010010011000111111 f
b00000000000110101110101111011010 16
#3494
b00000000000110101110101111010110 c
b00100111010000100010101001000000 f
b00000000000110101110101111011011 16
#3495
b00000000000110101110101111010111 c
b00101001010001000010100001000010 f
b00000000000110101110101111011100 16
#3496
b00000000000110101110101111011000 c
b00100111001111110010101001000000 f
b00000000000110101110101111011101 16
#3497
b00000000000110101110101111011001 c
b00101000010000110010100101000010 f
b00000000000110101110101111011110 16
#3498
b00000000000110101110101111011010 c
b00101000010000010010110001000010 f
b00000000000110101110101111011111 16
#3499
b00000000000110101110101111011011 c
b00101000010000010010100101000010 f
b00000000000110101110101111100000 16
#3500
b00000000000110101110101111011100 c
b00101000010000010010101001000000 f
b00000000000110101110101111100001 16
#3501
b00000000000110101110101111011101 c
b00100110010000100010011101000100 f
b00000000000110101110101111100010 16
#3502
b00000000000110101110101111011110 c
b00101010010000110010101001000100 f
b00000000000110101110101111100011 16
#3503
b00000000000110101110101111011111 c
b00101000010001000010100101000010 f
b00000000000110101110101111100100 16
#3504
b00000000000110101110101111100000 c
b00101001010000110010100101000010 f
b00000000000110101110101111100101 16
#3505
b00000000000110101110101111100001 c
b00101000010000110010100101000100 f
b00000000000110101110101111100110 16
#3506
b00000000000110101110101111100010 c
b00100111010001110010100001000010 f
b00000000000110101110101111100111 16
#3507
b00000000000110101110101111100011 c
b00100110010001000010011101000100 f
b00000000000110101110101111101000 16
#3508
b00000000000110101110101111100100 c
b00100110010000000010100101000001 f
b00000000000110101110101111101001 16
#3509
b00000000000110101110101111100101 c
b00101000010000010010101001000000 f
b00000000000110101110101111101010 16
#3510
b00000000000110101110101111100110 c
b00100111010000110010100101000010 f
b00000000000110101110101111101011 16
#3511
b00000000000110101110101111100111 c
b00101000010000100010101001000100 f
b00000000000110101110101111101100 16
#3512
b00000000000110101110101111101000 c
b00101001010000110010100101000010 f
b00000000000110101110101111101101 16
#3513
b00000000000110101110101111101001 c
b00101010010000110010100101000110 f
b00000000000110101110101111101110 16
#3514
b00000000000110101110101111101010 c
b00101001010000100010100001000011 f
b00000000000110101110101111101111 16
#3515
b00000000000110101110101111101011 c
b00101000010001010010100001000011 f
b00000000000110101110101111110000 16
#3516
b00000000000110101110101111101100 c
b00101001010001000010100001000101 f
b00000000000110101110101111110001 16
#3517
b00000000000110101110101111101101 c
b00101001010001010010100101000001 f
b00000000000110101110101111110010 16
#3518
b00000000000110101110101111101110 c
b00101011010000010010100101000101 f
b00000000000110101110101111110011 16
#3519
b00000000000110101110101111101111 c
b00101000010001000010101101000010 f
b00000000000110101110101111110100 16
#3520
b00000000000110101110101111110000 c
b00101000010000100010100001000011 f
b00000000000110101110101111110101 16
#3521
b00000000000110101110101111110001 c
b00100111010000110010100101000010 f
b00000000000110101110101111110110 16
#3522
b00000000000110101110101111110010 c
b00101011010001000010100101000100 f
b00000000000110101110101111110111 16
#3523
b00000000000110101110101111110011 c
b00101000010001000010100001000011 f
b00000000000110101110101111111000 16
#3524
b00000000000110101110101111110100 c
b00101010010001000010100101000010 f
b00000000000110101110101111111001 16
#3525
b00000000000110101110101111110101 c
b00101001010000100010100001000011 f
b00000000000110101110101111111010 16
#3526
b00000000000110101110101111110110 c
b00101000010001000010100100111111 f
b00000000000110101110101111111011 16
#3527
b00000000000110101110101111110111 c
b00101010010000100010100001000101 f
b00000000000110101110101111111100 16
#3528
b00000000000110101110101111111000 c
b00100111010001100010100001000001 f
b00000000000110101110101111111101 16
#3529
b00000000000110101110101111111001 c
b00101000010001100010101001000011 f
b00000000000110101110101111111110 16
#3530
b00000000000110101110101111111010 c
b00101000010001010010011101000101 f
b00000000000110101110101111111111 16
#3531
b00000000000110101110101111111011 c
b00101011010000100010100001000010 f
b00000000000110101110110000000000 16
#3532
b00000000000110101110101111111100 c
b00101000010000100010101001000100 f
b00000000000110101110110000000001 16
#3533
b00000000000110101110101111111101 c
b00101001010000010010101001000010 f
b00000000000110101110110000000010 16
#3534
b00000000000110101110101111111110 c
b00100110010000000010100001000000 f
b00000000000110101110110000000011 16
#3535
b00000000000110101110101111111111 c
b00100110010000000010011100111111 f
b00000000000110101110110000000100 16
#3536
b00000000000110101110110000000000 c
b00101000010000100010011000111110 f
b00000000000110101110110000000101 16
#3537
b00000000000110101110110000000001 c
b00101000010001000010100001000010 f
b00000000000110101110110000000110 16
#3538
b00000000000110101110110000000010 c
b00101001010000100010101101000100 f
b00000000000110101110110000000111 16
#3539
b00000000000110101110110000000011 c
b00101010010001010010100101000100 f
b00000000000110101110110000001000 16
#3540
b00000000000110101110110000000100 c
b00101001010000010010100000111111 f
b00000000000110101110110000001001 16
#3541
b00000000000110101110110000000101 c
b00101000010000110010100001000001 f
b00000000000110101110110000001010 16
#3542
b00000000000110101110110000000110 c
b00101001010001000010100001000100 f
b00000000000110101110110000001011 16
#3543
b00000000000110101110110000000111 c
b00101000010001000010101001000110 f
b00000000000110101110110000001100 16
#3544
b00000000000110101110110000001000 c
b00101001010001010010110001000011 f
b00000000000110101110110000001101 16
#3545
b00000000000110101110110000001001 c
b00101001010001010010101001000010 f
b00000000000110101110110000001110 16
#3546
b00000000000110101110110000001010 c
b00101011010000100010100101000100 f
b00000000000110101110110000001111 16
#3547
b00000000000110101110110000001011 c
b00101010010001000010100101000011 f
b00000000000110101110110000010000 16
#3548
b00000000000110101110110000001100 c
b00101000010000100010100101000110 f
b00000000000110101110110000010001 16
#3549
b00000000000110101110110000001101 c
b00101011010001010010101001000110 f
b00000000000110101110110000010010 16
#3550
b00000000000110101110110000001110 c
b00101011010001110010100001000100 f
b00000000000110101110110000010011 16
#3551
b00000000000110101110110000001111 c
b00101010010000110010101001000011 f
b00000000000110101110110000010100 16
#3552
b00000000000110101110110000010000 c
b00101000010000100010100001000011 f
b00000000000110101110110000010101 16
#3553
b00000000000110101110110000010001 c
b00101001010000100010100001000010 f
b00000000000110101110110000010110 16
#3554
b00000000000110101110110000010010 c
b00101010010000010010101101000100 f
b00000000000110101110110000010111 16
#3555
b00000000000110101110110000010011 c
b00101000010001000010101001000011 f
b00000000000110101110110000011000 16
#3556
b00000000000110101110110000010100 c
b00101000010000100010100101000100 f
b00000000000110101110110000011001 16
#3557
b00000000000110101110110000010101 c
b00101010010001010010100001000110 f
b00000000000110101110110000011010 16
#3558
b00000000000110101110110000010110 c
b00101010010001000010011101000010 f
b00000000000110101110110000011011 16
#3559
b00000000000110101110110000010111 c
b00101010010000110010101001000010 f
b00000000000110101110110000011100 16
#3560
b00000000000110101110110000011000 c
b00101001010001110010100001000100 f
b00000000000110101110110000011101 16
#3561
b00000000000110101110110000011001 c
b00101001010000110010101001000110 f
b00000000000110101110110000011110 16
#3562
b00000000000110101110110000011010 c
b00101011010001100010110001000100 f
b00000000000110101110110000011111 16
#3563
b00000000000110101110110000011011 c
b00101001010001000010101101000100 f
b00000000000110101110110000100000 16
#3564
b00000000000110101110110000011100 c
b00101010010001010010101101000101 f
b00000000000110101110110000100001 16
#3565
b00000000000110101110110000011101 c
b00101001010010000010101001000011 f
b00000000000110101110110000100010 16
#3566
b00000000000110101110110000011110 c
b00100111010001000010100001000001 f
b00000000000110101110110000100011 16
#3567
b00000000000110101110110000011111 c
b00101100010010000010100101000101 f
b00000000000110101110110000100100 16
#3568
b00000000000110101110110000100000 c
b00101010010001010010101101000101 f
b00000000000110101110110000100101 16
#3569
b00000000000110101110110000100001 c
b00101011010000110010100101000101 f
b00000000000110101110110000100110 16
#3570
b00000000000110101110110000100010 c
b00101011010000110010101101000010 f
b00000000000110101110110000100111 16
#3571
b00000000000110101110110000100011 c
b00101010010001100010101001000101 f
b00000000000110101110110000101000 16
#3572
b00000000000110101110110000100100 c
b00101100010001100010100101000110 f
b00000000000110101110110000101001 16
#3573
b00000000000110101110110000100101 c
b00101100010001000010100101000111 f
b00000000000110101110110000101010 16
#3574
b00000000000110101110110000100110 c
b00101011010001010010101001000110 f
b00000000000110101110110000101011 16
#3575
b00000000000110101110110000100111 c
b00101010010001000010101001000101 f
b00000000000110101110110000101100 16
#3576
b00000000000110101110110000101000 c
b00101010010001000010100101000101 f
b00000000000110101110110000101101 16
#3577
b00000000000110101110110000101001 c
b00101010010001100010101101001000 f
b00000000000110101110110000101110 16
#3578
b00000000000110101110110000101010 c
b00101010010001100010101001000110 f
b00000000000110101110110000101111 16
#3579
b00000000000110101110110000101011 c
b00101010010000110010101001000110 f
b00000000000110101110110000110000 16
#3580
b00000000000110101110110000101100 c
b00101000001111110010011100111101 f
b00000000000110101110110000110001 16
#3581
b00000000000110101110110000101101 c
b00101001010000010010011101000001 f
b00000000000110101110110000110010 16
#3582
b00000000000110101110110000101110 c
b00101100010010000010101101000101 f
b00000000000110101110110000110011 16
#3583
b00000000000110101110110000101111 c
b00101011010001100010101001000101 f
b00000000000110101110110000110100 16
#3584
b00000000000110101110110000110000 c
b00101010010010010010110001000110 f
b00000000000110101110110000110101 16
#3585
b00000000000110101110110000110001 c
b00101010010010100010101001000010 f
b00000000000110101110110000110110 16
#3586
b00000000000110101110110000110010 c
b00101011010001110010101001000101 f
b00000000000110101110110000110111 16
#3587
b00000000000110101110110000110011 c
b00101100010001000010101001001010 f
b00000000000110101110110000111000 16
#3588
b00000000000110101110110000110100 c
b00101010010010000010101001000101 f
b00000000000110101110110000111001 16
#3589
b00000000000110101110110000110101 c
b00101011010010010010101001000101 f
b00000000000110101110110000111010 16
#3590
b00000000000110101110110000110110 c
b00101100010010100010101001001001 f
b00000000000110101110110000111011 16
#3591
b00000000000110101110110000110111 c
b00111100010001110010101101000111 f
b00000000000110101110110000111100 16
#3592
b00000000000110101110110000111000 c
b00101001010001000010100101000100 f
b00000000000110101110110000111101 16
#3593
b00000000000110101110110000111001 c
b00100111010000000010100001000100 f
b00000000000110101110110000111110 16
#3594
b00000000000110101110110000111010 c
b00101000010000000010011101000000 f
b00000000000110101110110000111111 16
#3595
b00000000000110101110110000111011 c
b00101001010000110010101001000100 f
b00000000000110101110110001000000 16
#3596
b00000000000110101110110000111100 c
b00101011010001100010101001000111 f
b00000000000110101110110001000001 16
#3597
b00000000000110101110110000111101 c
b00101001010001000010110001000101 f
b00000000000110101110110001000010 16
#3598
b00000000000110101110110000111110 c
b00101011010000110010100101000011 f
b00000000000110101110110001000011 16
#3599
b00000000000110101110110000111111 c
b00101001010001010010100101000010 f
b00000000000110101110110001000100 16
#3600
b00000000000110101110110001000000 c
b00101001010001010010101001000111 f
b00000000000110101110110001000101 16
#3601
b00000000000110101110110001000001 c
b00101011010010000010101101000010 f
b00000000000110101110110001000110 16
#3602
b00000000000110101110110001000010 c
b00101001010001110010101001000110 f
b00000000000110101110110001000111 16
#3603
b00000000000110101110110001000011 c
b00101011010001010010101101000110 f
b00000000000110101110110001001000 16
#3604
b00000000000110101110110001000100 c
b00101011010001110010110001000111 f
b00000000000110101110110001001001 16
#3605
b00000000000110101110110001000101 c
b00101001010001000010110001001000 f
b00000000000110101110110001001010 16
#3606
b00000000000110101110110001000110 c
b00101010010001110010101001000110 f
b00000000000110101110110001001011 16
#3607
b00000000000110101110110001000111 c
b00101010010001110010110001000110 f
b00000000000110101110110001001100 16
#3608
b00000000000110101110110001001000 c
b00101100010001110010101101000100 f
b00000000000110101110110001001101 16
#3609
b00000000000110101110110001001001 c
b00101010010001110010101001000110 f
b00000000000110101110110001001110 16
#3610
b00000000000110101110110001001010 c
b00101010010001100010101001001000 f
b00000000000110101110110001001111 16
#3611
b00000000000110101110110001001011 c
b00101011010001110010101101001010 f
b00000000000110101110110001010000 16
#3612
b00000000000110101110110001001100 c
b00100111010000110010100101000111 f
b00000000000110101110110001010001 16
#3613
b00000000000110101110110001001101 c
b00101000010001000010101101000101 f
b00000000000110101110110001010010 16
#3614
b00000000000110101110110001001110 c
b00101001010001110010100101000011 f
b00000000000110101110110001010011 16
#3615
b00000000000110101110110001001111 c
b00101001010010000010100101000010 f
b00000000000110101110110001010100 16
#3616
b00000000000110101110110001010000 c
b00101000010001100010101101001001 f
b00000000000110101110110001010101 16
#3617
b00000000000110101110110001010001 c
b00101010010010100010101001000110 f
b00000000000110101110110001010110 16
#3618
b00000000000110101110110001010010 c
b00101001010001100010110001000111 f
b00000000000110101110110001010111 16
#3619
b00000000000110101110110001010011 c
b00101101010000110010101001000011 f
b00000000000110101110110001011000 16
#3620
b00000000000110101110110001010100 c
b00101001010001100010101001000101 f
b00000000000110101110110001011001 16
#3621
b00000000000110101110110001010101 c
b00101010010001000010110001000100 f
b00000000000110101110110001011010 16
#3622
b00000000000110101110110001010110 c
b00101000010001100010101001000100 f
b00000000000110101110110001011011 16
#3623
b00000000000110101110110001010111 c
b00101010010001100010101101000101 f
b00000000000110101110110001011100 16
#3624
b00000000000110101110110001011000 c
b00101011010001100010100101000110 f
b00000000000110101110110001011101 16
#3625
b00000000000110101110110001011001 c
b00101001010001000010110001000100 f
b00000000000110101110110001011110 16
#3626
b00000000000110101110110001011010 c
b00101010010000110010101001000100 f
b00000000000110101110110001011111 16
#3627
b00000000000110101110110001011011 c
b00101000010001000010100101000010 f
b00000000000110101110110001100000 16
#3628
b00000000000110101110110001011100 c
b00101000010000000010100001001000 f
b00000000000110101110110001100001 16
#3629
b00000000000110101110110001011101 c
b00100111001111100010100001000010 f
b00000000000110101110110001100010 16
#3630
b00000000000110101110110001011110 c
b00100110001110110010100000111111 f
b00000000000110101110110001100011 16
#3631
b00000000000110101110110001011111 c
b00100011001101010010011000111000 f
b00000000000110101110110001100100 16
#3632
b00000000000110101110110001100000 c
b00100011001101010010010000110101 f
b00000000000110101110110001100101 16
#3633
b00000000000110101110110001100001 c
b00100100001100000010001000110001 f
b00000000000110101110110001100110 16
#3634
b00000000000110101110110001100010 c
b00100011001100000010010100110010 f
b00000000000110101110110001100111 16
#3635
b00000000000110101110110001100011 c
b00100010001011010010001100110000 f
b00000000000110101110110001101000 16
#3636
b00000000000110101110110001100100 c
b00100001001010110010001100101101 f
b00000000000110101110110001101001 16
#3637
b00000000000110101110110001100101 c
b00011111001010110010001000101101 f
b00000000000110101110110001101010 16
#3638
b00000000000110101110110001100110 c
b00100001001010110010000100101010 f
b00000000000110101110110001101011 16
#3639
b00000000000110101110110001100111 c
b00100001001010100010000000101000 f
b00000000000110101110110001101100 16
#3640
b00000000000110101110110001101000 c
b00100010001010100001111100101010 f
b00000000000110101110110001101101 16
#3641
b00000000000110101110110001101001 c
b00100001001010100010000000101000 f
b00000000000110101110110001101110 16
#3642
b00000000000110101110110001101010 c
b00100000001010000010000000101010 f
b00000000000110101110110001101111 16
#3643
b00000000000110101110110001101011 c
b00100001001001110010000000101000 f
b00000000000110101110110001110000 16
#3644
b00000000000110101110110001101100 c
b00100001001010000001111100101001 f
b00000000000110101110110001110001 16
#3645
b00000000000110101110110001101101 c
b00011111001010000001111000100110 f
b00000000000110101110110001110010 16
#3646
b00000000000110101110110001101110 c
b00011111001010000001111100100111 f
b00000000000110101110110001110011 16
#3647
b00000000000110101110110001101111 c
b00100000001001100001111100100110 f
b00000000000110101110110001110100 16
#3648
b00000000000110101110110001110000 c
b00011111001010000001111100100110 f
b00000000000110101110110001110101 16
#3649
b00000000000110101110110001110001 c
b00011101001010000001111000100110 f
b00000000000110101110110001110110 16
#3650
b00000000000110101110110001110010 c
b00011111001001110001111000100111 f
b00000000000110101110110001110111 16
#3651
b00000000000110101110110001110011 c
b00011111001010010001111000100110 f
b00000000000110101110110001111000 16
#3652
b00000000000110101110110001110100 c
b00011101001001110001111100100111 f
b00000000000110101110110001111001 16
#3653
b00000000000110101110110001110101 c
b00011111001001100001111000100111 f
b00000000000110101110110001111010 16
#3654
b00000000000110101110110001110110 c
b00011111001001100001111100101000 f
b00000000000110101110110001111011 16
#3655
b00000000000110101110110001110111 c
b00100000001010100001111100101000 f
b00000000000110101110110001111100 16
#3656
b00000000000110101110110001111000 c
b00100001001010000010000100101010 f
b00000000000110101110110001111101 16
#3657
b00000000000110101110110001111001 c
b00100001001010010010000100101010 f
b00000000000110101110110001111110 16
#3658
b00000000000110101110110001111010 c
b00100000001010100010000000100111 f
b00000000000110101110110001111111 16
#3659
00
b00000000001000001000000000000110 b
b00000000000110101110110001111011 c
b00100000001001110010000100100111 f
014
b00000000000110101110110010000000 16
01a
#3660
03
b00000000000110101110110001111100 c
b00100001001010000010000000101010 f
#3661
b00000000000110101110110001111101 c
b00100000001010000010000000101010 f
#3662
b00000000000110101110110001111110 c
b00100000001010010010000100101010 f
#3663
b00000000000110101110110001111111 c
b00100001001001110001111100101001 f
#3664
b00000000000110101110110010000000 c
b00011111001010010001111100101000 f
#3665
b00100010001010000010000100101010 f
112
#3666
0e
b0000 10
#3668
b00000000001010001000000000000110 b
#3727
b00000000001000001000000000000110 b
#3833
16
b00000000001000001000000000000100 b
11f
126
#3834
18
#3835
b00000000000010111000111011000001 1e
021
#3836
b00000000000010111000111011000010 1e
b00011111001010010010000000101000 20
124
b00000000000010111000111011000001 25
b1111 27
#3837
b00000000000010111000111011000011 1e
b00100010001010010001111100101001 20
b00000000000010111000111011000010 25
#3838
b00000000000010111000111011000100 1e
b00100000001010000010000000101000 20
b00000000000010111000111011000011 25
#3839
b00000000000010111000111011000101 1e
b00100001001010100001111100100111 20
b00000000000010111000111011000100 25
#3840
b00000000000010111000111011000110 1e
b00100001001010010010000000101011 20
b00000000000010111000111011000101 25
#3841
b00000000000010111000111011000111 1e
b00100001001010010010000100101000 20
b00000000000010111000111011000110 25
#3842
b00000000000010111000111011001000 1e
b00100000001010110010010000101010 20
b00000000000010111000111011000111 25
#3843
b00000000000010111000111011001001 1e
b00100101001011000010001100101100 20
b00000000000010111000111011001000 25
#3844
b00000000000010111000111011001010 1e
b00100110001011100010001100101110 20
b00000000000010111000111011001001 25
#3845
b00000000000010111000111011001011 1e
b00100100001100110010011000110000 20
b00000000000010111000111011001010 25
#3846
b00000000000010111000111011001100 1e
b00101000001101010010011100110101 20
b00000000000010111000111011001011 25
#3847
b00000000000010111000111011001101 1e
b00101001001110100010100000111001 20
b00000000000010111000111011001100 25
#3848
b00000000000010111000111011001110 1e
b00101100001111010010101000111001 20
b00000000000010111000111011001101 25
#3849
b00000000000010111000111011001111 1e
b00110000010000100010111000111110 20
b00000000000010111000111011001110 25
#3850
b00000000000010111000111011010000 1e
b00110000010001110010111101000010 20
b00000000000010111000111011001111 25
#3851
b00000000000010111000111011010001 1e
b00110001010001100010111101000110 20
b00000000000010111000111011010000 25
#3852
b00000000000010111000111011010010 1e
b00110001010010100011000001000111 20
b00000000000010111000111011010001 25
#3853
b00000000000010111000111011010011 1e
b00110110010011010011010101001001 20
b00000000000010111000111011010010 25
#3854
b00000000000010111000111011010100 1e
b00110100010011010011010101010001 20
b00000000000010111000111011010011 25
#3855
b00000000000010111000111011010101 1e
b00110100010100000011011001010001 20
b00000000000010111000111011010100 25
#3856
b00000000000010111000111011010110 1e
b00110110010100110011010101010000 20
b00000000000010111000111011010101 25
#3857
b00000000000010111000111011010111 1e
b00110111010100110011011101010011 20
b00000000000010111000111011010110 25
#3858
b00000000000010111000111011011000 1e
b00111010010101000011011001010100 20
b00000000000010111000111011010111 25
#3859
b00000000000010111000111011011001 1e
b00111010010101000011100101001110 20
b00000000000010111000111011011000 25
#3860
b00000000000010111000111011011010 1e
b00111000010100110011100101010010 20
b00000000000010111000111011011001 25
#3861
b00000000000010111000111011011011 1e
b00110101010101000011010101010001 20
b00000000000010111000111011011010 25
#3862
b00000000000010111000111011011100 1e
b00111001010101000011011001010010 20
b00000000000010111000111011011011 25
#3863
b00000000000010111000111011011101 1e
b00111001010100110011011101010010 20
b00000000000010111000111011011100 25
#3864
b00000000000010111000111011011110 1e
b00110110010100100011011001010011 20
b00000000000010111000111011011101 25
#3865
b00000000000010111000111011011111 1e
b00110111010100010011100101010010 20
b00000000000010111000111011011110 25
#3866
b00000000000010111000111011100000 1e
b00110110010100010011100001010011 20
b00000000000010111000111011011111 25
#3867
b00000000000010111000111011100001 1e
b00110111010100110011011101001110 20
b00000000000010111000111011100000 25
#3868
b00000000000010111000111011100010 1e
b00110110010011110011010101010011 20
b00000000000010111000111011100001 25
#3869
b00000000000010111000111011100011 1e
b00111000010100000011011101010010 20
b00000000000010111000111011100010 25
#3870
b00000000000010111000111011100100 1e
b00110101010100010011011001010001 20
b00000000000010111000111011100011 25
#3871
b00000000000010111000111011100101 1e
b00110101010011010011011001010010 20
b00000000000010111000111011100100 25
#3872
b00000000000010111000111011100110 1e
b00110101010011100011011101010001 20
b00000000000010111000111011100101 25
#3873
b00000000000010111000111011100111 1e
b00110111010010110011001101001111 20
b00000000000010111000111011100110 25
#3874
b00000000000010111000111011101000 1e
b00110011010011110011011001001111 20
b00000000000010111000111011100111 25
#3875
b00000000000010111000111011101001 1e
b00110011010011000011010001010000 20
b00000000000010111000111011101000 25
#3876
b00000000000010111000111011101010 1e
b00011101001010110001110100101011 20
b00000000000010111000111011101001 25
#3877
b00000000000010111000111011101011 1e
b00000000000010111000111011101010 25
#3878
b00000000000010111000111011101100 1e
b00011100001010110001110100101010 20
b00000000000010111000111011101011 25
#3879
b00000000000010111000111011101101 1e
b00011110001010100001110100101010 20
b00000000000010111000111011101100 25
#3880
b00000000000010111000111011101110 1e
b00011101001010010001110100101011 20
b00000000000010111000111011101101 25
#3881
b00000000000010111000111011101111 1e
b00011101001010100001110100101010 20
b00000000000010111000111011101110 25
#3882
b00000000000010111000111011110000 1e
b00011101001010010001110100101011 20
b00000000000010111000111011101111 25
#3883
b00000000000010111000111011110001 1e
b00011101001010100001110000101010 20
b00000000000010111000111011110000 25
#3884
b00000000000010111000111011110010 1e
b00011101001010100001111100101011 20
b00000000000010111000111011110001 25
#3885
b00000000000010111000111011110011 1e
b00011101001010100001110000101100 20
b00000000000010111000111011110010 25
#3886
b00000000000010111000111011110100 1e
b00011101001010100001111000101011 20
b00000000000010111000111011110011 25
#3887
b00000000000010111000111011110101 1e
b00011101001011000001111000101001 20
b00000000000010111000111011110100 25
#3888
b00000000000010111000111011110110 1e
b00011101001010100001110100101001 20
b00000000000010111000111011110101 25
#3889
b00000000000010111000111011110111 1e
b00011110001010110001110100101010 20
b00000000000010111000111011110110 25
#3890
b00000000000010111000111011111000 1e
b00011101001010100001110000101011 20
b00000000000010111000111011110111 25
#3891
b00000000000010111000111011111001 1e
b00011110001010110001101100101011 20
b00000000000010111000111011111000 25
#3892
b00000000000010111000111011111010 1e
b00011101001010110001110100101100 20
b00000000000010111000111011111001 25
#3893
b00000000000010111000111011111011 1e
b00011101001010100001111000101011 20
b00000000000010111000111011111010 25
#3894
b00000000000010111000111011111100 1e
b00011101001011100001110100101010 20
b00000000000010111000111011111011 25
#3895
b00000000000010111000111011111101 1e
b00011101001011000001111000101100 20
b00000000000010111000111011111100 25
#3896
b00000000000010111000111011111110 1e
b00011101001010100001110100101101 20
b00000000000010111000111011111101 25
#3897
b00000000000010111000111011111111 1e
b00011101001011000001111000101010 20
b00000000000010111000111011111110 25
#3898
b00000000000010111000111100000000 1e
b00011111001011000001110100101011 20
b00000000000010111000111011111111 25
#3899
b00000000000010111000111100000001 1e
b00011110001011000001111100101011 20
b00000000000010111000111100000000 25
#3900
b00000000000010111000111100000010 1e
b00011101001011000001110100101100 20
b00000000000010111000111100000001 25
#3901
b00000000000010111000111100000011 1e
b00011110001011000001111100101100 20
b00000000000010111000111100000010 25
#3902
b00000000000010111000111100000100 1e
b00011101001011000001111100101010 20
b00000000000010111000111100000011 25
#3903
b00000000000010111000111100000101 1e
b00011110001010000001111000101110 20
b00000000000010111000111100000100 25
#3904
b00000000000010111000111100000110 1e
b00011101001011000001110100101100 20
b00000000000010111000111100000101 25
#3905
b00000000000010111000111100000111 1e
b00011101001011000001110100101101 20
b00000000000010111000111100000110 25
#3906
b00000000000010111000111100001000 1e
b00011101001011000001111100101100 20
b00000000000010111000111100000111 25
#3907
b00000000000010111000111100001001 1e
b00011101001011010001111000101010 20
b00000000000010111000111100001000 25
#3908
b00000000000010111000111100001010 1e
b00011110001011000001111000101100 20
b00000000000010111000111100001001 25
#3909
b00000000000010111000111100001011 1e
b00011101001010110001110100101011 20
b00000000000010111000111100001010 25
#3910
b00000000000010111000111100001100 1e
b00011111001011100001111000101100 20
b00000000000010111000111100001011 25
#3911
b00000000000010111000111100001101 1e
b00011101001011000001110100101101 20
b00000000000010111000111100001100 25
#3912
b00000000000010111000111100001110 1e
b00011101001011010001110100101010 20
b00000000000010111000111100001101 25
#3913
b00000000000010111000111100001111 1e
b00011110001011000001110000101010 20
b00000000000010111000111100001110 25
#3914
b00000000000010111000111100010000 1e
b00011101001010110001111000101101 20
b00000000000010111000111100001111 25
#3915
b00000000000010111000111100010001 1e
b00011111001011000001111100101011 20
b00000000000010111000111100010000 25
#3916
b00000000000010111000111100010010 1e
b00011110001011000001110100101100 20
b00000000000010111000111100010001 25
#3917
b00000000000010111000111100010011 1e
b00011101001010110001110100101010 20
b00000000000010111000111100010010 25
#3918
b00000000000010111000111100010100 1e
b00011101001011010001111000101011 20
b00000000000010111000111100010011 25
#3919
b00000000000010111000111100010101 1e
b00011101001011000001111100101101 20
b00000000000010111000111100010100 25
#3920
b00000000000010111000111100010110 1e
b00011111001011000001110100101101 20
b00000000000010111000111100010101 25
#3921
b00000000000010111000111100010111 1e
b00011100001011010001110100101100 20
b00000000000010111000111100010110 25
#3922
b00000000000010111000111100011000 1e
b00011101001011000001110100101011 20
b00000000000010111000111100010111 25
#3923
b00000000000010111000111100011001 1e
b00011111001010110001110100101101 20
b00000000000010111000111100011000 25
#3924
b00000000000010111000111100011010 1e
b00011110001011010001111100101011 20
b00000000000010111000111100011001 25
#3925
b00000000000010111000111100011011 1e
b00011111001011000001111000101011 20
b00000000000010111000111100011010 25
#3926
b00000000000010111000111100011100 1e
b00011100001010100001111000101100 20
b00000000000010111000111100011011 25
#3927
b00000000000010111000111100011101 1e
b00011111001010110001110100101100 20
b00000000000010111000111100011100 25
#3928
b00000000000010111000111100011110 1e
b00011111001010100001110100101010 20
b00000000000010111000111100011101 25
#3929
b00000000000010111000111100011111 1e
b00011110001010100001110100101010 20
b00000000000010111000111100011110 25
#3930
b00000000000010111000111100100000 1e
b00011110001010110001111100101011 20
b00000000000010111000111100011111 25
#3931
b00000000000010111000111100100001 1e
b00011101001011000001110100101011 20
b00000000000010111000111100100000 25
#3932
b00000000000010111000111100100010 1e
b00011101001011000001110100101100 20
b00000000000010111000111100100001 25
#3933
b00000000000010111000111100100011 1e
b00011101001011010001111100101101 20
b00000000000010111000111100100010 25
#3934
b00000000000010111000111100100100 1e
b00100000001011010001110100101101 20
b00000000000010111000111100100011 25
#3935
b00000000000010111000111100100101 1e
b00011110001010110001111100101101 20
b00000000000010111000111100100100 25
#3936
b00000000000010111000111100100110 1e
b00011110001011000001111000101101 20
b00000000000010111000111100100101 25
#3937
b00000000000010111000111100100111 1e
b00011111001011000001111000101100 20
b00000000000010111000111100100110 25
#3938
b00000000000010111000111100101000 1e
b00011111001010110001110100101011 20
b00000000000010111000111100100111 25
#3939
b00000000000010111000111100101001 1e
b00011110001011010010000000101100 20
b00000000000010111000111100101000 25
#3940
b00000000000010111000111100101010 1e
b00011101001011100001110100101110 20
b00000000000010111000111100101001 25
#3941
b00000000000010111000111100101011 1e
b00011111001011110010000000101110 20
b00000000000010111000111100101010 25
#3942
b00000000000010111000111100101100 1e
b00011110001011000001111100101101 20
b00000000000010111000111100101011 25
#3943
b00000000000010111000111100101101 1e
b00011101001011100010000000101111 20
b00000000000010111000111100101100 25
#3944
b00000000000010111000111100101110 1e
b00011110001011110010000100101111 20
b00000000000010111000111100101101 25
#3945
b00000000000010111000111100101111 1e
b00011101001011000001111100101101 20
b00000000000010111000111100101110 25
#3946
b00000000000010111000111100110000 1e
b00011110001011000001111000101110 20
b00000000000010111000111100101111 25
#3947
b00000000000010111000111100110001 1e
b00011110001100000001111100101110 20
b00000000000010111000111100110000 25
#3948
b00000000000010111000111100110010 1e
b00011111001011100001111100101100 20
b00000000000010111000111100110001 25
#3949
b00000000000010111000111100110011 1e
b00011111001011100001110100101110 20
b00000000000010111000111100110010 25
#3950
b00000000000010111000111100110100 1e
b00011110001010110001110100101100 20
b00000000000010111000111100110011 25
#3951
b00000000000010111000111100110101 1e
b00011101001010110001111100101010 20
b00000000000010111000111100110100 25
#3952
b00000000000010111000111100110110 1e
b00011101001011100001110100101111 20
b00000000000010111000111100110101 25
#3953
b00000000000010111000111100110111 1e
b00011111001011000001111100101101 20
b00000000000010111000111100110110 25
#3954
b00000000000010111000111100111000 1e
b00011111001011010001111000101101 20
b00000000000010111000111100110111 25
#3955
b00000000000010111000111100111001 1e
b00011110001100000001111100101101 20
b00000000000010111000111100111000 25
#3956
b00000000000010111000111100111010 1e
b00011110001011010001111100101100 20
b00000000000010111000111100111001 25
#3957
b00000000000010111000111100111011 1e
b00100000001011010010000000101110 20
b00000000000010111000111100111010 25
#3958
b00000000000010111000111100111100 1e
b00011110001011000001110100101100 20
b00000000000010111000111100111011 25
#3959
b00000000000010111000111100111101 1e
b00011111001011000001111100101100 20
b00000000000010111000111100111100 25
#3960
b00000000000010111000111100111110 1e
b00011111001011110001111100101110 20
b00000000000010111000111100111101 25
#3961
b00000000000010111000111100111111 1e
b00100001001011000010000100101111 20
b00000000000010111000111100111110 25
#3962
b00000000000010111000111101000000 1e
b00011111001011010001111100101111 20
b00000000000010111000111100111111 25
#3963
b00000000000010111000111101000001 1e
b00011110001011010001111100101110 20
b00000000000010111000111101000000 25
#3964
b00000000000010111000111101000010 1e
b00011110001100000001111100101101 20
b00000000000010111000111101000001 25
#3965
b00000000000010111000111101000011 1e
b00011110001011000001111100101101 20
b00000000000010111000111101000010 25
#3966
b00000000000010111000111101000100 1e
b00011110001011110001111000101110 20
b00000000000010111000111101000011 25
#3967
b00000000000010111000111101000101 1e
b00011111001011100010000000101110 20
b00000000000010111000111101000100 25
#3968
b00000000000010111000111101000110 1e
b00011111001100010010000000101101 20
b00000000000010111000111101000101 25
#3969
b00000000000010111000111101000111 1e
b00011111001011110001111100110001 20
b00000000000010111000111101000110 25
#3970
b00000000000010111000111101001000 1e
b00011111001011010010000000110000 20
b00000000000010111000111101000111 25
#3971
b00000000000010111000111101001001 1e
b00011111001011010010000000101100 20
b00000000000010111000111101001000 25
#3972
b00000000000010111000111101001010 1e
b00011111001011110001111000101110 20
b00000000000010111000111101001001 25
#3973
b00000000000010111000111101001011 1e
b00100000001011100001111000101110 20
b00000000000010111000111101001010 25
#3974
b00000000000010111000111101001100 1e
b00100000001011100010000000101110 20
b00000000000010111000111101001011 25
#3975
b00000000000010111000111101001101 1e
b00011111001011100010000000101110 20
b00000000000010111000111101001100 25
#3976
b00000000000010111000111101001110 1e
b00011110001100000001111100101111 20
b00000000000010111000111101001101 25
#3977
b00000000000010111000111101001111 1e
b00011111001100000001111100101110 20
b00000000000010111000111101001110 25
#3978
b00000000000010111000111101010000 1e
b00011110001011100010000000101100 20
b00000000000010111000111101001111 25
#3979
b00000000000010111000111101010001 1e
b00011111001011100001110100101101 20
b00000000000010111000111101010000 25
#3980
b00000000000010111000111101010010 1e
b00011111001011100001110100101111 20
b00000000000010111000111101010001 25
#3981
b00000000000010111000111101010011 1e
b00011111001100000001111100101110 20
b00000000000010111000111101010010 25
#3982
b00000000000010111000111101010100 1e
b00000000000010111000111101010011 25
#3983
b00000000000010111000111101010101 1e
b00100000001011010010000000101110 20
b00000000000010111000111101010100 25
#3984
b00000000000010111000111101010110 1e
b00011111001011110001110100110000 20
b00000000000010111000111101010101 25
#3985
b00000000000010111000111101010111 1e
b00011111001011100001111000101111 20
b00000000000010111000111101010110 25
#3986
b00000000000010111000111101011000 1e
b00011101001011110001111100110000 20
b00000000000010111000111101010111 25
#3987
b00000000000010111000111101011001 1e
b00100000001011110010000000110000 20
b00000000000010111000111101011000 25
#3988
b00000000000010111000111101011010 1e
b00100010001011100001111100101101 20
b00000000000010111000111101011001 25
#3989
b00000000000010111000111101011011 1e
b00011111001011110010000000101110 20
b00000000000010111000111101011010 25
#3990
b00000000000010111000111101011100 1e
b00011110001100000001111000101110 20
b00000000000010111000111101011011 25
#3991
b00000000000010111000111101011101 1e
b00011111001100010001111100110000 20
b00000000000010111000111101011100 25
#3992
b00000000000010111000111101011110 1e
b00100000001011110001111100101100 20
b00000000000010111000111101011101 25
#3993
b00000000000010111000111101011111 1e
b00100000001011110001111000101111 20
b00000000000010111000111101011110 25
#3994
b00000000000010111000111101100000 1e
b00011101001011100010000100110000 20
b00000000000010111000111101011111 25
#3995
b00000000000010111000111101100001 1e
b00011110001100010010000000101110 20
b00000000000010111000111101100000 25
#3996
b00000000000010111000111101100010 1e
b00011111001011100010000100110001 20
b00000000000010111000111101100001 25
#3997
b00000000000010111000111101100011 1e
b00100001001011100010000000110000 20
b00000000000010111000111101100010 25
#3998
b00000000000010111000111101100100 1e
b00100001001011110010000100110000 20
b00000000000010111000111101100011 25
#3999
b00000000000010111000111101100101 1e
b00100001001011110001111100101110 20
b00000000000010111000111101100100 25
#4000
b00000000000010111000111101100110 1e
b00100001001100110001111000110000 20
b00000000000010111000111101100101 25
#4001
b00000000000010111000111101100111 1e
b00100000001100110010000000110000 20
b00000000000010111000111101100110 25
#4002
b00000000000010111000111101101000 1e
b00011111001100010010000000110000 20
b00000000000010111000111101100111 25
#4003
b00000000000010111000111101101001 1e
b00100010001100010010000000110001 20
b00000000000010111000111101101000 25
#4004
b00000000000010111000111101101010 1e
b00011111001100000010000000110010 20
b00000000000010111000111101101001 25
#4005
b00000000000010111000111101101011 1e
b00011111001011100010000000101111 20
b00000000000010111000111101101010 25
#4006
b00000000000010111000111101101100 1e
b00100000001011100001111000101110 20
b00000000000010111000111101101011 25
#4007
b00000000000010111000111101101101 1e
b00100000001100000001111100101110 20
b00000000000010111000111101101100 25
#4008
b00000000000010111000111101101110 1e
b00011110001011110001111000101111 20
b00000000000010111000111101101101 25
#4009
b00000000000010111000111101101111 1e
b00011111001100000010000000101101 20
b00000000000010111000111101101110 25
#4010
b00000000000010111000111101110000 1e
b00011111001100000010000000110001 20
b00000000000010111000111101101111 25
#4011
b00000000000010111000111101110001 1e
b00100000001100000001111100101111 20
b00000000000010111000111101110000 25
#4012
b00000000000010111000111101110010 1e
b00011110001011110010000000101111 20
b00000000000010111000111101110001 25
#4013
b00000000000010111000111101110011 1e
b00100000001011010001111000101110 20
b00000000000010111000111101110010 25
#4014
b00000000000010111000111101110100 1e
b00100000001100000001111100101111 20
b00000000000010111000111101110011 25
#4015
b00000000000010111000111101110101 1e
b00011111001011110001111100110000 20
b00000000000010111000111101110100 25
#4016
b00000000000010111000111101110110 1e
b00011111001100000001111100101111 20
b00000000000010111000111101110101 25
#4017
b00000000000010111000111101110111 1e
b00011111001011110001111100101101 20
b00000000000010111000111101110110 25
#4018
b00000000000010111000111101111000 1e
b00011111001100000001111100101111 20
b00000000000010111000111101110111 25
#4019
b00000000000010111000111101111001 1e
b00100000001100010001111100101111 20
b00000000000010111000111101111000 25
#4020
b00000000000010111000111101111010 1e
b00011110001100000001111100110011 20
b00000000000010111000111101111001 25
#4021
b00000000000010111000111101111011 1e
b00100001001100000001111100110010 20
b00000000000010111000111101111010 25
#4022
b00000000000010111000111101111100 1e
b00100000001100100010000000101110 20
b00000000000010111000111101111011 25
#4023
b00000000000010111000111101111101 1e
b00100001001100100010000000110001 20
b00000000000010111000111101111100 25
#4024
b00000000000010111000111101111110 1e
b00100000001100000010000000101111 20
b00000000000010111000111101111101 25
#4025
b00000000000010111000111101111111 1e
b00100001001100000001111100101111 20
b00000000000010111000111101111110 25
#4026
b00000000000010111000111110000000 1e
b00011101001100000001111000110000 20
b00000000000010111000111101111111 25
#4027
b00000000000010111000111110000001 1e
b00011111001010110001111000101100 20
b00000000000010111000111110000000 25
#4028
b00000000000010111000111110000010 1e
b00100001001100000010000000101100 20
b00000000000010111000111110000001 25
#4029
b00000000000010111000111110000011 1e
b00100000001011100010000100110000 20
b00000000000010111000111110000010 25
#4030
b00000000000010111000111110000100 1e
b00011111001100100010000000101110 20
b00000000000010111000111110000011 25
#4031
b00000000000010111000111110000101 1e
b00100000001100010010000100110000 20
b00000000000010111000111110000100 25
#4032
b00000000000010111000111110000110 1e
b00011111001100000010000100101111 20
b00000000000010111000111110000101 25
#4033
b00000000000010111000111110000111 1e
b00100000001100000010001000110001 20
b00000000000010111000111110000110 25
#4034
b00000000000010111000111110001000 1e
b00100000001011100010000100110000 20
b00000000000010111000111110000111 25
#4035
b00000000000010111000111110001001 1e
b00100001001100000001111100110001 20
b00000000000010111000111110001000 25
#4036
b00000000000010111000111110001010 1e
b00100001001100000010000100110001 20
b00000000000010111000111110001001 25
#4037
b00000000000010111000111110001011 1e
b00100000001100000001111100110001 20
b00000000000010111000111110001010 25
#4038
b00000000000010111000111110001100 1e
b00100000001100000010000100110001 20
b00000000000010111000111110001011 25
#4039
b00000000000010111000111110001101 1e
b00100010001100100001111100110010 20
b00000000000010111000111110001100 25
#4040
b00000000000010111000111110001110 1e
b00100001001100110010000100110011 20
b00000000000010111000111110001101 25
#4041
b00000000000010111000111110001111 1e
b00100001001100010010000100110000 20
b00000000000010111000111110001110 25
#4042
b00000000000010111000111110010000 1e
b00100010001100110010000000110010 20
b00000000000010111000111110001111 25
#4043
b00000000000010111000111110010001 1e
b00100001001100010010000100110011 20
b00000000000010111000111110010000 25
#4044
b00000000000010111000111110010010 1e
b00100000001100100010000100110001 20
b00000000000010111000111110010001 25
#4045
b00000000000010111000111110010011 1e
b00100000001100010010000000110001 20
b00000000000010111000111110010010 25
#4046
b00000000000010111000111110010100 1e
b00011111001011100001111100110000 20
b00000000000010111000111110010011 25
#4047
b00000000000010111000111110010101 1e
b00011111001011100001110100110000 20
b00000000000010111000111110010100 25
#4048
b00000000000010111000111110010110 1e
b00011111001011110010000000101101 20
b00000000000010111000111110010101 25
#4049
b00000000000010111000111110010111 1e
b00100001001011110001111100101110 20
b00000000000010111000111110010110 25
#4050
b00000000000010111000111110011000 1e
b00100010001100000010000100110000 20
b00000000000010111000111110010111 25
#4051
b00000000000010111000111110011001 1e
b00011111001100100010000100110001 20
b00000000000010111000111110011000 25
#4052
b00000000000010111000111110011010 1e
b00100000001100000010000100110011 20
b00000000000010111000111110011001 25
#4053
b00000000000010111000111110011011 1e
b00100001001100100001111100110001 20
b00000000000010111000111110011010 25
#4054
b00000000000010111000111110011100 1e
b00100001001101010010000100110001 20
b00000000000010111000111110011011 25
#4055
b00000000000010111000111110011101 1e
b00100001001100100010000000110011 20
b00000000000010111000111110011100 25
#4056
b00000000000010111000111110011110 1e
b00011111001100110010001000110000 20
b00000000000010111000111110011101 25
#4057
b00000000000010111000111110011111 1e
b00100000001011110010001100110011 20
b00000000000010111000111110011110 25
#4058
b00000000000010111000111110100000 1e
b00100010001100100010000100110010 20
b00000000000010111000111110011111 25
#4059
b00000000000010111000111110100001 1e
b00100001001100110010001000101111 20
b00000000000010111000111110100000 25
#4060
b00000000000010111000111110100010 1e
b00100001001100100010000100110001 20
b00000000000010111000111110100001 25
#4061
b00000000000010111000111110100011 1e
b00011111001100100001111100110010 20
b00000000000010111000111110100010 25
#4062
b00000000000010111000111110100100 1e
b00011111001111110010000000110000 20
b00000000000010111000111110100011 25
#4063
b00000000000010111000111110100101 1e
b00100001001100110010000000110001 20
b00000000000010111000111110100100 25
#4064
b00000000000010111000111110100110 1e
b00100100001100110010000100110011 20
b00000000000010111000111110100101 25
#4065
b00000000000010111000111110100111 1e
b00100011001100110010000000110011 20
b00000000000010111000111110100110 25
#4066
b00000000000010111000111110101000 1e
b00100001001101000010001000110111 20
b00000000000010111000111110100111 25
#4067
b00000000000010111000111110101001 1e
b00100001001100010010000100110011 20
b00000000000010111000111110101000 25
#4068
b00000000000010111000111110101010 1e
b00011110001100000010000100110010 20
b00000000000010111000111110101001 25
#4069
b00000000000010111000111110101011 1e
b00100001001100000001111100110000 20
b00000000000010111000111110101010 25
#4070
b00000000000010111000111110101100 1e
b00100000001100110010000000110010 20
b00000000000010111000111110101011 25
#4071
b00000000000010111000111110101101 1e
b00100010001101000010000100110010 20
b00000000000010111000111110101100 25
#4072
b00000000000010111000111110101110 1e
b00100011001100110010000100110011 20
b00000000000010111000111110101101 25
#4073
b00000000000010111000111110101111 1e
b00100011001101000001111100110101 20
b00000000000010111000111110101110 25
#4074
b00000000000010111000111110110000 1e
b00100000001100100010000100110100 20
b00000000000010111000111110101111 25
#4075
b00000000000010111000111110110001 1e
b00100001001100110010000100110010 20
b00000000000010111000111110110000 25
#4076
b00000000000010111000111110110010 1e
b00100011001101000010000100110010 20
b00000000000010111000111110110001 25
#4077
b00000000000010111000111110110011 1e
b00100100001100110010000100110101 20
b00000000000010111000111110110010 25
#4078
b00000000000010111000111110110100 1e
b00100000001101010010000100110101 20
b00000000000010111000111110110011 25
#4079
b00000000000010111000111110110101 1e
b00100000001011110010000000110010 20
b00000000000010111000111110110100 25
#4080
b00000000000010111000111110110110 1e
b00100001001100010010000000110001 20
b00000000000010111000111110110101 25
#4081
b00000000000010111000111110110111 1e
b00100011001101010010000100110101 20
b00000000000010111000111110110110 25
#4082
b00000000000010111000111110111000 1e
b00100000001101000010000100110010 20
b00000000000010111000111110110111 25
#4083
b00000000000010111000111110111001 1e
b00100001001100110010001000110101 20
b00000000000010111000111110111000 25
#4084
b00000000000010111000111110111010 1e
b00011111001101100010000000110011 20
b00000000000010111000111110111001 25
#4085
b00000000000010111000111110111011 1e
b00100011001101010010001000110001 20
b00000000000010111000111110111010 25
#4086
b00000000000010111000111110111100 1e
b00100001001100110010001100110100 20
b00000000000010111000111110111011 25
#4087
b00000000000010111000111110111101 1e
b00100001001100110010000100110000 20
b00000000000010111000111110111100 25
#4088
b00000000000010111000111110111110 1e
b00100010001101010010000100110001 20
b00000000000010111000111110111101 25
#4089
b00000000000010111000111110111111 1e
b00100001001101010010010000110100 20
b00000000000010111000111110111110 25
#4090
b00000000000010111000111111000000 1e
b00100001001101000010000000110110 20
b00000000000010111000111110111111 25
#4091
b00000000000010111000111111000001 1e
b00100011001100110010001100110100 20
b00000000000010111000111111000000 25
#4092
b00000000000010111000111111000010 1e
b00100010001101000010001000110010 20
b00000000000010111000111111000001 25
#4093
b00000000000010111000111111000011 1e
b00100010001101100010000100110011 20
b00000000000010111000111111000010 25
#4094
b00000000000010111000111111000100 1e
b00100001001101000010010000110011 20
b00000000000010111000111111000011 25
#4095
b00000000000010111000111111000101 1e
b00100001001101100010001000110101 20
b00000000000010111000111111000100 25
#4096
b00000000000010111000111111000110 1e
b00100001001101000010000100110101 20
b00000000000010111000111111000101 25
#4097
b00000000000010111000111111000111 1e
b00100001001100000010000000110001 20
b00000000000010111000111111000110 25
#4098
b00000000000010111000111111001000 1e
b00100000001100010010000000110011 20
b00000000000010111000111111000111 25
#4099
b00000000000010111000111111001001 1e
b00100010001101010010001100110011 20
b00000000000010111000111111001000 25
#4100
b00000000000010111000111111001010 1e
b00100000001100100010001100110010 20
b00000000000010111000111111001001 25
#4101
b00000000000010111000111111001011 1e
b00100000001011110010000100110000 20
b00000000000010111000111111001010 25
#4102
b00000000000010111000111111001100 1e
b00100010001100110010000100110001 20
b00000000000010111000111111001011 25
#4103
b00000000000010111000111111001101 1e
b00100011001101100010000100110011 20
b00000000000010111000111111001100 25
#4104
b00000000000010111000111111001110 1e
b00100010001101000010001100110101 20
b00000000000010111000111111001101 25
#4105
b00000000000010111000111111001111 1e
b00100010001101010010001100110100 20
b00000000000010111000111111001110 25
#4106
b00000000000010111000111111010000 1e
b00100000001100110010001000110011 20
b00000000000010111000111111001111 25
#4107
b00000000000010111000111111010001 1e
b00100011001100110010000100110011 20
b00000000000010111000111111010000 25
#4108
b00000000000010111000111111010010 1e
b00100010001100110010001000110111 20
b00000000000010111000111111010001 25
#4109
b00000000000010111000111111010011 1e
b00100001001101010010001000110101 20
b00000000000010111000111111010010 25
#4110
b00000000000010111000111111010100 1e
b00100001001100110010000100110101 20
b00000000000010111000111111010011 25
#4111
b00000000000010111000111111010101 1e
b00100010001101000010001000110100 20
b00000000000010111000111111010100 25
#4112
b00000000000010111000111111010110 1e
b00100001001101110010001100110101 20
b00000000000010111000111111010101 25
#4113
b00000000000010111000111111010111 1e
b00100011001100110010000100110101 20
b00000000000010111000111111010110 25
#4114
b00000000000010111000111111011000 1e
b00100010001101010010001100110101 20
b00000000000010111000111111010111 25
#4115
b00000000000010111000111111011001 1e
b00100011001101010010001100110110 20
b00000000000010111000111111011000 25
#4116
b00000000000010111000111111011010 1e
b00100010001101000010001000110111 20
b00000000000010111000111111011001 25
#4117
b00000000000010111000111111011011 1e
b00100010001101010010000100110101 20
b00000000000010111000111111011010 25
#4118
b00000000000010111000111111011100 1e
b00100011001101000010000000110101 20
b00000000000010111000111111011011 25
#4119
b00000000000010111000111111011101 1e
b00100010001101100010000100110101 20
b00000000000010111000111111011100 25
#4120
b00000000000010111000111111011110 1e
b00100001001101000010001000110001 20
b00000000000010111000111111011101 25
#4121
b00000000000010111000111111011111 1e
b00100010001100110010001100110100 20
b00000000000010111000111111011110 25
#4122
b00000000000010111000111111100000 1e
b00100011001101010010001100110100 20
b00000000000010111000111111011111 25
#4123
b00000000000010111000111111100001 1e
b00100011001100110010001100110101 20
b00000000000010111000111111100000 25
#4124
b00000000000010111000111111100010 1e
b00100010001101110010001100110110 20
b00000000000010111000111111100001 25
#4125
b00000000000010111000111111100011 1e
b00100011001101000010001000110111 20
b00000000000010111000111111100010 25
#4126
b00000000000010111000111111100100 1e
b00100010001101010010001000110010 20
b00000000000010111000111111100011 25
#4127
b00000000000010111000111111100101 1e
b00100010001100110010000100110110 20
b00000000000010111000111111100100 25
#4128
b00000000000010111000111111100110 1e
b00100000001100100010000100110011 20
b00000000000010111000111111100101 25
#4129
b00000000000010111000111111100111 1e
b00100001001100010010000100110001 20
b00000000000010111000111111100110 25
#4130
b00000000000010111000111111101000 1e
b00100001001101100010001000110011 20
b00000000000010111000111111100111 25
#4131
b00000000000010111000111111101001 1e
b00100100001100110010001000110101 20
b00000000000010111000111111101000 25
#4132
b00000000000010111000111111101010 1e
b00100100001101100010001000110100 20
b00000000000010111000111111101001 25
#4133
b00000000000010111000111111101011 1e
b00100100001101010010001100110111 20
b00000000000010111000111111101010 25
#4134
b00000000000010111000111111101100 1e
b00100011001101000010010100110011 20
b00000000000010111000111111101011 25
#4135
b00000000000010111000111111101101 1e
b00100011001100110010001100110101 20
b00000000000010111000111111101100 25
#4136
b00000000000010111000111111101110 1e
b00100001001101010010001100110101 20
b00000000000010111000111111101101 25
#4137
b00000000000010111000111111101111 1e
b00100011001101100010010100110101 20
b00000000000010111000111111101110 25
#4138
b00000000000010111000111111110000 1e
b00100010001101100010001100110110 20
b00000000000010111000111111101111 25
#4139
b00000000000010111000111111110001 1e
b00100011001101100010001100110110 20
b00000000000010111000111111110000 25
#4140
b00000000000010111000111111110010 1e
b00100001001101000010001100110111 20
b00000000000010111000111111110001 25
#4141
b00000000000010111000111111110011 1e
b00100010001101010010000100110111 20
b00000000000010111000111111110010 25
#4142
b00000000000010111000111111110100 1e
b00100001001101110010000100110101 20
b00000000000010111000111111110011 25
#4143
b00000000000010111000111111110101 1e
b00100010001101000010001100110110 20
b00000000000010111000111111110100 25
#4144
b00000000000010111000111111110110 1e
b00100010001101110010010000110101 20
b00000000000010111000111111110101 25
#4145
b00000000000010111000111111110111 1e
b00100001001101110010001100110101 20
b00000000000010111000111111110110 25
#4146
b00000000000010111000111111111000 1e
b00100011001110010010001000110111 20
b00000000000010111000111111110111 25
#4147
b00000000000010111000111111111001 1e
b00100001001101010010001100110110 20
b00000000000010111000111111111000 25
#4148
b00000000000010111000111111111010 1e
b00100100001101100010010000111000 20
b00000000000010111000111111111001 25
#4149
b00000000000010111000111111111011 1e
b00100011001101100010001100111000 20
b00000000000010111000111111111010 25
#4150
b00000000000010111000111111111100 1e
b00100010001101100010001000110101 20
b00000000000010111000111111111011 25
#4151
b00000000000010111000111111111101 1e
b00100011001110000010001000110110 20
b00000000000010111000111111111100 25
#4152
b00000000000010111000111111111110 1e
b00100011001101010010001100111001 20
b00000000000010111000111111111101 25
#4153
b00000000000010111000111111111111 1e
b00100011001101110010001100110111 20
b00000000000010111000111111111110 25
#4154
b00000000000010111001000000000000 1e
b00000000000010111000111111111111 25
#4155
b00000000000010111001000000000001 1e
b00100011001101110010000100110101 20
b00000000000010111001000000000000 25
#4156
b00000000000010111001000000000010 1e
b00100011001101110010001100110111 20
b00000000000010111001000000000001 25
#4157
b00000000000010111001000000000011 1e
b00100100001101100010001100110110 20
b00000000000010111001000000000010 25
#4158
b00000000000010111001000000000100 1e
b00100011001110000010010000110101 20
b00000000000010111001000000000011 25
#4159
b00000000000010111001000000000101 1e
b00100001001101110010001000110110 20
b00000000000010111001000000000100 25
#4160
b00000000000010111001000000000110 1e
b00100011001101010010001100110101 20
b00000000000010111001000000000101 25
#4161
b00000000000010111001000000000111 1e
b00100101001101000010010000111000 20
b00000000000010111001000000000110 25
#4162
b00000000000010111001000000001000 1e
b00100100001101100010001100110111 20
b00000000000010111001000000000111 25
#4163
b00000000000010111001000000001001 1e
b00100011001101010010001100110111 20
b00000000000010111001000000001000 25
#4164
b00000000000010111001000000001010 1e
b00100100001100110010000100110100 20
b00000000000010111001000000001001 25
#4165
b00000000000010111001000000001011 1e
b00100011001101010010001100110100 20
b00000000000010111001000000001010 25
#4166
b00000000000010111001000000001100 1e
b00100010001101100010010000111000 20
b00000000000010111001000000001011 25
#4167
b00000000000010111001000000001101 1e
b00100100001101100010001100110111 20
b00000000000010111001000000001100 25
#4168
b00000000000010111001000000001110 1e
b00100011001101110010001100110101 20
b00000000000010111001000000001101 25
#4169
b00000000000010111001000000001111 1e
b00100011001101010010011000110111 20
b00000000000010111001000000001110 25
#4170
b00000000000010111001000000010000 1e
b00100100001110000010001100111001 20
b00000000000010111001000000001111 25
#4171
b00000000000010111001000000010001 1e
b00100010001101110010001000110111 20
b00000000000010111001000000010000 25
#4172
b00000000000010111001000000010010 1e
b00100011001101110010001100110111 20
b00000000000010111001000000010001 25
#4173
b00000000000010111001000000010011 1e
b00100011001110000010010000110111 20
b00000000000010111001000000010010 25
#4174
b00000000000010111001000000010100 1e
b00100001001101000010001100110101 20
b00000000000010111001000000010011 25
#4175
b00000000000010111001000000010101 1e
b00100011001101100010001000110101 20
b00000000000010111001000000010100 25
#4176
b00000000000010111001000000010110 1e
b00100011001101000010000100110100 20
b00000000000010111001000000010101 25
#4177
b00000000000010111001000000010111 1e
b00100011001101110010001000110101 20
b00000000000010111001000000010110 25
#4178
b00000000000010111001000000011000 1e
b00100101001101100010001100110110 20
b00000000000010111001000000010111 25
#4179
b00000000000010111001000000011001 1e
b00100011001110000010001000110111 20
b00000000000010111001000000011000 25
#4180
b00000000000010111001000000011010 1e
b00100011001101100010001100110110 20
b00000000000010111001000000011001 25
#4181
b00000000000010111001000000011011 1e
b00100010001101010010001100110011 20
b00000000000010111001000000011010 25
#4182
b00000000000010111001000000011100 1e
b00100011001101010010010000111001 20
b00000000000010111001000000011011 25
#4183
b00000000000010111001000000011101 1e
b00100100001110010010011000111000 20
b00000000000010111001000000011100 25
#4184
b00000000000010111001000000011110 1e
b00100011001101010010010000110111 20
b00000000000010111001000000011101 25
#4185
b00000000000010111001000000011111 1e
b00100100001101000010001100110111 20
b00000000000010111001000000011110 25
#4186
b00000000000010111001000000100000 1e
b00100011001101110010001000110111 20
b00000000000010111001000000011111 25
#4187
b00000000000010111001000000100001 1e
b00100011001101110010010000110101 20
b00000000000010111001000000100000 25
#4188
b00000000000010111001000000100010 1e
b00100101001110010010010100111000 20
b00000000000010111001000000100001 25
#4189
b00000000000010111001000000100011 1e
b00100100001101110010010000110101 20
b00000000000010111001000000100010 25
#4190
b00000000000010111001000000100100 1e
b00100101001101100010001100111000 20
b00000000000010111001000000100011 25
#4191
b00000000000010111001000000100101 1e
b00100010001110000010001000111000 20
b00000000000010111001000000100100 25
#4192
b00000000000010111001000000100110 1e
b00100110001101110010010000110101 20
b00000000000010111001000000100101 25
#4193
b00000000000010111001000000100111 1e
b00100101001110000010001100110101 20
b00000000000010111001000000100110 25
#4194
b00000000000010111001000000101000 1e
b00100011001110010010001100110111 20
b00000000000010111001000000100111 25
#4195
b00000000000010111001000000101001 1e
b00100011001101110010001100111000 20
b00000000000010111001000000101000 25
#4196
b00000000000010111001000000101010 1e
b00100011001101100010010000110110 20
b00000000000010111001000000101001 25
#4197
b00000000000010111001000000101011 1e
b00100001001101100010010100110110 20
b00000000000010111001000000101010 25
#4198
b00000000000010111001000000101100 1e
b00100100001101100010001100111010 20
b00000000000010111001000000101011 25
#4199
b00000000000010111001000000101101 1e
b00100011001110010010001000111000 20
b00000000000010111001000000101100 25
#4200
b00000000000010111001000000101110 1e
b00100011001101110010011000111010 20
b00000000000010111001000000101101 25
#4201
b00000000000010111001000000101111 1e
b00100100001110010010010000110110 20
b00000000000010111001000000101110 25
#4202
b00000000000010111001000000110000 1e
b00100010001101010010001100110101 20
b00000000000010111001000000101111 25
#4203
b00000000000010111001000000110001 1e
b00100101001101110010001000110101 20
b00000000000010111001000000110000 25
#4204
b00000000000010111001000000110010 1e
b00100100001110010010001100110101 20
b00000000000010111001000000110001 25
#4205
b00000000000010111001000000110011 1e
b00100011001101110010001100110111 20
b00000000000010111001000000110010 25
#4206
b00000000000010111001000000110100 1e
b00100001001100010010000100110110 20
b00000000000010111001000000110011 25
#4207
b00000000000010111001000000110101 1e
b00100100001100110010000100110000 20
b00000000000010111001000000110100 25
#4208
b00000000000010111001000000110110 1e
b00100010001101100010010000110111 20
b00000000000010111001000000110101 25
#4209
b00000000000010111001000000110111 1e
b00100100001110000010001100110111 20
b00000000000010111001000000110110 25
#4210
b00000000000010111001000000111000 1e
b00100100001101100010010000110111 20
b00000000000010111001000000110111 25
#4211
b00000000000010111001000000111001 1e
b00100100001110100010001100111001 20
b00000000000010111001000000111000 25
#4212
b00000000000010111001000000111010 1e
b00100101001101110010001100110101 20
b00000000000010111001000000111001 25
#4213
b00000000000010111001000000111011 1e
b00100011001110000010010000110111 20
b00000000000010111001000000111010 25
#4214
b00000000000010111001000000111100 1e
b00100110001101110010010000110110 20
b00000000000010111001000000111011 25
#4215
b00000000000010111001000000111101 1e
b00100100001110010010001000110110 20
b00000000000010111001000000111100 25
#4216
b00000000000010111001000000111110 1e
b00100101001110010010001100110111 20
b00000000000010111001000000111101 25
#4217
b00000000000010111001000000111111 1e
b00100100001101110010010100110111 20
b00000000000010111001000000111110 25
#4218
b00000000000010111001000001000000 1e
b00100100001101110010001100110110 20
b00000000000010111001000000111111 25
#4219
b00000000000010111001000001000001 1e
b00100011001110010010011000111001 20
b00000000000010111001000001000000 25
#4220
b00000000000010111001000001000010 1e
b00100011001110000010010100111000 20
b00000000000010111001000001000001 25
#4221
b00000000000010111001000001000011 1e
b00100010001110000010001100111001 20
b00000000000010111001000001000010 25
#4222
b00000000000010111001000001000100 1e
b00100110001101100010001000111000 20
b00000000000010111001000001000011 25
#4223
b00000000000010111001000001000101 1e
b00100011001101110010010100111001 20
b00000000000010111001000001000100 25
#4224
b00000000000010111001000001000110 1e
b00100011001110010010010100111000 20
b00000000000010111001000001000101 25
#4225
b00000000000010111001000001000111 1e
b00100011001110000010001100110111 20
b00000000000010111001000001000110 25
#4226
b00000000000010111001000001001000 1e
b00100101001101110010011000111010 20
b00000000000010111001000001000111 25
#4227
b00000000000010111001000001001001 1e
b00100011001110010010010100111001 20
b00000000000010111001000001001000 25
#4228
b00000000000010111001000001001010 1e
b00100101001101110010010100111000 20
b00000000000010111001000001001001 25
#4229
b00000000000010111001000001001011 1e
b00100010001110100010010000111001 20
b00000000000010111001000001001010 25
#4230
b00000000000010111001000001001100 1e
b00100100001101100010001100110110 20
b00000000000010111001000001001011 25
#4231
b00000000000010111001000001001101 1e
b00100100001110000010001100111010 20
b00000000000010111001000001001100 25
#4232
b00000000000010111001000001001110 1e
b00100011001101110010010000110111 20
b00000000000010111001000001001101 25
#4233
b00000000000010111001000001001111 1e
b00100010001110000010010100110111 20
b00000000000010111001000001001110 25
#4234
b00000000000010111001000001010000 1e
b00100010001101110010010000110111 20
b00000000000010111001000001001111 25
#4235
b00000000000010111001000001010001 1e
b00100100001110100010011000110111 20
b00000000000010111001000001010000 25
#4236
b00000000000010111001000001010010 1e
b00100011001101110010001100111001 20
b00000000000010111001000001010001 25
#4237
b00000000000010111001000001010011 1e
b00000000000010111001000001010010 25
#4238
b00000000000010111001000001010100 1e
b00100100001101110010010100110111 20
b00000000000010111001000001010011 25
#4239
b00000000000010111001000001010101 1e
b00100100001110100010010000111000 20
b00000000000010111001000001010100 25
#4240
b00000000000010111001000001010110 1e
b00100101001110000010011000111000 20
b00000000000010111001000001010101 25
#4241
b00000000000010111001000001010111 1e
b00100010001110100010010000111001 20
b00000000000010111001000001010110 25
#4242
b00000000000010111001000001011000 1e
b00100100001110100010010000111001 20
b00000000000010111001000001010111 25
#4243
b00000000000010111001000001011001 1e
b00100100001110000010011100111000 20
b00000000000010111001000001011000 25
#4244
b00000000000010111001000001011010 1e
b00100010001110000010010000111011 20
b00000000000010111001000001011001 25
#4245
b00000000000010111001000001011011 1e
b00100011001100000010001000110101 20
b00000000000010111001000001011010 25
#4246
b00000000000010111001000001011100 1e
b00100011001101110010001100110101 20
b00000000000010111001000001011011 25
#4247
b00000000000010111001000001011101 1e
b00100011001110010010001100111000 20
b00000000000010111001000001011100 25
#4248
b00000000000010111001000001011110 1e
b00100110001110010010001100110100 20
b00000000000010111001000001011101 25
#4249
b00000000000010111001000001011111 1e
b00100100001110100010010100111001 20
b00000000000010111001000001011110 25
#4250
b00000000000010111001000001100000 1e
b00100011001110100010001100110110 20
b00000000000010111001000001011111 25
#4251
b00000000000010111001000001100001 1e
b00100100001101010010001100111000 20
b00000000000010111001000001100000 25
#4252
b00000000000010111001000001100010 1e
b00100100001110010010001100111001 20
b00000000000010111001000001100001 25
#4253
b00000000000010111001000001100011 1e
b00100110001110010010011000110111 20
b00000000000010111001000001100010 25
#4254
b00000000000010111001000001100100 1e
b00100110001101110010001000111001 20
b00000000000010111001000001100011 25
#4255
b00000000000010111001000001100101 1e
b00100011001101110010001100110111 20
b00000000000010111001000001100100 25
#4256
b00000000000010111001000001100110 1e
b00100100001110010010010100110101 20
b00000000000010111001000001100101 25
#4257
b00000000000010111001000001100111 1e
b00100101001110110010010000111011 20
b00000000000010111001000001100110 25
#4258
b00000000000010111001000001101000 1e
b00100011001110010010010000111011 20
b00000000000010111001000001100111 25
#4259
b00000000000010111001000001101001 1e
b00100101001110100010001100111001 20
b00000000000010111001000001101000 25
#4260
b00000000000010111001000001101010 1e
b00100011001110100010010100111011 20
b00000000000010111001000001101001 25
#4261
b00000000000010111001000001101011 1e
b00100100001110010010010000111001 20
b00000000000010111001000001101010 25
#4262
b00000000000010111001000001101100 1e
b00100101001110010010010000111001 20
b00000000000010111001000001101011 25
#4263
b00000000000010111001000001101101 1e
b00100100001101100010010100111001 20
b00000000000010111001000001101100 25
#4264
b00000000000010111001000001101110 1e
b00100110001111000010010100110111 20
b00000000000010111001000001101101 25
#4265
b00000000000010111001000001101111 1e
b00100100001110010010001100111000 20
b00000000000010111001000001101110 25
#4266
b00000000000010111001000001110000 1e
b00100110001110010010011100111001 20
b00000000000010111001000001101111 25
#4267
b00000000000010111001000001110001 1e
b00100111001101010010010000111001 20
b00000000000010111001000001110000 25
#4268
b00000000000010111001000001110010 1e
b00100110001110010010001000110101 20
b00000000000010111001000001110001 25
#4269
b00000000000010111001000001110011 1e
b00100110001110110010011000111010 20
b00000000000010111001000001110010 25
#4270
b00000000000010111001000001110100 1e
b00100101001110010010010000111000 20
b00000000000010111001000001110011 25
#4271
b00000000000010111001000001110101 1e
b00100011001110010010010000111001 20
b00000000000010111001000001110100 25
#4272
b00000000000010111001000001110110 1e
b00100100001110100010010000111010 20
b00000000000010111001000001110101 25
#4273
b00000000000010111001000001110111 1e
b00100100001110000010010000111001 20
b00000000000010111001000001110110 25
#4274
b00000000000010111001000001111000 1e
b00100111001110000010010100111011 20
b00000000000010111001000001110111 25
#4275
b00000000000010111001000001111001 1e
b00100101001110000010010000111010 20
b00000000000010111001000001111000 25
#4276
b00000000000010111001000001111010 1e
b00100101001110010010010100111000 20
b00000000000010111001000001111001 25
#4277
b00000000000010111001000001111011 1e
b00100101001110010010010000111010 20
b00000000000010111001000001111010 25
#4278
b00000000000010111001000001111100 1e
b00100100001110010010011000111010 20
b00000000000010111001000001111011 25
#4279
b00000000000010111001000001111101 1e
b00100100001110100010010000111010 20
b00000000000010111001000001111100 25
#4280
b00000000000010111001000001111110 1e
b00100100001110000010011000111010 20
b00000000000010111001000001111101 25
#4281
b00000000000010111001000001111111 1e
b00100110001110010010010000110111 20
b00000000000010111001000001111110 25
#4282
b00000000000010111001000010000000 1e
b00100100001101110010011000111010 20
b00000000000010111001000001111111 25
#4283
b00000000000010111001000010000001 1e
b00100010001110000010011000111001 20
b00000000000010111001000010000000 25
#4284
b00000000000010111001000010000010 1e
b00100000001101010010000100110101 20
b00000000000010111001000010000001 25
#4285
b00000000000010111001000010000011 1e
b00100001001101000001111100110001 20
b00000000000010111001000010000010 25
#4286
b00000000000010111001000010000100 1e
b00100101001110010010001100110111 20
b00000000000010111001000010000011 25
#4287
b00000000000010111001000010000101 1e
b00100110001110110010010000111000 20
b00000000000010111001000010000100 25
#4288
b00000000000010111001000010000110 1e
b00100110001111000010010100111001 20
b00000000000010111001000010000101 25
#4289
b00000000000010111001000010000111 1e
b00100011001110000010001100111010 20
b00000000000010111001000010000110 25
#4290
b00000000000010111001000010001000 1e
b00100011001110100010010100111011 20
b00000000000010111001000010000111 25
#4291
b00000000000010111001000010001001 1e
b00100011001110000010011000111001 20
b00000000000010111001000010001000 25
#4292
b00000000000010111001000010001010 1e
b00101000001110110010010000111011 20
b00000000000010111001000010001001 25
#4293
b00000000000010111001000010001011 1e
b00100100001111010010001100111011 20
b00000000000010111001000010001010 25
#4294
b00000000000010111001000010001100 1e
b00100101001110110010011000111011 20
b00000000000010111001000010001011 25
#4295
b00000000000010111001000010001101 1e
b00100101001110000010010000111010 20
b00000000000010111001000010001100 25
#4296
b00000000000010111001000010001110 1e
b00100110001110010010011000111001 20
b00000000000010111001000010001101 25
#4297
b00000000000010111001000010001111 1e
b00100100001110110010010000111011 20
b00000000000010111001000010001110 25
#4298
b00000000000010111001000010010000 1e
b00100101001110000010010000111011 20
b00000000000010111001000010001111 25
#4299
b00000000000010111001000010010001 1e
b00100101001110010010011000111011 20
b00000000000010111001000010010000 25
#4300
b00000000000010111001000010010010 1e
b00100100001110110010010100111011 20
b00000000000010111001000010010001 25
#4301
b00000000000010111001000010010011 1e
b00100110001110000010010100111001 20
b00000000000010111001000010010010 25
#4302
b00000000000010111001000010010100 1e
b00100110001110100010010100111100 20
b00000000000010111001000010010011 25
#4303
b00000000000010111001000010010101 1e
b00100110001110110010011000111001 20
b00000000000010111001000010010100 25
#4304
b00000000000010111001000010010110 1e
b00100110001110010010010000111011 20
b00000000000010111001000010010101 25
#4305
b00000000000010111001000010010111 1e
b00100011001111110010100000110111 20
b00000000000010111001000010010110 25
#4306
b00000000000010111001000010011000 1e
b00100101001111000010011000111100 20
b00000000000010111001000010010111 25
#4307
b00000000000010111001000010011001 1e
b00100110001110110010011100111101 20
b00000000000010111001000010011000 25
#4308
b00000000000010111001000010011010 1e
b00100000001101010010001100111011 20
b00000000000010111001000010011001 25
#4309
b00000000000010111001000010011011 1e
b00100011001100100010000100110001 20
b00000000000010111001000010011010 25
#4310
b00000000000010111001000010011100 1e
b00100101001110010010011000111001 20
b00000000000010111001000010011011 25
#4311
b00000000000010111001000010011101 1e
b00100101001110010010011000111101 20
b00000000000010111001000010011100 25
#4312
b00000000000010111001000010011110 1e
b00100110001110110010011000111011 20
b00000000000010111001000010011101 25
#4313
b00000000000010111001000010011111 1e
b00100110001110100010010100111110 20
b00000000000010111001000010011110 25
#4314
b00000000000010111001000010100000 1e
b00100101001110110010011000111101 20
b00000000000010111001000010011111 25
#4315
b00000000000010111001000010100001 1e
b00100111001111000010010000111100 20
b00000000000010111001000010100000 25
#4316
b00000000000010111001000010100010 1e
b00100110001110110010011100111011 20
b00000000000010111001000010100001 25
#4317
b00000000000010111001000010100011 1e
b00101001001111010010010100111011 20
b00000000000010111001000010100010 25
#4318
b00000000000010111001000010100100 1e
b00100100001111000010011000111011 20
b00000000000010111001000010100011 25
#4319
b00000000000010111001000010100101 1e
b00100110001110010010010100111001 20
b00000000000010111001000010100100 25
#4320
b00000000000010111001000010100110 1e
b00100110001111100010011100111101 20
b00000000000010111001000010100101 25
#4321
b00000000000010111001000010100111 1e
b00100110001110100010010100111011 20
b00000000000010111001000010100110 25
#4322
b00000000000010111001000010101000 1e
b00100101001110100010011100111101 20
b00000000000010111001000010100111 25
#4323
b00000000000010111001000010101001 1e
b00100111001111000010011000111011 20
b00000000000010111001000010101000 25
#4324
b00000000000010111001000010101010 1e
b00100101001110110010011000111011 20
b00000000000010111001000010101001 25
#4325
b00000000000010111001000010101011 1e
b00101001001111100010011100111100 20
b00000000000010111001000010101010 25
#4326
b00000000000010111001000010101100 1e
b00100110001110110010010100111011 20
b00000000000010111001000010101011 25
#4327
b00000000000010111001000010101101 1e
b00100101001111000010010100111110 20
b00000000000010111001000010101100 25
#4328
b00000000000010111001000010101110 1e
b00100111001111010010011000111001 20
b00000000000010111001000010101101 25
#4329
b00000000000010111001000010101111 1e
b00100110001111010010011000111101 20
b00000000000010111001000010101110 25
#4330
b00000000000010111001000010110000 1e
b00100111001110010010011100111100 20
b00000000000010111001000010101111 25
#4331
b00000000000010111001000010110001 1e
b00100100001111000010010100111110 20
b00000000000010111001000010110000 25
#4332
b00000000000010111001000010110010 1e
b00100110001111000010011001000000 20
b00000000000010111001000010110001 25
#4333
b00000000000010111001000010110011 1e
b00100110001110010010010000111010 20
b00000000000010111001000010110010 25
#4334
b00000000000010111001000010110100 1e
b00100110001110110010010000111100 20
b00000000000010111001000010110011 25
#4335
b00000000000010111001000010110101 1e
b00100110001110110010010101000000 20
b00000000000010111001000010110100 25
#4336
b00000000000010111001000010110110 1e
b00100110001111000010011000111010 20
b00000000000010111001000010110101 25
#4337
b00000000000010111001000010110111 1e
b00101000001111000010011100111101 20
b00000000000010111001000010110110 25
#4338
b00000000000010111001000010111000 1e
b00100110001111010010011000111100 20
b00000000000010111001000010110111 25
#4339
b00000000000010111001000010111001 1e
b00100111001110100010011000111010 20
b00000000000010111001000010111000 25
#4340
b00000000000010111001000010111010 1e
b00100100001110100010010000111111 20
b00000000000010111001000010111001 25
#4341
b00000000000010111001000010111011 1e
b00100111001111000010100000111110 20
b00000000000010111001000010111010 25
#4342
b00000000000010111001000010111100 1e
b00100110001111010010001100111100 20
b00000000000010111001000010111011 25
#4343
b00000000000010111001000010111101 1e
b00100110001110110010011100111011 20
b00000000000010111001000010111100 25
#4344
b00000000000010111001000010111110 1e
b00100110001110110010011100111101 20
b00000000000010111001000010111101 25
#4345
b00000000000010111001000010111111 1e
b00100110001111110010010000111001 20
b00000000000010111001000010111110 25
#4346
b00000000000010111001000011000000 1e
b00100110001111010010100000111101 20
b00000000000010111001000010111111 25
#4347
b00000000000010111001000011000001 1e
b00100110001111000010011100111101 20
b00000000000010111001000011000000 25
#4348
b00000000000010111001000011000010 1e
b00100110001111010010011000111110 20
b00000000000010111001000011000001 25
#4349
b00000000000010111001000011000011 1e
b00100110001111010010011100111110 20
b00000000000010111001000011000010 25
#4350
b00000000000010111001000011000100 1e
b00100110001111010010011100111101 20
b00000000000010111001000011000011 25
#4351
b00000000000010111001000011000101 1e
b00100110001111010010011100111110 20
b00000000000010111001000011000100 25
#4352
b00000000000010111001000011000110 1e
b00100110001111110010011000111101 20
b00000000000010111001000011000101 25
#4353
b00000000000010111001000011000111 1e
b00100101001110110010100000111010 20
b00000000000010111001000011000110 25
#4354
b00000000000010111001000011001000 1e
b00100110001111100010011100111101 20
b00000000000010111001000011000111 25
#4355
b00000000000010111001000011001001 1e
b00011111001100100010010100111100 20
b00000000000010111001000011001000 25
#4356
b00000000000010111001000011001010 1e
b00100110001110000010001100110000 20
b00000000000010111001000011001001 25
#4357
b00000000000010111001000011001011 1e
b00100111001111110010011000111101 20
b00000000000010111001000011001010 25
#4358
b00000000000010111001000011001100 1e
b00100111001111000010011000111101 20
b00000000000010111001000011001011 25
#4359
b00000000000010111001000011001101 1e
b00100011001111100010011101000000 20
b00000000000010111001000011001100 25
#4360
b00000000000010111001000011001110 1e
b00100111001111010010011000111011 20
b00000000000010111001000011001101 25
#4361
b00000000000010111001000011001111 1e
b00100111010000000010011100111011 20
b00000000000010111001000011001110 25
#4362
b00000000000010111001000011010000 1e
b00100111001111010010100001000000 20
b00000000000010111001000011001111 25
#4363
b00000000000010111001000011010001 1e
b00100101001111100010011000111111 20
b00000000000010111001000011010000 25
#4364
b00000000000010111001000011010010 1e
b00100110001111010010011000111110 20
b00000000000010111001000011010001 25
#4365
b00000000000010111001000011010011 1e
b00100111001110100010011000111100 20
b00000000000010111001000011010010 25
#4366
b00000000000010111001000011010100 1e
b00100100001110100010010100111001 20
b00000000000010111001000011010011 25
#4367
b00000000000010111001000011010101 1e
b00100101001111010010011000111101 20
b00000000000010111001000011010100 25
#4368
b00000000000010111001000011010110 1e
b00100111010000000010010100111101 20
b00000000000010111001000011010101 25
#4369
b00000000000010111001000011010111 1e
b00100111010000000010011000111101 20
b00000000000010111001000011010110 25
#4370
b00000000000010111001000011011000 1e
b00101000010000000010011000111011 20
b00000000000010111001000011010111 25
#4371
b00000000000010111001000011011001 1e
b00100111001111110010011000111100 20
b00000000000010111001000011011000 25
#4372
b00000000000010111001000011011010 1e
b00101000001110110010100000111101 20
b00000000000010111001000011011001 25
#4373
b00000000000010111001000011011011 1e
b00100111010000010010011100111110 20
b00000000000010111001000011011010 25
#4374
b00000000000010111001000011011100 1e
b00100110001111010010100000111101 20
b00000000000010111001000011011011 25
#4375
b00000000000010111001000011011101 1e
b00100110010000000010010100111110 20
b00000000000010111001000011011100 25
#4376
b00000000000010111001000011011110 1e
b00100111001111010010010101000001 20
b00000000000010111001000011011101 25
#4377
b00000000000010111001000011011111 1e
b00100110001111000010011000111100 20
b00000000000010111001000011011110 25
#4378
b00000000000010111001000011100000 1e
b00101000001111110010100100111100 20
b00000000000010111001000011011111 25
#4379
b00000000000010111001000011100001 1e
b00101000010000100010011100111101 20
b00000000000010111001000011100000 25
#4380
b00000000000010111001000011100010 1e
b00101000001111010010010100111100 20
b00000000000010111001000011100001 25
#4381
b00000000000010111001000011100011 1e
b00100100001111000010011000111111 20
b00000000000010111001000011100010 25
#4382
b00000000000010111001000011100100 1e
b00100110001111100010011100111101 20
b00000000000010111001000011100011 25
#4383
b00000000000010111001000011100101 1e
b00100110001111000010010100111000 20
b00000000000010111001000011100100 25
#4384
b00000000000010111001000011100110 1e
b00100101001111010010011000111100 20
b00000000000010111001000011100101 25
#4385
b00000000000010111001000011100111 1e
b00100111001111100010011101000000 20
b00000000000010111001000011100110 25
#4386
b00000000000010111001000011101000 1e
b00100111001111000010011100111110 20
b00000000000010111001000011100111 25
#4387
b00000000000010111001000011101001 1e
b00100111010000000010011100111101 20
b00000000000010111001000011101000 25
#4388
b00000000000010111001000011101010 1e
b00101000001110110010100000111111 20
b00000000000010111001000011101001 25
#4389
b00000000000010111001000011101011 1e
b00100111001111100010100000111111 20
b00000000000010111001000011101010 25
#4390
b00000000000010111001000011101100 1e
b00100111001111010010011000111100 20
b00000000000010111001000011101011 25
#4391
b00000000000010111001000011101101 1e
b00100110001111010010100000111111 20
b00000000000010111001000011101100 25
#4392
b00000000000010111001000011101110 1e
b00101000010000100010100100111101 20
b00000000000010111001000011101101 25
#4393
b00000000000010111001000011101111 1e
b00100110001111000010100000111110 20
b00000000000010111001000011101110 25
#4394
b00000000000010111001000011110000 1e
b00100101001111010010100001000001 20
b00000000000010111001000011101111 25
#4395
b00000000000010111001000011110001 1e
b00100111001111100010100001000001 20
b00000000000010111001000011110000 25
#4396
b00000000000010111001000011110010 1e
b00100111010000000010011101000000 20
b00000000000010111001000011110001 25
#4397
b00000000000010111001000011110011 1e
b00100110001111100010011000111111 20
b00000000000010111001000011110010 25
#4398
b00000000000010111001000011110100 1e
b00100110010000000010100000111111 20
b00000000000010111001000011110011 25
#4399
b00000000000010111001000011110101 1e
b00101000001111000010100000111111 20
b00000000000010111001000011110100 25
#4400
b00000000000010111001000011110110 1e
b00101000001111110010011000111110 20
b00000000000010111001000011110101 25
#4401
b00000000000010111001000011110111 1e
b00101000001111100010011000111011 20
b00000000000010111001000011110110 25
#4402
b00000000000010111001000011111000 1e
b00101000001111100010100000111101 20
b00000000000010111001000011110111 25
#4403
b00000000000010111001000011111001 1e
b00100101001111000010011001000010 20
b00000000000010111001000011111000 25
#4404
b00000000000010111001000011111010 1e
b00100111001111010010010000111000 20
b00000000000010111001000011111001 25
#4405
b00000000000010111001000011111011 1e
b00101001001111010010100001000000 20
b00000000000010111001000011111010 25
#4406
b00000000000010111001000011111100 1e
b00100100001101010010011000111101 20
b00000000000010111001000011111011 25
#4407
b00000000000010111001000011111101 1e
b00100110001111010010011000111000 20
b00000000000010111001000011111100 25
#4408
b00000000000010111001000011111110 1e
b00101000001111110010011000111101 20
b00000000000010111001000011111101 25
#4409
b00000000000010111001000011111111 1e
b00100111010000000010011101000010 20
b00000000000010111001000011111110 25
#4410
b00000000000010111001000100000000 1e
b00101001001111100010100000111111 20
b00000000000010111001000011111111 25
#4411
b00000000000010111001000100000001 1e
b00100111001111110010100100111111 20
b00000000000010111001000100000000 25
#4412
b00000000000010111001000100000010 1e
b00100010001101110010010000111000 20
b00000000000010111001000100000001 25
#4413
b00000000000010111001000100000011 1e
b00101001001111010010011100110110 20
b00000000000010111001000100000010 25
#4414
b00000000000010111001000100000100 1e
b00101000001111000010011100111111 20
b00000000000010111001000100000011 25
#4415
b00000000000010111001000100000101 1e
b00101000001111110010011001000001 20
b00000000000010111001000100000100 25
#4416
b00000000000010111001000100000110 1e
b00101000001111100010100000111101 20
b00000000000010111001000100000101 25
#4417
b00000000000010111001000100000111 1e
b00100111010000100010100001000001 20
b00000000000010111001000100000110 25
#4418
b00000000000010111001000100001000 1e
b00100111010000010010100000111111 20
b00000000000010111001000100000111 25
#4419
b00000000000010111001000100001001 1e
b00100111001111110010010101000000 20
b00000000000010111001000100001000 25
#4420
b00000000000010111001000100001010 1e
b00100111001111100010100000111101 20
b00000000000010111001000100001001 25
#4421
b00000000000010111001000100001011 1e
b00100111010000000010011001000010 20
b00000000000010111001000100001010 25
#4422
b00000000000010111001000100001100 1e
b00100111010000100010011001000001 20
b00000000000010111001000100001011 25
#4423
b00000000000010111001000100001101 1e
b00100011001110010010100000111110 20
b00000000000010111001000100001100 25
#4424
b00000000000010111001000100001110 1e
b00100110001101000010000100110000 20
b00000000000010111001000100001101 25
#4425
b00000000000010111001000100001111 1e
b00100110010000000010011000111111 20
b00000000000010111001000100001110 25
#4426
b00000000000010111001000100010000 1e
b00100110010000000010101001000000 20
b00000000000010111001000100001111 25
#4427
b00000000000010111001000100010001 1e
b00101000010000000010010101000001 20
b00000000000010111001000100010000 25
#4428
b00000000000010111001000100010010 1e
b00100111001111110010011101000100 20
b00000000000010111001000100010001 25
#4429
b00000000000010111001000100010011 1e
b00100111001111100010100000111110 20
b00000000000010111001000100010010 25
#4430
b00000000000010111001000100010100 1e
b00101000001111110010100000111111 20
b00000000000010111001000100010011 25
#4431
b00000000000010111001000100010101 1e
b00101000010000000010100001000000 20
b00000000000010111001000100010100 25
#4432
b00000000000010111001000100010110 1e
b00101000001111110010100001000000 20
b00000000000010111001000100010101 25
#4433
b00000000000010111001000100010111 1e
b00101001010000000010100101000010 20
b00000000000010111001000100010110 25
#4434
b00000000000010111001000100011000 1e
b00100111010000000010011000111101 20
b00000000000010111001000100010111 25
#4435
b00000000000010111001000100011001 1e
b00100110001111100010011001000010 20
b00000000000010111001000100011000 25
#4436
b00000000000010111001000100011010 1e
b00101000001111110010100100111100 20
b00000000000010111001000100011001 25
#4437
b00000000000010111001000100011011 1e
b00100111010000010010100000111110 20
b00000000000010111001000100011010 25
#4438
b00000000000010111001000100011100 1e
b00101001001111010010100000111111 20
b00000000000010111001000100011011 25
#4439
b00000000000010111001000100011101 1e
b00100111010000010010011101000010 20
b00000000000010111001000100011100 25
#4440
b00000000000010111001000100011110 1e
b00101000010000010010100000111111 20
b00000000000010111001000100011101 25
#4441
b00000000000010111001000100011111 1e
b00101000001111110010011001000001 20
b00000000000010111001000100011110 25
#4442
b00000000000010111001000100100000 1e
b00100110001111010010100001000000 20
b00000000000010111001000100011111 25
#4443
b00000000000010111001000100100001 1e
b00100101001111000010100001000000 20
b00000000000010111001000100100000 25
#4444
b00000000000010111001000100100010 1e
b00100111010000000010100000111010 20
b00000000000010111001000100100001 25
#4445
b00000000000010111001000100100011 1e
b00101000010000010010100001000000 20
b00000000000010111001000100100010 25
#4446
b00000000000010111001000100100100 1e
b00101001010001000010100001000000 20
b00000000000010111001000100100011 25
#4447
b00000000000010111001000100100101 1e
b00101001001111110010100001000010 20
b00000000000010111001000100100100 25
#4448
b00000000000010111001000100100110 1e
b00101000001111100010100000111111 20
b00000000000010111001000100100101 25
#4449
b00000000000010111001000100100111 1e
b00101001010000000010100001000011 20
b00000000000010111001000100100110 25
#4450
b00000000000010111001000100101000 1e
b00101001010000000010011001000010 20
b00000000000010111001000100100111 25
#4451
b00000000000010111001000100101001 1e
b00101000010000100010100001000001 20
b00000000000010111001000100101000 25
#4452
b00000000000010111001000100101010 1e
b00100111001111100010100000111101 20
b00000000000010111001000100101001 25
#4453
b00000000000010111001000100101011 1e
b00100111001111100010011101000001 20
b00000000000010111001000100101010 25
#4454
b00000000000010111001000100101100 1e
b00100101010000010010101001000000 20
b00000000000010111001000100101011 25
#4455
b00000000000010111001000100101101 1e
b00100100001110110010011001000000 20
b00000000000010111001000100101100 25
#4456
b00000000000010111001000100101110 1e
b00101000010000010010100001000000 20
b00000000000010111001000100101101 25
#4457
b00000000000010111001000100101111 1e
b00101000010000000010100100111110 20
b00000000000010111001000100101110 25
#4458
b00000000000010111001000100110000 1e
b00100111010000100010011101000000 20
b00000000000010111001000100101111 25
#4459
b00000000000010111001000100110001 1e
b00101000001111110010100000111100 20
b00000000000010111001000100110000 25
#4460
b00000000000010111001000100110010 1e
b00101010001111100010100001000011 20
b00000000000010111001000100110001 25
#4461
b00000000000010111001000100110011 1e
b00101000001111110010100100111111 20
b00000000000010111001000100110010 25
#4462
b00000000000010111001000100110100 1e
b00100110001111110010011101000000 20
b00000000000010111001000100110011 25
#4463
b00000000000010111001000100110101 1e
b00100111001111000010001100111111 20
b00000000000010111001000100110100 25
#4464
b00000000000010111001000100110110 1e
b00101010001111110010100101000000 20
b00000000000010111001000100110101 25
#4465
b00000000000010111001000100110111 1e
b00101000010000010010101001000010 20
b00000000000010111001000100110110 25
#4466
b00000000000010111001000100111000 1e
b00101010010000110010011100111111 20
b00000000000010111001000100110111 25
#4467
b00000000000010111001000100111001 1e
b00101011001111010010100001000001 20
b00000000000010111001000100111000 25
#4468
b00000000000010111001000100111010 1e
b00100111010000000010011100111111 20
b00000000000010111001000100111001 25
#4469
b00000000000010111001000100111011 1e
b00100111001111100010100101000010 20
b00000000000010111001000100111010 25
#4470
b00000000000010111001000100111100 1e
b00101000010000010010100001000000 20
b00000000000010111001000100111011 25
#4471
b00000000000010111001000100111101 1e
b00100111010000100010011001000000 20
b00000000000010111001000100111100 25
#4472
b00000000000010111001000100111110 1e
b00101000001111000010100001000000 20
b00000000000010111001000100111101 25
#4473
b00000000000010111001000100111111 1e
b00101001010000000010011100111110 20
b00000000000010111001000100111110 25
#4474
b00000000000010111001000101000000 1e
b00101001001111110010100100111110 20
b00000000000010111001000100111111 25
#4475
b00000000000010111001000101000001 1e
b00100111010000010010100000111101 20
b00000000000010111001000101000000 25
#4476
b00000000000010111001000101000010 1e
b00100101010000000010100001000001 20
b00000000000010111001000101000001 25
#4477
b00000000000010111001000101000011 1e
b00101000010000000010100001000010 20
b00000000000010111001000101000010 25
#4478
b00000000000010111001000101000100 1e
b00101000001111110010100000111101 20
b00000000000010111001000101000011 25
#4479
b00000000000010111001000101000101 1e
b00100111010000100010011001000010 20
b00000000000010111001000101000100 25
#4480
b00000000000010111001000101000110 1e
b00100101010000000010100001000000 20
b00000000000010111001000101000101 25
#4481
b00000000000010111001000101000111 1e
b00101000001111010010100000111111 20
b00000000000010111001000101000110 25
#4482
b00000000000010111001000101001000 1e
b00100111001111110010100001000001 20
b00000000000010111001000101000111 25
#4483
b00000000000010111001000101001001 1e
b00101000010000000010011000111111 20
b00000000000010111001000101001000 25
#4484
b00000000000010111001000101001010 1e
b00101000001111100010100001000000 20
b00000000000010111001000101001001 25
#4485
b00000000000010111001000101001011 1e
b00100111010000010010100001000000 20
b00000000000010111001000101001010 25
#4486
b00000000000010111001000101001100 1e
b00101010010000110010011000111111 20
b00000000000010111001000101001011 25
#4487
b00000000000010111001000101001101 1e
b00101000010000100010011100111111 20
b00000000000010111001000101001100 25
#4488
b00000000000010111001000101001110 1e
b00101001001111100010011100111111 20
b00000000000010111001000101001101 25
#4489
b00000000000010111001000101001111 1e
b00100111001111110010011001000010 20
b00000000000010111001000101001110 25
#4490
b00000000000010111001000101010000 1e
b00101000010000000010011101000010 20
b00000000000010111001000101001111 25
#4491
b00000000000010111001000101010001 1e
b00101000001111110010100100111101 20
b00000000000010111001000101010000 25
#4492
b00000000000010111001000101010010 1e
b00101010010000100010100001000001 20
b00000000000010111001000101010001 25
#4493
b00000000000010111001000101010011 1e
b00100111001111010010100100111111 20
b00000000000010111001000101010010 25
#4494
b00000000000010111001000101010100 1e
b00101000010000110010100001000000 20
b00000000000010111001000101010011 25
#4495
b00000000000010111001000101010101 1e
b00101000010000010010011001000001 20
b00000000000010111001000101010100 25
#4496
b00000000000010111001000101010110 1e
b00100110010000000010100001000001 20
b00000000000010111001000101010101 25
#4497
b00000000000010111001000101010111 1e
b00101001010000100010100100111111 20
b00000000000010111001000101010110 25
#4498
b00000000000010111001000101011000 1e
b00100111010000100010100101000000 20
b00000000000010111001000101010111 25
#4499
b00000000000010111001000101011001 1e
b00101000001111110010100001000010 20
b00000000000010111001000101011000 25
#4500
b00000000000010111001000101011010 1e
b00101010010001000010100001000001 20
b00000000000010111001000101011001 25
#4501
b00000000000010111001000101011011 1e
b00101000010000010010100101000000 20
b00000000000010111001000101011010 25
#4502
b00000000000010111001000101011100 1e
b00100111010000100010100100111111 20
b00000000000010111001000101011011 25
#4503
b00000000000010111001000101011101 1e
b00101000010000100010011100111110 20
b00000000000010111001000101011100 25
#4504
b00000000000010111001000101011110 1e
b00101000010000000010100101000000 20
b00000000000010111001000101011101 25
#4505
b00000000000010111001000101011111 1e
b00101001010000000010100001000001 20
b00000000000010111001000101011110 25
#4506
b00000000000010111001000101100000 1e
b00101001010000100010100001000001 20
b00000000000010111001000101011111 25
#4507
b00000000000010111001000101100001 1e
b00101000001111100010101101000001 20
b00000000000010111001000101100000 25
#4508
b00000000000010111001000101100010 1e
b00101001010000010010100101000010 20
b00000000000010111001000101100001 25
#4509
b00000000000010111001000101100011 1e
b00100111010000010010100001000001 20
b00000000000010111001000101100010 25
#4510
b00000000000010111001000101100100 1e
b00100111010000000010011101000010 20
b00000000000010111001000101100011 25
#4511
b00000000000010111001000101100101 1e
b00101000001111110010100101000000 20
b00000000000010111001000101100100 25
#4512
b00000000000010111001000101100110 1e
b00101001010000000010100001000001 20
b00000000000010111001000101100101 25
#4513
b00000000000010111001000101100111 1e
b00101000010000000010100101000000 20
b00000000000010111001000101100110 25
#4514
b00000000000010111001000101101000 1e
b00101000010000100010100001000001 20
b00000000000010111001000101100111 25
#4515
b00000000000010111001000101101001 1e
b00101000010000100010100001000011 20
b00000000000010111001000101101000 25
#4516
b00000000000010111001000101101010 1e
b00101000010000100010011100111110 20
b00000000000010111001000101101001 25
#4517
b00000000000010111001000101101011 1e
b00100111010001000010100101000010 20
b00000000000010111001000101101010 25
#4518
b00000000000010111001000101101100 1e
b00101000010001000010101001000010 20
b00000000000010111001000101101011 25
#4519
b00000000000010111001000101101101 1e
b00101000010000100010100100111111 20
b00000000000010111001000101101100 25
#4520
b00000000000010111001000101101110 1e
b00101000010000000010011100111111 20
b00000000000010111001000101101101 25
#4521
b00000000000010111001000101101111 1e
b00101001010000100010011101000010 20
b00000000000010111001000101101110 25
#4522
b00000000000010111001000101110000 1e
b00101001010000100010100101000010 20
b00000000000010111001000101101111 25
#4523
b00000000000010111001000101110001 1e
b00101000010000110010101001000010 20
b00000000000010111001000101110000 25
#4524
b00000000000010111001000101110010 1e
b00101000010000100010100001000010 20
b00000000000010111001000101110001 25
#4525
b00000000000010111001000101110011 1e
b00101010010001000010101001000010 20
b00000000000010111001000101110010 25
#4526
b00000000000010111001000101110100 1e
b00101000010000000010100001000011 20
b00000000000010111001000101110011 25
#4527
b00000000000010111001000101110101 1e
b00101001010000110010011101000000 20
b00000000000010111001000101110100 25
#4528
b00000000000010111001000101110110 1e
b00101010010000010010101001000010 20
b00000000000010111001000101110101 25
#4529
b00000000000010111001000101110111 1e
b00101010010000100010100101000000 20
b00000000000010111001000101110110 25
#4530
b00000000000010111001000101111000 1e
b00101010010000100010100101000010 20
b00000000000010111001000101110111 25
#4531
b00000000000010111001000101111001 1e
b00101000010001000010101001000010 20
b00000000000010111001000101111000 25
#4532
b00000000000010111001000101111010 1e
b00101001010000000010100001000000 20
b00000000000010111001000101111001 25
#4533
b00000000000010111001000101111011 1e
b00100111010000000010100001000010 20
b00000000000010111001000101111010 25
#4534
b00000000000010111001000101111100 1e
b00100111001111110010100101000010 20
b00000000000010111001000101111011 25
#4535
b00000000000010111001000101111101 1e
b00101001010000100010101000111111 20
b00000000000010111001000101111100 25
#4536
b00000000000010111001000101111110 1e
b00100101001111010010100001000010 20
b00000000000010111001000101111101 25
#4537
b00000000000010111001000101111111 1e
b00100101001111000010011000111101 20
b00000000000010111001000101111110 25
#4538
b00000000000010111001000110000000 1e
b00100111001111010010011000111100 20
b00000000000010111001000101111111 25
#4539
b00000000000010111001000110000001 1e
b00100111001111110010011000111110 20
b00000000000010111001000110000000 25
#4540
b00000000000010111001000110000010 1e
b00101000001111110010010100111111 20
b00000000000010111001000110000001 25
#4541
b00000000000010111001000110000011 1e
b00100110001110110010011000111101 20
b00000000000010111001000110000010 25
#4542
b00000000000010111001000110000100 1e
b00100111010000100010011000111111 20
b00000000000010111001000110000011 25
#4543
b00000000000010111001000110000101 1e
b00101000001111010010011000111101 20
b00000000000010111001000110000100 25
#4544
b00000000000010111001000110000110 1e
b00100111001110110010010100111111 20
b00000000000010111001000110000101 25
#4545
b00000000000010111001000110000111 1e
b00100110001111100010011100111111 20
b00000000000010111001000110000110 25
#4546
b00000000000010111001000110001000 1e
b00100111010000000010011101000000 20
b00000000000010111001000110000111 25
#4547
b00000000000010111001000110001001 1e
b00100101001110100010011000111101 20
b00000000000010111001000110001000 25
#4548
b00000000000010111001000110001010 1e
b00101000001111010010100000111101 20
b00000000000010111001000110001001 25
#4549
b00000000000010111001000110001011 1e
b00100110001111000010011000111110 20
b00000000000010111001000110001010 25
#4550
b00000000000010111001000110001100 1e
b00100110001111110010011000111110 20
b00000000000010111001000110001011 25
#4551
b00000000000010111001000110001101 1e
b00100101001111010010011000111101 20
b00000000000010111001000110001100 25
#4552
b00000000000010111001000110001110 1e
b00100100001101010010010000110111 20
b00000000000010111001000110001101 25
#4553
b00000000000010111001000110001111 1e
b00100111010000000010011000111101 20
b00000000000010111001000110001110 25
#4554
b00000000000010111001000110010000 1e
b00100110001111110010100001000001 20
b00000000000010111001000110001111 25
#4555
b00000000000010111001000110010001 1e
b00100110010000010010100001000001 20
b00000000000010111001000110010000 25
#4556
b00000000000010111001000110010010 1e
b00101010001111110010100101000100 20
b00000000000010111001000110010001 25
#4557
b00000000000010111001000110010011 1e
b00100011001111110010011001000001 20
b00000000000010111001000110010010 25
#4558
b00000000000010111001000110010100 1e
b00100011001101110010000100110110 20
b00000000000010111001000110010011 25
#4559
b00000000000010111001000110010101 1e
b00101001001111010010001100111011 20
b00000000000010111001000110010100 25
#4560
b00000000000010111001000110010110 1e
b00101000010000100010011001000001 20
b00000000000010111001000110010101 25
#4561
b00000000000010111001000110010111 1e
b00101010010001000010100001000001 20
b00000000000010111001000110010110 25
#4562
b00000000000010111001000110011000 1e
b00101001010001000010100101000010 20
b00000000000010111001000110010111 25
#4563
b00000000000010111001000110011001 1e
b00101001010000100010100101000001 20
b00000000000010111001000110011000 25
#4564
b00000000000010111001000110011010 1e
b00101011010000100010100101000000 20
b00000000000010111001000110011001 25
#4565
b00000000000010111001000110011011 1e
b00100111010001000010100100111111 20
b00000000000010111001000110011010 25
#4566
b00000000000010111001000110011100 1e
b00101000001111110010100000111110 20
b00000000000010111001000110011011 25
#4567
b00000000000010111001000110011101 1e
b00101000010000100010100001000000 20
b00000000000010111001000110011100 25
#4568
b00000000000010111001000110011110 1e
b00101001010000110010100001000000 20
b00000000000010111001000110011101 25
#4569
b00000000000010111001000110011111 1e
b00101000010000100010100101000010 20
b00000000000010111001000110011110 25
#4570
b00000000000010111001000110100000 1e
b00101010010000110010100001000011 20
b00000000000010111001000110011111 25
#4571
b00000000000010111001000110100001 1e
b00101010010001000010100101000000 20
b00000000000010111001000110100000 25
#4572
b00000000000010111001000110100010 1e
b00100111010000100010101001000100 20
b00000000000010111001000110100001 25
#4573
b00000000000010111001000110100011 1e
b00100010001101110010011100111101 20
b00000000000010111001000110100010 25
#4574
b00000000000010111001000110100100 1e
b00101000001110010010001100110100 20
b00000000000010111001000110100011 25
#4575
b00000000000010111001000110100101 1e
b00100111010000100010100101000000 20
b00000000000010111001000110100100 25
#4576
b00000000000010111001000110100110 1e
b00101001010000000010100001000011 20
b00000000000010111001000110100101 25
#4577
b00000000000010111001000110100111 1e
b00101001010000100010100101000010 20
b00000000000010111001000110100110 25
#4578
b00000000000010111001000110101000 1e
b00101001010000100010100001000010 20
b00000000000010111001000110100111 25
#4579
b00000000000010111001000110101001 1e
b00101000010001010010100001000010 20
b00000000000010111001000110101000 25
#4580
b00000000000010111001000110101010 1e
b00100111010000000010011101000100 20
b00000000000010111001000110101001 25
#4581
b00000000000010111001000110101011 1e
b00101000001111110010100101000001 20
b00000000000010111001000110101010 25
#4582
b00000000000010111001000110101100 1e
b00101010010001000010100101000001 20
b00000000000010111001000110101011 25
#4583
b00000000000010111001000110101101 1e
b00100101001110110010100101000001 20
b00000000000010111001000110101100 25
#4584
b00000000000010111001000110101110 1e
b00100011001110000010001100110110 20
b00000000000010111001000110101101 25
#4585
b00000000000010111001000110101111 1e
b00101001001111100010011100111111 20
b00000000000010111001000110101110 25
#4586
b00000000000010111001000110110000 1e
b00101001010000110010101101000111 20
b00000000000010111001000110101111 25
#4587
b00000000000010111001000110110001 1e
b00101001001111110010100001000000 20
b00000000000010111001000110110000 25
#4588
b00000000000010111001000110110010 1e
b00101000010000010010100001000010 20
b00000000000010111001000110110001 25
#4589
b00000000000010111001000110110011 1e
b00101001010001000010101101000011 20
b00000000000010111001000110110010 25
#4590
b00000000000010111001000110110100 1e
b00100110010000100010100101000011 20
b00000000000010111001000110110011 25
#4591
b00000000000010111001000110110101 1e
b00101001010000100010100101000101 20
b00000000000010111001000110110100 25
#4592
b00000000000010111001000110110110 1e
b00101001010001000010101001000010 20
b00000000000010111001000110110101 25
#4593
b00000000000010111001000110110111 1e
b00101010010000100010100001000010 20
b00000000000010111001000110110110 25
#4594
b00000000000010111001000110111000 1e
b00101010010000110010100001000000 20
b00000000000010111001000110110111 25
#4595
b00000000000010111001000110111001 1e
b00101001010000100010100101000110 20
b00000000000010111001000110111000 25
#4596
b00000000000010111001000110111010 1e
b00101000010001000010101001000010 20
b00000000000010111001000110111001 25
#4597
b00000000000010111001000110111011 1e
b00101001010001000010101001000100 20
b00000000000010111001000110111010 25
#4598
b00000000000010111001000110111100 1e
b00101000010000110010100000111111 20
b00000000000010111001000110111011 25
#4599
b00000000000010111001000110111101 1e
b00101001010000100010100001000010 20
b00000000000010111001000110111100 25
#4600
b00000000000010111001000110111110 1e
b00101001010000010010100101000011 20
b00000000000010111001000110111101 25
#4601
b00000000000010111001000110111111 1e
b00101001010000110010101001000010 20
b00000000000010111001000110111110 25
#4602
b00000000000010111001000111000000 1e
b00100110010000100010100101000101 20
b00000000000010111001000110111111 25
#4603
b00000000000010111001000111000001 1e
b00101000001111100010011100111100 20
b00000000000010111001000111000000 25
#4604
b00000000000010111001000111000010 1e
b00100111010000100010011101000001 20
b00000000000010111001000111000001 25
#4605
b00000000000010111001000111000011 1e
b00101000010000110010100101000110 20
b00000000000010111001000111000010 25
#4606
b00000000000010111001000111000100 1e
b00101000010000100010100001000011 20
b00000000000010111001000111000011 25
#4607
b00000000000010111001000111000101 1e
b00101001010000110010100101000011 20
b00000000000010111001000111000100 25
#4608
b00000000000010111001000111000110 1e
b00101000010000000010011001000001 20
b00000000000010111001000111000101 25
#4609
b00000000000010111001000111000111 1e
b00101001010000000010100101000001 20
b00000000000010111001000111000110 25
#4610
b00000000000010111001000111001000 1e
b00101000010000010010100101000001 20
b00000000000010111001000111000111 25
#4611
b00000000000010111001000111001001 1e
b00101000010000000010011101000010 20
b00000000000010111001000111001000 25
#4612
b00000000000010111001000111001010 1e
b00101010010000000010101001000001 20
b00000000000010111001000111001001 25
#4613
b00000000000010111001000111001011 1e
b00101001010000010010101101000110 20
b00000000000010111001000111001010 25
#4614
b00000000000010111001000111001100 1e
b00101100010001100010101001000000 20
b00000000000010111001000111001011 25
#4615
b00000000000010111001000111001101 1e
b00101000010000100010100001000100 20
b00000000000010111001000111001100 25
#4616
b00000000000010111001000111001110 1e
b00100110001111000010100000111110 20
b00000000000010111001000111001101 25
#4617
b00000000000010111001000111001111 1e
b00100111010000100010100000111101 20
b00000000000010111001000111001110 25
#4618
b00000000000010111001000111010000 1e
b00101000010001000010101001000011 20
b00000000000010111001000111001111 25
#4619
b00000000000010111001000111010001 1e
b00101000001111110010100001000000 20
b00000000000010111001000111010000 25
#4620
b00000000000010111001000111010010 1e
b00101000010000100010011100111111 20
b00000000000010111001000111010001 25
#4621
b00000000000010111001000111010011 1e
b00101010010000110010101101000010 20
b00000000000010111001000111010010 25
#4622
b00000000000010111001000111010100 1e
b00101000001111110010101101000010 20
b00000000000010111001000111010011 25
#4623
b00000000000010111001000111010101 1e
b00101000010000010010100001000010 20
b00000000000010111001000111010100 25
#4624
b00000000000010111001000111010110 1e
b00101000001110110010011100111100 20
b00000000000010111001000111010101 25
#4625
b00000000000010111001000111010111 1e
b00101000001111110010100101000000 20
b00000000000010111001000111010110 25
#4626
b00000000000010111001000111011000 1e
b00101001010000100010100101000001 20
b00000000000010111001000111010111 25
#4627
b00000000000010111001000111011001 1e
b00101001010000100010100101000100 20
b00000000000010111001000111011000 25
#4628
b00000000000010111001000111011010 1e
b00101001010001000010100001000100 20
b00000000000010111001000111011001 25
#4629
b00000000000010111001000111011011 1e
b00101001010000100010100101000000 20
b00000000000010111001000111011010 25
#4630
b00000000000010111001000111011100 1e
b00101000010000010010101001000010 20
b00000000000010111001000111011011 25
#4631
b00000000000010111001000111011101 1e
b00101000010001000010100101000001 20
b00000000000010111001000111011100 25
#4632
b00000000000010111001000111011110 1e
b00101001010000110010100001000100 20
b00000000000010111001000111011101 25
#4633
b00000000000010111001000111011111 1e
b00101010010001100010100001000010 20
b00000000000010111001000111011110 25
#4634
b00000000000010111001000111100000 1e
b00101000010000100010101001000001 20
b00000000000010111001000111011111 25
#4635
b00000000000010111001000111100001 1e
b00101001010000110010100001000011 20
b00000000000010111001000111100000 25
#4636
b00000000000010111001000111100010 1e
b00101000010000100010100101000010 20
b00000000000010111001000111100001 25
#4637
b00000000000010111001000111100011 1e
b00101001010000110010101001000100 20
b00000000000010111001000111100010 25
#4638
b00000000000010111001000111100100 1e
b00101010010000000010011001000001 20
b00000000000010111001000111100011 25
#4639
b00000000000010111001000111100101 1e
b00101010001111110010101001000001 20
b00000000000010111001000111100100 25
#4640
b00000000000010111001000111100110 1e
b00101001010000000010101001000101 20
b00000000000010111001000111100101 25
#4641
b00000000000010111001000111100111 1e
b00101000010001000010100101000000 20
b00000000000010111001000111100110 25
#4642
b00000000000010111001000111101000 1e
b00101001010001000010100001000011 20
b00000000000010111001000111100111 25
#4643
b00000000000010111001000111101001 1e
b00101010010001000010100101000011 20
b00000000000010111001000111101000 25
#4644
b00000000000010111001000111101010 1e
b00101010010000110010101001000010 20
b00000000000010111001000111101001 25
#4645
b00000000000010111001000111101011 1e
b00101000010000010010101001000001 20
b00000000000010111001000111101010 25
#4646
b00000000000010111001000111101100 1e
b00101001010000110010100101000000 20
b00000000000010111001000111101011 25
#4647
b00000000000010111001000111101101 1e
b00101000010000100010100001000100 20
b00000000000010111001000111101100 25
#4648
b00000000000010111001000111101110 1e
b00101000010001000010100001000100 20
b00000000000010111001000111101101 25
#4649
b00000000000010111001000111101111 1e
b00111010010001000010101001000011 20
b00000000000010111001000111101110 25
#4650
b00000000000010111001000111110000 1e
b00101010010000110010100101000010 20
b00000000000010111001000111101111 25
#4651
b00000000000010111001000111110001 1e
b00100110010001000010011101000100 20
b00000000000010111001000111110000 25
#4652
b00000000000010111001000111110010 1e
b00101001010000100010101001000100 20
b00000000000010111001000111110001 25
#4653
b00000000000010111001000111110011 1e
b00101000001111110010100001000010 20
b00000000000010111001000111110010 25
#4654
b00000000000010111001000111110100 1e
b00101001010000010010100101000001 20
b00000000000010111001000111110011 25
#4655
b00000000000010111001000111110101 1e
b00101001010000100010110001000100 20
b00000000000010111001000111110100 25
#4656
b00000000000010111001000111110110 1e
b00101000010000100010100100111111 20
b00000000000010111001000111110101 25
#4657
b00000000000010111001000111110111 1e
b00100011001110110010100101000000 20
b00000000000010111001000111110110 25
#4658
b00000000000010111001000111111000 1e
b00100101010001000010010100111110 20
b00000000000010111001000111110111 25
#4659
b00000000000010111001000111111001 1e
b00101000010000100010101001000010 20
b00000000000010111001000111111000 25
#4660
b00000000000010111001000111111010 1e
b00101010010000010010100101000100 20
b00000000000010111001000111111001 25
#4661
b00000000000010111001000111111011 1e
b00101000010001000010100001000001 20
b00000000000010111001000111111010 25
#4662
b00000000000010111001000111111100 1e
b00101000010000100010100101000100 20
b00000000000010111001000111111011 25
#4663
b00000000000010111001000111111101 1e
b00100111010000110010100001000010 20
b00000000000010111001000111111100 25
#4664
b00000000000010111001000111111110 1e
b00101000010000110010100001000001 20
b00000000000010111001000111111101 25
#4665
b00000000000010111001000111111111 1e
b00101000010000010010100001000000 20
b00000000000010111001000111111110 25
#4666
b00000000000010111001001000000000 1e
b00101000010000000010101001000100 20
b00000000000010111001000111111111 25
#4667
b00000000000010111001001000000001 1e
b00101010010000000010100001000010 20
b00000000000010111001001000000000 25
#4668
b00000000000010111001001000000010 1e
b00101000010000000010011001000000 20
b00000000000010111001001000000001 25
#4669
b00000000000010111001001000000011 1e
b00101000010001010010100101000001 20
b00000000000010111001001000000010 25
#4670
b00000000000010111001001000000100 1e
b00101001010000100010100001000100 20
b00000000000010111001001000000011 25
#4671
b00000000000010111001001000000101 1e
b00101000010000010010100001000011 20
b00000000000010111001001000000100 25
#4672
b00000000000010111001001000000110 1e
b00101011010000110010100001000100 20
b00000000000010111001001000000101 25
#4673
b00000000000010111001001000000111 1e
b00101001010000100010100100111111 20
b00000000000010111001001000000110 25
#4674
b00000000000010111001001000001000 1e
b00101000010000100010100001000000 20
b00000000000010111001001000000111 25
#4675
b00000000000010111001001000001001 1e
b00101001010000100010100001000100 20
b00000000000010111001001000001000 25
#4676
b00000000000010111001001000001010 1e
b00101000010000100010100001000010 20
b00000000000010111001001000001001 25
#4677
b00000000000010111001001000001011 1e
b00101001010001100010100001000000 20
b00000000000010111001001000001010 25
#4678
b00000000000010111001001000001100 1e
b00101001010000010010100101000101 20
b00000000000010111001001000001011 25
#4679
b00000000000010111001001000001101 1e
b00100111001111110010100001000011 20
b00000000000010111001001000001100 25
#4680
b00000000000010111001001000001110 1e
b00101001001111100010011000111010 20
b00000000000010111001001000001101 25
#4681
b00000000000010111001001000001111 1e
b00101001010001000010100101000010 20
b00000000000010111001001000001110 25
#4682
b00000000000010111001001000010000 1e
b00100110010000010010100101000011 20
b00000000000010111001001000001111 25
#4683
b00000000000010111001001000010001 1e
b00101010010000010010100001000001 20
b00000000000010111001001000010000 25
#4684
b00000000000010111001001000010010 1e
b00101001010000100010100100111111 20
b00000000000010111001001000010001 25
#4685
b00000000000010111001001000010011 1e
b00101010010001000010100001000001 20
b00000000000010111001001000010010 25
#4686
b00000000000010111001001000010100 1e
b00100111010000000010100001000101 20
b00000000000010111001001000010011 25
#4687
b00000000000010111001001000010101 1e
b00101000010000100010011101000000 20
b00000000000010111001001000010100 25
#4688
b00000000000010111001001000010110 1e
b00101000010000110010100001000010 20
b00000000000010111001001000010101 25
#4689
b00000000000010111001001000010111 1e
b00101000010000000010100001000011 20
b00000000000010111001001000010110 25
#4690
b00000000000010111001001000011000 1e
b00101000010000100010100000111111 20
b00000000000010111001001000010111 25
#4691
b00000000000010111001001000011001 1e
b00101000010000000010011101000001 20
b00000000000010111001001000011000 25
#4692
b00000000000010111001001000011010 1e
b00101000010000000010100001000000 20
b00000000000010111001001000011001 25
#4693
b00000000000010111001001000011011 1e
b00101010010001000010100001000001 20
b00000000000010111001001000011010 25
#4694
b00000000000010111001001000011100 1e
b00101001001111110010100001000100 20
b00000000000010111001001000011011 25
#4695
b00000000000010111001001000011101 1e
b00101001010000010010101000111111 20
b00000000000010111001001000011100 25
#4696
b00000000000010111001001000011110 1e
b00101001010001000010100001000011 20
b00000000000010111001001000011101 25
#4697
b00000000000010111001001000011111 1e
b00101000001111100010100001000001 20
b00000000000010111001001000011110 25
#4698
b00000000000010111001001000100000 1e
b00101000010000100010101101000001 20
b00000000000010111001001000011111 25
#4699
b00000000000010111001001000100001 1e
b00100111010000000010101001000010 20
b00000000000010111001001000100000 25
#4700
b00000000000010111001001000100010 1e
b00101001010000000010011100111111 20
b00000000000010111001001000100001 25
#4701
b00000000000010111001001000100011 1e
b00101000010001000010011101000100 20
b00000000000010111001001000100010 25
#4702
b00000000000010111001001000100100 1e
b00101010010000000010011001000000 20
b00000000000010111001001000100011 25
#4703
b00000000000010111001001000100101 1e
b00101000010000100010100001000000 20
b00000000000010111001001000100100 25
#4704
b00000000000010111001001000100110 1e
b00101010010000100010011101000010 20
b00000000000010111001001000100101 25
#4705
b00000000000010111001001000100111 1e
b00101000001111100010100001000010 20
b00000000000010111001001000100110 25
#4706
b00000000000010111001001000101000 1e
b00100110001110110010010000110111 20
b00000000000010111001001000100111 25
#4707
b00000000000010111001001000101001 1e
b00100111010000100010100000111111 20
b00000000000010111001001000101000 25
#4708
b00000000000010111001001000101010 1e
b00101000010001000010011101000011 20
b00000000000010111001001000101001 25
#4709
b00000000000010111001001000101011 1e
b00101001010000000010101001000010 20
b00000000000010111001001000101010 25
#4710
b00000000000010111001001000101100 1e
b00101000010001000010100001000011 20
b00000000000010111001001000101011 25
#4711
b00000000000010111001001000101101 1e
b00101001010000000010011101000000 20
b00000000000010111001001000101100 25
#4712
b00000000000010111001001000101110 1e
b00101000010001000010100000111111 20
b00000000000010111001001000101101 25
#4713
b00000000000010111001001000101111 1e
b00100111010000000010101001000010 20
b00000000000010111001001000101110 25
#4714
b00000000000010111001001000110000 1e
b00100111010000010010011101000010 20
b00000000000010111001001000101111 25
#4715
b00000000000010111001001000110001 1e
b00101000010001000010100001000011 20
b00000000000010111001001000110000 25
#4716
b00000000000010111001001000110010 1e
b00100111010000100010100001000001 20
b00000000000010111001001000110001 25
#4717
b00000000000010111001001000110011 1e
b00101001010000010010011100111111 20
b00000000000010111001001000110010 25
#4718
b00000000000010111001001000110100 1e
b00101001010000100010100001000100 20
b00000000000010111001001000110011 25
#4719
b00000000000010111001001000110101 1e
b00101000010000100010100101000000 20
b00000000000010111001001000110100 25
#4720
b00000000000010111001001000110110 1e
b00100110010000000010100001000000 20
b00000000000010111001001000110101 25
#4721
b00000000000010111001001000110111 1e
b00101001010000100010101001000011 20
b00000000000010111001001000110110 25
#4722
b00000000000010111001001000111000 1e
b00101001010000100010101001000010 20
b00000000000010111001001000110111 25
#4723
b00000000000010111001001000111001 1e
b00100110010000010010101001000010 20
b00000000000010111001001000111000 25
#4724
b00000000000010111001001000111010 1e
b00101000010000100010100001000000 20
b00000000000010111001001000111001 25
#4725
b00000000000010111001001000111011 1e
b00101000010000110010100101000010 20
b00000000000010111001001000111010 25
#4726
b00000000000010111001001000111100 1e
b00101001010001000010100001000010 20
b00000000000010111001001000111011 25
#4727
b00000000000010111001001000111101 1e
b00101001010000000010100001000000 20
b00000000000010111001001000111100 25
#4728
b00000000000010111001001000111110 1e
b00101000010000100010100101000000 20
b00000000000010111001001000111101 25
#4729
b00000000000010111001001000111111 1e
b00101000010000100010100000111110 20
b00000000000010111001001000111110 25
#4730
b00000000000010111001001001000000 1e
b00101000010000100010011100111111 20
b00000000000010111001001000111111 25
#4731
b00000000000010111001001001000001 1e
b00101000010000010010101001000000 20
b00000000000010111001001001000000 25
#4732
b00000000000010111001001001000010 1e
b00101001010000100010101001000000 20
b00000000000010111001001001000001 25
#4733
b00000000000010111001001001000011 1e
b00101000010001000010101001000100 20
b00000000000010111001001001000010 25
#4734
b00000000000010111001001001000100 1e
b00100111010000000010100101000100 20
b00000000000010111001001001000011 25
#4735
b00000000000010111001001001000101 1e
b00101000010000000010011001000001 20
b00000000000010111001001001000100 25
#4736
b00000000000010111001001001000110 1e
b00100111001111100010100001000000 20
b00000000000010111001001001000101 25
#4737
b00000000000010111001001001000111 1e
b00100100001111010010011001000001 20
b00000000000010111001001001000110 25
#4738
b00000000000010111001001001001000 1e
b00100110001110010010001100110111 20
b00000000000010111001001001000111 25
#4739
b00000000000010111001001001001001 1e
b00101000001111110010100000111110 20
b00000000000010111001001001001000 25
#4740
b00000000000010111001001001001010 1e
b00101000010000100010100001000010 20
b00000000000010111001001001001001 25
#4741
b00000000000010111001001001001011 1e
b00100111001111110010100101000010 20
b00000000000010111001001001001010 25
#4742
b00000000000010111001001001001100 1e
b00101001010000000010100101000000 20
b00000000000010111001001001001011 25
#4743
b00000000000010111001001001001101 1e
b00101000010000100010011001000001 20
b00000000000010111001001001001100 25
#4744
b00000000000010111001001001001110 1e
b00101000010000100010100001000000 20
b00000000000010111001001001001101 25
#4745
b00000000000010111001001001001111 1e
b00101010010000000010100001000100 20
b00000000000010111001001001001110 25
#4746
b00000000000010111001001001010000 1e
b00100111010000000010100100111111 20
b00000000000010111001001001001111 25
#4747
b00000000000010111001001001010001 1e
b00100111001111000010011001000010 20
b00000000000010111001001001010000 25
#4748
b00000000000010111001001001010010 1e
b00101000010000010010011101000000 20
b00000000000010111001001001010001 25
#4749
b00000000000010111001001001010011 1e
b00100111001111100010100001000010 20
b00000000000010111001001001010010 25
#4750
b00000000000010111001001001010100 1e
b00101000010000010010100101000010 20
b00000000000010111001001001010011 25
#4751
b00000000000010111001001001010101 1e
b00100111010000010010101000111111 20
b00000000000010111001001001010100 25
#4752
b00000000000010111001001001010110 1e
b00101000001111110010010100111011 20
b00000000000010111001001001010101 25
#4753
b00000000000010111001001001010111 1e
b00100111010000000010011101000010 20
b00000000000010111001001001010110 25
#4754
b00000000000010111001001001011000 1e
b00101010010000010010100001000011 20
b00000000000010111001001001010111 25
#4755
b00000000000010111001001001011001 1e
b00101000001111110010100101000000 20
b00000000000010111001001001011000 25
#4756
b00000000000010111001001001011010 1e
b00101000010000100010100101000010 20
b00000000000010111001001001011001 25
#4757
b00000000000010111001001001011011 1e
b00100110010000100010100001000001 20
b00000000000010111001001001011010 25
#4758
b00000000000010111001001001011100 1e
b00100110001111010010011101000000 20
b00000000000010111001001001011011 25
#4759
b00000000000010111001001001011101 1e
b00101010010001010010011101000011 20
b00000000000010111001001001011100 25
#4760
b00000000000010111001001001011110 1e
b00101010001111110010101001000011 20
b00000000000010111001001001011101 25
#4761
b00000000000010111001001001011111 1e
b00101000010000000010100001000010 20
b00000000000010111001001001011110 25
#4762
b00000000000010111001001001100000 1e
b00101000010000010010100101000000 20
b00000000000010111001001001011111 25
#4763
b00000000000010111001001001100001 1e
b00101000010000010010011101000000 20
b00000000000010111001001001100000 25
#4764
b00000000000010111001001001100010 1e
b00101001001111110010101001000100 20
b00000000000010111001001001100001 25
#4765
b00000000000010111001001001100011 1e
b00101001010000010010100000111111 20
b00000000000010111001001001100010 25
#4766
b00000000000010111001001001100100 1e
b00101000010000010010100100111100 20
b00000000000010111001001001100011 25
#4767
b00000000000010111001001001100101 1e
b00101010010000010010100001000011 20
b00000000000010111001001001100100 25
#4768
b00000000000010111001001001100110 1e
b00101000010000010010011101000010 20
b00000000000010111001001001100101 25
#4769
b00000000000010111001001001100111 1e
b00101000001111110010100000111111 20
b00000000000010111001001001100110 25
#4770
b00000000000010111001001001101000 1e
b00100110010000010010100001000000 20
b00000000000010111001001001100111 25
#4771
b00000000000010111001001001101001 1e
b00100111001111110010011100111111 20
b00000000000010111001001001101000 25
#4772
b00000000000010111001001001101010 1e
b00100011001110010010100100111011 20
b00000000000010111001001001101001 25
#4773
b00000000000010111001001001101011 1e
b00100011001110010010010100111001 20
b00000000000010111001001001101010 25
#4774
b00000000000010111001001001101100 1e
b00100100001101110010010000111010 20
b00000000000010111001001001101011 25
#4775
b00000000000010111001001001101101 1e
b00100110001101110010001100111010 20
b00000000000010111001001001101100 25
#4776
b00000000000010111001001001101110 1e
b00100100001110010010001100111010 20
b00000000000010111001001001101101 25
#4777
b00000000000010111001001001101111 1e
b00100101001110100010010000111101 20
b00000000000010111001001001101110 25
#4778
b00000000000010111001001001110000 1e
b00100100001110100010001100111011 20
b00000000000010111001001001101111 25
#4779
b00000000000010111001001001110001 1e
b00100100001111010010001100111000 20
b00000000000010111001001001110000 25
#4780
b00000000000010111001001001110010 1e
b00100100001110110010010100111001 20
b00000000000010111001001001110001 25
#4781
b00000000000010111001001001110011 1e
b00100111001111000010011100111010 20
b00000000000010111001001001110010 25
#4782
b00000000000010111001001001110100 1e
b00100101001110110010001000111101 20
b00000000000010111001001001110011 25
#4783
b00000000000010111001001001110101 1e
b00100101001110010010010000111011 20
b00000000000010111001001001110100 25
#4784
b00000000000010111001001001110110 1e
b00100100001111010010100000111001 20
b00000000000010111001001001110101 25
#4785
b00000000000010111001001001110111 1e
b00100110001111000010010100111011 20
b00000000000010111001001001110110 25
#4786
b00000000000010111001001001111000 1e
b00100111001111000010011100111101 20
b00000000000010111001001001110111 25
#4787
b00000000000010111001001001111001 1e
b00101001010000000010011001000000 20
b00000000000010111001001001111000 25
#4788
b00000000000010111001001001111010 1e
b00101001010000010010011000111110 20
b00000000000010111001001001111001 25
#4789
b00000000000010111001001001111011 1e
b00101001010000000010011101000000 20
b00000000000010111001001001111010 25
#4790
b00000000000010111001001001111100 1e
b00100101001111010010101001000001 20
b00000000000010111001001001111011 25
#4791
b00000000000010111001001001111101 1e
b00100100010000000010011001000000 20
b00000000000010111001001001111100 25
#4792
b00000000000010111001001001111110 1e
b00100111010000100010100001000000 20
b00000000000010111001001001111101 25
#4793
06
b00000000001000001000000000000110 b
b00000000000010111001001001111111 1e
01f
b00100111010000000010100001000000 20
b00000000000010111001001001111110 25
026
#4794
08
b00000000000010111001001010000000 1e
b00101000010000000010100001000010 20
b00000000000010111001001001111111 25
#4795
b00101001010000100010100101000010 20
121
b00000000000010111001001010000000 25
#4796
024
b0000 27
#4799
b00000000001010001000000000000110 b
#4846
b00000000001000001000000000000110 b
#4951
16
b00000000001000001000000000000100 b
11f
126
#4952
18
#4953
b00000000000010111001001010000001 1e
021
#4954
b00000000000010111001001010000010 1e
b00100111010000000010011100111110 20
124
b00000000000010111001001010000001 25
b1111 27
#4955
b00000000000010111001001010000011 1e
b00101001001111100010011100111110 20
b00000000000010111001001010000010 25
#4956
b00000000000010111001001010000100 1e
b00101000010000100010101001000000 20
b00000000000010111001001010000011 25
#4957
b00000000000010111001001010000101 1e
b00100111010000000010011101000010 20
b00000000000010111001001010000100 25
#4958
b00000000000010111001001010000110 1e
b00101000010000110010100001000001 20
b00000000000010111001001010000101 25
#4959
b00000000000010111001001010000111 1e
b00101010010000000010011001000001 20
b00000000000010111001001010000110 25
#4960
b00000000000010111001001010001000 1e
b00101000001111010010100000111111 20
b00000000000010111001001010000111 25
#4961
b00000000000010111001001010001001 1e
b00100110010000000010011100111101 20
b00000000000010111001001010001000 25
#4962
b00000000000010111001001010001010 1e
b00100111001111000010011000111110 20
b00000000000010111001001010001001 25
#4963
b00000000000010111001001010001011 1e
b00100101001110100010011000111001 20
b00000000000010111001001010001010 25
#4964
b00000000000010111001001010001100 1e
b00100001001100010010001000111000 20
b00000000000010111001001010001011 25
#4965
b00000000000010111001001010001101 1e
b00100001001011110010000100110000 20
b00000000000010111001001010001100 25
#4966
b00000000000010111001001010001110 1e
b00100011001110000010001100110101 20
b00000000000010111001001010001101 25
#4967
b00000000000010111001001010001111 1e
b00100110001111010010010100111011 20
b00000000000010111001001010001110 25
#4968
b00000000000010111001001010010000 1e
b00100101001111000010010100111011 20
b00000000000010111001001010001111 25
#4969
b00000000000010111001001010010001 1e
b00100101001110110010010100111011 20
b00000000000010111001001010010000 25
#4970
b00000000000010111001001010010010 1e
b00100100001111010010011000111011 20
b00000000000010111001001010010001 25
#4971
b00000000000010111001001010010011 1e
b00100110001111110010010000111011 20
b00000000000010111001001010010010 25
#4972
b00000000000010111001001010010100 1e
b00100110001110110010011000111011 20
b00000000000010111001001010010011 25
#4973
b00000000000010111001001010010101 1e
b00100110001110110010011100111011 20
b00000000000010111001001010010100 25
#4974
b00000000000010111001001010010110 1e
b00100101001111010010011000111100 20
b00000000000010111001001010010101 25
#4975
b00000000000010111001001010010111 1e
b00100110001110110010011000111011 20
b00000000000010111001001010010110 25
#4976
b00000000000010111001001010011000 1e
b00100101001110100010011000111100 20
b00000000000010111001001010010111 25
#4977
b00000000000010111001001010011001 1e
b00100110001111010010011000111101 20
b00000000000010111001001010011000 25
#4978
b00000000000010111001001010011010 1e
b00100110001110110010011100111001 20
b00000000000010111001001010011001 25
#4979
b00000000000010111001001010011011 1e
b00100110001110000010011000111101 20
b00000000000010111001001010011010 25
#4980
b00000000000010111001001010011100 1e
b00100110001110100010010100111011 20
b00000000000010111001001010011011 25
#4981
b00000000000010111001001010011101 1e
b00100110001111000010011000111001 20
b00000000000010111001001010011100 25
#4982
b00000000000010111001001010011110 1e
b00101000001110110010011001000000 20
b00000000000010111001001010011101 25
#4983
b00000000000010111001001010011111 1e
b00100111001111100010011000111110 20
b00000000000010111001001010011110 25
#4984
b00000000000010111001001010100000 1e
b00101000010000010010011001000010 20
b00000000000010111001001010011111 25
#4985
b00000000000010111001001010100001 1e
b00101000010000000010010101000010 20
b00000000000010111001001010100000 25
#4986
b00000000000010111001001010100010 1e
b00101001010000110010100000111111 20
b00000000000010111001001010100001 25
#4987
b00000000000010111001001010100011 1e
b00101000010000000010101001000000 20
b00000000000010111001001010100010 25
#4988
b00000000000010111001001010100100 1e
b00101010010000010010100000111110 20
b00000000000010111001001010100011 25
#4989
b00000000000010111001001010100101 1e
b00101001001111100010100101000000 20
b00000000000010111001001010100100 25
#4990
b00000000000010111001001010100110 1e
b00101000010000000010101000111110 20
b00000000000010111001001010100101 25
#4991
b00000000000010111001001010100111 1e
b00100111010000000010100001000010 20
b00000000000010111001001010100110 25
#4992
b00000000000010111001001010101000 1e
b00100111010000000010100001000001 20
b00000000000010111001001010100111 25
#4993
b00000000000010111001001010101001 1e
b00101001010000000010100100111111 20
b00000000000010111001001010101000 25
#4994
b00000000000010111001001010101010 1e
b00101010000110100010101000011010 20
b00000000000010111001001010101001 25
#4995
b00000000000010111001001010101011 1e
b00000000000010111001001010101010 25
#4996
b00000000000010111001001010101100 1e
b00101001000110110010101000011010 20
b00000000000010111001001010101011 25
#4997
b00000000000010111001001010101101 1e
b00101011000110100010110000011011 20
b00000000000010111001001010101100 25
#4998
b00000000000010111001001010101110 1e
b00101100000110100010110000011011 20
b00000000000010111001001010101101 25
#4999
b00000000000010111001001010101111 1e
b00101000000110100010101000011001 20
b00000000000010111001001010101110 25
#5000
b00000000000010111001001010110000 1e
b00101100000110110010101000011010 20
b00000000000010111001001010101111 25
#5001
b00000000000010111001001010110001 1e
b00101011000110110010100100011010 20
b00000000000010111001001010110000 25
#5002
b00000000000010111001001010110010 1e
b00101100000110010010101000011010 20
b00000000000010111001001010110001 25
#5003
b00000000000010111001001010110011 1e
b00101011000110110010101100011010 20
b00000000000010111001001010110010 25
#5004
b00000000000010111001001010110100 1e
b00101010000110100010110000011001 20
b00000000000010111001001010110011 25
#5005
b00000000000010111001001010110101 1e
b00101011000110100010101000011011 20
b00000000000010111001001010110100 25
#5006
b00000000000010111001001010110110 1e
b00101011000110010010101000011010 20
b00000000000010111001001010110101 25
#5007
b00000000000010111001001010110111 1e
b00101010000110100010110000011011 20
b00000000000010111001001010110110 25
#5008
b00000000000010111001001010111000 1e
b00101010000110100010110000011010 20
b00000000000010111001001010110111 25
#5009
b00000000000010111001001010111001 1e
b00101100000110100010101100011001 20
b00000000000010111001001010111000 25
#5010
b00000000000010111001001010111010 1e
b00101001000110100010110000011010 20
b00000000000010111001001010111001 25
#5011
b00000000000010111001001010111011 1e
b00101010000110100010110000011001 20
b00000000000010111001001010111010 25
#5012
b00000000000010111001001010111100 1e
b00101100000110100010101000011011 20
b00000000000010111001001010111011 25
#5013
b00000000000010111001001010111101 1e
b00101011000110110010101100011011 20
b00000000000010111001001010111100 25
#5014
b00000000000010111001001010111110 1e
b00101001000110110010101100011010 20
b00000000000010111001001010111101 25
#5015
b00000000000010111001001010111111 1e
b00101011000110110010101100011001 20
b00000000000010111001001010111110 25
#5016
b00000000000010111001001011000000 1e
b00101011000110110010101100011011 20
b00000000000010111001001010111111 25
#5017
b00000000000010111001001011000001 1e
b00101010000111000010101100011010 20
b00000000000010111001001011000000 25
#5018
b00000000000010111001001011000010 1e
b00101100000110110010101000011010 20
b00000000000010111001001011000001 25
#5019
b00000000000010111001001011000011 1e
b00101100000110110010110100011011 20
b00000000000010111001001011000010 25
#5020
b00000000000010111001001011000100 1e
b00101011000110110010110000011010 20
b00000000000010111001001011000011 25
#5021
b00000000000010111001001011000101 1e
b00101100000110100010110000011011 20
b00000000000010111001001011000100 25
#5022
b00000000000010111001001011000110 1e
b00101110000110110010111000011010 20
b00000000000010111001001011000101 25
#5023
b00000000000010111001001011000111 1e
b00101100000110110010110100011100 20
b00000000000010111001001011000110 25
#5024
b00000000000010111001001011001000 1e
b00101010000110110010101100011011 20
b00000000000010111001001011000111 25
#5025
b00000000000010111001001011001001 1e
b00101100000110110010110000011011 20
b00000000000010111001001011001000 25
#5026
b00000000000010111001001011001010 1e
b00000000000010111001001011001001 25
#5027
b00000000000010111001001011001011 1e
b00000000000010111001001011001010 25
#5028
b00000000000010111001001011001100 1e
b00101100000110110010110000011101 20
b00000000000010111001001011001011 25
#5029
b00000000000010111001001011001101 1e
b00101011000110100010111000011011 20
b00000000000010111001001011001100 25
#5030
b00000000000010111001001011001110 1e
b00101010000110110010101100011100 20
b00000000000010111001001011001101 25
#5031
b00000000000010111001001011001111 1e
b00101100000110100010101100011001 20
b00000000000010111001001011001110 25
#5032
b00000000000010111001001011010000 1e
b00101100000110100010101000011011 20
b00000000000010111001001011001111 25
#5033
b00000000000010111001001011010001 1e
b00101100000110110010110000011010 20
b00000000000010111001001011010000 25
#5034
b00000000000010111001001011010010 1e
b00101100000110100010110000011010 20
b00000000000010111001001011010001 25
#5035
b00000000000010111001001011010011 1e
b00101100000110010010111000011011 20
b00000000000010111001001011010010 25
#5036
b00000000000010111001001011010100 1e
b00101101000111000010110000011011 20
b00000000000010111001001011010011 25
#5037
b00000000000010111001001011010101 1e
b00101100000111000010110000011100 20
b00000000000010111001001011010100 25
#5038
b00000000000010111001001011010110 1e
b00101011000110110010101100011011 20
b00000000000010111001001011010101 25
#5039
b00000000000010111001001011010111 1e
b00101110000110110010110000011011 20
b00000000000010111001001011010110 25
#5040
b00000000000010111001001011011000 1e
b00101010000110110010111000011011 20
b00000000000010111001001011010111 25
#5041
b00000000000010111001001011011001 1e
b00101100000110110010110000011100 20
b00000000000010111001001011011000 25
#5042
b00000000000010111001001011011010 1e
b00101011000110110010110000011011 20
b00000000000010111001001011011001 25
#5043
b00000000000010111001001011011011 1e
b00101010000110110010101100011011 20
b00000000000010111001001011011010 25
#5044
b00000000000010111001001011011100 1e
b00101011000110100010110000011011 20
b00000000000010111001001011011011 25
#5045
b00000000000010111001001011011101 1e
b00101100000110010010101100011011 20
b00000000000010111001001011011100 25
#5046
b00000000000010111001001011011110 1e
b00101011000111000010101000011011 20
b00000000000010111001001011011101 25
#5047
b00000000000010111001001011011111 1e
b00101110000110110010101000011011 20
b00000000000010111001001011011110 25
#5048
b00000000000010111001001011100000 1e
b00101101000110110010101000011011 20
b00000000000010111001001011011111 25
#5049
b00000000000010111001001011100001 1e
b00101011000110110010110000011010 20
b00000000000010111001001011100000 25
#5050
b00000000000010111001001011100010 1e
b00101101000110010010110000011011 20
b00000000000010111001001011100001 25
#5051
b00000000000010111001001011100011 1e
b00101110000111000010111000011011 20
b00000000000010111001001011100010 25
#5052
b00000000000010111001001011100100 1e
b00101110000110110010111000011011 20
b00000000000010111001001011100011 25
#5053
b00000000000010111001001011100101 1e
b00101100000110110010110100011011 20
b00000000000010111001001011100100 25
#5054
b00000000000010111001001011100110 1e
b00101101000111000010111000011011 20
b00000000000010111001001011100101 25
#5055
b00000000000010111001001011100111 1e
b00000000000010111001001011100110 25
#5056
b00000000000010111001001011101000 1e
b00101110000110110010110100011011 20
b00000000000010111001001011100111 25
#5057
b00000000000010111001001011101001 1e
b00110000000110110010110000011011 20
b00000000000010111001001011101000 25
#5058
b00000000000010111001001011101010 1e
b00101111000110110010110000011011 20
b00000000000010111001001011101001 25
#5059
b00000000000010111001001011101011 1e
b00101110000110110010111100011011 20
b00000000000010111001001011101010 25
#5060
b00000000000010111001001011101100 1e
b00101110000110110010110100011100 20
b00000000000010111001001011101011 25
#5061
b00000000000010111001001011101101 1e
b00101110000111000010110000011011 20
b00000000000010111001001011101100 25
#5062
b00000000000010111001001011101110 1e
b00101101000111000010111000011011 20
b00000000000010111001001011101101 25
#5063
b00000000000010111001001011101111 1e
b00101100000110110010110000011100 20
b00000000000010111001001011101110 25
#5064
b00000000000010111001001011110000 1e
b00101100000111000010110100011100 20
b00000000000010111001001011101111 25
#5065
b00000000000010111001001011110001 1e
b00101101000110110010110000011100 20
b00000000000010111001001011110000 25
#5066
b00000000000010111001001011110010 1e
b00101110000111000010101100011101 20
b00000000000010111001001011110001 25
#5067
b00000000000010111001001011110011 1e
b00101110000110110010111000011101 20
b00000000000010111001001011110010 25
#5068
b00000000000010111001001011110100 1e
b00101100000111000010110000011100 20
b00000000000010111001001011110011 25
#5069
b00000000000010111001001011110101 1e
b00101100000110110010111000011011 20
b00000000000010111001001011110100 25
#5070
b00000000000010111001001011110110 1e
b00101100000110110010101100011100 20
b00000000000010111001001011110101 25
#5071
b00000000000010111001001011110111 1e
b00101010000110110010111100011011 20
b00000000000010111001001011110110 25
#5072
b00000000000010111001001011111000 1e
b00101110000110110010101100011010 20
b00000000000010111001001011110111 25
#5073
b00000000000010111001001011111001 1e
b00101101000110100010111000011101 20
b00000000000010111001001011111000 25
#5074
b00000000000010111001001011111010 1e
b00101110000111000010111000011101 20
b00000000000010111001001011111001 25
#5075
b00000000000010111001001011111011 1e
b00101111000111000010101100011101 20
b00000000000010111001001011111010 25
#5076
b00000000000010111001001011111100 1e
b00101101000110110010111000011100 20
b00000000000010111001001011111011 25
#5077
b00000000000010111001001011111101 1e
b00101111000111000010111100011101 20
b00000000000010111001001011111100 25
#5078
b00000000000010111001001011111110 1e
b00101101000111000010111000011011 20
b00000000000010111001001011111101 25
#5079
b00000000000010111001001011111111 1e
b00101110000110110010111000011100 20
b00000000000010111001001011111110 25
#5080
b00000000000010111001001100000000 1e
b00101101000110110010111000011100 20
b00000000000010111001001011111111 25
#5081
b00000000000010111001001100000001 1e
b00101111000110110010110100011011 20
b00000000000010111001001100000000 25
#5082
b00000000000010111001001100000010 1e
b00101111000111000010111000011100 20
b00000000000010111001001100000001 25
#5083
b00000000000010111001001100000011 1e
b00101101000111000010111000011011 20
b00000000000010111001001100000010 25
#5084
b00000000000010111001001100000100 1e
b00101111000110110010110100011011 20
b00000000000010111001001100000011 25
#5085
b00000000000010111001001100000101 1e
b00101110000111010011000000011101 20
b00000000000010111001001100000100 25
#5086
b00000000000010111001001100000110 1e
b00101110000110110010111000011100 20
b00000000000010111001001100000101 25
#5087
b00000000000010111001001100000111 1e
b00110000000110110011000000011100 20
b00000000000010111001001100000110 25
#5088
b00000000000010111001001100001000 1e
b00101101000110110010111100011100 20
b00000000000010111001001100000111 25
#5089
b00000000000010111001001100001001 1e
b00101100000110110010110100011100 20
b00000000000010111001001100001000 25
#5090
b00000000000010111001001100001010 1e
b00101110000110110010111000011011 20
b00000000000010111001001100001001 25
#5091
b00000000000010111001001100001011 1e
b00101111000111000010111000011101 20
b00000000000010111001001100001010 25
#5092
b00000000000010111001001100001100 1e
b00101110000110110010111000011011 20
b00000000000010111001001100001011 25
#5093
b00000000000010111001001100001101 1e
b00101111000111010010111000011011 20
b00000000000010111001001100001100 25
#5094
b00000000000010111001001100001110 1e
b00101111000111010010111000011101 20
b00000000000010111001001100001101 25
#5095
b00000000000010111001001100001111 1e
b00101111000111010010111100011011 20
b00000000000010111001001100001110 25
#5096
b00000000000010111001001100010000 1e
b00101110000111000011000000011011 20
b00000000000010111001001100001111 25
#5097
b00000000000010111001001100010001 1e
b00101110000111000010111100011011 20
b00000000000010111001001100010000 25
#5098
b00000000000010111001001100010010 1e
b00101110000111000010111000011011 20
b00000000000010111001001100010001 25
#5099
b00000000000010111001001100010011 1e
b00101111000111010010110100011100 20
b00000000000010111001001100010010 25
#5100
b00000000000010111001001100010100 1e
b00110000000110110010111000011011 20
b00000000000010111001001100010011 25
#5101
b00000000000010111001001100010101 1e
b00101110000111010010111000011100 20
b00000000000010111001001100010100 25
#5102
b00000000000010111001001100010110 1e
b00110001000111010010111000011100 20
b00000000000010111001001100010101 25
#5103
b00000000000010111001001100010111 1e
b00110000000111000011000000011101 20
b00000000000010111001001100010110 25
#5104
b00000000000010111001001100011000 1e
b00101111000111000010111000011100 20
b00000000000010111001001100010111 25
#5105
b00000000000010111001001100011001 1e
b00101110000111000010111000011101 20
b00000000000010111001001100011000 25
#5106
b00000000000010111001001100011010 1e
b00101111000111010011000000011100 20
b00000000000010111001001100011001 25
#5107
b00000000000010111001001100011011 1e
b00101110000111000010110100011100 20
b00000000000010111001001100011010 25
#5108
b00000000000010111001001100011100 1e
b00101101000110110011000000011100 20
b00000000000010111001001100011011 25
#5109
b00000000000010111001001100011101 1e
b00110000000111010010111000011101 20
b00000000000010111001001100011100 25
#5110
b00000000000010111001001100011110 1e
b00101111000111000011000100011101 20
b00000000000010111001001100011101 25
#5111
b00000000000010111001001100011111 1e
b00101111000111000010111000011011 20
b00000000000010111001001100011110 25
#5112
b00000000000010111001001100100000 1e
b00110000000110110010111000011100 20
b00000000000010111001001100011111 25
#5113
b00000000000010111001001100100001 1e
b00101111000111000010111100011100 20
b00000000000010111001001100100000 25
#5114
b00000000000010111001001100100010 1e
b00101111000111000010111100011101 20
b00000000000010111001001100100001 25
#5115
b00000000000010111001001100100011 1e
b00111110000111000010111100011010 20
b00000000000010111001001100100010 25
#5116
b00000000000010111001001100100100 1e
b00110000000111000010110100011101 20
b00000000000010111001001100100011 25
#5117
b00000000000010111001001100100101 1e
b00110000000111010011000000011100 20
b00000000000010111001001100100100 25
#5118
b00000000000010111001001100100110 1e
b00110000000111000011000000011100 20
b00000000000010111001001100100101 25
#5119
b00000000000010111001001100100111 1e
b00101101000111010010111000011110 20
b00000000000010111001001100100110 25
#5120
b00000000000010111001001100101000 1e
b00110001000111010011000000011100 20
b00000000000010111001001100100111 25
#5121
b00000000000010111001001100101001 1e
b00110000000111010010111100011011 20
b00000000000010111001001100101000 25
#5122
b00000000000010111001001100101010 1e
b00110001000110110010111100011101 20
b00000000000010111001001100101001 25
#5123
b00000000000010111001001100101011 1e
b00101111000111010011000100011100 20
b00000000000010111001001100101010 25
#5124
b00000000000010111001001100101100 1e
b00110001000111000011000000011101 20
b00000000000010111001001100101011 25
#5125
b00000000000010111001001100101101 1e
b00101101000111010011000100011100 20
b00000000000010111001001100101100 25
#5126
b00000000000010111001001100101110 1e
b00101110000111010010111000011110 20
b00000000000010111001001100101101 25
#5127
b00000000000010111001001100101111 1e
b00101101000111010010111100011100 20
b00000000000010111001001100101110 25
#5128
b00000000000010111001001100110000 1e
b00101110000110110010111100011011 20
b00000000000010111001001100101111 25
#5129
b00000000000010111001001100110001 1e
b00110000000111010011000000011011 20
b00000000000010111001001100110000 25
#5130
b00000000000010111001001100110010 1e
b00101100000111000010111000011011 20
b00000000000010111001001100110001 25
#5131
b00000000000010111001001100110011 1e
b00101100000110110010110000011101 20
b00000000000010111001001100110010 25
#5132
b00000000000010111001001100110100 1e
b00101110000111000010111000011100 20
b00000000000010111001001100110011 25
#5133
b00000000000010111001001100110101 1e
b00101110000111010011000000011011 20
b00000000000010111001001100110100 25
#5134
b00000000000010111001001100110110 1e
b00101110000111000011000100011100 20
b00000000000010111001001100110101 25
#5135
b00000000000010111001001100110111 1e
b00101111000110110011000000011100 20
b00000000000010111001001100110110 25
#5136
b00000000000010111001001100111000 1e
b00101101000110100010111100011011 20
b00000000000010111001001100110111 25
#5137
b00000000000010111001001100111001 1e
b00110000000111010010111100011011 20
b00000000000010111001001100111000 25
#5138
b00000000000010111001001100111010 1e
b00110000000111000011000100011101 20
b00000000000010111001001100111001 25
#5139
b00000000000010111001001100111011 1e
b00101111000111000011000000011101 20
b00000000000010111001001100111010 25
#5140
b00000000000010111001001100111100 1e
b00101111000111010011000000011100 20
b00000000000010111001001100111011 25
#5141
b00000000000010111001001100111101 1e
b00110001000111100010111000011011 20
b00000000000010111001001100111100 25
#5142
b00000000000010111001001100111110 1e
b00110000000110110011000000011101 20
b00000000000010111001001100111101 25
#5143
b00000000000010111001001100111111 1e
b00110010000111010011000100011101 20
b00000000000010111001001100111110 25
#5144
b00000000000010111001001101000000 1e
b00101101000111000011000000011110 20
b00000000000010111001001100111111 25
#5145
b00000000000010111001001101000001 1e
b00101100000110110010110100011010 20
b00000000000010111001001101000000 25
#5146
b00000000000010111001001101000010 1e
b00110000000111010010111000011011 20
b00000000000010111001001101000001 25
#5147
b00000000000010111001001101000011 1e
b00110000000111000011000100011101 20
b00000000000010111001001101000010 25
#5148
b00000000000010111001001101000100 1e
b00101111000110110010111100011100 20
b00000000000010111001001101000011 25
#5149
b00000000000010111001001101000101 1e
b00110001000111000010111100011101 20
b00000000000010111001001101000100 25
#5150
b00000000000010111001001101000110 1e
b00101111000111010011000000011101 20
b00000000000010111001001101000101 25
#5151
b00000000000010111001001101000111 1e
b00110100000111010011000100011101 20
b00000000000010111001001101000110 25
#5152
b00000000000010111001001101001000 1e
b00110000000110110010111000011101 20
b00000000000010111001001101000111 25
#5153
b00000000000010111001001101001001 1e
b00110010000111000011000000011101 20
b00000000000010111001001101001000 25
#5154
b00000000000010111001001101001010 1e
b00110000000111010011000100011011 20
b00000000000010111001001101001001 25
#5155
b00000000000010111001001101001011 1e
b00110001000111010011000000011100 20
b00000000000010111001001101001010 25
#5156
b00000000000010111001001101001100 1e
b00110000000111010011000000011100 20
b00000000000010111001001101001011 25
#5157
b00000000000010111001001101001101 1e
b00110100000111110011000000011100 20
b00000000000010111001001101001100 25
#5158
b00000000000010111001001101001110 1e
b00110011000111010011001100011101 20
b00000000000010111001001101001101 25
#5159
b00000000000010111001001101001111 1e
b00110000000111110011000000011101 20
b00000000000010111001001101001110 25
#5160
b00000000000010111001001101010000 1e
b00110011000111010011000100011110 20
b00000000000010111001001101001111 25
#5161
b00000000000010111001001101010001 1e
b00110010000111010011000000011101 20
b00000000000010111001001101010000 25
#5162
b00000000000010111001001101010010 1e
b00110001000111010010111000011100 20
b00000000000010111001001101010001 25
#5163
b00000000000010111001001101010011 1e
b00110011000111000011000100011110 20
b00000000000010111001001101010010 25
#5164
b00000000000010111001001101010100 1e
b00101110000111010011000100011100 20
b00000000000010111001001101010011 25
#5165
b00000000000010111001001101010101 1e
b00101110000111000010111000011100 20
b00000000000010111001001101010100 25
#5166
b00000000000010111001001101010110 1e
b00101110000110110010111100011110 20
b00000000000010111001001101010101 25
#5167
b00000000000010111001001101010111 1e
b00101111000111000011000000011011 20
b00000000000010111001001101010110 25
#5168
b00000000000010111001001101011000 1e
b00110011000111100011000100011101 20
b00000000000010111001001101010111 25
#5169
b00000000000010111001001101011001 1e
b00110001000111100011001000011110 20
b00000000000010111001001101011000 25
#5170
b00000000000010111001001101011010 1e
b00110010000111010011000100011101 20
b00000000000010111001001101011001 25
#5171
b00000000000010111001001101011011 1e
b00110000000111010011000000011101 20
b00000000000010111001001101011010 25
#5172
b00000000000010111001001101011100 1e
b00110011000111100011000100011101 20
b00000000000010111001001101011011 25
#5173
b00000000000010111001001101011101 1e
b00110001000111110011000000011110 20
b00000000000010111001001101011100 25
#5174
b00000000000010111001001101011110 1e
b00110011000111100011001000011101 20
b00000000000010111001001101011101 25
#5175
b00000000000010111001001101011111 1e
b00110011000111010011001100011110 20
b00000000000010111001001101011110 25
#5176
b00000000000010111001001101100000 1e
b00110101000111100011001100011101 20
b00000000000010111001001101011111 25
#5177
b00000000000010111001001101100001 1e
b00110010000111010011010000011100 20
b00000000000010111001001101100000 25
#5178
b00000000000010111001001101100010 1e
b00110001000110110011000000011110 20
b00000000000010111001001101100001 25
#5179
b00000000000010111001001101100011 1e
b00110011000111010011001100011101 20
b00000000000010111001001101100010 25
#5180
b00000000000010111001001101100100 1e
b00110001000111000011000100011101 20
b00000000000010111001001101100011 25
#5181
b00000000000010111001001101100101 1e
b00110101000111010011000000011101 20
b00000000000010111001001101100100 25
#5182
b00000000000010111001001101100110 1e
b00110001000111110011001000011101 20
b00000000000010111001001101100101 25
#5183
b00000000000010111001001101100111 1e
b00110100000111100011000000011101 20
b00000000000010111001001101100110 25
#5184
b00000000000010111001001101101000 1e
b00110010000111010011000000011111 20
b00000000000010111001001101100111 25
#5185
b00000000000010111001001101101001 1e
b00110011000111010011001000011110 20
b00000000000010111001001101101000 25
#5186
b00000000000010111001001101101010 1e
b00110011000111000011000100011101 20
b00000000000010111001001101101001 25
#5187
b00000000000010111001001101101011 1e
b00110000000111010011000000011011 20
b00000000000010111001001101101010 25
#5188
b00000000000010111001001101101100 1e
b00110000000111110011001100011101 20
b00000000000010111001001101101011 25
#5189
b00000000000010111001001101101101 1e
b00110110000111100011001100011101 20
b00000000000010111001001101101100 25
#5190
b00000000000010111001001101101110 1e
b00110100000111110011010100011101 20
b00000000000010111001001101101101 25
#5191
b00000000000010111001001101101111 1e
b00110101000111100011010100011110 20
b00000000000010111001001101101110 25
#5192
b00000000000010111001001101110000 1e
b00110011000111100011001100011110 20
b00000000000010111001001101101111 25
#5193
b00000000000010111001001101110001 1e
b00110101000111010011001000011011 20
b00000000000010111001001101110000 25
#5194
b00000000000010111001001101110010 1e
b00110100000111100011000000011101 20
b00000000000010111001001101110001 25
#5195
b00000000000010111001001101110011 1e
b00110101000111100011001000011110 20
b00000000000010111001001101110010 25
#5196
b00000000000010111001001101110100 1e
b00110010000111100011001100011111 20
b00000000000010111001001101110011 25
#5197
b00000000000010111001001101110101 1e
b00110010000111000011001100011110 20
b00000000000010111001001101110100 25
#5198
b00000000000010111001001101110110 1e
b00110000000111000011001100011100 20
b00000000000010111001001101110101 25
#5199
b00000000000010111001001101110111 1e
b00110011000111010011001000011111 20
b00000000000010111001001101110110 25
#5200
b00000000000010111001001101111000 1e
b00110100000111110011010100011101 20
b00000000000010111001001101110111 25
#5201
b00000000000010111001001101111001 1e
b00110100000111000011010100011110 20
b00000000000010111001001101111000 25
#5202
b00000000000010111001001101111010 1e
b00110101000111110011001000011101 20
b00000000000010111001001101111001 25
#5203
b00000000000010111001001101111011 1e
b00110011000111100011001100011110 20
b00000000000010111001001101111010 25
#5204
b00000000000010111001001101111100 1e
b00110011000111100011011100011100 20
b00000000000010111001001101111011 25
#5205
b00000000000010111001001101111101 1e
b00110110000111010011001100011110 20
b00000000000010111001001101111100 25
#5206
b00000000000010111001001101111110 1e
b00110110000111100011010000011110 20
b00000000000010111001001101111101 25
#5207
b00000000000010111001001101111111 1e
b00110011000111100011011000011110 20
b00000000000010111001001101111110 25
#5208
b00000000000010111001001110000000 1e
b00110101000111110011001100011110 20
b00000000000010111001001101111111 25
#5209
b00000000000010111001001110000001 1e
b00110100000111010011000100011111 20
b00000000000010111001001110000000 25
#5210
b00000000000010111001001110000010 1e
b00110100000111110011001100011101 20
b00000000000010111001001110000001 25
#5211
b00000000000010111001001110000011 1e
b00110011000111010011001100011110 20
b00000000000010111001001110000010 25
#5212
b00000000000010111001001110000100 1e
b00110100000111010011010100011110 20
b00000000000010111001001110000011 25
#5213
b00000000000010111001001110000101 1e
b00110101000111010011010100011110 20
b00000000000010111001001110000100 25
#5214
b00000000000010111001001110000110 1e
b00110101000111110011010100011110 20
b00000000000010111001001110000101 25
#5215
b00000000000010111001001110000111 1e
b00110000000111010011010100011110 20
b00000000000010111001001110000110 25
#5216
b00000000000010111001001110001000 1e
b00110011000111010011001100011110 20
b00000000000010111001001110000111 25
#5217
b00000000000010111001001110001001 1e
b00110101000111100011001100011101 20
b00000000000010111001001110001000 25
#5218
b00000000000010111001001110001010 1e
b00110000000111110011001000011110 20
b00000000000010111001001110001001 25
#5219
b00000000000010111001001110001011 1e
b00110001000111010011000100011101 20
b00000000000010111001001110001010 25
#5220
b00000000000010111001001110001100 1e
b00110000000111010011000000011110 20
b00000000000010111001001110001011 25
#5221
b00000000000010111001001110001101 1e
b00110101000111110011010000011110 20
b00000000000010111001001110001100 25
#5222
b00000000000010111001001110001110 1e
b00110011000111010011001100011111 20
b00000000000010111001001110001101 25
#5223
b00000000000010111001001110001111 1e
b00110101000111000011010000011101 20
b00000000000010111001001110001110 25
#5224
b00000000000010111001001110010000 1e
b00110011000111110011010100011111 20
b00000000000010111001001110001111 25
#5225
b00000000000010111001001110010001 1e
b00110101000111110011010100011111 20
b00000000000010111001001110010000 25
#5226
b00000000000010111001001110010010 1e
b00110100000111110011010100011111 20
b00000000000010111001001110010001 25
#5227
b00000000000010111001001110010011 1e
b00110110001000010011010100011111 20
b00000000000010111001001110010010 25
#5228
b00000000000010111001001110010100 1e
b00110100000111100011011000100000 20
b00000000000010111001001110010011 25
#5229
b00000000000010111001001110010101 1e
b00110101000111100011010100011111 20
b00000000000010111001001110010100 25
#5230
b00000000000010111001001110010110 1e
b00110101000111110011010000011110 20
b00000000000010111001001110010101 25
#5231
b00000000000010111001001110010111 1e
b00110101000111010011010100100000 20
b00000000000010111001001110010110 25
#5232
b00000000000010111001001110011000 1e
b00110101000111110011011100011101 20
b00000000000010111001001110010111 25
#5233
b00000000000010111001001110011001 1e
b00110101000111100011011000011111 20
b00000000000010111001001110011000 25
#5234
b00000000000010111001001110011010 1e
b00110110000111110011001100100000 20
b00000000000010111001001110011001 25
#5235
b00000000000010111001001110011011 1e
b00110111000111010011011000011111 20
b00000000000010111001001110011010 25
#5236
b00000000000010111001001110011100 1e
b00110101000111100011010100011110 20
b00000000000010111001001110011011 25
#5237
b00000000000010111001001110011101 1e
b00111000000111110011010000011110 20
b00000000000010111001001110011100 25
#5238
b00000000000010111001001110011110 1e
b00110000000111000011001100011110 20
b00000000000010111001001110011101 25
#5239
b00000000000010111001001110011111 1e
b00110101000111100011000100011101 20
b00000000000010111001001110011110 25
#5240
b00000000000010111001001110100000 1e
b00110101000111100011010100011111 20
b00000000000010111001001110011111 25
#5241
b00000000000010111001001110100001 1e
b00110110000111010011011000011110 20
b00000000000010111001001110100000 25
#5242
b00000000000010111001001110100010 1e
b00110101000111100011011000011111 20
b00000000000010111001001110100001 25
#5243
b00000000000010111001001110100011 1e
b00110101000111010011100000011111 20
b00000000000010111001001110100010 25
#5244
b00000000000010111001001110100100 1e
b00110101000111110011010000011110 20
b00000000000010111001001110100011 25
#5245
b00000000000010111001001110100101 1e
b00110101000111100011010100011111 20
b00000000000010111001001110100100 25
#5246
b00000000000010111001001110100110 1e
b00110011000111010011001000011110 20
b00000000000010111001001110100101 25
#5247
b00000000000010111001001110100111 1e
b00110010000111010011000100011100 20
b00000000000010111001001110100110 25
#5248
b00000000000010111001001110101000 1e
b00110111000111110011011100011110 20
b00000000000010111001001110100111 25
#5249
b00000000000010111001001110101001 1e
b00110011000111110011001000011110 20
b00000000000010111001001110101000 25
#5250
b00000000000010111001001110101010 1e
b00110110000111110011010000011111 20
b00000000000010111001001110101001 25
#5251
b00000000000010111001001110101011 1e
b00110110000111010011011000011110 20
b00000000000010111001001110101010 25
#5252
b00000000000010111001001110101100 1e
b00110110000111110011011000100000 20
b00000000000010111001001110101011 25
#5253
b00000000000010111001001110101101 1e
b00110100000111110011010100011111 20
b00000000000010111001001110101100 25
#5254
b00000000000010111001001110101110 1e
b00110101000111010011010100011111 20
b00000000000010111001001110101101 25
#5255
b00000000000010111001001110101111 1e
b00110101000111110011010100011110 20
b00000000000010111001001110101110 25
#5256
b00000000000010111001001110110000 1e
b00110100000111100011100100011111 20
b00000000000010111001001110101111 25
#5257
b00000000000010111001001110110001 1e
b00110011000111100011010000011111 20
b00000000000010111001001110110000 25
#5258
b00000000000010111001001110110010 1e
b00110011000111110011011000011110 20
b00000000000010111001001110110001 25
#5259
b00000000000010111001001110110011 1e
b00110111000111100011100100011110 20
b00000000000010111001001110110010 25
#5260
b00000000000010111001001110110100 1e
b00111000000111110011100000011111 20
b00000000000010111001001110110011 25
#5261
b00000000000010111001001110110101 1e
b00110110000111110011010100011111 20
b00000000000010111001001110110100 25
#5262
b00000000000010111001001110110110 1e
b00110110001000000011100100100000 20
b00000000000010111001001110110101 25
#5263
b00000000000010111001001110110111 1e
b00111001000111110011001100100000 20
b00000000000010111001001110110110 25
#5264
b00000000000010111001001110111000 1e
b00110111000111100011011000011111 20
b00000000000010111001001110110111 25
#5265
b00000000000010111001001110111001 1e
b00110111000111100011100000100000 20
b00000000000010111001001110111000 25
#5266
b00000000000010111001001110111010 1e
b00111000000111100011011100011111 20
b00000000000010111001001110111001 25
#5267
b00000000000010111001001110111011 1e
b00110101000111110011010100011111 20
b00000000000010111001001110111010 25
#5268
b00000000000010111001001110111100 1e
b00110101000111100011011000011101 20
b00000000000010111001001110111011 25
#5269
b00000000000010111001001110111101 1e
b00110101000111110011011100011101 20
b00000000000010111001001110111100 25
#5270
b00000000000010111001001110111110 1e
b00110100000111010011100000011110 20
b00000000000010111001001110111101 25
#5271
b00000000000010111001001110111111 1e
b00110110000111010011011100100000 20
b00000000000010111001001110111110 25
#5272
b00000000000010111001001111000000 1e
b00110111000111110011001100100001 20
b00000000000010111001001110111111 25
#5273
b00000000000010111001001111000001 1e
b00110111000111100011100000011111 20
b00000000000010111001001111000000 25
#5274
b00000000000010111001001111000010 1e
b00110101001000000011011100011110 20
b00000000000010111001001111000001 25
#5275
b00000000000010111001001111000011 1e
b00110101001000000011011100011111 20
b00000000000010111001001111000010 25
#5276
b00000000000010111001001111000100 1e
b00110101000111110011011100011111 20
b00000000000010111001001111000011 25
#5277
b00000000000010111001001111000101 1e
b00110101000111010011011100011111 20
b00000000000010111001001111000100 25
#5278
b00000000000010111001001111000110 1e
b00111000000111100011010000011110 20
b00000000000010111001001111000101 25
#5279
b00000000000010111001001111000111 1e
b00110111000111100011100100011110 20
b00000000000010111001001111000110 25
#5280
b00000000000010111001001111001000 1e
b00110111000111100011100000011111 20
b00000000000010111001001111000111 25
#5281
b00000000000010111001001111001001 1e
b00110001000111010011011100011111 20
b00000000000010111001001111001000 25
#5282
b00000000000010111001001111001010 1e
b00110100000111100011000100011100 20
b00000000000010111001001111001001 25
#5283
b00000000000010111001001111001011 1e
b00110111000111100011011000011111 20
b00000000000010111001001111001010 25
#5284
b00000000000010111001001111001100 1e
b00110111000111110011011100011111 20
b00000000000010111001001111001011 25
#5285
b00000000000010111001001111001101 1e
b00111000001000000011011100011111 20
b00000000000010111001001111001100 25
#5286
b00000000000010111001001111001110 1e
b00110111000111110011100000011111 20
b00000000000010111001001111001101 25
#5287
b00000000000010111001001111001111 1e
b00111000001000000011011100011111 20
b00000000000010111001001111001110 25
#5288
b00000000000010111001001111010000 1e
b00111001000111100011010100011111 20
b00000000000010111001001111001111 25
#5289
b00000000000010111001001111010001 1e
b00110101000111110011011100011110 20
b00000000000010111001001111010000 25
#5290
b00000000000010111001001111010010 1e
b00110111001000010011100000011111 20
b00000000000010111001001111010001 25
#5291
b00000000000010111001001111010011 1e
b00110110000111110011011000011111 20
b00000000000010111001001111010010 25
#5292
b00000000000010111001001111010100 1e
b00110011000111100011011000011110 20
b00000000000010111001001111010011 25
#5293
b00000000000010111001001111010101 1e
b00110101000111010011010100011101 20
b00000000000010111001001111010100 25
#5294
b00000000000010111001001111010110 1e
b00000000000010111001001111010101 25
#5295
b00000000000010111001001111010111 1e
b00110111000111110011010000011111 20
b00000000000010111001001111010110 25
#5296
b00000000000010111001001111011000 1e
b00110101001000000011010100011111 20
b00000000000010111001001111010111 25
#5297
b00000000000010111001001111011001 1e
b00111000000111110011010100011110 20
b00000000000010111001001111011000 25
#5298
b00000000000010111001001111011010 1e
b00110101000111110011010100011101 20
b00000000000010111001001111011001 25
#5299
b00000000000010111001001111011011 1e
b00110111001000000011011000011111 20
b00000000000010111001001111011010 25
#5300
b00000000000010111001001111011100 1e
b00111001000111110011100100011111 20
b00000000000010111001001111011011 25
#5301
b00000000000010111001001111011101 1e
b00111000001000010011100000100000 20
b00000000000010111001001111011100 25
#5302
b00000000000010111001001111011110 1e
b00111001001000000011100000011111 20
b00000000000010111001001111011101 25
#5303
b00000000000010111001001111011111 1e
b00110101000111100011011000011111 20
b00000000000010111001001111011110 25
#5304
b00000000000010111001001111100000 1e
b00111000000111100011100000011110 20
b00000000000010111001001111011111 25
#5305
b00000000000010111001001111100001 1e
b00111000001000000011010100011111 20
b00000000000010111001001111100000 25
#5306
b00000000000010111001001111100010 1e
b00110111001000010011010100011111 20
b00000000000010111001001111100001 25
#5307
b00000000000010111001001111100011 1e
b00111010000111110011011100011111 20
b00000000000010111001001111100010 25
#5308
b00000000000010111001001111100100 1e
b00110111000111110011011100100000 20
b00000000000010111001001111100011 25
#5309
b00000000000010111001001111100101 1e
b00111000000111110011011100100001 20
b00000000000010111001001111100100 25
#5310
b00000000000010111001001111100110 1e
b00110111001000000011100100011111 20
b00000000000010111001001111100101 25
#5311
b00000000000010111001001111100111 1e
b00110111001000000011011100011111 20
b00000000000010111001001111100110 25
#5312
b00000000000010111001001111101000 1e
b00111000000111110011010100011111 20
b00000000000010111001001111100111 25
#5313
b00000000000010111001001111101001 1e
b00111001001000010011100100100001 20
b00000000000010111001001111101000 25
#5314
b00000000000010111001001111101010 1e
b00111001001000000011100100011111 20
b00000000000010111001001111101001 25
#5315
b00000000000010111001001111101011 1e
b00111000000111010011010100100001 20
b00000000000010111001001111101010 25
#5316
b00000000000010111001001111101100 1e
b00111000000111110011011000100001 20
b00000000000010111001001111101011 25
#5317
b00000000000010111001001111101101 1e
b00110111000111110011011000100000 20
b00000000000010111001001111101100 25
#5318
b00000000000010111001001111101110 1e
b00110111001000000011100000011110 20
b00000000000010111001001111101101 25
#5319
b00000000000010111001001111101111 1e
b00110111000111100011011100011111 20
b00000000000010111001001111101110 25
#5320
b00000000000010111001001111110000 1e
b00110111000111110011010100011111 20
b00000000000010111001001111101111 25
#5321
b00000000000010111001001111110001 1e
b00110110000111110011010100011111 20
b00000000000010111001001111110000 25
#5322
b00000000000010111001001111110010 1e
b00110111001000000011011100011110 20
b00000000000010111001001111110001 25
#5323
b00000000000010111001001111110011 1e
b00110111000111100011100000100000 20
b00000000000010111001001111110010 25
#5324
b00000000000010111001001111110100 1e
b00110011000111110011010100100000 20
b00000000000010111001001111110011 25
#5325
b00000000000010111001001111110101 1e
b00110011000111100011000000011101 20
b00000000000010111001001111110100 25
#5326
b00000000000010111001001111110110 1e
b00111000000111010011011100011110 20
b00000000000010111001001111110101 25
#5327
b00000000000010111001001111110111 1e
b00111000000111110011101000011111 20
b00000000000010111001001111110110 25
#5328
b00000000000010111001001111111000 1e
b00110111000111110011100100011111 20
b00000000000010111001001111110111 25
#5329
b00000000000010111001001111111001 1e
b00110110000111110011100100011111 20
b00000000000010111001001111111000 25
#5330
b00000000000010111001001111111010 1e
b00110101000111110011011100011110 20
b00000000000010111001001111111001 25
#5331
b00000000000010111001001111111011 1e
b00111001001000000011010000011110 20
b00000000000010111001001111111010 25
#5332
b00000000000010111001001111111100 1e
b00110111001000000011100100100000 20
b00000000000010111001001111111011 25
#5333
b00000000000010111001001111111101 1e
b00111010001000000011100100100001 20
b00000000000010111001001111111100 25
#5334
b00000000000010111001001111111110 1e
b00111001000111110011100000100001 20
b00000000000010111001001111111101 25
#5335
b00000000000010111001001111111111 1e
b00110111001000010011100100100001 20
b00000000000010111001001111111110 25
#5336
b00000000000010111001010000000000 1e
b00111000001000000011100100100001 20
b00000000000010111001001111111111 25
#5337
b00000000000010111001010000000001 1e
b00111010000111110011100100011111 20
b00000000000010111001010000000000 25
#5338
b00000000000010111001010000000010 1e
b00110110001000010011101100100000 20
b00000000000010111001010000000001 25
#5339
b00000000000010111001010000000011 1e
b00111001000111110011100000100000 20
b00000000000010111001010000000010 25
#5340
b00000000000010111001010000000100 1e
b00110111001000000011100100011111 20
b00000000000010111001010000000011 25
#5341
b00000000000010111001010000000101 1e
b00110111000111110011100100100000 20
b00000000000010111001010000000100 25
#5342
b00000000000010111001010000000110 1e
b00110110001000000011100100011111 20
b00000000000010111001010000000101 25
#5343
b00000000000010111001010000000111 1e
b00110110000111100011011100100000 20
b00000000000010111001010000000110 25
#5344
b00000000000010111001010000001000 1e
b00110111001000000011100000011111 20
b00000000000010111001010000000111 25
#5345
b00000000000010111001010000001001 1e
b00111001001000010011100100100001 20
b00000000000010111001010000001000 25
#5346
b00000000000010111001010000001010 1e
b00111010001000010011101000011111 20
b00000000000010111001010000001001 25
#5347
b00000000000010111001010000001011 1e
b00111010000111110011100000011111 20
b00000000000010111001010000001010 25
#5348
b00000000000010111001010000001100 1e
b00111001001000000011011100011111 20
b00000000000010111001010000001011 25
#5349
b00000000000010111001010000001101 1e
b00110110001000000011101100011110 20
b00000000000010111001010000001100 25
#5350
b00000000000010111001010000001110 1e
b00110111001000000011101000100000 20
b00000000000010111001010000001101 25
#5351
b00000000000010111001010000001111 1e
b00110111000111110011011000011110 20
b00000000000010111001010000001110 25
#5352
b00000000000010111001010000010000 1e
b00111011001000010011101000011111 20
b00000000000010111001010000001111 25
#5353
b00000000000010111001010000010001 1e
b00111001000111110011101000011111 20
b00000000000010111001010000010000 25
#5354
b00000000000010111001010000010010 1e
b00111001000111110011101100011111 20
b00000000000010111001010000010001 25
#5355
b00000000000010111001010000010011 1e
b00111001001000010011100000100000 20
b00000000000010111001010000010010 25
#5356
b00000000000010111001010000010100 1e
b00000000000010111001010000010011 25
#5357
b00000000000010111001010000010101 1e
b00111010000111110011100100011110 20
b00000000000010111001010000010100 25
#5358
b00000000000010111001010000010110 1e
b00110111000111110011011000011111 20
b00000000000010111001010000010101 25
#5359
b00000000000010111001010000010111 1e
b00110111000111110011011100100000 20
b00000000000010111001010000010110 25
#5360
b00000000000010111001010000011000 1e
b00111000001000010011101100100001 20
b00000000000010111001010000010111 25
#5361
b00000000000010111001010000011001 1e
b00111001001000100011100100100001 20
b00000000000010111001010000011000 25
#5362
b00000000000010111001010000011010 1e
b00110111000111110011100100011111 20
b00000000000010111001010000011001 25
#5363
b00000000000010111001010000011011 1e
b00110111000111100011010100011111 20
b00000000000010111001010000011010 25
#5364
b00000000000010111001010000011100 1e
b00110110001000010011011100011101 20
b00000000000010111001010000011011 25
#5365
b00000000000010111001010000011101 1e
b00111010001000000011100100011111 20
b00000000000010111001010000011100 25
#5366
b00000000000010111001010000011110 1e
b00111000001000000011101000100001 20
b00000000000010111001010000011101 25
#5367
b00000000000010111001010000011111 1e
b00111010001000000011100100100001 20
b00000000000010111001010000011110 25
#5368
b00000000000010111001010000100000 1e
b00111001001000000011101000011111 20
b00000000000010111001010000011111 25
#5369
b00000000000010111001010000100001 1e
b00111001001000010011101000100000 20
b00000000000010111001010000100000 25
#5370
b00000000000010111001010000100010 1e
b00110111000111110011011000011111 20
b00000000000010111001010000100001 25
#5371
b00000000000010111001010000100011 1e
b00111010001000010011100000100001 20
b00000000000010111001010000100010 25
#5372
b00000000000010111001010000100100 1e
b00111000001000000011100100100000 20
b00000000000010111001010000100011 25
#5373
b00000000000010111001010000100101 1e
b00110100000111100011010100100000 20
b00000000000010111001010000100100 25
#5374
b00000000000010111001010000100110 1e
b00111000000111100011001100011110 20
b00000000000010111001010000100101 25
#5375
b00000000000010111001010000100111 1e
b00111010001000000011011100100000 20
b00000000000010111001010000100110 25
#5376
b00000000000010111001010000101000 1e
b00111001001000100011100000100000 20
b00000000000010111001010000100111 25
#5377
b00000000000010111001010000101001 1e
b00110111001000000011100000011111 20
b00000000000010111001010000101000 25
#5378
b00000000000010111001010000101010 1e
b00111001001000010011101000100000 20
b00000000000010111001010000101001 25
#5379
b00000000000010111001010000101011 1e
b00111011000111100011100100100001 20
b00000000000010111001010000101010 25
#5380
b00000000000010111001010000101100 1e
b00111010001000000011101000100000 20
b00000000000010111001010000101011 25
#5381
b00000000000010111001010000101101 1e
b00111010001000010011101100100001 20
b00000000000010111001010000101100 25
#5382
b00000000000010111001010000101110 1e
b00111001001000000011101000100000 20
b00000000000010111001010000101101 25
#5383
b00000000000010111001010000101111 1e
b00111001001000000011101100100010 20
b00000000000010111001010000101110 25
#5384
b00000000000010111001010000110000 1e
b00111001000111110011100100100000 20
b00000000000010111001010000101111 25
#5385
b00000000000010111001010000110001 1e
b00110110000111100011100000100000 20
b00000000000010111001010000110000 25
#5386
b00000000000010111001010000110010 1e
b00111000001000100011011100100000 20
b00000000000010111001010000110001 25
#5387
b00000000000010111001010000110011 1e
b00111001000111110011110000100000 20
b00000000000010111001010000110010 25
#5388
b00000000000010111001010000110100 1e
b00111010001000000011100100100001 20
b00000000000010111001010000110011 25
#5389
b00000000000010111001010000110101 1e
b00111010001000010011101100100010 20
b00000000000010111001010000110100 25
#5390
b00000000000010111001010000110110 1e
b00111010000111110011101100100001 20
b00000000000010111001010000110101 25
#5391
b00000000000010111001010000110111 1e
b00110101001000010011011000100001 20
b00000000000010111001010000110110 25
#5392
b00000000000010111001010000111000 1e
b00111011001000000011101100100001 20
b00000000000010111001010000110111 25
#5393
b00000000000010111001010000111001 1e
b00111011000111110011101100011111 20
b00000000000010111001010000111000 25
#5394
b00000000000010111001010000111010 1e
b00111010001000010011110000100001 20
b00000000000010111001010000111001 25
#5395
b00000000000010111001010000111011 1e
b00111010001000010011101000100001 20
b00000000000010111001010000111010 25
#5396
b00000000000010111001010000111100 1e
b00111010001000110011100100100010 20
b00000000000010111001010000111011 25
#5397
b00000000000010111001010000111101 1e
b00111001001000010011101100100000 20
b00000000000010111001010000111100 25
#5398
b00000000000010111001010000111110 1e
b00111001001000010011101100100010 20
b00000000000010111001010000111101 25
#5399
b00000000000010111001010000111111 1e
b00111001000111110011110000100000 20
b00000000000010111001010000111110 25
#5400
b00000000000010111001010001000000 1e
b00111010001000010011100100100001 20
b00000000000010111001010000111111 25
#5401
b00000000000010111001010001000001 1e
b00110110000111110011100100100000 20
b00000000000010111001010001000000 25
#5402
b00000000000010111001010001000010 1e
b00110010000111100011000100011111 20
b00000000000010111001010001000001 25
#5403
b00000000000010111001010001000011 1e
b00110101000111110011010000011110 20
b00000000000010111001010001000010 25
#5404
b00000000000010111001010001000100 1e
b00111011001000000011100100011111 20
b00000000000010111001010001000011 25
#5405
b00000000000010111001010001000101 1e
b00110111001000010011101000011111 20
b00000000000010111001010001000100 25
#5406
b00000000000010111001010001000110 1e
b00111010001000010011100100100001 20
b00000000000010111001010001000101 25
#5407
b00000000000010111001010001000111 1e
b00111011000111110011100100100000 20
b00000000000010111001010001000110 25
#5408
b00000000000010111001010001001000 1e
b00111101001000000011101000100000 20
b00000000000010111001010001000111 25
#5409
b00000000000010111001010001001001 1e
b00111010001000110011101100100011 20
b00000000000010111001010001001000 25
#5410
b00000000000010111001010001001010 1e
b00111010001000100011101100100000 20
b00000000000010111001010001001001 25
#5411
b00000000000010111001010001001011 1e
b00111011001000010011101100011111 20
b00000000000010111001010001001010 25
#5412
b00000000000010111001010001001100 1e
b00111101001000100011100100100001 20
b00000000000010111001010001001011 25
#5413
b00000000000010111001010001001101 1e
b00111010001000000011110000100001 20
b00000000000010111001010001001100 25
#5414
b00000000000010111001010001001110 1e
b00111011001000100011101000100000 20
b00000000000010111001010001001101 25
#5415
b00000000000010111001010001001111 1e
b00111011001000000011101000100000 20
b00000000000010111001010001001110 25
#5416
b00000000000010111001010001010000 1e
b00111011001000000011110000100001 20
b00000000000010111001010001001111 25
#5417
b00000000000010111001010001010001 1e
b00111010001000010011101000011111 20
b00000000000010111001010001010000 25
#5418
b00000000000010111001010001010010 1e
b00111011001000000011100100100010 20
b00000000000010111001010001010001 25
#5419
b00000000000010111001010001010011 1e
b00111101001000000011101100100001 20
b00000000000010111001010001010010 25
#5420
b00000000000010111001010001010100 1e
b00111101001000000011110100100010 20
b00000000000010111001010001010011 25
#5421
b00000000000010111001010001010101 1e
b00111010001000100011101100100001 20
b00000000000010111001010001010100 25
#5422
b00000000000010111001010001010110 1e
b00111100001000000011101100100010 20
b00000000000010111001010001010101 25
#5423
b00000000000010111001010001010111 1e
b00111010001000010011110100100001 20
b00000000000010111001010001010110 25
#5424
b00000000000010111001010001011000 1e
b00111010001000010011110000100000 20
b00000000000010111001010001010111 25
#5425
b00000000000010111001010001011001 1e
b00111011001000100011101100100001 20
b00000000000010111001010001011000 25
#5426
b00000000000010111001010001011010 1e
b00110111001000010011101100100000 20
b00000000000010111001010001011001 25
#5427
b00000000000010111001010001011011 1e
b00110100000111110011000000100000 20
b00000000000010111001010001011010 25
#5428
b00000000000010111001010001011100 1e
b00111010001000010011101100011111 20
b00000000000010111001010001011011 25
#5429
b00000000000010111001010001011101 1e
b00111100001000010011101100100001 20
b00000000000010111001010001011100 25
#5430
b00000000000010111001010001011110 1e
b00111101000111110011110100100001 20
b00000000000010111001010001011101 25
#5431
b00000000000010111001010001011111 1e
b00111100001000010011111000100001 20
b00000000000010111001010001011110 25
#5432
b00000000000010111001010001100000 1e
b00111100001000010011101100100001 20
b00000000000010111001010001011111 25
#5433
b00000000000010111001010001100001 1e
b00111001001000010011101100100001 20
b00000000000010111001010001100000 25
#5434
b00000000000010111001010001100010 1e
b00111011001000100011101100100001 20
b00000000000010111001010001100001 25
#5435
b00000000000010111001010001100011 1e
b00111101001000000100000000100010 20
b00000000000010111001010001100010 25
#5436
b00000000000010111001010001100100 1e
b00111101001000100011110100100001 20
b00000000000010111001010001100011 25
#5437
b00000000000010111001010001100101 1e
b00111011001000010011101100100001 20
b00000000000010111001010001100100 25
#5438
b00000000000010111001010001100110 1e
b00111110001000100011101100100001 20
b00000000000010111001010001100101 25
#5439
b00000000000010111001010001100111 1e
b00111000000111110011110000100011 20
b00000000000010111001010001100110 25
#5440
b00000000000010111001010001101000 1e
b00111011001000100011101100100001 20
b00000000000010111001010001100111 25
#5441
b00000000000010111001010001101001 1e
b00111101001000010011110100100010 20
b00000000000010111001010001101000 25
#5442
b00000000000010111001010001101010 1e
b00111101001000110011110000100001 20
b00000000000010111001010001101001 25
#5443
b00000000000010111001010001101011 1e
b00111011001000010011110100100010 20
b00000000000010111001010001101010 25
#5444
b00000000000010111001010001101100 1e
b00111110001000110011110100100011 20
b00000000000010111001010001101011 25
#5445
b00000000000010111001010001101101 1e
b00111100001000000011100000100010 20
b00000000000010111001010001101100 25
#5446
b00000000000010111001010001101110 1e
b00111101001000010011110000100000 20
b00000000000010111001010001101101 25
#5447
b00000000000010111001010001101111 1e
b00111011001000110100000000100010 20
b00000000000010111001010001101110 25
#5448
b00000000000010111001010001110000 1e
b00111110001000010011111100100001 20
b00000000000010111001010001101111 25
#5449
b00000000000010111001010001110001 1e
b00111101001000100011110100100001 20
b00000000000010111001010001110000 25
#5450
b00000000000010111001010001110010 1e
b00111011001000110100000000100001 20
b00000000000010111001010001110001 25
#5451
b00000000000010111001010001110011 1e
b00111000001000010011100100100011 20
b00000000000010111001010001110010 25
#5452
b00000000000010111001010001110100 1e
b00111110001000100011110000100001 20
b00000000000010111001010001110011 25
#5453
b00000000000010111001010001110101 1e
b00111011001000110011110000100001 20
b00000000000010111001010001110100 25
#5454
b00000000000010111001010001110110 1e
b00111100001001000011101100100010 20
b00000000000010111001010001110101 25
#5455
b00000000000010111001010001110111 1e
b00111101001000010011111100100010 20
b00000000000010111001010001110110 25
#5456
b00000000000010111001010001111000 1e
b00111110001000100100000000100011 20
b00000000000010111001010001110111 25
#5457
b00000000000010111001010001111001 1e
b00111110001000110011111100100001 20
b00000000000010111001010001111000 25
#5458
b00000000000010111001010001111010 1e
b00111011001000000011101100100001 20
b00000000000010111001010001111001 25
#5459
b00000000000010111001010001111011 1e
b00111011001000100011111100100010 20
b00000000000010111001010001111010 25
#5460
b00000000000010111001010001111100 1e
b00111011001000110011110000100011 20
b00000000000010111001010001111011 25
#5461
b00000000000010111001010001111101 1e
b00111100001000110011110100100010 20
b00000000000010111001010001111100 25
#5462
b00000000000010111001010001111110 1e
b00111001001000010100000100100001 20
b00000000000010111001010001111101 25
#5463
b00000000000010111001010001111111 1e
b00111110001000110011101100100011 20
b00000000000010111001010001111110 25
#5464
b00000000000010111001010010000000 1e
b00111101001000010011110100100001 20
b00000000000010111001010001111111 25
#5465
b00000000000010111001010010000001 1e
b01000000001000100011111000100010 20
b00000000000010111001010010000000 25
#5466
b00000000000010111001010010000010 1e
b00111101001000010011101100100101 20
b00000000000010111001010010000001 25
#5467
b00000000000010111001010010000011 1e
b00111011001000110011110100100010 20
b00000000000010111001010010000010 25
#5468
b00000000000010111001010010000100 1e
b00111101001000010011110100100010 20
b00000000000010111001010010000011 25
#5469
b00000000000010111001010010000101 1e
b00111101001000100011111000100000 20
b00000000000010111001010010000100 25
#5470
b00000000000010111001010010000110 1e
b00111111001000010011110100100001 20
b00000000000010111001010010000101 25
#5471
b00000000000010111001010010000111 1e
b00111101001001010011110000100100 20
b00000000000010111001010010000110 25
#5472
b00000000000010111001010010001000 1e
b00111100001000110100000000100010 20
b00000000000010111001010010000111 25
#5473
b00000000000010111001010010001001 1e
b00110000001000000011110000100001 20
b00000000000010111001010010001000 25
#5474
b00000000000010111001010010001010 1e
b00111100001000000011000100100000 20
b00000000000010111001010010001001 25
#5475
b00000000000010111001010010001011 1e
b00111111001001000011110100100001 20
b00000000000010111001010010001010 25
#5476
b00000000000010111001010010001100 1e
b00111110001000110011111000100010 20
b00000000000010111001010010001011 25
#5477
b00000000000010111001010010001101 1e
b00111110001000110100000000100101 20
b00000000000010111001010010001100 25
#5478
b00000000000010111001010010001110 1e
b00111111001001000011111100100011 20
b00000000000010111001010010001101 25
#5479
b00000000000010111001010010001111 1e
b00111101001000100011110100100011 20
b00000000000010111001010010001110 25
#5480
b00000000000010111001010010010000 1e
b00111110001000100011111000100001 20
b00000000000010111001010010001111 25
#5481
b00000000000010111001010010010001 1e
b00111101001000110100000000100011 20
b00000000000010111001010010010000 25
#5482
b00000000000010111001010010010010 1e
b00111101001000110011110100100011 20
b00000000000010111001010010010001 25
#5483
b00000000000010111001010010010011 1e
b00111001001000100011111100100001 20
b00000000000010111001010010010010 25
#5484
b00000000000010111001010010010100 1e
b00111101001000010011101100100010 20
b00000000000010111001010010010011 25
#5485
b00000000000010111001010010010101 1e
b00111111001000100011111000100001 20
b00000000000010111001010010010100 25
#5486
b00000000000010111001010010010110 1e
b00111101001000010011110100100011 20
b00000000000010111001010010010101 25
#5487
b00000000000010111001010010010111 1e
b00111101001000010011111000100010 20
b00000000000010111001010010010110 25
#5488
b00000000000010111001010010011000 1e
b00111101001000100011111000100010 20
b00000000000010111001010010010111 25
#5489
b00000000000010111001010010011001 1e
b00111011001000110011111000100010 20
b00000000000010111001010010011000 25
#5490
b00000000000010111001010010011010 1e
b00111100001000100011111100100001 20
b00000000000010111001010010011001 25
#5491
b00000000000010111001010010011011 1e
b00111110001000110100000000100010 20
b00000000000010111001010010011010 25
#5492
b00000000000010111001010010011100 1e
b01000000001000100011110100100010 20
b00000000000010111001010010011011 25
#5493
b00000000000010111001010010011101 1e
b00111110001000110011110100100010 20
b00000000000010111001010010011100 25
#5494
b00000000000010111001010010011110 1e
b00111101001000110011111000100010 20
b00000000000010111001010010011101 25
#5495
b00000000000010111001010010011111 1e
b00111011001000110011110100100010 20
b00000000000010111001010010011110 25
#5496
b00000000000010111001010010100000 1e
b00111111001000010011110100100001 20
b00000000000010111001010010011111 25
#5497
b00000000000010111001010010100001 1e
b01000001001000100011110100100001 20
b00000000000010111001010010100000 25
#5498
b00000000000010111001010010100010 1e
b00111100001000100011111000100001 20
b00000000000010111001010010100001 25
#5499
b00000000000010111001010010100011 1e
b01000000001001000011110100100001 20
b00000000000010111001010010100010 25
#5500
b00000000000010111001010010100100 1e
b00111101001000110011110000100010 20
b00000000000010111001010010100011 25
#5501
b00000000000010111001010010100101 1e
b00111010001000000011010000100001 20
b00000000000010111001010010100100 25
#5502
b00000000000010111001010010100110 1e
b00111111001000110011101100100010 20
b00000000000010111001010010100101 25
#5503
b00000000000010111001010010100111 1e
b00111101001000110011111000100010 20
b00000000000010111001010010100110 25
#5504
b00000000000010111001010010101000 1e
b01000000001000010011111100100010 20
b00000000000010111001010010100111 25
#5505
b00000000000010111001010010101001 1e
b00111101001000010011111100100001 20
b00000000000010111001010010101000 25
#5506
b00000000000010111001010010101010 1e
b01000000001000110011110100100001 20
b00000000000010111001010010101001 25
#5507
b00000000000010111001010010101011 1e
b00111110001000100100000100100001 20
b00000000000010111001010010101010 25
#5508
b00000000000010111001010010101100 1e
b00111101001000110100000000100010 20
b00000000000010111001010010101011 25
#5509
b00000000000010111001010010101101 1e
b00111111001000100100001100100010 20
b00000000000010111001010010101100 25
#5510
b00000000000010111001010010101110 1e
b00111101001000110011111000100010 20
b00000000000010111001010010101101 25
#5511
b00000000000010111001010010101111 1e
b00111111001000110100000000100011 20
b00000000000010111001010010101110 25
#5512
b00000000000010111001010010110000 1e
b00111111001000110011110100100011 20
b00000000000010111001010010101111 25
#5513
b00000000000010111001010010110001 1e
b00111110001000100100000000100011 20
b00000000000010111001010010110000 25
#5514
b00000000000010111001010010110010 1e
b00111110001000110100000000100100 20
b00000000000010111001010010110001 25
#5515
b00000000000010111001010010110011 1e
b01000000001001000100000100100001 20
b00000000000010111001010010110010 25
#5516
b00000000000010111001010010110100 1e
b01000000001000110011111100100001 20
b00000000000010111001010010110011 25
#5517
b00000000000010111001010010110101 1e
b00111111001001000011111100100100 20
b00000000000010111001010010110100 25
#5518
b00000000000010111001010010110110 1e
b00111101001000100011111100100101 20
b00000000000010111001010010110101 25
#5519
b00000000000010111001010010110111 1e
b00111101001000010011101100100001 20
b00000000000010111001010010110110 25
#5520
b00000000000010111001010010111000 1e
b01000010001000110011110100100011 20
b00000000000010111001010010110111 25
#5521
b00000000000010111001010010111001 1e
b00111011001000110011111100100011 20
b00000000000010111001010010111000 25
#5522
b00000000000010111001010010111010 1e
b01000100001000100011101000100001 20
b00000000000010111001010010111001 25
#5523
b00000000000010111001010010111011 1e
b01000001001000110011111000100011 20
b00000000000010111001010010111010 25
#5524
b00000000000010111001010010111100 1e
b00111011001000100011110100100001 20
b00000000000010111001010010111011 25
#5525
b00000000000010111001010010111101 1e
b00111101001000110011111000100100 20
b00000000000010111001010010111100 25
#5526
b00000000000010111001010010111110 1e
b00111111001000100100001000100011 20
b00000000000010111001010010111101 25
#5527
b00000000000010111001010010111111 1e
b01000000001000110100000000100011 20
b00000000000010111001010010111110 25
#5528
b00000000000010111001010011000000 1e
b01000000001000100011111100100011 20
b00000000000010111001010010111111 25
#5529
b00000000000010111001010011000001 1e
b00111111001000110100001000100011 20
b00000000000010111001010011000000 25
#5530
b00000000000010111001010011000010 1e
b00111000001000010011101000100011 20
b00000000000010111001010011000001 25
#5531
b00000000000010111001010011000011 1e
b00111101001000010011111000100010 20
b00000000000010111001010011000010 25
#5532
b00000000000010111001010011000100 1e
b01000000001000110011110100100011 20
b00000000000010111001010011000011 25
#5533
b00000000000010111001010011000101 1e
b01000000001000100100000000100011 20
b00000000000010111001010011000100 25
#5534
b00000000000010111001010011000110 1e
b00111101001000100011111000100001 20
b00000000000010111001010011000101 25
#5535
b00000000000010111001010011000111 1e
b00111111001001010100001100100011 20
b00000000000010111001010011000110 25
#5536
b00000000000010111001010011001000 1e
b01000010001000110100001000100011 20
b00000000000010111001010011000111 25
#5537
b00000000000010111001010011001001 1e
b00111111001000110100000000100011 20
b00000000000010111001010011001000 25
#5538
b00000000000010111001010011001010 1e
b01000011001000110011111100100010 20
b00000000000010111001010011001001 25
#5539
b00000000000010111001010011001011 1e
b01000000001000110100000000100100 20
b00000000000010111001010011001010 25
#5540
b00000000000010111001010011001100 1e
b01000011001001000011111100100101 20
b00000000000010111001010011001011 25
#5541
b00000000000010111001010011001101 1e
b00110111001000110011110100100101 20
b00000000000010111001010011001100 25
#5542
b00000000000010111001010011001110 1e
b00111101001000000011011100100001 20
b00000000000010111001010011001101 25
#5543
b00000000000010111001010011001111 1e
b01000010001000110100001000100011 20
b00000000000010111001010011001110 25
#5544
b00000000000010111001010011010000 1e
b00111111001001000011111100100101 20
b00000000000010111001010011001111 25
#5545
b00000000000010111001010011010001 1e
b00111111001000110100000100100011 20
b00000000000010111001010011010000 25
#5546
b00000000000010111001010011010010 1e
b01000001001001000100000000100010 20
b00000000000010111001010011010001 25
#5547
b00000000000010111001010011010011 1e
b01000001001000110100001100100011 20
b00000000000010111001010011010010 25
#5548
b00000000000010111001010011010100 1e
b01000000001000110100000100100001 20
b00000000000010111001010011010011 25
#5549
b00000000000010111001010011010101 1e
b00111111001000110100010000100010 20
b00000000000010111001010011010100 25
#5550
b00000000000010111001010011010110 1e
b01000000001001010100000000100011 20
b00000000000010111001010011010101 25
#5551
b00000000000010111001010011010111 1e
b01000000001000100100000100100101 20
b00000000000010111001010011010110 25
#5552
b00000000000010111001010011011000 1e
b00111101001000100100001000100010 20
b00000000000010111001010011010111 25
#5553
b00000000000010111001010011011001 1e
b01000001001000110011111100100010 20
b00000000000010111001010011011000 25
#5554
b00000000000010111001010011011010 1e
b01000000001001000100000000100011 20
b00000000000010111001010011011001 25
#5555
b00000000000010111001010011011011 1e
b01000010001000100100000000100011 20
b00000000000010111001010011011010 25
#5556
b00000000000010111001010011011100 1e
b01000100001001000100000100100000 20
b00000000000010111001010011011011 25
#5557
b00000000000010111001010011011101 1e
b00111100001000110011110100100010 20
b00000000000010111001010011011100 25
#5558
b00000000000010111001010011011110 1e
b01000001001000100011110000100011 20
b00000000000010111001010011011101 25
#5559
b00000000000010111001010011011111 1e
b01000001001000110100000100100100 20
b00000000000010111001010011011110 25
#5560
b00000000000010111001010011100000 1e
b01000001001001000100000000100101 20
b00000000000010111001010011011111 25
#5561
b00000000000010111001010011100001 1e
b00111111001000010100001000100011 20
b00000000000010111001010011100000 25
#5562
b00000000000010111001010011100010 1e
b01000000001000110011111100100010 20
b00000000000010111001010011100001 25
#5563
b00000000000010111001010011100011 1e
b00111111001000100100001000100010 20
b00000000000010111001010011100010 25
#5564
b00000000000010111001010011100100 1e
b01000010001000110100001000100010 20
b00000000000010111001010011100011 25
#5565
b00000000000010111001010011100101 1e
b00111111001000110011110100100011 20
b00000000000010111001010011100100 25
#5566
b00000000000010111001010011100110 1e
b00111110001000110100000000100011 20
b00000000000010111001010011100101 25
#5567
b00000000000010111001010011100111 1e
b01000010001001000011111100100100 20
b00000000000010111001010011100110 25
#5568
b00000000000010111001010011101000 1e
b01000001001000110011111100100011 20
b00000000000010111001010011100111 25
#5569
b00000000000010111001010011101001 1e
b01000010001000100100000000100011 20
b00000000000010111001010011101000 25
#5570
b00000000000010111001010011101010 1e
b01000001001000110011110100100011 20
b00000000000010111001010011101001 25
#5571
b00000000000010111001010011101011 1e
b00111111001000110011110100100011 20
b00000000000010111001010011101010 25
#5572
b00000000000010111001010011101100 1e
b00111101001000110100000100100010 20
b00000000000010111001010011101011 25
#5573
b00000000000010111001010011101101 1e
b00110101000111100011100000100001 20
b00000000000010111001010011101100 25
#5574
b00000000000010111001010011101110 1e
b01000000001000100011101000011111 20
b00000000000010111001010011101101 25
#5575
b00000000000010111001010011101111 1e
b01000010001000100011110100100001 20
b00000000000010111001010011101110 25
#5576
b00000000000010111001010011110000 1e
b00111101001000010011111100100011 20
b00000000000010111001010011101111 25
#5577
b00000000000010111001010011110001 1e
b00111110001000110100000000100010 20
b00000000000010111001010011110000 25
#5578
b00000000000010111001010011110010 1e
b01000000001000110100000000100100 20
b00000000000010111001010011110001 25
#5579
b00000000000010111001010011110011 1e
b01000000001000110011111000100011 20
b00000000000010111001010011110010 25
#5580
b00000000000010111001010011110100 1e
b00111110001000110100000000100011 20
b00000000000010111001010011110011 25
#5581
b00000000000010111001010011110101 1e
b01000000001000110011110100100011 20
b00000000000010111001010011110100 25
#5582
b00000000000010111001010011110110 1e
b01000010001000110100000000100101 20
b00000000000010111001010011110101 25
#5583
b00000000000010111001010011110111 1e
b00111111001001000100010100100010 20
b00000000000010111001010011110110 25
#5584
b00000000000010111001010011111000 1e
b01000001001001010011110100100010 20
b00000000000010111001010011110111 25
#5585
b00000000000010111001010011111001 1e
b00111111001001000011111000100011 20
b00000000000010111001010011111000 25
#5586
b00000000000010111001010011111010 1e
b01000000001000110100001100100100 20
b00000000000010111001010011111001 25
#5587
b00000000000010111001010011111011 1e
b01000001001000010100001000100100 20
b00000000000010111001010011111010 25
#5588
b00000000000010111001010011111100 1e
b01000001001000110100001100100010 20
b00000000000010111001010011111011 25
#5589
b00000000000010111001010011111101 1e
b01000000001001000100000100100100 20
b00000000000010111001010011111100 25
#5590
b00000000000010111001010011111110 1e
b01000000001000110011111100100011 20
b00000000000010111001010011111101 25
#5591
b00000000000010111001010011111111 1e
b01000001001000100011111100100001 20
b00000000000010111001010011111110 25
#5592
b00000000000010111001010100000000 1e
b00111111001000110011111100100011 20
b00000000000010111001010011111111 25
#5593
b00000000000010111001010100000001 1e
b01000000001000110011101100100001 20
b00000000000010111001010100000000 25
#5594
b00000000000010111001010100000010 1e
b01000011001001010100000100100011 20
b00000000000010111001010100000001 25
#5595
b00000000000010111001010100000011 1e
b00111111001001010011111100100011 20
b00000000000010111001010100000010 25
#5596
b00000000000010111001010100000100 1e
b01000001001000110011110100100100 20
b00000000000010111001010100000011 25
#5597
b00000000000010111001010100000101 1e
b01000000001000110011111000100100 20
b00000000000010111001010100000100 25
#5598
b00000000000010111001010100000110 1e
b00111111001001000100000000100101 20
b00000000000010111001010100000101 25
#5599
b00000000000010111001010100000111 1e
b01000000001000110011111100100011 20
b00000000000010111001010100000110 25
#5600
b00000000000010111001010100001000 1e
b01000000001000110100000100100010 20
b00000000000010111001010100000111 25
#5601
b00000000000010111001010100001001 1e
b01000001001000110011110100100101 20
b00000000000010111001010100001000 25
#5602
b00000000000010111001010100001010 1e
b01000001001000110100000000100011 20
b00000000000010111001010100001001 25
#5603
b00000000000010111001010100001011 1e
b00111111001000110011111100100011 20
b00000000000010111001010100001010 25
#5604
b00000000000010111001010100001100 1e
b01000000001001000100000100100011 20
b00000000000010111001010100001011 25
#5605
b00000000000010111001010100001101 1e
b01000010001000110100000000100011 20
b00000000000010111001010100001100 25
#5606
b00000000000010111001010100001110 1e
b01000000001000110100000100100011 20
b00000000000010111001010100001101 25
#5607
b00000000000010111001010100001111 1e
b00111110001000110100000000100101 20
b00000000000010111001010100001110 25
#5608
b00000000000010111001010100010000 1e
b01000010001000110100000100100100 20
b00000000000010111001010100001111 25
#5609
b00000000000010111001010100010001 1e
b01000000001000110100001000100110 20
b00000000000010111001010100010000 25
#5610
b00000000000010111001010100010010 1e
b01000001001000010100000100100101 20
b00000000000010111001010100010001 25
#5611
b00000000000010111001010100010011 1e
b01000000001001000011111100100010 20
b00000000000010111001010100010010 25
#5612
b00000000000010111001010100010100 1e
b01000000001001000011110000100011 20
b00000000000010111001010100010011 25
#5613
b00000000000010111001010100010101 1e
b01000001001001000011110100100011 20
b00000000000010111001010100010100 25
#5614
b00000000000010111001010100010110 1e
b01000000001000110100001000100100 20
b00000000000010111001010100010101 25
#5615
b00000000000010111001010100010111 1e
b01000001001001000100000000100011 20
b00000000000010111001010100010110 25
#5616
b00000000000010111001010100011000 1e
b01000011001001000100000000100011 20
b00000000000010111001010100010111 25
#5617
b00000000000010111001010100011001 1e
b00111111001000110100001000100011 20
b00000000000010111001010100011000 25
#5618
b00000000000010111001010100011010 1e
b01000000001001000100000000100100 20
b00000000000010111001010100011001 25
#5619
b00000000000010111001010100011011 1e
b00111110001000110011111000100100 20
b00000000000010111001010100011010 25
#5620
b00000000000010111001010100011100 1e
b01000010001000110100001100100100 20
b00000000000010111001010100011011 25
#5621
b00000000000010111001010100011101 1e
b01000001001000110100000000100011 20
b00000000000010111001010100011100 25
#5622
b00000000000010111001010100011110 1e
b01000000001001010100000000100100 20
b00000000000010111001010100011101 25
#5623
b00000000000010111001010100011111 1e
b01000011001001000100000000100001 20
b00000000000010111001010100011110 25
#5624
b00000000000010111001010100100000 1e
b01000000001000110100001000100011 20
b00000000000010111001010100011111 25
#5625
b00000000000010111001010100100001 1e
b01000100001001000100001000100100 20
b00000000000010111001010100100000 25
#5626
b00000000000010111001010100100010 1e
b01000000001001010011111000100110 20
b00000000000010111001010100100001 25
#5627
b00000000000010111001010100100011 1e
b01000100001000110100001100100101 20
b00000000000010111001010100100010 25
#5628
b00000000000010111001010100100100 1e
b01000001001001000100001100100101 20
b00000000000010111001010100100011 25
#5629
b00000000000010111001010100100101 1e
b01000011001001000100000100100110 20
b00000000000010111001010100100100 25
#5630
b00000000000010111001010100100110 1e
b01000001001001100100000000100110 20
b00000000000010111001010100100101 25
#5631
b00000000000010111001010100100111 1e
b01000010001000110100000100100101 20
b00000000000010111001010100100110 25
#5632
b00000000000010111001010100101000 1e
b01000011001000110100001000100100 20
b00000000000010111001010100100111 25
#5633
b00000000000010111001010100101001 1e
b00111110001001010100000000100001 20
b00000000000010111001010100101000 25
#5634
b00000000000010111001010100101010 1e
b01000001001001010100001000100001 20
b00000000000010111001010100101001 25
#5635
b00000000000010111001010100101011 1e
b01000100001000110100001000100100 20
b00000000000010111001010100101010 25
#5636
b00000000000010111001010100101100 1e
b01000001001000010100000100100101 20
b00000000000010111001010100101011 25
#5637
b00000000000010111001010100101101 1e
b01000001001001000100000100100011 20
b00000000000010111001010100101100 25
#5638
b00000000000010111001010100101110 1e
b01000000001000100100000100100010 20
b00000000000010111001010100101101 25
#5639
b00000000000010111001010100101111 1e
b01000110001001010100001000100001 20
b00000000000010111001010100101110 25
#5640
b00000000000010111001010100110000 1e
b01000100001001000100000000100100 20
b00000000000010111001010100101111 25
#5641
b00000000000010111001010100110001 1e
b01000010001000110100010000100100 20
b00000000000010111001010100110000 25
#5642
b00000000000010111001010100110010 1e
b01000010001001010100010100100010 20
b00000000000010111001010100110001 25
#5643
b00000000000010111001010100110011 1e
b01000011001000110100001000100100 20
b00000000000010111001010100110010 25
#5644
b00000000000010111001010100110100 1e
b01000010001001000100000100100110 20
b00000000000010111001010100110011 25
#5645
b00000000000010111001010100110101 1e
b01000010001000110100010000100100 20
b00000000000010111001010100110100 25
#5646
b00000000000010111001010100110110 1e
b01000010001001000100001000100100 20
b00000000000010111001010100110101 25
#5647
b00000000000010111001010100110111 1e
b01000010001001000100010000100011 20
b00000000000010111001010100110110 25
#5648
b00000000000010111001010100111000 1e
b00111110001000100100000000100100 20
b00000000000010111001010100110111 25
#5649
b00000000000010111001010100111001 1e
b01000010001001100100000000100100 20
b00000000000010111001010100111000 25
#5650
b00000000000010111001010100111010 1e
b01000000001001000100000100100010 20
b00000000000010111001010100111001 25
#5651
b00000000000010111001010100111011 1e
b01000000001001010100001000100100 20
b00000000000010111001010100111010 25
#5652
b00000000000010111001010100111100 1e
b01000010001000110100001000100011 20
b00000000000010111001010100111011 25
#5653
b00000000000010111001010100111101 1e
b01000000001000110100001000100100 20
b00000000000010111001010100111100 25
#5654
b00000000000010111001010100111110 1e
b00111001001000010011110100100011 20
b00000000000010111001010100111101 25
#5655
b00000000000010111001010100111111 1e
b00111101001000100011110000100010 20
b00000000000010111001010100111110 25
#5656
b00000000000010111001010101000000 1e
b00111110001000110100000100100100 20
b00000000000010111001010100111111 25
#5657
b00000000000010111001010101000001 1e
b00111111001000110011100100100011 20
b00000000000010111001010101000000 25
#5658
b00000000000010111001010101000010 1e
b00111110001000110100000100100000 20
b00000000000010111001010101000001 25
#5659
b00000000000010111001010101000011 1e
b00111100001001000011110100100011 20
b00000000000010111001010101000010 25
#5660
b00000000000010111001010101000100 1e
b00111101001001000100000000100011 20
b00000000000010111001010101000011 25
#5661
b00000000000010111001010101000101 1e
b00111110001000110011110100100011 20
b00000000000010111001010101000100 25
#5662
b00000000000010111001010101000110 1e
b00111111001000010100000100100011 20
b00000000000010111001010101000101 25
#5663
b00000000000010111001010101000111 1e
b00111100001000110011110000100011 20
b00000000000010111001010101000110 25
#5664
b00000000000010111001010101001000 1e
b00111111001000010100000000100100 20
b00000000000010111001010101000111 25
#5665
b00000000000010111001010101001001 1e
b00111110001000110011110100100010 20
b00000000000010111001010101001000 25
#5666
b00000000000010111001010101001010 1e
b00111110001001010011111000100011 20
b00000000000010111001010101001001 25
#5667
b00000000000010111001010101001011 1e
b01000001001000100100000100100010 20
b00000000000010111001010101001010 25
#5668
b00000000000010111001010101001100 1e
b00111101001000010100000000100011 20
b00000000000010111001010101001011 25
#5669
b00000000000010111001010101001101 1e
b00111111001000010011110000100010 20
b00000000000010111001010101001100 25
#5670
b00000000000010111001010101001110 1e
b00111111001000010011100100100010 20
b00000000000010111001010101001101 25
#5671
b00000000000010111001010101001111 1e
b01000010001000110011111000100001 20
b00000000000010111001010101001110 25
#5672
b00000000000010111001010101010000 1e
b01000001001001100100001000100101 20
b00000000000010111001010101001111 25
#5673
b00000000000010111001010101010001 1e
b01000101001001000100000100100101 20
b00000000000010111001010101010000 25
#5674
b00000000000010111001010101010010 1e
b01000010001000110100001000100101 20
b00000000000010111001010101010001 25
#5675
b00000000000010111001010101010011 1e
b00111000001000110100001000100101 20
b00000000000010111001010101010010 25
#5676
b00000000000010111001010101010100 1e
b00110001000111110011010000011111 20
b00000000000010111001010101010011 25
#5677
b00000000000010111001010101010101 1e
b00111111001000010011011000011110 20
b00000000000010111001010101010100 25
#5678
b00000000000010111001010101010110 1e
b01000001001001010100000100100100 20
b00000000000010111001010101010101 25
#5679
b00000000000010111001010101010111 1e
b01000010001001100100000100100100 20
b00000000000010111001010101010110 25
#5680
b00000000000010111001010101011000 1e
b01000100001001100100001000100100 20
b00000000000010111001010101010111 25
#5681
b00000000000010111001010101011001 1e
b01000010001001000100010000100101 20
b00000000000010111001010101011000 25
#5682
b00000000000010111001010101011010 1e
b01000010001001100100000000100100 20
b00000000000010111001010101011001 25
#5683
b00000000000010111001010101011011 1e
b01000011001001100100001000100100 20
b00000000000010111001010101011010 25
#5684
b00000000000010111001010101011100 1e
b01000010001001000100010000100100 20
b00000000000010111001010101011011 25
#5685
b00000000000010111001010101011101 1e
b01000100001000110100001100100100 20
b00000000000010111001010101011100 25
#5686
b00000000000010111001010101011110 1e
b01000001001001000100010000100100 20
b00000000000010111001010101011101 25
#5687
b00000000000010111001010101011111 1e
b01000010001001000100000100100100 20
b00000000000010111001010101011110 25
#5688
b00000000000010111001010101100000 1e
b01000010001000110100010100100011 20
b00000000000010111001010101011111 25
#5689
b00000000000010111001010101100001 1e
b01000100001001000100010000100100 20
b00000000000010111001010101100000 25
#5690
b00000000000010111001010101100010 1e
b01000010001000110100010000100110 20
b00000000000010111001010101100001 25
#5691
b00000000000010111001010101100011 1e
b00111000001000010100001000100011 20
b00000000000010111001010101100010 25
#5692
b00000000000010111001010101100100 1e
b00111010001000100011101100100000 20
b00000000000010111001010101100011 25
#5693
b00000000000010111001010101100101 1e
b01000010001001010100001100100010 20
b00000000000010111001010101100100 25
#5694
b00000000000010111001010101100110 1e
b01000100001001000100011000100100 20
b00000000000010111001010101100101 25
#5695
b00000000000010111001010101100111 1e
b01000011001001010100001000100101 20
b00000000000010111001010101100110 25
#5696
b00000000000010111001010101101000 1e
b01000110001001000011111100100110 20
b00000000000010111001010101100111 25
#5697
b00000000000010111001010101101001 1e
b01000100001001110100010000100011 20
b00000000000010111001010101101000 25
#5698
b00000000000010111001010101101010 1e
b01000001001001010100010000100101 20
b00000000000010111001010101101001 25
#5699
b00000000000010111001010101101011 1e
b01000001001001010100001100100101 20
b00000000000010111001010101101010 25
#5700
b00000000000010111001010101101100 1e
b01000100001001010100001100100011 20
b00000000000010111001010101101011 25
#5701
b00000000000010111001010101101101 1e
b00111101001001010100001100100101 20
b00000000000010111001010101101100 25
#5702
b00000000000010111001010101101110 1e
b00111111001000110011100100100001 20
b00000000000010111001010101101101 25
#5703
b00000000000010111001010101101111 1e
b01000010001001000100000100100011 20
b00000000000010111001010101101110 25
#5704
b00000000000010111001010101110000 1e
b01000010001000110100001000100101 20
b00000000000010111001010101101111 25
#5705
b00000000000010111001010101110001 1e
b01000011001001010100010000100100 20
b00000000000010111001010101110000 25
#5706
b00000000000010111001010101110010 1e
b01000100001001010100001000100100 20
b00000000000010111001010101110001 25
#5707
b00000000000010111001010101110011 1e
b01000011001000110100000100100011 20
b00000000000010111001010101110010 25
#5708
b00000000000010111001010101110100 1e
b01000010001000110100010100100100 20
b00000000000010111001010101110011 25
#5709
b00000000000010111001010101110101 1e
b01000011001001010100000000100110 20
b00000000000010111001010101110100 25
#5710
b00000000000010111001010101110110 1e
b01000010001001000100010100100100 20
b00000000000010111001010101110101 25
#5711
b00000000000010111001010101110111 1e
b01000100001001100100010100100100 20
b00000000000010111001010101110110 25
#5712
b00000000000010111001010101111000 1e
b01000100001001100100011000100101 20
b00000000000010111001010101110111 25
#5713
b00000000000010111001010101111001 1e
b01000100001000110100010000100100 20
b00000000000010111001010101111000 25
#5714
b00000000000010111001010101111010 1e
b01000011001001010100000000100100 20
b00000000000010111001010101111001 25
#5715
b00000000000010111001010101111011 1e
b00111111001001000100010000100110 20
b00000000000010111001010101111010 25
#5716
b00000000000010111001010101111100 1e
b01000011001000010011110100100011 20
b00000000000010111001010101111011 25
#5717
b00000000000010111001010101111101 1e
b01000011001000110100011000100100 20
b00000000000010111001010101111100 25
#5718
b00000000000010111001010101111110 1e
b01000010001001100100010000100011 20
b00000000000010111001010101111101 25
#5719
b00000000000010111001010101111111 1e
b01000011001001000100001100100100 20
b00000000000010111001010101111110 25
#5720
b00000000000010111001010110000000 1e
b01000000001001000100001100100100 20
b00000000000010111001010101111111 25
#5721
b00000000000010111001010110000001 1e
b01000000001000110100000100100100 20
b00000000000010111001010110000000 25
#5722
b00000000000010111001010110000010 1e
b01000101001000100100010000100011 20
b00000000000010111001010110000001 25
#5723
b00000000000010111001010110000011 1e
b01000001001000110100010000100100 20
b00000000000010111001010110000010 25
#5724
b00000000000010111001010110000100 1e
b01000001001001010100001000100100 20
b00000000000010111001010110000011 25
#5725
b00000000000010111001010110000101 1e
b01000011001001100100010100100100 20
b00000000000010111001010110000100 25
#5726
b00000000000010111001010110000110 1e
b01000010001000110100001100100110 20
b00000000000010111001010110000101 25
#5727
b00000000000010111001010110000111 1e
b01000100001000110100000100100101 20
b00000000000010111001010110000110 25
#5728
b00000000000010111001010110001000 1e
b01000010001001010100001000100011 20
b00000000000010111001010110000111 25
#5729
b00000000000010111001010110001001 1e
b01000100001000110100010000100011 20
b00000000000010111001010110001000 25
#5730
b00000000000010111001010110001010 1e
b01000100001001000100010000100100 20
b00000000000010111001010110001001 25
#5731
b00000000000010111001010110001011 1e
b01000010001000110100000000100101 20
b00000000000010111001010110001010 25
#5732
b00000000000010111001010110001100 1e
b01000100001000110100011100100100 20
b00000000000010111001010110001011 25
#5733
b00000000000010111001010110001101 1e
b01000110001000110100011000100011 20
b00000000000010111001010110001100 25
#5734
b00000000000010111001010110001110 1e
b00111101001000100011111100100110 20
b00000000000010111001010110001101 25
#5735
b00000000000010111001010110001111 1e
b01000011001000100100000000100101 20
b00000000000010111001010110001110 25
#5736
b00000000000010111001010110010000 1e
b01000000001001010100001100100011 20
b00000000000010111001010110001111 25
#5737
b00000000000010111001010110010001 1e
b00111110001000100011111000100011 20
b00000000000010111001010110010000 25
#5738
b00000000000010111001010110010010 1e
b01000000001001010100001000100011 20
b00000000000010111001010110010001 25
#5739
b00000000000010111001010110010011 1e
b01000100001000110100001100100101 20
b00000000000010111001010110010010 25
#5740
b00000000000010111001010110010100 1e
b01000100001000110100001000100110 20
b00000000000010111001010110010011 25
#5741
b00000000000010111001010110010101 1e
b01000011001001000100001100100011 20
b00000000000010111001010110010100 25
#5742
b00000000000010111001010110010110 1e
b01000010001000110100001000100101 20
b00000000000010111001010110010101 25
#5743
b00000000000010111001010110010111 1e
b01000010001000110100000000100011 20
b00000000000010111001010110010110 25
#5744
b00000000000010111001010110011000 1e
b01000011001000110100010100100100 20
b00000000000010111001010110010111 25
#5745
b00000000000010111001010110011001 1e
b01000001001001000100001000100110 20
b00000000000010111001010110011000 25
#5746
b00000000000010111001010110011010 1e
b01000100001000110100001000100100 20
b00000000000010111001010110011001 25
#5747
b00000000000010111001010110011011 1e
b01000100001001100100010000100110 20
b00000000000010111001010110011010 25
#5748
b00000000000010111001010110011100 1e
b01000011001001000100001000100011 20
b00000000000010111001010110011011 25
#5749
b00000000000010111001010110011101 1e
b01000110001000110100000000100100 20
b00000000000010111001010110011100 25
#5750
b00000000000010111001010110011110 1e
b01000100001000100100001000100100 20
b00000000000010111001010110011101 25
#5751
b00000000000010111001010110011111 1e
b01000000001000110100001100100100 20
b00000000000010111001010110011110 25
#5752
b00000000000010111001010110100000 1e
b01000001001000110100000100100010 20
b00000000000010111001010110011111 25
#5753
b00000000000010111001010110100001 1e
b01000100001001100100010000100100 20
b00000000000010111001010110100000 25
#5754
b00000000000010111001010110100010 1e
b01000010001001010100010000100011 20
b00000000000010111001010110100001 25
#5755
b00000000000010111001010110100011 1e
b01000010001001010100010000100101 20
b00000000000010111001010110100010 25
#5756
b00000000000010111001010110100100 1e
b01000011001000110100001100100011 20
b00000000000010111001010110100011 25
#5757
b00000000000010111001010110100101 1e
b01000010001001010100010100100110 20
b00000000000010111001010110100100 25
#5758
b00000000000010111001010110100110 1e
b01000010001001000100001000100101 20
b00000000000010111001010110100101 25
#5759
b00000000000010111001010110100111 1e
b01000011001000110100010100100100 20
b00000000000010111001010110100110 25
#5760
b00000000000010111001010110101000 1e
b01000100001000100100001000100010 20
b00000000000010111001010110100111 25
#5761
b00000000000010111001010110101001 1e
b01000010001000110100010000100100 20
b00000000000010111001010110101000 25
#5762
b00000000000010111001010110101010 1e
b01000011001000110100001000100101 20
b00000000000010111001010110101001 25
#5763
b00000000000010111001010110101011 1e
b01000001001000110100010000100011 20
b00000000000010111001010110101010 25
#5764
b00000000000010111001010110101100 1e
b01000011001001010100000100100110 20
b00000000000010111001010110101011 25
#5765
b00000000000010111001010110101101 1e
b01000001001001000100011000100011 20
b00000000000010111001010110101100 25
#5766
b00000000000010111001010110101110 1e
b01000010001000110100001100100101 20
b00000000000010111001010110101101 25
#5767
b00000000000010111001010110101111 1e
b01000011001001000100010000100110 20
b00000000000010111001010110101110 25
#5768
b00000000000010111001010110110000 1e
b01000011001000110100010100100100 20
b00000000000010111001010110101111 25
#5769
b00000000000010111001010110110001 1e
b01000000001001010100010000100100 20
b00000000000010111001010110110000 25
#5770
b00000000000010111001010110110010 1e
b01000011001001010100010000100011 20
b00000000000010111001010110110001 25
#5771
b00000000000010111001010110110011 1e
b01000000001000110100000100100011 20
b00000000000010111001010110110010 25
#5772
b00000000000010111001010110110100 1e
b01000100001001000100000100100101 20
b00000000000010111001010110110011 25
#5773
b00000000000010111001010110110101 1e
b00111110001001010100010000100100 20
b00000000000010111001010110110100 25
#5774
b00000000000010111001010110110110 1e
b01000001001000010100000100100011 20
b00000000000010111001010110110101 25
#5775
b00000000000010111001010110110111 1e
b00111101001000010100000000100100 20
b00000000000010111001010110110110 25
#5776
b00000000000010111001010110111000 1e
b01000001001001000100000100100010 20
b00000000000010111001010110110111 25
#5777
b00000000000010111001010110111001 1e
b01000011001001100100001100100100 20
b00000000000010111001010110111000 25
#5778
b00000000000010111001010110111010 1e
b01000011001000110100001100100011 20
b00000000000010111001010110111001 25
#5779
b00000000000010111001010110111011 1e
b01000101001001010100001100100100 20
b00000000000010111001010110111010 25
#5780
b00000000000010111001010110111100 1e
b01000010001000110100010000100011 20
b00000000000010111001010110111011 25
#5781
b00000000000010111001010110111101 1e
b00111110001000110100001000100110 20
b00000000000010111001010110111100 25
#5782
b00000000000010111001010110111110 1e
b01000001001000010100000100100010 20
b00000000000010111001010110111101 25
#5783
b00000000000010111001010110111111 1e
b01000010001001100011111100100100 20
b00000000000010111001010110111110 25
#5784
b00000000000010111001010111000000 1e
b01000011001000110100010100100110 20
b00000000000010111001010110111111 25
#5785
b00000000000010111001010111000001 1e
b00111111001000110100001000100100 20
b00000000000010111001010111000000 25
#5786
b00000000000010111001010111000010 1e
b01000001001000100100000000100010 20
b00000000000010111001010111000001 25
#5787
b00000000000010111001010111000011 1e
b00111110001001010100000000100011 20
b00000000000010111001010111000010 25
#5788
b00000000000010111001010111000100 1e
b00111011001000010011111000100011 20
b00000000000010111001010111000011 25
#5789
b00000000000010111001010111000101 1e
b01000010001000010100000000100000 20
b00000000000010111001010111000100 25
#5790
b00000000000010111001010111000110 1e
b01000100001001000011111100100010 20
b00000000000010111001010111000101 25
#5791
b00000000000010111001010111000111 1e
b01000001001000110100010000100011 20
b00000000000010111001010111000110 25
#5792
b00000000000010111001010111001000 1e
b01000011001000110100010000100100 20
b00000000000010111001010111000111 25
#5793
b00000000000010111001010111001001 1e
b01000001001001010100001000100100 20
b00000000000010111001010111001000 25
#5794
b00000000000010111001010111001010 1e
b01000010001001000100000000100011 20
b00000000000010111001010111001001 25
#5795
b00000000000010111001010111001011 1e
b01000001001000110100010000100011 20
b00000000000010111001010111001010 25
#5796
b00000000000010111001010111001100 1e
b01000001001001010100010100100011 20
b00000000000010111001010111001011 25
#5797
b00000000000010111001010111001101 1e
b00111111001000100100010100100101 20
b00000000000010111001010111001100 25
#5798
b00000000000010111001010111001110 1e
b01000010001001000011101000100001 20
b00000000000010111001010111001101 25
#5799
b00000000000010111001010111001111 1e
b01000010001001000100001100100101 20
b00000000000010111001010111001110 25
#5800
b00000000000010111001010111010000 1e
b01000011001001010100010000100011 20
b00000000000010111001010111001111 25
#5801
b00000000000010111001010111010001 1e
b01000100001001000100001000100100 20
b00000000000010111001010111010000 25
#5802
b00000000000010111001010111010010 1e
b01000010001000110100010000100110 20
b00000000000010111001010111010001 25
#5803
b00000000000010111001010111010011 1e
b01000001001000110100001100100010 20
b00000000000010111001010111010010 25
#5804
b00000000000010111001010111010100 1e
b01000010001000110100001000100101 20
b00000000000010111001010111010011 25
#5805
b00000000000010111001010111010101 1e
b01000001001000110100000100100011 20
b00000000000010111001010111010100 25
#5806
b00000000000010111001010111010110 1e
b01000010001000110100001000100011 20
b00000000000010111001010111010101 25
#5807
b00000000000010111001010111010111 1e
b01000001001000110100000000100100 20
b00000000000010111001010111010110 25
#5808
b00000000000010111001010111011000 1e
b01000001001000110100010100100011 20
b00000000000010111001010111010111 25
#5809
b00000000000010111001010111011001 1e
b00111110001001000011110100100011 20
b00000000000010111001010111011000 25
#5810
b00000000000010111001010111011010 1e
b00111111001000000011111000100011 20
b00000000000010111001010111011001 25
#5811
b00000000000010111001010111011011 1e
b01000001001001010100001100100011 20
b00000000000010111001010111011010 25
#5812
b00000000000010111001010111011100 1e
b01000011001000110100001100100011 20
b00000000000010111001010111011011 25
#5813
b00000000000010111001010111011101 1e
b01000010001001010100001000100100 20
b00000000000010111001010111011100 25
#5814
b00000000000010111001010111011110 1e
b01000011001001000100001000100011 20
b00000000000010111001010111011101 25
#5815
b00000000000010111001010111011111 1e
b01000011001000110100001000100011 20
b00000000000010111001010111011110 25
#5816
b00000000000010111001010111100000 1e
b01000011001001010100010100100011 20
b00000000000010111001010111011111 25
#5817
b00000000000010111001010111100001 1e
b00111111001000110100000000100100 20
b00000000000010111001010111100000 25
#5818
b00000000000010111001010111100010 1e
b01000100001001010100000100100100 20
b00000000000010111001010111100001 25
#5819
b00000000000010111001010111100011 1e
b01000010001000110100000100100110 20
b00000000000010111001010111100010 25
#5820
b00000000000010111001010111100100 1e
b01000000001001000100000000100110 20
b00000000000010111001010111100011 25
#5821
b00000000000010111001010111100101 1e
b01000101001000110011111100100011 20
b00000000000010111001010111100100 25
#5822
b00000000000010111001010111100110 1e
b01000011001001010100001000100100 20
b00000000000010111001010111100101 25
#5823
b00000000000010111001010111100111 1e
b01000010001001000100000100100110 20
b00000000000010111001010111100110 25
#5824
b00000000000010111001010111101000 1e
b01000001001000110011110100100001 20
b00000000000010111001010111100111 25
#5825
b00000000000010111001010111101001 1e
b01000100001001010100000100100101 20
b00000000000010111001010111101000 25
#5826
b00000000000010111001010111101010 1e
b01000100001001010100001100100011 20
b00000000000010111001010111101001 25
#5827
b00000000000010111001010111101011 1e
b01000011001001000100001000100001 20
b00000000000010111001010111101010 25
#5828
b00000000000010111001010111101100 1e
b01000011001000110100000000100011 20
b00000000000010111001010111101011 25
#5829
b00000000000010111001010111101101 1e
b01000100001001000100001100100011 20
b00000000000010111001010111101100 25
#5830
b00000000000010111001010111101110 1e
b01000011001001000100001000100100 20
b00000000000010111001010111101101 25
#5831
b00000000000010111001010111101111 1e
b01000001001001010100001000100011 20
b00000000000010111001010111101110 25
#5832
b00000000000010111001010111110000 1e
b00111100001000110100000100100011 20
b00000000000010111001010111101111 25
#5833
b00000000000010111001010111110001 1e
b01000001001000110011111100100011 20
b00000000000010111001010111110000 25
#5834
b00000000000010111001010111110010 1e
b01000011001000110100001000100011 20
b00000000000010111001010111110001 25
#5835
b00000000000010111001010111110011 1e
b01000100001001000011111000100011 20
b00000000000010111001010111110010 25
#5836
b00000000000010111001010111110100 1e
b01000001001001010100001100100100 20
b00000000000010111001010111110011 25
#5837
b00000000000010111001010111110101 1e
b00111101001001010100000100100101 20
b00000000000010111001010111110100 25
#5838
b00000000000010111001010111110110 1e
b00111111001001000100000000100100 20
b00000000000010111001010111110101 25
#5839
b00000000000010111001010111110111 1e
b01000001001000110100001000100011 20
b00000000000010111001010111110110 25
#5840
b00000000000010111001010111111000 1e
b01000010001000110100000000100010 20
b00000000000010111001010111110111 25
#5841
b00000000000010111001010111111001 1e
b00111111001001000100000000100010 20
b00000000000010111001010111111000 25
#5842
b00000000000010111001010111111010 1e
b01000011001001000100000100100011 20
b00000000000010111001010111111001 25
#5843
b00000000000010111001010111111011 1e
b01000010001000110100000100100011 20
b00000000000010111001010111111010 25
#5844
b00000000000010111001010111111100 1e
b00111101001000100100001000100101 20
b00000000000010111001010111111011 25
#5845
b00000000000010111001010111111101 1e
b01000001001000110100000100100010 20
b00000000000010111001010111111100 25
#5846
b00000000000010111001010111111110 1e
b01000001001000110100001000100011 20
b00000000000010111001010111111101 25
#5847
b00000000000010111001010111111111 1e
b01000001001000010100001100100100 20
b00000000000010111001010111111110 25
#5848
b00000000000010111001011000000000 1e
b01000111001001010100000100100011 20
b00000000000010111001010111111111 25
#5849
b00000000000010111001011000000001 1e
b01000000001000110011111100100101 20
b00000000000010111001011000000000 25
#5850
b00000000000010111001011000000010 1e
b01000100001001000100001100100101 20
b00000000000010111001011000000001 25
#5851
b00000000000010111001011000000011 1e
b01000010001001000100001000100100 20
b00000000000010111001011000000010 25
#5852
b00000000000010111001011000000100 1e
b01000010001001000100010000100011 20
b00000000000010111001011000000011 25
#5853
b00000000000010111001011000000101 1e
b01000000001000110100001100100101 20
b00000000000010111001011000000100 25
#5854
b00000000000010111001011000000110 1e
b01000010001000100100001100100011 20
b00000000000010111001011000000101 25
#5855
b00000000000010111001011000000111 1e
b00111100001000110100000000100011 20
b00000000000010111001011000000110 25
#5856
b00000000000010111001011000001000 1e
b00111100000111010011001100100000 20
b00000000000010111001011000000111 25
#5857
b00000000000010111001011000001001 1e
b01000010001000110011111100100001 20
b00000000000010111001011000001000 25
#5858
b00000000000010111001011000001010 1e
b00111111001001000100000100100011 20
b00000000000010111001011000001001 25
#5859
b00000000000010111001011000001011 1e
b00111111001000100100010000100011 20
b00000000000010111001011000001010 25
#5860
b00000000000010111001011000001100 1e
b01000000001000110011111000100100 20
b00000000000010111001011000001011 25
#5861
b00000000000010111001011000001101 1e
b01000001001000110100001000100100 20
b00000000000010111001011000001100 25
#5862
b00000000000010111001011000001110 1e
b01000010001000110100001000100011 20
b00000000000010111001011000001101 25
#5863
b00000000000010111001011000001111 1e
b01000011001001010100000100100001 20
b00000000000010111001011000001110 25
#5864
b00000000000010111001011000010000 1e
b01000001001000110100010000100010 20
b00000000000010111001011000001111 25
#5865
b00000000000010111001011000010001 1e
b00111011001000010100000000100011 20
b00000000000010111001011000010000 25
#5866
b00000000000010111001011000010010 1e
b01000010001000110011110100100010 20
b00000000000010111001011000010001 25
#5867
b00000000000010111001011000010011 1e
b01000001001000110100000000100011 20
b00000000000010111001011000010010 25
#5868
b00000000000010111001011000010100 1e
b01000000001001000100001000100011 20
b00000000000010111001011000010011 25
#5869
b00000000000010111001011000010101 1e
b00111101001000110100010000100101 20
b00000000000010111001011000010100 25
#5870
b00000000000010111001011000010110 1e
b01000000001000010011111000100001 20
b00000000000010111001011000010101 25
#5871
b00000000000010111001011000010111 1e
b01000010001000110100000100100010 20
b00000000000010111001011000010110 25
#5872
b00000000000010111001011000011000 1e
b01000011001001000100001000100011 20
b00000000000010111001011000010111 25
#5873
b00000000000010111001011000011001 1e
b01000000001000010100000100100101 20
b00000000000010111001011000011000 25
#5874
b00000000000010111001011000011010 1e
b01000000001000110100000000100001 20
b00000000000010111001011000011001 25
#5875
b00000000000010111001011000011011 1e
b01000001001001100100010000100010 20
b00000000000010111001011000011010 25
#5876
b00000000000010111001011000011100 1e
b01000000001000110100000100100100 20
b00000000000010111001011000011011 25
#5877
b00000000000010111001011000011101 1e
b01000001001001100100001000100100 20
b00000000000010111001011000011100 25
#5878
b00000000000010111001011000011110 1e
b01000100001001000100000000100100 20
b00000000000010111001011000011101 25
#5879
b00000000000010111001011000011111 1e
b01000100001000100100001000100011 20
b00000000000010111001011000011110 25
#5880
b00000000000010111001011000100000 1e
b01000010001000100100000100100100 20
b00000000000010111001011000011111 25
#5881
b00000000000010111001011000100001 1e
b01000001001000110100000000100100 20
b00000000000010111001011000100000 25
#5882
b00000000000010111001011000100010 1e
b01000000001000100011111100100100 20
b00000000000010111001011000100001 25
#5883
b00000000000010111001011000100011 1e
b01000000001000110100001000100100 20
b00000000000010111001011000100010 25
#5884
b00000000000010111001011000100100 1e
b00111110001001000100001000100100 20
b00000000000010111001011000100011 25
#5885
b00000000000010111001011000100101 1e
b01000010001001010100000000100010 20
b00000000000010111001011000100100 25
#5886
b00000000000010111001011000100110 1e
b01000010001000110100010100100011 20
b00000000000010111001011000100101 25
#5887
b00000000000010111001011000100111 1e
b01000000001000110011111100100100 20
b00000000000010111001011000100110 25
#5888
b00000000000010111001011000101000 1e
b01000000001001000011111100100011 20
b00000000000010111001011000100111 25
#5889
b00000000000010111001011000101001 1e
b00111010001000110011110100100010 20
b00000000000010111001011000101000 25
#5890
b00000000000010111001011000101010 1e
b00111000001000000011101100100000 20
b00000000000010111001011000101001 25
#5891
b00000000000010111001011000101011 1e
b00110101000111110011100000100000 20
b00000000000010111001011000101010 25
#5892
b00000000000010111001011000101100 1e
b00111011001000000011101100011111 20
b00000000000010111001011000101011 25
#5893
b00000000000010111001011000101101 1e
b00111100001000010011110000011111 20
b00000000000010111001011000101100 25
#5894
b00000000000010111001011000101110 1e
b00111001001000010011111100100001 20
b00000000000010111001011000101101 25
#5895
b00000000000010111001011000101111 1e
b00111010001000100011100000100000 20
b00000000000010111001011000101110 25
#5896
b00000000000010111001011000110000 1e
b00111101001000010011101100100000 20
b00000000000010111001011000101111 25
#5897
b00000000000010111001011000110001 1e
b00111010001000010011101100100001 20
b00000000000010111001011000110000 25
#5898
b00000000000010111001011000110010 1e
b00111110001000010011101000100000 20
b00000000000010111001011000110001 25
#5899
b00000000000010111001011000110011 1e
b00111100001000010011101000100001 20
b00000000000010111001011000110010 25
#5900
b00000000000010111001011000110100 1e
b00111011001000010011101100100000 20
b00000000000010111001011000110011 25
#5901
b00000000000010111001011000110101 1e
b00111101001000010011101100100001 20
b00000000000010111001011000110100 25
#5902
b00000000000010111001011000110110 1e
b00111010001000000011110100011111 20
b00000000000010111001011000110101 25
#5903
b00000000000010111001011000110111 1e
b00111110001000000011111000100011 20
b00000000000010111001011000110110 25
#5904
b00000000000010111001011000111000 1e
b01000100001000110011110100100001 20
b00000000000010111001011000110111 25
#5905
b00000000000010111001011000111001 1e
b01000010001000110100001000100011 20
b00000000000010111001011000111000 25
#5906
b00000000000010111001011000111010 1e
b01000100001000110011111100100100 20
b00000000000010111001011000111001 25
#5907
b00000000000010111001011000111011 1e
b01000001001000110100001000100011 20
b00000000000010111001011000111010 25
#5908
b00000000000010111001011000111100 1e
b00111101001000110100000100100011 20
b00000000000010111001011000111011 25
#5909
b00000000000010111001011000111101 1e
b00111101001000110011111100100011 20
b00000000000010111001011000111100 25
#5910
b00000000000010111001011000111110 1e
b01000001001001000100001000100011 20
b00000000000010111001011000111101 25
#5911
06
b00000000001000001000000000000110 b
b00000000000010111001011000111111 1e
01f
b01000001001001000100000100100001 20
b00000000000010111001011000111110 25
026
#5912
08
b00000000000010111001011001000000 1e
b01000000001001000100000000100010 20
b00000000000010111001011000111111 25
#5913
b00111110001001000100000000100011 20
121
b00000000000010111001011001000000 25
#5914
024
b0000 27
#5919
b00000000001010001000000000000110 b
#5975
b00000000001000001000000000000110 b
#6081
16
b00000000001000001000000000000100 b
11f
126
#6082
18
#6083
b00000000000010111001011001000001 1e
021
#6084
b00000000000010111001011001000010 1e
b01000000001001000011111100100011 20
124
b00000000000010111001011001000001 25
b1111 27
#6085
b00000000000010111001011001000011 1e
b01000101001000110100000000100011 20
b00000000000010111001011001000010 25
#6086
b00000000000010111001011001000100 1e
b01000010001000110100001000100011 20
b00000000000010111001011001000011 25
#6087
b00000000000010111001011001000101 1e
b01000000001000100100000000100010 20
b00000000000010111001011001000100 25
#6088
b00000000000010111001011001000110 1e
b01000001001001000100000000100011 20
b00000000000010111001011001000101 25
#6089
b00000000000010111001011001000111 1e
b01000000001000100100000000100100 20
b00000000000010111001011001000110 25
#6090
b00000000000010111001011001001000 1e
b00111111001000110100000000100010 20
b00000000000010111001011001000111 25
#6091
b00000000000010111001011001001001 1e
b01000001001000110100000000100011 20
b00000000000010111001011001001000 25
#6092
b00000000000010111001011001001010 1e
b00111011001000110011110000100010 20
b00000000000010111001011001001001 25
#6093
b00000000000010111001011001001011 1e
b00111010001000100011110000100011 20
b00000000000010111001011001001010 25
#6094
b00000000000010111001011001001100 1e
b00110011001000010011101000100010 20
b00000000000010111001011001001011 25
#6095
b00000000000010111001011001001101 1e
b00110001000111010010111000011110 20
b00000000000010111001011001001100 25
#6096
b00000000000010111001011001001110 1e
b00111001000111100011001000011110 20
b00000000000010111001011001001101 25
#6097
b00000000000010111001011001001111 1e
b00111011001000000011101100011111 20
b00000000000010111001011001001110 25
#6098
b00000000000010111001011001010000 1e
b00111001001000010011100100100001 20
b00000000000010111001011001001111 25
#6099
b00000000000010111001011001010001 1e
b00111110001000100011110000100000 20
b00000000000010111001011001010000 25
#6100
b00000000000010111001011001010010 1e
b00111011001000000011101000100000 20
b00000000000010111001011001010001 25
#6101
b00000000000010111001011001010011 1e
b00111010001000010011110000100001 20
b00000000000010111001011001010010 25
#6102
b00000000000010111001011001010100 1e
b00111011001000110011101000100001 20
b00000000000010111001011001010011 25
#6103
b00000000000010111001011001010101 1e
b00111011001000010011110000100000 20
b00000000000010111001011001010100 25
#6104
b00000000000010111001011001010110 1e
b00111101001000010011110000100010 20
b00000000000010111001011001010101 25
#6105
b00000000000010111001011001010111 1e
b00111011000111110011110100100001 20
b00000000000010111001011001010110 25
#6106
b00000000000010111001011001011000 1e
b00111100001000010011110100100010 20
b00000000000010111001011001010111 25
#6107
b00000000000010111001011001011001 1e
b01000000001000100011101100100010 20
b00000000000010111001011001011000 25
#6108
b00000000000010111001011001011010 1e
b00111100001000000011110100100001 20
b00000000000010111001011001011001 25
#6109
b00000000000010111001011001011011 1e
b00000000000010111001011001011010 25
#6110
b00000000000010111001011001011100 1e
b00111100001000100011110100100001 20
b00000000000010111001011001011011 25
#6111
b00000000000010111001011001011101 1e
b00111101001000010011101100100001 20
b00000000000010111001011001011100 25
#6112
b00000000000010111001011001011110 1e
b00111100001000010011110000100011 20
b00000000000010111001011001011101 25
#6113
b00000000000010111001011001011111 1e
b00111100001000010011111000100010 20
b00000000000010111001011001011110 25
#6114
b00000000000010111001011001100000 1e
b00111110001000010011110100100001 20
b00000000000010111001011001011111 25
#6115
b00000000000010111001011001100001 1e
b01000001001000100011110100100011 20
b00000000000010111001011001100000 25
#6116
b00000000000010111001011001100010 1e
b01000001001000100011110100100010 20
b00000000000010111001011001100001 25
#6117
b00000000000010111001011001100011 1e
b00111110001000110100000000100011 20
b00000000000010111001011001100010 25
#6118
b00000000000010111001011001100100 1e
b01000001001000110100000000100010 20
b00000000000010111001011001100011 25
#6119
b00000000000010111001011001100101 1e
b01000010001001100100001100100101 20
b00000000000010111001011001100100 25
#6120
b00000000000010111001011001100110 1e
b01000000001001100100001000100011 20
b00000000000010111001011001100101 25
#6121
b00000000000010111001011001100111 1e
b01000000001000110100000000100100 20
b00000000000010111001011001100110 25
#6122
b00000000000010111001011001101000 1e
b00000000000010111001011001100111 25
#6123
b00000000000010111001011001101001 1e
b00111101001000100011111000100011 20
b00000000000010111001011001101000 25
#6124
b00000000000010111001011001101010 1e
b00011111001010010001111000101100 20
b00000000000010111001011001101001 25
#6125
b00000000000010111001011001101011 1e
b00000000000010111001011001101010 25
#6126
b00000000000010111001011001101100 1e
b00011101001010100001110100101010 20
b00000000000010111001011001101011 25
#6127
b00000000000010111001011001101101 1e
b00000000000010111001011001101100 25
#6128
b00000000000010111001011001101110 1e
b00011100001010100001110100101100 20
b00000000000010111001011001101101 25
#6129
b00000000000010111001011001101111 1e
b00011100001010100001110100101010 20
b00000000000010111001011001101110 25
#6130
b00000000000010111001011001110000 1e
b00011101001010110001110100101001 20
b00000000000010111001011001101111 25
#6131
b00000000000010111001011001110001 1e
b00011101001010100001111000101001 20
b00000000000010111001011001110000 25
#6132
b00000000000010111001011001110010 1e
b00011100001011000001110100101011 20
b00000000000010111001011001110001 25
#6133
b00000000000010111001011001110011 1e
b00011100001010100001111100101001 20
b00000000000010111001011001110010 25
#6134
b00000000000010111001011001110100 1e
b00011101001011000001110100101000 20
b00000000000010111001011001110011 25
#6135
b00000000000010111001011001110101 1e
b00011101001010100001111000101100 20
b00000000000010111001011001110100 25
#6136
b00000000000010111001011001110110 1e
b00011011001010100001110100101100 20
b00000000000010111001011001110101 25
#6137
b00000000000010111001011001110111 1e
b00011101001010010001111000101001 20
b00000000000010111001011001110110 25
#6138
b00000000000010111001011001111000 1e
b00011101001010100001110100101001 20
b00000000000010111001011001110111 25
#6139
b00000000000010111001011001111001 1e
b00011110001011000001110100101010 20
b00000000000010111001011001111000 25
#6140
b00000000000010111001011001111010 1e
b00011101001011010001110100101011 20
b00000000000010111001011001111001 25
#6141
b00000000000010111001011001111011 1e
b00011110001010110001110100101011 20
b00000000000010111001011001111010 25
#6142
b00000000000010111001011001111100 1e
b00011110001010100001110100101100 20
b00000000000010111001011001111011 25
#6143
b00000000000010111001011001111101 1e
b00011101001010000001111100101011 20
b00000000000010111001011001111100 25
#6144
b00000000000010111001011001111110 1e
b00011100001011000001111000101101 20
b00000000000010111001011001111101 25
#6145
b00000000000010111001011001111111 1e
b00011100001011000001110100101011 20
b00000000000010111001011001111110 25
#6146
b00000000000010111001011010000000 1e
b00011101001011010001110100101010 20
b00000000000010111001011001111111 25
#6147
b00000000000010111001011010000001 1e
b00011101001011000001111000101011 20
b00000000000010111001011010000000 25
#6148
b00000000000010111001011010000010 1e
b00011101001011100001110100101101 20
b00000000000010111001011010000001 25
#6149
b00000000000010111001011010000011 1e
b00011101001011010001111000101100 20
b00000000000010111001011010000010 25
#6150
b00000000000010111001011010000100 1e
b00011111001010110001111000101011 20
b00000000000010111001011010000011 25
#6151
b00000000000010111001011010000101 1e
b00011101001011010001111000101110 20
b00000000000010111001011010000100 25
#6152
b00000000000010111001011010000110 1e
b00011110001011010001111100101010 20
b00000000000010111001011010000101 25
#6153
b00000000000010111001011010000111 1e
b00011110001011010001111100101101 20
b00000000000010111001011010000110 25
#6154
b00000000000010111001011010001000 1e
b00011101001011010001111000101010 20
b00000000000010111001011010000111 25
#6155
b00000000000010111001011010001001 1e
b00000000000010111001011010001000 25
#6156
b00000000000010111001011010001010 1e
b00011110001011000001111100101100 20
b00000000000010111001011010001001 25
#6157
b00000000000010111001011010001011 1e
b00011111001010100001111100101100 20
b00000000000010111001011010001010 25
#6158
b00000000000010111001011010001100 1e
b00011110001011100001110100101101 20
b00000000000010111001011010001011 25
#6159
b00000000000010111001011010001101 1e
b00011101001011000001111000101100 20
b00000000000010111001011010001100 25
#6160
b00000000000010111001011010001110 1e
b00011101001011010001111000101110 20
b00000000000010111001011010001101 25
#6161
b00000000000010111001011010001111 1e
b00011101001010100001110100101010 20
b00000000000010111001011010001110 25
#6162
b00000000000010111001011010010000 1e
b00011110001010110001111000101010 20
b00000000000010111001011010001111 25
#6163
b00000000000010111001011010010001 1e
b00011110001011000001110000101001 20
b00000000000010111001011010010000 25
#6164
b00000000000010111001011010010010 1e
b00011110001011000001110100101011 20
b00000000000010111001011010010001 25
#6165
b00000000000010111001011010010011 1e
b00011110001011010001111100101010 20
b00000000000010111001011010010010 25
#6166
b00000000000010111001011010010100 1e
b00011110001010110001110100101011 20
b00000000000010111001011010010011 25
#6167
b00000000000010111001011010010101 1e
b00011110001010100001110100101100 20
b00000000000010111001011010010100 25
#6168
b00000000000010111001011010010110 1e
b00011111001010110001110100101100 20
b00000000000010111001011010010101 25
#6169
b00000000000010111001011010010111 1e
b00011101001010110001110100101011 20
b00000000000010111001011010010110 25
#6170
b00000000000010111001011010011000 1e
b00011111001010100001110100101011 20
b00000000000010111001011010010111 25
#6171
b00000000000010111001011010011001 1e
b00011101001011100001111100101010 20
b00000000000010111001011010011000 25
#6172
b00000000000010111001011010011010 1e
b00011110001011000001110100101110 20
b00000000000010111001011010011001 25
#6173
b00000000000010111001011010011011 1e
b00011101001010100001111000101100 20
b00000000000010111001011010011010 25
#6174
b00000000000010111001011010011100 1e
b00011110001011110001111100101100 20
b00000000000010111001011010011011 25
#6175
b00000000000010111001011010011101 1e
b00011101001010110001111100101100 20
b00000000000010111001011010011100 25
#6176
b00000000000010111001011010011110 1e
b00011111001010110001111000101100 20
b00000000000010111001011010011101 25
#6177
b00000000000010111001011010011111 1e
b00011101001011100001110100101100 20
b00000000000010111001011010011110 25
#6178
b00000000000010111001011010100000 1e
b00011111001011000001111100101100 20
b00000000000010111001011010011111 25
#6179
b00000000000010111001011010100001 1e
b00011110001011010001111000101111 20
b00000000000010111001011010100000 25
#6180
b00000000000010111001011010100010 1e
b00011111001011010001111100101101 20
b00000000000010111001011010100001 25
#6181
b00000000000010111001011010100011 1e
b00011110001011010001111000101100 20
b00000000000010111001011010100010 25
#6182
b00000000000010111001011010100100 1e
b00011111001011010001110100101100 20
b00000000000010111001011010100011 25
#6183
b00000000000010111001011010100101 1e
b00011110001011010001110100101101 20
b00000000000010111001011010100100 25
#6184
b00000000000010111001011010100110 1e
b00011100001011000001110100101100 20
b00000000000010111001011010100101 25
#6185
b00000000000010111001011010100111 1e
b00100000001011000001111000101110 20
b00000000000010111001011010100110 25
#6186
b00000000000010111001011010101000 1e
b00011101001011010001111100101100 20
b00000000000010111001011010100111 25
#6187
b00000000000010111001011010101001 1e
b00011110001011100001111000101110 20
b00000000000010111001011010101000 25
#6188
b00000000000010111001011010101010 1e
b00011111001011010001111100101011 20
b00000000000010111001011010101001 25
#6189
b00000000000010111001011010101011 1e
b00011110001011100010000000101100 20
b00000000000010111001011010101010 25
#6190
b00000000000010111001011010101100 1e
b00011101001010110001111000101100 20
b00000000000010111001011010101011 25
#6191
b00000000000010111001011010101101 1e
b00011110001011010001111100101110 20
b00000000000010111001011010101100 25
#6192
b00000000000010111001011010101110 1e
b00011111001011010001111000101101 20
b00000000000010111001011010101101 25
#6193
b00000000000010111001011010101111 1e
b00100000001011100001111100101110 20
b00000000000010111001011010101110 25
#6194
b00000000000010111001011010110000 1e
b00011101001011100001111000101110 20
b00000000000010111001011010101111 25
#6195
b00000000000010111001011010110001 1e
b00100000001011100001111000101110 20
b00000000000010111001011010110000 25
#6196
b00000000000010111001011010110010 1e
b00011110001011010001111100101101 20
b00000000000010111001011010110001 25
#6197
b00000000000010111001011010110011 1e
b00011110001011100001111100101100 20
b00000000000010111001011010110010 25
#6198
b00000000000010111001011010110100 1e
b00011101001011110001111100101110 20
b00000000000010111001011010110011 25
#6199
b00000000000010111001011010110101 1e
b00011111001011010001111100101110 20
b00000000000010111001011010110100 25
#6200
b00000000000010111001011010110110 1e
b00011111001011010001110100101101 20
b00000000000010111001011010110101 25
#6201
b00000000000010111001011010110111 1e
b00011111001011100001111000101110 20
b00000000000010111001011010110110 25
#6202
b00000000000010111001011010111000 1e
b00100000001011100001111000101100 20
b00000000000010111001011010110111 25
#6203
b00000000000010111001011010111001 1e
b00011110001011100010000000101110 20
b00000000000010111001011010111000 25
#6204
b00000000000010111001011010111010 1e
b00011110001011100010000000101101 20
b00000000000010111001011010111001 25
#6205
b00000000000010111001011010111011 1e
b00011111001011010001111100101110 20
b00000000000010111001011010111010 25
#6206
b00000000000010111001011010111100 1e
b00011111001011010001111000101100 20
b00000000000010111001011010111011 25
#6207
b00000000000010111001011010111101 1e
b00011111001011100001111100110000 20
b00000000000010111001011010111100 25
#6208
b00000000000010111001011010111110 1e
b00100001001011110001111100101110 20
b00000000000010111001011010111101 25
#6209
b00000000000010111001011010111111 1e
b00011111001011000010000000101101 20
b00000000000010111001011010111110 25
#6210
b00000000000010111001011011000000 1e
b00100000001011100001111100101101 20
b00000000000010111001011010111111 25
#6211
b00000000000010111001011011000001 1e
b00100000001011000001110100101111 20
b00000000000010111001011011000000 25
#6212
b00000000000010111001011011000010 1e
b00011111001011000001111000101101 20
b00000000000010111001011011000001 25
#6213
b00000000000010111001011011000011 1e
b00011111001011100001111000101101 20
b00000000000010111001011011000010 25
#6214
b00000000000010111001011011000100 1e
b00011111001100010001111100101101 20
b00000000000010111001011011000011 25
#6215
b00000000000010111001011011000101 1e
b00100000001011100001111100101110 20
b00000000000010111001011011000100 25
#6216
b00000000000010111001011011000110 1e
b00011110001011110001111100101111 20
b00000000000010111001011011000101 25
#6217
b00000000000010111001011011000111 1e
b00011110001011110010000000101101 20
b00000000000010111001011011000110 25
#6218
b00000000000010111001011011001000 1e
b00011111001100010001111000101101 20
b00000000000010111001011011000111 25
#6219
b00000000000010111001011011001001 1e
b00011110001011100010000100101101 20
b00000000000010111001011011001000 25
#6220
b00000000000010111001011011001010 1e
b00011101001100000001111000101110 20
b00000000000010111001011011001001 25
#6221
b00000000000010111001011011001011 1e
b00011110001011010001111000101101 20
b00000000000010111001011011001010 25
#6222
b00000000000010111001011011001100 1e
b00100000001011100001111100101111 20
b00000000000010111001011011001011 25
#6223
b00000000000010111001011011001101 1e
b00011101001100000001111100101111 20
b00000000000010111001011011001100 25
#6224
b00000000000010111001011011001110 1e
b00011111001011110001111100101111 20
b00000000000010111001011011001101 25
#6225
b00000000000010111001011011001111 1e
b00011110001011010001111100110000 20
b00000000000010111001011011001110 25
#6226
b00000000000010111001011011010000 1e
b00011110001011100001111000101110 20
b00000000000010111001011011001111 25
#6227
b00000000000010111001011011010001 1e
b00011111001011010001111000110000 20
b00000000000010111001011011010000 25
#6228
b00000000000010111001011011010010 1e
b00011110001011000001111100101101 20
b00000000000010111001011011010001 25
#6229
b00000000000010111001011011010011 1e
b00100000001011010001111100101111 20
b00000000000010111001011011010010 25
#6230
b00000000000010111001011011010100 1e
b00011111001011010001111100110000 20
b00000000000010111001011011010011 25
#6231
b00000000000010111001011011010101 1e
b00100000001011110010000000110000 20
b00000000000010111001011011010100 25
#6232
b00000000000010111001011011010110 1e
b00100000001011110001111100101110 20
b00000000000010111001011011010101 25
#6233
b00000000000010111001011011010111 1e
b00011111001011100001111100101110 20
b00000000000010111001011011010110 25
#6234
b00000000000010111001011011011000 1e
b00011111001011010001111100101110 20
b00000000000010111001011011010111 25
#6235
b00000000000010111001011011011001 1e
b00011111001100010010000000101111 20
b00000000000010111001011011011000 25
#6236
b00000000000010111001011011011010 1e
b00100000001011110001111100110000 20
b00000000000010111001011011011001 25
#6237
b00000000000010111001011011011011 1e
b00100001001011100010000000101110 20
b00000000000010111001011011011010 25
#6238
b00000000000010111001011011011100 1e
b00011111001100000001111100110001 20
b00000000000010111001011011011011 25
#6239
b00000000000010111001011011011101 1e
b00011111001011100001111100110000 20
b00000000000010111001011011011100 25
#6240
b00000000000010111001011011011110 1e
b00011111001011110001111100110000 20
b00000000000010111001011011011101 25
#6241
b00000000000010111001011011011111 1e
b00100000001011100010000100101111 20
b00000000000010111001011011011110 25
#6242
b00000000000010111001011011100000 1e
b00011111001011110010001000110000 20
b00000000000010111001011011011111 25
#6243
b00000000000010111001011011100001 1e
b00011110001100100001111100110001 20
b00000000000010111001011011100000 25
#6244
b00000000000010111001011011100010 1e
b00011111001011100001111100101110 20
b00000000000010111001011011100001 25
#6245
b00000000000010111001011011100011 1e
b00100000001100000010000100110000 20
b00000000000010111001011011100010 25
#6246
b00000000000010111001011011100100 1e
b00100000001011100010000000101111 20
b00000000000010111001011011100011 25
#6247
b00000000000010111001011011100101 1e
b00011111001100000001111100110000 20
b00000000000010111001011011100100 25
#6248
b00000000000010111001011011100110 1e
b00100000001100010001111100110001 20
b00000000000010111001011011100101 25
#6249
b00000000000010111001011011100111 1e
b00011110001011100010000000101110 20
b00000000000010111001011011100110 25
#6250
b00000000000010111001011011101000 1e
b00100000001011100010000100101111 20
b00000000000010111001011011100111 25
#6251
b00000000000010111001011011101001 1e
b00011110001100010010000000101111 20
b00000000000010111001011011101000 25
#6252
b00000000000010111001011011101010 1e
b00011110001100110010000000110001 20
b00000000000010111001011011101001 25
#6253
b00000000000010111001011011101011 1e
b00011111001100000010000000110001 20
b00000000000010111001011011101010 25
#6254
b00000000000010111001011011101100 1e
b00011110001011100010000000101111 20
b00000000000010111001011011101011 25
#6255
b00000000000010111001011011101101 1e
b00011111001100010010000000110000 20
b00000000000010111001011011101100 25
#6256
b00000000000010111001011011101110 1e
b00011111001011100010000000101110 20
b00000000000010111001011011101101 25
#6257
b00000000000010111001011011101111 1e
b00011111001100010001111100101101 20
b00000000000010111001011011101110 25
#6258
b00000000000010111001011011110000 1e
b00100000001011100010000000101111 20
b00000000000010111001011011101111 25
#6259
b00000000000010111001011011110001 1e
b00100000001100000001111000110000 20
b00000000000010111001011011110000 25
#6260
b00000000000010111001011011110010 1e
b00011111001011100010000100101111 20
b00000000000010111001011011110001 25
#6261
b00000000000010111001011011110011 1e
b00011111001011100001111000101110 20
b00000000000010111001011011110010 25
#6262
b00000000000010111001011011110100 1e
b00011111001011100001111100101110 20
b00000000000010111001011011110011 25
#6263
b00000000000010111001011011110101 1e
b00011111001011100001111100110000 20
b00000000000010111001011011110100 25
#6264
b00000000000010111001011011110110 1e
b00011110001100000001111100110000 20
b00000000000010111001011011110101 25
#6265
b00000000000010111001011011110111 1e
b00011110001011110001111100101111 20
b00000000000010111001011011110110 25
#6266
b00000000000010111001011011111000 1e
b00011111001011110001111000101100 20
b00000000000010111001011011110111 25
#6267
b00000000000010111001011011111001 1e
b00100001001100010001111100101111 20
b00000000000010111001011011111000 25
#6268
b00000000000010111001011011111010 1e
b00011111001100000010000000110001 20
b00000000000010111001011011111001 25
#6269
b00000000000010111001011011111011 1e
b00100001001100000010000100101111 20
b00000000000010111001011011111010 25
#6270
b00000000000010111001011011111100 1e
b00100000001100010010000000110010 20
b00000000000010111001011011111011 25
#6271
b00000000000010111001011011111101 1e
b00011111001100010010000000110000 20
b00000000000010111001011011111100 25
#6272
b00000000000010111001011011111110 1e
b00100000001100110010000000110001 20
b00000000000010111001011011111101 25
#6273
b00000000000010111001011011111111 1e
b00100001001100100001111100110010 20
b00000000000010111001011011111110 25
#6274
b00000000000010111001011100000000 1e
b00011111001100000010000100110001 20
b00000000000010111001011011111111 25
#6275
b00000000000010111001011100000001 1e
b00011111001100000001111000110000 20
b00000000000010111001011100000000 25
#6276
b00000000000010111001011100000010 1e
b00011111001011100010000000101110 20
b00000000000010111001011100000001 25
#6277
b00000000000010111001011100000011 1e
b00100001001011100010000000101101 20
b00000000000010111001011100000010 25
#6278
b00000000000010111001011100000100 1e
b00011111001011000001111000101101 20
b00000000000010111001011100000011 25
#6279
b00000000000010111001011100000101 1e
b00100001001100010001111100101111 20
b00000000000010111001011100000100 25
#6280
b00000000000010111001011100000110 1e
b00100000001011110010000100101111 20
b00000000000010111001011100000101 25
#6281
b00000000000010111001011100000111 1e
b00100000001100000010001000110000 20
b00000000000010111001011100000110 25
#6282
b00000000000010111001011100001000 1e
b00100001001100100010000100101110 20
b00000000000010111001011100000111 25
#6283
b00000000000010111001011100001001 1e
b00100001001100100001111100110011 20
b00000000000010111001011100001000 25
#6284
b00000000000010111001011100001010 1e
b00011111001100010010001000110000 20
b00000000000010111001011100001001 25
#6285
b00000000000010111001011100001011 1e
b00100001001100110010000000110000 20
b00000000000010111001011100001010 25
#6286
b00000000000010111001011100001100 1e
b00100001001011110010000100110000 20
b00000000000010111001011100001011 25
#6287
b00000000000010111001011100001101 1e
b00100010001100000001111100110011 20
b00000000000010111001011100001100 25
#6288
b00000000000010111001011100001110 1e
b00100000001100100001111100110010 20
b00000000000010111001011100001101 25
#6289
b00000000000010111001011100001111 1e
b00100000001100110010001000110001 20
b00000000000010111001011100001110 25
#6290
b00000000000010111001011100010000 1e
b00100001001100110010000100101111 20
b00000000000010111001011100001111 25
#6291
b00000000000010111001011100010001 1e
b00100000001100110001111100110011 20
b00000000000010111001011100010000 25
#6292
b00000000000010111001011100010010 1e
b00100001001100000010000000110001 20
b00000000000010111001011100010001 25
#6293
b00000000000010111001011100010011 1e
b00100000001011110001111100110011 20
b00000000000010111001011100010010 25
#6294
b00000000000010111001011100010100 1e
b00011111001100000010000100101111 20
b00000000000010111001011100010011 25
#6295
b00000000000010111001011100010101 1e
b00011110001011010001111100101111 20
b00000000000010111001011100010100 25
#6296
b00000000000010111001011100010110 1e
b00011111001100000001111100101100 20
b00000000000010111001011100010101 25
#6297
b00000000000010111001011100010111 1e
b00011111001100000001111100101111 20
b00000000000010111001011100010110 25
#6298
b00000000000010111001011100011000 1e
b00011111001100000010000000101110 20
b00000000000010111001011100010111 25
#6299
b00000000000010111001011100011001 1e
b00100001001100000001111100110000 20
b00000000000010111001011100011000 25
#6300
b00000000000010111001011100011010 1e
b00100001001100110010000100110100 20
b00000000000010111001011100011001 25
#6301
b00000000000010111001011100011011 1e
b00100001001100000010000000110010 20
b00000000000010111001011100011010 25
#6302
b00000000000010111001011100011100 1e
b00100001001100000010000100110011 20
b00000000000010111001011100011011 25
#6303
b00000000000010111001011100011101 1e
b00100010001100110010001000110001 20
b00000000000010111001011100011100 25
#6304
b00000000000010111001011100011110 1e
b00100000001011110010000100110001 20
b00000000000010111001011100011101 25
#6305
b00000000000010111001011100011111 1e
b00100010001101010010001000110010 20
b00000000000010111001011100011110 25
#6306
b00000000000010111001011100100000 1e
b00100001001100110010000100110010 20
b00000000000010111001011100011111 25
#6307
b00000000000010111001011100100001 1e
b00100001001100000001111100110010 20
b00000000000010111001011100100000 25
#6308
b00000000000010111001011100100010 1e
b00011111001100110001111000110001 20
b00000000000010111001011100100001 25
#6309
b00000000000010111001011100100011 1e
b00100001001100110010000000110000 20
b00000000000010111001011100100010 25
#6310
b00000000000010111001011100100100 1e
b00100001001100010010001000110011 20
b00000000000010111001011100100011 25
#6311
b00000000000010111001011100100101 1e
b00100001001100100010000100110011 20
b00000000000010111001011100100100 25
#6312
b00000000000010111001011100100110 1e
b00100010001100000010000000110010 20
b00000000000010111001011100100101 25
#6313
b00000000000010111001011100100111 1e
b00100010001100010010000000110011 20
b00000000000010111001011100100110 25
#6314
b00000000000010111001011100101000 1e
b00100010001100110010000100110011 20
b00000000000010111001011100100111 25
#6315
b00000000000010111001011100101001 1e
b00100001001100110010000100110101 20
b00000000000010111001011100101000 25
#6316
b00000000000010111001011100101010 1e
b00100001001100000010000100110011 20
b00000000000010111001011100101001 25
#6317
b00000000000010111001011100101011 1e
b00100000001011110001111100101110 20
b00000000000010111001011100101010 25
#6318
b00000000000010111001011100101100 1e
b00100001001100000010000000110001 20
b00000000000010111001011100101011 25
#6319
b00000000000010111001011100101101 1e
b00100001001100110010000100110010 20
b00000000000010111001011100101100 25
#6320
b00000000000010111001011100101110 1e
b00100000001100100010001000110100 20
b00000000000010111001011100101101 25
#6321
b00000000000010111001011100101111 1e
b00100010001100100010001100110100 20
b00000000000010111001011100101110 25
#6322
b00000000000010111001011100110000 1e
b00100000001100010010000100110001 20
b00000000000010111001011100101111 25
#6323
b00000000000010111001011100110001 1e
b00100001001100110010000100110000 20
b00000000000010111001011100110000 25
#6324
b00000000000010111001011100110010 1e
b00100000001101100010001000110001 20
b00000000000010111001011100110001 25
#6325
b00000000000010111001011100110011 1e
b00100011001100110010000100110100 20
b00000000000010111001011100110010 25
#6326
b00000000000010111001011100110100 1e
b00100001001100100010000000110011 20
b00000000000010111001011100110011 25
#6327
b00000000000010111001011100110101 1e
b00100000001100110010001000110110 20
b00000000000010111001011100110100 25
#6328
b00000000000010111001011100110110 1e
b00011111001011010010000100101110 20
b00000000000010111001011100110101 25
#6329
b00000000000010111001011100110111 1e
b00100001001100010010000100110000 20
b00000000000010111001011100110110 25
#6330
b00000000000010111001011100111000 1e
b00011111001101010010001000110000 20
b00000000000010111001011100110111 25
#6331
b00000000000010111001011100111001 1e
b00100001001101010010000000110100 20
b00000000000010111001011100111000 25
#6332
b00000000000010111001011100111010 1e
b00100011001101100010000000110011 20
b00000000000010111001011100111001 25
#6333
b00000000000010111001011100111011 1e
b00100010001100010010001000110100 20
b00000000000010111001011100111010 25
#6334
b00000000000010111001011100111100 1e
b00100010001101000010010100110100 20
b00000000000010111001011100111011 25
#6335
b00000000000010111001011100111101 1e
b00100001001101000010001000110100 20
b00000000000010111001011100111100 25
#6336
b00000000000010111001011100111110 1e
b00100010001101010010001100110011 20
b00000000000010111001011100111101 25
#6337
b00000000000010111001011100111111 1e
b00100000001101000010000100110011 20
b00000000000010111001011100111110 25
#6338
b00000000000010111001011101000000 1e
b00100001001101010010000100110011 20
b00000000000010111001011100111111 25
#6339
b00000000000010111001011101000001 1e
b00100010001101000010001100110101 20
b00000000000010111001011101000000 25
#6340
b00000000000010111001011101000010 1e
b00100000001100110010001100110010 20
b00000000000010111001011101000001 25
#6341
b00000000000010111001011101000011 1e
b00100010001101000010001100110101 20
b00000000000010111001011101000010 25
#6342
b00000000000010111001011101000100 1e
b00100010001101000010001100110100 20
b00000000000010111001011101000011 25
#6343
b00000000000010111001011101000101 1e
b00100010001100110010001100110100 20
b00000000000010111001011101000100 25
#6344
b00000000000010111001011101000110 1e
b00100011001101010010001100110101 20
b00000000000010111001011101000101 25
#6345
b00000000000010111001011101000111 1e
b00100000001100110010001100110100 20
b00000000000010111001011101000110 25
#6346
b00000000000010111001011101001000 1e
b00100001001100110010001000110101 20
b00000000000010111001011101000111 25
#6347
b00000000000010111001011101001001 1e
b00100001001101000010001000110010 20
b00000000000010111001011101001000 25
#6348
b00000000000010111001011101001010 1e
b00100000001101100010001000110101 20
b00000000000010111001011101001001 25
#6349
b00000000000010111001011101001011 1e
b00100011001101000010001100110101 20
b00000000000010111001011101001010 25
#6350
b00000000000010111001011101001100 1e
b00100011001100110010000100110011 20
b00000000000010111001011101001011 25
#6351
b00000000000010111001011101001101 1e
b00000000000010111001011101001100 25
#6352
b00000000000010111001011101001110 1e
b00100001001101000010001100110101 20
b00000000000010111001011101001101 25
#6353
b00000000000010111001011101001111 1e
b00100011001101010010001000110101 20
b00000000000010111001011101001110 25
#6354
b00000000000010111001011101010000 1e
b00100010001101110010001000110011 20
b00000000000010111001011101001111 25
#6355
b00000000000010111001011101010001 1e
b00100011001101110010001000110101 20
b00000000000010111001011101010000 25
#6356
b00000000000010111001011101010010 1e
b00100011001101010010000100110100 20
b00000000000010111001011101010001 25
#6357
b00000000000010111001011101010011 1e
b00100010001100110010000100110111 20
b00000000000010111001011101010010 25
#6358
b00000000000010111001011101010100 1e
b00100011001101110010001100110110 20
b00000000000010111001011101010011 25
#6359
b00000000000010111001011101010101 1e
b00100010001101010010000100110110 20
b00000000000010111001011101010100 25
#6360
b00000000000010111001011101010110 1e
b00100011001101010010001100110101 20
b00000000000010111001011101010101 25
#6361
b00000000000010111001011101010111 1e
b00100011001110000010010000110111 20
b00000000000010111001011101010110 25
#6362
b00000000000010111001011101011000 1e
b00100010001101000010001100110101 20
b00000000000010111001011101010111 25
#6363
b00000000000010111001011101011001 1e
b00100010001100100010000100110101 20
b00000000000010111001011101011000 25
#6364
b00000000000010111001011101011010 1e
b00100100001100110010001100110110 20
b00000000000010111001011101011001 25
#6365
b00000000000010111001011101011011 1e
b00100010001101110010001000110101 20
b00000000000010111001011101011010 25
#6366
b00000000000010111001011101011100 1e
b00100000001101010010010000110011 20
b00000000000010111001011101011011 25
#6367
b00000000000010111001011101011101 1e
b00100010001101100010001100110101 20
b00000000000010111001011101011100 25
#6368
b00000000000010111001011101011110 1e
b00100000001100100010001000110110 20
b00000000000010111001011101011101 25
#6369
b00000000000010111001011101011111 1e
b00100010001100100010000100110001 20
b00000000000010111001011101011110 25
#6370
b00000000000010111001011101100000 1e
b00100011001101010010000100110101 20
b00000000000010111001011101011111 25
#6371
b00000000000010111001011101100001 1e
b00100100001101100010001100110101 20
b00000000000010111001011101100000 25
#6372
b00000000000010111001011101100010 1e
b00100001001110000010001100110101 20
b00000000000010111001011101100001 25
#6373
b00000000000010111001011101100011 1e
b00100011001101110010001100110110 20
b00000000000010111001011101100010 25
#6374
b00000000000010111001011101100100 1e
b00100001001100000010000100110011 20
b00000000000010111001011101100011 25
#6375
b00000000000010111001011101100101 1e
b00100010001100110010001100110100 20
b00000000000010111001011101100100 25
#6376
b00000000000010111001011101100110 1e
b00100001001101000010001000110111 20
b00000000000010111001011101100101 25
#6377
b00000000000010111001011101100111 1e
b00100001001100000010000000110010 20
b00000000000010111001011101100110 25
#6378
b00000000000010111001011101101000 1e
b00100011001101010010001100110011 20
b00000000000010111001011101100111 25
#6379
b00000000000010111001011101101001 1e
b00100010001100110010000100110111 20
b00000000000010111001011101101000 25
#6380
b00000000000010111001011101101010 1e
b00100011001101010010001000110011 20
b00000000000010111001011101101001 25
#6381
b00000000000010111001011101101011 1e
b00100011001101000010000100110101 20
b00000000000010111001011101101010 25
#6382
b00000000000010111001011101101100 1e
b00100010001101000010001100110100 20
b00000000000010111001011101101011 25
#6383
b00000000000010111001011101101101 1e
b00100000001101100010001100110101 20
b00000000000010111001011101101100 25
#6384
b00000000000010111001011101101110 1e
b00100010001110000010010000110111 20
b00000000000010111001011101101101 25
#6385
b00000000000010111001011101101111 1e
b00100001001100100010001000110101 20
b00000000000010111001011101101110 25
#6386
b00000000000010111001011101110000 1e
b00100010001100100010010100110101 20
b00000000000010111001011101101111 25
#6387
b00000000000010111001011101110001 1e
b00100010001100110010010100110101 20
b00000000000010111001011101110000 25
#6388
b00000000000010111001011101110010 1e
b00100011001101110010001100110101 20
b00000000000010111001011101110001 25
#6389
b00000000000010111001011101110011 1e
b00100010001110000010001000110111 20
b00000000000010111001011101110010 25
#6390
b00000000000010111001011101110100 1e
b00100011001101010010001100110101 20
b00000000000010111001011101110011 25
#6391
b00000000000010111001011101110101 1e
b00100100001101110010001100111000 20
b00000000000010111001011101110100 25
#6392
b00000000000010111001011101110110 1e
b00100011001110000010001000110011 20
b00000000000010111001011101110101 25
#6393
b00000000000010111001011101110111 1e
b00100011001101110010001100110101 20
b00000000000010111001011101110110 25
#6394
b00000000000010111001011101111000 1e
b00100011001101110010001100110100 20
b00000000000010111001011101110111 25
#6395
b00000000000010111001011101111001 1e
b00100100001101110010001100110101 20
b00000000000010111001011101111000 25
#6396
b00000000000010111001011101111010 1e
b00100011001101010010001100110110 20
b00000000000010111001011101111001 25
#6397
b00000000000010111001011101111011 1e
b00100011001101010010001000111001 20
b00000000000010111001011101111010 25
#6398
b00000000000010111001011101111100 1e
b00100011001101010010001100111000 20
b00000000000010111001011101111011 25
#6399
b00000000000010111001011101111101 1e
b00100100001101110010001100110101 20
b00000000000010111001011101111100 25
#6400
b00000000000010111001011101111110 1e
b00100011001101110010001100110101 20
b00000000000010111001011101111101 25
#6401
b00000000000010111001011101111111 1e
b00100011001101010010001000110110 20
b00000000000010111001011101111110 25
#6402
b00000000000010111001011110000000 1e
b00100010001110000010001100110101 20
b00000000000010111001011101111111 25
#6403
b00000000000010111001011110000001 1e
b00100101001101110010001100110111 20
b00000000000010111001011110000000 25
#6404
b00000000000010111001011110000010 1e
b00100011001101010010001100110100 20
b00000000000010111001011110000001 25
#6405
b00000000000010111001011110000011 1e
b00100011001101100010001000110110 20
b00000000000010111001011110000010 25
#6406
b00000000000010111001011110000100 1e
b00100011001101010010001100110110 20
b00000000000010111001011110000011 25
#6407
b00000000000010111001011110000101 1e
b00100100001101010010001000110100 20
b00000000000010111001011110000100 25
#6408
b00000000000010111001011110000110 1e
b00100101001101100010001100110100 20
b00000000000010111001011110000101 25
#6409
b00000000000010111001011110000111 1e
b00100011001110000010001100110110 20
b00000000000010111001011110000110 25
#6410
b00000000000010111001011110001000 1e
b00100011001101110010001100111001 20
b00000000000010111001011110000111 25
#6411
b00000000000010111001011110001001 1e
b00100001001100110010001000110101 20
b00000000000010111001011110001000 25
#6412
b00000000000010111001011110001010 1e
b00100010001100110010000000101111 20
b00000000000010111001011110001001 25
#6413
b00000000000010111001011110001011 1e
b00100011001101010010001000110010 20
b00000000000010111001011110001010 25
#6414
b00000000000010111001011110001100 1e
b00100011001101010010001100111001 20
b00000000000010111001011110001011 25
#6415
b00000000000010111001011110001101 1e
b00100100001101110010001100110110 20
b00000000000010111001011110001100 25
#6416
b00000000000010111001011110001110 1e
b00100011001101100010001000110111 20
b00000000000010111001011110001101 25
#6417
b00000000000010111001011110001111 1e
b00100011001101110010010100110111 20
b00000000000010111001011110001110 25
#6418
b00000000000010111001011110010000 1e
b00100100001101010010010000110101 20
b00000000000010111001011110001111 25
#6419
b00000000000010111001011110010001 1e
b00100011001110000010010100110110 20
b00000000000010111001011110010000 25
#6420
b00000000000010111001011110010010 1e
b00100100001110000010010000110111 20
b00000000000010111001011110010001 25
#6421
b00000000000010111001011110010011 1e
b00100100001101010010010000110111 20
b00000000000010111001011110010010 25
#6422
b00000000000010111001011110010100 1e
b00100011001101110010001000110111 20
b00000000000010111001011110010011 25
#6423
b00000000000010111001011110010101 1e
b00100000001101010010010000110100 20
b00000000000010111001011110010100 25
#6424
b00000000000010111001011110010110 1e
b00100001001100010010000000110011 20
b00000000000010111001011110010101 25
#6425
b00000000000010111001011110010111 1e
b00100010001101100010001000110101 20
b00000000000010111001011110010110 25
#6426
b00000000000010111001011110011000 1e
b00100010001101010010010000110111 20
b00000000000010111001011110010111 25
#6427
b00000000000010111001011110011001 1e
b00100011001101110010001100110111 20
b00000000000010111001011110011000 25
#6428
b00000000000010111001011110011010 1e
b00100010001110000010010100110110 20
b00000000000010111001011110011001 25
#6429
b00000000000010111001011110011011 1e
b00100011001101110010001000110110 20
b00000000000010111001011110011010 25
#6430
b00000000000010111001011110011100 1e
b00100101001101110010001100110101 20
b00000000000010111001011110011011 25
#6431
b00000000000010111001011110011101 1e
b00100011001101100010011000111001 20
b00000000000010111001011110011100 25
#6432
b00000000000010111001011110011110 1e
b00100010001110000010010100110111 20
b00000000000010111001011110011101 25
#6433
b00000000000010111001011110011111 1e
b00100100001110000010001000110111 20
b00000000000010111001011110011110 25
#6434
b00000000000010111001011110100000 1e
b00100011001101010010001100110111 20
b00000000000010111001011110011111 25
#6435
b00000000000010111001011110100001 1e
b00100100001110000010001000110111 20
b00000000000010111001011110100000 25
#6436
b00000000000010111001011110100010 1e
b00100011001101110010010000111000 20
b00000000000010111001011110100001 25
#6437
b00000000000010111001011110100011 1e
b00100011001101010010001100110101 20
b00000000000010111001011110100010 25
#6438
b00000000000010111001011110100100 1e
b00100011001101010010011000110110 20
b00000000000010111001011110100011 25
#6439
b00000000000010111001011110100101 1e
b00100100001101010010011100111001 20
b00000000000010111001011110100100 25
#6440
b00000000000010111001011110100110 1e
b00100100001110110010001100111000 20
b00000000000010111001011110100101 25
#6441
b00000000000010111001011110100111 1e
b00100100001110010010010000110111 20
b00000000000010111001011110100110 25
#6442
b00000000000010111001011110101000 1e
b00100101001110000010011000110101 20
b00000000000010111001011110100111 25
#6443
b00000000000010111001011110101001 1e
b00100100001101110010011000110111 20
b00000000000010111001011110101000 25
#6444
b00000000000010111001011110101010 1e
b00100100001110100010001100110110 20
b00000000000010111001011110101001 25
#6445
b00000000000010111001011110101011 1e
b00100011001101110010010000111000 20
b00000000000010111001011110101010 25
#6446
b00000000000010111001011110101100 1e
b00100011001101110010010100111001 20
b00000000000010111001011110101011 25
#6447
b00000000000010111001011110101101 1e
b00100011001110010010001100110111 20
b00000000000010111001011110101100 25
#6448
b00000000000010111001011110101110 1e
b00100010001110000010010000111001 20
b00000000000010111001011110101101 25
#6449
b00000000000010111001011110101111 1e
b00100011001101000010001100110101 20
b00000000000010111001011110101110 25
#6450
b00000000000010111001011110110000 1e
b00100011001101100010001000110100 20
b00000000000010111001011110101111 25
#6451
b00000000000010111001011110110001 1e
b00100100001101000010010100110110 20
b00000000000010111001011110110000 25
#6452
b00000000000010111001011110110010 1e
b00100110001101100010001100110100 20
b00000000000010111001011110110001 25
#6453
b00000000000010111001011110110011 1e
b00100011001110010010010000111000 20
b00000000000010111001011110110010 25
#6454
b00000000000010111001011110110100 1e
b00100010001101100010010100111001 20
b00000000000010111001011110110011 25
#6455
b00000000000010111001011110110101 1e
b00100001001100100010000100110010 20
b00000000000010111001011110110100 25
#6456
b00000000000010111001011110110110 1e
b00100011001101100010000100110101 20
b00000000000010111001011110110101 25
#6457
b00000000000010111001011110110111 1e
b00100010001101110010011000110111 20
b00000000000010111001011110110110 25
#6458
b00000000000010111001011110111000 1e
b00100011001110010010010000110100 20
b00000000000010111001011110110111 25
#6459
b00000000000010111001011110111001 1e
b00100011001101110010010000110111 20
b00000000000010111001011110111000 25
#6460
b00000000000010111001011110111010 1e
b00100011001110000010001100110101 20
b00000000000010111001011110111001 25
#6461
b00000000000010111001011110111011 1e
b00100100001101110010010100111000 20
b00000000000010111001011110111010 25
#6462
b00000000000010111001011110111100 1e
b00100010001110010010001100110111 20
b00000000000010111001011110111011 25
#6463
b00000000000010111001011110111101 1e
b00100100001101010010001100111000 20
b00000000000010111001011110111100 25
#6464
b00000000000010111001011110111110 1e
b00100010001110010010010100110110 20
b00000000000010111001011110111101 25
#6465
b00000000000010111001011110111111 1e
b00100010001101100010011000111010 20
b00000000000010111001011110111110 25
#6466
b00000000000010111001011111000000 1e
b00100110001101110010010000111001 20
b00000000000010111001011110111111 25
#6467
b00000000000010111001011111000001 1e
b00100011001110000010010100110111 20
b00000000000010111001011111000000 25
#6468
b00000000000010111001011111000010 1e
b00100100001101100010010000110101 20
b00000000000010111001011111000001 25
#6469
b00000000000010111001011111000011 1e
b00100110001110010010010000111000 20
b00000000000010111001011111000010 25
#6470
b00000000000010111001011111000100 1e
b00100110001110000010011000110111 20
b00000000000010111001011111000011 25
#6471
b00000000000010111001011111000101 1e
b00100010001101100010001100111001 20
b00000000000010111001011111000100 25
#6472
b00000000000010111001011111000110 1e
b00100100001110010010011000110111 20
b00000000000010111001011111000101 25
#6473
b00000000000010111001011111000111 1e
b00100100001110000010010000111001 20
b00000000000010111001011111000110 25
#6474
b00000000000010111001011111001000 1e
b00100101001110000010010000110111 20
b00000000000010111001011111000111 25
#6475
b00000000000010111001011111001001 1e
b00100101001101110010010000111000 20
b00000000000010111001011111001000 25
#6476
b00000000000010111001011111001010 1e
b00100101001110000010010100111001 20
b00000000000010111001011111001001 25
#6477
b00000000000010111001011111001011 1e
b00100101001101110010001100111010 20
b00000000000010111001011111001010 25
#6478
b00000000000010111001011111001100 1e
b00100011001101100010010100111000 20
b00000000000010111001011111001011 25
#6479
b00000000000010111001011111001101 1e
b00100011001110100010010000111001 20
b00000000000010111001011111001100 25
#6480
b00000000000010111001011111001110 1e
b00100100001110100010010000110111 20
b00000000000010111001011111001101 25
#6481
b00000000000010111001011111001111 1e
b00100011001101110010001100110101 20
b00000000000010111001011111001110 25
#6482
b00000000000010111001011111010000 1e
b00100100001110110010001100110101 20
b00000000000010111001011111001111 25
#6483
b00000000000010111001011111010001 1e
b00100100001110000010010100111001 20
b00000000000010111001011111010000 25
#6484
b00000000000010111001011111010010 1e
b00100100001110000010011000110111 20
b00000000000010111001011111010001 25
#6485
b00000000000010111001011111010011 1e
b00100011001101110010010000110111 20
b00000000000010111001011111010010 25
#6486
b00000000000010111001011111010100 1e
b00100100001110000010010100111000 20
b00000000000010111001011111010011 25
#6487
b00000000000010111001011111010101 1e
b00100011001110000010011000110110 20
b00000000000010111001011111010100 25
#6488
b00000000000010111001011111010110 1e
b00100101001110010010010000110111 20
b00000000000010111001011111010101 25
#6489
b00000000000010111001011111010111 1e
b00100011001110010010010100111001 20
b00000000000010111001011111010110 25
#6490
b00000000000010111001011111011000 1e
b00100011001110000010010100111000 20
b00000000000010111001011111010111 25
#6491
b00000000000010111001011111011001 1e
b00100101001110010010010000110111 20
b00000000000010111001011111011000 25
#6492
b00000000000010111001011111011010 1e
b00100011001110010010010000111001 20
b00000000000010111001011111011001 25
#6493
b00000000000010111001011111011011 1e
b00100011001101000010001000110110 20
b00000000000010111001011111011010 25
#6494
b00000000000010111001011111011100 1e
b00100100001110010010010100111001 20
b00000000000010111001011111011011 25
#6495
b00000000000010111001011111011101 1e
b00100011001101110010001100111011 20
b00000000000010111001011111011100 25
#6496
b00000000000010111001011111011110 1e
b00100011001110100010011000110111 20
b00000000000010111001011111011101 25
#6497
b00000000000010111001011111011111 1e
b00100100001101100010001100110101 20
b00000000000010111001011111011110 25
#6498
b00000000000010111001011111100000 1e
b00100100001110010010010000111010 20
b00000000000010111001011111011111 25
#6499
b00000000000010111001011111100001 1e
b00100011001110000010001100111011 20
b00000000000010111001011111100000 25
#6500
b00000000000010111001011111100010 1e
b00100100001101010010010000111000 20
b00000000000010111001011111100001 25
#6501
b00000000000010111001011111100011 1e
b00100100001101110010010100111001 20
b00000000000010111001011111100010 25
#6502
b00000000000010111001011111100100 1e
b00100011001111000010010100110111 20
b00000000000010111001011111100011 25
#6503
b00000000000010111001011111100101 1e
b00100000001101010010001100111010 20
b00000000000010111001011111100100 25
#6504
b00000000000010111001011111100110 1e
b00100011001101000010000100110000 20
b00000000000010111001011111100101 25
#6505
b00000000000010111001011111100111 1e
b00100100001110100010010100110100 20
b00000000000010111001011111100110 25
#6506
b00000000000010111001011111101000 1e
b00100100001110110010010000110110 20
b00000000000010111001011111100111 25
#6507
b00000000000010111001011111101001 1e
b00100101001110010010010100111010 20
b00000000000010111001011111101000 25
#6508
b00000000000010111001011111101010 1e
b00100110001110010010010000111000 20
b00000000000010111001011111101001 25
#6509
b00000000000010111001011111101011 1e
b00100011001110100010010100111011 20
b00000000000010111001011111101010 25
#6510
b00000000000010111001011111101100 1e
b00100101001110100010010100111001 20
b00000000000010111001011111101011 25
#6511
b00000000000010111001011111101101 1e
b00100101001110010010010100110111 20
b00000000000010111001011111101100 25
#6512
b00000000000010111001011111101110 1e
b00100110001101110010010100111000 20
b00000000000010111001011111101101 25
#6513
b00000000000010111001011111101111 1e
b00100100001110010010010000111010 20
b00000000000010111001011111101110 25
#6514
b00000000000010111001011111110000 1e
b00100110001110100010010000111011 20
b00000000000010111001011111101111 25
#6515
b00000000000010111001011111110001 1e
b00100010001110010010011100111010 20
b00000000000010111001011111110000 25
#6516
b00000000000010111001011111110010 1e
b00100110001110100010010100111011 20
b00000000000010111001011111110001 25
#6517
b00000000000010111001011111110011 1e
b00100110001110010010001100111000 20
b00000000000010111001011111110010 25
#6518
b00000000000010111001011111110100 1e
b00100110001110010010010100111011 20
b00000000000010111001011111110011 25
#6519
b00000000000010111001011111110101 1e
b00100011001110010010010100111001 20
b00000000000010111001011111110100 25
#6520
b00000000000010111001011111110110 1e
b00100110001110010010010100111001 20
b00000000000010111001011111110101 25
#6521
b00000000000010111001011111110111 1e
b00100101001110000010010100111010 20
b00000000000010111001011111110110 25
#6522
b00000000000010111001011111111000 1e
b00100101001110100010011000111001 20
b00000000000010111001011111110111 25
#6523
b00000000000010111001011111111001 1e
b00100101001110110010011000111000 20
b00000000000010111001011111111000 25
#6524
b00000000000010111001011111111010 1e
b00100101001111010010011000111100 20
b00000000000010111001011111111001 25
#6525
b00000000000010111001011111111011 1e
b00100101001110110010010000111001 20
b00000000000010111001011111111010 25
#6526
b00000000000010111001011111111100 1e
b00100101001110010010010100111011 20
b00000000000010111001011111111011 25
#6527
b00000000000010111001011111111101 1e
b00100110001110100010011100111001 20
b00000000000010111001011111111100 25
#6528
b00000000000010111001011111111110 1e
b00100100001110000010010000111000 20
b00000000000010111001011111111101 25
#6529
b00000000000010111001011111111111 1e
b00100110001110100010010000111001 20
b00000000000010111001011111111110 25
#6530
b00000000000010111001100000000000 1e
b00100100001101110010010000111001 20
b00000000000010111001011111111111 25
#6531
b00000000000010111001100000000001 1e
b00100011001101010010010100110110 20
b00000000000010111001100000000000 25
#6532
b00000000000010111001100000000010 1e
b00100001001100100010000100110101 20
b00000000000010111001100000000001 25
#6533
b00000000000010111001100000000011 1e
b00100100001101110010000100110011 20
b00000000000010111001100000000010 25
#6534
b00000000000010111001100000000100 1e
b00100110001110010010010100110100 20
b00000000000010111001100000000011 25
#6535
b00000000000010111001100000000101 1e
b00100101001110110010001100111010 20
b00000000000010111001100000000100 25
#6536
b00000000000010111001100000000110 1e
b00100101001110110010001100110111 20
b00000000000010111001100000000101 25
#6537
b00000000000010111001100000000111 1e
b00100100001110110010010100110111 20
b00000000000010111001100000000110 25
#6538
b00000000000010111001100000001000 1e
b00100011001110110010100000111001 20
b00000000000010111001100000000111 25
#6539
b00000000000010111001100000001001 1e
b00100101001110110010010000111011 20
b00000000000010111001100000001000 25
#6540
b00000000000010111001100000001010 1e
b00100101001111000010010100111100 20
b00000000000010111001100000001001 25
#6541
b00000000000010111001100000001011 1e
b00100100001111000010010000111011 20
b00000000000010111001100000001010 25
#6542
b00000000000010111001100000001100 1e
b00100011001110100010010000111100 20
b00000000000010111001100000001011 25
#6543
b00000000000010111001100000001101 1e
b00100110001111000010010000111010 20
b00000000000010111001100000001100 25
#6544
b00000000000010111001100000001110 1e
b00100101001111000010011000111001 20
b00000000000010111001100000001101 25
#6545
b00000000000010111001100000001111 1e
b00100110001110100010010100111011 20
b00000000000010111001100000001110 25
#6546
b00000000000010111001100000010000 1e
b00100100001110110010010100111011 20
b00000000000010111001100000001111 25
#6547
b00000000000010111001100000010001 1e
b00100110001111000010010100111001 20
b00000000000010111001100000010000 25
#6548
b00000000000010111001100000010010 1e
b00100110001110110010010100111010 20
b00000000000010111001100000010001 25
#6549
b00000000000010111001100000010011 1e
b00100110001111010010010000111100 20
b00000000000010111001100000010010 25
#6550
b00000000000010111001100000010100 1e
b00100100001110110010011000111011 20
b00000000000010111001100000010011 25
#6551
b00000000000010111001100000010101 1e
b00100110001111000010010100110111 20
b00000000000010111001100000010100 25
#6552
b00000000000010111001100000010110 1e
b00100110001111100010010000111100 20
b00000000000010111001100000010101 25
#6553
b00000000000010111001100000010111 1e
b00101000001110100010010100111001 20
b00000000000010111001100000010110 25
#6554
b00000000000010111001100000011000 1e
b00100100001110010010010000110111 20
b00000000000010111001100000010111 25
#6555
b00000000000010111001100000011001 1e
b00100110001110110010011000111100 20
b00000000000010111001100000011000 25
#6556
b00000000000010111001100000011010 1e
b00100100001110010010010100111100 20
b00000000000010111001100000011001 25
#6557
b00000000000010111001100000011011 1e
b00100011001101000010001100110100 20
b00000000000010111001100000011010 25
#6558
b00000000000010111001100000011100 1e
b00100100001110110010010100111001 20
b00000000000010111001100000011011 25
#6559
b00000000000010111001100000011101 1e
b00100111001110010010011000111010 20
b00000000000010111001100000011100 25
#6560
b00000000000010111001100000011110 1e
b00101000001110110010011000111100 20
b00000000000010111001100000011101 25
#6561
b00000000000010111001100000011111 1e
b00100110001110110010010100111100 20
b00000000000010111001100000011110 25
#6562
b00000000000010111001100000100000 1e
b00100100001111000010010000111011 20
b00000000000010111001100000011111 25
#6563
b00000000000010111001100000100001 1e
b00100101001101010010010000111010 20
b00000000000010111001100000100000 25
#6564
b00000000000010111001100000100010 1e
b00100111001111010010010100111001 20
b00000000000010111001100000100001 25
#6565
b00000000000010111001100000100011 1e
b00100100001110110010011000111100 20
b00000000000010111001100000100010 25
#6566
b00000000000010111001100000100100 1e
b00100101001111100010011100111001 20
b00000000000010111001100000100011 25
#6567
b00000000000010111001100000100101 1e
b00100110001111000010100000111010 20
b00000000000010111001100000100100 25
#6568
b00000000000010111001100000100110 1e
b00100100001111000010011000111010 20
b00000000000010111001100000100101 25
#6569
b00000000000010111001100000100111 1e
b00100010001110000010001100111010 20
b00000000000010111001100000100110 25
#6570
b00000000000010111001100000101000 1e
b00100101001110010010011000110110 20
b00000000000010111001100000100111 25
#6571
b00000000000010111001100000101001 1e
b00100100001110110010010100111100 20
b00000000000010111001100000101000 25
#6572
b00000000000010111001100000101010 1e
b00101000001111010010011000111101 20
b00000000000010111001100000101001 25
#6573
b00000000000010111001100000101011 1e
b00100110001111010010010100111101 20
b00000000000010111001100000101010 25
#6574
b00000000000010111001100000101100 1e
b00100110001111010010011000111101 20
b00000000000010111001100000101011 25
#6575
b00000000000010111001100000101101 1e
b00100110001111010010011100111010 20
b00000000000010111001100000101100 25
#6576
b00000000000010111001100000101110 1e
b00100101001110110010010000111011 20
b00000000000010111001100000101101 25
#6577
b00000000000010111001100000101111 1e
b00100110001110110010011000111101 20
b00000000000010111001100000101110 25
#6578
b00000000000010111001100000110000 1e
b00101000001111010010011000111100 20
b00000000000010111001100000101111 25
#6579
b00000000000010111001100000110001 1e
b00100110001111000010011000111110 20
b00000000000010111001100000110000 25
#6580
b00000000000010111001100000110010 1e
b00100101001110010010010100111101 20
b00000000000010111001100000110001 25
#6581
b00000000000010111001100000110011 1e
b00100010001110000010001100111011 20
b00000000000010111001100000110010 25
#6582
b00000000000010111001100000110100 1e
b00100111001111000010010000110111 20
b00000000000010111001100000110011 25
#6583
b00000000000010111001100000110101 1e
b00100101001111100010100000111011 20
b00000000000010111001100000110100 25
#6584
b00000000000010111001100000110110 1e
b00101000001110110010011100111001 20
b00000000000010111001100000110101 25
#6585
b00000000000010111001100000110111 1e
b00100100001111010010011000111111 20
b00000000000010111001100000110110 25
#6586
b00000000000010111001100000111000 1e
b00101001001111000010010101000000 20
b00000000000010111001100000110111 25
#6587
b00000000000010111001100000111001 1e
b00100111001110010010011000111100 20
b00000000000010111001100000111000 25
#6588
b00000000000010111001100000111010 1e
b00100111001111000010011000111100 20
b00000000000010111001100000111001 25
#6589
b00000000000010111001100000111011 1e
b00100110001110110010010100111011 20
b00000000000010111001100000111010 25
#6590
b00000000000010111001100000111100 1e
b00100101001110110010011100111111 20
b00000000000010111001100000111011 25
#6591
b00000000000010111001100000111101 1e
b00100110001111010010011000111100 20
b00000000000010111001100000111100 25
#6592
b00000000000010111001100000111110 1e
b00100101001110110010011000111101 20
b00000000000010111001100000111101 25
#6593
b00000000000010111001100000111111 1e
b00100101001110110010011000111110 20
b00000000000010111001100000111110 25
#6594
b00000000000010111001100001000000 1e
b00100110001111110010011000111010 20
b00000000000010111001100000111111 25
#6595
b00000000000010111001100001000001 1e
b00100101001111000010011100111011 20
b00000000000010111001100001000000 25
#6596
b00000000000010111001100001000010 1e
b00101000001111010010011000111011 20
b00000000000010111001100001000001 25
#6597
b00000000000010111001100001000011 1e
b00100110001111000010010100111101 20
b00000000000010111001100001000010 25
#6598
b00000000000010111001100001000100 1e
b00100101001110010010011000111011 20
b00000000000010111001100001000011 25
#6599
b00000000000010111001100001000101 1e
b00100110001111010010011100111110 20
b00000000000010111001100001000100 25
#6600
b00000000000010111001100001000110 1e
b00100111001111010010100000111100 20
b00000000000010111001100001000101 25
#6601
b00000000000010111001100001000111 1e
b00100110001110110010011000111100 20
b00000000000010111001100001000110 25
#6602
b00000000000010111001100001001000 1e
b00100110001111010010011101000001 20
b00000000000010111001100001000111 25
#6603
b00000000000010111001100001001001 1e
b00100001001111000010100000111011 20
b00000000000010111001100001001000 25
#6604
b00000000000010111001100001001010 1e
b00100110001110000010001000110011 20
b00000000000010111001100001001001 25
#6605
b00000000000010111001100001001011 1e
b00101000001110110010011100111101 20
b00000000000010111001100001001010 25
#6606
b00000000000010111001100001001100 1e
b00100111001111100010100000111101 20
b00000000000010111001100001001011 25
#6607
b00000000000010111001100001001101 1e
b00101000001111100010011100111100 20
b00000000000010111001100001001100 25
#6608
b00000000000010111001100001001110 1e
b00100111001111000010100000111100 20
b00000000000010111001100001001101 25
#6609
b00000000000010111001100001001111 1e
b00100111001111110010011100111100 20
b00000000000010111001100001001110 25
#6610
b00000000000010111001100001010000 1e
b00100101001111010010011100111101 20
b00000000000010111001100001001111 25
#6611
b00000000000010111001100001010001 1e
b00100110001111010010010100111110 20
b00000000000010111001100001010000 25
#6612
b00000000000010111001100001010010 1e
b00100111001111000010011100111101 20
b00000000000010111001100001010001 25
#6613
b00000000000010111001100001010011 1e
b00101000001111110010011000111111 20
b00000000000010111001100001010010 25
#6614
b00000000000010111001100001010100 1e
b00100110001110110010011000111110 20
b00000000000010111001100001010011 25
#6615
b00000000000010111001100001010101 1e
b00101000001110100010011000111111 20
b00000000000010111001100001010100 25
#6616
b00000000000010111001100001010110 1e
b00101001001111100010011000111110 20
b00000000000010111001100001010101 25
#6617
b00000000000010111001100001010111 1e
b00101000001111010010011100111110 20
b00000000000010111001100001010110 25
#6618
b00000000000010111001100001011000 1e
b00100110001111110010011100111111 20
b00000000000010111001100001010111 25
#6619
b00000000000010111001100001011001 1e
b00100111001111100010011100111110 20
b00000000000010111001100001011000 25
#6620
b00000000000010111001100001011010 1e
b00100101001111100010011000111111 20
b00000000000010111001100001011001 25
#6621
b00000000000010111001100001011011 1e
b00100110001111000010100000111110 20
b00000000000010111001100001011010 25
#6622
b00000000000010111001100001011100 1e
b00101001010000000010011100111100 20
b00000000000010111001100001011011 25
#6623
b00000000000010111001100001011101 1e
b00100110001111010010011001000000 20
b00000000000010111001100001011100 25
#6624
b00000000000010111001100001011110 1e
b00100110001110110010100001000000 20
b00000000000010111001100001011101 25
#6625
b00000000000010111001100001011111 1e
b00101000001111000010100000111110 20
b00000000000010111001100001011110 25
#6626
b00000000000010111001100001100000 1e
b00100110001111100010100000111110 20
b00000000000010111001100001011111 25
#6627
b00000000000010111001100001100001 1e
b00101000001111000010010000111110 20
b00000000000010111001100001100000 25
#6628
b00000000000010111001100001100010 1e
b00100101001110110010011100111100 20
b00000000000010111001100001100001 25
#6629
b00000000000010111001100001100011 1e
b00100101001111000010010100111101 20
b00000000000010111001100001100010 25
#6630
b00000000000010111001100001100100 1e
b00100011001111010010011100111100 20
b00000000000010111001100001100011 25
#6631
b00000000000010111001100001100101 1e
b00100110001101010001111100110101 20
b00000000000010111001100001100100 25
#6632
b00000000000010111001100001100110 1e
b00100111001111100010011000111011 20
b00000000000010111001100001100101 25
#6633
b00000000000010111001100001100111 1e
b00100110010000100010011000111111 20
b00000000000010111001100001100110 25
#6634
b00000000000010111001100001101000 1e
b00100101001111100010011100111101 20
b00000000000010111001100001100111 25
#6635
b00000000000010111001100001101001 1e
b00100110001110110010010100111001 20
b00000000000010111001100001101000 25
#6636
b00000000000010111001100001101010 1e
b00100110001111110010011100111011 20
b00000000000010111001100001101001 25
#6637
b00000000000010111001100001101011 1e
b00100110001110110010011100111111 20
b00000000000010111001100001101010 25
#6638
b00000000000010111001100001101100 1e
b00100110001111110010100001000000 20
b00000000000010111001100001101011 25
#6639
b00000000000010111001100001101101 1e
b00100110001111100010011000111101 20
b00000000000010111001100001101100 25
#6640
b00000000000010111001100001101110 1e
b00100110001111010010011000111101 20
b00000000000010111001100001101101 25
#6641
b00000000000010111001100001101111 1e
b00101000001111000010010100111111 20
b00000000000010111001100001101110 25
#6642
b00000000000010111001100001110000 1e
b00100110010000000010010100111100 20
b00000000000010111001100001101111 25
#6643
b00000000000010111001100001110001 1e
b00100111001111010010100000111101 20
b00000000000010111001100001110000 25
#6644
b00000000000010111001100001110010 1e
b00100110001111000010101000111111 20
b00000000000010111001100001110001 25
#6645
b00000000000010111001100001110011 1e
b00101000010000010010100101000000 20
b00000000000010111001100001110010 25
#6646
b00000000000010111001100001110100 1e
b00101000001111100010011100111100 20
b00000000000010111001100001110011 25
#6647
b00000000000010111001100001110101 1e
b00101000010000100010010100111110 20
b00000000000010111001100001110100 25
#6648
b00000000000010111001100001110110 1e
b00100110001111100010011100111110 20
b00000000000010111001100001110101 25
#6649
b00000000000010111001100001110111 1e
b00100110001110100010011000111100 20
b00000000000010111001100001110110 25
#6650
b00000000000010111001100001111000 1e
b00100110010000000010011000111101 20
b00000000000010111001100001110111 25
#6651
b00000000000010111001100001111001 1e
b00101001001111010010011101000000 20
b00000000000010111001100001111000 25
#6652
b00000000000010111001100001111010 1e
b00100111001111100010100000111100 20
b00000000000010111001100001111001 25
#6653
b00000000000010111001100001111011 1e
b00100110010000000010100001000000 20
b00000000000010111001100001111010 25
#6654
b00000000000010111001100001111100 1e
b00100100001111000010010000111110 20
b00000000000010111001100001111011 25
#6655
b00000000000010111001100001111101 1e
b00100111001111010010011000111011 20
b00000000000010111001100001111100 25
#6656
b00000000000010111001100001111110 1e
b00100111001111100010100001000010 20
b00000000000010111001100001111101 25
#6657
b00000000000010111001100001111111 1e
b00100111010000000010011100111110 20
b00000000000010111001100001111110 25
#6658
b00000000000010111001100010000000 1e
b00101001001111010010011000111101 20
b00000000000010111001100001111111 25
#6659
b00000000000010111001100010000001 1e
b00100111010000100010100000111111 20
b00000000000010111001100010000000 25
#6660
b00000000000010111001100010000010 1e
b00100111001111010010010000111111 20
b00000000000010111001100010000001 25
#6661
b00000000000010111001100010000011 1e
b00100111001111010010011000111110 20
b00000000000010111001100010000010 25
#6662
b00000000000010111001100010000100 1e
b00100110001111000010011101000000 20
b00000000000010111001100010000011 25
#6663
b00000000000010111001100010000101 1e
b00100101001111010010100001000000 20
b00000000000010111001100010000100 25
#6664
b00000000000010111001100010000110 1e
b00100111001111100010011101000000 20
b00000000000010111001100010000101 25
#6665
b00000000000010111001100010000111 1e
b00101000001111110010011100111110 20
b00000000000010111001100010000110 25
#6666
b00000000000010111001100010001000 1e
b00100111001111110010011100111101 20
b00000000000010111001100010000111 25
#6667
b00000000000010111001100010001001 1e
b00101000001111010010100101000000 20
b00000000000010111001100010001000 25
#6668
b00000000000010111001100010001010 1e
b00101000010000000010011100111101 20
b00000000000010111001100010001001 25
#6669
b00000000000010111001100010001011 1e
b00101001010000100010010100111101 20
b00000000000010111001100010001010 25
#6670
b00000000000010111001100010001100 1e
b00101010010000000010011001000010 20
b00000000000010111001100010001011 25
#6671
b00000000000010111001100010001101 1e
b00100110001111010010011000111101 20
b00000000000010111001100010001100 25
#6672
b00000000000010111001100010001110 1e
b00100110001111010010100000111000 20
b00000000000010111001100010001101 25
#6673
b00000000000010111001100010001111 1e
b00100111010000010010011001000000 20
b00000000000010111001100010001110 25
#6674
b00000000000010111001100010010000 1e
b00100111001111000010011000111111 20
b00000000000010111001100010001111 25
#6675
b00000000000010111001100010010001 1e
b00100111001111100010100000111111 20
b00000000000010111001100010010000 25
#6676
b00000000000010111001100010010010 1e
b00100111001111110010100000111101 20
b00000000000010111001100010010001 25
#6677
b00000000000010111001100010010011 1e
b00101000001111100010100001000010 20
b00000000000010111001100010010010 25
#6678
b00000000000010111001100010010100 1e
b00101000010000000010100000111110 20
b00000000000010111001100010010011 25
#6679
b00000000000010111001100010010101 1e
b00101000010000000010100001000000 20
b00000000000010111001100010010100 25
#6680
b00000000000010111001100010010110 1e
b00100111001111110010100001000010 20
b00000000000010111001100010010101 25
#6681
b00000000000010111001100010010111 1e
b00101000010000010010100101000000 20
b00000000000010111001100010010110 25
#6682
b00000000000010111001100010011000 1e
b00100011001111100010100000111100 20
b00000000000010111001100010010111 25
#6683
b00000000000010111001100010011001 1e
b00101000010000000010100001000000 20
b00000000000010111001100010011000 25
#6684
b00000000000010111001100010011010 1e
b00101001010000000010011000111011 20
b00000000000010111001100010011001 25
#6685
b00000000000010111001100010011011 1e
b00100110010000000010100000111111 20
b00000000000010111001100010011010 25
#6686
b00000000000010111001100010011100 1e
b00100111010000110010011100111101 20
b00000000000010111001100010011011 25
#6687
b00000000000010111001100010011101 1e
b00101001010000000010100000111110 20
b00000000000010111001100010011100 25
#6688
b00000000000010111001100010011110 1e
b00101000001111010010100001000100 20
b00000000000010111001100010011101 25
#6689
b00000000000010111001100010011111 1e
b00101000010000100010011101000000 20
b00000000000010111001100010011110 25
#6690
b00000000000010111001100010100000 1e
b00101000010000000010011001000000 20
b00000000000010111001100010011111 25
#6691
b00000000000010111001100010100001 1e
b00100110010000000010100101000010 20
b00000000000010111001100010100000 25
#6692
b00000000000010111001100010100010 1e
b00101000001111110010100000111101 20
b00000000000010111001100010100001 25
#6693
b00000000000010111001100010100011 1e
b00101000001111100010100001000000 20
b00000000000010111001100010100010 25
#6694
b00000000000010111001100010100100 1e
b00100110010000000010011101000000 20
b00000000000010111001100010100011 25
#6695
b00000000000010111001100010100101 1e
b00000000000010111001100010100100 25
#6696
b00000000000010111001100010100110 1e
b00101001001111110010011100111111 20
b00000000000010111001100010100101 25
#6697
b00000000000010111001100010100111 1e
b00101000001111100010100001000100 20
b00000000000010111001100010100110 25
#6698
b00000000000010111001100010101000 1e
b00100111010000110010100001000000 20
b00000000000010111001100010100111 25
#6699
b00000000000010111001100010101001 1e
b00101001010000000010100000111110 20
b00000000000010111001100010101000 25
#6700
b00000000000010111001100010101010 1e
b00101000001111100010100001000011 20
b00000000000010111001100010101001 25
#6701
b00000000000010111001100010101011 1e
b00101010001111110010100000111111 20
b00000000000010111001100010101010 25
#6702
b00000000000010111001100010101100 1e
b00101000001111010010100101000001 20
b00000000000010111001100010101011 25
#6703
b00000000000010111001100010101101 1e
b00100010001100110010000100111000 20
b00000000000010111001100010101100 25
#6704
b00000000000010111001100010101110 1e
b00100111001111010010011000111000 20
b00000000000010111001100010101101 25
#6705
b00000000000010111001100010101111 1e
b00101000010000100010101001000000 20
b00000000000010111001100010101110 25
#6706
b00000000000010111001100010110000 1e
b00101001010000000010100000111110 20
b00000000000010111001100010101111 25
#6707
b00000000000010111001100010110001 1e
b00100110010000000010100101000010 20
b00000000000010111001100010110000 25
#6708
b00000000000010111001100010110010 1e
b00100110001111100010100000111111 20
b00000000000010111001100010110001 25
#6709
b00000000000010111001100010110011 1e
b00100110001111110010011100111111 20
b00000000000010111001100010110010 25
#6710
b00000000000010111001100010110100 1e
b00101001010000010010100001000000 20
b00000000000010111001100010110011 25
#6711
b00000000000010111001100010110101 1e
b00100111010000100010011001000001 20
b00000000000010111001100010110100 25
#6712
b00000000000010111001100010110110 1e
b00100110001111100010100001000010 20
b00000000000010111001100010110101 25
#6713
b00000000000010111001100010110111 1e
b00101000001111110010011001000010 20
b00000000000010111001100010110110 25
#6714
b00000000000010111001100010111000 1e
b00100111010001000010011001000000 20
b00000000000010111001100010110111 25
#6715
b00000000000010111001100010111001 1e
b00100110010000000010100001000011 20
b00000000000010111001100010111000 25
#6716
b00000000000010111001100010111010 1e
b00101000010000000010100001000010 20
b00000000000010111001100010111001 25
#6717
b00000000000010111001100010111011 1e
b00101000010000000010100001000000 20
b00000000000010111001100010111010 25
#6718
b00000000000010111001100010111100 1e
b00101000001111110010011100111111 20
b00000000000010111001100010111011 25
#6719
b00000000000010111001100010111101 1e
b00101000010000110010011100111111 20
b00000000000010111001100010111100 25
#6720
b00000000000010111001100010111110 1e
b00101000010000000010011001000001 20
b00000000000010111001100010111101 25
#6721
b00000000000010111001100010111111 1e
b00100110010000100010100001000000 20
b00000000000010111001100010111110 25
#6722
b00000000000010111001100011000000 1e
b00101000001111110010011000111011 20
b00000000000010111001100010111111 25
#6723
b00000000000010111001100011000001 1e
b00101010010000000010011001000010 20
b00000000000010111001100011000000 25
#6724
b00000000000010111001100011000010 1e
b00100110001111110010100001000000 20
b00000000000010111001100011000001 25
#6725
b00000000000010111001100011000011 1e
b00101000001111110010100001000001 20
b00000000000010111001100011000010 25
#6726
b00000000000010111001100011000100 1e
b00000000000010111001100011000011 25
#6727
b00000000000010111001100011000101 1e
b00101001010000010010100001000001 20
b00000000000010111001100011000100 25
#6728
b00000000000010111001100011000110 1e
b00101000001111010010011101000000 20
b00000000000010111001100011000101 25
#6729
b00000000000010111001100011000111 1e
b00101000001111100010011101000001 20
b00000000000010111001100011000110 25
#6730
b00000000000010111001100011001000 1e
b00100110010000010010100101000000 20
b00000000000010111001100011000111 25
#6731
b00000000000010111001100011001001 1e
b00101000010000100010100001000000 20
b00000000000010111001100011001000 25
#6732
b00000000000010111001100011001010 1e
b00100110001111110010010100111111 20
b00000000000010111001100011001001 25
#6733
b00000000000010111001100011001011 1e
b00101000010000000010011101000010 20
b00000000000010111001100011001010 25
#6734
b00000000000010111001100011001100 1e
b00100111010000100010100101000000 20
b00000000000010111001100011001011 25
#6735
b00000000000010111001100011001101 1e
b00101001010000000010011001000010 20
b00000000000010111001100011001100 25
#6736
b00000000000010111001100011001110 1e
b00101000001111110010100101000001 20
b00000000000010111001100011001101 25
#6737
b00000000000010111001100011001111 1e
b00101000010000010010100001000001 20
b00000000000010111001100011001110 25
#6738
b00000000000010111001100011010000 1e
b00101000010000000010100101000000 20
b00000000000010111001100011001111 25
#6739
b00000000000010111001100011010001 1e
b00101000010000000010100001000000 20
b00000000000010111001100011010000 25
#6740
b00000000000010111001100011010010 1e
b00100111001111100010100001000001 20
b00000000000010111001100011010001 25
#6741
b00000000000010111001100011010011 1e
b00100110010000000010100100111111 20
b00000000000010111001100011010010 25
#6742
b00000000000010111001100011010100 1e
b00101011010000000010011100111011 20
b00000000000010111001100011010011 25
#6743
b00000000000010111001100011010101 1e
b00101000010000000010011101000001 20
b00000000000010111001100011010100 25
#6744
b00000000000010111001100011010110 1e
b00100111010000000010011001000000 20
b00000000000010111001100011010101 25
#6745
b00000000000010111001100011010111 1e
b00101000010000110010011100111111 20
b00000000000010111001100011010110 25
#6746
b00000000000010111001100011011000 1e
b00101001001111100010100101000010 20
b00000000000010111001100011010111 25
#6747
b00000000000010111001100011011001 1e
b00100111010000000010011100111111 20
b00000000000010111001100011011000 25
#6748
b00000000000010111001100011011010 1e
b00100111001111100010100001000010 20
b00000000000010111001100011011001 25
#6749
b00000000000010111001100011011011 1e
b00111001010000000010101001000010 20
b00000000000010111001100011011010 25
#6750
b00000000000010111001100011011100 1e
b00101011010000100010100001000001 20
b00000000000010111001100011011011 25
#6751
b00000000000010111001100011011101 1e
b00100110010000010010100001000001 20
b00000000000010111001100011011100 25
#6752
b00000000000010111001100011011110 1e
b00101000010000000010011000111110 20
b00000000000010111001100011011101 25
#6753
b00000000000010111001100011011111 1e
b00101000010000010010100001000010 20
b00000000000010111001100011011110 25
#6754
b00000000000010111001100011100000 1e
b00101001010000110010011001000010 20
b00000000000010111001100011011111 25
#6755
b00000000000010111001100011100001 1e
b00101001010000100010100101000001 20
b00000000000010111001100011100000 25
#6756
b00000000000010111001100011100010 1e
b00101010010000110010101001000000 20
b00000000000010111001100011100001 25
#6757
b00000000000010111001100011100011 1e
b00100111001111110010100100111111 20
b00000000000010111001100011100010 25
#6758
b00000000000010111001100011100100 1e
b00101000001111110010100101000010 20
b00000000000010111001100011100011 25
#6759
b00000000000010111001100011100101 1e
b00101001010001000010100001000011 20
b00000000000010111001100011100100 25
#6760
b00000000000010111001100011100110 1e
b00100110010000010010101001000000 20
b00000000000010111001100011100101 25
#6761
b00000000000010111001100011100111 1e
b00101000001111110010100001000011 20
b00000000000010111001100011100110 25
#6762
b00000000000010111001100011101000 1e
b00101010010000010010100000111110 20
b00000000000010111001100011100111 25
#6763
b00000000000010111001100011101001 1e
b00100110001110100010100001000000 20
b00000000000010111001100011101000 25
#6764
b00000000000010111001100011101010 1e
b00101000010000010010011100111101 20
b00000000000010111001100011101001 25
#6765
b00000000000010111001100011101011 1e
b00101001010000010010011101000100 20
b00000000000010111001100011101010 25
#6766
b00000000000010111001100011101100 1e
b00100111010000100010011001000000 20
b00000000000010111001100011101011 25
#6767
b00000000000010111001100011101101 1e
b00100110001111110010101000111101 20
b00000000000010111001100011101100 25
#6768
b00000000000010111001100011101110 1e
b00101000010000000010100001000010 20
b00000000000010111001100011101101 25
#6769
b00000000000010111001100011101111 1e
b00100111010000010010101001000010 20
b00000000000010111001100011101110 25
#6770
b00000000000010111001100011110000 1e
b00100111010000110010101001000100 20
b00000000000010111001100011101111 25
#6771
b00000000000010111001100011110001 1e
b00101000010001000010100101000100 20
b00000000000010111001100011110000 25
#6772
b00000000000010111001100011110010 1e
b00101010010000110010101001000010 20
b00000000000010111001100011110001 25
#6773
b00000000000010111001100011110011 1e
b00101001010000100010100001000011 20
b00000000000010111001100011110010 25
#6774
b00000000000010111001100011110100 1e
b00101001010000100010100101000010 20
b00000000000010111001100011110011 25
#6775
b00000000000010111001100011110101 1e
b00100111010000110010100001000001 20
b00000000000010111001100011110100 25
#6776
b00000000000010111001100011110110 1e
b00101000010000010010011101000010 20
b00000000000010111001100011110101 25
#6777
b00000000000010111001100011110111 1e
b00101001010000010010100001000010 20
b00000000000010111001100011110110 25
#6778
b00000000000010111001100011111000 1e
b00101001010000100010100001000000 20
b00000000000010111001100011110111 25
#6779
b00000000000010111001100011111001 1e
b00101010010000000010100101000000 20
b00000000000010111001100011111000 25
#6780
b00000000000010111001100011111010 1e
b00101000010000000010011101000000 20
b00000000000010111001100011111001 25
#6781
b00000000000010111001100011111011 1e
b00101000010000010010100001000010 20
b00000000000010111001100011111010 25
#6782
b00000000000010111001100011111100 1e
b00100110010000000010101001000010 20
b00000000000010111001100011111011 25
#6783
b00000000000010111001100011111101 1e
b00100111010000000010011001000000 20
b00000000000010111001100011111100 25
#6784
b00000000000010111001100011111110 1e
b00100100001110110010011100111110 20
b00000000000010111001100011111101 25
#6785
b00000000000010111001100011111111 1e
b00100111001111000010011000111110 20
b00000000000010111001100011111110 25
#6786
b00000000000010111001100100000000 1e
b00100110001111100010011000111101 20
b00000000000010111001100011111111 25
#6787
b00000000000010111001100100000001 1e
b00100101001110100010011100111100 20
b00000000000010111001100100000000 25
#6788
b00000000000010111001100100000010 1e
b00100110001111110010011000111110 20
b00000000000010111001100100000001 25
#6789
b00000000000010111001100100000011 1e
b00100101001110110010011000111100 20
b00000000000010111001100100000010 25
#6790
b00000000000010111001100100000100 1e
b00100110001111010010011000111011 20
b00000000000010111001100100000011 25
#6791
b00000000000010111001100100000101 1e
b00100110001111010010011000111101 20
b00000000000010111001100100000100 25
#6792
b00000000000010111001100100000110 1e
b00100110001111000010011000111100 20
b00000000000010111001100100000101 25
#6793
b00000000000010111001100100000111 1e
b00100111010000000010011000111101 20
b00000000000010111001100100000110 25
#6794
b00000000000010111001100100001000 1e
b00101000001111010010011000111111 20
b00000000000010111001100100000111 25
#6795
b00000000000010111001100100001001 1e
b00101000010000010010011100111011 20
b00000000000010111001100100001000 25
#6796
b00000000000010111001100100001010 1e
b00100110001111110010011000111110 20
b00000000000010111001100100001001 25
#6797
b00000000000010111001100100001011 1e
b00100110010000000010011101000000 20
b00000000000010111001100100001010 25
#6798
b00000000000010111001100100001100 1e
b00100101001111010010100000111100 20
b00000000000010111001100100001011 25
#6799
b00000000000010111001100100001101 1e
b00100111001111000010011000111011 20
b00000000000010111001100100001100 25
#6800
b00000000000010111001100100001110 1e
b00100110001111010010011000111111 20
b00000000000010111001100100001101 25
#6801
b00000000000010111001100100001111 1e
b00101010010000000010011101000001 20
b00000000000010111001100100001110 25
#6802
b00000000000010111001100100010000 1e
b00100110010000010010101001000010 20
b00000000000010111001100100001111 25
#6803
b00000000000010111001100100010001 1e
b00101000010000100010011001000010 20
b00000000000010111001100100010000 25
#6804
b00000000000010111001100100010010 1e
b00101000010000010010101001000011 20
b00000000000010111001100100010001 25
#6805
b00000000000010111001100100010011 1e
b00100001001111100010100001000010 20
b00000000000010111001100100010010 25
#6806
b00000000000010111001100100010100 1e
b00011111001100100010000000110101 20
b00000000000010111001100100010011 25
#6807
b00000000000010111001100100010101 1e
b00100101001110010010000100101100 20
b00000000000010111001100100010100 25
#6808
b00000000000010111001100100010110 1e
b00101010010000100010100001000000 20
b00000000000010111001100100010101 25
#6809
b00000000000010111001100100010111 1e
b00101000010000110010100001000001 20
b00000000000010111001100100010110 25
#6810
b00000000000010111001100100011000 1e
b00101001010000100010100001000000 20
b00000000000010111001100100010111 25
#6811
b00000000000010111001100100011001 1e
b00101000010001010010100101000011 20
b00000000000010111001100100011000 25
#6812
b00000000000010111001100100011010 1e
b00100110010000010010100101000101 20
b00000000000010111001100100011001 25
#6813
b00000000000010111001100100011011 1e
b00101000010000110010100001000010 20
b00000000000010111001100100011010 25
#6814
b00000000000010111001100100011100 1e
b00101010010000100010100001000010 20
b00000000000010111001100100011011 25
#6815
b00000000000010111001100100011101 1e
b00101000010000000010100001000010 20
b00000000000010111001100100011100 25
#6816
b00000000000010111001100100011110 1e
b00101001010001000010101101000100 20
b00000000000010111001100100011101 25
#6817
b00000000000010111001100100011111 1e
b00101000010000110010101001000011 20
b00000000000010111001100100011110 25
#6818
b00000000000010111001100100100000 1e
b00101001010000100010100101000010 20
b00000000000010111001100100011111 25
#6819
b00000000000010111001100100100001 1e
b00101001010001000010101101000011 20
b00000000000010111001100100100000 25
#6820
b00000000000010111001100100100010 1e
b00101010010000010010100101000000 20
b00000000000010111001100100100001 25
#6821
b00000000000010111001100100100011 1e
b00101000010000000010100001000001 20
b00000000000010111001100100100010 25
#6822
b00000000000010111001100100100100 1e
b00101000010000000010101001000010 20
b00000000000010111001100100100011 25
#6823
b00000000000010111001100100100101 1e
b00101010010001000010101001000000 20
b00000000000010111001100100100100 25
#6824
b00000000000010111001100100100110 1e
b00100111010000110010100101000101 20
b00000000000010111001100100100101 25
#6825
b00000000000010111001100100100111 1e
b00101011010000110010100001000010 20
b00000000000010111001100100100110 25
#6826
b00000000000010111001100100101000 1e
b00101001010001000010101001000010 20
b00000000000010111001100100100111 25
#6827
b00000000000010111001100100101001 1e
b00101000010000100010100101000000 20
b00000000000010111001100100101000 25
#6828
b00000000000010111001100100101010 1e
b00100111010000110010101001000100 20
b00000000000010111001100100101001 25
#6829
b00000000000010111001100100101011 1e
b00100111010000000010101001000010 20
b00000000000010111001100100101010 25
#6830
b00000000000010111001100100101100 1e
b00101001010000000010101001000100 20
b00000000000010111001100100101011 25
#6831
b00000000000010111001100100101101 1e
b00101001010000100010100101000100 20
b00000000000010111001100100101100 25
#6832
b00000000000010111001100100101110 1e
b00101000010000000010100001000010 20
b00000000000010111001100100101101 25
#6833
b00000000000010111001100100101111 1e
b00101000010000010010100001000000 20
b00000000000010111001100100101110 25
#6834
b00000000000010111001100100110000 1e
b00101001010000100010011001000100 20
b00000000000010111001100100101111 25
#6835
b00000000000010111001100100110001 1e
b00101001010000100010101001000010 20
b00000000000010111001100100110000 25
#6836
b00000000000010111001100100110010 1e
b00101000010000110010011101000010 20
b00000000000010111001100100110001 25
#6837
b00000000000010111001100100110011 1e
b00100111010000100010100001000100 20
b00000000000010111001100100110010 25
#6838
b00000000000010111001100100110100 1e
b00101001010000110010100101000001 20
b00000000000010111001100100110011 25
#6839
b00000000000010111001100100110101 1e
b00101000010000100010100001000010 20
b00000000000010111001100100110100 25
#6840
b00000000000010111001100100110110 1e
b00101010010001000010100101000110 20
b00000000000010111001100100110101 25
#6841
b00000000000010111001100100110111 1e
b00101010010000100010101001000010 20
b00000000000010111001100100110110 25
#6842
b00000000000010111001100100111000 1e
b00101000010001000010100101000011 20
b00000000000010111001100100110111 25
#6843
b00000000000010111001100100111001 1e
b00101000010000100010100001000011 20
b00000000000010111001100100111000 25
#6844
b00000000000010111001100100111010 1e
b00101000010000100010100101000011 20
b00000000000010111001100100111001 25
#6845
b00000000000010111001100100111011 1e
b00101001010000100010100001000110 20
b00000000000010111001100100111010 25
#6846
b00000000000010111001100100111100 1e
b00100110001110110010011000111111 20
b00000000000010111001100100111011 25
#6847
b00000000000010111001100100111101 1e
b00101010010000100010100000111101 20
b00000000000010111001100100111100 25
#6848
b00000000000010111001100100111110 1e
b00101000010000100010100101000100 20
b00000000000010111001100100111101 25
#6849
b00000000000010111001100100111111 1e
b00101010010001000010100001000011 20
b00000000000010111001100100111110 25
#6850
b00000000000010111001100101000000 1e
b00101010010000100010100101000011 20
b00000000000010111001100100111111 25
#6851
b00000000000010111001100101000001 1e
b00101010010000010010101000111111 20
b00000000000010111001100101000000 25
#6852
b00000000000010111001100101000010 1e
b00101001010000100010101101000010 20
b00000000000010111001100101000001 25
#6853
b00000000000010111001100101000011 1e
b00101000010000100010100001000010 20
b00000000000010111001100101000010 25
#6854
b00000000000010111001100101000100 1e
b00101000010000010010100101000010 20
b00000000000010111001100101000011 25
#6855
b00000000000010111001100101000101 1e
b00101100010001010010101001000001 20
b00000000000010111001100101000100 25
#6856
b00000000000010111001100101000110 1e
b00101001010000110010100101000110 20
b00000000000010111001100101000101 25
#6857
b00000000000010111001100101000111 1e
b00101001010000100010101001000011 20
b00000000000010111001100101000110 25
#6858
b00000000000010111001100101001000 1e
b00101000010000100010100101000010 20
b00000000000010111001100101000111 25
#6859
b00000000000010111001100101001001 1e
b00101010010000100010100101000001 20
b00000000000010111001100101001000 25
#6860
b00000000000010111001100101001010 1e
b00101000010001000010011101000011 20
b00000000000010111001100101001001 25
#6861
b00000000000010111001100101001011 1e
b00101000010000010010101001000011 20
b00000000000010111001100101001010 25
#6862
b00000000000010111001100101001100 1e
b00101000010000110010100001000101 20
b00000000000010111001100101001011 25
#6863
b00000000000010111001100101001101 1e
b00101011010001000010101001000100 20
b00000000000010111001100101001100 25
#6864
b00000000000010111001100101001110 1e
b00101010010000100010100101000001 20
b00000000000010111001100101001101 25
#6865
b00000000000010111001100101001111 1e
b00100110010000010010101001000001 20
b00000000000010111001100101001110 25
#6866
b00000000000010111001100101010000 1e
b00101000010000110010101001000010 20
b00000000000010111001100101001111 25
#6867
b00000000000010111001100101010001 1e
b00101001001110110010011001000001 20
b00000000000010111001100101010000 25
#6868
b00000000000010111001100101010010 1e
b00101000010001100010101000111111 20
b00000000000010111001100101010001 25
#6869
b00000000000010111001100101010011 1e
b00101001010000110010100001000011 20
b00000000000010111001100101010010 25
#6870
b00000000000010111001100101010100 1e
b00101000010001000010100001000100 20
b00000000000010111001100101010011 25
#6871
b00000000000010111001100101010101 1e
b00101001010001000010100101000001 20
b00000000000010111001100101010100 25
#6872
b00000000000010111001100101010110 1e
b00100111010000100010100101000101 20
b00000000000010111001100101010101 25
#6873
b00000000000010111001100101010111 1e
b00100111010000000010100000111101 20
b00000000000010111001100101010110 25
#6874
b00000000000010111001100101011000 1e
b00101001010000110010100001000010 20
b00000000000010111001100101010111 25
#6875
b00000000000010111001100101011001 1e
b00101001010000000010100001000100 20
b00000000000010111001100101011000 25
#6876
b00000000000010111001100101011010 1e
b00101001010001000010101001000100 20
b00000000000010111001100101011001 25
#6877
b00000000000010111001100101011011 1e
b00101000010001000010100101000011 20
b00000000000010111001100101011010 25
#6878
b00000000000010111001100101011100 1e
b00101010010000110010101001000101 20
b00000000000010111001100101011011 25
#6879
b00000000000010111001100101011101 1e
b00100111010000110010101101000000 20
b00000000000010111001100101011100 25
#6880
b00000000000010111001100101011110 1e
b00101010010001010010100001000000 20
b00000000000010111001100101011101 25
#6881
b00000000000010111001100101011111 1e
b00100111010001000010100001000011 20
b00000000000010111001100101011110 25
#6882
b00000000000010111001100101100000 1e
b00101001010000110010101001000100 20
b00000000000010111001100101011111 25
#6883
b00000000000010111001100101100001 1e
b00101001010000100010100001000010 20
b00000000000010111001100101100000 25
#6884
b00000000000010111001100101100010 1e
b00101001010000010010100001000010 20
b00000000000010111001100101100001 25
#6885
b00000000000010111001100101100011 1e
b00100111010000100010100101000011 20
b00000000000010111001100101100010 25
#6886
b00000000000010111001100101100100 1e
b00101100010000110010100101000010 20
b00000000000010111001100101100011 25
#6887
b00000000000010111001100101100101 1e
b00101001010001000010100001000000 20
b00000000000010111001100101100100 25
#6888
b00000000000010111001100101100110 1e
b00101000010001000010101001000100 20
b00000000000010111001100101100101 25
#6889
b00000000000010111001100101100111 1e
b00101000010000010010100101000100 20
b00000000000010111001100101100110 25
#6890
b00000000000010111001100101101000 1e
b00101010010000110010100101000010 20
b00000000000010111001100101100111 25
#6891
b00000000000010111001100101101001 1e
b00100111010000000010100001000100 20
b00000000000010111001100101101000 25
#6892
b00000000000010111001100101101010 1e
b00101010010000110010100001000010 20
b00000000000010111001100101101001 25
#6893
b00000000000010111001100101101011 1e
b00101000010000100010100001000001 20
b00000000000010111001100101101010 25
#6894
b00000000000010111001100101101100 1e
b00101001010000100010100101000101 20
b00000000000010111001100101101011 25
#6895
b00000000000010111001100101101101 1e
b00101000010001000010100101000010 20
b00000000000010111001100101101100 25
#6896
b00000000000010111001100101101110 1e
b00100111010000100010101001000010 20
b00000000000010111001100101101101 25
#6897
b00000000000010111001100101101111 1e
b00101001010000100010100001000110 20
b00000000000010111001100101101110 25
#6898
b00000000000010111001100101110000 1e
b00101001010000100010011101000011 20
b00000000000010111001100101101111 25
#6899
b00000000000010111001100101110001 1e
b00101001010000100010100101000000 20
b00000000000010111001100101110000 25
#6900
b00000000000010111001100101110010 1e
b00100111010000110010100001000001 20
b00000000000010111001100101110001 25
#6901
b00000000000010111001100101110011 1e
b00101011010000000010100001000100 20
b00000000000010111001100101110010 25
#6902
b00000000000010111001100101110100 1e
b00101001010000100010100101000010 20
b00000000000010111001100101110011 25
#6903
b00000000000010111001100101110101 1e
b00101010010001000010100101000100 20
b00000000000010111001100101110100 25
#6904
b00000000000010111001100101110110 1e
b00101001001110100010011001000000 20
b00000000000010111001100101110101 25
#6905
b00000000000010111001100101110111 1e
b00101010010001000010011101000000 20
b00000000000010111001100101110110 25
#6906
b00000000000010111001100101111000 1e
b00101001010000110010100000111111 20
b00000000000010111001100101110111 25
#6907
b00000000000010111001100101111001 1e
b00101010010000100010101101000011 20
b00000000000010111001100101111000 25
#6908
b00000000000010111001100101111010 1e
b00101010010000100010011101000010 20
b00000000000010111001100101111001 25
#6909
b00000000000010111001100101111011 1e
b00101000010000010010101100111110 20
b00000000000010111001100101111010 25
#6910
b00000000000010111001100101111100 1e
b00101000010000100010100001000011 20
b00000000000010111001100101111011 25
#6911
b00000000000010111001100101111101 1e
b00100110001111110010100101000001 20
b00000000000010111001100101111100 25
#6912
b00000000000010111001100101111110 1e
b00101000001111010010011100111101 20
023
b00000000000010111001100101111101 25
#6913
b00000000000010111001100101111111 1e
b00101001010001000010101101000010 20
#6914
b00000000000010111001100110000000 1e
#6915
b00000000000010111001100110000001 1e
#6916
b00000000000010111001100110000010 1e
#6917
b00000000000010111001100110000011 1e
#6918
b00000000000010111001100110000100 1e
#6919
b00000000000010111001100110000101 1e
#6920
b00000000000010111001100110000110 1e
#6921
b00000000000010111001100110000111 1e
#6922
b00000000000010111001100110001000 1e
#6923
b00000000000010111001100110001001 1e
#6924
b00000000000010111001100110001010 1e
#6925
b00000000000010111001100110001011 1e
#6926
b00000000000010111001100110001100 1e
123
#6927
b00000000000010111001100110001101 1e
b00000000000010111001100101111110 25
#6928
b00000000000010111001100110001110 1e
b00101000010000110010100101000001 20
b00000000000010111001100101111111 25
#6929
b00000000000010111001100110001111 1e
b00100110010000100010100001000101 20
b00000000000010111001100110000000 25
#6930
b00000000000010111001100110010000 1e
b00100101001111100010010000111011 20
b00000000000010111001100110000001 25
#6931
b00000000000010111001100110010001 1e
b00101000001111110010100001000001 20
b00000000000010111001100110000010 25
#6932
b00000000000010111001100110010010 1e
b00100011001101110010011000111101 20
b00000000000010111001100110000011 25
#6933
b00000000000010111001100110010011 1e
b00100100001111010010010100111000 20
b00000000000010111001100110000100 25
#6934
b00000000000010111001100110010100 1e
b00101010010001010010100001000000 20
b00000000000010111001100110000101 25
#6935
b00000000000010111001100110010101 1e
b00101001010000000010101101000011 20
b00000000000010111001100110000110 25
#6936
b00000000000010111001100110010110 1e
b00101001010000100010100001000011 20
b00000000000010111001100110000111 25
#6937
b00000000000010111001100110010111 1e
b00101010010000100010100001000001 20
b00000000000010111001100110001000 25
#6938
b00000000000010111001100110011000 1e
b00101001010000100010100001000011 20
b00000000000010111001100110001001 25
#6939
b00000000000010111001100110011001 1e
b00101010010000110010010001000001 20
b00000000000010111001100110001010 25
#6940
b00000000000010111001100110011010 1e
b00101000010000000010100101000100 20
b00000000000010111001100110001011 25
#6941
b00000000000010111001100110011011 1e
b00101000010000100010100001000110 20
b00000000000010111001100110001100 25
#6942
b00000000000010111001100110011100 1e
b00100110001111100010011000111110 20
b00000000000010111001100110001101 25
#6943
b00000000000010111001100110011101 1e
b00101001010000100010100100111110 20
b00000000000010111001100110001110 25
#6944
b00000000000010111001100110011110 1e
b00100111010000000010100001000001 20
b00000000000010111001100110001111 25
#6945
b00000000000010111001100110011111 1e
b00100111010001000010100001000010 20
b00000000000010111001100110010000 25
#6946
b00000000000010111001100110100000 1e
b00101000010000000010100001000100 20
b00000000000010111001100110010001 25
#6947
b00000000000010111001100110100001 1e
b00101000010000000010011101000010 20
b00000000000010111001100110010010 25
#6948
b00000000000010111001100110100010 1e
b00100111010000000010011101000001 20
b00000000000010111001100110010011 25
#6949
b00000000000010111001100110100011 1e
b00101001010000010010100101000001 20
b00000000000010111001100110010100 25
#6950
b00000000000010111001100110100100 1e
b00101000010000100010100001000000 20
b00000000000010111001100110010101 25
#6951
b00000000000010111001100110100101 1e
b00101010010000100010101001000101 20
b00000000000010111001100110010110 25
#6952
b00000000000010111001100110100110 1e
b00101001010000100010011001000011 20
b00000000000010111001100110010111 25
#6953
b00000000000010111001100110100111 1e
b00100110001111110010011101000011 20
b00000000000010111001100110011000 25
#6954
b00000000000010111001100110101000 1e
b00100101001111110010011000111001 20
b00000000000010111001100110011001 25
#6955
b00000000000010111001100110101001 1e
b00101000010000010010011101000001 20
b00000000000010111001100110011010 25
#6956
b00000000000010111001100110101010 1e
b00101010010001000010100001000101 20
b00000000000010111001100110011011 25
#6957
b00000000000010111001100110101011 1e
b00101000010000010010100001000010 20
b00000000000010111001100110011100 25
#6958
b00000000000010111001100110101100 1e
b00101000010000110010100001000001 20
b00000000000010111001100110011101 25
#6959
b00000000000010111001100110101101 1e
b00101010010000010010100001000000 20
b00000000000010111001100110011110 25
#6960
b00000000000010111001100110101110 1e
b00101000010000100010100101000100 20
b00000000000010111001100110011111 25
#6961
b00000000000010111001100110101111 1e
b00101000010000100010011101000011 20
b00000000000010111001100110100000 25
#6962
b00000000000010111001100110110000 1e
b00101000010000100010100101000000 20
b00000000000010111001100110100001 25
#6963
b00000000000010111001100110110001 1e
b00101001010000110010101101000000 20
b00000000000010111001100110100010 25
#6964
b00000000000010111001100110110010 1e
b00100111010000100010100101000011 20
b00000000000010111001100110100011 25
#6965
b00000000000010111001100110110011 1e
b00101001010000100010100101000010 20
b00000000000010111001100110100100 25
#6966
b00000000000010111001100110110100 1e
b00100111010000010010100001000011 20
b00000000000010111001100110100101 25
#6967
b00000000000010111001100110110101 1e
b00100111010000110010011101000001 20
b00000000000010111001100110100110 25
#6968
b00000000000010111001100110110110 1e
b00101000001111110010011001000001 20
b00000000000010111001100110100111 25
#6969
b00000000000010111001100110110111 1e
b00101000010000100010011101000001 20
b00000000000010111001100110101000 25
#6970
b00000000000010111001100110111000 1e
b00101000010000100010100001000010 20
b00000000000010111001100110101001 25
#6971
b00000000000010111001100110111001 1e
b00101010001111110010100001000000 20
b00000000000010111001100110101010 25
#6972
b00000000000010111001100110111010 1e
b00101000010000000010100001000010 20
b00000000000010111001100110101011 25
#6973
b00000000000010111001100110111011 1e
b00101000010000100010100001000010 20
b00000000000010111001100110101100 25
#6974
b00000000000010111001100110111100 1e
b00101010010000000010100101000011 20
b00000000000010111001100110101101 25
#6975
b00000000000010111001100110111101 1e
b00101001010000010010100101000000 20
b00000000000010111001100110101110 25
#6976
b00000000000010111001100110111110 1e
b00100110001111000010100001000001 20
b00000000000010111001100110101111 25
#6977
b00000000000010111001100110111111 1e
b00100111001111110010011000111110 20
b00000000000010111001100110110000 25
#6978
b00000000000010111001100111000000 1e
b00101000010000100010011101000000 20
b00000000000010111001100110110001 25
#6979
b00000000000010111001100111000001 1e
b00101000010000000010100001000010 20
b00000000000010111001100110110010 25
#6980
b00000000000010111001100111000010 1e
b00100111010000010010100001000001 20
b00000000000010111001100110110011 25
#6981
b00000000000010111001100111000011 1e
b00101001010000000010011101000000 20
b00000000000010111001100110110100 25
#6982
b00000000000010111001100111000100 1e
b00101000001111110010100000111111 20
b00000000000010111001100110110101 25
#6983
b00000000000010111001100111000101 1e
b00101010010000000010100000111111 20
b00000000000010111001100110110110 25
#6984
b00000000000010111001100111000110 1e
b00100111001111110010011101000011 20
b00000000000010111001100110110111 25
#6985
b00000000000010111001100111000111 1e
b00100111001111010010100100111101 20
b00000000000010111001100110111000 25
#6986
b00000000000010111001100111001000 1e
b00101000010000100010011101000001 20
b00000000000010111001100110111001 25
#6987
b00000000000010111001100111001001 1e
b00101001010000100010011001000000 20
b00000000000010111001100110111010 25
#6988
b00000000000010111001100111001010 1e
b00101000001110110010100001000010 20
b00000000000010111001100110111011 25
#6989
b00000000000010111001100111001011 1e
b00100101001111100010011000111101 20
b00000000000010111001100110111100 25
#6990
b00000000000010111001100111001100 1e
b00101000001111100010010101000010 20
b00000000000010111001100110111101 25
#6991
b00000000000010111001100111001101 1e
b00100111010000100010101001000010 20
b00000000000010111001100110111110 25
#6992
b00000000000010111001100111001110 1e
b00101001010000100010100101000011 20
b00000000000010111001100110111111 25
#6993
b00000000000010111001100111001111 1e
b00101000010000110010100001000000 20
b00000000000010111001100111000000 25
#6994
b00000000000010111001100111010000 1e
b00101011010000100010100001000001 20
b00000000000010111001100111000001 25
#6995
b00000000000010111001100111010001 1e
b00101000001111110010101001000000 20
b00000000000010111001100111000010 25
#6996
b00000000000010111001100111010010 1e
b00101010010000000010101001000001 20
b00000000000010111001100111000011 25
#6997
b00000000000010111001100111010011 1e
b00101010010000010010011001000100 20
b00000000000010111001100111000100 25
#6998
b00000000000010111001100111010100 1e
b00101000010000100010100101000010 20
b00000000000010111001100111000101 25
#6999
b00000000000010111001100111010101 1e
b00100110010000000010100101000011 20
b00000000000010111001100111000110 25
#7000
b00000000000010111001100111010110 1e
b00100100001101100010010100111000 20
b00000000000010111001100111000111 25
#7001
b00000000000010111001100111010111 1e
b00101000010001000010100100111111 20
b00000000000010111001100111001000 25
#7002
b00000000000010111001100111011000 1e
b00100111010000000010101001000000 20
b00000000000010111001100111001001 25
#7003
b00000000000010111001100111011001 1e
b00101000010000100010100000111110 20
b00000000000010111001100111001010 25
#7004
b00000000000010111001100111011010 1e
b00100111010000000010011101000001 20
b00000000000010111001100111001011 25
#7005
b00000000000010111001100111011011 1e
b00101010010000000010100001000000 20
b00000000000010111001100111001100 25
#7006
b00000000000010111001100111011100 1e
b00100111010000000010100001000010 20
b00000000000010111001100111001101 25
#7007
b00000000000010111001100111011101 1e
b00101000010000000010100001000011 20
b00000000000010111001100111001110 25
#7008
b00000000000010111001100111011110 1e
b00101000010000000010100001000000 20
b00000000000010111001100111001111 25
#7009
b00000000000010111001100111011111 1e
b00100110001111000010100001000011 20
b00000000000010111001100111010000 25
#7010
b00000000000010111001100111100000 1e
b00101001010000010010011100111001 20
b00000000000010111001100111010001 25
#7011
b00000000000010111001100111100001 1e
b00101000010000000010011001000000 20
b00000000000010111001100111010010 25
#7012
b00000000000010111001100111100010 1e
b00100111010000110010011101000000 20
b00000000000010111001100111010011 25
#7013
b00000000000010111001100111100011 1e
b00101010010000100010011000111110 20
b00000000000010111001100111010100 25
#7014
b00000000000010111001100111100100 1e
b00101000001111110010100001000010 20
b00000000000010111001100111010101 25
#7015
b00000000000010111001100111100101 1e
b00101010010000100010011101000000 20
b00000000000010111001100111010110 25
#7016
b00000000000010111001100111100110 1e
b00101000010000010010100001000001 20
b00000000000010111001100111010111 25
#7017
b00000000000010111001100111100111 1e
b00101000010000000010100101000001 20
b00000000000010111001100111011000 25
#7018
b00000000000010111001100111101000 1e
b00101000010000010010100000111101 20
b00000000000010111001100111011001 25
#7019
b00000000000010111001100111101001 1e
b00100111001111010010101001000001 20
b00000000000010111001100111011010 25
#7020
b00000000000010111001100111101010 1e
b00101010010000000010100101000010 20
b00000000000010111001100111011011 25
#7021
b00000000000010111001100111101011 1e
b00101001010000110010100001000010 20
b00000000000010111001100111011100 25
#7022
b00000000000010111001100111101100 1e
b00100111001111110010011000111101 20
b00000000000010111001100111011101 25
#7023
b00000000000010111001100111101101 1e
b00100111010000010010100000111101 20
b00000000000010111001100111011110 25
#7024
b00000000000010111001100111101110 1e
b00101000010000010010100000111111 20
b00000000000010111001100111011111 25
#7025
b00000000000010111001100111101111 1e
b00100110010000000010011101000001 20
b00000000000010111001100111100000 25
#7026
b00000000000010111001100111110000 1e
b00100111010000010010101000111111 20
b00000000000010111001100111100001 25
#7027
b00000000000010111001100111110001 1e
b00101001001111110010011101000001 20
b00000000000010111001100111100010 25
#7028
b00000000000010111001100111110010 1e
b00101010010000100010011001000000 20
b00000000000010111001100111100011 25
#7029
b00000000000010111001100111110011 1e
b00100111010000010010011101000001 20
b00000000000010111001100111100100 25
#7030
b00000000000010111001100111110100 1e
b00101010001111100010100101000001 20
b00000000000010111001100111100101 25
#7031
b00000000000010111001100111110101 1e
b00100110010000100010011101000000 20
b00000000000010111001100111100110 25
#7032
b00000000000010111001100111110110 1e
b00101000001111110010100001000000 20
b00000000000010111001100111100111 25
#7033
b00000000000010111001100111110111 1e
b00101000001110110010011000111011 20
b00000000000010111001100111101000 25
#7034
b00000000000010111001100111111000 1e
b00100100001110010010010100111001 20
b00000000000010111001100111101001 25
#7035
b00000000000010111001100111111001 1e
b00100100001101110010001100110101 20
b00000000000010111001100111101010 25
#7036
b00000000000010111001100111111010 1e
b00100100001110010010001000111001 20
b00000000000010111001100111101011 25
#7037
b00000000000010111001100111111011 1e
b00100110001110100010001100111010 20
b00000000000010111001100111101100 25
#7038
b00000000000010111001100111111100 1e
b00100011001110110010010000111011 20
b00000000000010111001100111101101 25
#7039
b00000000000010111001100111111101 1e
b00100011001111000010010000111010 20
b00000000000010111001100111101110 25
#7040
b00000000000010111001100111111110 1e
b00100101001110110010011000111100 20
b00000000000010111001100111101111 25
#7041
06
b00000000001000001000000000000110 b
b00000000000010111001100111111111 1e
01f
b00100101001111000010010100111011 20
b00000000000010111001100111110000 25
026
#7042
08
b00000000000010111001101000000000 1e
b00100100001110010010010000111001 20
b00000000000010111001100111110001 25
#7043
b00100101001110010010010000111000 20
b00000000000010111001100111110010 25
#7044
b00100110001110110010100000111011 20
b00000000000010111001100111110011 25
#7045
b00100110001110110010010100111010 20
b00000000000010111001100111110100 25
#7046
b00100110001110100010010100111001 20
b00000000000010111001100111110101 25
#7047
b00100101001111000010010100111011 20
b00000000000010111001100111110110 25
#7048
b00100111001111010010011100111101 20
b00000000000010111001100111110111 25
#7049
b00101000010000010010011101000000 20
b00000000000010111001100111111000 25
#7050
b00000000001010001000000000000110 b
b00101000001111110010100000111101 20
b00000000000010111001100111111001 25
#7051
b00101000001111110010100001000010 20
b00000000000010111001100111111010 25
#7052
b00101000010000100010100001000000 20
b00000000000010111001100111111011 25
#7053
b00100111010000010010100000111111 20
b00000000000010111001100111111100 25
#7054
b00101010001111110010100001000000 20
b00000000000010111001100111111101 25
#7055
b00101000001111010010100000111110 20
b00000000000010111001100111111110 25
#7056
b00101000010000000010100101000010 20
b00000000000010111001100111111111 25
#7057
b00101010001111110010100001000011 20
121
b00000000000010111001101000000000 25
#7058
024
b0000 27
#7098
b00000000001000001000000000000110 b
#7204
10
b00000000001000001000000000000100 b
114
11a
#7205
13
b00000000000110101110110010000001 16
#7206
b00000000000110101110110010000001 c
012
b00000000000110101110110010000010 16
#7207
b00000000000110101110110010000010 c
1e
b00101001010000010010100001000000 f
b1111 10
b00000000000110101110110010000011 16
#7208
b00000000000110101110110010000011 c
b00101000001111000010100101000010 f
b00000000000110101110110010000100 16
#7209
b00000000000110101110110010000100 c
b00101000010001000010100100111111 f
b00000000000110101110110010000101 16
#7210
b00000000000110101110110010000101 c
b00100111010000000010101000111111 f
b00000000000110101110110010000110 16
#7211
b00000000000110101110110010000110 c
b00101001010000100010100101000010 f
b00000000000110101110110010000111 16
#7212
b00000000000110101110110010000111 c
b00100111010000010010100101000010 f
b00000000000110101110110010001000 16
#7213
b00000000000110101110110010001000 c
b00101000010000000010100000111101 f
b00000000000110101110110010001001 16
#7214
b00000000000110101110110010001001 c
b00100111001111110010011100111111 f
b00000000000110101110110010001010 16
#7215
b00000000000110101110110010001010 c
b00101000001111010010100001000000 f
b00000000000110101110110010001011 16
#7216
b00000000000110101110110010001011 c
b00100111001111000010100000111100 f
b00000000000110101110110010001100 16
#7217
b00000000000110101110110010001100 c
b00100011001110100010010100111011 f
b00000000000110101110110010001101 16
#7218
b00000000000110101110110010001101 c
b00100001001011010010001100110110 f
b00000000000110101110110010001110 16
#7219
b00000000000110101110110010001110 c
b00100011001100100010000000101111 f
b00000000000110101110110010001111 16
#7220
b00000000000110101110110010001111 c
b00100100001110110010010100111010 f
b00000000000110101110110010010000 16
#7221
b00000000000110101110110010010000 c
b00100101001110110010001100111100 f
b00000000000110101110110010010001 16
#7222
b00000000000110101110110010010001 c
b00100101001111010010011000111100 f
b00000000000110101110110010010010 16
#7223
b00000000000110101110110010010010 c
b00100101001110110010010000111100 f
b00000000000110101110110010010011 16
#7224
b00000000000110101110110010010011 c
b00100011001110010010011000111101 f
b00000000000110101110110010010100 16
#7225
b00000000000110101110110010010100 c
b00100101001110110010010000111100 f
b00000000000110101110110010010101 16
#7226
b00000000000110101110110010010101 c
b00100100001110110010100000111001 f
b00000000000110101110110010010110 16
#7227
b00000000000110101110110010010110 c
b00100110001111010010011100111010 f
b00000000000110101110110010010111 16
#7228
b00000000000110101110110010010111 c
b00101000001110110010011100111100 f
b00000000000110101110110010011000 16
#7229
b00000000000110101110110010011000 c
b00100100001111100010010100111001 f
b00000000000110101110110010011001 16
#7230
b00000000000110101110110010011001 c
b00100111001110100010010100111001 f
b00000000000110101110110010011010 16
#7231
b00000000000110101110110010011010 c
b00100100001110110010011000111100 f
b00000000000110101110110010011011 16
#7232
b00000000000110101110110010011011 c
b00100110001111000010100000111100 f
b00000000000110101110110010011100 16
#7233
b00000000000110101110110010011100 c
b00100111001110110010011000111011 f
b00000000000110101110110010011101 16
#7234
b00000000000110101110110010011101 c
b00100110001111110010011000111011 f
b00000000000110101110110010011110 16
#7235
b00000000000110101110110010011110 c
b00101000001110110010011000111101 f
b00000000000110101110110010011111 16
#7236
b00000000000110101110110010011111 c
b00101000001111100010011000111110 f
b00000000000110101110110010100000 16
#7237
b00000000000110101110110010100000 c
b00101000001111110010100000111101 f
b00000000000110101110110010100001 16
#7238
b00000000000110101110110010100001 c
b00101001010000000010100001000000 f
b00000000000110101110110010100010 16
#7239
b00000000000110101110110010100010 c
b00101000010000110010011101000000 f
b00000000000110101110110010100011 16
#7240
b00000000000110101110110010100011 c
b00101001010000100010100001000000 f
b00000000000110101110110010100100 16
#7241
b00000000000110101110110010100100 c
b00101010010000000010101001000010 f
b00000000000110101110110010100101 16
#7242
b00000000000110101110110010100101 c
b00101000010000100010100101000100 f
b00000000000110101110110010100110 16
#7243
b00000000000110101110110010100110 c
b00101000001111000010011101000010 f
b00000000000110101110110010100111 16
#7244
b00000000000110101110110010100111 c
b00101000010000000010011101000000 f
b00000000000110101110110010101000 16
#7245
b00000000000110101110110010101000 c
b00101000010000000010100001000000 f
b00000000000110101110110010101001 16
#7246
b00000000000110101110110010101001 c
b00101001001111000010011001000000 f
b00000000000110101110110010101010 16
#7247
b00000000000110101110110010101010 c
b01000000001000100011110100100001 f
b00000000000110101110110010101011 16
#7248
b00000000000110101110110010101011 c
b00000000000110101110110010101100 16
#7249
b00000000000110101110110010101100 c
b00111110000111110011101100100001 f
b00000000000110101110110010101101 16
#7250
b00000000000110101110110010101101 c
b00111100001000010011110100100010 f
b00000000000110101110110010101110 16
#7251
b00000000000110101110110010101110 c
b00111011001000010011111100100011 f
b00000000000110101110110010101111 16
#7252
b00000000000110101110110010101111 c
b00111101001000100011110000100010 f
b00000000000110101110110010110000 16
#7253
b00000000000110101110110010110000 c
b00111011001000100011101100100001 f
b00000000000110101110110010110001 16
#7254
b00000000000110101110110010110001 c
b00111011001000100011110100100010 f
b00000000000110101110110010110010 16
#7255
b00000000000110101110110010110010 c
b00111100001000000011110100100010 f
b00000000000110101110110010110011 16
#7256
b00000000000110101110110010110011 c
b00111110001000100011101100100011 f
b00000000000110101110110010110100 16
#7257
b00000000000110101110110010110100 c
b00111101001000100011110100100000 f
b00000000000110101110110010110101 16
#7258
b00000000000110101110110010110101 c
b00111100001000100011110000100001 f
b00000000000110101110110010110110 16
#7259
b00000000000110101110110010110110 c
b00111011001000100011110000100011 f
b00000000000110101110110010110111 16
#7260
b00000000000110101110110010110111 c
b00111010001000000011101000100001 f
b00000000000110101110110010111000 16
#7261
b00000000000110101110110010111000 c
b00111001001000010011110000100001 f
b00000000000110101110110010111001 16
#7262
b00000000000110101110110010111001 c
b00111001001000010011101100100001 f
b00000000000110101110110010111010 16
#7263
b00000000000110101110110010111010 c
b00111100001000010011100100100001 f
b00000000000110101110110010111011 16
#7264
b00000000000110101110110010111011 c
b00111010001000010011100100100000 f
b00000000000110101110110010111100 16
#7265
b00000000000110101110110010111100 c
b00111010001000010011101000100001 f
b00000000000110101110110010111101 16
#7266
b00000000000110101110110010111101 c
b00111010001000010011100000100001 f
b00000000000110101110110010111110 16
#7267
b00000000000110101110110010111110 c
b00111001001000010011100100100000 f
b00000000000110101110110010111111 16
#7268
b00000000000110101110110010111111 c
b00111101001000100011011100011110 f
b00000000000110101110110011000000 16
#7269
b00000000000110101110110011000000 c
b00111001000111110011101000100000 f
b00000000000110101110110011000001 16
#7270
b00000000000110101110110011000001 c
b00111001001000000011101000011111 f
b00000000000110101110110011000010 16
#7271
b00000000000110101110110011000010 c
b00110110000111110011100100100001 f
b00000000000110101110110011000011 16
#7272
b00000000000110101110110011000011 c
b00111001001000000011101000011111 f
b00000000000110101110110011000100 16
#7273
b00000000000110101110110011000100 c
b00110111000111110011101000011111 f
b00000000000110101110110011000101 16
#7274
b00000000000110101110110011000101 c
b00111000000111110011011000011111 f
b00000000000110101110110011000110 16
#7275
b00000000000110101110110011000110 c
b00110110000111110011011100100000 f
b00000000000110101110110011000111 16
#7276
b00000000000110101110110011000111 c
b00111001000111100011100000100000 f
b00000000000110101110110011001000 16
#7277
b00000000000110101110110011001000 c
b00110111001000000011011100100000 f
b00000000000110101110110011001001 16
#7278
b00000000000110101110110011001001 c
b00111000000111110011011000011110 f
b00000000000110101110110011001010 16
#7279
b00000000000110101110110011001010 c
b00110101000111110011011000011111 f
b00000000000110101110110011001011 16
#7280
b00000000000110101110110011001011 c
b00110101000111110011010100011111 f
b00000000000110101110110011001100 16
#7281
b00000000000110101110110011001100 c
b00110110000111110011001100011110 f
b00000000000110101110110011001101 16
#7282
b00000000000110101110110011001101 c
b00110011000111110011001100011110 f
b00000000000110101110110011001110 16
#7283
b00000000000110101110110011001110 c
b00110100000111010011010100011101 f
b00000000000110101110110011001111 16
#7284
b00000000000110101110110011001111 c
b00110100000111000011010100011101 f
b00000000000110101110110011010000 16
#7285
b00000000000110101110110011010000 c
b00110101000111110011011000011101 f
b00000000000110101110110011010001 16
#7286
b00000000000110101110110011010001 c
b00110001000111010011001100011110 f
b00000000000110101110110011010010 16
#7287
b00000000000110101110110011010010 c
b00110100000111110011010100011101 f
b00000000000110101110110011010011 16
#7288
b00000000000110101110110011010011 c
b00110010000111100011001100011101 f
b00000000000110101110110011010100 16
#7289
b00000000000110101110110011010100 c
b00110101000111110011001000011110 f
b00000000000110101110110011010101 16
#7290
b00000000000110101110110011010101 c
b00110110000111110011001100011101 f
b00000000000110101110110011010110 16
#7291
b00000000000110101110110011010110 c
b00110011000111010011001000011110 f
b00000000000110101110110011010111 16
#7292
b00000000000110101110110011010111 c
b00110111000111100011001100011101 f
b00000000000110101110110011011000 16
#7293
b00000000000110101110110011011000 c
b00110011000111110011000100011110 f
b00000000000110101110110011011001 16
#7294
b00000000000110101110110011011001 c
b00110011000111110011010000011111 f
b00000000000110101110110011011010 16
#7295
b00000000000110101110110011011010 c
b00110101000111000011001100011111 f
b00000000000110101110110011011011 16
#7296
b00000000000110101110110011011011 c
b00110101000111010011001100011101 f
b00000000000110101110110011011100 16
#7297
b00000000000110101110110011011100 c
b00110100000111000011001100100001 f
b00000000000110101110110011011101 16
#7298
b00000000000110101110110011011101 c
b00110001000111110011010100011110 f
b00000000000110101110110011011110 16
#7299
b00000000000110101110110011011110 c
b00110001000111010011001100011110 f
b00000000000110101110110011011111 16
#7300
b00000000000110101110110011011111 c
b00110100000111010011001000011110 f
b00000000000110101110110011100000 16
#7301
b00000000000110101110110011100000 c
b00110011000111010011001100011101 f
b00000000000110101110110011100001 16
#7302
b00000000000110101110110011100001 c
b00110100000111010011001100011100 f
b00000000000110101110110011100010 16
#7303
b00000000000110101110110011100010 c
b00110100000111100011001000011111 f
b00000000000110101110110011100011 16
#7304
b00000000000110101110110011100011 c
b00110001000111010011001000011110 f
b00000000000110101110110011100100 16
#7305
b00000000000110101110110011100100 c
b00110011000111110011000100011101 f
b00000000000110101110110011100101 16
#7306
b00000000000110101110110011100101 c
b00110011000111010011000100011110 f
b00000000000110101110110011100110 16
#7307
b00000000000110101110110011100110 c
b00110101000111110011010000011111 f
b00000000000110101110110011100111 16
#7308
b00000000000110101110110011100111 c
b00110001000111110011001100011101 f
b00000000000110101110110011101000 16
#7309
b00000000000110101110110011101000 c
b00110011000111110011001100011101 f
b00000000000110101110110011101001 16
#7310
b00000000000110101110110011101001 c
b00110011000111010011001000011110 f
b00000000000110101110110011101010 16
#7311
b00000000000110101110110011101010 c
b00110110000111100011001100011110 f
b00000000000110101110110011101011 16
#7312
b00000000000110101110110011101011 c
b00110011000111110011001100011110 f
b00000000000110101110110011101100 16
#7313
b00000000000110101110110011101100 c
b00110011000111100011001100011111 f
b00000000000110101110110011101101 16
#7314
b00000000000110101110110011101101 c
b00110010000111010011010000011101 f
b00000000000110101110110011101110 16
#7315
b00000000000110101110110011101110 c
b00110011000111010011001100011101 f
b00000000000110101110110011101111 16
#7316
b00000000000110101110110011101111 c
b00110010000111110011001000011110 f
b00000000000110101110110011110000 16
#7317
b00000000000110101110110011110000 c
b00110000000111100011010000011110 f
b00000000000110101110110011110001 16
#7318
b00000000000110101110110011110001 c
b00110000000111010011000100011110 f
b00000000000110101110110011110010 16
#7319
b00000000000110101110110011110010 c
b00101111000111010011000100011101 f
b00000000000110101110110011110011 16
#7320
b00000000000110101110110011110011 c
b00110100000111110011001100011101 f
b00000000000110101110110011110100 16
#7321
b00000000000110101110110011110100 c
b00110011000111100011000100011111 f
b00000000000110101110110011110101 16
#7322
b00000000000110101110110011110101 c
b00110011000111110011001000011101 f
b00000000000110101110110011110110 16
#7323
b00000000000110101110110011110110 c
b00110100000111000011010000011110 f
b00000000000110101110110011110111 16
#7324
b00000000000110101110110011110111 c
b00110101000111000011001100011110 f
b00000000000110101110110011111000 16
#7325
b00000000000110101110110011111000 c
b00110101000111100011010100011111 f
b00000000000110101110110011111001 16
#7326
b00000000000110101110110011111001 c
b00110101000111100011001100100000 f
b00000000000110101110110011111010 16
#7327
b00000000000110101110110011111010 c
b00110110000111100011010000011110 f
b00000000000110101110110011111011 16
#7328
b00000000000110101110110011111011 c
b00110011000111110011001100011110 f
b00000000000110101110110011111100 16
#7329
b00000000000110101110110011111100 c
b00110010000111100011010000011111 f
b00000000000110101110110011111101 16
#7330
b00000000000110101110110011111101 c
b00110100000111110011001100011101 f
b00000000000110101110110011111110 16
#7331
b00000000000110101110110011111110 c
b00110101000111110011001100011110 f
b00000000000110101110110011111111 16
#7332
b00000000000110101110110011111111 c
b00110010000111100011000100011111 f
b00000000000110101110110100000000 16
#7333
b00000000000110101110110100000000 c
b00110100000111010011001000011111 f
b00000000000110101110110100000001 16
#7334
b00000000000110101110110100000001 c
b00110010000111110011010100011110 f
b00000000000110101110110100000010 16
#7335
b00000000000110101110110100000010 c
b00110010000111100011001100011110 f
b00000000000110101110110100000011 16
#7336
b00000000000110101110110100000011 c
b00110100000111100011001000011101 f
b00000000000110101110110100000100 16
#7337
b00000000000110101110110100000100 c
b00110101000111010011010100011111 f
b00000000000110101110110100000101 16
#7338
b00000000000110101110110100000101 c
b00110110000111100011001100011111 f
b00000000000110101110110100000110 16
#7339
b00000000000110101110110100000110 c
b00110101000111110011010000011111 f
b00000000000110101110110100000111 16
#7340
b00000000000110101110110100000111 c
b00110111000111110011100000011101 f
b00000000000110101110110100001000 16
#7341
b00000000000110101110110100001000 c
b00110101000111110011001100100000 f
b00000000000110101110110100001001 16
#7342
b00000000000110101110110100001001 c
b00110101000111100011001100011111 f
b00000000000110101110110100001010 16
#7343
b00000000000110101110110100001010 c
b00110100000111100011011000011111 f
b00000000000110101110110100001011 16
#7344
b00000000000110101110110100001011 c
b00110101000111110011010100100000 f
b00000000000110101110110100001100 16
#7345
b00000000000110101110110100001100 c
b00110110000111110011010100011110 f
b00000000000110101110110100001101 16
#7346
b00000000000110101110110100001101 c
b00110110000111100011011100011101 f
b00000000000110101110110100001110 16
#7347
b00000000000110101110110100001110 c
b00110101000111110011011000011111 f
b00000000000110101110110100001111 16
#7348
b00000000000110101110110100001111 c
b00110101000111110011010100011111 f
b00000000000110101110110100010000 16
#7349
b00000000000110101110110100010000 c
b00110101000111100011011100011111 f
b00000000000110101110110100010001 16
#7350
b00000000000110101110110100010001 c
b00110111001000000011010000011111 f
b00000000000110101110110100010010 16
#7351
b00000000000110101110110100010010 c
b00110111000111100011011100011110 f
b00000000000110101110110100010011 16
#7352
b00000000000110101110110100010011 c
b00110110000111100011100000011111 f
b00000000000110101110110100010100 16
#7353
b00000000000110101110110100010100 c
b00110101000111110011011100011110 f
b00000000000110101110110100010101 16
#7354
b00000000000110101110110100010101 c
b00110110000111010011011000100000 f
b00000000000110101110110100010110 16
#7355
b00000000000110101110110100010110 c
b00110101000111110011011000011101 f
b00000000000110101110110100010111 16
#7356
b00000000000110101110110100010111 c
b00110111000111110011011100011110 f
b00000000000110101110110100011000 16
#7357
b00000000000110101110110100011000 c
b00110101000111110011010100011111 f
b00000000000110101110110100011001 16
#7358
b00000000000110101110110100011001 c
b00110101000111110011011100011110 f
b00000000000110101110110100011010 16
#7359
b00000000000110101110110100011010 c
b00111000000111110011011000011110 f
b00000000000110101110110100011011 16
#7360
b00000000000110101110110100011011 c
b00110101000111110011010000011101 f
b00000000000110101110110100011100 16
#7361
b00000000000110101110110100011100 c
b00110101000111110011011000011111 f
b00000000000110101110110100011101 16
#7362
b00000000000110101110110100011101 c
b00110101000111110011011100011110 f
b00000000000110101110110100011110 16
#7363
b00000000000110101110110100011110 c
b00110101000111110011011100011111 f
b00000000000110101110110100011111 16
#7364
b00000000000110101110110100011111 c
b00110111000111110011011000011111 f
b00000000000110101110110100100000 16
#7365
b00000000000110101110110100100000 c
b00110110000111110011011000011111 f
b00000000000110101110110100100001 16
#7366
b00000000000110101110110100100001 c
b00110110000111010011011100011110 f
b00000000000110101110110100100010 16
#7367
b00000000000110101110110100100010 c
b00110110000111100011011000011111 f
b00000000000110101110110100100011 16
#7368
b00000000000110101110110100100011 c
b00110011000111110011010100100001 f
b00000000000110101110110100100100 16
#7369
b00000000000110101110110100100100 c
b00111000000111110011010100100000 f
b00000000000110101110110100100101 16
#7370
b00000000000110101110110100100101 c
b00110110001000000011010100011101 f
b00000000000110101110110100100110 16
#7371
b00000000000110101110110100100110 c
b00111000000111110011010000011101 f
b00000000000110101110110100100111 16
#7372
b00000000000110101110110100100111 c
b00110110000111010011011000011111 f
b00000000000110101110110100101000 16
#7373
b00000000000110101110110100101000 c
b00110101000111110011011000011111 f
b00000000000110101110110100101001 16
#7374
b00000000000110101110110100101001 c
b00110110000111100011011000011111 f
b00000000000110101110110100101010 16
#7375
b00000000000110101110110100101010 c
b00110101000111110011011100011111 f
b00000000000110101110110100101011 16
#7376
b00000000000110101110110100101011 c
b00110101000111100011010100011111 f
b00000000000110101110110100101100 16
#7377
b00000000000110101110110100101100 c
b00110110000111110011011000011111 f
b00000000000110101110110100101101 16
#7378
b00000000000110101110110100101101 c
b00110011000111100011010100011111 f
b00000000000110101110110100101110 16
#7379
b00000000000110101110110100101110 c
b00110010000111010011010000100000 f
b00000000000110101110110100101111 16
#7380
b00000000000110101110110100101111 c
b00110101001000000011010100011111 f
b00000000000110101110110100110000 16
#7381
b00000000000110101110110100110000 c
b00110011000111110011001100011110 f
b00000000000110101110110100110001 16
#7382
b00000000000110101110110100110001 c
b00110011000111110011011000011111 f
b00000000000110101110110100110010 16
#7383
b00000000000110101110110100110010 c
b00110111000111100011011000100000 f
b00000000000110101110110100110011 16
#7384
b00000000000110101110110100110011 c
b00111000000111110011100000100000 f
b00000000000110101110110100110100 16
#7385
b00000000000110101110110100110100 c
b00110111000111100011011100011111 f
b00000000000110101110110100110101 16
#7386
b00000000000110101110110100110101 c
b00110111001000000011010100011110 f
b00000000000110101110110100110110 16
#7387
b00000000000110101110110100110110 c
b00110111000111100011011100011111 f
b00000000000110101110110100110111 16
#7388
b00000000000110101110110100110111 c
b00110100000111110011010000011111 f
b00000000000110101110110100111000 16
#7389
b00000000000110101110110100111000 c
b00110110000111110011011000011111 f
b00000000000110101110110100111001 16
#7390
b00000000000110101110110100111001 c
b00110101000111110011010100011110 f
b00000000000110101110110100111010 16
#7391
b00000000000110101110110100111010 c
b00110111000111110011011100011111 f
b00000000000110101110110100111011 16
#7392
b00000000000110101110110100111011 c
b00110111000111100011010000011111 f
b00000000000110101110110100111100 16
#7393
b00000000000110101110110100111100 c
b00110101000111100011010100011101 f
b00000000000110101110110100111101 16
#7394
b00000000000110101110110100111101 c
b00110101001000000011011000011111 f
b00000000000110101110110100111110 16
#7395
b00000000000110101110110100111110 c
b00110111000111100011010100011101 f
b00000000000110101110110100111111 16
#7396
b00000000000110101110110100111111 c
b00110110000111110011010000100000 f
b00000000000110101110110101000000 16
#7397
b00000000000110101110110101000000 c
b00110101000111100011001100100000 f
b00000000000110101110110101000001 16
#7398
b00000000000110101110110101000001 c
b00110111001000010011010100011111 f
b00000000000110101110110101000010 16
#7399
b00000000000110101110110101000010 c
b00110111000111110011101000011110 f
b00000000000110101110110101000011 16
#7400
b00000000000110101110110101000011 c
b00110111000111100011011100011110 f
b00000000000110101110110101000100 16
#7401
b00000000000110101110110101000100 c
b00110111000111110011010100011111 f
b00000000000110101110110101000101 16
#7402
b00000000000110101110110101000101 c
b00111000000111000011011000100000 f
b00000000000110101110110101000110 16
#7403
b00000000000110101110110101000110 c
b00111000000111110011100100100010 f
b00000000000110101110110101000111 16
#7404
b00000000000110101110110101000111 c
b00110111000111110011011100100000 f
b00000000000110101110110101001000 16
#7405
b00000000000110101110110101001000 c
b00110101001000010011100100100000 f
b00000000000110101110110101001001 16
#7406
b00000000000110101110110101001001 c
b00110111000111110011010100011111 f
b00000000000110101110110101001010 16
#7407
b00000000000110101110110101001010 c
b00110101000111110011011000100000 f
b00000000000110101110110101001011 16
#7408
b00000000000110101110110101001011 c
b00111001000111110011011100011111 f
b00000000000110101110110101001100 16
#7409
b00000000000110101110110101001100 c
b00110110000111110011100000011110 f
b00000000000110101110110101001101 16
#7410
b00000000000110101110110101001101 c
b00110100000111100011011100011111 f
b00000000000110101110110101001110 16
#7411
b00000000000110101110110101001110 c
b00110110001000000011100000011111 f
b00000000000110101110110101001111 16
#7412
b00000000000110101110110101001111 c
b00110101001000000011010100011111 f
b00000000000110101110110101010000 16
#7413
b00000000000110101110110101010000 c
b00110110000111110011100000011111 f
b00000000000110101110110101010001 16
#7414
b00000000000110101110110101010001 c
b00110111001000000011011100011110 f
b00000000000110101110110101010010 16
#7415
b00000000000110101110110101010010 c
b00110110000111100011010000011110 f
b00000000000110101110110101010011 16
#7416
b00000000000110101110110101010011 c
b00110110000111110011011100011101 f
b00000000000110101110110101010100 16
#7417
b00000000000110101110110101010100 c
b00110111001000000011011100100000 f
b00000000000110101110110101010101 16
#7418
b00000000000110101110110101010101 c
b00110101001000010011100000011111 f
b00000000000110101110110101010110 16
#7419
b00000000000110101110110101010110 c
b00110111000111110011010000011110 f
b00000000000110101110110101010111 16
#7420
b00000000000110101110110101010111 c
b00110111000111110011011000011111 f
b00000000000110101110110101011000 16
#7421
b00000000000110101110110101011000 c
b00111000000111110011010100011111 f
b00000000000110101110110101011001 16
#7422
b00000000000110101110110101011001 c
b00110111001000000011100000011110 f
b00000000000110101110110101011010 16
#7423
b00000000000110101110110101011010 c
b00110101000111110011010100011111 f
b00000000000110101110110101011011 16
#7424
b00000000000110101110110101011011 c
b00110101001000000011100000100000 f
b00000000000110101110110101011100 16
#7425
b00000000000110101110110101011100 c
b00110111001000010011011100011111 f
b00000000000110101110110101011101 16
#7426
b00000000000110101110110101011101 c
b00110100001000000011010000011110 f
b00000000000110101110110101011110 16
#7427
b00000000000110101110110101011110 c
b00110101000111110011010100011111 f
b00000000000110101110110101011111 16
#7428
b00000000000110101110110101011111 c
b00110111000111110011010100011110 f
b00000000000110101110110101100000 16
#7429
b00000000000110101110110101100000 c
b00110100000111110011011100011111 f
b00000000000110101110110101100001 16
#7430
b00000000000110101110110101100001 c
b00110111000111110011100100011111 f
b00000000000110101110110101100010 16
#7431
b00000000000110101110110101100010 c
b00111001000111110011100000011111 f
b00000000000110101110110101100011 16
#7432
b00000000000110101110110101100011 c
b00110111000111110011100000011111 f
b00000000000110101110110101100100 16
#7433
b00000000000110101110110101100100 c
b00110101000111110011010100100000 f
b00000000000110101110110101100101 16
#7434
b00000000000110101110110101100101 c
b00110101001000000011100000100000 f
b00000000000110101110110101100110 16
#7435
b00000000000110101110110101100110 c
b00110111000111110011011100100000 f
b00000000000110101110110101100111 16
#7436
b00000000000110101110110101100111 c
b00111001000111100011011000011111 f
b00000000000110101110110101101000 16
#7437
b00000000000110101110110101101000 c
b00111000001000000011100100011111 f
b00000000000110101110110101101001 16
#7438
b00000000000110101110110101101001 c
b00110111001000000011010000011110 f
b00000000000110101110110101101010 16
#7439
b00000000000110101110110101101010 c
b00110101000111110011100000011111 f
b00000000000110101110110101101011 16
#7440
b00000000000110101110110101101011 c
b00110111000111010011011000011111 f
b00000000000110101110110101101100 16
#7441
b00000000000110101110110101101100 c
b00110110001000000011010100100000 f
b00000000000110101110110101101101 16
#7442
b00000000000110101110110101101101 c
b00110110001000000011100000011111 f
b00000000000110101110110101101110 16
#7443
b00000000000110101110110101101110 c
b00111000001000000011011000011111 f
b00000000000110101110110101101111 16
#7444
b00000000000110101110110101101111 c
b00110101001000010011100000100000 f
b00000000000110101110110101110000 16
#7445
b00000000000110101110110101110000 c
b00110110000111100011100000100000 f
b00000000000110101110110101110001 16
#7446
b00000000000110101110110101110001 c
b00110101000111110011011000100000 f
b00000000000110101110110101110010 16
#7447
b00000000000110101110110101110010 c
b00110110000111110011011100100000 f
b00000000000110101110110101110011 16
#7448
b00000000000110101110110101110011 c
b00110110000111100011101000011110 f
b00000000000110101110110101110100 16
#7449
b00000000000110101110110101110100 c
b00111000001000010011011000011110 f
b00000000000110101110110101110101 16
#7450
b00000000000110101110110101110101 c
b00110110000111100011010100011110 f
b00000000000110101110110101110110 16
#7451
b00000000000110101110110101110110 c
b00110101000111100011010000011110 f
b00000000000110101110110101110111 16
#7452
b00000000000110101110110101110111 c
b00110111001000000011011100011111 f
b00000000000110101110110101111000 16
#7453
b00000000000110101110110101111000 c
b00110111000111100011100100011110 f
b00000000000110101110110101111001 16
#7454
b00000000000110101110110101111001 c
b00110101000111110011011000011111 f
b00000000000110101110110101111010 16
#7455
b00000000000110101110110101111010 c
b00110011000111100011011000011111 f
b00000000000110101110110101111011 16
#7456
b00000000000110101110110101111011 c
b00110110000111100011010000011111 f
b00000000000110101110110101111100 16
#7457
b00000000000110101110110101111100 c
b00110110000111110011010000011101 f
b00000000000110101110110101111101 16
#7458
b00000000000110101110110101111101 c
b00110001000111100011000100011110 f
b00000000000110101110110101111110 16
#7459
b00000000000110101110110101111110 c
b00110011000111100011001100011101 f
b00000000000110101110110101111111 16
#7460
b00000000000110101110110101111111 c
b00110000000111010011001000011111 f
b00000000000110101110110110000000 16
#7461
b00000000000110101110110110000000 c
b00110011000111010011001100011110 f
b00000000000110101110110110000001 16
#7462
b00000000000110101110110110000001 c
b00110100000111010011000100011110 f
b00000000000110101110110110000010 16
#7463
b00000000000110101110110110000010 c
b00110010000111100011010000011101 f
b00000000000110101110110110000011 16
#7464
b00000000000110101110110110000011 c
b00110010000111010011001100011101 f
b00000000000110101110110110000100 16
#7465
b00000000000110101110110110000100 c
b00110011000111100011000000011101 f
b00000000000110101110110110000101 16
#7466
b00000000000110101110110110000101 c
b00110001000111010011000100011101 f
b00000000000110101110110110000110 16
#7467
b00000000000110101110110110000110 c
b00110100000111100011000000011110 f
b00000000000110101110110110000111 16
#7468
b00000000000110101110110110000111 c
b00101110000111000011000000011101 f
b00000000000110101110110110001000 16
#7469
b00000000000110101110110110001000 c
b00101110000111010011000000011011 f
b00000000000110101110110110001001 16
#7470
b00000000000110101110110110001001 c
b00110001000111000011000000011110 f
b00000000000110101110110110001010 16
#7471
b00000000000110101110110110001010 c
b00110000000111100011000000011101 f
b00000000000110101110110110001011 16
#7472
b00000000000110101110110110001011 c
b00110101000111010011001100011101 f
b00000000000110101110110110001100 16
#7473
b00000000000110101110110110001100 c
b00110111000111100011010000011101 f
b00000000000110101110110110001101 16
#7474
b00000000000110101110110110001101 c
b00110011000111110011010000011110 f
b00000000000110101110110110001110 16
#7475
b00000000000110101110110110001110 c
b00110110000111110011011000011111 f
b00000000000110101110110110001111 16
#7476
b00000000000110101110110110001111 c
b00110110000111110011001000011110 f
b00000000000110101110110110010000 16
#7477
b00000000000110101110110110010000 c
b00110011000111110011011100011101 f
b00000000000110101110110110010001 16
#7478
b00000000000110101110110110010001 c
b00110111000111010011010000011110 f
b00000000000110101110110110010010 16
#7479
b00000000000110101110110110010010 c
b00110100000111010011010000011110 f
b00000000000110101110110110010011 16
#7480
b00000000000110101110110110010011 c
b00110100000111010011001100011101 f
b00000000000110101110110110010100 16
#7481
b00000000000110101110110110010100 c
b00110011000111010011010000011100 f
b00000000000110101110110110010101 16
#7482
b00000000000110101110110110010101 c
b00110000000111100011001100011100 f
b00000000000110101110110110010110 16
#7483
b00000000000110101110110110010110 c
b00110001000111110011000100011101 f
b00000000000110101110110110010111 16
#7484
b00000000000110101110110110010111 c
b00110001000111010011001000011101 f
b00000000000110101110110110011000 16
#7485
b00000000000110101110110110011000 c
b00110011000111010011000000011011 f
b00000000000110101110110110011001 16
#7486
b00000000000110101110110110011001 c
b00110010000111100011000000011101 f
b00000000000110101110110110011010 16
#7487
b00000000000110101110110110011010 c
b00110000000111000011000100011101 f
b00000000000110101110110110011011 16
#7488
b00000000000110101110110110011011 c
b00110000000111010011000000011110 f
b00000000000110101110110110011100 16
#7489
b00000000000110101110110110011100 c
b00110010000111000011000000011100 f
b00000000000110101110110110011101 16
#7490
b00000000000110101110110110011101 c
b00110000000111000011001100011101 f
b00000000000110101110110110011110 16
#7491
b00000000000110101110110110011110 c
b00110100000111010011001000011101 f
b00000000000110101110110110011111 16
#7492
b00000000000110101110110110011111 c
b00110000000111010011001100011101 f
b00000000000110101110110110100000 16
#7493
b00000000000110101110110110100000 c
b00110100000111010011001000011011 f
b00000000000110101110110110100001 16
#7494
b00000000000110101110110110100001 c
b00110001000111010011001100011100 f
b00000000000110101110110110100010 16
#7495
b00000000000110101110110110100010 c
b00110100000111010011000100011101 f
b00000000000110101110110110100011 16
#7496
b00000000000110101110110110100011 c
b00110001000111000011001100011101 f
b00000000000110101110110110100100 16
#7497
b00000000000110101110110110100100 c
b00110000000111010011001100011101 f
b00000000000110101110110110100101 16
#7498
b00000000000110101110110110100101 c
b00110011000111100011010000011101 f
b00000000000110101110110110100110 16
#7499
b00000000000110101110110110100110 c
b00110001000111000011000000011100 f
b00000000000110101110110110100111 16
#7500
b00000000000110101110110110100111 c
b00110000000111010011001100011101 f
b00000000000110101110110110101000 16
#7501
b00000000000110101110110110101000 c
b00110011000111010011000100011100 f
b00000000000110101110110110101001 16
#7502
b00000000000110101110110110101001 c
b00110011000111010011010000011101 f
b00000000000110101110110110101010 16
#7503
b00000000000110101110110110101010 c
b00110001000111010011000000011110 f
b00000000000110101110110110101011 16
#7504
b00000000000110101110110110101011 c
b00110011000111010011000100011110 f
b00000000000110101110110110101100 16
#7505
b00000000000110101110110110101100 c
b00110011000111100011001000011110 f
b00000000000110101110110110101101 16
#7506
b00000000000110101110110110101101 c
b00110011000111010011000000011101 f
b00000000000110101110110110101110 16
#7507
b00000000000110101110110110101110 c
b00110010000111100011000100011101 f
b00000000000110101110110110101111 16
#7508
b00000000000110101110110110101111 c
b00101111000111100011001100011100 f
b00000000000110101110110110110000 16
#7509
b00000000000110101110110110110000 c
b00110011000111010011001100011101 f
b00000000000110101110110110110001 16
#7510
b00000000000110101110110110110001 c
b00110010000111010011001000011101 f
b00000000000110101110110110110010 16
#7511
b00000000000110101110110110110010 c
b00110010000111010011000000011101 f
b00000000000110101110110110110011 16
#7512
b00000000000110101110110110110011 c
b00110001000111010011000100011110 f
b00000000000110101110110110110100 16
#7513
b00000000000110101110110110110100 c
b00110000000111100011000100011101 f
b00000000000110101110110110110101 16
#7514
b00000000000110101110110110110101 c
b00110010000111010011001000011101 f
b00000000000110101110110110110110 16
#7515
b00000000000110101110110110110110 c
b00110010000111010011000100011100 f
b00000000000110101110110110110111 16
#7516
b00000000000110101110110110110111 c
b00110010000111010011000100011110 f
b00000000000110101110110110111000 16
#7517
b00000000000110101110110110111000 c
b00110100000111100011001000011101 f
b00000000000110101110110110111001 16
#7518
b00000000000110101110110110111001 c
b00110011000111100011001000011100 f
b00000000000110101110110110111010 16
#7519
b00000000000110101110110110111010 c
b00110010000111010011000100011101 f
b00000000000110101110110110111011 16
#7520
b00000000000110101110110110111011 c
b00110010000111010011001100011101 f
b00000000000110101110110110111100 16
#7521
b00000000000110101110110110111100 c
b00110010000111110011001100011111 f
b00000000000110101110110110111101 16
#7522
b00000000000110101110110110111101 c
b00110100000111100011011100011111 f
b00000000000110101110110110111110 16
#7523
b00000000000110101110110110111110 c
b00110011000111010011001000011011 f
b00000000000110101110110110111111 16
#7524
b00000000000110101110110110111111 c
b00101111000111100011001000011100 f
b00000000000110101110110111000000 16
#7525
b00000000000110101110110111000000 c
b00110001000111010011000100011101 f
b00000000000110101110110111000001 16
#7526
b00000000000110101110110111000001 c
b00110010000111010011000000011110 f
b00000000000110101110110111000010 16
#7527
b00000000000110101110110111000010 c
b00110110000111100011001000011111 f
b00000000000110101110110111000011 16
#7528
b00000000000110101110110111000011 c
b00110011000111100010111100011111 f
b00000000000110101110110111000100 16
#7529
b00000000000110101110110111000100 c
b00110100000111010011010100011111 f
b00000000000110101110110111000101 16
#7530
b00000000000110101110110111000101 c
b00110110000111110011001100011111 f
b00000000000110101110110111000110 16
#7531
b00000000000110101110110111000110 c
b00110110000111110011010100011111 f
b00000000000110101110110111000111 16
#7532
b00000000000110101110110111000111 c
b00110110001000000011101100011111 f
b00000000000110101110110111001000 16
#7533
b00000000000110101110110111001000 c
b00110111001000000011010100011110 f
b00000000000110101110110111001001 16
#7534
b00000000000110101110110111001001 c
b00110110000111110011010100011111 f
b00000000000110101110110111001010 16
#7535
b00000000000110101110110111001010 c
b00110101001000000011010000011111 f
b00000000000110101110110111001011 16
#7536
b00000000000110101110110111001011 c
b00110110000111110011100100011111 f
b00000000000110101110110111001100 16
#7537
b00000000000110101110110111001100 c
b00110101001000000011011000011111 f
b00000000000110101110110111001101 16
#7538
b00000000000110101110110111001101 c
b00110110001000000011100100100000 f
b00000000000110101110110111001110 16
#7539
b00000000000110101110110111001110 c
b00110100000111110011010000011111 f
b00000000000110101110110111001111 16
#7540
b00000000000110101110110111001111 c
b00110111001000000011011100011111 f
b00000000000110101110110111010000 16
#7541
b00000000000110101110110111010000 c
b00110111000111110011100000011111 f
b00000000000110101110110111010001 16
#7542
b00000000000110101110110111010001 c
b00111000000111100011100000011110 f
b00000000000110101110110111010010 16
#7543
b00000000000110101110110111010010 c
b00110111001000000011011100100000 f
b00000000000110101110110111010011 16
#7544
b00000000000110101110110111010011 c
b00110110001000000011100000100000 f
b00000000000110101110110111010100 16
#7545
b00000000000110101110110111010100 c
b00110110001000000011100100100000 f
b00000000000110101110110111010101 16
#7546
b00000000000110101110110111010101 c
b00110110001000000011010100100000 f
b00000000000110101110110111010110 16
#7547
b00000000000110101110110111010110 c
b00110011000111110011010100100000 f
b00000000000110101110110111010111 16
#7548
b00000000000110101110110111010111 c
b00110111000111110011100000100000 f
b00000000000110101110110111011000 16
#7549
b00000000000110101110110111011000 c
b00111001000111110011010100011111 f
b00000000000110101110110111011001 16
#7550
b00000000000110101110110111011001 c
b00110111000111110011010100011111 f
b00000000000110101110110111011010 16
#7551
b00000000000110101110110111011010 c
b00110111000111110011100000011111 f
b00000000000110101110110111011011 16
#7552
b00000000000110101110110111011011 c
b00110111000111100011100000011111 f
b00000000000110101110110111011100 16
#7553
b00000000000110101110110111011100 c
b00111001000111100011011100011111 f
b00000000000110101110110111011101 16
#7554
b00000000000110101110110111011101 c
b00111000000111110011100100100000 f
b00000000000110101110110111011110 16
#7555
b00000000000110101110110111011110 c
b00111001001000000011011100100000 f
b00000000000110101110110111011111 16
#7556
b00000000000110101110110111011111 c
b00111010001000010011011100100000 f
b00000000000110101110110111100000 16
#7557
b00000000000110101110110111100000 c
b00111010001000010011011000011111 f
b00000000000110101110110111100001 16
#7558
b00000000000110101110110111100001 c
b00110111000111110011011100011111 f
b00000000000110101110110111100010 16
#7559
b00000000000110101110110111100010 c
b00110101000111110011011100100000 f
b00000000000110101110110111100011 16
#7560
b00000000000110101110110111100011 c
b00110101001000000011100100011111 f
b00000000000110101110110111100100 16
#7561
b00000000000110101110110111100100 c
b00110111000111100011011100011111 f
b00000000000110101110110111100101 16
#7562
b00000000000110101110110111100101 c
b00110111001000000011100100011111 f
b00000000000110101110110111100110 16
#7563
b00000000000110101110110111100110 c
b00111000001000000011100000100001 f
b00000000000110101110110111100111 16
#7564
b00000000000110101110110111100111 c
b00110111001000000011011100011111 f
b00000000000110101110110111101000 16
#7565
b00000000000110101110110111101000 c
b00111011000111110011100000011111 f
b00000000000110101110110111101001 16
#7566
b00000000000110101110110111101001 c
b00111000001000000011100000100001 f
b00000000000110101110110111101010 16
#7567
b00000000000110101110110111101010 c
b00110111000111110011100000011111 f
b00000000000110101110110111101011 16
#7568
b00000000000110101110110111101011 c
b00110111000111110011011100011111 f
b00000000000110101110110111101100 16
#7569
b00000000000110101110110111101100 c
b00110111000111110011100100100010 f
b00000000000110101110110111101101 16
#7570
b00000000000110101110110111101101 c
b00111000001000000011100000100000 f
b00000000000110101110110111101110 16
#7571
b00000000000110101110110111101110 c
b00110111001000000011011100100001 f
b00000000000110101110110111101111 16
#7572
b00000000000110101110110111101111 c
b00111000001000000011100000100000 f
b00000000000110101110110111110000 16
#7573
b00000000000110101110110111110000 c
b00111011001000010011100100100000 f
b00000000000110101110110111110001 16
#7574
b00000000000110101110110111110001 c
b00111000000111110011011000011111 f
b00000000000110101110110111110010 16
#7575
b00000000000110101110110111110010 c
b00110111001000000011100100011111 f
b00000000000110101110110111110011 16
#7576
b00000000000110101110110111110011 c
b00110101000111110011011100011110 f
b00000000000110101110110111110100 16
#7577
b00000000000110101110110111110100 c
b00110111001000010011100100011111 f
b00000000000110101110110111110101 16
#7578
b00000000000110101110110111110101 c
b00111001000111110011100000100000 f
b00000000000110101110110111110110 16
#7579
b00000000000110101110110111110110 c
b00111000000111100011101000011111 f
b00000000000110101110110111110111 16
#7580
b00000000000110101110110111110111 c
b00110111000111110011100100100001 f
b00000000000110101110110111111000 16
#7581
b00000000000110101110110111111000 c
b00111000001000000011011100100001 f
b00000000000110101110110111111001 16
#7582
b00000000000110101110110111111001 c
b00110101000111110011011000011111 f
b00000000000110101110110111111010 16
#7583
b00000000000110101110110111111010 c
b00110101000111110011010100100001 f
b00000000000110101110110111111011 16
#7584
b00000000000110101110110111111011 c
b00111000001000000011011000011110 f
b00000000000110101110110111111100 16
#7585
b00000000000110101110110111111100 c
b00111001001000000011101000011111 f
b00000000000110101110110111111101 16
#7586
b00000000000110101110110111111101 c
b00111001001000010011100000100000 f
b00000000000110101110110111111110 16
#7587
b00000000000110101110110111111110 c
b00110111000111110011100100100000 f
b00000000000110101110110111111111 16
#7588
b00000000000110101110110111111111 c
b00111000000111110011100100100000 f
b00000000000110101110111000000000 16
#7589
b00000000000110101110111000000000 c
b00111011001000000011010100100001 f
b00000000000110101110111000000001 16
#7590
b00000000000110101110111000000001 c
b00111000001000010011101000100001 f
b00000000000110101110111000000010 16
#7591
b00000000000110101110111000000010 c
b00111000001000010011010100100001 f
b00000000000110101110111000000011 16
#7592
b00000000000110101110111000000011 c
b00110110001000000011100100100001 f
b00000000000110101110111000000100 16
#7593
b00000000000110101110111000000100 c
b00111000001000000011100100011111 f
b00000000000110101110111000000101 16
#7594
b00000000000110101110111000000101 c
b00110111000111110011100100100001 f
b00000000000110101110111000000110 16
#7595
b00000000000110101110111000000110 c
b00111001001000010011100100100000 f
b00000000000110101110111000000111 16
#7596
b00000000000110101110111000000111 c
b00111001001000000011101100100000 f
b00000000000110101110111000001000 16
#7597
b00000000000110101110111000001000 c
b00111001001000010011011100011111 f
b00000000000110101110111000001001 16
#7598
b00000000000110101110111000001001 c
b00111100001000010011100000011111 f
b00000000000110101110111000001010 16
#7599
b00000000000110101110111000001010 c
b00110111001000010011101000100001 f
b00000000000110101110111000001011 16
#7600
b00000000000110101110111000001011 c
b00111010000111110011011100100001 f
b00000000000110101110111000001100 16
#7601
b00000000000110101110111000001100 c
b00110111001000100011100100011111 f
b00000000000110101110111000001101 16
#7602
b00000000000110101110111000001101 c
b00111001001000000011100100100001 f
b00000000000110101110111000001110 16
#7603
b00000000000110101110111000001110 c
b00111001001000000011100000100001 f
b00000000000110101110111000001111 16
#7604
b00000000000110101110111000001111 c
b00111010001000000011100100100001 f
b00000000000110101110111000010000 16
#7605
b00000000000110101110111000010000 c
b00111000001000010011100000100001 f
b00000000000110101110111000010001 16
#7606
b00000000000110101110111000010001 c
b00110111001000000011101000100001 f
b00000000000110101110111000010010 16
#7607
b00000000000110101110111000010010 c
b00111001001000100011100100100000 f
b00000000000110101110111000010011 16
#7608
b00000000000110101110111000010011 c
b00111000001000010011101000100000 f
b00000000000110101110111000010100 16
#7609
b00000000000110101110111000010100 c
b00111001000111110011100100100010 f
b00000000000110101110111000010101 16
#7610
b00000000000110101110111000010101 c
b00111001001000010011101100100001 f
b00000000000110101110111000010110 16
#7611
b00000000000110101110111000010110 c
b00111011001000010011100100011111 f
b00000000000110101110111000010111 16
#7612
b00000000000110101110111000010111 c
b00111011001000010011110000100000 f
b00000000000110101110111000011000 16
#7613
b00000000000110101110111000011000 c
b00111001001000000011100000100000 f
b00000000000110101110111000011001 16
#7614
b00000000000110101110111000011001 c
b00111001001000000011100000011111 f
b00000000000110101110111000011010 16
#7615
b00000000000110101110111000011010 c
b00111011000111110011100100011111 f
b00000000000110101110111000011011 16
#7616
b00000000000110101110111000011011 c
b00111001001000000011101000100000 f
b00000000000110101110111000011100 16
#7617
b00000000000110101110111000011100 c
b00111000000111110011100100100000 f
b00000000000110101110111000011101 16
#7618
b00000000000110101110111000011101 c
b00111010001000010011100000100001 f
b00000000000110101110111000011110 16
#7619
b00000000000110101110111000011110 c
b00111000001000000011100000100000 f
b00000000000110101110111000011111 16
#7620
b00000000000110101110111000011111 c
b00111000001000010011101000100001 f
b00000000000110101110111000100000 16
#7621
b00000000000110101110111000100000 c
b00111000001000000011100100100000 f
b00000000000110101110111000100001 16
#7622
b00000000000110101110111000100001 c
b00111010001000000011110000100001 f
b00000000000110101110111000100010 16
#7623
b00000000000110101110111000100010 c
b00110111001000010011101100100000 f
b00000000000110101110111000100011 16
#7624
b00000000000110101110111000100011 c
b00111000001000010011011100011111 f
b00000000000110101110111000100100 16
#7625
b00000000000110101110111000100100 c
b00110111001000010011100000100000 f
b00000000000110101110111000100101 16
#7626
b00000000000110101110111000100101 c
b00111010001000000011100100100001 f
b00000000000110101110111000100110 16
#7627
b00000000000110101110111000100110 c
b00111010001000010011100100100000 f
b00000000000110101110111000100111 16
#7628
b00000000000110101110111000100111 c
b00111010000111110011101100100010 f
b00000000000110101110111000101000 16
#7629
b00000000000110101110111000101000 c
b00111001001000000011101000011111 f
b00000000000110101110111000101001 16
#7630
b00000000000110101110111000101001 c
b00111010001000010011011100100010 f
b00000000000110101110111000101010 16
#7631
b00000000000110101110111000101010 c
b00111001001000000011100100100000 f
b00000000000110101110111000101011 16
#7632
b00000000000110101110111000101011 c
b00111100001000010011110000100001 f
b00000000000110101110111000101100 16
#7633
b00000000000110101110111000101100 c
b00111011001000010011101100100010 f
b00000000000110101110111000101101 16
#7634
b00000000000110101110111000101101 c
b00111001001000010011100100100001 f
b00000000000110101110111000101110 16
#7635
b00000000000110101110111000101110 c
b00111001000111110011100000100001 f
b00000000000110101110111000101111 16
#7636
b00000000000110101110111000101111 c
b00111011001000010011101100100001 f
b00000000000110101110111000110000 16
#7637
b00000000000110101110111000110000 c
b00111011001000010011011100100000 f
b00000000000110101110111000110001 16
#7638
b00000000000110101110111000110001 c
b00111000001000000011011100100001 f
b00000000000110101110111000110010 16
#7639
b00000000000110101110111000110010 c
b00111010001000010011110100100001 f
b00000000000110101110111000110011 16
#7640
b00000000000110101110111000110011 c
b00111011001000010011101100100001 f
b00000000000110101110111000110100 16
#7641
b00000000000110101110111000110100 c
b00111001000111110011100100100000 f
b00000000000110101110111000110101 16
#7642
b00000000000110101110111000110101 c
b00111010001000100011100000011111 f
b00000000000110101110111000110110 16
#7643
b00000000000110101110111000110110 c
b00110111001000010011101100100010 f
b00000000000110101110111000110111 16
#7644
b00000000000110101110111000110111 c
b00111011001000010011100000100001 f
b00000000000110101110111000111000 16
#7645
b00000000000110101110111000111000 c
b00111001001000000011011100100011 f
b00000000000110101110111000111001 16
#7646
b00000000000110101110111000111001 c
b00111011000111110011100100100001 f
b00000000000110101110111000111010 16
#7647
b00000000000110101110111000111010 c
b00110111001000010011101100100000 f
b00000000000110101110111000111011 16
#7648
b00000000000110101110111000111011 c
b00111001000111110011110000100001 f
b00000000000110101110111000111100 16
#7649
b00000000000110101110111000111100 c
b00111011001000000011100100100000 f
b00000000000110101110111000111101 16
#7650
b00000000000110101110111000111101 c
b00110111001000000011101000100010 f
b00000000000110101110111000111110 16
#7651
b00000000000110101110111000111110 c
b00111001000111110011100000100001 f
b00000000000110101110111000111111 16
#7652
b00000000000110101110111000111111 c
b00111001001000010011101100011111 f
b00000000000110101110111001000000 16
#7653
b00000000000110101110111001000000 c
b00111001001000110011101000100001 f
b00000000000110101110111001000001 16
#7654
b00000000000110101110111001000001 c
b00111011001000100011011100100011 f
b00000000000110101110111001000010 16
#7655
b00000000000110101110111001000010 c
b00111001001000000011110100100001 f
b00000000000110101110111001000011 16
#7656
b00000000000110101110111001000011 c
b00111011001000010011101100100011 f
b00000000000110101110111001000100 16
#7657
b00000000000110101110111001000100 c
b00111010001000010011100100100001 f
b00000000000110101110111001000101 16
#7658
b00000000000110101110111001000101 c
b00111001000111110011100100100010 f
b00000000000110101110111001000110 16
#7659
b00000000000110101110111001000110 c
b00111001001000010011101100100001 f
b00000000000110101110111001000111 16
#7660
b00000000000110101110111001000111 c
b00111101001000010011100100100000 f
b00000000000110101110111001001000 16
#7661
b00000000000110101110111001001000 c
b00111011001000110011101100100001 f
b00000000000110101110111001001001 16
#7662
b00000000000110101110111001001001 c
b00111001001000000011101100100001 f
b00000000000110101110111001001010 16
#7663
b00000000000110101110111001001010 c
b00111011001000100011101000100011 f
b00000000000110101110111001001011 16
#7664
b00000000000110101110111001001011 c
b00111011001000010011100000100001 f
b00000000000110101110111001001100 16
#7665
b00000000000110101110111001001100 c
b00111011001000010011101000100000 f
b00000000000110101110111001001101 16
#7666
b00000000000110101110111001001101 c
b00111010001000000011101000011111 f
b00000000000110101110111001001110 16
#7667
b00000000000110101110111001001110 c
b00111010001000010011100000100010 f
b00000000000110101110111001001111 16
#7668
b00000000000110101110111001001111 c
b00111100001000000011100100100000 f
b00000000000110101110111001010000 16
#7669
b00000000000110101110111001010000 c
b00111001000111110011101100011111 f
b00000000000110101110111001010001 16
#7670
b00000000000110101110111001010001 c
b00111011001000010011101100100010 f
b00000000000110101110111001010010 16
#7671
b00000000000110101110111001010010 c
b00111101001000010011101100100001 f
b00000000000110101110111001010011 16
#7672
b00000000000110101110111001010011 c
b00111010001000010011100100100010 f
b00000000000110101110111001010100 16
#7673
b00000000000110101110111001010100 c
b00111000001000010011011100100001 f
b00000000000110101110111001010101 16
#7674
b00000000000110101110111001010101 c
b00111001000111110011100100011111 f
b00000000000110101110111001010110 16
#7675
b00000000000110101110111001010110 c
b00111000001000000011011000100000 f
b00000000000110101110111001010111 16
#7676
b00000000000110101110111001010111 c
b00110111001000010011011000100001 f
b00000000000110101110111001011000 16
#7677
b00000000000110101110111001011000 c
b00111001000111110011100100011111 f
b00000000000110101110111001011001 16
#7678
b00000000000110101110111001011001 c
b00111011001000100011101000100001 f
b00000000000110101110111001011010 16
#7679
b00000000000110101110111001011010 c
b00111011001000000011110000100010 f
b00000000000110101110111001011011 16
#7680
b00000000000110101110111001011011 c
b00111011001000010011101100100000 f
b00000000000110101110111001011100 16
#7681
b00000000000110101110111001011100 c
b00111010001000010011011100100000 f
b00000000000110101110111001011101 16
#7682
b00000000000110101110111001011101 c
b00111001001000100011011100100001 f
b00000000000110101110111001011110 16
#7683
b00000000000110101110111001011110 c
b00110111000111110011101100100001 f
b00000000000110101110111001011111 16
#7684
b00000000000110101110111001011111 c
b00111001001000000011101100011111 f
b00000000000110101110111001100000 16
#7685
b00000000000110101110111001100000 c
b00111011001000010011101000100000 f
b00000000000110101110111001100001 16
#7686
b00000000000110101110111001100001 c
b00111101001000010011100100100000 f
b00000000000110101110111001100010 16
#7687
b00000000000110101110111001100010 c
b00111100001000010011110100100011 f
b00000000000110101110111001100011 16
#7688
b00000000000110101110111001100011 c
b00111011001000000011110000100001 f
b00000000000110101110111001100100 16
#7689
b00000000000110101110111001100100 c
b00111010001000010011101000100001 f
b00000000000110101110111001100101 16
#7690
b00000000000110101110111001100101 c
b00111010001000100011101100100000 f
b00000000000110101110111001100110 16
#7691
b00000000000110101110111001100110 c
b00111010001000010011101000100000 f
b00000000000110101110111001100111 16
#7692
b00000000000110101110111001100111 c
b00111001001000010011101100100001 f
b00000000000110101110111001101000 16
#7693
b00000000000110101110111001101000 c
b00111001000111100011100100100010 f
b00000000000110101110111001101001 16
#7694
b00000000000110101110111001101001 c
b00110111001000010011100100100001 f
b00000000000110101110111001101010 16
#7695
b00000000000110101110111001101010 c
b00110111001000000011100000100001 f
b00000000000110101110111001101011 16
#7696
b00000000000110101110111001101011 c
b00111011001000000011101100100010 f
b00000000000110101110111001101100 16
#7697
b00000000000110101110111001101100 c
b00111011001000010011110000100011 f
b00000000000110101110111001101101 16
#7698
b00000000000110101110111001101101 c
b00111011001000100011111000100001 f
b00000000000110101110111001101110 16
#7699
b00000000000110101110111001101110 c
b00111101001000100011110100100001 f
b00000000000110101110111001101111 16
#7700
b00000000000110101110111001101111 c
b00111001000111110011101100100001 f
b00000000000110101110111001110000 16
#7701
b00000000000110101110111001110000 c
b00111010001000100011101000100000 f
b00000000000110101110111001110001 16
#7702
b00000000000110101110111001110001 c
b00111101001000010011101100100001 f
b00000000000110101110111001110010 16
#7703
b00000000000110101110111001110010 c
b00111000001000010011100000100000 f
b00000000000110101110111001110011 16
#7704
b00000000000110101110111001110011 c
b00111010001000000011100100100010 f
b00000000000110101110111001110100 16
#7705
b00000000000110101110111001110100 c
b00111010000111110011101000100000 f
b00000000000110101110111001110101 16
#7706
b00000000000110101110111001110101 c
b00111101001000010011110000100010 f
b00000000000110101110111001110110 16
#7707
b00000000000110101110111001110110 c
b00111011000111110011011000100001 f
b00000000000110101110111001110111 16
#7708
b00000000000110101110111001110111 c
b00111001001000000011100100100001 f
b00000000000110101110111001111000 16
#7709
b00000000000110101110111001111000 c
b00111101001000000011100100011111 f
b00000000000110101110111001111001 16
#7710
b00000000000110101110111001111001 c
b00111101001000100011100100011111 f
b00000000000110101110111001111010 16
#7711
b00000000000110101110111001111010 c
b00111101001000010011110000100001 f
b00000000000110101110111001111011 16
#7712
b00000000000110101110111001111011 c
b00111100001000010011101100100011 f
b00000000000110101110111001111100 16
#7713
b00000000000110101110111001111100 c
b00111011001000100011101100100000 f
b00000000000110101110111001111101 16
#7714
b00000000000110101110111001111101 c
b00111101001000010011110100100001 f
b00000000000110101110111001111110 16
#7715
b00000000000110101110111001111110 c
b00111110001000010011110000100001 f
b00000000000110101110111001111111 16
#7716
b00000000000110101110111001111111 c
b00000000000110101110111010000000 16
#7717
b00000000000110101110111010000000 c
b00111011001000010011111100100000 f
b00000000000110101110111010000001 16
#7718
b00000000000110101110111010000001 c
b00111100001000000011101000100001 f
b00000000000110101110111010000010 16
#7719
b00000000000110101110111010000010 c
b00111011001000100011101100011111 f
b00000000000110101110111010000011 16
#7720
b00000000000110101110111010000011 c
b00111011001000000011101100100010 f
b00000000000110101110111010000100 16
#7721
b00000000000110101110111010000100 c
b00111011001000010011101100100001 f
b00000000000110101110111010000101 16
#7722
b00000000000110101110111010000101 c
b00111001001000000011101000100011 f
b00000000000110101110111010000110 16
#7723
b00000000000110101110111010000110 c
b00111001001000000011110000100000 f
b00000000000110101110111010000111 16
#7724
b00000000000110101110111010000111 c
b00111110001000010011100100100010 f
b00000000000110101110111010001000 16
#7725
b00000000000110101110111010001000 c
b00111011001000000011101100100001 f
b00000000000110101110111010001001 16
#7726
b00000000000110101110111010001001 c
b00111111001000010011101100100001 f
b00000000000110101110111010001010 16
#7727
b00000000000110101110111010001010 c
b00111110001000100011101000100001 f
b00000000000110101110111010001011 16
#7728
b00000000000110101110111010001011 c
b00111101001000100011110000100001 f
b00000000000110101110111010001100 16
#7729
b00000000000110101110111010001100 c
b00111011001000010011100100100010 f
b00000000000110101110111010001101 16
#7730
b00000000000110101110111010001101 c
b00111010001000110011100100100001 f
b00000000000110101110111010001110 16
#7731
b00000000000110101110111010001110 c
b00111001001000000011101100100001 f
b00000000000110101110111010001111 16
#7732
b00000000000110101110111010001111 c
b00111011001000010011100100100001 f
b00000000000110101110111010010000 16
#7733
b00000000000110101110111010010000 c
b00111110001000000011100100100010 f
b00000000000110101110111010010001 16
#7734
b00000000000110101110111010010001 c
b00111101001000000011110100100000 f
b00000000000110101110111010010010 16
#7735
b00000000000110101110111010010010 c
b00111101001000000011101000100010 f
b00000000000110101110111010010011 16
#7736
b00000000000110101110111010010011 c
b00111100001000100011101100100001 f
b00000000000110101110111010010100 16
#7737
b00000000000110101110111010010100 c
b00111100001000110011100100100001 f
b00000000000110101110111010010101 16
#7738
b00000000000110101110111010010101 c
b00111011001000010011101100100000 f
b00000000000110101110111010010110 16
#7739
b00000000000110101110111010010110 c
b00111101001000100011101100100000 f
b00000000000110101110111010010111 16
#7740
b00000000000110101110111010010111 c
b00111101001000010011101100100011 f
b00000000000110101110111010011000 16
#7741
b00000000000110101110111010011000 c
b00111101001000010011110100100010 f
b00000000000110101110111010011001 16
#7742
b00000000000110101110111010011001 c
b00111011001000100011110000100011 f
b00000000000110101110111010011010 16
#7743
b00000000000110101110111010011010 c
b00111101001000000011101100100010 f
b00000000000110101110111010011011 16
#7744
b00000000000110101110111010011011 c
b00111100001000100011110000100011 f
b00000000000110101110111010011100 16
#7745
b00000000000110101110111010011100 c
b00111011001000010011111000100010 f
b00000000000110101110111010011101 16
#7746
b00000000000110101110111010011101 c
b00111011001000100011101100100001 f
b00000000000110101110111010011110 16
#7747
b00000000000110101110111010011110 c
b00111101001000110011110100100001 f
b00000000000110101110111010011111 16
#7748
b00000000000110101110111010011111 c
b00111011001000010011101000100010 f
b00000000000110101110111010100000 16
#7749
b00000000000110101110111010100000 c
b00111101001000100011101100100000 f
b00000000000110101110111010100001 16
#7750
b00000000000110101110111010100001 c
b00111110001000100011110000100010 f
b00000000000110101110111010100010 16
#7751
b00000000000110101110111010100010 c
b00111011001000100011110000100001 f
b00000000000110101110111010100011 16
#7752
b00000000000110101110111010100011 c
b00111100001000100011110000100011 f
b00000000000110101110111010100100 16
#7753
b00000000000110101110111010100100 c
b00111001001000100011101000100001 f
b00000000000110101110111010100101 16
#7754
b00000000000110101110111010100101 c
b00111001001000010011011100100000 f
b00000000000110101110111010100110 16
#7755
b00000000000110101110111010100110 c
b00110110001000100011100100100001 f
b00000000000110101110111010100111 16
#7756
b00000000000110101110111010100111 c
b00111110001000010011101100100011 f
b00000000000110101110111010101000 16
#7757
b00000000000110101110111010101000 c
b00111110001000010011110000100010 f
b00000000000110101110111010101001 16
#7758
b00000000000110101110111010101001 c
b00111011001000110011101000100010 f
b00000000000110101110111010101010 16
#7759
b00000000000110101110111010101010 c
b00111111001000100011111000100001 f
b00000000000110101110111010101011 16
#7760
b00000000000110101110111010101011 c
b00111011001000010011101000100001 f
b00000000000110101110111010101100 16
#7761
b00000000000110101110111010101100 c
b00111011001000010011101100100001 f
b00000000000110101110111010101101 16
#7762
b00000000000110101110111010101101 c
b00111101001000100011101000100010 f
b00000000000110101110111010101110 16
#7763
b00000000000110101110111010101110 c
b00111101001000010011101000100001 f
b00000000000110101110111010101111 16
#7764
b00000000000110101110111010101111 c
b00111001001000000011101100100000 f
b00000000000110101110111010110000 16
#7765
b00000000000110101110111010110000 c
b00111110001000010011101000100001 f
b00000000000110101110111010110001 16
#7766
b00000000000110101110111010110001 c
b00111001001000010011101100100010 f
b00000000000110101110111010110010 16
#7767
b00000000000110101110111010110010 c
b00111101001000010011101000100001 f
b00000000000110101110111010110011 16
#7768
b00000000000110101110111010110011 c
b00111110001000010011101100100011 f
b00000000000110101110111010110100 16
#7769
b00000000000110101110111010110100 c
b00111011001000100011110100100001 f
b00000000000110101110111010110101 16
#7770
b00000000000110101110111010110101 c
b00111101001000110011101100100000 f
b00000000000110101110111010110110 16
#7771
b00000000000110101110111010110110 c
b00111101001000100011111100100010 f
b00000000000110101110111010110111 16
#7772
b00000000000110101110111010110111 c
b00111110001000010011101000100010 f
b00000000000110101110111010111000 16
#7773
b00000000000110101110111010111000 c
b00111110001000010011110100100010 f
b00000000000110101110111010111001 16
#7774
b00000000000110101110111010111001 c
b00111011001000010011110000100001 f
b00000000000110101110111010111010 16
#7775
b00000000000110101110111010111010 c
b00111101001000110011110000100010 f
b00000000000110101110111010111011 16
#7776
b00000000000110101110111010111011 c
b00111010001001000011111100100010 f
b00000000000110101110111010111100 16
#7777
b00000000000110101110111010111100 c
b00111011001000110011110000100000 f
b00000000000110101110111010111101 16
#7778
b00000000000110101110111010111101 c
b00111100001000100011101000100001 f
b00000000000110101110111010111110 16
#7779
b00000000000110101110111010111110 c
b00111100001000100011101100011111 f
b00000000000110101110111010111111 16
#7780
b00000000000110101110111010111111 c
b00111100001000100011110000100010 f
b00000000000110101110111011000000 16
#7781
b00000000000110101110111011000000 c
b00111001001000110011110000100011 f
b00000000000110101110111011000001 16
#7782
b00000000000110101110111011000001 c
b00111011001000010011110000100001 f
b00000000000110101110111011000010 16
#7783
b00000000000110101110111011000010 c
b00111101001000000011111000100001 f
b00000000000110101110111011000011 16
#7784
b00000000000110101110111011000011 c
b00111101001000010011110000100010 f
b00000000000110101110111011000100 16
#7785
b00000000000110101110111011000100 c
b00111100001000010011110000100010 f
b00000000000110101110111011000101 16
#7786
b00000000000110101110111011000101 c
b00111110001000010011110000100010 f
b00000000000110101110111011000110 16
#7787
b00000000000110101110111011000110 c
b00111100001000010011101100100000 f
b00000000000110101110111011000111 16
#7788
b00000000000110101110111011000111 c
b00111101001000100011101100100000 f
b00000000000110101110111011001000 16
#7789
b00000000000110101110111011001000 c
b01000000001000010100000000100001 f
b00000000000110101110111011001001 16
#7790
b00000000000110101110111011001001 c
b00111111001000010011110100100001 f
b00000000000110101110111011001010 16
#7791
b00000000000110101110111011001010 c
b00111100001000010011111000100010 f
b00000000000110101110111011001011 16
#7792
b00000000000110101110111011001011 c
b00111101001000110011110100100011 f
b00000000000110101110111011001100 16
#7793
b00000000000110101110111011001100 c
b00111101001000100011111000100001 f
b00000000000110101110111011001101 16
#7794
b00000000000110101110111011001101 c
b00111100001000100011111100100010 f
b00000000000110101110111011001110 16
#7795
b00000000000110101110111011001110 c
b00111011001000010011101100100001 f
b00000000000110101110111011001111 16
#7796
b00000000000110101110111011001111 c
b00111011001000010011110000100001 f
b00000000000110101110111011010000 16
#7797
b00000000000110101110111011010000 c
b00111110001000010011110100100010 f
b00000000000110101110111011010001 16
#7798
b00000000000110101110111011010001 c
b00111110001001000011110100100010 f
b00000000000110101110111011010010 16
#7799
b00000000000110101110111011010010 c
b00111010001000010011101100100001 f
b00000000000110101110111011010011 16
#7800
b00000000000110101110111011010011 c
b00111111001000100011110100100001 f
b00000000000110101110111011010100 16
#7801
b00000000000110101110111011010100 c
b00111010001000110011111100100010 f
b00000000000110101110111011010101 16
#7802
b00000000000110101110111011010101 c
b00111011001000110011110100100000 f
b00000000000110101110111011010110 16
#7803
b00000000000110101110111011010110 c
b00111100001000110011111000100001 f
b00000000000110101110111011010111 16
#7804
b00000000000110101110111011010111 c
b00111011001000010011110000100001 f
b00000000000110101110111011011000 16
#7805
b00000000000110101110111011011000 c
b00111100001000110011111000100010 f
b00000000000110101110111011011001 16
#7806
b00000000000110101110111011011001 c
b00111101001000010011110100100010 f
b00000000000110101110111011011010 16
#7807
b00000000000110101110111011011010 c
b00111100001000010011110000100001 f
b00000000000110101110111011011011 16
#7808
b00000000000110101110111011011011 c
b00111101001000110011101100100001 f
b00000000000110101110111011011100 16
#7809
b00000000000110101110111011011100 c
b00111110001001000100000000100011 f
b00000000000110101110111011011101 16
#7810
b00000000000110101110111011011101 c
b00111100001000000011110000100011 f
b00000000000110101110111011011110 16
#7811
b00000000000110101110111011011110 c
b00111101001000100011111100100100 f
b00000000000110101110111011011111 16
#7812
b00000000000110101110111011011111 c
b00111100001000110011111100100011 f
b00000000000110101110111011100000 16
#7813
b00000000000110101110111011100000 c
b01000001001000010011101000100001 f
b00000000000110101110111011100001 16
#7814
b00000000000110101110111011100001 c
b00111011001000110011111100100001 f
b00000000000110101110111011100010 16
#7815
b00000000000110101110111011100010 c
b00111010001000010011110000100001 f
b00000000000110101110111011100011 16
#7816
b00000000000110101110111011100011 c
b00111110001000100011101000100001 f
b00000000000110101110111011100100 16
#7817
b00000000000110101110111011100100 c
b00111001001000010011110100100001 f
b00000000000110101110111011100101 16
#7818
b00000000000110101110111011100101 c
b00111101001000100011101100100001 f
b00000000000110101110111011100110 16
#7819
b00000000000110101110111011100110 c
b00111110001000010011110100100010 f
b00000000000110101110111011100111 16
#7820
b00000000000110101110111011100111 c
b00111101001000110011111100100011 f
b00000000000110101110111011101000 16
#7821
b00000000000110101110111011101000 c
b00111110001000110011101100100001 f
b00000000000110101110111011101001 16
#7822
b00000000000110101110111011101001 c
b00111101001000100011110000100000 f
b00000000000110101110111011101010 16
#7823
b00000000000110101110111011101010 c
b01000001001000010011110000100001 f
b00000000000110101110111011101011 16
#7824
b00000000000110101110111011101011 c
b00111010001000100011101000100011 f
b00000000000110101110111011101100 16
#7825
b00000000000110101110111011101100 c
b00111011001000100011100100100011 f
b00000000000110101110111011101101 16
#7826
b00000000000110101110111011101101 c
b00111011001000110011111000100010 f
b00000000000110101110111011101110 16
#7827
b00000000000110101110111011101110 c
b00111101001000110011110100100010 f
b00000000000110101110111011101111 16
#7828
b00000000000110101110111011101111 c
b01000000001000010011111000100011 f
b00000000000110101110111011110000 16
#7829
b00000000000110101110111011110000 c
b00111101001000000011110000100011 f
b00000000000110101110111011110001 16
#7830
b00000000000110101110111011110001 c
b00111100001000110100001000100011 f
b00000000000110101110111011110010 16
#7831
b00000000000110101110111011110010 c
b00111100001000100011101000100001 f
b00000000000110101110111011110011 16
#7832
b00000000000110101110111011110011 c
b00111110001000100100000100100000 f
b00000000000110101110111011110100 16
#7833
b00000000000110101110111011110100 c
b00111101001000010011111000100001 f
b00000000000110101110111011110101 16
#7834
b00000000000110101110111011110101 c
b00111101001001000011111000100011 f
b00000000000110101110111011110110 16
#7835
b00000000000110101110111011110110 c
b00111100001000100011100100100011 f
b00000000000110101110111011110111 16
#7836
b00000000000110101110111011110111 c
b00111011001000010011111000100001 f
b00000000000110101110111011111000 16
#7837
b00000000000110101110111011111000 c
b01000000001000100011111000100001 f
b00000000000110101110111011111001 16
#7838
b00000000000110101110111011111001 c
b01000000001000100011110100100010 f
b00000000000110101110111011111010 16
#7839
b00000000000110101110111011111010 c
b00111110001000010011111000100010 f
b00000000000110101110111011111011 16
#7840
b00000000000110101110111011111011 c
b00111110001000010011110100100001 f
b00000000000110101110111011111100 16
#7841
b00000000000110101110111011111100 c
b00111111001000100011111100100010 f
b00000000000110101110111011111101 16
#7842
b00000000000110101110111011111101 c
b00111111001000100011110100100001 f
b00000000000110101110111011111110 16
#7843
b00000000000110101110111011111110 c
b00111111001000110011110100100011 f
b00000000000110101110111011111111 16
#7844
b00000000000110101110111011111111 c
b00111001001000010011110100100010 f
b00000000000110101110111100000000 16
#7845
b00000000000110101110111100000000 c
b00110111000111110011011000100001 f
b00000000000110101110111100000001 16
#7846
b00000000000110101110111100000001 c
b00110111001000000011011100100001 f
b00000000000110101110111100000010 16
#7847
b00000000000110101110111100000010 c
b00111011001000100011100000100000 f
b00000000000110101110111100000011 16
#7848
b00000000000110101110111100000011 c
b01000000001000100011110100100001 f
b00000000000110101110111100000100 16
#7849
b00000000000110101110111100000100 c
b00111110001000100011110100100001 f
b00000000000110101110111100000101 16
#7850
b00000000000110101110111100000101 c
b01000000001000010011110100100001 f
b00000000000110101110111100000110 16
#7851
b00000000000110101110111100000110 c
b00111110001000010100000000100011 f
b00000000000110101110111100000111 16
#7852
b00000000000110101110111100000111 c
b00111100001000100011110000100001 f
b00000000000110101110111100001000 16
#7853
b00000000000110101110111100001000 c
b00111100001000010011111000100001 f
b00000000000110101110111100001001 16
#7854
b00000000000110101110111100001001 c
b00111101001000010011101100100011 f
b00000000000110101110111100001010 16
#7855
b00000000000110101110111100001010 c
b00111011001000100011111000100011 f
b00000000000110101110111100001011 16
#7856
b00000000000110101110111100001011 c
b00111001001000100011100000100001 f
b00000000000110101110111100001100 16
#7857
b00000000000110101110111100001100 c
b00111110001000010011101100100010 f
b00000000000110101110111100001101 16
#7858
b00000000000110101110111100001101 c
b00111111001000110011111100100011 f
b00000000000110101110111100001110 16
#7859
b00000000000110101110111100001110 c
b00111111001000100011110100100001 f
b00000000000110101110111100001111 16
#7860
b00000000000110101110111100001111 c
b00111110001000110100000000100011 f
b00000000000110101110111100010000 16
#7861
b00000000000110101110111100010000 c
b00111110001000110011111100100011 f
b00000000000110101110111100010001 16
#7862
b00000000000110101110111100010001 c
b00111011001000100011101100100010 f
b00000000000110101110111100010010 16
#7863
b00000000000110101110111100010010 c
b00111110001000010011111000100010 f
b00000000000110101110111100010011 16
#7864
b00000000000110101110111100010011 c
b00111101001000010011111000100011 f
b00000000000110101110111100010100 16
#7865
b00000000000110101110111100010100 c
b00111111001000010011110100100011 f
b00000000000110101110111100010101 16
#7866
b00000000000110101110111100010101 c
b00111101001000100011110000100010 f
b00000000000110101110111100010110 16
#7867
b00000000000110101110111100010110 c
b00111010001000010011101100100001 f
b00000000000110101110111100010111 16
#7868
b00000000000110101110111100010111 c
b00111011001000100011101000100001 f
b00000000000110101110111100011000 16
#7869
b00000000000110101110111100011000 c
b01000000001000010011111000100011 f
b00000000000110101110111100011001 16
#7870
b00000000000110101110111100011001 c
b01000000001000010011110100100011 f
b00000000000110101110111100011010 16
#7871
b00000000000110101110111100011010 c
b00111011001000010011110100100010 f
b00000000000110101110111100011011 16
#7872
b00000000000110101110111100011011 c
b00111010001000000100000000100011 f
b00000000000110101110111100011100 16
#7873
b00000000000110101110111100011100 c
b00111011001000010011101100100010 f
b00000000000110101110111100011101 16
#7874
b00000000000110101110111100011101 c
b00111010001000100011101100100001 f
b00000000000110101110111100011110 16
#7875
b00000000000110101110111100011110 c
b00111100001000100011101100100001 f
b00000000000110101110111100011111 16
#7876
b00000000000110101110111100011111 c
b00111111001000110011110100100011 f
b00000000000110101110111100100000 16
#7877
b00000000000110101110111100100000 c
b01000000001000110011110100100001 f
b00000000000110101110111100100001 16
#7878
b00000000000110101110111100100001 c
b01000000001000100100000000100001 f
b00000000000110101110111100100010 16
#7879
b00000000000110101110111100100010 c
b00111101001000100011111100100010 f
b00000000000110101110111100100011 16
#7880
b00000000000110101110111100100011 c
b00111101001000110011101000100001 f
b00000000000110101110111100100100 16
#7881
b00000000000110101110111100100100 c
b00111100001000100011110100100011 f
b00000000000110101110111100100101 16
#7882
b00000000000110101110111100100101 c
b00111111001000100011111000100010 f
b00000000000110101110111100100110 16
#7883
b00000000000110101110111100100110 c
b00111110001000100011110000100011 f
b00000000000110101110111100100111 16
#7884
b00000000000110101110111100100111 c
b00111110001000110011110000100011 f
b00000000000110101110111100101000 16
#7885
b00000000000110101110111100101000 c
b00111011001000000011110100100011 f
b00000000000110101110111100101001 16
#7886
b00000000000110101110111100101001 c
b00111101001000000011101000100010 f
b00000000000110101110111100101010 16
#7887
b00000000000110101110111100101010 c
b00111101001000100011110100100001 f
b00000000000110101110111100101011 16
#7888
b00000000000110101110111100101011 c
b00111111001000110011101100100001 f
b00000000000110101110111100101100 16
#7889
b00000000000110101110111100101100 c
b00111111001000100100000000100001 f
b00000000000110101110111100101101 16
#7890
b00000000000110101110111100101101 c
b00111011001000100011111100100010 f
b00000000000110101110111100101110 16
#7891
b00000000000110101110111100101110 c
b00111111001000110011111100100010 f
b00000000000110101110111100101111 16
#7892
b00000000000110101110111100101111 c
b00111110001000100011111000100010 f
b00000000000110101110111100110000 16
#7893
b00000000000110101110111100110000 c
b00111101001000100011111100100100 f
b00000000000110101110111100110001 16
#7894
b00000000000110101110111100110001 c
b00111111001000100011111000100000 f
b00000000000110101110111100110010 16
#7895
b00000000000110101110111100110010 c
b00111101001000100011110100100011 f
b00000000000110101110111100110011 16
#7896
b00000000000110101110111100110011 c
b00111101001000110011110100100011 f
b00000000000110101110111100110100 16
#7897
b00000000000110101110111100110100 c
b00111111001000110011111100100010 f
b00000000000110101110111100110101 16
#7898
b00000000000110101110111100110101 c
b01000001001000110011111100100100 f
b00000000000110101110111100110110 16
#7899
b00000000000110101110111100110110 c
b01000010001000110011110000100010 f
b00000000000110101110111100110111 16
#7900
b00000000000110101110111100110111 c
b00111111001001000100000100100010 f
b00000000000110101110111100111000 16
#7901
b00000000000110101110111100111000 c
b00111100001000100011101100100001 f
b00000000000110101110111100111001 16
#7902
b00000000000110101110111100111001 c
b01000010001000010011110100100011 f
b00000000000110101110111100111010 16
#7903
b00000000000110101110111100111010 c
b00111101001000000011110100100010 f
b00000000000110101110111100111011 16
#7904
b00000000000110101110111100111011 c
b00111100001000010011110100100001 f
b00000000000110101110111100111100 16
#7905
b00000000000110101110111100111100 c
b00111110001000100011110100100010 f
b00000000000110101110111100111101 16
#7906
b00000000000110101110111100111101 c
b00111101001000010100000100100001 f
b00000000000110101110111100111110 16
#7907
b00000000000110101110111100111110 c
b00111011001000110011111000100010 f
b00000000000110101110111100111111 16
#7908
b00000000000110101110111100111111 c
b00111100001000010011110100100010 f
b00000000000110101110111101000000 16
#7909
b00000000000110101110111101000000 c
b00111101001000100011110100100011 f
b00000000000110101110111101000001 16
#7910
b00000000000110101110111101000001 c
b00111101001000110011110100100001 f
b00000000000110101110111101000010 16
#7911
b00000000000110101110111101000010 c
b00111111001000010011101100100010 f
b00000000000110101110111101000011 16
#7912
b00000000000110101110111101000011 c
b00111110001001010011111100100001 f
b00000000000110101110111101000100 16
#7913
b00000000000110101110111101000100 c
b01000000001000100100001000100100 f
b00000000000110101110111101000101 16
#7914
b00000000000110101110111101000101 c
b00111100001000110011111000100001 f
b00000000000110101110111101000110 16
#7915
b00000000000110101110111101000110 c
b00111111001001000011110100100001 f
b00000000000110101110111101000111 16
#7916
b00000000000110101110111101000111 c
b00111011001000100100000000100010 f
b00000000000110101110111101001000 16
#7917
b00000000000110101110111101001000 c
b00111110001000110011110100100001 f
b00000000000110101110111101001001 16
#7918
b00000000000110101110111101001001 c
b01000000001000100011111000100000 f
b00000000000110101110111101001010 16
#7919
b00000000000110101110111101001010 c
b01000000001000010100000100100001 f
b00000000000110101110111101001011 16
#7920
b00000000000110101110111101001011 c
b00111110001001010011111100100011 f
b00000000000110101110111101001100 16
#7921
b00000000000110101110111101001100 c
b00111110001000110011101100100010 f
b00000000000110101110111101001101 16
#7922
b00000000000110101110111101001101 c
b00111110001000100011110100100010 f
b00000000000110101110111101001110 16
#7923
b00000000000110101110111101001110 c
b01000010001000010100000000100010 f
b00000000000110101110111101001111 16
#7924
b00000000000110101110111101001111 c
b01000001001000100011111000100011 f
b00000000000110101110111101010000 16
#7925
b00000000000110101110111101010000 c
b00111111001000110011111000100011 f
b00000000000110101110111101010001 16
#7926
b00000000000110101110111101010001 c
b01000010001000100011110100100011 f
b00000000000110101110111101010010 16
#7927
b00000000000110101110111101010010 c
b01000001001001000100000100100011 f
b00000000000110101110111101010011 16
#7928
b00000000000110101110111101010011 c
b01000010001000110100000100100010 f
b00000000000110101110111101010100 16
#7929
b00000000000110101110111101010100 c
b01000000001000100100000100100011 f
b00000000000110101110111101010101 16
#7930
b00000000000110101110111101010101 c
b01000010001000100011111100100100 f
b00000000000110101110111101010110 16
#7931
b00000000000110101110111101010110 c
b00111100001000010100000100100100 f
b00000000000110101110111101010111 16
#7932
b00000000000110101110111101010111 c
b01000010001000110011110100100000 f
b00000000000110101110111101011000 16
#7933
b00000000000110101110111101011000 c
b01000001001000110011111100100011 f
b00000000000110101110111101011001 16
#7934
b00000000000110101110111101011001 c
b00111111001001010100001100100101 f
b00000000000110101110111101011010 16
#7935
b00000000000110101110111101011010 c
b00111111001000100100000000100010 f
b00000000000110101110111101011011 16
#7936
b00000000000110101110111101011011 c
b01000011001000110011110100100100 f
b00000000000110101110111101011100 16
#7937
b00000000000110101110111101011100 c
b01000001001000110100000000100010 f
b00000000000110101110111101011101 16
#7938
b00000000000110101110111101011101 c
b01000001001001000100000100100011 f
b00000000000110101110111101011110 16
#7939
b00000000000110101110111101011110 c
b01000000001001000100000000100110 f
b00000000000110101110111101011111 16
#7940
b00000000000110101110111101011111 c
b01000001001000100100000000100011 f
b00000000000110101110111101100000 16
#7941
b00000000000110101110111101100000 c
b01000010001000110100000100100101 f
b00000000000110101110111101100001 16
#7942
b00000000000110101110111101100001 c
b01000000001000110100000000100100 f
b00000000000110101110111101100010 16
#7943
b00000000000110101110111101100010 c
b01000001001001010100000100100010 f
b00000000000110101110111101100011 16
#7944
b00000000000110101110111101100011 c
b01000000001001000100000000100011 f
b00000000000110101110111101100100 16
#7945
b00000000000110101110111101100100 c
b00111110001000110100001000100001 f
b00000000000110101110111101100101 16
#7946
b00000000000110101110111101100101 c
b01000000001000100100000000100001 f
b00000000000110101110111101100110 16
#7947
b00000000000110101110111101100110 c
b01000010001000110011111100100010 f
b00000000000110101110111101100111 16
#7948
b00000000000110101110111101100111 c
b00111101001000110100000000100010 f
b00000000000110101110111101101000 16
#7949
b00000000000110101110111101101000 c
b00111111001000100011110100100011 f
b00000000000110101110111101101001 16
#7950
b00000000000110101110111101101001 c
b00111111001000110100000000100010 f
b00000000000110101110111101101010 16
#7951
b00000000000110101110111101101010 c
b00111101001000100011111100100100 f
b00000000000110101110111101101011 16
#7952
b00000000000110101110111101101011 c
b00111110001000010011111100100001 f
b00000000000110101110111101101100 16
#7953
b00000000000110101110111101101100 c
b01000000001000110011110000100001 f
b00000000000110101110111101101101 16
#7954
b00000000000110101110111101101101 c
b01000010001000110100000100100010 f
b00000000000110101110111101101110 16
#7955
b00000000000110101110111101101110 c
b01000000001001010100000100100011 f
b00000000000110101110111101101111 16
#7956
b00000000000110101110111101101111 c
b01000011001001000100000000100101 f
b00000000000110101110111101110000 16
#7957
b00000000000110101110111101110000 c
b00111110001001000100000000100011 f
b00000000000110101110111101110001 16
#7958
b00000000000110101110111101110001 c
b01000000001001000100000000100110 f
b00000000000110101110111101110010 16
#7959
b00000000000110101110111101110010 c
b01000010001000110100001100100011 f
b00000000000110101110111101110011 16
#7960
b00000000000110101110111101110011 c
b01000000001001000100000000100100 f
b00000000000110101110111101110100 16
#7961
b00000000000110101110111101110100 c
b01000000001001000100000000100011 f
b00000000000110101110111101110101 16
#7962
b00000000000110101110111101110101 c
b00111111001000110011111100100100 f
b00000000000110101110111101110110 16
#7963
b00000000000110101110111101110110 c
b00111111001000110011111100100010 f
b00000000000110101110111101110111 16
#7964
b00000000000110101110111101110111 c
b01000000001001010100000000100001 f
b00000000000110101110111101111000 16
#7965
b00000000000110101110111101111000 c
b00111111001000110100000100100011 f
b00000000000110101110111101111001 16
#7966
b00000000000110101110111101111001 c
b01000000001000100100001000100011 f
b00000000000110101110111101111010 16
#7967
b00000000000110101110111101111010 c
b00111111001000100100001000100011 f
b00000000000110101110111101111011 16
#7968
b00000000000110101110111101111011 c
b01000010001001000100000100100010 f
b00000000000110101110111101111100 16
#7969
b00000000000110101110111101111100 c
b01000000001000100100010100100101 f
b00000000000110101110111101111101 16
#7970
b00000000000110101110111101111101 c
b01000011001000110100001000100100 f
b00000000000110101110111101111110 16
#7971
b00000000000110101110111101111110 c
b00111111001001000100000100100011 f
b00000000000110101110111101111111 16
#7972
b00000000000110101110111101111111 c
b01000101001000110100010000100011 f
b00000000000110101110111110000000 16
#7973
b00000000000110101110111110000000 c
b01000010001001010100000000100100 f
b00000000000110101110111110000001 16
#7974
b00000000000110101110111110000001 c
b01000011001001010100000000100011 f
b00000000000110101110111110000010 16
#7975
b00000000000110101110111110000010 c
b01000001001000100100001000100011 f
b00000000000110101110111110000011 16
#7976
b00000000000110101110111110000011 c
b01000011001000110100000000100011 f
b00000000000110101110111110000100 16
#7977
b00000000000110101110111110000100 c
b01000010001000110011110100100011 f
b00000000000110101110111110000101 16
#7978
b00000000000110101110111110000101 c
b01000010001000110100001000100100 f
b00000000000110101110111110000110 16
#7979
b00000000000110101110111110000110 c
b00111011001000110011110000100011 f
b00000000000110101110111110000111 16
#7980
b00000000000110101110111110000111 c
b00111110001000110011111000100010 f
b00000000000110101110111110001000 16
#7981
b00000000000110101110111110001000 c
b01000010001000110011111000100100 f
b00000000000110101110111110001001 16
#7982
b00000000000110101110111110001001 c
b01000000001001000100001000100100 f
b00000000000110101110111110001010 16
#7983
b00000000000110101110111110001010 c
b00111111001000110100000100100011 f
b00000000000110101110111110001011 16
#7984
b00000000000110101110111110001011 c
b01000010001000110100000000100100 f
b00000000000110101110111110001100 16
#7985
b00000000000110101110111110001100 c
b01000001001000100100001000100001 f
b00000000000110101110111110001101 16
#7986
b00000000000110101110111110001101 c
b01000000001000110100001000100011 f
b00000000000110101110111110001110 16
#7987
b00000000000110101110111110001110 c
b01000000001000010011111000100010 f
b00000000000110101110111110001111 16
#7988
b00000000000110101110111110001111 c
b01000000001001000100001000100011 f
b00000000000110101110111110010000 16
#7989
b00000000000110101110111110010000 c
b01000000001000110011111000100010 f
b00000000000110101110111110010001 16
#7990
b00000000000110101110111110010001 c
b01000010001001100100010100100100 f
b00000000000110101110111110010010 16
#7991
b00000000000110101110111110010010 c
b01000001001000110100000000100011 f
b00000000000110101110111110010011 16
#7992
b00000000000110101110111110010011 c
b01000000001000100011111100100100 f
b00000000000110101110111110010100 16
#7993
b00000000000110101110111110010100 c
b01000000001000100011111100100011 f
b00000000000110101110111110010101 16
#7994
b00000000000110101110111110010101 c
b01000001001001000100000000100010 f
b00000000000110101110111110010110 16
#7995
b00000000000110101110111110010110 c
b01000000001000110100000000100011 f
b00000000000110101110111110010111 16
#7996
b00000000000110101110111110010111 c
b01000010001001010100001000100100 f
b00000000000110101110111110011000 16
#7997
b00000000000110101110111110011000 c
b01000000001001000100001000100011 f
b00000000000110101110111110011001 16
#7998
b00000000000110101110111110011001 c
b01000001001001000100001000100011 f
b00000000000110101110111110011010 16
#7999
b00000000000110101110111110011010 c
b01000100001000110100010100100010 f
b00000000000110101110111110011011 16
#8000
b00000000000110101110111110011011 c
b01000010001001000100010000100011 f
b00000000000110101110111110011100 16
#8001
b00000000000110101110111110011100 c
b01000110001001100100000000100100 f
b00000000000110101110111110011101 16
#8002
b00000000000110101110111110011101 c
b01000011001000110100001100100011 f
b00000000000110101110111110011110 16
#8003
b00000000000110101110111110011110 c
b01000101001001010100000100100101 f
b00000000000110101110111110011111 16
#8004
b00000000000110101110111110011111 c
b01000010001000110011111000100110 f
b00000000000110101110111110100000 16
#8005
b00000000000110101110111110100000 c
b01000010001001010100000000100100 f
b00000000000110101110111110100001 16
#8006
b00000000000110101110111110100001 c
b01000001001001000100000100100011 f
b00000000000110101110111110100010 16
#8007
b00000000000110101110111110100010 c
b01000010001001100100000000100101 f
b00000000000110101110111110100011 16
#8008
b00000000000110101110111110100011 c
b01000010001001000100000100100100 f
b00000000000110101110111110100100 16
#8009
b00000000000110101110111110100100 c
b01000001001000110100000000100010 f
b00000000000110101110111110100101 16
#8010
b00000000000110101110111110100101 c
b01000011001001000100001000100101 f
b00000000000110101110111110100110 16
#8011
b00000000000110101110111110100110 c
b01000100001001000100001000100101 f
b00000000000110101110111110100111 16
#8012
b00000000000110101110111110100111 c
b01000011001001000100001100100011 f
b00000000000110101110111110101000 16
#8013
b00000000000110101110111110101000 c
b01000101001001010100010100100100 f
b00000000000110101110111110101001 16
#8014
b00000000000110101110111110101001 c
b01000010001001010100001000100100 f
b00000000000110101110111110101010 16
#8015
b00000000000110101110111110101010 c
b01000101001001100100010000100100 f
b00000000000110101110111110101011 16
#8016
b00000000000110101110111110101011 c
b01000100001001000100010100100011 f
b00000000000110101110111110101100 16
#8017
b00000000000110101110111110101100 c
b01000010001000100100001000100011 f
b00000000000110101110111110101101 16
#8018
b00000000000110101110111110101101 c
b01000100001000110100010000100101 f
b00000000000110101110111110101110 16
#8019
b00000000000110101110111110101110 c
b01000010001001100100010000100100 f
b00000000000110101110111110101111 16
#8020
b00000000000110101110111110101111 c
b01000001001001010100001000100101 f
b00000000000110101110111110110000 16
#8021
b00000000000110101110111110110000 c
b01000010001000110100011000100110 f
b00000000000110101110111110110001 16
#8022
b00000000000110101110111110110001 c
b01000011001001000100010000100101 f
b00000000000110101110111110110010 16
#8023
b00000000000110101110111110110010 c
b01000010001001000100010000100110 f
b00000000000110101110111110110011 16
#8024
b00000000000110101110111110110011 c
b01000100001000110100010100100011 f
b00000000000110101110111110110100 16
#8025
b00000000000110101110111110110100 c
b01000010001001010100010100100011 f
b00000000000110101110111110110101 16
#8026
b00000000000110101110111110110101 c
b01000010001001000100010000100010 f
b00000000000110101110111110110110 16
#8027
b00000000000110101110111110110110 c
b01000100001001000100010100100100 f
b00000000000110101110111110110111 16
#8028
b00000000000110101110111110110111 c
b01000100001000110100001000100100 f
b00000000000110101110111110111000 16
#8029
b00000000000110101110111110111000 c
b01000001001001100100001000100100 f
b00000000000110101110111110111001 16
#8030
b00000000000110101110111110111001 c
b01000010001001010100010000100100 f
b00000000000110101110111110111010 16
#8031
b00000000000110101110111110111010 c
b01000100001000110100001100100011 f
b00000000000110101110111110111011 16
#8032
b00000000000110101110111110111011 c
b01000101001001010100000100100011 f
b00000000000110101110111110111100 16
#8033
b00000000000110101110111110111100 c
b01000100001001100100001100100101 f
b00000000000110101110111110111101 16
#8034
b00000000000110101110111110111101 c
b01000100001001010100010000100010 f
b00000000000110101110111110111110 16
#8035
b00000000000110101110111110111110 c
b01000001001001000100011100100100 f
b00000000000110101110111110111111 16
#8036
b00000000000110101110111110111111 c
b00111111001000110100000000100101 f
b00000000000110101110111111000000 16
#8037
b00000000000110101110111111000000 c
b00111110001001010100000100100100 f
b00000000000110101110111111000001 16
#8038
b00000000000110101110111111000001 c
b01000010001001000100001100100011 f
b00000000000110101110111111000010 16
#8039
b00000000000110101110111111000010 c
b01000100001001000100010000100110 f
b00000000000110101110111111000011 16
#8040
b00000000000110101110111111000011 c
b01000011001000110100010100100100 f
b00000000000110101110111111000100 16
#8041
b00000000000110101110111111000100 c
b01000101001001100100000100100011 f
b00000000000110101110111111000101 16
#8042
b00000000000110101110111111000101 c
b01000100001001010100000100100011 f
b00000000000110101110111111000110 16
#8043
b00000000000110101110111111000110 c
b01000010001001000100010000100011 f
b00000000000110101110111111000111 16
#8044
b00000000000110101110111111000111 c
b01000101001001000100001100100010 f
b00000000000110101110111111001000 16
#8045
b00000000000110101110111111001000 c
b01000111001001010100010000100100 f
b00000000000110101110111111001001 16
#8046
b00000000000110101110111111001001 c
b01000110001001100100010100100011 f
b00000000000110101110111111001010 16
#8047
b00000000000110101110111111001010 c
b01000010001001100100010100100101 f
b00000000000110101110111111001011 16
#8048
b00000000000110101110111111001011 c
b01000100001001110100001100100011 f
b00000000000110101110111111001100 16
#8049
b00000000000110101110111111001100 c
b01000011001000110100010100100110 f
b00000000000110101110111111001101 16
#8050
b00000000000110101110111111001101 c
b01000110001001000100100000100100 f
b00000000000110101110111111001110 16
#8051
b00000000000110101110111111001110 c
b01000100001001000100010000100100 f
b00000000000110101110111111001111 16
#8052
b00000000000110101110111111001111 c
b01000100001001000100001100100101 f
b00000000000110101110111111010000 16
#8053
b00000000000110101110111111010000 c
b01000011001001100100001000100011 f
b00000000000110101110111111010001 16
#8054
b00000000000110101110111111010001 c
b01000010001000110100001000100011 f
b00000000000110101110111111010010 16
#8055
b00000000000110101110111111010010 c
b01000110001001000100000100100011 f
b00000000000110101110111111010011 16
#8056
b00000000000110101110111111010011 c
b01000110001000110100010000100101 f
b00000000000110101110111111010100 16
#8057
b00000000000110101110111111010100 c
b01000010001001000100011000100100 f
b00000000000110101110111111010101 16
#8058
b00000000000110101110111111010101 c
b01000110001001010100010100100100 f
b00000000000110101110111111010110 16
#8059
b00000000000110101110111111010110 c
b01000101001001010100010000100101 f
b00000000000110101110111111010111 16
#8060
b00000000000110101110111111010111 c
b01001000001001000100011000100100 f
b00000000000110101110111111011000 16
#8061
b00000000000110101110111111011000 c
b01000100001001100100010000100010 f
b00000000000110101110111111011001 16
#8062
b00000000000110101110111111011001 c
b01000011001000110100001100100101 f
b00000000000110101110111111011010 16
#8063
b00000000000110101110111111011010 c
b01000111001001000100010000100110 f
b00000000000110101110111111011011 16
#8064
b00000000000110101110111111011011 c
b01000101001001010100010000100100 f
b00000000000110101110111111011100 16
#8065
b00000000000110101110111111011100 c
b01000100001001100100011000100101 f
b00000000000110101110111111011101 16
#8066
b00000000000110101110111111011101 c
b01000100001001000100010000100101 f
b00000000000110101110111111011110 16
#8067
b00000000000110101110111111011110 c
b01000011001001010100010000100010 f
b00000000000110101110111111011111 16
#8068
b00000000000110101110111111011111 c
b01000111001000110100010000100101 f
b00000000000110101110111111100000 16
#8069
b00000000000110101110111111100000 c
b01000100001001010100010000100100 f
b00000000000110101110111111100001 16
#8070
b00000000000110101110111111100001 c
b01000111001001010100011000100110 f
b00000000000110101110111111100010 16
#8071
b00000000000110101110111111100010 c
b01000110001001010100100100100100 f
b00000000000110101110111111100011 16
#8072
b00000000000110101110111111100011 c
b01000110001001010100010100100110 f
b00000000000110101110111111100100 16
#8073
b00000000000110101110111111100100 c
b01000101001001100100011000100101 f
b00000000000110101110111111100101 16
#8074
b00000000000110101110111111100101 c
b01000110001001010100011000100101 f
b00000000000110101110111111100110 16
#8075
b00000000000110101110111111100110 c
b01000011001001010100100000100111 f
b00000000000110101110111111100111 16
#8076
b00000000000110101110111111100111 c
b01000110001001010100100000100101 f
b00000000000110101110111111101000 16
#8077
b00000000000110101110111111101000 c
b01000101001001100100001100100110 f
b00000000000110101110111111101001 16
#8078
b00000000000110101110111111101001 c
b01000110001001000100011100100110 f
b00000000000110101110111111101010 16
#8079
b00000000000110101110111111101010 c
b01001000001001000100010000100101 f
b00000000000110101110111111101011 16
#8080
b00000000000110101110111111101011 c
b01000010001000110100011000100100 f
b00000000000110101110111111101100 16
#8081
b00000000000110101110111111101100 c
b00111111001000110100010000100011 f
b00000000000110101110111111101101 16
#8082
b00000000000110101110111111101101 c
b01000010001001100100001100100111 f
b00000000000110101110111111101110 16
#8083
b00000000000110101110111111101110 c
b01000110001000110100010000100011 f
b00000000000110101110111111101111 16
#8084
b00000000000110101110111111101111 c
b01001001001001100100100000100111 f
b00000000000110101110111111110000 16
#8085
b00000000000110101110111111110000 c
b01000110001001110100011000100111 f
b00000000000110101110111111110001 16
#8086
b00000000000110101110111111110001 c
b01000110001001110100100000100011 f
b00000000000110101110111111110010 16
#8087
b00000000000110101110111111110010 c
b01000101001001010100100000100100 f
b00000000000110101110111111110011 16
#8088
b00000000000110101110111111110011 c
b01000100001001000100011000100110 f
b00000000000110101110111111110100 16
#8089
b00000000000110101110111111110100 c
b01000110001001010100010100100110 f
b00000000000110101110111111110101 16
#8090
b00000000000110101110111111110101 c
b01000110001001000100011000100101 f
b00000000000110101110111111110110 16
#8091
b00000000000110101110111111110110 c
b01001000001001000100011000100101 f
b00000000000110101110111111110111 16
#8092
b00000000000110101110111111110111 c
b01001001001001010100011100100110 f
b00000000000110101110111111111000 16
#8093
b00000000000110101110111111111000 c
b01000001001000110100011000100101 f
b00000000000110101110111111111001 16
#8094
b00000000000110101110111111111001 c
b00111111001001010011110100100100 f
b00000000000110101110111111111010 16
#8095
b00000000000110101110111111111010 c
b01000001001001000011111100100101 f
b00000000000110101110111111111011 16
#8096
b00000000000110101110111111111011 c
b01000111001000110100001100100101 f
b00000000000110101110111111111100 16
#8097
b00000000000110101110111111111100 c
b01000110001001100100011000100101 f
b00000000000110101110111111111101 16
#8098
b00000000000110101110111111111101 c
b01000100001001000100010100100100 f
b00000000000110101110111111111110 16
#8099
b00000000000110101110111111111110 c
b00000000000110101110111111111111 16
#8100
b00000000000110101110111111111111 c
b01000101001001010100010000100101 f
b00000000000110101111000000000000 16
#8101
b00000000000110101111000000000000 c
b01000110001001010100010100100110 f
b00000000000110101111000000000001 16
#8102
b00000000000110101111000000000001 c
b01000110001001010100011100100110 f
b00000000000110101111000000000010 16
#8103
b00000000000110101111000000000010 c
b01001001001001010100100100100100 f
b00000000000110101111000000000011 16
#8104
b00000000000110101111000000000011 c
b01001001001001010100100000100101 f
b00000000000110101111000000000100 16
#8105
b00000000000110101111000000000100 c
b01000111001001110100001100100100 f
b00000000000110101111000000000101 16
#8106
b00000000000110101111000000000101 c
b01000111001001010100011000100101 f
b00000000000110101111000000000110 16
#8107
b00000000000110101111000000000110 c
b01000110001001010100101000100110 f
b00000000000110101111000000000111 16
#8108
b00000000000110101111000000000111 c
b01000111001001100100011000100110 f
b00000000000110101111000000001000 16
#8109
b00000000000110101111000000001000 c
b01000110001001100100010000100101 f
b00000000000110101111000000001001 16
#8110
b00000000000110101111000000001001 c
b01001000001001110100011000100101 f
b00000000000110101111000000001010 16
#8111
b00000000000110101111000000001010 c
b01000111001001100100011000100110 f
b00000000000110101111000000001011 16
#8112
b00000000000110101111000000001011 c
b01000110001001010100100100100110 f
b00000000000110101111000000001100 16
#8113
b00000000000110101111000000001100 c
b01000011001001000100010000100100 f
b00000000000110101111000000001101 16
#8114
b00000000000110101111000000001101 c
b01000110001001010100010000100111 f
b00000000000110101111000000001110 16
#8115
b00000000000110101111000000001110 c
b01000100001001010100100000100100 f
b00000000000110101111000000001111 16
#8116
b00000000000110101111000000001111 c
b01001000001001000100100000100011 f
b00000000000110101111000000010000 16
#8117
b00000000000110101111000000010000 c
b01001000001001100100011000101000 f
b00000000000110101111000000010001 16
#8118
b00000000000110101111000000010001 c
b01000101001001000100010100100110 f
b00000000000110101111000000010010 16
#8119
b00000000000110101111000000010010 c
b01000110001001010100100000100110 f
b00000000000110101111000000010011 16
#8120
b00000000000110101111000000010011 c
b01000101001000110100010000100110 f
b00000000000110101111000000010100 16
#8121
b00000000000110101111000000010100 c
b01000110001001000100010000100100 f
b00000000000110101111000000010101 16
#8122
b00000000000110101111000000010101 c
b01001000001001110100011100100110 f
b00000000000110101111000000010110 16
#8123
b00000000000110101111000000010110 c
b01000101001001100100011000100100 f
b00000000000110101111000000010111 16
#8124
b00000000000110101111000000010111 c
b01000110001001100100011100100100 f
b00000000000110101111000000011000 16
#8125
b00000000000110101111000000011000 c
b01000101001001000100010000100110 f
b00000000000110101111000000011001 16
#8126
b00000000000110101111000000011001 c
b01000101001001010100011100100110 f
b00000000000110101111000000011010 16
#8127
b00000000000110101111000000011010 c
b01000110001000110100010000100100 f
b00000000000110101111000000011011 16
#8128
b00000000000110101111000000011011 c
b01000001001001010100001000100011 f
b00000000000110101111000000011100 16
#8129
b00000000000110101111000000011100 c
b01000010001000110100010100100100 f
b00000000000110101111000000011101 16
#8130
b00000000000110101111000000011101 c
b00111110001000010011110100100100 f
b00000000000110101111000000011110 16
#8131
b00000000000110101111000000011110 c
b00111001000111110011101100100001 f
b00000000000110101111000000011111 16
#8132
b00000000000110101111000000011111 c
b00111001000111100011011000011111 f
b00000000000110101111000000100000 16
#8133
b00000000000110101111000000100000 c
b00110110000111100011010100011111 f
b00000000000110101111000000100001 16
#8134
b00000000000110101111000000100001 c
b00110011000111000011011000011110 f
b00000000000110101111000000100010 16
#8135
b00000000000110101111000000100010 c
b00110000000111000011001000011100 f
b00000000000110101111000000100011 16
#8136
b00000000000110101111000000100011 c
b00101110000110010011000000011011 f
b00000000000110101111000000100100 16
#8137
b00000000000110101111000000100100 c
b00101101000110010010111000011011 f
b00000000000110101111000000100101 16
#8138
b00000000000110101111000000100101 c
b00101100000110010010110000011010 f
b00000000000110101111000000100110 16
#8139
b00000000000110101111000000100110 c
b00101100000110010010100100011010 f
b00000000000110101111000000100111 16
#8140
b00000000000110101111000000100111 c
b00101001000110000010100000010111 f
b00000000000110101111000000101000 16
#8141
b00000000000110101111000000101000 c
b00101000000101110010101000011001 f
b00000000000110101111000000101001 16
#8142
b00000000000110101111000000101001 c
b00100111000110010010100000010111 f
b00000000000110101111000000101010 16
#8143
b00000000000110101111000000101010 c
b00101010000110010010100100011001 f
b00000000000110101111000000101011 16
#8144
b00000000000110101111000000101011 c
b00101000000101110010100000011001 f
b00000000000110101111000000101100 16
#8145
b00000000000110101111000000101100 c
b00101000000110010010101000011000 f
b00000000000110101111000000101101 16
#8146
b00000000000110101111000000101101 c
b00101000000101110010100000010111 f
b00000000000110101111000000101110 16
#8147
b00000000000110101111000000101110 c
b00100111000110010010011000010111 f
b00000000000110101111000000101111 16
#8148
b00000000000110101111000000101111 c
b00100110000101110010011100010111 f
b00000000000110101111000000110000 16
#8149
b00000000000110101111000000110000 c
b00100110000110000010100000010110 f
b00000000000110101111000000110001 16
#8150
b00000000000110101111000000110001 c
b00100110000101100010011000010110 f
b00000000000110101111000000110010 16
#8151
b00000000000110101111000000110010 c
b00100100000101110010011000011000 f
b00000000000110101111000000110011 16
#8152
b00000000000110101111000000110011 c
b00101000000101110010011000010111 f
b00000000000110101111000000110100 16
#8153
b00000000000110101111000000110100 c
b00100111000110000010010000010110 f
b00000000000110101111000000110101 16
#8154
b00000000000110101111000000110101 c
b00100110000110000010011100010111 f
b00000000000110101111000000110110 16
#8155
b00000000000110101111000000110110 c
b00100110000101110010011100011000 f
b00000000000110101111000000110111 16
#8156
b00000000000110101111000000110111 c
b00100111000101110010100000011000 f
b00000000000110101111000000111000 16
#8157
b00000000000110101111000000111000 c
b00101010000101110010011100011001 f
b00000000000110101111000000111001 16
#8158
b00000000000110101111000000111001 c
b00100111000110000010011100011000 f
b00000000000110101111000000111010 16
#8159
b00000000000110101111000000111010 c
b00101000000110010010101000010111 f
b00000000000110101111000000111011 16
#8160
b00000000000110101111000000111011 c
b00101010000110000010100100011001 f
b00000000000110101111000000111100 16
#8161
b00000000000110101111000000111100 c
b00101001000110000010101000010111 f
b00000000000110101111000000111101 16
#8162
b00000000000110101111000000111101 c
b00101011000110000010100000011001 f
b00000000000110101111000000111110 16
#8163
b00000000000110101111000000111110 c
b00101001000101110010100000011001 f
b00000000000110101111000000111111 16
#8164
00
b00000000001000001000000000000110 b
b00000000000110101111000000111111 c
b00101001000101110010100000011000 f
014
b00000000000110101111000001000000 16
01a
#8165
03
b00000000000110101111000001000000 c
b00101001000110000010100100011000 f
#8166
b00101001000110000010101000011001 f
112
#8167
0e
b0000 10
#8172
b00000000001010001000000000000110 b
#8191
00
b0000101100 1
b0000100001110000 2
03
b0000001111000000 4
15
06
b0000101101 7
08
b0000001111000000 9
1a
b00000000001010001000000000000110 b
b00000000000110101111000001000000 c
b00000000000 d
0e
b00101001000110000010101000011001 f
b0000 10
111
112
013
014
b00000000000 15
b00000000000110101111000001000000 16
b0000 17
118
019
01a
11b
01c
01d
b00000000000010111001101000000000 1e
01f
b00101010001111110010100001000011 20
121
b0000 22
123
024
b00000000000010111001101000000000 25
026
b0000 27
b00001001010100000011110110011011 28
b00001011010101000101111000101111 29
$end
