:10100000972105009381018517310500130181A601
:1010100017850000130545A0978500009385C59F9F
:101020001386C18463FCC5008322050023A05500FC
:101030001305450093854500E3E8C5FE1385C1848B
:10104000938501226378B500232005001305450030
:10105000E36CB5FEEF000001EF30905F6F00000021
:0410600067800000A5
:10106400130101FF232481002320210117840000A0
:101074001304449A178900001309C9993309894054
:10108400232611002322910013592940630E0900DD
:101094009304000083270400938414001304440081
:1010A400E7800700E31899FE178400001304849670
:1010B40017890000130909963309894013592940F7
:1010C400630E090093040000832704009384140032
:1010D40013044400E7800700E31899FE8320C1004D
:1010E4000324810083244100032901001301010129
:1010F40067800000938741839305050003A50700DB
:101104006F004001938741839305050003A5070001
:101114006F005036130101FD232291022320210385
:101124002326110223248102232E3101232C410181
:10113400232A5101232861012326710123248101DB
:10114400232291019384B5009307600113090500DC
:1011540063E697069307000163ECB722EF00501291
:1011640093040001930780011306200097090500EA
:101174009389C96BB387F90003A44700138787FFDA
:101184006300E426832744008326C40003268400E6
:1011940093F7C7FFB307F40003A747002326D6003D
:1011A40023A4C600136717001305090023A2E70050
:1011B400EF00500D130584006F00401E93F484FF6C
:1011C40063C8041C63E6B41CEF00900B9307701F04
:1011D40063F4974A93D79400638C071E1307400067
:1011E4006368F74293D764001386970313858703D4
:1011F400931636009709050093894963B386D9008D
:1012040003A44600938686FF638C860283274400EA
:101214009305F00093F7C7FF3387974063C0E50257
:10122400635207380324C400638C86008327440078
:1012340093F7C7FF33879740E3D4E5FE1306050011
:1012440003A40901170805001308C85E6308041BFA
:10125400832544001307F00093F5C5FFB387954039
:101264006342F74417070500232C075D17070500A1
:101274002326075D63D807409307F01F63EAB7325C
:1012840093D53500938715009397370003A549003C
:10129400B387F90083A6070093D5254013071000F0
:1012A4003317B7003367A700938587FF2326B4005D
:1012B4002324D4009705050023ACE55623A087001A
:1012C40023A686009357264093061000B396F60093
:1012D4006360D714B3F7E60063940702939616008D
:1012E4001376C6FFB3F7E60013064600639A0700B9
:1012F40093961600B3F7E60013064600E38A07FE4A
:101304001305F00093183600B3881901938508007B
:101314001303060003A4C500639A85006F0080319F
:10132400635407320324C400638685308327440052
:1013340093F7C7FF33879740E354E5FE8326C40041
:101344000326840093E514002322B4002326D60048
:1013540023A4C600B30494009706050023A2964E66
:101364009706050023AC964C9366170023A6040148
:1013740023A4040123A2D400B307F4001305090035
:1013840023A0E700EF000070130584006F00000144
:101394009307C0002320F900130500008320C10235
:1013A4000324810283244102032901028329C10108
:1013B400032A8101832A4101032B0101832BC100EC
:1013C400032C8100832C410013010103678000007A
:1013D40093060020130600041305F0036FF09FE149
:1013E40003A4C70013062600E39E87D803A40901BB
:1013F4001708050013080844E31C04E503A7490083
:101404009357264093061000B396F600E374D7EC86
:1014140003A48900832A440093FBCAFF63E89B006A
:10142400B3879B401307F0006348F7149387C18880
:10143400138CC18283AA070003270C009307F0FFD3
:10144400330A7401B38A54016306F734B7170000F2
:101454009387F700B38AFA00B7F7FFFFB3FAFA00ED
:1014640093850A0013050900EF00C0689307F0FF95
:10147400130B05006306F52863624529938C4189A3
:1014840083A70C00B387FA0023AAF1881387070007
:101494006306AA3A83260C009307F0FF638EF63A9C
:1014A400B3074B41B387E70023AAF188137C7B0081
:1014B40063060C30330B8B41B7170000130B8B0002
:1014C400138AF7FFB30A5B019387870033F74A0156
:1014D400B3878741B387E74033FA470193050A008E
:1014E40013050900EF0000619307F0FF6300F53C6A
:1014F40033056541B30A450183A70C0017070500AE
:10150400232A673393EA1A00B307FA0023AAF1885F
:1015140023225B01630634351306F00063767635C7
:101524008326440013874BFF137787FF93F6160037
:10153400B3E6E6002322D40093055000B306E4008A
:1015440023A2B60023A4B600636CE636832A4B00BC
:1015540013040B0013874188032707006374F70003
:1015640023A2F1881387818803270700637EF71875
:1015740023A4F1886F00401913E714002322E40028
:10158400B3049400170705002326972A93E717004E
:101594001305090023A2F400EF00C04E13058400D4
:1015A4006FF0DFDF8326C400032684006FF09FBE44
:1015B40093D79500130740006378F712130740018F
:1015C4006368F7229386C7051387B7059396360099
:1015D400B386D90083A70600938686FF6380F61C32
:1015E40003A747001377C7FF63F6E50083A78700C7
:1015F400E398F6FE83A6C70003A749002326D40078
:101604002324F40023A4860023A687006FF09FCB35
:1016140013074001637CF710130740056368F71E46
:1016240093D7C4001386F7061385E706931636008E
:101634006FF05FBC13031300937733009385850029
:10164400E39A07CC6F004010B307F40003A74700E8
:101654008326C400032684001367170023A2E7002F
:101664002326D6001305090023A4C600EF008041F9
:10167400130584006FF09FD213D63400938784003F
:101684006FF0DFAEB305B40083A74500130509006E
:1016940093E7170023A2F500EF00C03E1305840072
:1016A4006FF0DFCF13E714002322E400B3049400A7
:1016B40017070500232697181707050023209718F6
:1016C40013E7170023A6040123A4040123A2E400C2
:1016D400B305B4001305090023A0F500EF00803A18
:1016E400130584006FF09FCB93D76500938697030F
:1016F40013878703939636006FF09FED63063413C8
:1017040003A48900832A440093FACAFFB3879A404A
:1017140063E69A001307F000E340F7E613050900B7
:10172400EF004036130500006FF05FC71386C7054E
:101734001385B705931636006FF0DFAB83A78800D7
:101744001306F6FF6398171D93773600938888FF76
:10175400E39607FE03A7490093C7F6FFB3F7E70034
:10176400170705002326F70C93961600E3E2D7CA61
:10177400E38006CA33F7F600631A0700939616004F
:1017840033F7F60013034300E30A07FE13060300CE
:101794006FF05FB7938A0A016FF09FCC03A54900ED
:1017A40093552740130710003317B7003367A7007A
:1017B4009705050023AEE5066FF05FE4B717000058
:1017C4001387F7FF330A5B01337AEA00B387474193
:1017D40033FAE70093050A0013050900EF0080318E
:1017E4009307F0FFE316F5D0130A00006FF0DFD083
:1017F400130740056360F70893D7C5009386F7067F
:101804001387E706939636006FF09FDC13074015A5
:101814006360F70893D7F400138687071385770767
:10182400931636006FF01F9D938C418983A70C009B
:101834003387FA0023AAE1886FF0DFC593164A01C3
:10184400E39A06C403A48900B38A5B0193EA1A00ED
:10185400232254016FF01FD023A661836FF01FC5AC
:1018640013040B006FF01FCF930710002322FB001B
:101874006FF0DFEA130740156362F70693D7F500AC
:101884009386870713877707939636006FF05FD4A4
:10189400130740556362F70693D724011386D707CD
:1018A4001385C707931636006FF0DF94130C8CFF73
:1018B400B38A8A01B38A6A41130A00006FF0DFC356
:1018C4009305840013050900EF00C03A03A48900BE
:1018D40083A70C00832A44006FF0DFC71307405529
:1018E4006364F70293D725019386D7071387C70745
:1018F400939636006FF0DFCD9306803F1306F00712
:101904001305E0076FF01F8F9306803F1307E0076E
:101914006FF01FCC83A749006FF01FE593073000D9
:1019240063F8C702B367B50093F737009306300036
:10193400639207060327050083A70500631CF704C9
:101944001306C6FF1305450093854500E3E4C6FE70
:101954009307F6FF630C06020347050083C60500E0
:10196400631ED70213871700930715003305E5009C
:101974006F00400103C7070083C605009387170063
:10198400631ED70093851500E396A7FE1305000098
:10199400678000009307F6FF6FF01FFC3305D74004
:1019A400678000001303F00013070500637EC30281
:1019B4009377F7006390070A63920508937606FF0E
:1019C4001376F600B386E6002320B7002322B7007F
:1019D4002324B7002326B70013070701E366D7FEC5
:1019E4006314060067800000B306C3409396260084
:1019F40097020000B38656006780C6002307B7002D
:101A0400A306B7002306B700A305B7002305B70054
:101A1400A304B7002304B700A303B7002303B7004C
:101A2400A302B7002302B700A301B7002301B70044
:101A3400A300B7002300B7006780000093F5F50FFB
:101A440093968500B3E5D50093960501B3E5D500DB
:101A54006FF0DFF69396270097020000B3865600D6
:101A640093820000E78006FA93800200938707FFC1
:101A74003307F7403306F600E378C3F66FF0DFF37D
:101A840067800000678000009387418383A7070075
:101A940023A4A70A23A6070A67800000938741832B
:101AA40003A80700B785954C9385D5F28326880A49
:101AB4000327C80AB387B60213861700B337F600A4
:101AC4002324C80A37F651581306D6423386C60271
:101AD4003307B702B3B6B6023307C7003307D700DC
:101AE400B387E700139517002326F80A135515004A
:101AF40067800000130101FF232481001304050003
:101B04001385050023AC012023261100EF60906AA1
:101B14009307F0FF630AF5008320C10003248100CA
:101B240013010101678000009387812183A70700C7
:101B3400E38407FE2320F4008320C10003248100F2
:101B44001301010167800000130101FE232C8100B1
:101B5400232A91002328210123263101138405001F
:101B6400232E110097090500938949CC1309050018
:101B7400EFF01FF183A68900371700009307F7FEE3
:101B840083A446003384874093F4C4FF3304940051
:101B94001354C4001304F4FF1314C400634EE4008C
:101BA4009305000013050900EFF0DFF483A7890013
:101BB400B38797006306F50213050900EFF09FEC65
:101BC4008320C101032481018324410103290101EC
:101BD4008329C1001305000013010102678000007E
:101BE400B305804013050900EFF0DFF09307F0FF21
:101BF4006306F5049387418983A7070003A7890037
:101C0400B384844093E414003384874013050900AB
:101C14002322970023AA8188EFF0DFE68320C10105
:101C24000324810183244101032901018329C10083
:101C340013051000130101026780000093050000E2
:101C440013050900EFF01FEB03A789009306F000CA
:101C5400B307E540E3D2F6F69386C18283A6060075
:101C640093E717002322F7003305D54023AAA18860
:101C74006FF09FF4638E0512130101FF232481008A
:101C840023229100138405009304050023261100E8
:101C9400EFF01FDF8325C4FF130784FF170505003A
:101CA4001305C5B893F7E5FF3306F700832646000E
:101CB4000328850093F6C6FF6304C81A2322D600BE
:101CC40093F515003308D6006394050A032384FFB3
:101CD40083254800970805009388C8B533076740F3
:101CE40003288700B387670093F51500630418156C
:101CF4000323C70023266800232403016380051EF1
:101D040093E617002322D7002320F6009306F01F42
:101D140063ECF60A93D73700938617009396360040
:101D2400832545003305D5000326050093D62740B7
:101D340093071000B397D700B3E7B700930685FF66
:101D44002326D7002324C7009706050023A2F6AE56
:101D54002320E5002326E600032481008320C1001C
:101D64001385040083244100130101016FF09FD106
:101D74008325480093F51500639E0502B387D700B9
:101D840097080500938808AB8326860013E817009C
:101D9400B305F700638016170326C60023A6C60002
:101DA4002324D6002322070123A0F5006FF01FF699
:101DB4006780000093E61700232ED4FE2320F6004C
:101DC4009306F01FE3F8F6F493D697001306400049
:101DD4006364D60E93D667009385960313868603B1
:101DE40093953500B305B50083A60500938585FF5B
:101DF4006384D51203A646001376C6FF63F6C700B4
:101E040083A68600E398D5FE83A5C6002326B700E3
:101E14002324D7000324810023A4E5008320C100E8
:101E2400138504008324410023A6E6001301010165
:101E34006FF05FC563940514832586000326C600EE
:101E4400B387F60093E6170023A6C5002324B60043
:101E54002322D7003307F7002320F7006FF0DFEFCA
:101E640093F51500B387D70063900502832584FF9B
:101E74003307B7408326C70003268700B387B7001C
:101E84002326D60023A4C6009386018313E61700F5
:101E940083A606002322C70017060500232CE69814
:101EA400E3ECD7EA9387C18883A507001385040070
:101EB400EFF09FC96FF05FEA130640016374D60226
:101EC40013064005636AD60693D6C7009385F606C3
:101ED4001386E606939535006FF0DFF0B387D700DD
:101EE4006FF09FEA9385C6051386B6059395350072
:101EF4006FF05FEF9706050023A4E69497060500AC
:101F040023AEE69223261701232417012322070177
:101F140023A0F5006FF05FE403254500930710004C
:101F2400135626403396C7003366A600970705006C
:101F340023A0C7906FF09FED13064015636CD60085
:101F440093D6F70093858607138676079395350015
:101F54006FF05FE913064055636CD60093D62701F2
:101F64009385D6071386C607939535006FF09FE7D0
:101F74009305803F1306E0076FF0DFE693E6170052
:101F84002322D7002320F6006FF01FDD130101FF89
:101F9400232481001384050083A5050023229100D6
:101FA400232611009304050063840500EFF01FFE4F
:101FB40093050400032481008320C10013850400D9
:101FC40083244100130101016FF0DFCA9387418329
:101FD40083A707006382A7100327C504130101FE2A
:101FE400232A9100232E1100232C81002328210170
:101FF400232631019304050063020704130900003A
:1020040093090008B307270183A50700638E050021
:1020140003A4050013850400EFF0DFC59305040055
:10202400E31804FE03A7C40413094900E31C39FDA3
:102034009305070013850400EFF0DFC383A50404B0
:102044006386050013850400EFF0DFC283A58414C2
:10205400638005021389C414638C250103A405005D
:1020640013850400EFF01FC193050400E31889FEF3
:1020740083A544056386050013850400EFF09FBF24
:1020840083A78403638C070283A7C4031385040016
:10209400E780070083A5042E6382050203248101DF
:1020A4008320C101032901018329C1001385040090
:1020B40083244101130101026FF05FED8320C1010C
:1020C4000324810183244101032901018329C100DF
:1020D400130101026780000067800000B7470F000A
:1020E40093870724B3D5F502B7C70000938787FF0A
:1020F4003306F600832706003385A5023305F50071
:1021040083270600B307F540E3DC07FE6780000081
:1021140013051000678000001305000067800000AD
:1021240083270500B385B70023A0C500678000009E
:1021340083270500B385B70003A505006780000069
:10214400130101FE232E1100232C8100232A910068
:102154002328210123263101130905009384050056
:102164000324850003A6850093058010130504004D
:10217400EFF01FFB8326440103A706001377170023
:1021840083A746009397170093F72700B367F700D8
:1021940003A78600131727001377C7003367F700D8
:1021A40083A7C6009397470093F7070133E7E70037
:1021B40083A706019397570093F70702B3E7E70055
:1021C40003A7440093761700638A06029376870078
:1021D400638E0606B7060300B3E7D700937647007D
:1021E40063860600B7060800B3E7D7001377070134
:1021F4006306070037071000B3E7E700032704016D
:10220400630C070683D60400130730036380E606D5
:1022140083D90400939989013707003FB3F9E90092
:10222400B3E93701B70712F883A7870093F71700BC
:102234006380070C3706B0F8B7E5F50593850510FC
:1022440013051000EFF09FE96FF0DFFD9376270090
:1022540063880600B7060100B3E7D7006FF01FF8E4
:10226400B7060200B3E7D7006FF05FF73707200027
:10227400B3E7E7006FF0DFF903D704001307A7FF04
:10228400131607011356060193063001E3E2C6F85C
:1022940013172600B7960000938686A13307D7004C
:1022A400032707006700070037072000B3E7E700AC
:1022B4006FF01FF637072000B3E7E7006FF05FF514
:1022C40037072000B3E7E7006FF09FF437072000DB
:1022D400B3E7E7006FF0DFF337072000B3E7E70069
:1022E4006FF01FF337072000B3E7E7006FF05FF2EA
:1022F400138609009305C01013050400EFF05FE294
:102304003706B0F8B7E5F5059385051013054006C3
:10231400EFF0DFDC03A741BD93071000E31CF7FED9
:10232400938741BD23A0070083A7C7016392070ACF
:10233400938741BD83A70702639C0708938741BD28
:1023440083A7470263960708938741BD83A7870243
:102354006390070883A7440013F7F7006304070892
:1023640093F7270063840704930500111305040001
:10237400EFF01FDC23A6A40093054011130504000D
:10238400EFF01FDB23A8A4009305801113050400BC
:10239400EFF01FDA23AAA4009305C011130504006B
:1023A400EFF01FD923ACA4006F00C0039305001104
:1023B40013050400EFF0DFD723A6A4009305401112
:1023C40013050400EFF0DFD623A8A4006F008001FA
:1023D400938741BD23AE070023A0070223A207026F
:1023E40023A4070203D70400930770036306F702CC
:1023F4002328040023248900130500008320C1013D
:102404000324810183244101032901018329C1009B
:102414001301010267800000930710002328F400D1
:102424006FF05FFD130101FE232E1100232C8100A8
:10243400232A910023282101232631011389050031
:1024440093090600138406008324850013060010F4
:10245400930500001385C1ABEFF0CFD41306001031
:10246400930500001385C19BEFF0CFD31306001032
:1024740093050000372505001305C510EFF08FD232
:1024840033862903135306019317060193D70701D3
:102494006384070013031300930600006F00C00653
:1024A400930500009307F3FF638AD70693E51502AB
:1024B400939736001387C1ABB388E70013982600BF
:1024C4001385C19B330505012320150123A0B80002
:1024D40013074700B307F700372705001307C71092
:1024E400330707012320F7001397060133078700FA
:1024F40023A0E700B707010063F6C700B707FFFF93
:102504003306F6009386160063FE6600B7070100E3
:10251400E3E8C7F8931506016FF0DFF893E5350299
:102524006FF01FF903A6C19B930580151385040062
:10253400EFF01FBF130500008320C10103248101B4
:1025440083244101032901018329C10013010102EC
:1025540067800000130101FE232E1100232C81004B
:10256400232A910023282101232631012324410118
:1025740013040500138905009304060083298500CC
:1025840083A7490123A007000327860093071000AF
:102594006306F70683A749011307100023A4E70085
:1025A40003A74400930720006300F70683A74901AB
:1025B4001307100023A6E7002324340183A7840013
:1025C4009397070103A6C40033E6C70093054010A0
:1025D40013850900EFF0DFB4930509001305040027
:1025E400EFF01FB603A7440093072000630CF70A1B
:1025F400130A0000130400006F00C01383A74901ED
:1026040023A407006FF0DFF983A7490123A607007D
:102614006FF09FFA83A704009306140033878700A2
:102624000347070013062400B386D70083C60600B9
:10263400939686003367D700930634003386C70029
:1026440003460600131606013367C700B387D70095
:102654001304440003C60700131686013366C7003B
:102664009305001213850900EFF09FAB13091900BD
:1026740083A7C40093D72700E36EF9F8130A1A005E
:1026840083A784006376FA0E93054012138509002C
:10269400EFF01FAA13750540E30805FE13090000B7
:1026A4006FF01FFD130A0000130400006FF05FFDBC
:1026B400130900009307F00763CC27079305001262
:1026C40013850900EFF0DFA603A7040093061400A6
:1026D400330787002300A7001357850083A704004E
:1026E40013062400B387D7002380E700935605011F
:1026F40003A70400930734003307C7002300D7005F
:102704001355850103A70400B307F700130444001D
:102714002380A7003706B0F8B7E5F50593850510C3
:1027240013051000EFF09F9B130919006FF09FF839
:10273400130A1A0083A78400637CFA0293054012EB
:1027440013850900EFF0DF9EB71700009387078019
:102754003375F500E31E05F43706B0F8B7E5F50563
:102764009385051013051000EFF05F976FF01FFDC0
:10277400938741BD03A7470093071000E31AF7FEB0
:10278400938741BD23A20700130500008320C101E4
:102794000324810183244101032901018329C10008
:1027A400032A81001301010267800000835705009A
:1027B400130710016386E702130720016386E7020B
:1027C400130780016386E702130790016386E7001D
:1027D40013050000678000001305100067800000E7
:1027E40013051000678000001305100067800000C7
:1027F4001305100067800000130101FF2326110058
:1028040023248100232291002320210113090500A0
:10281400138405009304060013850500EFF01FF9E7
:10282400630A0502638A0400138604009305040006
:1028340013050900EFF01FD2130500008320C10027
:1028440003248100832441000329010013010101B1
:10285400678000009305040013050900EFF05F8E04
:102864006FF09FFD130101FF23261100930705005C
:10287400032585000326450003A787016366E60454
:102884001306070023A2C702B78701009387076ACC
:10289400B3C7C7023706010033E6C70093054000FB
:1028A400EFF01F883706B0F8B7E5F50593850510F6
:1028B4001305A000EFF09F82130500008320C100E0
:1028C400130101016780000003A74701E36CC7FA05
:1028D400130607006FF01FFB130101FF23261100ED
:1028E400930705000325850003A70702930730001B
:1028F40063F0E7021306200093058012EFF05F8275
:10290400130500008320C10013010101678000004A
:10291400130610006FF05FFE130101FF2326110060
:102924002324810013040500EFF0DFF313050400F2
:10293400EFF09FFA130500008320C10003248100F7
:102944001301010167800000130101FF2326110018
:1029540023248100130405008327050083A747006F
:1029640083A7C700E78007008327040083A74700E5
:1029740083A7070113050400E780070083270400E9
:1029840083A7470083A7470013050400E7800700D7
:10299400130500008320C1000324810013010101F9
:1029A40067800000130101FE232E1100232C8100F7
:1029B400232A910023282101232631011304050031
:1029C4009389050013058001EFE0CFF2930405001D
:1029D40013054001EFE00FF21309050023840400FE
:1029E400A384040023850400A38504002386040033
:1029F400A386040023870400A3870400238804001B
:102A0400A388040023890400A38904001306400159
:102A140093050000EFE01FF923A03401B7C70000BD
:102A24009387073523A2F40023AA240123249400C6
:102A34008326040037970000130787A623A0E60027
:102A44000327040083264700372700001307C77FA6
:102A540023A0E6000327040083264700373700003D
:102A64001307C79123A2E600032704008326470027
:102A7400372700001307471123A6E60003270400A5
:102A840083264700372700001307C71123A8E60051
:102A9400232CF400B73700009387470D232AF40052
:102AA400B70700202326F4028327040013070040FD
:102AB40023ACE700930740002320F402930710009F
:102AC400232EF400930700202326F4068327040012
:102AD4003707300023A6E70013050400EFF0DFE614
:102AE400130500008320C1010324810183244101D3
:102AF400032901018329C100130101026780000039
:102B040003250504137515006780000013070504E9
:102B1400930700212320F5048327070093F7070177
:102B2400E39C07FE67800000130101FF23261100C8
:102B3400232481001304050013050400EFF05FFC57
:102B4400E31C05FE8320C10003248100130101015D
:102B540067800000130101FF2326110013070042C0
:102B64002320E504EFF05FFC8320C1001301010181
:102B7400678000008327450093F70710E39C07FE56
:102B840067800000130101FF232611001307103092
:102B94002322E500EFF01FFE8320C1001301010191
:102BA40067800000032585001375F50F678000001A
:102BB4000325C5001375F50F3335A00067800000A9
:102BC4000325C5001375F50F133515006780000044
:102BD400130101FF232611002324810023229100E5
:102BE4001304050093840500377501F8EFF01FF214
:102BF400377701F8B7170000938707B22320F7004F
:102C0400377501F8EFF01FF8377501F8EFF05FFB47
:102C1400EF2040396300050213041000130504007B
:102C24008320C10003248100832441001301010196
:102C3400678000009357840037170000130707B01C
:102C4400B3E7E700377701F82320F700377501F879
:102C5400EFF05FF3377501F8EFF09FF6EF20803463
:102C640063060500130410006FF05FFB1374F40F88
:102C7400B7170000938707B03364F400B77701F8FF
:102C840023A08700377501F8EFF0DFEF377501F8FF
:102C9400EFF01FF3EF20003163060500130410006A
:102CA4006FF0DFF7B7170000938707B0B3E4F400C1
:102CB400B77701F823A09700377501F8EFF09FEC80
:102CC400377501F8EFF0DFEFEF20C02D1304050096
:102CD40063060500130410006FF05FF4377501F804
:102CE400EFF05FE76FF09FF3130101FE232E110055
:102CF400232C8100232A910023282101232631013A
:102D040093040500377501F8EFF05FE0377901F8B7
:102D140037140000930704B22320F900377501F833
:102D2400EFF05FE6377501F8EFF09FE9EF208027B9
:102D340093D78400930904B0B3E737012320F90043
:102D4400377501F8EFF01FE4377501F8EFF05FE72E
:102D5400EF20402593F4F40FB3E4340123209900C9
:102D6400377501F8EFF01FE2377501F8EFF05FE512
:102D7400EF204023377501F8EFF0DFDD377501F8F8
:102D8400EFF0DFD8930714B22320F900377501F868
:102D9400EFF05FDF377501F8EFF09FE2EF2080205E
:102DA4001304F4BF23208900377501F8EFF09FDD89
:102DB400377501F8EFF0DFDFEF20C01E377501F83B
:102DC400EFF05FDE1374F50F377501F8EFF09FD85D
:102DD400130504008320C1010324810183244101DC
:102DE400032901018329C100130101026780000046
:102DF400130101FF232611002324810093055000B1
:102E0400373400001305B40EEFF09FDC9305C000C7
:102E14001305B40EEFF0DFDB9305F00F1305A400E8
:102E2400EFF01FDB9305F00F1305B400EFF05FDA4A
:102E3400930550001305B40EEFF09FD9930590004D
:102E44001305B40EEFF0DFD88320C1000324810002
:102E54001301010167800000130101FF2326110003
:102E64002324810023229100930405001384050088
:102E7400935585001305C016EFF09FD593F5F40F15
:102E84001305D016EFF0DFD4935584001305E01634
:102E9400EFF01FD49375F40F1305F016EFF05FD322
:102EA4008320C10003248100832441001301010114
:102EB40067800000130101FE232E1100232C8100E2
:102EC400232A910023282101232631019309050097
:102ED40013890500930406001384060093558500A6
:102EE40013054016EFF0DFCE93F5F90F13055016D6
:102EF400EFF01FCE9355890013056016EFF05FCDF8
:102F04009375F90F13057016EFF09FCC93D58400D9
:102F140013058016EFF0DFCB93F5F40F130590162D
:102F2400EFF01FCB935584001305A016EFF05FCA92
:102F34009375F40F1305B016EFF09FC98320C101F8
:102F44000324810183244101032901018329C10050
:102F54001301010267800000130101FF2326110001
:102F64002324810023229100930405001384050087
:102F74009355850013054016EFF09FC593F5F40FA4
:102F840013055016EFF0DFC4935584001305601643
:102F9400EFF01FC49375F40F13057016EFF05FC3C1
:102FA4008320C10003248100832441001301010113
:102FB40067800000130101FF2326110023248100F0
:102FC4002322910093040500138405009355850082
:102FD40013058016EFF0DFBF93F5F40F1305901679
:102FE400EFF01FBF935584001305A016EFF05FBEEA
:102FF4009375F40F1305B016EFF09FBD8320C10045
:10300400032481008324410013010101678000002F
:10301400130101FF232611002324810013840500DA
:103024009307200063F4A7001305300093072000E2
:1030340063F487001304300093050500130540175B
:10304400EFF01FB99305040013055017EFF05FB8B4
:103054008320C10003248100130101016780000063
:10306400130101FF23261100232481002322910050
:1030740093040500138405009355850013054062ED
:10308400EFF01FB593F5F40F13055062EFF05FB442
:103094009355840013056062EFF09FB39375F40FAA
:1030A40013057062EFF0DFB28320C10003248100B6
:1030B400832441001301010167800000130101FE14
:1030C400232E1100232C8100232A9100232821017F
:1030D4002326310113040500938905009304060097
:1030E400138906009305000013050060EFF05FAE3E
:1030F400630404001384090093050400130510609D
:10310400EFF01FAD9305090013850400EFF05FF5A0
:103114008320C10103248101832441010329010186
:103124008329C1001301010267800000130101FE1D
:10313400232E1100232C8100232A9100232821010E
:10314400232631012324410123225101130A0500BE
:10315400938A050093090600138906009304070067
:10316400138407009305000013050060EFF05FA6C9
:103174009305100013051060EFF09FA593D5890007
:1031840093F5350013052060EFF09FA493F5F90F34
:1031940013053060EFF0DFA39355890093F53500F4
:1031A40013054060EFF0DFA29375F90F130550602B
:1031B400EFF01FA293D5840093F5350013056060EA
:1031C400EFF01FA19374F40F93850400130570604E
:1031D400EFF01FA09355840093F53500130580602C
:1031E400EFF01F9F9385040013059060EFF05F9E3E
:1031F40093850A0013050A00EFF09FE68320C101BE
:103204000324810183244101032901018329C1008D
:10321400032A8100832A4100130101026780000010
:10322400130101FF232611002324810013840500C8
:103234009305050013057015EFF09F99630C0500C5
:10324400130510008320C100032481001301010130
:10325400678000009355840093F5F50013058015ED
:10326400EFF01F979375F40F13059015EFF05F9629
:103274006FF05FFD130101FF232611002324810059
:10328400232291009305000013050010EFF05F94D2
:103294006300050213041000130504008320C10019
:1032A400032481008324410013010101678000008D
:1032B40013040500EFF0DFB393051000130540116C
:1032C400EFF01F919305000013058012EFF05F905B
:1032D400930580011305A012EFF09F8F9305000062
:1032E4001305B012EFF0DF8E9305400013050016AE
:1032F400EFF01F8E9305900513051016EFF05F8D08
:103304009305D00013052016EFF09F8C93058007DA
:1033140013053016EFF0DF8B9306B06E1306202BE7
:10332400B7150000938575A21305802AEFF09FB8A6
:103334009305804313050078EFF01FB29305100046
:1033440013050017EFF0DF8893051000130510171D
:10335400EFF01F889305000013050000EFF05FCB2A
:103364009305A0001305C018EFF09F869305A000F5
:103374001305D018EFF0DF859305500013051030C6
:10338400EFF01F859305100013053030EFF05F84D4
:103394009305300013054030EFF09F839305300010
:1033A40013055030EFF0DF82930500001305603001
:1033B400EFF01F829305000613057030EFF05F8174
:1033C4009305A00013059030EFF09F809305100043
:1033D4001305B030EFF0CFFF930500001305C030A4
:1033E400EFF00FFF930520071305D030EFF04FFEE9
:1033F4009305A00013059030EFF08FFD93051000A6
:103404001305B030EFF0CFFC930500001305C03076
:10341400EFF00FFC930520071305D030EFF04FFBBE
:103424009305002013050004EFF09FDF930560006F
:1034340013050016EFF0CFF99305300E130510169F
:10344400EFF00FF99305D00013052016EFF04FF8B5
:103454009305800713053016EFF08FF793054000AE
:103464001305A015EFF0CFF6930540051305B0152D
:10347400EFF00FF69305100013050019EFF04FF568
:103484009305000013051019EFF08FF49305100055
:1034940013053019EFF0CFF393050000130540191D
:1034A400EFF00FF39305000013055019EFF04FF2FE
:1034B4009305000013058019EFF08FF19305000FB9
:1034C40013059019EFF0CFF09305000F1305A01921
:1034D400EFF00FF0930500001305B019EFF04FEF74
:1034E4009305A0001305C019EFF08FEE93050000BB
:1034F4001305D019EFF0CFED930580001305E01903
:10350400EFF00FED930500001305F019EFF04FEC09
:10351400930580001305001AEFF08FEB930500006C
:103524001305101AEFF0CFEA9305C0001305201A13
:10353400EFF00FEA930500001305301AEFF04FE99E
:1035440093050000B7D400001385A41EEFF04FE8E4
:10355400930500061385B41EEFF08FE79305000072
:1035640013052017EFF0CFE69305100013050010A4
:10357400EFF00FE66FF05FD2032545001355050108
:103584001375F50F67800000130101FF2326110056
:103594002324810023229100130405009384050051
:1035A40013050400EFF05FFDE30C05FE23209400F7
:1035B4008320C100032481008324410013010101FD
:1035C40067800000130101FF2326110023248100DA
:1035D400232291009304050013840500834504000D
:1035E400638A05001304140013850400EFF0DFF967
:1035F4006FF0DFFE8320C100032481008324410097
:10360400130101016780000093952500B385A5008F
:1036140023A0C50067800000939575003385A5003D
:1036240093555600939525003305B500B725000042
:103634003305B50093071000B397C700638A0600EB
:1036440003260500B3E7C7002320F50067800000C8
:103654000326050093C7F7FFB3F7C7002320F5003F
:10366400678000009395C500B385A5003705200049
:10367400B385A50023A0C500678000009395C5000D
:10368400B385A5003705200013054500B385A500C3
:1036940003A50500678000009395C500B385A500C8
:1036A4003705200013054500B385A50023A0C500F8
:1036B4006780000093957500B385A50023AAC5040F
:1036C4006780000093957500B385A50003A54505A3
:1036D4003375A60067800000130101FF2326110043
:1036E40093050500370501F8EFF0DFED8320C100F5
:1036F4001301010167800000130101FF232611005B
:103704002324810023229100930405003704004000
:103714001304F4FF33848500131424006346040265
:10372400B3D7840013F7F700B79700009387C7A7B0
:10373400B387E70083C50700370501F8EFF0DFE43E
:103744001304C4FF6FF09FFD8320C1000324810094
:10375400832441001301010167800000130101FF6C
:1037640023261100232481001306000093058013EF
:1037740003A5C1BBEFE0DF9A9305001303A5C1BB0A
:10378400EFE01F9B1304050093771500639E070663
:103794009377240063980708937744006394070A97
:1037A400937704016390070C937704026396070CE4
:1037B40093770404639C070C937704086398070EBB
:1037C4009317F40063C407109317E40063C007124F
:1037D4009317D40063CC07129317C40063C807146B
:1037E4009317A40063C407161306F0FC9305801313
:1037F40003A5C1BBEFE0DF928320C1000324810055
:1038040013010101678000001307100023AAE1BC23
:10381400130610009305001303A5C1BBEFE05F90EE
:103824006FF01FF7938741BD1307100023A2E70031
:10383400130620009305001303A5C1BBEFE05F8EC0
:103844006FF09FF5938741BD1307100023A4E70091
:10385400130640009305001303A5C1BBEFE05F8C82
:103864006FF01FF4130600019305001303A5C1BBF9
:10387400EFE01F8B6FF05FF3130600029305001354
:1038840003A5C1BBEFE0DF896FF09FF2938741BDD1
:103894001307100023AAE70013060004930500137E
:1038A40003A5C1BBEFE0DF876FF01FF1938741BD34
:1038B4001307100023ACE700130600089305001358
:1038C40003A5C1BBEFE0DF856FF09FEF938741BD98
:1038D4001307100023AEE700370601009305001319
:1038E40003A5C1BBEFE0DF836FF01FEE938741BDFB
:1038F4001307100023A0E702370602009305001304
:1039040003A5C1BBEFE0DF816FF09FEC938741BD5E
:103914001307100023A2E7023706040093050013DF
:1039240003A5C1BBEFE0CFFF6FF01FEB938741BD51
:103934001307100023A4E7023706080093050013B9
:1039440003A5C1BBEFE0CFFD6FF09FE93706200070
:103954009305001303A5C1BBEFE08FFC6FF0DFE814
:10396400130101FF23261100130600019305000033
:10397400370513F8EFF01FD563160504130600018D
:1039840093051000370513F8EFF0DFD3631E050627
:103994001306000193052000370513F8EFF09FD2BA
:1039A4006318050A1306000193053000370513F860
:1039B400EFF05FD16312050E8320C10013010101F2
:1039C400678000001306000193050000370513F813
:1039D400EFF05FCE138741BC83270700938717005E
:1039E4002320F70013079000E35AF7F823A201BC41
:1039F40083A701BC93C7170023A0F1BC370711F8B4
:103A04002322F7006FF09FF71306000193051000BF
:103A1400370513F8EFF01FCA138741BC832747000B
:103A2400938717002322F70013079000E352F7F659
:103A3400938741BC23A2070083A701BC93C7270037
:103A440023A0F1BC370711F82322F7006FF05FF4CD
:103A54001306000193052000370513F8EFF09FC506
:103A6400138741BC83278700938717002324F7001B
:103A740013079000E358F7F2938741BC23A407008F
:103A840083A701BC93C7470023A0F1BC370711F8F3
:103A94002322F7006FF01FF1130600019305300095
:103AA400370513F8EFF01FC1138741BC8327C70004
:103AB400938717002326F70013079000E35EF7EEC1
:103AC400938741BC23A6070083A701BC93C7870043
:103AD40023A0F1BC370711F82322F7006FF0DFEDC4
:103AE400130101FF23261100B7950000938505A952
:103AF400370501F8EFF01FAD6F000000130101FF5F
:103B040023261100232481001304050037950000A7
:103B1400130505AAEFF05FBC9305800013050400AC
:103B2400EFF09FBD371505001305455DEFF0DFBAD3
:103B3400B7950000938505A9370501F8EFF09FA814
:103B44006F000000130101FF2326110023248100CC
:103B54001304050037950000130505AAEFF0DFB73D
:103B64009305800013050400EFF01FB93715050015
:103B74001305455DEFF05FB68320C1000324810087
:103B84001301010167800000130101FF23261100C6
:103B9400232481006F008001EFF05FBC1306040052
:103BA400930500003705C0F8EFF01FAF9305000040
:103BB4003705C0F8EFF09FAC13040500630C050251
:103BC40093071001E30AF4FC930760016300F40215
:103BD40093070001E304F4FC37950000130505ABDB
:103BE400EFF09FAF13050400EFF05FF1EFF05FD744
:103BF4006FF0DFFA8320C100032481001301010167
:103C040067800000130101FF232611002324810093
:103C140023229100232021017324203463500404BF
:103C24009374F4009307B0006390F402EFF0DFF5AF
:103C34008320C1000324810083244100032901005F
:103C4400130101016780000037950000130545AC9E
:103C5400EFF09FA813850400EFF05FEA1359F40115
:103C640037950000130585ADEFF01FA71305040079
:103C7400EFF05FED13050900EFF05FE8130101FFBA
:103C84002326110023A001BC130700006F0080014C
:103C940093162700938741BCB387D70023A007005E
:103CA4001307170093073000E3D4E7FE1306000060
:103CB400930500003705C0F8EFF0DF9A9306100073
:103CC40013061001930500003705C0F8EFF0DF94E8
:103CD40013061000930510013705C0F8EFF0DF92CA
:103CE4009306100013066001930500003705C0F821
:103CF400EFF09F9213062000930560013705C0F88A
:103D0400EFF09F90B78700009387874873905730F0
:103D1400B71700009387078073A04730B7270000C8
:103D240093878780739007308320C10013010101BA
:103D340067800000130101FF232611002324810062
:103D44000325850023AEA1BA130600009305401392
:103D5400EFE00FBD1306F0FC9305401303A5C1BBB0
:103D6400EFE00FBC1306F0FC9305801303A5C1BB61
:103D7400EFE00FBB8320C100032481001301010184
:103D84006780000003254500135505011375F50FE1
:103D940067800000032545001355850167800000F6
:103DA400130101FF23261100232481002322910003
:103DB400130405009384050013050400EFF09FFC31
:103DC400E30C05FE232094008320C100032481001A
:103DD400832441001301010167800000130101FFE6
:103DE400232611002324810023229100930405003B
:103DF4001384050083450400638A0500130414003A
:103E040013850400EFF0DFF96FF0DFFE8320C100BB
:103E14000324810083244100130101016780000011
:103E2400130101FF2326110023248100130405003C
:103E340013050400EFF01FF6E30C05FE0325040050
:103E44001375F50F8320C1000324810013010101C0
:103E540067800000B7470F0093870724B3D5F502A6
:103E6400B7C70000938787FF3306F6008327060051
:103E74003385A5023305F50083270600B307F54013
:103E8400E3DC07FE67800000130101FF2326110015
:103E940093050500370501F8EFF09FF08320C1007A
:103EA4001301010167800000130101FF23261100A3
:103EB400232481001304050003450400630805005E
:103EC40013041400EFF05FFC6FF01FFF8320C100A8
:103ED400032481001301010167800000130101FF25
:103EE400232611002324810023229100930405003A
:103EF4001304C0016F004002B3D7840013F7F70026
:103F0400B79700009387C7A7B387E70003C50700E7
:103F1400EFF09FF71304C4FFE35004FE8320C100B5
:103F24000324810083244100130101016780000000
:103F3400130101FF23261100232481002322910071
:103F4400930405001304C0016F004002B3D784003A
:103F540013F7F700B7970000938747AEB387E700DE
:103F640003C50700EFF05FF21304C4FFE35004FE3F
:103F74008320C10003248100832441001301010133
:103F840067800000130101FF232611001375F50F4C
:103F9400EFF09FEF8320C10013010101678000004F
:103FA400130101FF23261100EFF01FF08320C1004D
:103FB4001301010167800000130101FD2326110292
:103FC4002324810223229102930405006346050001
:103FD400130401006F00C0021305D002EFF09FFA32
:103FE400B30490406FF0DFFE1307A000B3E7E402D0
:103FF400938707032300F400B3C4E40213041400FA
:10400400E39404FE93070100E300F4FE6F00000153
:104014001304F4FF03450400EFF0DFF693070100F7
:10402400E318F4FE8320C1020324810283244102A5
:104034001301010367800000130101FF232611000F
:10404400130700009307700063C0E702931627006C
:10405400930700FFB397D700B377F5006386070093
:10406400130717006FF01FFEEFF09FEC8320C100D1
:104074001301010167800000130101FF23261100D1
:10408400130700009307700063C0E702931627002C
:10409400930700FFB397D700B377F5006386070053
:1040A400130717006FF01FFEEFF05FE38320C100DA
:1040B4001301010167800000939575003385A50005
:1040C4009307F0FF232AF5042328C5046780000022
:1040D40093957500B385A50023AAC50467800000E5
:1040E40093957500B385A50093968600B3E6C60044
:1040F40023A2D50467800000032505041375150069
:104104006780000013070504930700212320F504AA
:104114008327070093F70701E39C07FE67800000ED
:10412400130101FF23261100232481001304050039
:1041340013050400EFF05FFCE31C05FE8320C100BF
:10414400032481001301010167800000130101FFB2
:1041540023261100130700422320E504EFF05FFC3F
:104164008320C100130101016780000083274500FB
:1041740093F70710E39C07FE67800000130101FF1B
:1041840023261100130710302322E500EFF01FFE51
:104194008320C1001301010167800000032585000D
:1041A4001375F50F678000000325C5001375F50F1F
:1041B4003335A000678000000325C5001375F50F93
:1041C4001335150067800000130101FC232E110034
:1041D400232C8100232A9100930405002322B10299
:1041E4002324C1022326D1022328E102232AF10237
:1041F400232C0103232E1103930741022326F100EC
:10420400130400006F00C0018327C1001387470017
:104214002326E10003A50700EFF0DFD61304140002
:10422400B387840003C507006302050C930750029B
:104234006306F506EFF01FD56FF05FFE8327C1001C
:10424400138747002326E10003A50700EFF05FD59D
:104254006FF0DFFC8327C100138747002326E100AA
:1042640003A50700EFF05FD56FF05FFB8327C10064
:10427400138747002326E10003A50700EFF0DFDFE3
:104284006FF0DFF98327C100138747002326E1007D
:1042940003A50700EFF05FDA6FF05FF81304140072
:1042A400B387840083C70700E38A07F61307300641
:1042B400E38CE7F413073007E382E7F813074006BB
:1042C400E38AE7F813078005E382E7FA1307800718
:1042D400E38AE7FA13076006E392E7FC37950000E8
:1042E400130585AFEFF0DFCB6FF05FF38320C101DF
:1042F4000324810183244101130101046780000028
:10430400130101FF2326110093050500370501F869
:10431400EFF0DFAC8320C1001301010167800000CE
:10432400130101FF2326110023248100232291007D
:104334001304050093840500377501F8EFF09FDC42
:10434400377701F8B7170000938747B52320F700A4
:10435400377501F8EFF09FE2377501F8EFF0DFE50C
:10436400EF00504463000502130410001305040019
:104374008320C1000324810083244100130101012F
:1043840067800000B7170000938707B03364F40018
:10439400B77701F823A08700377501F8EFF01FDE27
:1043A400377501F8EFF05FE1EF00D03F63060500D9
:1043B400130410006FF09FFBB7170000938707B03A
:1043C400B3E4F400B77701F823A09700377501F838
:1043D400EFF0DFDA377501F8EFF01FDEEF00903C05
:1043E4001304050063060500130410006FF01FF8A2
:1043F400377501F8EFF09FD56FF05FF7130101FFF8
:10440400232611002324810023229100232021014B
:1044140013090500377501F8EFF0DFCEB77401F822
:1044240037140000930744B523A0F400377501F84E
:10443400EFF0DFD4377501F8EFF01FD8EF009036B6
:10444400930704B03369F90023A02401377501F8F8
:10445400EFF0DFD2377501F8EFF01FD6EF0090349C
:10446400377501F8EFF09FCE377501F8EFF09FC96B
:10447400930754B523A0F400377501F8EFF01FD06B
:10448400377501F8EFF05FD3EF00D0311304F4BFB8
:1044940023A08400377501F8EFF05FCE377501F87B
:1044A400EFF09FD0EF001030377501F8EFF01FCF19
:1044B4001374F50F377501F8EFF05FC913050400A5
:1044C4008320C100032481008324410003290100C7
:1044D4001301010167800000130101FF232611006D
:1044E40023248100232291002320210113090500A4
:1044F40093840500130400006F0000059305040075
:1045040037950000130585B6EFF01FCC930509001D
:10451400379500001305C5B8EFF01FCB9385040051
:10452400379500001305C5B9EFF01FCA3706B0F878
:10453400B7E5F5059385051037150300130505D474
:10454400EFF05F91130414009307300063C28704F3
:10455400B70711F823A8870293172400138701C310
:10456400B307F70083A70700E38207FC93850400E1
:1045740013050900EFE0DFCAE30205F89305040020
:1045840037950000130545B4EFF01FC46FF01FFA10
:104594008320C100032481008324410003290100F6
:1045A4001301010167800000130101FE232E110095
:1045B400232C8100232A9100232821012326310161
:1045C400232441012322510193040500938905000A
:1045D40013090600130400006F00C00B93F5F40FD9
:1045E4001305D019EFE0CFDE93DA890093850A0032
:1045F4001305E019EFE0CFDD13FAF90F93050A0074
:104604001305F019EFE0CFDC93850A001305001AB7
:10461400EFE00FDC93050A001305101AEFE04FDBFF
:10462400935589001305201AEFE08FDA9375F90F7B
:104634001305301AEFE0CFD9930504003795000035
:104644001305C5BAEFF05FB89385040037950000F1
:10465400130545BCEFF05FB793850900379500005B
:10466400130585BDEFF05FB693050900379500008B
:104674001305C5BEEFF05FB53706B0F8B7E5F5052D
:104684009385051037150300130505D4EFF08FFC4F
:10469400130414009307300063CA8702B70711F8A4
:1046A40023A8870293172400138701C3B307F700D5
:1046B40083A70700E38207FC93D584001305C01980
:1046C400EFE00FD1E31A05FA6FF05FF18320C10127
:1046D4000324810183244101032901018329C100A9
:1046E400032A8100832A410013010102678000002C
:1046F400130101FE232E1100232C8100232A910093
:10470400232821012326310123244101EF30505273
:10471400B70711F883A4470093F484FF130700003C
:10472400B7473F009387F77F63CEE70093162700D0
:10473400B7070005B387D70023A0070013071700A6
:104744006FF01FFE13840117B70700052320F40040
:10475400B7A71F05938707402322F400B7573F05E7
:10476400938707802324F400B7F75E05938707C077
:104774002326F400B705000537990000130509C086
:10478400EFF09FA483254400130509C0EFF0DFA3D5
:1047940083258400130509C0EFF01FA38325C400FB
:1047A400130509C0EFF05FA2B7050001130509C0A6
:1047B400EFF09FA137950000130505C1EFF0DFA0CE
:1047C400EF301047B70711F823A8070223A8070200
:1047D4009305000037950000130585C2EFF0DF9EB6
:1047E400EF20C028630E05009305000037950000F4
:1047F400130585C3EFF05F9D130400006F00C00430
:104804009305000037950000130585C6EFF0DF9B84
:104814006FF09FFE13172400938701C3B387E7004B
:1048240023A00700B70711F823A887023706B0F8BA
:10483400B7E5F5059385051037150300130505D471
:10484400EFF04FE11304140093073000E3D487FC26
:10485400370411F8232294009384011713060000EF
:104864009305000003A50400EF2010301306100088
:104874009305100003A54400EF20102F1306100029
:104884009305000003A58400EF20102E13060000FA
:104894009305100003A5C400EF20102D93067000AB
:1048A4001306500093050000370513F8EFF05F83FB
:1048B400930670001306500093051000370513F893
:1048C400EFF01F829306700013065000930520003A
:1048D400370513F8EFF0DF809306700013065000DD
:1048E40093053000370513F8EFF08FFF930670003F
:1048F4001306600093055000370513F8EFF04FFEE0
:10490400930670001306700093054000370513F8F2
:10491400EFF00FFD1306000193050000370513F8AF
:10492400EFF08FF91306F0FF93051000370513F825
:10493400EFF00FFA1306000193051000370513F882
:10494400EFF08FF71306F0FF93052000370513F8F7
:10495400EFF00FF81306000193052000370513F854
:10496400EFF08FF51306F0FF93053000370513F8C9
:10497400EFF00FF61306000193053000370513F826
:10498400EFF08FF3232C0402B7F707009387F78F18
:104994002322F4042324F4042326F4042328F40413
:1049A4003706B0F837E9F505930509103715030004
:1049B400130505D4EFF00FCA13050000EF20506B68
:1049C40013051000EF20D06A13052000EF20506A71
:1049D40013053000EF20D06923AC0180232C04029E
:1049E4003706B0F893050910B7290600138509A8FE
:1049F400EFF04FC69305000003A50400EF20902BB1
:104A04009305100003A54400EF20D02A930520004D
:104A140003A58400EF20102A9305300003A5C400E9
:104A2400EF205029130AF000232C44033706B0F872
:104A340093050910138509A8EFF0CFC1B70600014B
:104A4400130600009305000003A50400EF30900551
:104A54003706B0F893050910138509A8EFF08FBF46
:104A6400232004029307C0212322F40223240402F6
:104A7400930700782326F40293071000232AF402F4
:104A8400232E440383A7818213D5F741B715000071
:104A94009385F5FF3375B5003305F5001355C5400F
:104AA4009397070193D70701B3F5B7001375F50F73
:104AB400EFF09FA203D6C18183D5018203D5418241
:104AC400EFF09FAE8320C1010324810183244101BF
:104AD400032901018329C100032A81001301010272
:104AE4006780000067800000130101FF2326110086
:104AF4002324810023229100930710036304F50407
:104B0400930720036304F508930730036308F50C47
:104B140093074003630CF510930750036300F516E5
:104B2400930760036306F51A930770036306F51E83
:104B34008320C10003248100832441001301010167
:104B44006780000023A00188EF205056370411F835
:104B5400232E04023706B0F8B7E5F5059385051052
:104B640037150300130505D4EFF0CFAEB7060001E7
:104B7400130600009305000003A50117EF308072AF
:104B840093075000232EF4026FF09FFA13071000CE
:104B940023A0E188EF209051370411F8232E04025A
:104BA4003706B0F8B7E5F50593850510371503000A
:104BB400130505D4EFF00FAAB70600011306000091
:104BC400930500009387011703A54700EF30806D1C
:104BD40093075000232EF4026FF09FF51307200073
:104BE40023A0E188EF20904C370411F8232E04020F
:104BF4003706B0F8B7E5F5059385051037150300BA
:104C0400130505D4EFF00FA5B70600011306000045
:104C1400930500009387011703A58700EF30806890
:104C240093075000232EF4026FF09FF01307300017
:104C340023A0E188EF209047370411F8232E0402C3
:104C44003706B0F8B7E5F505938505103715030069
:104C5400130505D4EFF00FA0B706000113060000FA
:104C6400930500009387011703A5C700EF30806305
:104C740093075000232EF4026FF09FEB13074000BC
:104C840023A0E188EF209042370411F8232E040278
:104C94003706B0F8B7E5F505938505103715030019
:104CA400130505D4EFF00F9B938701173707000115
:104CB40083A6C70003A6870083A5470003A50700B2
:104CC400EF30402393075000232EF4026FF05FE689
:104CD4009304500023A09188EF20503D370411F82D
:104CE400232E04023706B0F8B7E5F50593850510C1
:104CF40037150300130505D4EFF0CF9593870117FB
:104D04003706000183A5470003A50700EF20507E66
:104D1400232E94026FF0DFE11307600023A0E188E3
:104D2400EF20D038370411F8232E04023706B0F8E8
:104D3400B7E5F5059385051037150300130505D46C
:104D4400EFF04F91938701173706000183A5C70041
:104D540003A58700EF20D07993075000232EF40297
:104D64006FF01FDD130101FE232E11009387818351
:104D740003A707002324E10003D747002316E1001B
:104D840083C767002307F10083A70188938717006F
:104D940023A0F188130760006374F70023A001883F
:104DA40083A7018813070101B307F70003C587FF31
:104DB400EFF09FD38320C10113010102678000003B
:104DC400130101FF2326110023248100B70711F8E2
:104DD40003A447011374340083A74181638C8702C1
:104DE400370711F88327470093F7D7FF2322F700EB
:104DF400930730006308F400B70711F803A44701D0
:104E040013743400930720006300F4029307100026
:104E14006304F40223AA81808320C1000324810057
:104E2400130101016780000037950000130585C94F
:104E3400EFF08FB96FF01FFE379500001305C5CA58
:104E4400EFF08FB8EFF01FF26FF0DFFC130101FFFA
:104E5400232611002324810037950000130505CC77
:104E6400EFF08FB6B7950000938545CF37950000D6
:104E7400130585CFEFF04FB5EFE05FE0B70711F80A
:104E840083A5070437950000130585D0EFF0CFB351
:104E9400EFF01F866F0000023706B0F8B7E5F5059E
:104EA40093850510378501001305056AEFE09FFA25
:104EB400EFF01FF1370501F8EFE0DFEDE30E05FC3D
:104EC400370501F8EFE0DFF513040500B79500009E
:104ED4009385C5D2370501F8EFE05FF09305040030
:104EE400370501F8EFE0DFEBB71505009385855A28
:104EF400370501F8EFE09FEE13050400EFF0DFBE85
:104F04006FF09FF903254500135505011375F50F3F
:104F140067800000130101FF232611002324810070
:104F24002322910013040500938405001305040053
:104F3400EFF05FFDE30C05FE232094008320C10005
:104F440003248100832441001301010167800000D0
:104F5400130101FF23261100232481002322910041
:104F6400930405001384050083450400638A050047
:104F74001304140013850400EFF0DFF96FF0DFFE73
:104F84008320C10003248100832441001301010113
:104F9400678000002320B50067800000032505001A
:104FA40067800000630605001305000067800000A9
:104FB400130101FF23261100B79500009385C5D383
:104FC400370501F8EFF0DFF8130510008320C10066
:104FD4001301010167800000130101FF2326110062
:104FE40023248100130405009375F50F370501F898
:104FF400EFF05FF2130504008320C1000324810055
:105004001301010167800000130101FF2326110031
:1050140023248100130405000345040063080500EC
:10502400EFF09FFB130414006FF01FFF1305A000A3
:10503400EFF09FFA130500008320C10003248100D0
:105044001301010167800000130101FF23261100F1
:105054002324810023229100930405003704004097
:105064001304F4FF338485001314240063460402FC
:10507400B3D7840013F7F700B79700009387C7A747
:10508400B387E70083C50700370501F8EFF09FE811
:105094001304C4FF6FF09FFD8320C100032481002B
:1050A40083244100130101016780000003254500AA
:1050B400135505011375F50F67800000130101FFF7
:1050C40023261100232481002322910013040500C8
:1050D4009384050013050400EFF05FFDE30C05FE67
:1050E400232094008320C1000324810083244100F1
:1050F4001301010167800000B7470F00938707245D
:10510400B3D5F502B7C70000938787FF3306F600CF
:10511400832706003385A5023305F500832706009F
:10512400B307F540E3DC07FE67800000130101FFCD
:105134002326110093050500370501F8EFF01FF849
:105144008320C1001301010167800000130101FFE6
:1051540023261100232481001304050003450400C1
:105164006308050013041400EFF05FFC6FF01FFFE9
:105174008320C10003248100130101016780000022
:10518400130101FF2326110023248100232291000F
:10519400930405001304C0016F004002B3D78400D8
:1051A40013F7F700B79700009387C7A7B387E70003
:1051B40003C50700EFF09FF71304C4FFE35004FE98
:1051C4008320C100032481008324410013010101D1
:1051D40067800000130101FF2326110023248100AE
:1051E40023229100930405001304C0016F004002C0
:1051F400B3D7840013F7F700B7970000938747AE3F
:10520400B387E70003C50700EFF05FF21304C4FFA0
:10521400E35004FE8320C100032481008324410061
:105224001301010167800000130101FF232611000F
:105234001375F50FEFF09FEF8320C10013010101F7
:1052440067800000130101FF23261100EFF01FF017
:105254008320C1001301010167800000130101FDD7
:1052640023261102232481022322910293040500A0
:1052740063460500130401006F00C0021305D00249
:10528400EFF09FFAB30490406FF0DFFE1307A00025
:10529400B3E7E402938707032300F400B3C4E402F2
:1052A40013041400E39404FE93070100E300F4FEE6
:1052B4006F0000011304F4FF03450400EFF0DFF670
:1052C40093070100E318F4FE8320C1020324810242
:1052D400832441021301010367800000130101FFCD
:1052E40023261100130700009307700063C0E70230
:1052F40093162700930700FFB397D700B377F50001
:1053040063860700130717006FF01FFEEFF09FEC92
:105314008320C1001301010167800000130101FF14
:1053240023261100130700009307700063C0E702EF
:1053340093162700930700FFB397D700B377F500C0
:1053440063860700130717006FF01FFEEFF05FE39B
:105354008320C1001301010167800000130101FCD7
:10536400232E1100232C8100232A9100930405008D
:105374002322B1022324C1022326D1022328E102DD
:10538400232AF102232C0103232E11039307410244
:105394002326F100130400006F00C0018327C1001D
:1053A400138747002326E10003A50700EFF0DFE79A
:1053B40013041400B387840003C507006302050CBB
:1053C400930750026306F506EFF01FE66FF05FFEE9
:1053D4008327C100138747002326E10003A50700A4
:1053E400EFF05FE66FF0DFFC8327C100138747000F
:1053F4002326E10003A50700EFF05FE66FF05FFBF3
:105404008327C100138747002326E10003A5070073
:10541400EFF0DFF06FF0DFF98327C1001387470057
:105424002326E10003A50700EFF05FEB6FF05FF8C0
:1054340013041400B387840083C70700E38A07F6C4
:1054440013073006E38CE7F413073007E382E7F829
:1054540013074006E38AE7F813078005E382E7FAB7
:1054640013078007E38AE7FA13076006E392E7FC71
:1054740037950000130585AFEFF0DFDC6FF05FF3C5
:105484008320C10103248101832441011301010408
:1054940067800000130101FF232611000328050083
:1054A400032848002390C50023A2D50023A4E500C7
:1054B4008327080013060000E78007008320C1004B
:1054C4001301010167800000130101FF232611006D
:1054D40023248100232291001304050093840500F2
:1054E4000327C505131707019306700013069000E0
:1054F400EFF05FFA83A7C400232EF40283A704010C
:105504002320F40403A744012322E40483A6840192
:105514002324D40493D78700B70640009386F6FF6C
:10552400B3F7D700938717009396970093D6660135
:10553400232ED40693973701232CF4069357B701EF
:1055440093F77700B7960000938606D593972700C4
:10555400B387F60083A70700135787011377370033
:10556400131727003387E60003270704B387E702EE
:105574002324F4068320C1000324810083244100F2
:105584001301010167800000130101FE232E1100A5
:10559400232C8100232A9100232821012326310171
:1055A4002324410123225101130A05001384050019
:1055B400930A0000930400009307100063CE57176A
:1055C40093850A0037950000130505DAEFF01FD91B
:1055D40093050000370912F813058900EFF09F9B2B
:1055E400130700009306000013060000930504004F
:1055F40013050A00EFF01FEA3706B0F8B7E5F50522
:10560400938505101305803EEFF01FAF930510003E
:1056140013058900EFF01F981307A01A9306500191
:10562400130680009305040013050A00EFF09FE6BB
:105634009305200013058900EFF0DF9513070000A0
:1056440093065001130670039305040013050A0022
:10565400EFF05FE4130900006390040A3706B0F822
:10566400B7E9F5059385091037C50000130505351D
:10567400EFF09FA893054000B70412F81385840047
:10568400EFF05F91130700009306500113067003B7
:105694009305040013050A00EFF0DFDF93055000C3
:1056A40013858400EFF01F8F370710409306100016
:1056B400130690029305040013050A00EFF09FDD22
:1056C4008325C400379500001305C5DAEFF01FC920
:1056D4008324C40093D4F4013706B0F893850910E9
:1056E40037450F0013050524EFF01FA11309190016
:1056F40093079000E3D227F7639004049307100004
:10570400639CFA00379500001305C5DBEFF01FC555
:10571400130510006F00400F3706B0F8B7E5F50524
:105724009385051037450F0013050524EFF0DF9C22
:10573400938A1A006FF05FE8130700009306700065
:10574400130620009305040013050A00EFF09FD40C
:105754008327C4002326FA04832704012328FA0498
:1057640083274401232AFA0483278401232CFA047F
:10577400130700009306500113063000930504003C
:1057840013050A00EFF01FD18357E400232EFA0417
:105794009305040013050A00EFF01FD30327CA057D
:1057A400131707019306D001130670009305040034
:1057B40013050A00EFF01FCE0327CA0513170701CC
:1057C40093065001130670039305040013050A00A1
:1057D400EFF05FCC1307200093065001130660001E
:1057E4009305040013050A00EFF0DFCA1307002035
:1057F40093065001130600019305040013050A00E3
:10580400EFF05FC9130500008320C1010324810167
:1058140083244101032901018329C100032A810052
:10582400832A41001301010267800000130101FE75
:10583400232E1100232C8100232A910023282101E7
:1058440023263101930405001389050093090600FA
:105854001384060013070600930650011306000282
:10586400EFF05FC3370780001307F7FF3307E40047
:1058740013179700330737019306500113061002DC
:105884009305090013850400EFF0DFC0130700003F
:105894009306D001130660029305090013850400E2
:1058A400EFF05FBF8320C101032481018324410100
:1058B400032901018329C10013010102678000004B
:1058C400130101FE232E1100232C8100232A9100B1
:1058D40023282101232631012324410123225101BC
:1058E4002320610113090500138B0500930A0600A8
:1058F400938906008327050003AA47001305C00106
:10590400EFB04FFF9304050013050001EFB08FFEC5
:10591400130405001306C001930500001385040059
:10592400EFC04F881306000193050000130504001F
:10593400EFC04F878327C9062326F40023243401AC
:10594400930710006388F906930790012390F400ED
:1059540023A464019307500123A2F40023205401DB
:10596400930720002322F40083270A00130604006F
:105974009385040013050900E780070013850400DC
:10598400EFB04FF813050400EFB0CFF78320C10147
:105994000324810183244101032901018329C100D6
:1059A400032A8100832A4100032B01001301010211
:1059B40067800000930780012390F4006FF05FF983
:1059C400130101FE232E1100232C8100232A9100B0
:1059D40023282101232631012324410123225101BB
:1059E40013090500938A0500130A0600938906002B
:1059F4001305C001EFB00FF0930405001305000177
:105A0400EFB04FEF130405001306C0019305000027
:105A140013850400EFB01FF913060001930500007D
:105A240013050400EFB01FF88327C9062326F400EA
:105A34002324340193071000638AF9069307200195
:105A44002390F40023A454019307500123A2F400EB
:105A540023204401930710002322F4008327090024
:105A640083A7470083A70700130604009385040057
:105A740013050900E780070013850400EFB08FE8E1
:105A840013050400EFB00FE88320C1010324810152
:105A940083244101032901018329C100032A8100D0
:105AA400832A41001301010267800000930710015B
:105AB4002390F4006FF01FF9130101FC232E11024F
:105AC400232C8102232A9102232821032326310334
:105AD400232441032322510323206103232E710134
:105AE400232C8101232A91012328A1012326B1011A
:105AF40093090500138A0500130D0600938C060014
:105B040013090700138C0700930B0800138B08007C
:105B140083240104832A4104832D81049307001004
:105B240063FAB70D13040010131494001306040051
:105B340093050A0013850900EFB05FDE6310050CBE
:105B4400939D3D013305A941B335A900330C9C4114
:105B5400B305BC401306400693060000EF20901BDB
:105B6400130605009386050013850D0093050000B8
:105B7400EF20501A1309050033857441B3B5A4000E
:105B8400B38A6A41B385BA401306400693060000FF
:105B9400EF205018130605009386050013850D00A9
:105BA40093050000EF2010178327C10493F7F73FF4
:105BB4006382070A130500008320C10303248103C1
:105BC40083244103032901038329C102032A810297
:105BD400832A4102032B0102832BC101032C81017F
:105BE400832C4101032D0101832DC1001301010404
:105BF4006780000013840D006FF01FF30326010576
:105C04008325C10437950000130585DDEFF00FF5FA
:105C1400930500009357240063FAF502B387B90093
:105C240003C60700B307BA0083C607006316D6008D
:105C3400938515006FF01FFE37950000130505DFEF
:105C4400EFF0CFF1130510006FF01FF713050000FC
:105C54006FF09FF61307050093060900032601055C
:105C64008325C10437950000130585E1EFF00FEF9C
:105C7400130500006FF05FF4130101FF23261100E8
:105C84002324810023229100232021019304050071
:105C94001389050013040000637C2401EFB01FE0A6
:105CA400B38784002380A700130414006FF0DFFE81
:105CB40003C50400EFB05FDD8320C100032481002D
:105CC40083244100032901001301010167800000BE
:105CD40003254500135505011375F50F6780000072
:105CE400130101FF232611002324810023229100A4
:105CF400130405009384050013050400EFF05FFD11
:105D0400E30C05FE232094008320C10003248100BA
:105D1400832441001301010167800000130101FF86
:105D24002326110093050500370501F8EFF05FFB0A
:105D34008320C1001301010167800000130101FFEA
:105D440023261100232481001304050003450400C5
:105D54006308050013041400EFF05FFC6FF01FFFED
:105D64008320C10003248100130101016780000026
:105D7400130101FF23261100232481002322910013
:105D8400930405001304C0016F004002B3D78400DC
:105D940013F7F700B79700009387C7A7B387E70007
:105DA40003C50700EFF09FF71304C4FFE35004FE9C
:105DB4008320C100032481008324410013010101D5
:105DC40067800000130101FF2326110023248100B2
:105DD40023229100930405001304C0016F004002C4
:105DE400B3D7840013F7F700B7970000938747AE43
:105DF400B387E70003C50700EFF05FF21304C4FFA5
:105E0400E35004FE8320C100032481008324410065
:105E14001301010167800000130101FF2326110013
:105E24001375F50FEFF09FEF8320C10013010101FB
:105E340067800000130101FF23261100EFF01FF01B
:105E44008320C1001301010167800000130101FDDB
:105E540023261102232481022322910293040500A4
:105E640063460500130401006F00C0021305D0024D
:105E7400EFF09FFAB30490406FF0DFFE1307A00029
:105E8400B3E7E402938707032300F400B3C4E402F6
:105E940013041400E39404FE93070100E300F4FEEA
:105EA4006F0000011304F4FF03450400EFF0DFF674
:105EB40093070100E318F4FE8320C1020324810246
:105EC400832441021301010367800000130101FFD1
:105ED40023261100130700009307700063C0E70234
:105EE40093162700930700FFB397D700B377F50005
:105EF40063860700130717006FF01FFEEFF09FEC97
:105F04008320C1001301010167800000130101FF18
:105F140023261100130700009307700063C0E702F3
:105F240093162700930700FFB397D700B377F500C4
:105F340063860700130717006FF01FFEEFF05FE39F
:105F44008320C100130101016780000003250504BB
:105F540013751500678000001307050493070021DB
:105F64002320F5048327070093F70701E39C07FE2A
:105F740067800000130101FF232611002324810000
:105F84001304050013050400EFF05FFCE31C05FE99
:105F94008320C100032481001301010167800000F4
:105FA400130101FF23261100130700422320E504F7
:105FB400EFF05FFC8320C100130101016780000042
:105FC4008327450093F70710E39C07FE67800000D2
:105FD400130101FF23261100130710302322E500CB
:105FE400EFF01FFE8320C100130101016780000050
:105FF400032585001375F50F678000000325C50090
:106004001375F50F3335A000678000000325C50024
:106014001375F50F1335150067800000130101FC9B
:10602400232E1100232C8100232A910093040500C0
:106034002322B1022324C1022326D1022328E10210
:10604400232AF102232C0103232E11039307410277
:106054002326F100130400006F00C0018327C10050
:10606400138747002326E10003A50700EFF0DFDADA
:1060740013041400B387840003C507006302050CEE
:10608400930750026306F506EFF01FD96FF05FFE29
:106094008327C100138747002326E10003A50700D7
:1060A400EFF05FD96FF0DFFC8327C100138747004F
:1060B4002326E10003A50700EFF05FD96FF05FFB33
:1060C4008327C100138747002326E10003A50700A7
:1060D400EFF0DFE36FF0DFF98327C1001387470098
:1060E4002326E10003A50700EFF05FDE6FF05FF801
:1060F40013041400B387840083C70700E38A07F6F8
:1061040013073006E38CE7F413073007E382E7F85C
:1061140013074006E38AE7F813078005E382E7FAEA
:1061240013078007E38AE7FA13076006E392E7FCA4
:1061340037950000130585AFEFF0DFCF6FF05FF305
:106144008320C1010324810183244101130101043B
:1061540067800000130101FF23261100232481001E
:10616400232291001304050093840500377501F878
:10617400EFF09FDE377701F8B7170000938747B336
:106184002320F700377501F8EFF09FE4377501F825
:10619400EFF0DFE7EFE01FE16300050213041000F6
:1061A400130504008320C1000324810083244100DB
:1061B4001301010167800000935784003717000022
:1061C400130707B0B3E7E700377701F82320F70098
:1061D400377501F8EFF0DFDF377501F8EFF01FE3F3
:1061E400EFE05FDC63060500130410006FF05FFB53
:1061F4001374F40FB7170000938707B03364F400E7
:10620400B77701F823A08700377501F8EFF05FDC5A
:10621400377501F8EFF09FDFEFE0DFD86306050084
:10622400130410006FF0DFF7B7170000938707B06F
:10623400B3E4F400B77701F823A09700377501F8A9
:10624400EFF01FD9377501F8EFF05FDCEFE09FD571
:106254001304050063060500130410006FF05FF4D7
:10626400377501F8EFF0DFD36FF09FF3130101FEF0
:10627400232E1100232C8100232A9100232821019D
:106284002326310193040500377501F8EFF0DFCCC4
:10629400377901F837140000930744B32320F90039
:1062A400377501F8EFF0DFD2377501F8EFF01FD63C
:1062B400EFE05FCF93D78400930904B0B3E73701CD
:1062C4002320F900377501F8EFF09FD0377501F8F6
:1062D400EFF0DFD3EFE01FCD93F4F40FB3E4340118
:1062E40023209900377501F8EFF09FCE377501F838
:1062F400EFF0DFD1EFE01FCB377501F8EFF05FCAA5
:10630400377501F8EFF05FC5930754B32320F90004
:10631400377501F8EFF0DFCB377501F8EFF01FCFD9
:10632400EFE05FC81304F4BF23208900377501F838
:10633400EFF01FCA377501F8EFF05FCCEFE09FC6AE
:10634400377501F8EFF0DFCA1374F50F377501F8EC
:10635400EFF01FC5130504008320C101032481014C
:1063640083244101032901018329C100130101028E
:1063740067800000130101FF2326110023248100FC
:106384002322910023202101130905009384050091
:1063940093D52500379500001305854FEFF01FC8EE
:1063A400130400006352940293172400B307F90006
:1063B40083C5270003D50700EFF0DFD96314050276
:1063C400130414006FF01FFE130500008320C100A6
:1063D40003248100832441000329010013010101E6
:1063E40067800000130510006FF05FFE130101FFCA
:1063F400232611009305000013050010EFF09FD52C
:10640400630A0500130510008320C1001301010174
:10641400678000009305201337950000130585E677
:10642400EFF05FF5631A050E93052007379500001A
:10643400130585E61305854CEFF0DFF36312050EB3
:106444009305200013051010EFF0DFD0630605005C
:10645400130510006FF05FFB9305900013050034E3
:10646400EFF05FCF63060500130510006FF0DFF94E
:106474009305500913051034EFF0DFCD63060500D2
:10648400130510006FF05FF89305F000130520204A
:10649400EFF05FCC63060500130510006FF0DFF624
:1064A4009305600C13053020EFF0DFCA6306050086
:1064B400130510006FF05FF59305300013054020BD
:1064C400EFF05FC963060500130510006FF0DFF3FA
:1064D4009305000013055020EFF0DFC763060500A5
:1064E400130510006FF05FF29305100013054011BF
:1064F400EFF05FC663060500130510006FF0DFF0D0
:106504009305100013050010EFF0DFC4E30E05EE51
:10651400130510006FF05FEF130520006FF0DFEE3E
:10652400130530006FF05FEEB7470F009387072421
:10653400B3D5F502B7C70000938787FF3306F6008B
:10654400832706003385A5023305F500832706005B
:10655400B307F540E3DC07FE67800000032505046C
:1065640013751500678000001307050493070021C5
:106574002320F5048327070093F70701E39C07FE14
:1065840067800000130101FF2326110023248100EA
:106594001304050013050400EFF05FFCE31C05FE83
:1065A4008320C100032481001301010167800000DE
:1065B400130101FF23261100130700422320E504E1
:1065C400EFF05FFC8320C10013010101678000002C
:1065D4008327450093F70710E39C07FE67800000BC
:1065E400130101FF23261100130710302322E500B5
:1065F400EFF01FFE8320C10013010101678000003A
:10660400032585001375F50F678000000325C50079
:106614001375F50F3335A000678000000325C5000E
:106624001375F50F1335150067800000130101FF82
:106634002326110023248100232291001304050042
:1066440093840500377501F8EFF01FF2377701F8EE
:10665400B7170000938707B82320F700377501F8B0
:10666400EFF01FF8377501F8EFF05FFBEFE09F9351
:106674006300050213041000130504008320C10005
:106684000324810083244100130101016780000079
:106694009357840037170000130707B0B3E7E700E8
:1066A400377701F82320F700377501F8EFF05FF32F
:1066B400377501F8EFF09FF6EFE0DF8E6306050013
:1066C400130410006FF05FFB1374F40FB71700008E
:1066D400938707B03364F400B77701F823A08700E9
:1066E400377501F8EFF0DFEF377501F8EFF01FF3BE
:1066F400EFE05F8B63060500130410006FF0DFF713
:10670400B7170000938707B0B3E4F400B77701F834
:1067140023A09700377501F8EFF09FEC377501F867
:10672400EFF0DFEFEFE01F881304050063060500B8
:10673400130410006FF05FF4377501F8EFF05FE7B2
:106744006FF09FF3130101FF23261100232481001E
:10675400232291001304050093840500377501F882
:10676400EFF09FE0377701F8B7170000938707B57C
:106774002320F700377501F8EFF09FE6377501F82D
:10678400EFF0DFE9EFE01F8263000502130410005D
:10679400130504008320C1000324810083244100E5
:1067A400130101016780000093578400371700002C
:1067B400130707B0B3E7E700377701F82320F700A2
:1067C400377501F8EFF0DFE1377501F8EFF01FE5F9
:1067D400EFE04FFD63060500130410006FF05FFB4C
:1067E4001374F40FB7170000938707B03364F400F1
:1067F400B77701F823A08700377501F8EFF05FDE63
:10680400377501F8EFF09FE1EFE0CFF9630605007B
:10681400130410006FF0DFF7B7170000938707B079
:10682400B3E4F400B77701F823A09700377501F8B3
:10683400EFF01FDB377501F8EFF05FDEEFE08FF666
:106844001304050063060500130410006FF05FF4E1
:10685400377501F8EFF0DFD56FF09FF3130101FEF8
:10686400232E1100232C8100232A910023282101A7
:106874002326310193040500377501F8EFF0DFCECC
:10688400377901F837140000930704B82320F9007E
:10689400377501F8EFF0DFD4377501F8EFF01FD842
:1068A400EFE04FF093D78400930904B0B3E73701C6
:1068B4002320F900377501F8EFF09FD2377501F8FE
:1068C400EFF0DFD5EFE00FEE93F4F40FB3E434010F
:1068D40023209900377501F8EFF09FD0377501F840
:1068E400EFF0DFD3EFE00FEC377501F8EFF05FCC9A
:1068F400377501F8EFF05FC7930714B82320F90048
:10690400377501F8EFF0DFCD377501F8EFF01FD1DF
:10691400EFE04FE91304F4BF23208900377501F831
:10692400EFF01FCC377501F8EFF05FCEEFE08FE7A3
:10693400377501F8EFF0DFCC1374F50F377501F8F4
:10694400EFF01FC7130504008320C1010324810154
:1069540083244101032901018329C1001301010298
:1069640067800000130101FE232E1100232C8100F7
:10697400232A9100232821012326310193040500B1
:10698400377501F8EFF05FBE377901F8371400006E
:10699400930704B52320F900377501F8EFF05FC4BD
:1069A400377501F8EFF09FC7EFE0CFDF93D784008E
:1069B400930904B0B3E737012320F900377501F8D0
:1069C400EFF01FC2377501F8EFF05FC5EFE08FDD20
:1069D40093F4F40FB3E4340123209900377501F8DC
:1069E400EFF01FC0377501F8EFF05FC3EFE08FDB06
:1069F400377501F8EFF0DFBB377501F8EFF0DFB65C
:106A0400930714B52320F900377501F8EFF05FBD43
:106A1400377501F8EFF09FC0EFE0CFD81304F4BF4F
:106A240023208900377501F8EFF09FBB377501F813
:106A3400EFF0DFBDEFE00FD7377501F8EFF05FBC83
:106A44001374F50F377501F8EFF09FB613050400C2
:106A54008320C1010324810183244101032901010D
:106A64008329C1001301010267800000130101FFA3
:106A740023261100930500081305402CEFF01FBBDB
:106A8400630A0500130510008320C10013010101EE
:106A9400678000003706B0F8B7E5F5059385051063
:106AA40037C5000013050535EFF01FA89305000353
:106AB40013051033EFF09FB79305000D1305A040A5
:106AC400EFF05FC89305000D1305A044EFF09FC7D6
:106AD4009305000D1305A044EFF0DFC69305900362
:106AE40013050032EFF01FC69305900313053032EF
:106AF400EFF05FC5930500091305402CEFF01FB3B9
:106B0400E30405F8130510006FF01FF80325450092
:106B1400135505011375F50F67800000130101FF7C
:106B2400232611002324810023229100130405004D
:106B34009384050013050400EFF05FFDE30C05FEEC
:106B4400232094008320C100032481008324410076
:106B54001301010167800000130101FF23261100C6
:106B640093050500370501F8EFF05FFB8320C100B2
:106B74001301010167800000130101FF23261100A6
:106B84002324810013040500034504006308050061
:106B940013041400EFF05FFC6FF01FFF8320C100AB
:106BA400032481001301010167800000130101FF28
:106BB400232611002324810023229100930405003D
:106BC4001304C0016F004002B3D7840013F7F70029
:106BD400B79700009387C7A7B387E70003C50700EB
:106BE400EFF09FF71304C4FFE35004FE8320C100B9
:106BF4000324810083244100130101016780000004
:106C0400130101FF23261100232481002322910074
:106C1400930405001304C0016F004002B3D784003D
:106C240013F7F700B7970000938747AEB387E700E1
:106C340003C50700EFF05FF21304C4FFE35004FE42
:106C44008320C10003248100832441001301010136
:106C540067800000130101FF232611001375F50F4F
:106C6400EFF09FEF8320C100130101016780000052
:106C7400130101FF23261100EFF01FF08320C10050
:106C84001301010167800000130101FD2326110295
:106C94002324810223229102930405006346050004
:106CA400130401006F00C0021305D002EFF09FFA35
:106CB400B30490406FF0DFFE1307A000B3E7E402D3
:106CC400938707032300F400B3C4E40213041400FD
:106CD400E39404FE93070100E300F4FE6F00000157
:106CE4001304F4FF03450400EFF0DFF693070100FB
:106CF400E318F4FE8320C1020324810283244102A9
:106D04001301010367800000130101FF2326110012
:106D1400130700009307700063C0E702931627006F
:106D2400930700FFB397D700B377F5006386070096
:106D3400130717006FF01FFEEFF09FEC8320C100D4
:106D44001301010167800000130101FF23261100D4
:106D5400130700009307700063C0E702931627002F
:106D6400930700FFB397D700B377F5006386070056
:106D7400130717006FF01FFEEFF05FE38320C100DD
:106D84001301010167800000939575003385A50008
:106D94002320C5009386F6FFB71700001387F7FF7B
:106DA400B3F6E600B3E6F6002326D50067800000BC
:106DB400939575003385A5002328C5009386F6FFB7
:106DC400B71700001387F7FFB3F6E600B3E6F60043
:106DD400232ED50067800000939575003385A500A8
:106DE4002324C500630E0700B7270000638E060046
:106DF40037470000B3E7E7002326F500678000006B
:106E0400930700006FF09FFE130700006FF09FFED2
:106E1400939575003385A50093968600B3E6C60066
:106E240013170701B3E6E600232CD500638407009B
:106E3400B7270000232EF5006780000093957500A6
:106E44003385A5001306F6FF2320C50263880600D8
:106E5400930730002326F502678000009307100093
:106E64006FF05FFF939575003385A5002328C50651
:106E7400232C0506930700012326F50267800000F2
:106E8400939575003385A50093071000232CF50610
:106E9400930700012326F50267800000939575008F
:106EA400B385A5009307400023A6F5026780000080
:106EB400939575003385A5009307F0FF232AF50405
:106EC4002328C5046780000093957500B385A50049
:106ED40003A5C502137515006780000083A705008C
:106EE4002324F50283A745002326F50283A7850002
:106EF4002328F50283A7C5002328F50483A70501E9
:106F0400232AF50483A74501232CF5046780000098
:106F1400130101FC232E1100232C8100232A91004C
:106F2400930405002322B1022324C1022326D102A3
:106F34002328E102232AF102232C0103232E110327
:106F4400930741022326F100130400006F00C001DF
:106F54008327C100138747002326E10003A5070008
:106F6400EFF05FCF13041400B387840003C5070058
:106F74006302050C930750026306F506EFF09FCDFC
:106F84006FF05FFE8327C100138747002326E100CB
:106F940003A50700EFF0DFCD6FF0DFFC8327C1000E
:106FA400138747002326E10003A50700EFF0DFCD98
:106FB4006FF05FFB8327C100138747002326E1009E
:106FC40003A50700EFF05FD86FF0DFF98327C10056
:106FD400138747002326E10003A50700EFF0DFD263
:106FE4006FF05FF813041400B387840083C70700AD
:106FF400E38A07F613073006E38CE7F41307300738
:10700400E382E7F813074006E38AE7F813078005ED
:10701400E382E7FA13078007E38AE7FA13076006B7
:10702400E392E7FC37950000130585AFEFF05FC4EA
:107034006FF05FF38320C1010324810183244101A4
:10704400130101046780000013D32500935E26001A
:1070540013880600930807003306B64093522600AF
:10706400B30FD740130720006382E7066370F7026B
:10707400130730006382E706130740006392E704B6
:1070840037AF0000130FCF936F00000213071000F7
:107094006398E700375F0300130F4FA06F00C00031
:1070A400373F0400130FCFF9130E000093050000BF
:1070B4001306000013070000930600006F0000068B
:1070C400373F0400130FCFF96FF01FFE376F020034
:1070D400130FCF466FF05FFD378F0100130F4FED95
:1070E4006FF09FFC6346060163C4C800130E1E00C4
:1070F4001306160093050000130700006F00000834
:107104000324C10013010101678000001307170065
:107114009307001E630AF70893861600B7F7070063
:107124009387F78F63C0D70AE34206FFE3C0C8FE24
:10713400E34E67FCE3CCEEFCE3CACFFDE3C8B2FC4C
:10714400130101FF2326810093074017B307FE02B2
:10715400B307FF0093932600B3037500139425002F
:10716400B387870083A7070023A0F3009385150046
:10717400130717009307001EE306F7F6938616001D
:10718400B7F707009387F78FE3CCD7F6E34206FF00
:10719400E3C0C8FEE34E67FCE3CCEEFCE3CACFFDDC
:1071A400E3C8B2FC6FF05FFA6346060163C4C8002B
:1071B400130E1E00130616009305000013070000AB
:1071C4006FF09FF567800000130101F72326810803
:1071D400379300001303C351130E010093020308F5
:1071E40003240300832F4300032F8300832EC30053
:1071F40023208E002322FE012324EE012326DE0118
:1072040013030301130E0E01E31C53FC93D8250052
:1072140093D52700338FB800130FFFFF13532600B5
:10722400B305B340938F1500138E0600B383D700C4
:10723400B302F74013060000930500009307000013
:107244006F000006930680006304D80893D6F541C6
:1072540093DEE601B386D50193F63600B386D641B4
:1072640093963600B386060193962600930E010882
:10727400B386DE0083AE06F893162600B306D50067
:107284003704010113041410B3EE8E0023A0D601B9
:10729400938717009306001E6384D7041306160011
:1072A400B7F607009386F68F63C2C604E3C217FFDE
:1072B400E340F3FEE3CEC5FDE34CB7FCE354FFF833
:1072C400E3D2F7F9E3D0B3F8E3C455FC6FF09FF7CA
:1072D40093162600B306D50023A006006FF05FFBCB
:1072E40093851500930700006FF05FFB0324C1082A
:1072F400130101096780000013070000B7F70700B6
:107304009387F78F63ECE70093172700B307F50023
:1073140023A00700130717006FF05FFE9307000018
:107324006F004001139727003307E500232007006F
:107334009387170037F707001307F78F6364F70283
:107344001307800733F7E70293063001E3ECE6FC0A
:10735400139727003307E5009306F0FF2320D70097
:107364006FF01FFD67800000130101C8939515009D
:1073740013882500B79600009386C65193870608A4
:10738400130701009386064083AE070003AE47004F
:1073940003A3870083A8C7002320D7012322C701A2
:1073A4002324670023261701938707011307070186
:1073B400E39CD7FC630E06069386050013070000C2
:1073C400930800006F00C00A1383050093060600AB
:1073D40093174300B387D700939727009308013886
:1073E400B387F80083A807C893172700B307F500ED
:1073F40023A0170113071700B7F707009387F78F28
:1074040063E6E70AE30607FC9307C003B377F702D2
:10741400E39007FC9386160093078000E39AF6FA3C
:1074240013031300E30268FA930606006FF05FFA91
:107434001383050093060600130700006FF0DFFBBB
:10744400938605006F00000593974600B3871701E4
:107454009397270013060138B307F60003A607C85D
:1074640093172700B307F50023A0C70013071700DD
:10747400B7F707009387F78F63EAE702E30607FC91
:107484009307001EB377F702E39007FC9386160078
:10749400E308D8FAB7070100938707D2B377F70256
:1074A400E39407FA938818006FF01FFA1301013868
:1074B40067800000130101FF2326110023248100AB
:1074C400232291009304050013840500370513F863
:1074D400EFF09F9F6316050693050400371505001A
:1074E40013054555EFF0DFA2930600101386040040
:1074F40093050400370513F8EFF09F8B1307000082
:10750400930600001306000093050400370513F8E2
:10751400EFF09F8C9306100037A61F001306064059
:1075240093050400370513F8EFF05F918320C10041
:1075340003248100832441001301010167800000BA
:10754400930504003715050013054553EFF05F9CC0
:1075540093050400370513F8EFF05F946FF0DFF73D
:10756400130101FF2326110023248100232291000B
:107574002320210113090500938405001304060048
:107584009305050093060000930700006382060C30
:10759400370700081307F7FFB387E70093975700EF
:1075A400B387F40023AC970023AE070093050400CF
:1075B400370513F8EFF05F916312050E930504008D
:1075C400370513F8EFF05F90E31A05FE3715050051
:1075D40013054559EFF0DF9393050400370513F8BD
:1075E400EFF0DF8B93050400370513F8EFF01F8BE2
:1075F400930600101306090093050400370513F8D9
:10760400EFF00FFB130700009306000013060000C1
:1076140093050400370513F8EFF00FFC13860400FC
:1076240093050400370513F8EFF0DF8337150500E1
:107634001305C55AEFF0DF8D8320C10003248100B8
:107644008324410003290100130101016780000024
:10765400139757003387E40037A61FC01306F63F7D
:107664002322C70013080000930800002324070105
:10767400232617012328B700232A0700938717001E
:10768400139657003386C400232CC700232E07000B
:1076940023200700938616006FF05FEF9305040024
:1076A4003715050013054557EFF09F869305040031
:1076B400370513F8EFF08FFE6FF05FF0130101FF51
:1076C4002326110023248100232291002320210159
:1076D40013090500938405001304060093050500AF
:1076E4009306000093070000638E060C370700081A
:1076F4001307F7FFB387E70093975700B387F400A6
:1077040023AC970023AE070093050400370513F854
:10771400EFF08FFB631E050E93050400370513F885
:10772400EFF08FFAE31A05FE371505001305455CE3
:10773400EFF00FFE93050400370513F8EFF00FF692
:107744001306000093050400370513F8EFF04FF615
:1077540093050400370513F8EFF04FF4B716000053
:10776400938606801306090093050400370513F871
:10777400EFF08FE193071000130700009306000059
:107784001306000093050400370513F8EFF04FE8E3
:107794001386040093050400370513F8EFF08FEC0B
:1077A400371505001305855DEFF08FF68320C100C2
:1077B40003248100832441000329010013010101F2
:1077C40067800000139757003387E40037A61FC073
:1077D4001306F63F2322C7002324B70023260700FD
:1077E400130800009308000023280701232A170127
:1077F40093871700139657003386C400232CC700C1
:10780400232E070023200700938616006FF0DFED78
:10781400371505001305455CEFF08FEF9305040061
:10782400370513F8EFF08FE76FF01FEF130101FF37
:1078340023261100371505001305055FEFF04FED02
:1078440093050000370513F8EFF04FE537150500F1
:1078540013054560EFF0CFEB93052000370513F8CF
:10786400EFF0CFE38320C100130101016780000022
:10787400130101FF232611002324810013040500B2
:10788400930505003715050013058561EFF04FE8F2
:1078940093050400370513F8EFF04FE08320C1008F
:1078A400032481001301010167800000130101FF1B
:1078B40023261100371505001305C562EFF04FE5C7
:1078C40093054000370513F8EFF04FDD3715050039
:1078D4001305C563EFF0CFE38320C1001301010159
:1078E40067800000130101FF232611002324810077
:1078F40013040500371505001305C562EFF04FE1C9
:1079040093050400370513F8EFF04FD93715050038
:107914001305C563EFF0CFDF8320C100032481008A
:107924001301010167800000130101FE232E1100E1
:10793400232C8100232A91002328210123263101AD
:1079440013090500938405009309060013146600C7
:107954003715050013050565EFF08FDB37150500B6
:1079640013054566EFF0CFDA9306000063FC960436
:10797400139746003307E90083250700B70714F877
:107984003306F4002320B6008325470013864700FE
:107994003306C4002320B60083258700138687009E
:1079A4003306C4002320B6000327C7009387C7000B
:1079B400B307F40023A0E700130404019386160020
:1079C4006FF0DFFA3715050013054568EFF04FD463
:1079D40093850900370513F8EFF00FCF631A0506F6
:1079E40093850900371505001305C569EFF04FD2DB
:1079F400930600101306000093850900370513F859
:107A0400EFF00FBB130700009306100013060000ED
:107A140093850900370513F8EFF00FBC938509002F
:107A2400370513F8EFF0CFC5371505001305056CBE
:107A3400EFF00FCE8320C10103248101832441018F
:107A4400032901018329C100130101026780000099
:107A5400938509003715050013054553EFF04FCB07
:107A640093850900370513F8EFF04FC36FF05FF704
:107A7400130101FE232E1100232C8100232A9100DF
:107A840023282101232631011309050093840500CD
:107A94009309060013146600371505001305056ED7
:107AA400EFF00FC7371505001305056FEFF04FC64C
:107AB4009306000063FC9604139746003307E9001D
:107AC40083250700B70714F83306F4002320B60013
:107AD40083254700138647003306C4002320B600DD
:107AE40083258700138687003306C4002320B6004D
:107AF4000327C7009387C700B307F40023A0E70058
:107B040013040401938616006FF0DFFA371505009D
:107B140013054568EFF0CFBF371505001305056E53
:107B2400EFF00FBF93850900370513F8EFF00FB797
:107B34001306000093850900370513F8EFF04FB7DB
:107B4400B71600009386068013060000938509008B
:107B5400370513F8EFF04FA3930710001307000045
:107B6400930600001306000093850900370513F8F7
:107B7400EFF00FAA93850900370513F8EFF04FB023
:107B84003715050013050571EFF08FB88320C10187
:107B94000324810183244101032901018329C100B4
:107BA4001301010267800000130101FF2326110065
:107BB40023248100232291009304050013840500EB
:107BC400371505001305056EEFF08FB49305040017
:107BD400370513F8EFF08FAC13060000930504008B
:107BE400370513F8EFF0CFACB71600009386068084
:107BF4001386040093050400370513F8EFF0CF98BB
:107C040093071000130700009306000013060000FA
:107C140093050400370513F8EFF08F9F93061000C7
:107C240037A61F001306064093050400370513F812
:107C3400EFF0CFA0371505001305C563EFF04FAD86
:107C44008320C10003248100832441001301010126
:107C540067800000130101FF232611002324810003
:107C640013040500371505001305056EEFF04FAA40
:107C740093054000370513F8EFF04FA213060000F8
:107C840093054000370513F8EFF08FA29306001018
:107C94001306040093054000370513F8EFF0CF8E68
:107CA400930710001307000093060000130600005A
:107CB40093054000370513F8EFF08F9593061000F5
:107CC40037A61F001306064093054000370513F836
:107CD400EFF0CF96371505001305C563EFF04FA3FA
:107CE4008320C10003248100130101016780000087
:107CF400130101FE232E1100232C8100232A91005D
:107D0400930405001304060023200100232201002C
:107D140013060000930600006F00000793975600B7
:107D2400B307F400370700C01307F73B23A2E700AB
:107D340003254100131845003308A84013175800C1
:107D440013078707131727003387E50023A4E700E9
:107D540023A60700130800009308000023A80701C6
:107D640023AA170193861600139756003307E400DD
:107D740023ACE70023AE070023A00700130515007A
:107D84002322A10013061600B71700009387F78675
:107D940063ECC70693771600E39207F893975600AF
:107DA400B307F400370700C01307F73B23A2E7002B
:107DB40003250100131845003308A8401317580081
:107DC40013078707131727003387E40023A4E7006A
:107DD40023A60700130800009308000023A8070146
:107DE40023AA170193861600139756003307E4005D
:107DF40023ACE70023AE070023A0070013051500FA
:107E04002320A1006FF01FF8B70700089387F7FF3E
:107E1400B387F60093975700B307F40023AC8700A9
:107E240023AE070093054000370513F8EFF0CF8920
:107E34006314050A93054000370513F8EFF0CF8863
:107E4400E31A05FE371505001305056EEFF04F8C98
:107E540093054000370513F8EFF04F841306000034
:107E640093054000370513F8EFF08F849305400025
:107E7400370513F8EFF08F82930600201386040071
:107E840093054000370513F8EFE01FF09307100047
:107E9400130700009306000013060000930540003A
:107EA400370513F8EFE0DFF61306040093054000EE
:107EB400370513F8EFE01FFB371505001305C563FD
:107EC400EFF00F858320C101032481018324410144
:107ED4001301010267800000371505001305056EC4
:107EE400EFF00F8393054000370513F8EFE01FFB15
:107EF4006FF05FF4130101FC232E1102232C810285
:107F0400232A91029304050013040700B797000085
:107F14009387C75183A8074003A8474003A5874018
:107F240003A7C74023201103232201032324A10212
:107F34002326E10203A8074103A5474103A787417C
:107F440083A7C74123280101232AA100232CE10090
:107F5400232EF10023200100232201002324010009
:107F64002326010013080000130700006F00C00857
:107F740093175700B307F400370500C01305F53B0A
:107F840023A2A7000323410083284101338568000D
:107F940093184500B388A84013955800032E410256
:107FA4009358FE4193F83800B388C80193D8284009
:107FB40033051501131525003385A50023A4A70057
:107FC40023A60700130E0000930E000023A8C70188
:107FD40023AAD70113071700131557003305A4006C
:107FE40023ACA70023AE070023A00700130313004C
:107FF40023226100130818009307080037150000B6
:108004001305F586636A051B13057043636AF50857
:1080140093F71700E39E07F493175700B307F40090
:10802400370500C01305F53B23A2A7000323010075
:10803400832801013385680093184500B388A8405C
:1080440013955800032E01029358FE4193F838000B
:10805400B388C80193D828403305150113152500AA
:108064003385A40023A4A70023A60700130E000051
:10807400930E000023A8C70123AAD70113071700F2
:10808400131557003305A40023ACA70023AE070043
:1080940023A0070013031300232061006FF09FF552
:1080A40093F717006396070893175700B307F40074
:1080B400370500C01305F53B23A2A7000323810065
:1080C400832881013385680093184500B388A8404C
:1080D40013955800032E81029358FE4193F83800FB
:1080E400B388C80193D8284033051501131525001A
:1080F4003305A60023A4A70023A60700130E00003F
:10810400930E000023A8C70123AAD7011307170061
:10811400131557003305A40023ACA70023AE0700B2
:1081240023A0070013031300232461006FF09FECC6
:1081340093175700B307F400370500C01305F53B48
:1081440023A2A7000323C1008328C101338568004B
:1081540093184500B388A84013955800032EC10214
:108164009358FE4193F83800B388C80193D8284047
:1081740033051501131525003385A60023A4A70094
:1081840023A60700130E0000930E000023A8C701C6
:1081940023AAD70113071700131557003305A400AA
:1081A40023ACA70023AE070023A00700130313008A
:1081B400232661006FF01FE4B70700089387F7FFD9
:1081C400B307F70093975700B307F40023AC870075
:1081D40023AE070093054000370513F8EFE0DFCE28
:1081E4006314050A93054000370513F8EFE0DFCD6B
:1081F400E31A05FE371505001305056EEFE05FD1A0
:1082040093054000370513F8EFE05FC9130600003B
:1082140093054000370513F8EFE09FC9930540002C
:10822400370513F8EFE09FC7930600201386040078
:1082340093054000370513F8EFE01FB593071000CE
:108244001307000093060000130600009305400086
:10825400370513F8EFE0DFBB130604009305400075
:10826400370513F8EFE01FC0371505001305C56384
:10827400EFE01FCA8320C103032481038324410345
:108284001301010467800000371505001305056E0E
:10829400EFE01FC893054000370513F8EFE01FC057
:1082A4006FF05FF4130101FF2326110023248100E2
:1082B4002322910093040500138406001308000090
:1082C400130500009307704363CE07079317550007
:1082D400B307F400370700C01307F77723A2E700BA
:1082E4003307C80093164700B386E6401397560039
:1082F40093D6F54193F63600B386B60093D626405E
:108304003307D700131727003387E40023A4E700BB
:1083140023A60700930600001307000023A8D70034
:1083240023AAE70013051500131755003307E400CB
:1083340023ACE70023AE070023A0070013081800AE
:108344006FF05FF8B70700089387F7FFB307F500EE
:1083540093975700B307F40023AC870023AE0700BC
:1083640093054000370513F8EFE01FB66314050AC0
:1083740093054000370513F8EFE01FB5E31A05FE37
:10838400371505001305056EEFE09FB8930540000F
:10839400370513F8EFE09FB0130600009305400083
:1083A400370513F8EFE0DFB093054000370513F805
:1083B400EFE0DFAE9306002013860400930540002F
:1083C400370513F8EFE05F9C9307100013070000D4
:1083D400930600001306000093054000370513F8C8
:1083E400EFE01FA31306040093054000370513F8BC
:1083F400EFE05FA7371505001305C563EFE05FB134
:108404008320C1000324810083244100130101015E
:1084140067800000371505001305056EEFE05FAFB8
:1084240093054000370513F8EFE05FA76FF05FF4A2
:10843400130101FD23261102930730002324F100C8
:10844400B78701009387076A2326F1009307200367
:108454002328F1009307D007232AF100232CF100ED
:108464009307A00F232EF10093058100377501F8BF
:10847400EFE0DFA68320C10213010103678000003F
:1084840067800000130101FC232011002322510006
:1084940023246100232671002328A100232AB1008C
:1084A400232CC100232ED1002320E1022322F10238
:1084B40023240103232611032328C103232AD103E0
:1084C400232CE103232EF103EFB0CFF3832001002B
:1084D40083224100032381008323C100032501017A
:1084E40083254101032681018326C101032701025B
:1084F40083274102032881028328C102032E01033A
:10850400832E4103032F8103832FC103130101042D
:1085140073002030938706009308060013030500B8
:10852400138805006396061A63FCC50C370701001F
:108534006364E622B7070001636AF6409356860136
:1085440093078001179704001307471E3307D700CA
:1085540003470700B307F700130700023307F74088
:10856400630C07003398E500B357F500B318E60031
:1085740033E807013313E50013D608013355C80265
:108584009396080193D60601935703013377C802E3
:10859400B385A602131707013368F700637CB8009C
:1085A400330818019307F5FF636418016368B83E44
:1085B400138507003308B8403357C8021313030167
:1085C400135303013378C802B386E6021318080173
:1085D40033686800637ED800338808019307F7FF87
:1085E400636618011307E7FF6364D8001387070065
:1085F400131505013365E50093050000678000004D
:108604006316060013071000B358C70237070100AA
:1086140063E8E812B707000163E0F83493D68801F1
:108624009307800117970400130747103307D700F7
:1086340083460700B386F60093070002B387D7404A
:1086440063980712939E08013387154113DF0801CD
:1086540093DE0E0193051000935703013355E7038E
:108664003377E703B306D50313170701B367F7009E
:1086740063FCD700B38717011307F5FF63E4170101
:1086840063E4D73213050700B387D74033D7E70332
:108694001313030113530301B3F7E703B30ED70313
:1086A40093970701B3E7670063FED701B387F80028
:1086B4009306F7FF63E617011307E7FF63E4D701A7
:1086C40013870600131505013365E5006780000074
:1086D40063E8D504B707010063EAF604B7070001AD
:1086E40063E0F62613D786011308800197970400E8
:1086F4009387C703B387E70003C70700130E00027D
:1087040033070701330EEE4063160E1063ECB624F4
:108714003335C5001345150093050000678000003C
:108724009305000013050000678000009307F00F15
:1087340063F0D72413D78600130880006FF01FFB63
:108744001307F00F93860800E37E17ED93D6880095
:10875400930780006FF01FED1307F00F93060600D8
:10876400E372C7DE93568600930780006FF09FDDA7
:10877400B398F80033D6D50013DF0801335EE6035F
:108784003397F500B356D50033E7E600939E08010E
:1087940093DE0E013313F50093550701B376E60318
:1087A400B387CE0393960601B3E6B60063FEF600E4
:1087B400B38616011306FEFF63EE161D63FCF61C5A
:1087C400130EEEFFB3861601B386F64033D6E603E6
:1087D4009317070193D70701B3F6E6033385CE0257
:1087E400139706013367F700637EA7003307170169
:1087F4009307F6FF636817196376A7181306E6FF55
:108804003307170193150E013307A740B3E5C500DD
:108814006FF09FE4B357E600B396C601B3E6D70002
:1088240033D3E50013DF0601B357E303939E060138
:1088340093DE0E013398C5013357E5003368070111
:10884400935808013316C6013373E303B385FE025C
:1088540013130301B368130163FEB800B388D8008F
:108864001387F7FF63E4D81263F2B8129387E7FF24
:10887400B388D800B388B84033D7E8031318080185
:1088840013580801B3F8E8033383EE029398080100
:10889400B3E5080163FE6500B385D5001308F7FF4F
:1088A40063EED50C63FC650C1307E7FFB385D500B5
:1088B40093970701370F0100B3E7E7001307FFFFA2
:1088C400B3F6E70093D807013377E60013560601A1
:1088D400B38EE602B3856540B386C60213D80E0193
:1088E4003387E802B386E600B306D8003386C802AD
:1088F40063F4E6003306E60193D806013386C80024
:1089040063EAC5026388C500138507009305000068
:1089140067800000370701001307F7FFB3F6E6008E
:1089240093960601B3FEEE003315C501B386D60156
:10893400E37CD5FC1385F7FF9305000067800000F6
:1089440013D70601130800016FF05FDA935606018E
:10895400930700016FF01FBF93D60801930700012E
:108964006FF05FCC930500001305100067800000D2
:1089740013870600130800006FF05FD71307080081
:108984006FF01FF3138607006FF0DFE7930707000C
:108994006FF05FEE130E06006FF01FE31305E5FFA3
:1089A400330818016FF01FC11305E5FFB3871701E2
:1089B4006FF09FCD9387018983A70700638A07001F
:1089C4003385A70023A8A1881385070067800000CA
:1089D400938701223385A70023A8A1881385070064
:0489E40067800000A8
:0489E800381C050032
:1089EC001000000000000000017A5200017C01011F
:1089FC001B0D0200100000001800000010FBFFFF10
:088A0C00A004000000000000BE
:108A1800AC220000142200001422000014220000DE
:108A28001422000014220000142200001422000066
:108A3800142200001422000014220000B8220000B2
:108A4800C4220000D02200001422000014220000DA
:108A58001422000014220000DC220000E82200009A
:108A68006566785F73645F636F6E746F726C6C6554
:108A780072000000303132333435363738394142EC
:108A880043444546000000000A2A2A2A204352414E
:108A98005348202A2A2A0A002077697468207661B8
:108AA8006C7565203078000075736572496E746561
:108AB8007272757074200A0D000000007472617083
:108AC80020696E746572727570740A0D000000007A
:108AD8004E6F496E74200A0D0000000030313233A9
:108AE80034353637383961626364656600000000E2
:108AF8003C466C6F6174696E6720706F696E742094
:108B08007072696E74696E67206E6F7420656E612D
:108B1800626C652E20506C6561736520456E6162DC
:108B28006C65206974206174206273702E682066F9
:108B3800697273742E2E2E3E000000005069204387
:108B4800616D657261202564204272696768746E80
:108B5800657373204572726F7220210A0D00000040
:108B680050692043616D65726120256420427269F5
:108B78006768746E65737320446F6E6520210A0DF3
:108B880000000000414761696E3A20307825780A74
:108B98000D000000444761696E3A20307825780A54
:108BA8000D00000050692043616D657261202564E5
:108BB80020436F6C6F757220210A0D005265642086
:108BC8004761696E3A20307825780A0D0000000068
:108BD800477265656E204761696E3A20307825785E
:108BE8000A0D0000426C7565204761696E3A2030B5
:108BF8007825780A0D00000061646472657373203B
:108C080025780D0A000000002043616D65726173CC
:108C180020496E697469616C20210A0D000000000A
:108C2800474D534C20496E697469616C210A0D00E7
:108C3800474D534C20536572696C697A657220619F
:108C48006E64204465736572696C697A657220493F
:108C58006E697469616C204572726F72210A0D0029
:108C6800474D534C20536572696C697A657220616F
:108C78006E64204465736572696C697A657220490F
:108C88006E697469616C20446F6E65210A0D00007D
:108C98004576656E742053776974636820300A0DD1
:108CA800000000004576656E742053776974636828
:108CB80020310A0D000000002A2A2A2A2A2A2A2AF4
:108CC8002A2A2A2A2A2A205449313830204F4F424A
:108CD80054657374202A2A2A2A2A2A2A2A2A2A2AFE
:108CE8002A2A2A2A2A2A2A2A0D0A0000332E310083
:108CF80056657273696F6E203A202025730D0A003D
:108D0800486172647761726520436F6E6669677542
:108D1800726174696F6E20436F64653A20307825FC
:108D2800780A0D006563686F206368617261637417
:108D380065723A0020417373657274206661696CCC
:108D480075726520210A0000000000000A0000007A
:108D58000C0000000D0000000F00000014000000CF
:108D6800190000001E000000230000002800000079
:108D78002D00000032000000370000003C00000019
:108D8800460000005000000010270000A0860100E7
:108D980040420F00809698004C6F6F703A2025640F
:108DA8000D0A0000526573706F73653A203078259C
:108DB800780D0A00457272203A2041434D443431FF
:108DC800204F43522042555359210D0A00000000FC
:108DD80054657374656420426C6F636B2025642F3F
:108DE80025640A0D00000000636F6D7061726520D4
:108DF8006661696C206D3D25642077723D2030786E
:108E080025782072643D307825780A0D000000002E
:108E180054657374656420426C6F636B2025642FFE
:108E280025642020202020202020202057726974CB
:108E38006520733D2564204B427974652F7320208B
:108E4800205265616420733D2564204B4279746526
:108E58002F7320202020202020202020200D0000FB
:108E6800360118003701000000E000007AE0010038
:108E780008080200E94A1800EA4A08001CF604003B
:108E88001EF60400E94A2100EA4A8000A8381F00BB
:108E9800A938FF00AA381F00AB38FF00D4550000DE
:108EA800D5550000D6550700D755FF00E8550700EF
:108EB800E955FF00EA550000EB5500004C57070044
:108EC8004D57FF004E5700004F5700005457000001
:108ED80055570000565707005757FF0073590400AD
:108EE80074590100135DC300145D5800155DA3009B
:108EF800165D1D00175D6500185D8C001A5D060083
:108F08001B5DA9001C5D45001D5D3A001E5DAB00A0
:108F18001F5D1500215D0E00225D5200235DAA0031
:108F2800245D7D00255D5700265DA800375D5A0049
:108F3800385D5A00775D7F00757B0E00767B0B00ED
:108F4800777B0800787B0A00797B47007C7B0000F0
:108F58007D7B00001F8D0000278D0000049003001A
:108F68000092500001926C0002927100039200007E
:108F7800049271000592010071936A0073936A006C
:108F8800759364001A9900006B998C006C996400C1
:108F98006D9950004C9A0D004D9A0D0001A00A00E1
:108FA80003A00A0005A00A0006A0010007A0C0004F
:108FB80009A0C0008A3D0100214404003B7B010058
:108FC8004C7B0000059900000799000009990000F2
:108FD8000B99000044993C0047993C004A998C0041
:108FE8004B9950004C991B004D998C004E9950009C
:108FF8004F991B0050998C0051991B0052990A00F7
:1090080053998C0054991B0055990A00139A04002F
:10901800149A0400199A00001C9A04001D9A04006E
:10902800269A0500279A05002C9A01002D9A03001C
:109038002F9A0500309A0500419A0000469A0000D0
:10904800479A0000179C35001D9C3100299C500050
:109058003B9C2F00419C6B00479C2D004D9C400081
:109068006B9C0000719CC800739C3200759C0400C6
:109078007D9C2D00839C4000949C3F00959C3F0064
:10908800969C3F00979C0000989C0000999C0000CB
:109098009A9C3F009B9C3F009C9C3F00A09C0F001B
:1090A800A19C0F00A29C0F00A39C0000A49C0000A0
:1090B800A59C0000A69C1E00A79C1E00A89C1E0044
:1090C800A99C0000AA9C0000AB9C0000AC9C090075
:1090D800AD9C0900AE9C0900BD9C5000BF9C50008F
:1090E800C19C5000C39C4000C59C4000C79C4000E8
:1090F800C99C0A00CB9C0A00CD9C0A00179D35002C
:109108001D9D3100299D50003B9D2F00419D6B0006
:10911800479D42004D9D5A006B9D0000719DC800FF
:10912800739D3200759D04007D9D4200839D5A0009
:10913800949D3F00959D3F00969D3F00979D0000A0
:10914800989D0000999D00009A9D3F009B9D3F00BF
:109158009C9D3F009D9D1F009E9D1F009F9D1F0081
:10916800A09D0F00A19D0F00A29D0F00A39D0000D0
:10917800A49D0000A59D0000A69D1E00A79D1E00A1
:10918800A89D1E00A99D0000AA9D0000AB9D00009F
:10919800AC9D0900AD9D0900AE9D0900C99D0A005E
:1091A800CB9D0A00CD9D0A00179E35001D9E3100FB
:1091B800299E50003B9E2F00419E6B00479E2D002C
:1091C8004D9E40006B9E0000719EC800739E320049
:1091D800759E0400949E0F00959E0F00969E0F00AA
:1091E800979E0000989E0000999E0000A09E0F0088
:1091F800A19E0F00A29E0F00A39E0000A49E000047
:10920800A59E0000A69E3F00A79E3F00A89E3F0087
:10921800A99E0000AA9E0000AB9E0000AC9E09001B
:10922800AD9E0900AE9E0900C99E0A00CB9E0A00A9
:10923800CD9E0A00179F35001D9F3100299F5000C1
:109248003B9F2F00419F6B00479F42004D9F5A0054
:109258006B9F0000719FC800739F3200759F0400C8
:10926800949F0F00959F0F00969F0F00979F0000F7
:10927800989F0000999F00009A9F2F009B9F2F00A6
:109288009C9F2F009D9F00009E9F00009F9F0000B5
:10929800A09F0F00A19F0F00A29F0F00A39F000097
:1092A800A49F0000A59F0000A69F1E00A79F1E0068
:1092B800A89F1E00A99F0000AA9F0000AB9F000066
:1092C800AC9F0900AD9F0900AE9F0900C99F0A0025
:1092D800CB9F0A00CD9F0A004BA1FF0051A10C00B3
:1092E80053A1500055A1020057A10000ADA1FF00F5
:1092F800B3A10C00B5A15000B9A100004BA2FF001A
:1093080057A20000ADA2FF00B9A200001FB20400DE
:109318005CB300005EB3080012010C0013010C00DE
:10932800140101005003000012010A0013010A0091
:1093380014010100420323004303400040030600D8
:1093480041030F00440300004503000046030100E9
:109358004703780048030F004903D7004A030A006F
:109368004B036700E3000000E4000000FC000A0073
:10937800FD000A00FE000A00FF000A0020020000AB
:10938800210211008103010083030100850301000C
:1093980087030100000901000109220002090200F7
:1093A80040310200003C0000013C0100023C9C00EE
:1093B8000D3F000048570000495700004A57000079
:1093C8004B57A400757B0E00767B0900777B08005D
:1093D800787B0600797B3400537B00006993730027
:1093E8006B9364006D935F00049303000593800002
:1093F8009A9E2F009B9E2F009C9E2F009D9E0000F2
:109408009E9E00009F9E0000A9A22700B7A203000D
:109418000104000004040000050410000804000012
:10942800090436000A0400000B0420000C0407009D
:109438000D0480000E0404000F0438004C030700DC
:109448004D0380004E0304004F033800010305005C
:109458000303020005030200060300000703AF0030
:1094680009030A000B0301000D0303000E030000AB
:109478000F0396001003010020080900210860006E
:1094880022080000230800000A0800000B088700D3
:109498000C0800000D084F000E0800000F08870098
:1094A8001008000011085F001208000013085F0090
:1094B8001408000015084F001608010017083F009F
:1094C8001808000019083F004CE000004DE0870034
:1094D8004EE000004FE01F00203E0100373E000034
:1094E800503F0000563F0100573F0200F93F01007E
:1094F800496D7834373720496E697469616C205436
:1095080061626C652073697A65203A2564202021A0
:109518000A0D0000FFFFFFFFFF00FF00FFFFFFFF36
:1095280000FF00FF00FF00FF00000000FF00FF0039
:1095380000000000FFFFFFFF00000000FF00FF0029
:10954800FFFFFFFFFF00FF0000FF00FF010000001A
:1095580000000000FFFFFFFFFF00FF00FFFFFFFF0D
:1095680000FF00FF00FF00FF00000000FF00FF00F9
:1095780000000000FFFFFFFF00000000FF00FF00E9
:10958800FFFFFFFFFF00FF0000FF00FF01000000DA
:109598000000000000000000FF00FF00FFFFFFFFC9
:1095A80000FF00FF00FF00FF00000000FF00FF00B9
:1095B800FFFFFFFF00000000FF00FF00FFFFFFFFAD
:1095C80000FF00FF00FF00FF00000000FF00FF0099
:1095D800FFFFFFFF0000000000000000FF00FF0089
:1095E800FFFFFFFFFF00FF0000FF00FF000000007B
:1095F800FFFFFFFF0000000000000000FF00FF0069
:10960800FFFFFFFFFF00FF0000FF00FF000000005A
:10961800FFFFFFFFFFFFFFFFFF00FF00000000004C
:1096280000FF00FF00FF00FFFFFFFFFFFF00FF003C
:1096380000000000FFFFFFFFFF00FF000000000028
:1096480000FF00FF00FF00FFFFFFFFFFFF00FF001C
:1096580000000000FFFFFFFF0000000000FF00FF08
:10966800FF00FF00FFFFFFFFFF00FF0000000000FA
:1096780000000000FFFFFFFF0000000000FF00FFE8
:10968800FF00FF00FFFFFFFFFF00FF0000000000DA
:1096980000000000FFFFFFFFFFFFFFFFFFFFFFFFCE
:1096A800FFFFFFFFFFFFFFFFFFFFFFFFFFFFFFFFC2
:1096B800FFFFFFFFFFFFFFFFFFFFFFFFFFFFFFFFB2
:1096C800FFFFFFFFFFFFFFFFFFFFFFFFFFFFFFFFA2
:1096D800FFFFFFFFFFFFFFFFFFFFFFFFFFFFFFFF92
:1096E800FFFFFFFFFFFFFFFFFFFFFFFFFFFFFFFF82
:1096F800FFFFFFFFFFFFFFFFFFFFFFFFFFFFFFFF72
:10970800FFFFFFFFFFFFFFFFFFFFFFFFFFFFFFFF61
:10971800FFFFFFFF00000000000000000000000045
:109728000000000000000000000000000000000031
:109738000000000000000000000000000000000021
:109748000000000000000000000000000000000011
:109758000000000000000000000000000000000001
:1097680000000000000000000000000000000000F1
:1097780000000000000000000000000000000000E1
:1097880000000000000000000000000000000000D1
:1097980000000000000000000000000000000000C1
:1097A80000000000000000000000000000000000B1
:1097B80000000000000000000000000000000000A1
:1097C8000000000000000000000000000000000091
:1097D8000000000000FF00FF00FF00FF00FF00FF87
:1097E80000FF00FF00FF00FF00FF00FF00FF00FF79
:1097F80000FF00FF00FF00FF00FF00FF00FF00FF69
:1098080000FF00FF00FF00FF00FF00FF00FF00FF58
:1098180000FF00FFFF00FF00FF00FF00FF00FF0048
:10982800FF00FF00FF00FF00FF00FF00FF00FF0038
:10983800FF00FF00FF00FF00FF00FF00FF00FF0028
:10984800FF00FF00FF00FF00FF00FF00FF00FF0018
:10985800FF00FF0000000000000000000000000002
:1098680000000000000000000000000000000000F0
:1098780000000000000000000000000000000000E0
:1098880000000000000000000000000000000000D0
:109898000000000000FF00FF00FF00FF00FF00FFC6
:1098A80000FF00FF00FF00FF00FF00FF00FF00FFB8
:1098B80000FF00FF00FF00FF00FF00FF00FF00FFA8
:1098C80000FF00FF00FF00FF00FF00FF00FF00FF98
:1098D80000FF00FFFF00FF00FF00FF00FF00FF0088
:1098E800FF00FF00FF00FF00FF00FF00FF00FF0078
:1098F800FF00FF00FF00FF00FF00FF00FF00FF0068
:10990800FF00FF00FF00FF00FF00FF00FF00FF0057
:10991800FF00FF00E0010000E0010000E00100009E
:10992800E00100000E0100000E0100000E01000021
:109938000E010000FFFFFFFFFFFFFFFFFFFFFFFF1C
:10994800FFFFFFFFFFFFFFFFFFFFFFFFFFFFFFFF1F
:10995800FFFFFFFFFFFFFFFFFFFFFFFFFFFFFFFF0F
:10996800FFFFFFFFFFFFFFFFFFFFFFFFFFFFFFFFFF
:10997800FFFFFFFFFFFFFFFFFFFFFFFFFFFFFFFFEF
:10998800FFFFFFFFFFFFFFFFFFFFFFFFFFFFFFFFDF
:10999800FFFFFFFFFFFFFFFFFFFFFFFFFFFFFFFFCF
:1099A800FFFFFFFFFFFFFFFFFFFFFFFFFFFFFFFFBF
:1099B800FFFFFFFFFFFFFFFFFFFFFFFFFFFFFFFFAF
:1099C800FFFFFFFFFFFFFFFFFFFFFFFFFFFFFFFF9F
:1099D800FFFFFFFFFFFFFFFFFFFFFFFFFFFFFFFF8F
:1099E800FFFFFFFFFFFFFFFFFFFFFFFFFFFFFFFF7F
:1099F800FFFFFFFFFFFFFFFFFFFFFFFFFFFFFFFF6F
:109A0800FFFFFFFFFFFFFFFFFFFFFFFFFFFFFFFF5E
:109A1800FFFFFFFFFFFFFFFFFFFFFFFFFFFFFFFF4E
:109A2800FFFFFFFFFFFFFFFFFFFFFFFFFFFFFFFF3E
:109A3800FFFFFFFFFFFFFFFFFFFFFFFFFFFFFFFF2E
:109A4800FFFFFFFFFFFFFFFFFFFFFFFFFFFFFFFF1E
:109A5800FFFFFFFFFFFFFFFFFFFFFFFFFFFFFFFF0E
:109A6800FFFFFFFFFFFFFFFFFFFFFFFFFFFFFFFFFE
:109A7800FFFFFFFFFFFFFFFFFFFFFFFFFFFFFFFFEE
:109A8800FFFFFFFFFFFFFFFFFFFFFFFFFFFFFFFFDE
:109A9800FFFFFFFFFFFFFFFFFFFFFFFFFFFFFFFFCE
:109AA800FFFFFFFFFFFFFFFFFFFFFFFFFFFFFFFFBE
:109AB800FFFFFFFFFFFFFFFFFFFFFFFFFFFFFFFFAE
:109AC800FFFFFFFFFFFFFFFFFFFFFFFFFFFFFFFF9E
:109AD800FFFFFFFFFFFFFFFFFFFFFFFFFFFFFFFF8E
:109AE800FFFFFFFFFFFFFFFFFFFFFFFFFFFFFFFF7E
:109AF800FFFFFFFFFFFFFFFFFFFFFFFFFFFFFFFF6E
:109B0800FFFFFFFFFFFFFFFFFFFFFFFFFFFFFFFF5D
:109B1800FFFFFFFFFFFFFFFFFFFFFFFFFFFFFFFF4D
:109B2800FFFFFFFFFFFFFFFFFFFFFFFFFFFFFFFF3D
:109B3800FFFFFFFFFFFFFFFFFFFFFFFFFFFFFFFF2D
:109B4800FFFFFFFFFFFFFFFFFFFFFFFFFFFFFFFF1D
:109B5800FFFFFFFFFFFFFFFFFFFFFFFFFFFFFFFF0D
:109B6800FFFFFFFFFFFFFFFFFFFFFFFFFFFFFFFFFD
:109B7800FFFFFFFFFFFFFFFFFFFFFFFFFFFFFFFFED
:109B8800FFFFFFFFFFFFFFFFFFFFFFFFFFFFFFFFDD
:109B9800FFFFFFFFFFFFFFFFFFFFFFFFFFFFFFFFCD
:109BA800FFFFFFFFFFFFFFFFFFFFFFFFFFFFFFFFBD
:109BB800FFFFFFFFFFFFFFFFFFFFFFFFFFFFFFFFAD
:109BC800FFFFFFFFFFFFFFFFFFFFFFFFFFFFFFFF9D
:109BD800FFFFFFFFFFFFFFFFFFFFFFFFFFFFFFFF8D
:109BE800FFFFFFFFFFFFFFFFFFFFFFFFFFFFFFFF7D
:109BF800FFFFFFFFFFFFFFFFFFFFFFFFFFFFFFFF6D
:109C0800FFFFFFFFFFFFFFFFFFFFFFFFFFFFFFFF5C
:109C1800FFFFFFFFFFFFFFFFFFFFFFFFFFFFFFFF4C
:109C2800FFFFFFFFFFFFFFFFFFFFFFFFFFFFFFFF3C
:109C3800FFFFFFFFFFFFFFFFFFFFFFFFFFFFFFFF2C
:109C4800FFFFFFFFFFFFFFFFFFFFFFFFFFFFFFFF1C
:109C5800FFFFFFFFFFFFFFFFFFFFFFFFFFFFFFFF0C
:109C6800FFFFFFFFFFFFFFFFFFFFFFFFFFFFFFFFFC
:109C7800FFFFFFFFFFFFFFFFFFFFFFFFFFFFFFFFEC
:109C8800FFFFFFFFFFFFFFFFFFFFFFFFFFFFFFFFDC
:109C9800FFFFFFFFFFFFFFFFFFFFFFFFFFFFFFFFCC
:109CA800FFFFFFFFFFFFFFFFFFFFFFFFFFFFFFFFBC
:109CB800FFFFFFFFFFFFFFFFFFFFFFFFFFFFFFFFAC
:109CC800FFFFFFFFFFFFFFFFFFFFFFFFFFFFFFFF9C
:109CD800FFFFFFFFFFFFFFFFFFFFFFFFFFFFFFFF8C
:109CE800FFFFFFFFFFFFFFFFFFFFFFFFFFFFFFFF7C
:109CF800FFFFFFFFFFFFFFFFFFFFFFFFFFFFFFFF6C
:109D0800FFFFFFFFFFFFFFFFFFFFFFFFFFFFFFFF5B
:109D1800FFFFFFFFFFFFFFFFFFFFFFFFFFFFFFFF4B
:109D2800FFFFFFFFFFFFFFFFFFFFFFFFFFFFFFFF3B
:109D3800FFFFFFFFFFFFFFFFFFFFFFFFFFFFFFFF2B
:109D4800FFFFFFFFFFFFFFFFFFFFFFFFFFFFFFFF1B
:109D5800FFFFFFFFFFFFFFFFFFFFFFFFFFFFFFFF0B
:109D6800FFFFFFFFFFFFFFFFFFFFFFFFFFFFFFFFFB
:109D7800FFFFFFFFFFFFFFFFFFFFFFFFFFFFFFFFEB
:109D8800FFFFFFFFFFFFFFFFFFFFFFFFFFFFFFFFDB
:109D9800FFFFFFFFFFFFFFFFFFFFFFFFFFFFFFFFCB
:109DA800FFFFFFFFFFFFFFFFFFFFFFFFFFFFFFFFBB
:109DB800FFFFFFFFFFFFFFFFFFFFFFFFFFFFFFFFAB
:109DC800FFFFFFFFFFFFFFFFFFFFFFFFFFFFFFFF9B
:109DD800FFFFFFFFFFFFFFFFFFFFFFFFFFFFFFFF8B
:109DE800FFFFFFFFFFFFFFFFFFFFFFFFFFFFFFFF7B
:109DF800FFFFFFFFFFFFFFFFFFFFFFFFFFFFFFFF6B
:109E0800FFFFFFFFFFFFFFFFFFFFFFFFFFFFFFFF5A
:109E1800FFFFFFFFFFFFFFFFFFFFFFFFFFFFFFFF4A
:109E2800FFFFFFFFFFFFFFFFFFFFFFFFFFFFFFFF3A
:109E3800FFFFFFFFFFFFFFFFFFFFFFFFFFFFFFFF2A
:109E4800FFFFFFFFFFFFFFFFFFFFFFFFFFFFFFFF1A
:109E5800FFFFFFFFFFFFFFFFFFFFFFFFFFFFFFFF0A
:109E6800FFFFFFFFFFFFFFFFFFFFFFFFFFFFFFFFFA
:109E7800FFFFFFFFFFFFFFFFFFFFFFFFFFFFFFFFEA
:109E8800FFFFFFFFFFFFFFFFFFFFFFFFFFFFFFFFDA
:109E9800FFFFFFFFFFFFFFFFFFFFFFFFFFFFFFFFCA
:109EA800FFFFFFFFFFFFFFFFFFFFFFFFFFFFFFFFBA
:109EB800FFFFFFFFFFFFFFFFFFFFFFFFFFFFFFFFAA
:109EC800FFFFFFFFFFFFFFFFFFFFFFFFFFFFFFFF9A
:109ED800FFFFFFFFFFFFFFFFFFFFFFFFFFFFFFFF8A
:109EE800FFFFFFFFFFFFFFFFFFFFFFFFFFFFFFFF7A
:109EF800FFFFFFFFFFFFFFFFFFFFFFFFFFFFFFFF6A
:109F0800FFFFFFFFFFFFFFFFFFFFFFFFFFFFFFFF59
:109F1800FFFFFFFFFFFFFFFFFFFFFFFFFFFFFFFF49
:109F2800FFFFFFFFFFFFFFFFFFFFFFFFFFFFFFFF39
:109F3800FFFFFFFFFFFFFFFFFFFFFFFFFFFFFFFF29
:109F4800FFFFFFFFFFFFFFFFFFFFFFFFFFFFFFFF19
:109F5800FFFFFFFFFFFFFFFFFFFFFFFFFFFFFFFF09
:109F6800FFFFFFFFFFFFFFFFFFFFFFFFFFFFFFFFF9
:109F7800FFFFFFFFFFFFFFFFFFFFFFFFFFFFFFFFE9
:109F8800FFFFFFFFFFFFFFFFFFFFFFFFFFFFFFFFD9
:109F9800FFFFFFFFFFFFFFFFFFFFFFFFFFFFFFFFC9
:109FA800FFFFFFFFFFFFFFFFFFFFFFFFFFFFFFFFB9
:109FB800FFFFFFFFFFFFFFFFFFFFFFFFFFFFFFFFA9
:109FC800FFFFFFFFFFFFFFFFFFFFFFFFFFFFFFFF99
:109FD800FFFFFFFFFFFFFFFFFFFFFFFFFFFFFFFF89
:109FE800FFFFFFFFFFFFFFFFFFFFFFFFFFFFFFFF79
:109FF800FFFFFFFFFFFFFFFFFFFFFFFFFFFFFFFF69
:10A00800FFFFFFFFFFFFFFFFFFFFFFFFFFFFFFFF58
:10A01800FFFFFFFFFFFFFFFFFFFFFFFFFFFFFFFF48
:10A02800FFFFFFFFFFFFFFFFFFFFFFFFFFFFFFFF38
:10A03800FFFFFFFFFFFFFFFFFFFFFFFFFFFFFFFF28
:10A04800FFFFFFFFFFFFFFFFFFFFFFFFFFFFFFFF18
:10A05800FFFFFFFFFFFFFFFFFFFFFFFFFFFFFFFF08
:10A06800FFFFFFFFFFFFFFFFFFFFFFFFFFFFFFFFF8
:10A07800FFFFFFFFFFFFFFFFFFFFFFFFFFFFFFFFE8
:10A08800FFFFFFFFFFFFFFFFFFFFFFFFFFFFFFFFD8
:10A09800FFFFFFFFFFFFFFFFFFFFFFFFFFFFFFFFC8
:10A0A800FFFFFFFFFFFFFFFFFFFFFFFFFFFFFFFFB8
:10A0B800FFFFFFFFFFFFFFFFFFFFFFFFFFFFFFFFA8
:10A0C800FFFFFFFFFFFFFFFFFFFFFFFFFFFFFFFF98
:10A0D800FFFFFFFFFFFFFFFFFFFFFFFFFFFFFFFF88
:10A0E800FFFFFFFFFFFFFFFFFFFFFFFFFFFFFFFF78
:10A0F800FFFFFFFFFFFFFFFFFFFFFFFFFFFFFFFF68
:10A10800FFFFFFFFFFFFFFFFFFFFFFFFFFFFFFFF57
:10A11800FFFFFFFFFFFFFFFFFFFFFFFFFFFFFFFF47
:10A12800FFFFFFFFFFFFFFFFFFFFFFFFFFFFFFFF37
:10A13800FFFFFFFFFFFFFFFFFFFFFFFFFFFFFFFF27
:10A14800FFFFFFFFFFFFFFFFFFFFFFFFFFFFFFFF17
:10A15800FFFFFFFFFFFFFFFFFFFFFFFFFFFFFFFF07
:10A16800FFFFFFFFFFFFFFFFFFFFFFFFFFFFFFFFF7
:10A17800FFFFFFFFFFFFFFFFFFFFFFFFFFFFFFFFE7
:10A18800FFFFFFFFFFFFFFFFFFFFFFFFFFFFFFFFD7
:10A19800FFFFFFFFFFFFFFFFFFFFFFFFFFFFFFFFC7
:10A1A800FFFFFFFFFFFFFFFFFFFFFFFFFFFFFFFFB7
:10A1B800FFFFFFFFFFFFFFFFFFFFFFFFFFFFFFFFA7
:10A1C800FFFFFFFFFFFFFFFFFFFFFFFFFFFFFFFF97
:10A1D800FFFFFFFFFFFFFFFFFFFFFFFFFFFFFFFF87
:10A1E800FFFFFFFFFFFFFFFFFFFFFFFFFFFFFFFF77
:10A1F800FFFFFFFFFFFFFFFFFFFFFFFFFFFFFFFF67
:10A20800FFFFFFFFFFFFFFFFFFFFFFFFFFFFFFFF56
:10A21800FFFFFFFFFFFFFFFFFFFFFFFFFFFFFFFF46
:10A22800FFFFFFFFFFFFFFFFFFFFFFFFFFFFFFFF36
:10A23800FFFFFFFFFFFFFFFFFFFFFFFFFFFFFFFF26
:10A24800FFFFFFFFFFFFFFFFFFFFFFFFFFFFFFFF16
:10A25800FFFFFFFFFFFFFFFFFFFFFFFFFFFFFFFF06
:10A26800FFFFFFFFFFFFFFFFFFFFFFFFFFFFFFFFF6
:10A27800FFFFFFFFFFFFFFFFFFFFFFFFFFFFFFFFE6
:10A28800FFFFFFFFFFFFFFFFFFFFFFFFFFFFFFFFD6
:10A29800FFFFFFFFFFFFFFFFFFFFFFFFFFFFFFFFC6
:10A2A800FFFFFFFFFFFFFFFFFFFFFFFFFFFFFFFFB6
:10A2B800FFFFFFFFFFFFFFFFFFFFFFFFFFFFFFFFA6
:10A2C800FFFFFFFFFFFFFFFFFFFFFFFFFFFFFFFF96
:10A2D800FFFFFFFFFFFFFFFFFFFFFFFFFFFFFFFF86
:10A2E800FFFFFFFFFFFFFFFFFFFFFFFFFFFFFFFF76
:10A2F800FFFFFFFFFFFFFFFFFFFFFFFFFFFFFFFF66
:10A30800FFFFFFFFFFFFFFFFFFFFFFFFFFFFFFFF55
:10A31800FFFFFFFFFFFFFFFFFFFFFFFFFFFFFFFF45
:10A32800FFFFFFFFFFFFFFFFFFFFFFFFFFFFFFFF35
:10A33800FFFFFFFFFFFFFFFFFFFFFFFFFFFFFFFF25
:10A34800FFFFFFFFFFFFFFFFFFFFFFFFFFFFFFFF15
:10A35800FFFFFFFFFFFFFFFFFFFFFFFFFFFFFFFF05
:10A36800FFFFFFFFFFFFFFFFFFFFFFFFFFFFFFFFF5
:10A37800FFFFFFFFFFFFFFFFFFFFFFFFFFFFFFFFE5
:10A38800FFFFFFFFFFFFFFFFFFFFFFFFFFFFFFFFD5
:10A39800FFFFFFFFFFFFFFFFFFFFFFFFFFFFFFFFC5
:10A3A800FFFFFFFFFFFFFFFFFFFFFFFFFFFFFFFFB5
:10A3B800FFFFFFFFFFFFFFFFFFFFFFFFFFFFFFFFA5
:10A3C800FFFFFFFFFFFFFFFFFFFFFFFFFFFFFFFF95
:10A3D800FFFFFFFFFFFFFFFFFFFFFFFFFFFFFFFF85
:10A3E800FFFFFFFFFFFFFFFFFFFFFFFFFFFFFFFF75
:10A3F800FFFFFFFFFFFFFFFFFFFFFFFFFFFFFFFF65
:10A40800FFFFFFFFFFFFFFFFFFFFFFFFFFFFFFFF54
:10A41800FFFFFFFFFFFFFFFFFFFFFFFFFFFFFFFF44
:10A42800FFFFFFFFFFFFFFFFFFFFFFFFFFFFFFFF34
:10A43800FFFFFFFFFFFFFFFFFFFFFFFFFFFFFFFF24
:10A44800FFFFFFFFFFFFFFFFFFFFFFFFFFFFFFFF14
:10A45800FFFFFFFFFFFFFFFFFFFFFFFFFFFFFFFF04
:10A46800FFFFFFFFFFFFFFFFFFFFFFFFFFFFFFFFF4
:10A47800FFFFFFFFFFFFFFFFFFFFFFFFFFFFFFFFE4
:10A48800FFFFFFFFFFFFFFFFFFFFFFFFFFFFFFFFD4
:10A49800FFFFFFFFFFFFFFFFFFFFFFFFFFFFFFFFC4
:10A4A800FFFFFFFFFFFFFFFFFFFFFFFFFFFFFFFFB4
:10A4B800FFFFFFFFFFFFFFFFFFFFFFFFFFFFFFFFA4
:10A4C800FFFFFFFFFFFFFFFFFFFFFFFFFFFFFFFF94
:10A4D800FFFFFFFFFFFFFFFFFFFFFFFFFFFFFFFF84
:10A4E800FFFFFFFFFFFFFFFFFFFFFFFFFFFFFFFF74
:10A4F800FFFFFFFFFFFFFFFFFFFFFFFFFFFFFFFF64
:10A50800FFFFFFFFFFFFFFFFFFFFFFFFFFFFFFFF53
:10A51800FFFFFFFFFFFFFFFFFFFFFFFFFFFFFFFF43
:10A52800FFFFFFFFFFFFFFFFFFFFFFFFFFFFFFFF33
:10A53800FFFFFFFFFFFFFFFFFFFFFFFFFFFFFFFF23
:10A54800FFFFFFFFFFFFFFFFFFFFFFFFFFFFFFFF13
:10A55800FFFFFFFFFFFFFFFFFFFFFFFFFFFFFFFF03
:10A56800FFFFFFFFFFFFFFFFFFFFFFFFFFFFFFFFF3
:10A57800FFFFFFFFFFFFFFFFFFFFFFFFFFFFFFFFE3
:10A58800FFFFFFFFFFFFFFFFFFFFFFFFFFFFFFFFD3
:10A59800FFFFFFFFFFFFFFFFFFFFFFFFFFFFFFFFC3
:10A5A800FFFFFFFFFFFFFFFFFFFFFFFFFFFFFFFFB3
:10A5B800FFFFFFFFFFFFFFFFFFFFFFFFFFFFFFFFA3
:10A5C800FFFFFFFFFFFFFFFFFFFFFFFFFFFFFFFF93
:10A5D800FFFFFFFFFFFFFFFFFFFFFFFFFFFFFFFF83
:10A5E800FFFFFFFFFFFFFFFFFFFFFFFFFFFFFFFF73
:10A5F800FFFFFFFFFFFFFFFFFFFFFFFFFFFFFFFF63
:10A60800FFFFFFFFFFFFFFFFFFFFFFFFFFFFFFFF52
:10A61800FFFFFFFFFFFFFFFFFFFFFFFFFFFFFFFF42
:10A62800FFFFFFFFFFFFFFFFFFFFFFFFFFFFFFFF32
:10A63800FFFFFFFFFFFFFFFFFFFFFFFFFFFFFFFF22
:10A64800FFFFFFFFFFFFFFFFFFFFFFFFFFFFFFFF12
:10A65800FFFFFFFFFFFFFFFFFFFFFFFFFFFFFFFF02
:10A66800FFFFFFFFFFFFFFFFFFFFFFFFFFFFFFFFF2
:10A67800FFFFFFFFFFFFFFFFFFFFFFFFFFFFFFFFE2
:10A68800FFFFFFFFFFFFFFFFFFFFFFFFFFFFFFFFD2
:10A69800FFFFFFFFFFFFFFFFFFFFFFFFFFFFFFFFC2
:10A6A800FFFFFFFFFFFFFFFFFFFFFFFFFFFFFFFFB2
:10A6B800FFFFFFFFFFFFFFFFFFFFFFFFFFFFFFFFA2
:10A6C800FFFFFFFFFFFFFFFFFFFFFFFFFFFFFFFF92
:10A6D800FFFFFFFFFFFFFFFFFFFFFFFFFFFFFFFF82
:10A6E800FFFFFFFFFFFFFFFFFFFFFFFFFFFFFFFF72
:10A6F800FFFFFFFFFFFFFFFFFFFFFFFFFFFFFFFF62
:10A70800FFFFFFFFFFFFFFFFFFFFFFFFFFFFFFFF51
:10A71800FFFFFFFFFFFFFFFFFFFFFFFFFFFFFFFF41
:10A72800FFFFFFFFFFFFFFFFFFFFFFFFFFFFFFFF31
:10A73800FFFFFFFFFFFFFFFFFFFFFFFFFFFFFFFF21
:10A74800FFFFFFFFFFFFFFFFFFFFFFFFFFFFFFFF11
:10A75800FFFFFFFFFFFFFFFFFFFFFFFFFFFFFFFF01
:10A76800FFFFFFFFFFFFFFFFFFFFFFFFFFFFFFFFF1
:10A77800FFFFFFFFFFFFFFFFFFFFFFFFFFFFFFFFE1
:10A78800FFFFFFFFFFFFFFFFFFFFFFFFFFFFFFFFD1
:10A79800FFFFFFFFFFFFFFFFFFFFFFFFFFFFFFFFC1
:10A7A800FFFFFFFFFFFFFFFFFFFFFFFFFFFFFFFFB1
:10A7B800FFFFFFFFFFFFFFFFFFFFFFFFFFFFFFFFA1
:10A7C800FFFFFFFFFFFFFFFFFFFFFFFFFFFFFFFF91
:10A7D800FFFFFFFFFFFFFFFFFFFFFFFFFFFFFFFF81
:10A7E800FFFFFFFFFFFFFFFFFFFFFFFFFFFFFFFF71
:10A7F800FFFFFFFFFFFFFFFFFFFFFFFFFFFFFFFF61
:10A80800FFFFFFFFFFFFFFFFFFFFFFFFFFFFFFFF50
:10A81800FFFFFFFFFFFFFFFFFFFFFFFFFFFFFFFF40
:10A82800FFFFFFFFFFFFFFFFFFFFFFFFFFFFFFFF30
:10A83800FFFFFFFFFFFFFFFFFFFFFFFFFFFFFFFF20
:10A84800FFFFFFFFFFFFFFFFFFFFFFFFFFFFFFFF10
:10A85800FFFFFFFFFFFFFFFFFFFFFFFFFFFFFFFF00
:10A86800FFFFFFFFFFFFFFFFFFFFFFFFFFFFFFFFF0
:10A87800FFFFFFFFFFFFFFFFFFFFFFFFFFFFFFFFE0
:10A88800FFFFFFFFFFFFFFFFFFFFFFFFFFFFFFFFD0
:10A89800FFFFFFFFFFFFFFFFFFFFFFFFFFFFFFFFC0
:10A8A800FFFFFFFFFFFFFFFFFFFFFFFFFFFFFFFFB0
:10A8B800FFFFFFFFFFFFFFFFFFFFFFFFFFFFFFFFA0
:10A8C800FFFFFFFFFFFFFFFFFFFFFFFFFFFFFFFF90
:10A8D800FFFFFFFFFFFFFFFFFFFFFFFFFFFFFFFF80
:10A8E800FFFFFFFFFFFFFFFFFFFFFFFFFFFFFFFF70
:10A8F800FFFFFFFFFFFFFFFFFFFFFFFFFFFFFFFF60
:10A90800FFFFFFFFFFFFFFFFFFFFFFFFFFFFFFFF4F
:10A91800FFFFFFFFFFFFFFFFFFFFFFFFFFFFFFFF3F
:10A92800FFFFFFFFFFFFFFFFFFFFFFFFFFFFFFFF2F
:10A93800FFFFFFFFFFFFFFFFFFFFFFFFFFFFFFFF1F
:10A94800FFFFFFFFFFFFFFFFFFFFFFFFFFFFFFFF0F
:10A95800FFFFFFFFFFFFFFFFFFFFFFFFFFFFFFFFFF
:10A96800FFFFFFFFFFFFFFFFFFFFFFFFFFFFFFFFEF
:10A97800FFFFFFFFFFFFFFFFFFFFFFFFFFFFFFFFDF
:10A98800FFFFFFFFFFFFFFFFFFFFFFFFFFFFFFFFCF
:10A99800FFFFFFFFFFFFFFFFFFFFFFFFFFFFFFFFBF
:10A9A800FFFFFFFFFFFFFFFFFFFFFFFFFFFFFFFFAF
:10A9B800FFFFFFFFFFFFFFFFFFFFFFFFFFFFFFFF9F
:10A9C800FFFFFFFFFFFFFFFFFFFFFFFFFFFFFFFF8F
:10A9D800FFFFFFFFFFFFFFFFFFFFFFFFFFFFFFFF7F
:10A9E800FFFFFFFFFFFFFFFFFFFFFFFFFFFFFFFF6F
:10A9F800FFFFFFFFFFFFFFFFFFFFFFFFFFFFFFFF5F
:10AA0800FFFFFFFFFFFFFFFFFFFFFFFFFFFFFFFF4E
:10AA1800FFFFFFFFFFFFFFFFFFFFFFFFFFFFFFFF3E
:10AA2800FFFFFFFFFFFFFFFFFFFFFFFFFFFFFFFF2E
:10AA3800FFFFFFFFFFFFFFFFFFFFFFFFFFFFFFFF1E
:10AA4800FFFFFFFFFFFFFFFFFFFFFFFFFFFFFFFF0E
:10AA5800FFFFFFFFFFFFFFFFFFFFFFFFFFFFFFFFFE
:10AA6800FFFFFFFFFFFFFFFFFFFFFFFFFFFFFFFFEE
:10AA7800FFFFFFFFFFFFFFFFFFFFFFFFFFFFFFFFDE
:10AA8800FFFFFFFFFFFFFFFFFFFFFFFFFFFFFFFFCE
:10AA9800FFFFFFFFFFFFFFFFFFFFFFFFFFFFFFFFBE
:10AAA800FFFFFFFFFFFFFFFFFFFFFFFFFFFFFFFFAE
:10AAB800FFFFFFFFFFFFFFFFFFFFFFFFFFFFFFFF9E
:10AAC800FFFFFFFFFFFFFFFFFFFFFFFFFFFFFFFF8E
:10AAD800FFFFFFFFFFFFFFFFFFFFFFFFFFFFFFFF7E
:10AAE800FFFFFFFFFFFFFFFFFFFFFFFFFFFFFFFF6E
:10AAF800FFFFFFFFFFFFFFFFFFFFFFFFFFFFFFFF5E
:10AB0800FFFFFFFFFFFFFFFFFFFFFFFFFFFFFFFF4D
:10AB1800FFFFFFFFFFFFFFFFFFFFFFFFFFFFFFFF3D
:10AB2800FFFFFFFFFFFFFFFFFFFFFFFFFFFFFFFF2D
:10AB3800FFFFFFFFFFFFFFFFFFFFFFFFFFFFFFFF1D
:10AB4800FFFFFFFFFFFFFFFFFFFFFFFFFFFFFFFF0D
:10AB5800FFFFFFFFFFFFFFFFFFFFFFFFFFFFFFFFFD
:10AB6800FFFFFFFFFFFFFFFFFFFFFFFFFFFFFFFFED
:10AB7800FFFFFFFFFFFFFFFFFFFFFFFFFFFFFFFFDD
:10AB8800FFFFFFFFFFFFFFFFFFFFFFFFFFFFFFFFCD
:10AB9800FFFFFFFFFFFFFFFFFFFFFFFFFFFFFFFFBD
:10ABA800FFFFFFFFFFFFFFFFFFFFFFFFFFFFFFFFAD
:10ABB800FFFFFFFFFFFFFFFFFFFFFFFFFFFFFFFF9D
:10ABC800FFFFFFFFFFFFFFFFFFFFFFFFFFFFFFFF8D
:10ABD800FFFFFFFFFFFFFFFFFFFFFFFFFFFFFFFF7D
:10ABE800FFFFFFFFFFFFFFFFFFFFFFFFFFFFFFFF6D
:10ABF800FFFFFFFFFFFFFFFFFFFFFFFFFFFFFFFF5D
:10AC0800FFFFFFFFFFFFFFFFFFFFFFFFFFFFFFFF4C
:10AC1800FFFFFFFFFFFFFFFFFFFFFFFFFFFFFFFF3C
:10AC2800FFFFFFFFFFFFFFFFFFFFFFFFFFFFFFFF2C
:10AC3800FFFFFFFFFFFFFFFFFFFFFFFFFFFFFFFF1C
:10AC4800FFFFFFFFFFFFFFFFFFFFFFFFFFFFFFFF0C
:10AC5800FFFFFFFFFFFFFFFFFFFFFFFFFFFFFFFFFC
:10AC6800FFFFFFFFFFFFFFFFFFFFFFFFFFFFFFFFEC
:10AC7800FFFFFFFFFFFFFFFFFFFFFFFFFFFFFFFFDC
:10AC8800FFFFFFFFFFFFFFFFFFFFFFFFFFFFFFFFCC
:10AC9800FFFFFFFFFFFFFFFFFFFFFFFFFFFFFFFFBC
:10ACA800FFFFFFFFFFFFFFFFFFFFFFFFFFFFFFFFAC
:10ACB800FFFFFFFFFFFFFFFFFFFFFFFFFFFFFFFF9C
:10ACC800FFFFFFFFFFFFFFFFFFFFFFFFFFFFFFFF8C
:10ACD800FFFFFFFFFFFFFFFFFFFFFFFFFFFFFFFF7C
:10ACE800FFFFFFFFFFFFFFFFFFFFFFFFFFFFFFFF6C
:10ACF800FFFFFFFFFFFFFFFFFFFFFFFFFFFFFFFF5C
:10AD0800FFFFFFFFFFFFFFFFFFFFFFFFFFFFFFFF4B
:10AD1800FFFFFFFFFFFFFFFFFFFFFFFFFFFFFFFF3B
:10AD2800FFFFFFFFFFFFFFFFFFFFFFFFFFFFFFFF2B
:10AD3800FFFFFFFFFFFFFFFFFFFFFFFFFFFFFFFF1B
:10AD4800FFFFFFFFFFFFFFFFFFFFFFFFFFFFFFFF0B
:10AD5800FFFFFFFFFFFFFFFFFFFFFFFFFFFFFFFFFB
:10AD6800FFFFFFFFFFFFFFFFFFFFFFFFFFFFFFFFEB
:10AD7800FFFFFFFFFFFFFFFFFFFFFFFFFFFFFFFFDB
:10AD8800FFFFFFFFFFFFFFFFFFFFFFFFFFFFFFFFCB
:10AD9800FFFFFFFFFFFFFFFFFFFFFFFFFFFFFFFFBB
:10ADA800FFFFFFFFFFFFFFFFFFFFFFFFFFFFFFFFAB
:10ADB800FFFFFFFFFFFFFFFFFFFFFFFFFFFFFFFF9B
:10ADC800FFFFFFFFFFFFFFFFFFFFFFFFFFFFFFFF8B
:10ADD800FFFFFFFFFFFFFFFFFFFFFFFFFFFFFFFF7B
:10ADE800FFFFFFFFFFFFFFFFFFFFFFFFFFFFFFFF6B
:10ADF800FFFFFFFFFFFFFFFFFFFFFFFFFFFFFFFF5B
:10AE0800FFFFFFFFFFFFFFFFFFFFFFFFFFFFFFFF4A
:10AE1800FFFFFFFFFFFFFFFFFFFFFFFFFFFFFFFF3A
:10AE2800FFFFFFFFFFFFFFFFFFFFFFFFFFFFFFFF2A
:10AE3800FFFFFFFFFFFFFFFFFFFFFFFFFFFFFFFF1A
:10AE4800FFFFFFFFFFFFFFFFFFFFFFFFFFFFFFFF0A
:10AE5800FFFFFFFFFFFFFFFFFFFFFFFFFFFFFFFFFA
:10AE6800FFFFFFFFFFFFFFFFFFFFFFFFFFFFFFFFEA
:10AE7800FFFFFFFFFFFFFFFFFFFFFFFFFFFFFFFFDA
:10AE8800FFFFFFFFFFFFFFFFFFFFFFFFFFFFFFFFCA
:10AE9800FFFFFFFFFFFFFFFFFFFFFFFFFFFFFFFFBA
:10AEA800FFFFFFFFFFFFFFFFFFFFFFFFFFFFFFFFAA
:10AEB800FFFFFFFFFFFFFFFFFFFFFFFFFFFFFFFF9A
:10AEC800FFFFFFFFFFFFFFFFFFFFFFFFFFFFFFFF8A
:10AED800FFFFFFFFFFFFFFFFFFFFFFFFFFFFFFFF7A
:10AEE800FFFFFFFFFFFFFFFFFFFFFFFFFFFFFFFF6A
:10AEF800FFFFFFFFFFFFFFFFFFFFFFFFFFFFFFFF5A
:10AF0800FFFFFFFFFFFFFFFFFFFFFFFFFFFFFFFF49
:10AF1800FFFFFFFFFFFFFFFFFFFFFFFFFFFFFFFF39
:10AF2800FFFFFFFFFFFFFFFFFFFFFFFFFFFFFFFF29
:10AF3800FFFFFFFFFFFFFFFFFFFFFFFFFFFFFFFF19
:10AF4800FFFFFFFFFFFFFFFFFFFFFFFFFFFFFFFF09
:10AF5800FFFFFFFFFFFFFFFFFFFFFFFFFFFFFFFFF9
:10AF6800FFFFFFFFFFFFFFFFFFFFFFFFFFFFFFFFE9
:10AF7800FFFFFFFFFFFFFFFFFFFFFFFFFFFFFFFFD9
:10AF8800FFFFFFFFFFFFFFFFFFFFFFFFFFFFFFFFC9
:10AF9800FFFFFFFFFFFFFFFFFFFFFFFFFFFFFFFFB9
:10AFA800FFFFFFFFFFFFFFFFFFFFFFFFFFFFFFFFA9
:10AFB800FFFFFFFFFFFFFFFFFFFFFFFFFFFFFFFF99
:10AFC800FFFFFFFFFFFFFFFFFFFFFFFFFFFFFFFF89
:10AFD800FFFFFFFFFFFFFFFFFFFFFFFFFFFFFFFF79
:10AFE800FFFFFFFFFFFFFFFFFFFFFFFFFFFFFFFF69
:10AFF800FFFFFFFFFFFFFFFFFFFFFFFFFFFFFFFF59
:10B00800FFFFFFFFFFFFFFFFFFFFFFFFFFFFFFFF48
:10B01800FFFFFFFFFFFFFFFFFFFFFFFFFFFFFFFF38
:10B02800FFFFFFFFFFFFFFFFFFFFFFFFFFFFFFFF28
:10B03800FFFFFFFFFFFFFFFFFFFFFFFFFFFFFFFF18
:10B04800FFFFFFFFFFFFFFFFFFFFFFFFFFFFFFFF08
:10B05800FFFFFFFFFFFFFFFFFFFFFFFFFFFFFFFFF8
:10B06800FFFFFFFFFFFFFFFFFFFFFFFFFFFFFFFFE8
:10B07800FFFFFFFFFFFFFFFFFFFFFFFFFFFFFFFFD8
:10B08800FFFFFFFFFFFFFFFFFFFFFFFFFFFFFFFFC8
:10B09800FFFFFFFFFFFFFFFFFFFFFFFFFFFFFFFFB8
:10B0A800FFFFFFFFFFFFFFFFFFFFFFFFFFFFFFFFA8
:10B0B800FFFFFFFFFFFFFFFFFFFFFFFFFFFFFFFF98
:10B0C800FFFFFFFFFFFFFFFFFFFFFFFFFFFFFFFF88
:10B0D800FFFFFFFFFFFFFFFFFFFFFFFFFFFFFFFF78
:10B0E800FFFFFFFFFFFFFFFFFFFFFFFFFFFFFFFF68
:10B0F800FFFFFFFFFFFFFFFFFFFFFFFFFFFFFFFF58
:10B10800FFFFFFFFFFFFFFFFFFFFFFFFFFFFFFFF47
:10B11800FFFFFFFFFFFFFFFFFFFFFFFFFFFFFFFF37
:10B12800FFFFFFFFFFFFFFFFFFFFFFFFFFFFFFFF27
:10B13800FFFFFFFFFFFFFFFFFFFFFFFFFFFFFFFF17
:10B14800FFFFFFFFFFFFFFFFFFFFFFFFFFFFFFFF07
:10B15800FFFFFFFFFFFFFFFFFFFFFFFFFFFFFFFFF7
:10B16800FFFFFFFFFFFFFFFFFFFFFFFFFFFFFFFFE7
:10B17800FFFFFFFFFFFFFFFFFFFFFFFFFFFFFFFFD7
:10B18800FFFFFFFFFFFFFFFFFFFFFFFFFFFFFFFFC7
:10B19800FFFFFFFFFFFFFFFFFFFFFFFFFFFFFFFFB7
:10B1A800FFFFFFFFFFFFFFFFFFFFFFFFFFFFFFFFA7
:10B1B800FFFFFFFFFFFFFFFFFFFFFFFFFFFFFFFF97
:10B1C800FFFFFFFFFFFFFFFFFFFFFFFFFFFFFFFF87
:10B1D800FFFFFFFFFFFFFFFFFFFFFFFFFFFFFFFF77
:10B1E800FFFFFFFFFFFFFFFFFFFFFFFFFFFFFFFF67
:10B1F800FFFFFFFFFFFFFFFFFFFFFFFFFFFFFFFF57
:10B20800FFFFFFFFFFFFFFFFFFFFFFFFFFFFFFFF46
:10B21800FFFFFFFFFFFFFFFFFFFFFFFFFFFFFFFF36
:10B22800FFFFFFFFFFFFFFFFFFFFFFFFFFFFFFFF26
:10B23800FFFFFFFFFFFFFFFFFFFFFFFFFFFFFFFF16
:10B24800FFFFFFFFFFFFFFFFFFFFFFFFFFFFFFFF06
:10B25800FFFFFFFFFFFFFFFFFFFFFFFFFFFFFFFFF6
:10B26800FFFFFFFFFFFFFFFFFFFFFFFFFFFFFFFFE6
:10B27800FFFFFFFFFFFFFFFFFFFFFFFFFFFFFFFFD6
:10B28800FFFFFFFFFFFFFFFFFFFFFFFFFFFFFFFFC6
:10B29800FFFFFFFFFFFFFFFFFFFFFFFFFFFFFFFFB6
:10B2A800FFFFFFFFFFFFFFFFFFFFFFFFFFFFFFFFA6
:10B2B800FFFFFFFFFFFFFFFFFFFFFFFFFFFFFFFF96
:10B2C800FFFFFFFFFFFFFFFFFFFFFFFFFFFFFFFF86
:10B2D800FFFFFFFFFFFFFFFFFFFFFFFFFFFFFFFF76
:10B2E800FFFFFFFFFFFFFFFFFFFFFFFFFFFFFFFF66
:10B2F800FFFFFFFFFFFFFFFFFFFFFFFFFFFFFFFF56
:10B30800FFFFFFFFFFFFFFFFFFFFFFFFFFFFFFFF45
:10B31800FFFFFFFFFFFFFFFFFFFFFFFFFFFFFFFF35
:10B32800FFFFFFFFFFFFFFFFFFFFFFFFFFFFFFFF25
:10B33800FFFFFFFFFFFFFFFFFFFFFFFFFFFFFFFF15
:10B34800FFFFFFFFFFFFFFFFFFFFFFFFFFFFFFFF05
:10B35800FFFFFFFFFFFFFFFFFFFFFFFFFFFFFFFFF5
:10B36800FFFFFFFFFFFFFFFFFFFFFFFFFFFFFFFFE5
:10B37800FFFFFFFFFFFFFFFFFFFFFFFFFFFFFFFFD5
:10B38800FFFFFFFFFFFFFFFFFFFFFFFFFFFFFFFFC5
:10B39800FFFFFFFFFFFFFFFFFFFFFFFFFFFFFFFFB5
:10B3A800FFFFFFFFFFFFFFFFFFFFFFFFFFFFFFFFA5
:10B3B800FFFFFFFFFFFFFFFFFFFFFFFFFFFFFFFF95
:10B3C800FFFFFFFFFFFFFFFFFFFFFFFFFFFFFFFF85
:10B3D800FFFFFFFFFFFFFFFFFFFFFFFFFFFFFFFF75
:10B3E800FFFFFFFFFFFFFFFFFFFFFFFFFFFFFFFF65
:10B3F800FFFFFFFFFFFFFFFFFFFFFFFFFFFFFFFF55
:10B40800FFFFFFFFFFFFFFFFFFFFFFFFFFFFFFFF44
:10B41800FFFFFFFFFFFFFFFFFFFFFFFFFFFFFFFF34
:10B42800FFFFFFFFFFFFFFFFFFFFFFFFFFFFFFFF24
:10B43800FFFFFFFFFFFFFFFFFFFFFFFFFFFFFFFF14
:10B44800FFFFFFFFFFFFFFFFFFFFFFFFFFFFFFFF04
:10B45800FFFFFFFFFFFFFFFFFFFFFFFFFFFFFFFFF4
:10B46800FFFFFFFFFFFFFFFFFFFFFFFFFFFFFFFFE4
:10B47800FFFFFFFFFFFFFFFFFFFFFFFFFFFFFFFFD4
:10B48800FFFFFFFFFFFFFFFFFFFFFFFFFFFFFFFFC4
:10B49800FFFFFFFFFFFFFFFFFFFFFFFFFFFFFFFFB4
:10B4A800FFFFFFFFFFFFFFFFFFFFFFFFFFFFFFFFA4
:10B4B800FFFFFFFFFFFFFFFFFFFFFFFFFFFFFFFF94
:10B4C800FFFFFFFFFFFFFFFFFFFFFFFFFFFFFFFF84
:10B4D800FFFFFFFFFFFFFFFFFFFFFFFFFFFFFFFF74
:10B4E800FFFFFFFFFFFFFFFFFFFFFFFFFFFFFFFF64
:10B4F800FFFFFFFFFFFFFFFFFFFFFFFFFFFFFFFF54
:10B50800FFFFFFFFFFFFFFFFFFFFFFFFFFFFFFFF43
:10B51800FFFFFFFFFFFFFFFFFFFFFFFFFFFFFFFF33
:10B52800FFFFFFFFFFFFFFFFFFFFFFFFFFFFFFFF23
:10B53800FFFFFFFFFFFFFFFFFFFFFFFFFFFFFFFF13
:10B54800FFFFFFFFFFFFFFFFFFFFFFFFFFFFFFFF03
:10B55800FFFFFFFFFFFFFFFFFFFFFFFFFFFFFFFFF3
:10B56800FFFFFFFFFFFFFFFFFFFFFFFFFFFFFFFFE3
:10B57800FFFFFFFFFFFFFFFFFFFFFFFFFFFFFFFFD3
:10B58800FFFFFFFFFFFFFFFFFFFFFFFFFFFFFFFFC3
:10B59800FFFFFFFFFFFFFFFFFFFFFFFFFFFFFFFFB3
:10B5A800FFFFFFFFFFFFFFFFFFFFFFFFFFFFFFFFA3
:10B5B800FFFFFFFFFFFFFFFFFFFFFFFFFFFFFFFF93
:10B5C800FFFFFFFFFFFFFFFFFFFFFFFFFFFFFFFF83
:10B5D800FFFFFFFFFFFFFFFFFFFFFFFFFFFFFFFF73
:10B5E800FFFFFFFFFFFFFFFFFFFFFFFFFFFFFFFF63
:10B5F800FFFFFFFFFFFFFFFFFFFFFFFFFFFFFFFF53
:10B60800FFFFFFFFFFFFFFFFFFFFFFFFFFFFFFFF42
:10B61800FFFFFFFFFFFFFFFFFFFFFFFFFFFFFFFF32
:10B62800FFFFFFFFFFFFFFFFFFFFFFFFFFFFFFFF22
:10B63800FFFFFFFFFFFFFFFFFFFFFFFFFFFFFFFF12
:10B64800FFFFFFFFFFFFFFFFFFFFFFFFFFFFFFFF02
:10B65800FFFFFFFF4B4B5050505050505050505030
:10B6680050505050505050505050505050505050D2
:10B6780050505050505050505050505050505050C2
:10B6880050505050505050505050505050505050B2
:10B6980050505050505050505050505050505050A2
:10B6A8004B4BFFFFFFFFFFFFFFFFFFFFE3E35050A0
:10B6B8005050505050505050505050505050505082
:10B6C8005050505050505050505050505050505072
:10B6D8005050505050505050505050505050505062
:10B6E8005050505050505050505050505050505052
:10B6F8005050505050505050505050505050505042
:10B708005050505050505050505050505050505031
:10B718005050505050505050505050505050505021
:10B728005050505050505050505050505050505011
:10B738005050505050505050505050505050505001
:10B7480050505050505050505050505050505050F1
:10B7580050505050505050505050505050505050E1
:10B7680050505050505050505050505050505050D1
:10B7780050505050505050505050505050505050C1
:10B7880050505050505050505050505050505050B1
:10B7980050505050505050505050505050505050A1
:10B7A80050505050505050509494FFFFFFFFFFFFEF
:10B7B800FFFFFFFFFFFFFFFFFFFFFFFFFFFFFFFF91
:10B7C800FFFFFFFFFFFFFFFF4B4D505250525052FB
:10B7D8005052505250525052505250525052505251
:10B7E8005052505250525052505250525052505241
:10B7F8005052505250525052505250525052505231
:10B808005052505250525052505250525052505220
:10B81800505250524B4DFFFFFFFFFFFFFFFFFFFF4E
:10B82800E3E35052505250525052505250525052DC
:10B8380050525052505250525052505250525052F0
:10B8480050525052505250525052505250525052E0
:10B8580050525052505250525052505250525052D0
:10B8680050525052505250525052505250525052C0
:10B8780050525052505250525052505250525052B0
:10B8880050525052505250525052505250525052A0
:10B898005052505250525052505250525052505290
:10B8A8005052505250525052505250525052505280
:10B8B8005052505250525052505250525052505270
:10B8C8005052505250525052505250525052505260
:10B8D8005052505250525052505250525052505250
:10B8E8005052505250525052505250525052505240
:10B8F8005052505250525052505250525052505230
:10B90800505250525052505250525052505250521F
:10B918005052505250525052505250539495FFFF2B
:10B92800FFFFFFFFFFFFFFFFFFFFFFFFFFFFFFFF1F
:10B93800FFFFFFFFFFFFFFFFFFFFFFFF50505756BE
:10B948005657565756575657565756575657565787
:10B958005657565756575657565756575657565777
:10B968005657565756575657565756575657565767
:10B978005657565756575657565756575657565757
:10B98800565756575657565756574747FFFFFFFFC4
:10B99800FFFFFFFFE6E6555656565656565656567C
:10B9A800565656565656565656565656565656562F
:10B9B800565656565656565656565656565656561F
:10B9C800565656565656565656565656565656560F
:10B9D80056565656565656565656565656565656FF
:10B9E80056565656565656565656565656565656EF
:10B9F80056565656565656565656565656565656DF
:10BA080056565656565656565656565656565656CE
:10BA180056565656565656565656565656565656BE
:10BA280056565656565656565656565656565656AE
:10BA3800565656565656565656565656565656569E
:10BA4800565656565656565656565656565656568E
:10BA5800565656565656565656565656565656567E
:10BA6800565656565656565656565656565656566E
:10BA7800565656565656565656565656565656565E
:10BA8800565656565656565656565656565657574C
:10BA980057579393FFFFFFFFFFFFFFFFFFFFFFFFD6
:10BAA800FFFFFFFFFFFFFFFFFFFFFFFFFFFFFFFF9E
:10BAB800505256585759575957595759575957590E
:10BAC80057595759575957595759575957595759EE
:10BAD80057595759575957595759575957595759DE
:10BAE80057595759575957595759575957595759CE
:10BAF80057595759575957595759575957594749DE
:10BB0800FFFFFFFFFFFFFFFFE6E556585658565860
:10BB180056585658565856585658565856585658AD
:10BB2800565856585658565856585658565856589D
:10BB3800565856585658565856585658565856588D
:10BB4800565856585658565856585658565856587D
:10BB5800565856585658565856585658565856586D
:10BB6800565856585658565856585658565856585D
:10BB7800565856585658565856585658565856584D
:10BB8800565856585658565856585658565856583D
:10BB9800565856585658565856585658565856582D
:10BBA800565856585658565856585658565856581D
:10BBB800565856585658565856585658565856580D
:10BBC80056585658565856585658565856585658FD
:10BBD80056585658565856585658565856585658ED
:10BBE80056585658565856585658565856585658DD
:10BBF80056585658565856585658565856585658CD
:10BC08005658575957599394FFFFFFFFFFFFFFFFFF
:10BC1800FFFFFFFFFFFFFFFFFFFFFFFFFFFFFFFF2C
:10BC2800FFFFFFFF51515B5B5F5F5D5C5C5B5B5CD3
:10BC38005C5C5C5B5B5B5C5B5B5B5B5A5B5A5B5A4B
:10BC48005A5A59595A5A59595B5A5A5A5A5B5B5B4C
:10BC58005B5B5B5B5B5B5B5B5B5B5C5B5C5C5D5C26
:10BC68005C5D5C5C5D5D5D5D5C5D5D5D5D5D5D5D00
:10BC78005E5D5F5EA6A6FFFFFFFFFFFFE6E6575784
:10BC88005657686467636764676467656764676570
:10BC98006765686468656865676668666866686633
:10BCA8006866686669666966696669666967696714
:10BCB800696769676A676A676A6669676A676967F9
:10BCC8006A686A676A686A686A686A686A686A68DD
:10BCD8006A686A686A686A686A686A686A686A68CC
:10BCE8006A686A686A686A686A686A686A686A68BC
:10BCF8006A6869676A686A686A686A6769686967B2
:10BD080069676966696769676967696769666966AE
:10BD180068666866686669666866686667656765AE
:10BD280068656865686568656865686467656765A6
:10BD3800676567646765676567646764676567649F
:10BD48006764676467646764676467646764676493
:10BD5800676467656764676467656864676568657D
:10BD68006865686468656765686568666866696661
:10BD780069666864666568665152E7E7FFFFFFFF1A
:10BD8800FFFFFFFFFFFFFFFFFFFFFFFFFFFFFFFFBB
:10BD9800FFFFFFFFFFFFFFFF51535B5D5F605C5ECE
:10BDA8005B5E5C5E5C5D5B5D5B5D5B5D5B5D5A5DC8
:10BDB8005A5C5A5C5A5C595C5A5C595B5A5C5A5CCE
:10BDC8005B5D5B5D5B5D5B5D5B5E5B5F5B5E5B5EA6
:10BDD8005C5E5C5D5D5E5C5E5D5F5D5E5D5F5D5F84
:10BDE8005D5E5D5F5D5F5E60A6A8FFFFFFFFFFFF12
:10BDF800E6E55759575A646263626463646365622F
:10BE080064636563656364626563656366636664EA
:10BE180066646663666366646663666466646664CD
:10BE280067636763676467646764676466656765B3
:10BE38006765676468656765686668656865686694
:10BE4800686568656866686668666866686668667C
:10BE5800686668666866686668666866686668666A
:10BE68006866686668656766686668656865676560
:10BE7800686567656765666467656765676567655B
:10BE8800666466646664666466646664666466635B
:10BE9800656365636563656265636563656264635D
:10BEA8006563656365626462656265636463646350
:10BEB8006562646264626462646264626462646348
:10BEC8006462646264626562646264626563646336
:10BED800656365636562646365636563656366631B
:10BEE8006663666466636460656066605257E7E629
:10BEF800FFFFFFFFFFFFFFFFFFFFFFFFFFFFFFFF4A
:10BF0800FFFFFFFFFFFFFFFFFFFFFFFF51515B5BDD
:10BF1800DCD8CFCDCBCBC8C5C4C2C2C0BDBCB9B7B5
:10BF2800B4B4B1B0ADADA8A7A4A39F9E9B9A9695B3
:10BF3800929299999FA0A3A4A8AAADAFB0B2B3B6A4
:10BF4800B5B6B7BABABDBFC0C1C2C4C4C6C6CBCBEA
:10BF5800CCCDCFCFD3D1D5D2D6D5D6D4A6A6FFFFB8
:10BF6800FFFFFFFFE6E657575254C181BC81C186E7
:10BF7800C489C58BC98DCB92CE95D096D399D59CC3
:10BF8800D89DDBA0DFA4E0A6E3A9E6ACE8AEEAB161
:10BF9800EDB2EEB5F0B6F2B8F4BAF4BBF6BEF6BE42
:10BFA800F7C0F7C1F8C4F8C5F9C6F9C8FAC9FACA9A
:10BFB800FACAFACAFACBFBCCFBCCFBCCFBCDFBCD47
:10BFC800FBCDFBCDFBCDFBCDFBCDFBCDFBCDFBCD29
:10BFD800FBCDFBCDFACCFACBF9CAF8C9F8C9F7C73B
:10BFE800F6C6F5C5F4C3F2C1F1BFEFBDEDBBECB9C0
:10BFF800EAB7E9B7E6B3E4B1E1ACE0AADEA7DDA7AA
:10C00800DBA5DAA3D89FD79ED59CD49AD398D1968E
:10C01800D195CF93CE94CD90CD8FCB8FCA8CC98D2F
:10C02800C88AC889C687C586C585C486C485C383AA
:10C03800C383C383C484C484C585C686C789C88AA4
:10C04800C98ACB8ECD90CE91D293D396D59BD79CCF
:10C05800DB9FDEA3E1A8E6ACE9B0EDB5F2BBA08CAE
:10C068009595FFFFFFFFFFFFFFFFFFFFFFFFFFFFAC
:10C07800FFFFFFFFFFFFFFFFFFFFFFFFFFFFFFFFC8
:10C0880051535B5DD8D6CDCACBC9C5C5C2C1C0BEE8
:10C09800BCBAB7B6B4B4B0B0ADADA7A6A3A29E9FC4
:10C0A8009A9B95969293999DA0A4A4AAAAB2AFB779
:10C0B800B2BCB6C1B6C2BAC5BDC7C0C9C2CAC4CC73
:10C0C800C6CDCBD1CDD1CFD4D1D5D2D5D5D7D4D655
:10C0D800A6A8FFFFFFFFFFFFE6E55759545B81273E
:10C0E800812D862F89308B318D3392349533963656
:10C0F80099379C399D3AA03BA43AA63DA93EAC404D
:10C10800AE42B143B245B545B646B847BA48BB4951
:10C11800BE4DBE52C056C159C45CC560C660C86237
:10C12800C966CA68CA69CA6ACB6ACC6CCC6DCC6E5F
:10C13800CD6DCD6FCD6FCD6FCD6ECD70CD70CD7017
:10C14800CD70CD70CD6FCD6FCC6ECB6DCA6CC96B19
:10C15800C96AC767C667C565C364C161BF5EBD5D9F
:10C16800BB5BB958B756B753B351B14DAC4AAA46A1
:10C17800A743A740A53FA33E9F3C9E3C9C3A9A39C3
:10C188009838963795369335943490338F328F316B
:10C198008C318D308A2F892E872D862D852C862CE3
:10C1A800852B832B832B832A842A842B852C862C0E
:10C1B800892C8A2D8A2E8E2C902F9130933196328D
:10C1C8009B349C359F36A339A83AAC3BB03EB54169
:10C1D800BB448C619596FFFFFFFFFFFFFFFFFFFF4A
:10C1E800FFFFFFFFFFFFFFFFFFFFFFFFFFFFFFFF57
:10C1F800FFFFFFFF50505B5BDFDDD3D0D0CDCBC955
:10C20800C8C7C6C3C1C0BDBBB9B9B5B4B2B1ACAB80
:10C21800A9A7A4A29F9E9A9A96959393999B9FA04B
:10C22800A6A6A8AAADAFB1B3B4B6B4B7B8BABCBDE8
:10C23800BEC0C1C3C5C5C8C8CACACECDD1CFD4D265
:10C24800D4D3D3D2A6A6FFFFFFFFFFFFE6E65757DA
:10C258005254C181BD81C186C489C68CCA8DCC9215
:10C26800CF95D096D399D59DD99DDCA0DFA5E1A621
:10C27800E4AAE7ADE9AEEBB2EEB2EEB6F0B6F2B8CC
:10C28800F5BBF4BCF7BEF6BEF8C0F7C1F9C5F8C6F1
:10C29800FAC6FAC9FBCAFBCBFBCBFBCAFBCCFCCD6D
:10C2A800FCCDFCCDFCCEFCCEFCCEFCCEFCCEFCCE38
:10C2B800FCCEFCCEFCCEFCCEFCCEFCCEFBCDFBCB2C
:10C2C800FACAF8C9F9CAF8C7F7C7F6C6F5C4F3C277
:10C2D800F2BFEFBDEDBBEDBAEBB8EAB7E7B2E5AF39
:10C2E800E3AEE1AADFA7DEA7DCA5DBA3D89FD89F32
:10C2F800D59CD49AD398D197D296CF93CE94CD90FB
:10C30800CE90CC8FCB8DC98DC88BC98AC687C58680
:10C31800C685C586C585C484C484C383C585C585CB
:10C32800C686C786C889C98AC98BCC8ECE90CE925C
:10C33800D393D396D59BD79DDC9FDFA3E1A9E7AD27
:10C34800E9B0EDB5E2B35252FFFFFFFFFFFFFFFF79
:10C35800FFFFFFFFFFFFFFFFFFFFFFFFFFFFFFFFE5
:10C36800FFFFFFFFFFFFFFFF50535B5DDDD9D0CD1F
:10C37800CDCAC9C7C7C3C3C2C0BEBBBAB9B7B4B3B5
:10C38800B1B1ABABA7A7A2A39E9E9A999596939499
:10C398009B9EA0A5A6ACAAB2AFB8B3BDB6C1B7C3A1
:10C3A800BAC5BDC8C0CAC3CDC5CDC8CECAD0CDD206
:10C3B800CFD5D2D6D3D7D2D4A6A8FFFFFFFFFFFF91
:10C3C800E6E55759545B8127812D862F89308C31BA
:10C3D8008D3392349533963599369D399D3AA03BE5
:10C3E800A53AA63CAA3DAD40AE42B243B245B645D9
:10C3F800B645B846BB47BC48BE4CBE52C056C158ED
:10C40800C55BC660C660C962CA66CB68CB69CA6AC2
:10C41800CC6ACD6BCD6DCD6ECE6DCE6FCE6FCE6F3F
:10C42800CE6ECE70CE70CE70CE70CE70CE6FCE6F18
:10C43800CD6ECB6CCA6BC96BCA6AC767C767C6655E
:10C44800C464C261BF5EBD5DBB5BBA58B856B75322
:10C45800B250AF4BAE4AAA45A743A740A53FA33E5B
:10C468009F3B9F3C9C3A9A38983897379635933437
:10C478009434903390318F308D318D308B2F8A2DBD
:10C48800872C862D852B862C852B842B842B832922
:10C498008529852B862C862C892B8A2D8B2E8E2CF4
:10C4A800902F9230933196329B349D359F36A33925
:10C4B800A93AAD3BB03EB541B3505254FFFFFFFF20
:10C4C800FFFFFFFFFFFFFFFFFFFFFFFFFFFFFFFF74
:10C4D800FFFFFFFFFFFFFFFFFFFFFFFF53535B5B04
:10C4E800E3E2D7D4D4D0D0CDCBC9C8C6C4C3C1C069
:10C4F800BDBBB9B7B5B4B1B0ADADA8A7A4A29F9E56
:10C508009A9A969593939A9A9FA0A5A6A8AAADAF32
:10C51800B1B3B4B6B5B7B8B9BCBCBFC0C1C3C5C563
:10C52800C7C7CBCBCECDD1D0D4D1D1D0A6A6FFFF13
:10C53800FFFFFFFFE6E657575254C181BD81C18610
:10C54800C489C68CCA8DCC92CF95D096D399D59DE7
:10C55800D99DDCA0DFA5E1A6E4AAE7ADE9AEEBB280
:10C56800EEB2EEB6F0B6F2B8F5BBF4BCF7BEF6BE66
:10C57800F8C0F7C1F9C5F8C6FAC6FAC9FBCAFBCBB9
:10C58800FBCBFBCAFBCCFCCDFCCDFCCDFCCEFCCE62
:10C59800FCCEFCCEFCCEFCCEFCCEFCCEFCCEFCCE43
:10C5A800FCCEFCCEFBCDFBCBFACAF8C9F9CAF8C75A
:10C5B800F7C7F6C6F5C4F3C2F2BFEFBDEDBBEDBADF
:10C5C800EBB8EAB6E7B2E5AFE3AEE1AADFA7DEA7CC
:10C5D800DCA5DBA3D89FD89FD59CD49AD398D197B4
:10C5E800D296CF93CE94CD90CE90CC8FCB8DC98D53
:10C5F800C88BC98AC687C586C685C586C585C484CD
:10C60800C484C383C585C585C686C786C889C98AC3
:10C61800C98BCC8ECE90CE92D393D396D59BD79DF3
:10C62800DC9FDFA3E1A9E7ADE9B0FFC13738FFFF21
:10C63800FFFFFFFFFFFFFFFFFFFFFFFFFFFFFFFF02
:10C64800FFFFFFFFFFFFFFFFFFFFFFFFFFFFFFFFF2
:10C6580053555B5DE2DCD4D1D0CDCDCAC9C7C6C4C1
:10C66800C3C0C0BEBBBBB7B7B4B4B0B0ADADA7A76D
:10C67800A2A39E9E9A9A959693949A9EA0A4A6ACDD
:10C68800AAB1AFB8B3BDB6C1B7C3B9C6BCC8C0CAF2
:10C69800C3CCC5CDC7CECBD1CDD2D0D4D1D5D0D3B4
:10C6A800A6A8FFFFFFFFFFFFE6E55759545B812768
:10C6B800812D862F89308C318D3392349533963580
:10C6C80099369D399D3AA03BA53AA63CAA3DAD4076
:10C6D800AE42B243B245B645B645B846BB47BC487C
:10C6E800BE4CBE52C056C158C55BC660C660C96262
:10C6F800CA66CB68CB69CA6ACC6ACD6BCD6DCD6E84
:10C70800CE6DCE6FCE6FCE6FCE6ECE70CE70CE7039
:10C71800CE70CE70CE6FCE6FCD6ECB6CCA6BC96B40
:10C72800CA6AC767C767C665C464C261BF5EBD5DC4
:10C73800BB5BBA58B855B653B250AF4BAE4AAA45D0
:10C74800A743A740A53FA33E9F3B9F3C9C3A9A38EE
:10C7580098389737963593349434903390318F3096
:10C768008D318D308B2F8A2D872C862D852B862C0D
:10C77800852B842B842B83298529852B862C862C35
:10C78800892B8A2D8B2E8E2C902F923093319632B6
:10C798009B349D359F36A339A93AAD3BB03EC13D88
:10C7A800383EFFFFFFFFFFFFFFFFFFFFFFFFFFFF19
:10C7B800FFFFFFFFFFFFFFFFFFFFFFFFFFFFFFFF81
:10C7C800FFFFFFFF53535B5BE7E3DAD7D6D4D3D041
:10C7D800CFCDCBC9C9C6C5C3C1BFBDBBB9B8B5B339
:10C7E800B1B0ACABA7A6A3A29E9D9A9A9694939338
:10C7F8009A9AA1A2A5A7A9AAADB0B1B3B3B6B4B885
:10C80800B9BABCBDBFC0C1C3C5C5C8C8CBCBCECEE5
:10C81800D1D0CFCEA6A6FFFFFFFFFFFFE6E6575712
:10C828005254C181BD81C186C489C68CCA8DCC923F
:10C83800CF95D096D399D59DD99DDCA0DFA5E1A64B
:10C84800E4AAE7ADE9AEEBB2EEB2EEB6F0B6F2B8F6
:10C85800F5BBF4BCF7BEF6BEF8C0F7C1F9C5F8C61B
:10C86800FAC6FAC9FBCAFBCBFBCBFBCAFBCCFCCD97
:10C87800FCCDFCCDFCCEFCCEFCCEFCCEFCCEFCCE62
:10C88800FCCEFCCEFCCEFCCEFCCEFCCEFBCDFBCB56
:10C89800FACAF8C9F9CAF8C7F7C7F6C6F5C4F3C2A1
:10C8A800F2BFF0BDEDBCEBB8EBB8EAB6E7B2E5AF66
:10C8B800E3AEE1AADFA7DEA7DCA5DBA3D89FD89F5C
:10C8C800D59CD49AD398D197D296CF93CE94CD9025
:10C8D800CE90CC8FCB8DC98DC88BC98AC687C586AB
:10C8E800C685C586C585C484C484C383C585C585F6
:10C8F800C686C786C889C98AC98BCC8ECE90CE9287
:10C90800D393D396D59BD79DDC9FDFA3E1A9E7AD51
:10C91800FEBD3339FFFFFFFFFFFFFFFFFFFFFFFFF4
:10C92800FFFFFFFFFFFFFFFFFFFFFFFFFFFFFFFF0F
:10C93800FFFFFFFFFFFFFFFF53555B5DE3DED7D32C
:10C94800D4D0D0CDCDCAC9C7C6C3C3C1BFBDBBBA79
:10C95800B8B7B3B4B0B0ABABA6A6A2A29D9E9A9A44
:10C96800949593959A9FA2A6A7ADAAB2B0B9B3BE63
:10C97800B6C1B8C3BAC6BDC8C0CAC3CBC5CDC8CE78
:10C98800CBD1CED3D0D4CED2A6A8FFFFFFFFFFFFD6
:10C99800E6E55759545B8127812D862F89308C31E4
:10C9A8008D3392349533963599369D399D3AA03B0F
:10C9B800A53AA63CAA3DAD40AE42B243B245B64503
:10C9C800B645B846BB47BC48BE4CBE52C056C15817
:10C9D800C55BC660C660C962CA66CB68CB69CA6AED
:10C9E800CC6ACD6BCD6DCD6ECE6DCE6FCE6FCE6F6A
:10C9F800CE6ECE70CE70CE70CE70CE70CE6FCE6F43
:10CA0800CD6ECB6CCA6BC96BCA6AC767C767C66588
:10CA1800C464C261BF5EBD5DBC5AB858B856B6534F
:10CA2800B250AF4BAE4AAA45A743A740A53FA33E85
:10CA38009F3B9F3C9C3A9A38983897379635933461
:10CA48009434903390318F308D318D308B2F8A2DE7
:10CA5800872C862D852B862C852B842B842B83294C
:10CA68008529852B862C862C892B8A2D8B2E8E2C1E
:10CA7800902F9230933196329B349D359F36A3394F
:10CA8800A93AAD3BBD363947FFFFFFFFFFFFFFFF68
:10CA9800FFFFFFFFFFFFFFFFFFFFFFFFFFFFFFFF9E
:10CAA800FFFFFFFFFFFFFFFFFFFFFFFF53535B5B2E
:10CAB800E9E7DDDAD9D7D6D4D3CFCFCCCAC8C8C630
:10CAC800C5C4C0BFBDBBB8B7B5B5B0AEABAAA7A605
:10CAD800A3A29F9E9999959494949B9CA1A1A5A784
:10CAE800A9ABADB0B2B4B3B6B5B7B9BABCBDBFC1E6
:10CAF800C2C3C5C6C9C9CCCCCFCDCDCCA6A6FFFF75
:10CB0800FFFFFFFFE6E657575254C181BD81C1863A
:10CB1800C489C68CCA8DCC92CF95D096D399D59D11
:10CB2800D99DDCA0DFA5E1A6E4AAE7ADE9AEEBB2AA
:10CB3800EEB2EEB6F0B6F2B8F5BBF4BCF7BEF6BE90
:10CB4800F8C0F7C1F9C5F8C6FAC6FAC9FBCAFBCBE3
:10CB5800FBCBFBCAFBCCFCCDFCCDFCCDFCCEFCCE8C
:10CB6800FCCEFCCEFCCEFCCEFCCEFCCEFCCEFCCE6D
:10CB7800FCCEFCCEFBCDFBCBFACAF8C9F9CAF8C784
:10CB8800F7C7F6C6F5C4F3C2F0C0F0BEEDBCEBB80B
:10CB9800EBB8EAB6E7B2E5AFE3AEE1AADFA7DEA7F6
:10CBA800DCA5DBA3D89FD89FD59CD49AD398D197DE
:10CBB800D296CF93CE94CD90CE90CC8FCB8DC98D7D
:10CBC800C88BC98AC687C586C685C586C585C484F7
:10CBD800C484C383C585C585C686C786C889C98AEE
:10CBE800C98BCC8ECE90CE92D393D396D59BD79D1E
:10CBF800DC9FDFA3E1A9EEB03D45FFFFFFFFFFFF8C
:10CC0800FFFFFFFFFFFFFFFFFFFFFFFFFFFFFFFF2C
:10CC1800FFFFFFFFFFFFFFFFFFFFFFFFFFFFFFFF1C
:10CC280053555B5DE7E2DAD6D7D4D4D0CFCCCCC9A4
:10CC3800C8C6C6C4C4C0BFBEBBBAB7B6B5B3AEAE2D
:10CC4800AAAAA6A6A2A29E9E999A949594969C9FFB
:10CC5800A1A6A7ADABB2B0B9B4BEB6C2B7C4BAC686
:10CC6800BDC8C1CBC3CDC6CEC9CECCD2CDD2CCD116
:10CC7800A6A9FFFFFFFFFFFFE6E55759545B812791
:10CC8800812D862F89308C318D33923495339635AA
:10CC980099369D399D3AA03BA53AA63CAA3DAD40A0
:10CCA800AE42B243B245B645B645B846BB47BC48A6
:10CCB800BE4CBE52C056C158C55BC660C660C9628C
:10CCC800CA66CB68CB69CA6ACC6ACD6BCD6DCD6EAE
:10CCD800CE6DCE6FCE6FCE6FCE6ECE70CE70CE7064
:10CCE800CE70CE70CE6FCE6FCD6ECB6CCA6BC96B6B
:10CCF800CA6AC767C767C665C464C261C05FBE5DEC
:10CD0800BC5BB858B856B653B250AF4BAE4AAA45FA
:10CD1800A743A740A53FA33E9F3B9F3C9C3A9A3818
:10CD280098389737963593349434903390318F30C0
:10CD38008D318D308B2F8A2D872C862D852B862C37
:10CD4800852B842B842B83298529852B862C862C5F
:10CD5800892B8A2D8B2E8E2C902F923093319632E0
:10CD68009B349D359F36A339A93AB0374558FFFF04
:10CD7800FFFFFFFFFFFFFFFFFFFFFFFFFFFFFFFFBB
:10CD8800FFFFFFFFFFFFFFFFFFFFFFFFFFFFFFFFAB
:10CD9800FFFFFFFF52525A5AECE8DFDEDDDAD9D73F
:10CDA800D6D3D3D0CFCCCBC9C7C5C5C3C1C0BCBBF4
:10CDB800B9B8B4B3AFAEACABA7A6A3A19E9D9A99E0
:10CDC800949395959B9BA1A3A6A6A9ABAEB0B2B42C
:10CDD800B4B7B5B8B9BABCBDC0C1C2C3C6C6C9C963
:10CDE800CCCCCACAA6A6FFFFFFFFFFFFE4E4575753
:10CDF8005053C181BC81C186C489C58BCA8DCB9271
:10CE0800CE95D096D399D59CD89DDCA0DFA4E0A67A
:10CE1800E3A9E6ADE8AEEAB2EDB2EEB5F0B6F2B827
:10CE2800F4BAF4BBF6BEF6BEF7C0F7C1F8C5F8C54C
:10CE3800F9C6F9C8FAC9FACAFACAFACAFACBFBCCCF
:10CE4800FBCCFBCCFBCDFBCDFBCDFBCDFBCDFBCD9C
:10CE5800FBCDFBCDFBCDFBCDFBCDFBCDFACCFACB8F
:10CE6800F9CAF8C9F8C9F7C7F6C6F5C6F3C2F2C2D7
:10CE7800F1BFEFBDEDBBEBB8EAB7E9B5E6B2E4AF99
:10CE8800E2ADE0AADEA7DEA7DBA5DAA3D89FD79E8E
:10CE9800D59CD49AD398D196D195CF93CE94CD9052
:10CEA800CD8FCB8FCA8CC98DC88AC889C687C586DD
:10CEB800C585C486C485C384C384C383C484C48429
:10CEC800C585C786C889C98AC98BCC8ECE90CE92B3
:10CED800D393D396D59BD79DDC9FDFA3E3A9575A5D
:10CEE800EEEEFFFFFFFFFFFFFFFFFFFFFFFFFFFF6C
:10CEF800FFFFFFFFFFFFFFFFFFFFFFFFFFFFFFFF3A
:10CF0800FFFFFFFFFFFFFFFF52545A5CE8E4DED843
:10CF1800DAD6D7D3D3D0D0CDCCC9C9C7C5C3C3C03F
:10CF2800C0BDBBB9B8B6B3B2AEAEABABA6A6A1A2F4
:10CF38009D9E9999939495969BA0A3A7A6ACABB4F4
:10CF4800B0B8B4BEB7C2B8C4BAC6BDC8C1CAC3CCEB
:10CF5800C6CEC9CFCCD2CACFA6A9FFFFFFFFFFFF1D
:10CF6800E4E45759535A8127812D862F89308B3114
:10CF78008D3392349533963699379C399D3AA03B38
:10CF8800A43AA63DA93EAD40AE42B243B245B5452E
:10CF9800B646B847BA48BB48BE4DBE52C056C1593E
:10CFA800C55CC560C660C862C966CA68CA69CA6A1B
:10CFB800CB6ACC6BCC6DCC6ECD6DCD6FCD6FCD6F9C
:10CFC800CD6ECD70CD70CD70CD70CD70CD6FCD6F75
:10CFD800CC6ECB6CCA6BC96BC96AC767C667C665B6
:10CFE800C262C261BF5FBD5DBB5BB858B756B5537F
:10CFF800B250AF4BAD4AAA46A743A740A53FA33EB0
:10D008009F3C9E3C9C3A9A3998389637953693358A
:10D01800943490338F328F318C318D308A2F892E12
:10D02800872D862D852C862C852B842B842B832A73
:10D03800842A842B852C862C892B8A2D8B2E8E2C4A
:10D04800902F9230933196329B349D359F36A33979
:10D05800A9385A61EEEFFFFFFFFFFFFFFFFFFFFF59
:10D06800FFFFFFFFFFFFFFFFFFFFFFFFFFFFFFFFC8
:10D07800FFFFFFFFFFFFFFFFFFFFFFFFF7F75F5F08
:10D088009A9A9594949393919190908F8E8D8C8B7E
:10D098008B89898887878686A5A4B8B7B4B3AFAECD
:10D0A800ABAAA7A5A3A29E9D9C9B7171737376766C
:10D0B80079797A7A7B7C7D7F7F8080818182838386
:10D0C800848586868787888889898989A6A6FFFFB7
:10D0D800FFFFFFFFFFFFA6A654557C697A687A6AAE
:10D0E8007C6A7C6B7C6C7D6D7E6E7F6F806F8171DE
:10D0F800827283728473847386758676877687775F
:10D1080088788879897989798A7A8A7A8B7B8B7BFE
:10D118008B7C8B7D8C7E8C7E8C7E8C7E8B7F8B7FBC
:10D128008B7F8B7F8B7F8D7F8D7F8D7F8D7F8D7F9D
:10D138008D7F8D7F8D7F8D7F8D7F8D7F8D7F8D7F87
:10D148008D7F8D7F8B7F8B7F8B7F8C7F8C7F8C7E81
:10D158008B7E8A7E8A7D897C897C8A7B897B887A9A
:10D1680087798779867886778576857684758474D5
:10D17800837382728271817281708170806F806F17
:10D188007F6F7F6F7E6F7E6E7E6D7D6D7D6C7D6C3B
:10D198007E6B7E6B7D6B7D6A7D6A7C697C697C6950
:10D1A8007C697C697C697C697D6AD28DC889C98AF9
:10D1B800C98BCC8ECE90CE92D393D396D59BD79D48
:10D1C800DC9FDEA38F7DA0A0FFFFFFFFFFFFFFFF17
:10D1D800FFFFFFFFFFFFFFFFFFFFFFFFFFFFFFFF57
:10D1E800FFFFFFFFFFFFFFFFFFFFFFFFFFFFFFFF47
:10D1F800F7F75F619A9994939392919190908F8E9B
:10D208008D8C8B8B8989888987888686A4A5B7B6F3
:10D21800B3B2AEAEAAAAA5A5A2A29D9E9B9C71720E
:10D2280073757679797B7A7F7C817F858086818822
:10D2380082898389858A868B878C888D898D898D5B
:10D24800A6A9FFFFFFFFFFFFFFFFA6A75558694EDE
:10D2580068506A516A536B526C536D556E556F55D1
:10D268006F55715672567257735873587559765967
:10D27800765A775B785A795C795C795B7A5D7A5C07
:10D288007B5E7B5F7C607D617E617E637E637E64A6
:10D298007F647F647F657F657F667F657F667F6764
:10D2A8007F677F667F667F667F667F667F667F664D
:10D2B8007F667F667F667F667F677F657F667F663E
:10D2C8007F657E647E657E637D647C637C627B6251
:10D2D8007B617A60795F795F785D775D765C765B94
:10D2E800755A7459735872587157725770567056E8
:10D2F8006F566F556F556F556F546E546D536D5310
:10D308006C536C536B526B516B516A516A50695034
:10D318006950695069506950695069506A528D293D
:10D32800892B8A2D8B2E8E2C902F9230933196320A
:10D338009B349D359F36A3397D5AA0A1FFFFFFFF7F
:10D34800FFFFFFFFFFFFFFFFFFFFFFFFFFFFFFFFE5
:10D35800FFFFFFFFFFFFFFFFFFFFFFFFFFFFFFFFD5
:10D36800FFFFFFFFFFFFFFFFFFFFFFFFFFFFFFFFC5
:10D37800FFFFFFFFFFFFFFFFFFFFFFFF49495A5A6B
:10D388009392BCBAB8B7B4B3AFAEAAA9A6A5A2A1E6
:10D39800A4A25252FFFFFFFFFFFFFFFFFFFFFFFFA7
:10D3A800FFFFFFFFFFFFFFFFFFFFFFFFFFFFFFFF85
:10D3B800FFFFFFFFFFFFFFFFFFFFFFFFFFFFFFFF75
:10D3C800FFFFFFFFFFFFFFFFFFFFFFFFFFFFFFFF65
:10D3D800FFFFFFFFFFFFFFFFFFFFFFFFFFFFFFFF55
:10D3E800FFFFFFFFFFFFFFFFFFFFFFFFFFFFFFFF45
:10D3F800FFFFFFFFFFFFFFFFFFFFFFFFFFFFFFFF35
:10D40800FFFFFFFFFFFFFFFFFFFFFFFFFFFFFFFF24
:10D41800FFFFFFFFFFFFFFFFFFFFFFFFFFFFFFFF14
:10D42800FFFFFFFFFFFFFFFFFFFFFFFFFFFFFFFF04
:10D43800FFFFFFFFFFFFFFFFFFFFFFFFFFFFFFFFF4
:10D44800FFFFFFFFFFFFFFFFFFFFFFFFFFFFFFFFE4
:10D45800FFFFFFFFFFFFFFFFFFFFFFFFFFFFFFFFD4
:10D46800FFFFFFFFFFFFFFFFFFFFFFFFFFFFFFFFC4
:10D47800FFFFFFFFFFFFFFFFFFFFFFFFFFFFFFFFB4
:10D48800FFFFFFFFFFFFFFFFFFFFFFFFFFFFFFFFA4
:10D49800C1C14A51D08BC98AC98BCC8ECE90CE924D
:10D4A800D393D396D59BD79DDC9FC99C6060FFFF23
:10D4B800FFFFFFFFFFFFFFFFFFFFFFFFFFFFFFFF74
:10D4C800FFFFFFFFFFFFFFFFFFFFFFFFFFFFFFFF64
:10D4D800FFFFFFFFFFFFFFFFFFFFFFFFFFFFFFFF54
:10D4E800FFFFFFFFFFFFFFFFFFFFFFFFFFFFFFFF44
:10D4F800494B5A5C9293BABAB7B6B3B2AEAEA9A9C1
:10D50800A5A6A1A2A2A35254FFFFFFFFFFFFFFFFA2
:10D51800FFFFFFFFFFFFFFFFFFFFFFFFFFFFFFFF13
:10D52800FFFFFFFFFFFFFFFFFFFFFFFFFFFFFFFF03
:10D53800FFFFFFFFFFFFFFFFFFFFFFFFFFFFFFFFF3
:10D54800FFFFFFFFFFFFFFFFFFFFFFFFFFFFFFFFE3
:10D55800FFFFFFFFFFFFFFFFFFFFFFFFFFFFFFFFD3
:10D56800FFFFFFFFFFFFFFFFFFFFFFFFFFFFFFFFC3
:10D57800FFFFFFFFFFFFFFFFFFFFFFFFFFFFFFFFB3
:10D58800FFFFFFFFFFFFFFFFFFFFFFFFFFFFFFFFA3
:10D59800FFFFFFFFFFFFFFFFFFFFFFFFFFFFFFFF93
:10D5A800FFFFFFFFFFFFFFFFFFFFFFFFFFFFFFFF83
:10D5B800FFFFFFFFFFFFFFFFFFFFFFFFFFFFFFFF73
:10D5C800FFFFFFFFFFFFFFFFFFFFFFFFFFFFFFFF63
:10D5D800FFFFFFFFFFFFFFFFFFFFFFFFFFFFFFFF53
:10D5E800FFFFFFFFFFFFFFFFFFFFFFFFFFFFFFFF43
:10D5F800FFFFFFFFFFFFFFFFFFFFFFFFFFFFFFFF33
:10D60800FFFFFFFFC1C1515E8B248A2D8B2E8E2C0C
:10D61800902F9230933196329B349D359F369C489B
:10D628006062FFFFFFFFFFFFFFFFFFFFFFFFFFFF3E
:10D63800FFFFFFFFFFFFFFFFFFFFFFFFFFFFFFFFF2
:10D64800FFFFFFFFFFFFFFFFFFFFFFFFFFFFFFFFE2
:10D65800FFFFFFFFFFFFFFFFFFFFFFFFFFFFFFFFD2
:10D66800FFFFFFFF48485A5A9495BFBFBBBBB7B6E8
:10D67800B3B2AFAEAAA9A6A5A8A75353FFFFFFFF51
:10D68800FFFFFFFFFFFFFFFFFFFFFFFFFFFFFFFFA2
:10D69800FFFFFFFFFFFFFFFFFFFFFFFFFFFFFFFF92
:10D6A800FFFFFFFFFFFFFFFFFFFFFFFFFFFFFFFF82
:10D6B800FFFFFFFFFFFFFFFFFFFFFFFFFFFFFFFF72
:10D6C800FFFFFFFFFFFFFFFFFFFFFFFFFFFFFFFF62
:10D6D800FFFFFFFFFFFFFFFFFFFFFFFFFFFFFFFF52
:10D6E800FFFFFFFFFFFFFFFFFFFFFFFFFFFFFFFF42
:10D6F800FFFFFFFFFFFFFFFFFFFFFFFFFFFFFFFF32
:10D70800FFFFFFFFFFFFFFFFFFFFFFFFFFFFFFFF21
:10D71800FFFFFFFFFFFFFFFFFFFFFFFFFFFFFFFF11
:10D72800FFFFFFFFFFFFFFFFFFFFFFFFFFFFFFFF01
:10D73800FFFFFFFFFFFFFFFFFFFFFFFFFFFFFFFFF1
:10D74800FFFFFFFFFFFFFFFFFFFFFFFFFFFFFFFFE1
:10D75800FFFFFFFFFFFFFFFFFFFFFFFFFFFFFFFFD1
:10D76800FFFFFFFFFFFFFFFFFFFFFFFFFFFFFFFFC1
:10D77800FFFFFFFFFFFFFFFFFFFF66665A5ACA8AD7
:10D78800C98BCC8ECE90CE92D393D396D59BD79D72
:10D79800E9A83E3FFFFFFFFFFFFFFFFFFFFFFFFF7F
:10D7A800FFFFFFFFFFFFFFFFFFFFFFFFFFFFFFFF81
:10D7B800FFFFFFFFFFFFFFFFFFFFFFFFFFFFFFFF71
:10D7C800FFFFFFFFFFFFFFFFFFFFFFFFFFFFFFFF61
:10D7D800FFFFFFFFFFFFFFFF484A5A5C9594BFBC5D
:10D7E800BBB9B6B5B2B1AEAEA9A9A5A6A7A7535500
:10D7F800FFFFFFFFFFFFFFFFFFFFFFFFFFFFFFFF31
:10D80800FFFFFFFFFFFFFFFFFFFFFFFFFFFFFFFF20
:10D81800FFFFFFFFFFFFFFFFFFFFFFFFFFFFFFFF10
:10D82800FFFFFFFFFFFFFFFFFFFFFFFFFFFFFFFF00
:10D83800FFFFFFFFFFFFFFFFFFFFFFFFFFFFFFFFF0
:10D84800FFFFFFFFFFFFFFFFFFFFFFFFFFFFFFFFE0
:10D85800FFFFFFFFFFFFFFFFFFFFFFFFFFFFFFFFD0
:10D86800FFFFFFFFFFFFFFFFFFFFFFFFFFFFFFFFC0
:10D87800FFFFFFFFFFFFFFFFFFFFFFFFFFFFFFFFB0
:10D88800FFFFFFFFFFFFFFFFFFFFFFFFFFFFFFFFA0
:10D89800FFFFFFFFFFFFFFFFFFFFFFFFFFFFFFFF90
:10D8A800FFFFFFFFFFFFFFFFFFFFFFFFFFFFFFFF80
:10D8B800FFFFFFFFFFFFFFFFFFFFFFFFFFFFFFFF70
:10D8C800FFFFFFFFFFFFFFFFFFFFFFFFFFFFFFFF60
:10D8D800FFFFFFFFFFFFFFFFFFFFFFFFFFFFFFFF50
:10D8E800FFFFFFFFFFFFFFFFFFFFFFFFFFFF66696F
:10D8F8005A5C8A2C8B2E8E2C902F92309331963234
:10D908009B349D35A8353F43FFFFFFFFFFFFFFFF17
:10D91800FFFFFFFFFFFFFFFFFFFFFFFFFFFFFFFF0F
:10D92800FFFFFFFFFFFFFFFFFFFFFFFFFFFFFFFFFF
:10D93800FFFFFFFFFFFFFFFFFFFFFFFFFFFFFFFFEF
:10D94800FFFFFFFFFFFFFFFFFFFFFFFF48485A5A97
:10D958009795C3C1BFBEBBBAB7B6B3B2AFADABAA9A
:10D96800ACAC6262FFFFFFFFFFFFFFFFFFFFFFFF9F
:10D97800FFFFFFFFFFFFFFFFFFFFFFFFFFFFFFFFAF
:10D98800FFFFFFFFFFFFFFFFFFFFFFFFFFFFFFFF9F
:10D99800FFFFFFFFFFFFFFFFFFFFFFFFFFFFFFFF8F
:10D9A800FFFFFFFFFFFFFFFFFFFFFFFFFFFFFFFF7F
:10D9B800FFFFFFFFFFFFFFFFFFFFFFFFFFFFFFFF6F
:10D9C800FFFFFFFFFFFFFFFFFFFFFFFFFFFFFFFF5F
:10D9D800FFFFFFFFFFFFFFFFFFFFFFFFFFFFFFFF4F
:10D9E800FFFFFFFFFFFFFFFFFFFFFFFFFFFFFFFF3F
:10D9F800FFFFFFFFFFFFFFFFFFFFFFFFFFFFFFFF2F
:10DA0800FFFFFFFFFFFFFFFFFFFFFFFFFFFFFFFF1E
:10DA1800FFFFFFFFFFFFFFFFFFFFFFFFFFFFFFFF0E
:10DA2800FFFFFFFFFFFFFFFFFFFFFFFFFFFFFFFFFE
:10DA3800FFFFFFFFFFFFFFFFFFFFFFFFFFFFFFFFEE
:10DA4800FFFFFFFFFFFFFFFFFFFFFFFFFFFFFFFFDE
:10DA5800FFFFFFFFFFFFFFFFFFFFFFFFFFFFFFFFCE
:10DA6800FFFFFFFF4141977AC98ACC8ECE90CE92B4
:10DA7800D393D396D59BE9A4383DFFFFFFFFFFFF63
:10DA8800FFFFFFFFFFFFFFFFFFFFFFFFFFFFFFFF9E
:10DA9800FFFFFFFFFFFFFFFFFFFFFFFFFFFFFFFF8E
:10DAA800FFFFFFFFFFFFFFFFFFFFFFFFFFFFFFFF7E
:10DAB800FFFFFFFFFFFFFFFFFFFFFFFFFFFFFFFF6E
:10DAC800484A5A5C9598C1BFBEBCBAB9B6B5B2B29D
:10DAD800ADADAAAAACAC6264FFFFFFFFFFFFFFFF7A
:10DAE800FFFFFFFFFFFFFFFFFFFFFFFFFFFFFFFF3E
:10DAF800FFFFFFFFFFFFFFFFFFFFFFFFFFFFFFFF2E
:10DB0800FFFFFFFFFFFFFFFFFFFFFFFFFFFFFFFF1D
:10DB1800FFFFFFFFFFFFFFFFFFFFFFFFFFFFFFFF0D
:10DB2800FFFFFFFFFFFFFFFFFFFFFFFFFFFFFFFFFD
:10DB3800FFFFFFFFFFFFFFFFFFFFFFFFFFFFFFFFED
:10DB4800FFFFFFFFFFFFFFFFFFFFFFFFFFFFFFFFDD
:10DB5800FFFFFFFFFFFFFFFFFFFFFFFFFFFFFFFFCD
:10DB6800FFFFFFFFFFFFFFFFFFFFFFFFFFFFFFFFBD
:10DB7800FFFFFFFFFFFFFFFFFFFFFFFFFFFFFFFFAD
:10DB8800FFFFFFFFFFFFFFFFFFFFFFFFFFFFFFFF9D
:10DB9800FFFFFFFFFFFFFFFFFFFFFFFFFFFFFFFF8D
:10DBA800FFFFFFFFFFFFFFFFFFFFFFFFFFFFFFFF7D
:10DBB800FFFFFFFFFFFFFFFFFFFFFFFFFFFFFFFF6D
:10DBC800FFFFFFFFFFFFFFFFFFFFFFFFFFFFFFFF5D
:10DBD800FFFFFFFFFFFFFFFF41437A4D8A2E8E2C88
:10DBE800902F9230933196329B34A42E3D48FFFFFC
:10DBF800FFFFFFFFFFFFFFFFFFFFFFFFFFFFFFFF2D
:10DC0800FFFFFFFFFFFFFFFFFFFFFFFFFFFFFFFF1C
:10DC1800FFFFFFFFFFFFFFFFFFFFFFFFFFFFFFFF0C
:10DC2800FFFFFFFFFFFFFFFFFFFFFFFFFFFFFFFFFC
:10DC3800FFFFFFFF48485A5A9897C5C3C3C1BFBEE4
:10DC4800BBB9B8B6B3B2AEAEB0AF6262FFFFFFFF0A
:10DC5800FFFFFFFFFFFFFFFFFFFFFFFFFFFFFFFFCC
:10DC6800FFFFFFFFFFFFFFFFFFFFFFFFFFFFFFFFBC
:10DC7800FFFFFFFFFFFFFFFFFFFFFFFFFFFFFFFFAC
:10DC8800FFFFFFFFFFFFFFFFFFFFFFFFFFFFFFFF9C
:10DC9800FFFFFFFFFFFFFFFFFFFFFFFFFFFFFFFF8C
:10DCA800FFFFFFFFFFFFFFFFFFFFFFFFFFFFFFFF7C
:10DCB800FFFFFFFFFFFFFFFFFFFFFFFFFFFFFFFF6C
:10DCC800FFFFFFFFFFFFFFFFFFFFFFFFFFFFFFFF5C
:10DCD800FFFFFFFFFFFFFFFFFFFFFFFFFFFFFFFF4C
:10DCE800FFFFFFFFFFFFFFFFFFFFFFFFFFFFFFFF3C
:10DCF800FFFFFFFFFFFFFFFFFFFFFFFFFFFFFFFF2C
:10DD0800FFFFFFFFFFFFFFFFFFFFFFFFFFFFFFFF1B
:10DD1800FFFFFFFFFFFFFFFFFFFFFFFFFFFFFFFF0B
:10DD2800FFFFFFFFFFFFFFFFFFFFFFFFFFFFFFFFFB
:10DD3800FFFFFFFFFFFFFFFFFFFFFFFFFFFFFFFFEB
:10DD4800FFFFFFFFFFFFFFFFFFFFFFFFFFFF4B4D41
:10DD5800D091CC8ECE90CE92D393D396DD9E3C4775
:10DD6800FFFFFFFFFFFFFFFFFFFFFFFFFFFFFFFFBB
:10DD7800FFFFFFFFFFFFFFFFFFFFFFFFFFFFFFFFAB
:10DD8800FFFFFFFFFFFFFFFFFFFFFFFFFFFFFFFF9B
:10DD9800FFFFFFFFFFFFFFFFFFFFFFFFFFFFFFFF8B
:10DDA800FFFFFFFFFFFFFFFF484A5A5C9799C3C375
:10DDB800C1BFBEBCB9B8B6B5B2B1AEAEAFAF6264A2
:10DDC800FFFFFFFFFFFFFFFFFFFFFFFFFFFFFFFF5B
:10DDD800FFFFFFFFFFFFFFFFFFFFFFFFFFFFFFFF4B
:10DDE800FFFFFFFFFFFFFFFFFFFFFFFFFFFFFFFF3B
:10DDF800FFFFFFFFFFFFFFFFFFFFFFFFFFFFFFFF2B
:10DE0800FFFFFFFFFFFFFFFFFFFFFFFFFFFFFFFF1A
:10DE1800FFFFFFFFFFFFFFFFFFFFFFFFFFFFFFFF0A
:10DE2800FFFFFFFFFFFFFFFFFFFFFFFFFFFFFFFFFA
:10DE3800FFFFFFFFFFFFFFFFFFFFFFFFFFFFFFFFEA
:10DE4800FFFFFFFFFFFFFFFFFFFFFFFFFFFFFFFFDA
:10DE5800FFFFFFFFFFFFFFFFFFFFFFFFFFFFFFFFCA
:10DE6800FFFFFFFFFFFFFFFFFFFFFFFFFFFFFFFFBA
:10DE7800FFFFFFFFFFFFFFFFFFFFFFFFFFFFFFFFAA
:10DE8800FFFFFFFFFFFFFFFFFFFFFFFFFFFFFFFF9A
:10DE9800FFFFFFFFFFFFFFFFFFFFFFFFFFFFFFFF8A
:10DEA800FFFFFFFFFFFFFFFFFFFFFFFFFFFFFFFF7A
:10DEB800FFFFFFFFFFFFFFFFFFFFFFFFFFFFFFFF6A
:10DEC800FFFF4D5091328E2C902F92309331963225
:10DED8009E2F475AFFFFFFFFFFFFFFFFFFFFFFFFD8
:10DEE800FFFFFFFFFFFFFFFFFFFFFFFFFFFFFFFF3A
:10DEF800FFFFFFFFFFFFFFFFFFFFFFFFFFFFFFFF2A
:10DF0800FFFFFFFFFFFFFFFFFFFFFFFFFFFFFFFF19
:10DF1800FFFFFFFFFFFFFFFFFFFFFFFF48485A5AC1
:10DF28009C9CCAC7C6C3C2C0BFBDBBB9B7B5B3B155
:10DF3800B5B46161FFFFFFFFFFFFFFFFFFFFFFFFBA
:10DF4800FFFFFFFFFFFFFFFFFFFFFFFFFFFFFFFFD9
:10DF5800FFFFFFFFFFFFFFFFFFFFFFFFFFFFFFFFC9
:10DF6800FFFFFFFFFFFFFFFFFFFFFFFFFFFFFFFFB9
:10DF7800FFFFFFFFFFFFFFFFFFFFFFFFFFFFFFFFA9
:10DF8800FFFFFFFFFFFFFFFFFFFFFFFFFFFFFFFF99
:10DF9800FFFFFFFFFFFFFFFFFFFFFFFFFFFFFFFF89
:10DFA800FFFFFFFFFFFFFFFFFFFFFFFFFFFFFFFF79
:10DFB800FFFFFFFFFFFFFFFFFFFFFFFFFFFFFFFF69
:10DFC800FFFFFFFFFFFFFFFFFFFFFFFFFFFFFFFF59
:10DFD800FFFFFFFFFFFFFFFFFFFFFFFFFFFFFFFF49
:10DFE800FFFFFFFFFFFFFFFFFFFFFFFFFFFFFFFF39
:10DFF800FFFFFFFFFFFFFFFFFFFFFFFFFFFFFFFF29
:10E00800FFFFFFFFFFFFFFFFFFFFFFFFFFFFFFFF18
:10E01800FFFFFFFFFFFFFFFFFFFFFFFFFFFFFFFF08
:10E02800FFFFFFFFF3F3FFFFFFFFFFFFFFFFFFFF10
:10E03800FFFFFFFFFFFFEDED4B50DA93CE90CE923E
:10E04800D393D5975559F0F0FFFFFFFFFFFFFFFF70
:10E05800FFFFFFFFFFFFFFFFFFFFFFFFFFFFFFFFC8
:10E06800FFFFFFFFFFFFFFFFFFFFFFFFFFFFFFFFB8
:10E07800FFFFFFFFFFFFFFFFFFFFFFFFFFFFFFFFA8
:10E08800FFFFFFFFFFFFFFFFFFFFFFFFFFFFFFFF98
:10E09800484A5A5C9C9DC7C5C3C3C0BFBDBBB9B97C
:10E0A800B5B5B1B1B4B36164FFFFFFFFFFFFFFFF78
:10E0B800FFFFFFFFFFFFFFFFFFFFFFFFFFFFFFFF68
:10E0C800FFFFFFFFFFFFFFFFFFFFFFFFFFFFFFFF58
:10E0D800FFFFFFFFFFFFFFFFFFFFFFFFFFFFFFFF48
:10E0E800FFFFFFFFFFFFFFFFFFFFFFFFFFFFFFFF38
:10E0F800FFFFFFFFFFFFFFFFFFFFFFFFFFFFFFFF28
:10E10800FFFFFFFFFFFFFFFFFFFFFFFFFFFFFFFF17
:10E11800FFFFFFFFFFFFFFFFFFFFFFFFFFFFFFFF07
:10E12800FFFFFFFFFFFFFFFFFFFFFFFFFFFFFFFFF7
:10E13800FFFFFFFFFFFFFFFFFFFFFFFFFFFFFFFFE7
:10E14800FFFFFFFFFFFFFFFFFFFFFFFFFFFFFFFFD7
:10E15800FFFFFFFFFFFFFFFFFFFFFFFFFFFFFFFFC7
:10E16800FFFFFFFFFFFFFFFFFFFFFFFFFFFFFFFFB7
:10E17800FFFFFFFFFFFFFFFFFFFFFFFFFFFFFFFFA7
:10E18800FFFFFFFFFFFFFFFFFFFFFFFFFFFFFFFF97
:10E19800FFFFFFFFFFFFFFFFF3F4FFFFFFFFFFFF9E
:10E1A800FFFFFFFFFFFFFFFFFFFFEDED505B932633
:10E1B800902F9230933197305963F0EFFFFFFFFFB4
:10E1C800FFFFFFFFFFFFFFFFFFFFFFFFFFFFFFFF57
:10E1D800FFFFFFFFFFFFFFFFFFFFFFFFFFFFFFFF47
:10E1E800FFFFFFFFFFFFFFFFFFFFFFFFFFFFFFFF37
:10E1F800FFFFFFFFFFFFFFFFFFFFFFFFFFFFFFFF27
:10E20800FFFFFFFF48485A5AAAA9CCCACAC7C6C4C2
:10E21800C2C0BEBCBBB9B7B5BAB96161FFFFFFFFE9
:10E22800FFFFFFFFFFFF4141454545454545454542
:10E2380045454545454545454040FFFFFFFF3F3FB4
:10E248004545454545454545454545454545454576
:10E258004545454545454545454545454545454566
:10E26800454545457070FFFFFFFFFFFFFFFFFFFFBC
:10E27800FFFFFFFFC8C84141FFFFFFFFFFFFFFFF90
:10E28800FFFFFFFFFFFFFFFFFFFFFFFFFFFFFFFF96
:10E298007E7EFFFFFFFFFFFFFFFFFFFFFFFFFFFF88
:10E2A800FFFFFFFFFFFFA4A4565656565656565674
:10E2B800565656565656565656566464FFFFFFFF36
:10E2C800ADAD565656565656565656565656565638
:10E2D800565656566363FFFFFFFFAAAA5656565670
:10E2E80056565656565656565656565656565A5ABE
:10E2F800FFFFBDBD56565656565656565656565696
:10E308005656565656565656FFFFFFFFC5C59B9B99
:10E31800FFFFFFFFFFFFFFFFFFFFFFFFFFFFFFFF05
:10E328008B8B4B52D091CE92D3938473AAAAFFFFC2
:10E33800FFFFFFFFFFFFFFFFFFFFFFFFFFFF454559
:10E348003C3CFFFFFFFFFFFFFFFFFFFFFFFFFFFF5B
:10E35800FFFFFFFFFFFFFFFFFFFFFFFFFFFFFFFFC5
:10E36800FFFFFFFFFFFFFFFFFFFFFFFFFFFFFFFFB5
:10E37800FFFFFFFFFFFFFFFF484A5A5CA9A9CAC871
:10E38800C7C5C4C2C0BFBCBBB9B9B5B5B9B861636C
:10E39800FFFFFFFFFFFFFFFFFFFF414345474547E3
:10E3A8004547454745474547454745474042FFFF9D
:10E3B800FFFF3F414547454745474547454745478F
:10E3C80045474547454745474547454745474547E5
:10E3D80045474547454745487073FFFFFFFFFFFF27
:10E3E800FFFFFFFFFFFFFFFFC8C94144FFFFFFFF1B
:10E3F800FFFFFFFFFFFFFFFFFFFFFFFFFFFFFFFF25
:10E40800FFFFFFFF7E80FFFFFFFFFFFFFFFFFFFF14
:10E41800FFFFFFFFFFFFFFFFFFFFA4A55658565859
:10E428005658565856585658565856585658646559
:10E43800FFFFFFFFADAF5658565856585658565816
:10E4480056585658565856586365FFFFFFFFAAABF3
:10E458005658565856585658565856585658565844
:10E4680056585A5CFFFFBDBD565856585658565810
:10E47800565856585658565856585659FFFFFFFF83
:10E48800C5C59B9CFFFFFFFFFFFFFFFFFFFFFFFFCF
:10E49800FFFFFFFF8B8B525E912C923093317359A3
:10E4A800AAABFFFFFFFFFFFFFFFFFFFFFFFFFFFF1D
:10E4B800FFFF45473C3EFFFFFFFFFFFFFFFFFFFF5A
:10E4C800FFFFFFFFFFFFFFFFFFFFFFFFFFFFFFFF54
:10E4D800FFFFFFFFFFFFFFFFFFFFFFFFFFFFFFFF44
:10E4E800FFFFFFFFFFFFFFFFFFFFFFFF48485A5AEC
:10E4F800ACABD1CECCCAC9C6C5C3C2C0BEBCBAB803
:10E50800BEBD6161FFFFFFFFFFFFFFFFFFFF51512E
:10E518005757585858585858585858585858585875
:10E5280058584848FFFF4E4E57575858585858584B
:10E538005858585858585858585858585858585853
:10E548005858585858585858585858585858707013
:10E55800FFFFFFFFFFFFFFFFFFFFFFFF5353585869
:10E568006F6FFFFFFFFFFFFFFFFFFFFFFFFFFFFFD3
:10E57800FFFFFFFFFFFFFFFF55558585FFFFFFFFEB
:10E58800CFEFBFE9B5E6B5E6B5E6B5E6C7EC9FABB4
:10E5980058585858585858585858585858585858F3
:10E5A800585858585B5BFFFFADAD575858585858E6
:10E5B80058585858585858585858585858585A5ACF
:10E5C800FFFFACAC585858585858585858585858CD
:10E5D80058585858585858585252C4C457585858E8
:10E5E80058585858585858585858585858585858A3
:10E5F8004C4CFFFFC5C55858C1C1FFFFFFFFFFFFC7
:10E60800FFFFFFFFFFFFFFFFFFFF4646796CCE913C
:10E61800BA8C6464FFFFFFFFFFFFFFFFFFFFFFFFF0
:10E62800FFFFFFFF8282585857579A9AFFFFFFFF54
:10E63800FFFFFFFFFFFFFFFFFFFFFFFFFFFFFFFFE2
:10E64800FFFFFFFFFFFFFFFFFFFFFFFFFFFFFFFFD2
:10E65800FFFFFFFFFFFFFFFFFFFFFFFFFFFFFFFFC2
:10E66800484A5A5CABAACECBCAC8C6C5C3C2C0BF4B
:10E67800BCBBB8B8BDBC6163FFFFFFFFFFFFFFFF76
:10E68800FFFF51535759585A585A585A585A585AB6
:10E69800585A585A585A484AFFFF4E505759585ACC
:10E6A800585A585A585A585A585A585A585A585AD2
:10E6B800585A585A585A585A585A585A585A585AC2
:10E6C800585A7072FFFFFFFFFFFFFFFFFFFFFFFFBA
:10E6D8005356585A6F71FFFFFFFFFFFFFFFFFFFF01
:10E6E800FFFFFFFFFFFFFFFFFFFFFFFF5557858677
:10E6F800FFFFFFFFEF6BE93BE61DE61DE61DE61D8C
:10E70800EC55AB78585A585A585A585A585A585A71
:10E71800585A585A585A585A5B5DFFFFADB0585A64
:10E72800585A585A585A585A585A585A585A585A51
:10E73800585A5A5BFFFFACAD585A585A585A585A4B
:10E74800585A585A585A585A585A585A5254C4C566
:10E75800585A585A585A585A585A585A585A585A21
:10E76800585A585A4C4EFFFFC5C5585AC1C2FFFFE8
:10E77800FFFFFFFFFFFFFFFFFFFFFFFFFFFF464712
:10E788006C5891308C436466FFFFFFFFFFFFFFFF6B
:10E79800FFFFFFFFFFFFFFFF8283585A57599A9BDD
:10E7A800FFFFFFFFFFFFFFFFFFFFFFFFFFFFFFFF71
:10E7B800FFFFFFFFFFFFFFFFFFFFFFFFFFFFFFFF61
:10E7C800FFFFFFFFFFFFFFFFFFFFFFFFFFFFFFFF51
:10E7D800FFFFFFFF48485A5AADADD4D1D0CECCCABE
:10E7E800C8C7C5C4C2C0BEBCC2C16161FFFFFFFFCC
:10E7F800FFFFFFFFFFFF51515A5B62626163636372
:10E80800636463646565656765666565C6C64F4F1D
:10E818005A5B666767676767676767676868676897
:10E828006868686968696969696969696869686857
:10E83800696969696A6A4949FFFFFFFFFFFFFFFFCE
:10E84800FFFFFFFF505057574949FFFFFFFFFFFFEA
:10E85800FFFFFFFFFFFFFFFFFFFFFFFFFFFFFFFFC0
:10E8680054545A5A7878B5E6B5E6B5E6B5E6B5E64D
:10E87800B5E6B5E6B5E6B5E6585757577C7B7B7ADB
:10E888007A797A7979787979797879785050FFFF37
:10E89800ADAD5858555567676666666666656565C1
:10E8A8006464656565655050FFFFACAC58585757B0
:10E8B8006363626261626161626263636364646428
:10E8C8005152CFCF5858555569696869686969695F
:10E8D800696A6969696A6A6A5757FFFFC5C55858FE
:10E8E8005454FFFFFFFFFFFFFFFFFFFFFFFFFFFF86
:10E8F800FFFFFFFF4242C1914142FFFFFFFFFFFFC1
:10E90800FFFFFFFFFFFFFFFFFFFFE1E158585858E7
:10E918005D5D9F9FFFFFFFFFFFFFFFFFFFFFFFFF03
:10E92800FFFFFFFFFFFFFFFFFFFFFFFFFFFFFFFFEF
:10E93800FFFFFFFFFFFFFFFFFFFFFFFFFFFFFFFFDF
:10E94800FFFFFFFFFFFFFFFF484A5A5CADADD1CE86
:10E95800CECACAC8C7C5C4C2C0BFBCBBC1BF616339
:10E96800FFFFFFFFFFFFFFFFFFFF51535B5D626586
:10E978006365636664676467656767686669656930
:10E98800C6C64F515B5D676A676A676A676B676A85
:10E99800686B686A686B696B696B696B696B696BD3
:10E9A800696B686B696B696B6A6C494BFFFFFFFFAA
:10E9B800FFFFFFFFFFFFFFFF50525759494BFFFF73
:10E9C800FFFFFFFFFFFFFFFFFFFFFFFFFFFFFFFF4F
:10E9D800FFFFFFFF54565A5C787AE61DE61DE61DD8
:10E9E800E61DE61DE61DE61DE61DE61D57595759AD
:10E9F8007B7B7A7A797A797978797979787878777E
:10EA08005052FFFFADB0585A555767696669666836
:10EA1800656765676468656765675052FFFFACADF9
:10EA2800585A5759636562656263616362656366D4
:10EA3800646664675254CFD0585A5557696C696CEC
:10EA4800696C696C6A6C696D6A6D6A6D5759FFFF0C
:10EA5800C5C5585A5456FFFFFFFFFFFFFFFFFFFFD2
:10EA6800FFFFFFFFFFFFFFFF424591434246FFFFC5
:10EA7800FFFFFFFFFFFFFFFFFFFFFFFFFFFFE1E0DB
:10EA8800585A585A5D5F9FA0FFFFFFFFFFFFFFFF27
:10EA9800FFFFFFFFFFFFFFFFFFFFFFFFFFFFFFFF7E
:10EAA800FFFFFFFFFFFFFFFFFFFFFFFFFFFFFFFF6E
:10EAB800FFFFFFFFFFFFFFFFFFFFFFFF48485A5A16
:10EAC800AFAFD7D4D3D0D0CDCBCAC8C6C6C3C2BFC8
:10EAD800C7C56262FFFFFFFFFFFFFFFFFFFF515146
:10EAE800595A989794949A9BA1A1A4A6A9ABADAFA3
:10EAF800B1B3AAADC6C64F4F5A5BBCBCC2C3C5C6EC
:10EB0800C8C8CBCBCECDD0D0D3D1D5D2D8D6DBD9EF
:10EB1800DCDAE0DDE2DFE3E0E6E4E7E4ECE94949FA
:10EB2800FFFFFFFFFFFFFFFFFFFFB1B15858575727
:10EB38008F90E2E2FFFFFFFFFFFFFFFFFFFFFFFFF6
:10EB4800FFFFFFFFFFFFFFFF54545353C0DDB5E63F
:10EB5800B5E6B5E6B5E6B5E6B5E6B5E6B5E6B5E6D5
:10EB680058575B5BEDE9EAE5E9E5E6E3E7E2E2E071
:10EB7800DFDEE0DD595AFFFFADAD58585050D0CD1B
:10EB8800CBC8C8C5C5C3C1BFBDBBBBB7B7B65D5C45
:10EB9800FFFFACAC58585252A3A39C9B98979492F1
:10EBA80094939B9B9F9FA3A55D5ECFCF58585050D1
:10EBB800B6B8B4B7B7BABABDBDBEC1C2C2C3C5C67E
:10EBC8005F60FFFFC5C5585856553E3EFFFFFFFF23
:10EBD800FFFFFFFFFFFFFFFFFFFFFFFFFFFF2F2FDD
:10EBE800FFFFFFFFFFFFFFFFFFFFFFFFFFFFFFFF2D
:10EBF800FFFF5353585858586E6F9F9FFFFFFFFFF2
:10EC0800FFFFFFFFFFFFFFFFFFFFFFFFFFFFFFFF0C
:10EC1800FFFFFFFFFFFFFFFFFFFFFFFFFFFFFFFFFC
:10EC2800FFFFFFFFFFFFFFFFFFFFFFFFFFFFFFFFEC
:10EC3800484A5A5CAFAED4D1D0CECDCBCAC8C6C52F
:10EC4800C3C1BFBFC5C36264FFFFFFFFFFFFFFFF74
:10EC5800FFFF51535A5C979794959B9DA1A5A6AC2D
:10EC6800ABB2AFB9B3BEADB7C6C64F515B5DBCC69C
:10EC7800C3CCC6CEC8CECBD2CDD2D0D4D1D6D2D7A3
:10EC8800D6D7D9DBDADDDDDCDFE0E0E1E4E2E4E39E
:10EC9800E9E6494BFFFFFFFFFFFFFFFFFFFFB1B1B1
:10ECA800585A57599091E2E3FFFFFFFFFFFFFFFF1C
:10ECB800FFFFFFFFFFFFFFFFFFFFFFFF5456535506
:10ECC800DD62E61DE61DE61DE61DE61DE61DE61DE8
:10ECD800E61DE61D57595B5EE9E4E5E0E5E0E3DEA5
:10ECE800E2DCE0DADED9DDD85A5BFFFFADB0585A76
:10ECF8005053CDCBC8C5C5C3C3C0BFBEBBBAB7B8D8
:10ED0800B6B55C5FFFFFACAD585A5254A3A29B9CAA
:10ED18009799929393959B9C9FA4A5AB5E5FCFD048
:10ED2800585A5051B8C4B7C3BAC5BDC6BEC9C2CA7D
:10ED3800C3CDC6CE6061FFFFC5C5585A55573E4082
:10ED4800FFFFFFFFFFFFFFFFFFFFFFFFFFFFFFFFCB
:10ED5800FFFF2F31FFFFFFFFFFFFFFFFFFFFFFFF59
:10ED6800FFFFFFFFFFFF5355585A585A6F6F9FA078
:10ED7800FFFFFFFFFFFFFFFFFFFFFFFFFFFFFFFF9B
:10ED8800FFFFFFFFFFFFFFFFFFFFFFFFFFFFFFFF8B
:10ED9800FFFFFFFFFFFFFFFFFFFFFFFFFFFFFFFF7B
:10EDA800FFFFFFFF48485A5AB0B1DAD7D7D5D4D1B8
:10EDB800CFCDCCCAC8C7C6C4CCCA6262FFFFFFFFAA
:10EDC800FFFFFFFFFFFF5151595A9E9D9594939362
:10EDD8009A9BA0A1A5A7AAABADB0A8AAC6C64F4F3B
:10EDE8005A5BB9B9C0C1C2C3C5C6C8C8CBCBCECDA2
:10EDF800D1D0D3D1D5D4D8D7DBD8DDDBDFDEE2DF85
:10EE0800E3E0E6E2EAE74949FFFFFFFFFFFFFFFF14
:10EE1800FFFF4B4B58584D4DFFFF5959FFFFFFFF60
:10EE2800FFFFFFFFFFFFFFFFFFFFFFFFFFFFFFFFEA
:10EE380054545454B5E6B5E6B5E6B5E6B5E6B5E6D8
:10EE4800B5E6B5E6B5E6B5E658575B5BF0ECEDE739
:10EE5800EBE6E9E6E6E3E7E1E3DFE1DF5A59FFFF46
:10EE6800ADAD58585050D4D1CDCACBC8C7C5C4C30E
:10EE7800C1C0BEBCBBB95353FFFFACAC58585153CB
:10EE8800A7A6A09F9D9C9898949495959B9B9FA1BD
:10EE98005D5ECFCF58585150B4B7B3B5B5B7B8B910
:10EEA800BABCBEBFC1C1C2C45F5FFFFFC5C5585869
:10EEB8004E4EE4E24040FFFFFFFFFFFFFFFFFFFF72
:10EEC800FFFFFFFFFFFFFFFFFFFFFFFFFFFFFFFF4A
:10EED800FFFFFFFFFFFFFFFF4242585857584141CD
:10EEE800FFFFA0A0FFFFFFFFFFFFFFFFFFFFFFFFE8
:10EEF800FFFFFFFFFFFFFFFFFFFFFFFFFFFFFFFF1A
:10EF0800FFFFFFFFFFFFFFFFFFFFFFFFFFFFFFFF09
:10EF1800FFFFFFFFFFFFFFFF484A5A5CB1B0D7D49D
:10EF2800D5D1D1CECDCACAC8C7C6C4C1CAC8626401
:10EF3800FFFFFFFFFFFFFFFFFFFF51535A5C9D9D3F
:10EF4800949593959B9FA1A5A7ACABB2B0B9AAB471
:10EF5800C6C64F515B5DB9C4C1CAC3CDC6CEC8CF02
:10EF6800CBD1CDD2D0D4D1D5D4D7D7D9D8DCDBDC4E
:10EF7800DEDDDFE0E0DFE2E1E7E5494BFFFFFFFF31
:10EF8800FFFFFFFFFFFF4B4E585A4D4FFFFF595AE7
:10EF9800FFFFFFFFFFFFFFFFFFFFFFFFFFFFFFFF79
:10EFA800FFFFFFFF54565456E61DE61DE61DE61DFD
:10EFB800E61DE61DE61DE61DE61DE61D57595B5ECE
:10EFC800ECE6E7E3E6E1E6E0E3DEE1DDDFDBDFDA1E
:10EFD800595BFFFFADB0585A5053D1CECAC8C8C507
:10EFE800C5C3C3C0C0BEBCBBB9B95355FFFFACADA8
:10EFF800585A5355A6A69F9F9C9C98999495959668
:10F008009B9EA1A45E60CFD0585A5052B7C1B5C1DB
:10F01800B7C3B9C5BCC5BFCAC1CAC4CD5F62FFFF0B
:10F02800C5C5585A4E50E2E64042FFFFFFFFFFFFBA
:10F03800FFFFFFFFFFFFFFFFFFFFFFFFFFFFFFFFD8
:10F04800FFFFFFFFFFFFFFFFFFFFFFFF4245585A8B
:10F05800585A4144FFFFA0A1FFFFFFFFFFFFFFFF3A
:10F06800FFFFFFFFFFFFFFFFFFFFFFFFFFFFFFFFA8
:10F07800FFFFFFFFFFFFFFFFFFFFFFFFFFFFFFFF98
:10F08800FFFFFFFFFFFFFFFFFFFFFFFF4848595A41
:10F09800B3B2DEDBDAD8D6D5D3D0CFCDCBC9C7C78C
:10F0A800D0CD6262FFFFFFFFFFFFFFFFFFFF51515F
:10F0B8005959A2A19999959495969A9CA1A1A6A807
:10F0C800A9ACA4A7C6C64F4F5A5BB5B7BDBEC1C150
:10F0D800C2C3C5C5C8C8CBCBCFCDD1D0D3D2D5D468
:10F0E800D8D6DBD8DDDBE0DEE2DFE5E2E9E6494958
:10F0F800FFFFFFFFFFFFFFFFFFFF535358576060FD
:10F10800F5F25152FFFFFFFFFFFFFFFFFFFFFFFF79
:10F11800FFFFFFFFFFFFFFFF5454A8D2B5E6B5E697
:10F12800B5E6B5E6B5E6B5E6B5E6B5E6B5E6B5E6FF
:10F1380058575B5BF0ECEDEAECE7EBE7E9E6E6E372
:10F14800E6E2E3DF5A5BFFFFADAD58585150D6D326
:10F15800D0CECDCBCBC7C7C5C4C2C1BFBEBB54532D
:10F16800FFFFACAC58585352ABAAA3A29F9E9C9ADF
:10F178009898929395949C9B5C5DCFCF5858515129
:10F18800B1B4B1B4B4B6B4B7B8BBBBBCBEBFC2C2ED
:10F198005F61FFFFC5C558584F4FD6D5B9B96F70D5
:10F1A800FFFFFFFFFFFFFFFFFFFFFFFFFFFFFFFF67
:10F1B800FFFFFFFFFFFFFFFFFFFFFFFFFFFF3F3FD7
:10F1C800585857574848FFFFFFFDA0A0FFFFFFFF13
:10F1D800FFFFFFFFFFFFFFFFFFFFFFFFFFFFFFFF37
:10F1E800FFFFFFFFFFFFFFFFFFFFFFFFFFFFFFFF27
:10F1F800FFFFFFFFFFFFFFFFFFFFFFFFFFFFFFFF17
:10F20800484A5A5CB2B1DBD7D8D4D5D1D0CDCDCA13
:10F21800C9C7C7C4CDCB6264FFFFFFFFFFFFFFFF75
:10F22800FFFF5153595BA1A1999A949596969C9E7C
:10F23800A1A7A8AEACB3A7AFC6C64F515B5DB7C216
:10F24800BEC8C1CBC3CCC5CEC8CFCBD1CDD2D0D40C
:10F25800D2D6D4D9D6D8D8DBDBDDDEDEDFE0E2E0FB
:10F26800E6E4494DFFFFFFFFFFFFFFFFFFFF535598
:10F2780057596063F2EC5254FFFFFFFFFFFFFFFF97
:10F28800FFFFFFFFFFFFFFFFFFFFFFFF5456D224E2
:10F29800E61DE61DE61DE61DE61DE61DE61DE61D4E
:10F2A800E61DE61D57595B5EECE6EAE4E7E2E7E2B5
:10F2B800E6E0E3DEE2DEDFDC5B5BFFFFADB0585A81
:10F2C8005052D3D0CECACBC9C7C6C5C3C2C0BFBEB1
:10F2D800BBBA5355FFFFACAD585A5255AAAAA2A3C0
:10F2E8009E9F9A9C9898939494969B9E5D5FCFD08E
:10F2F800585A5152B4BDB4BEB6C1B7C3BBC6BCC6DA
:10F30800BFC9C2CB6162FFFFC5C5585A4F50D5DA95
:10F31800B9BD7071FFFFFFFFFFFFFFFFFFFFFFFF9A
:10F32800FFFFFFFFFFFFFFFFFFFFFFFFFFFFFFFFE5
:10F33800FFFF3F42585A5759484CFFFBFDF8A0A120
:10F34800FFFFFFFFFFFFFFFFFFFFFFFFFFFFFFFFC5
:10F35800FFFFFFFFFFFFFFFFFFFFFFFFFFFFFFFFB5
:10F36800FFFFFFFFFFFFFFFFFFFFFFFFFFFFFFFFA5
:10F37800FFFFFFFF48485858B5B2DFDDDDDADAD8BD
:10F38800D6D4D3D0D0CCCBC9D3D16262FFFFFFFF94
:10F39800FFFFFFFFFFFF5252595AA6A49E9D98995E
:10F3A800949395959C9CA2A3A6A8A3A3C6C64F4FC9
:10F3B8005A5BB2B5B9BABDBDC0C0C3C4C6C5C8C81A
:10F3C800CCCCCECDD2D0D3D1D5D4D8D7DCDADEDCF4
:10F3D800E0DDE2E1E7E44949FFFFFFFFFFFFFFFF50
:10F3E800959558585656D7D5F2EFD5D3D4D4FFFFB4
:10F3F800FFFFFFFFFFFFFFFFFFFFFFFFFFFFFFFF15
:10F408005D62B5E6B5E6B5E6B5E6B5E6B5E6B5E6F8
:10F41800B5E6B5E6B5E6B5E658575B5BF2EEEEEA5B
:10F42800ECE9EBE7EBE6EAE5E6E3E6E25A5AFFFF4A
:10F43800ADAD58585150D8D7D3D0D0CDCCCAC9C704
:10F44800C7C5C4C2C1BF5354FFFFACAC58585252D1
:10F45800AEADA7A6A3A1A09F9C9B979793939595C4
:10F468005C5BCDCD58585151AFB0AEAFB2B3B4B666
:10F47800B5B8B8BBBABDBFC06061FFFFC5C55858B5
:10F48800504FD2D2D0D07676C1C1FFFFFFFFFFFF29
:10F49800FFFFFFFFFFFFFFFFFFFFFFFFFFFFFFFF74
:10F4A800FFFFFFFF7676585858575454FCF6F1ED95
:10F4B800FFFDA0A0FFFFFFFFFFFFFFFFFFFFFFFF14
:10F4C800FFFFFFFFFFFFFFFFFFFFFFFFFFFFFFFF44
:10F4D800FFFFFFFFFFFFFFFFFFFFFFFFFFFFFFFF34
:10F4E800FFFFFFFFFFFFFFFF484A585AB2B1DDD8C0
:10F4F800DAD6D8D4D4D0D0CDCCC9C9C7D1CD6264DE
:10F50800FFFFFFFFFFFFFFFFFFFF52545A5CA4A657
:10F518009D9E9999939495979CA0A3A7A8AEA3AAFA
:10F52800C6C64F515B5DB5C0BAC6BDC9C0CBC4CD58
:10F53800C5CEC8CFCCD2CDD2D0D4D1D6D4D9D7D9B4
:10F54800DADCDCDEDDDCE1E0E4E3494BFFFFFFFF72
:10F55800FFFFFFFF9597585A5658D5D2EFE8D3CFFB
:10F56800D4D4FFFFFFFFFFFFFFFFFFFFFFFFFFFFF9
:10F57800FFFFFFFF6251E61DE61DE61DE61DE61DC5
:10F58800E61DE61DE61DE61DE61DE61D57595B5EF8
:10F59800EEE8EAE5E9E3E7E2E6E1E5E0E3DEE2DF1B
:10F5A8005A5CFFFFADB0585A5052D7D2D0CDCDCA11
:10F5B800CAC8C7C4C5C2C2C0BFBE5455FFFFACADA0
:10F5C800585A5254ADACA6A5A1A29F9E9B9C979851
:10F5D800939495975B5FCDCF585A5153B0B8AFBA53
:10F5E800B3BEB6C2B8C4BBC6BDC7C0CA6162FFFF5E
:10F5F800C5C5585A4F51D2D7D0D57678C1C2FFFF6A
:10F60800FFFFFFFFFFFFFFFFFFFFFFFFFFFFFFFF02
:10F61800FFFFFFFFFFFFFFFF7677585A57595456F1
:10F62800F6F1EDE9FDF6A0A1FFFFFFFFFFFFFFFFE9
:10F63800FFFFFFFFFFFFFFFFFFFFFFFFFFFFFFFFD2
:10F64800FFFFFFFFFFFFFFFFFFFFFFFFFFFFFFFFC2
:10F65800FFFFFFFFFFFFFFFFFFFFFFFF4A4A58586A
:10F66800B5B6E3E0DFDDDDDAD9D7D6D4D3D0CFCC59
:10F67800D6D46261FFFFFFFFFFFFFFFFFFFF535379
:10F68800595AAAA9A2A19D9C9898949397979D9C32
:10F69800A3A29FA0C6C64F4F5A5BB1B3B5B8B9BBBA
:10F6A800BDBEC0C1C2C3C6C6C9C9CCCCCFCFD2D0DB
:10F6B800D4D1D6D5D8D7DCD9DEDCE0DEE6E34949BB
:10F6C800FFFFFFFFFFFFFFFF494958584B4BFDF86D
:10F6D800F1EDFFFC4C4DFFFFFFFFFFFFFFFFFFFFBA
:10F6E800FFFFFFFFFFFFFFFFB5E6B5E6B5E6B5E6AE
:10F6F800B5E6CBE9B5E6B5E6B5E6B5E6B5E6B5E611
:10F7080058575B5BF3EEEFECEDEAECEAEBE7EBE581
:10F71800E8E5E6E45958FFFFABAB56564F50DBD847
:10F72800D5D3D3D0D0CDCCCACAC7C7C5C4C2545309
:10F73800FFFFACAC58585252B2AFAAA9A7A6A2A1D3
:10F748009F9E9C9B979793925A5ABCBC585852516B
:10F75800ABACABAEAFB1B1B4B2B6B5B8B9BBBBBD6B
:10F768006060FFFFC5C55858504FD0D0CDCDD4D319
:10F778004748FFFFFFFFFFFFFFFFFFFFFFFFFFFF00
:10F78800FFFFFFFFFFFFFFFFFFFFD4D45858585873
:10F798005858B5B4EFECF2EDFFFCA0A0FFFFFFFF57
:10F7A800FFFFFFFFFFFFFFFFFFFFFFFFFFFFFFFF61
:10F7B800FFFFFFFFFFFFFFFFFFFFFFFFFFFFFFFF51
:10F7C800FFFFFFFFFFFFFFFFFFFFFFFFFFFFFFFF41
:10F7D8004A4C585AB6B4E0DADDD8DAD5D7D4D4D002
:10F7E800D0CDCCC8D4D16164FFFFFFFFFFFFFFFF7E
:10F7F800FFFF53555A5CA9AAA1A29C9D989993947E
:10F8080097989CA1A2A7A0A5C6C64F515B5DB3BFA0
:10F81800B8C4BBC6BEC8C1CBC3CCC6CEC9D0CCD277
:10F82800CFD4D0D4D1D7D5D9D7D9D9DCDCDDDEDE59
:10F83800E3E2494BFFFFFFFFFFFFFFFF494C585A28
:10F848004B4EF8F2EDE9FCF54D4FFFFFFFFFFFFFD0
:10F85800FFFFFFFFFFFFFFFFFFFFFFFFE61DE61DA6
:10F86800E61DE61DE61DE963E61DE61DE61DE61D2F
:10F87800E61DE61D57595B5EEEE8ECE6EAE4EAE3CE
:10F88800E7E2E5E0E5DFE4DF585AFFFFABAC5658A6
:10F898005051D8D5D3CFD0CDCDCACAC8C7C5C5C297
:10F8A800C2BF5356FFFFACAD585A5254AFB0A9A9C6
:10F8B800A6A5A1A39E9E9B9C979892935A5DBCBDBA
:10F8C800585A5153ACB3AEB4B1BBB4BFB6C3B8C544
:10F8D800BBC6BDC76062FFFFC5C5585A4F51D0D6D9
:10F8E800CDD2D3D8484AFFFFFFFFFFFFFFFFFFFF3E
:10F8F800FFFFFFFFFFFFFFFFFFFFFFFFFFFFD4D565
:10F90800585A585A585AB4B2ECE7EDE7FCF6A0A199
:10F91800FFFFFFFFFFFFFFFFFFFFFFFFFFFFFFFFEF
:10F92800FFFFFFFFFFFFFFFFFFFFFFFFFFFFFFFFDF
:10F93800FFFFFFFFFFFFFFFFFFFFFFFFFFFFFFFFCF
:10F94800FFFFFFFF4A4A5858B5B5E5E1E1DEDEDDC5
:10F95800DDD9D9D6D5D4D3CFDAD76261FFFFFFFF7F
:10F96800FFFFFFFFFFFF5353595AAFADA6A5A2A152
:10F978009E9D9897939298979B9E9A9AC5C5494938
:10F98800595AAFB1B5B7B6B8B9BBBDBEC0C1C3C38C
:10F99800C7C7C9C9CDCDCFCFD2D1D5D3D6D5D9D860
:10F9A800DAD8DEDCE4E04949FFFFFFFFFFFFFDFD99
:10F9B800555556566C6DF2EDF2ECF1ED6060FFFFB7
:10F9C800FFFFFFFFFFFFFFFFFFFFFFFFFFFFE1F567
:10F9D800B5E6B5E6B5E6B5E6B5E6F4F0B5E6B5E6FE
:10F9E800B5E6B5E6B5E6B5E658575B5BF3EFF1EC7F
:10F9F800EFECECEAECE8EAE7EAE5E9E65757FFFF5F
:10FA0800969656564E50DFDCD8D5D6D3D3D0CFCC29
:10FA1800CCCACAC7C7C45454FFFFACAC58585353D8
:10FA2800B4B3AFACAAA9A6A5A3A19F9E9B9B979888
:10FA38005959BCBC58585152A8A9A8AAABAEAFB2E4
:10FA4800B1B5B5B7B5B8B8BB5F60FFFFC5C5585805
:10FA5800514FCDCDCBCBCECEDDDC3737FFFFFFFF0F
:10FA6800FFFFFFFFFFFFFFFFFFFFFFFFFFFFFFFF9E
:10FA7800FFFF5353585857596565F0ECF0ECF0ED1B
:10FA8800FFFBA0A0FFFFFFFFFFFFFFFFFFFFFFFF40
:10FA9800FFFFFFFFFFFFFFFFFFFFFFFFFFFFFFFF6E
:10FAA800FFFFFFFFFFFFFFFFFFFFFFFFFFFFFFFF5E
:10FAB800FFFFFFFFFFFFFFFF4A4C585AB5B4E1DDD7
:10FAC800DEDADDD7D9D5D6D3D4CFCFCCD7D46164BD
:10FAD800FFFFFFFFFFFFFFFFFFFF53555A5CADAD70
:10FAE800A5A6A1A19D9D9798929397989EA19A9F4C
:10FAF800C5C6494B5A5CB1BBB7C2B8C4BBC6BEC9C0
:10FB0800C1CAC3CCC7CFC9D0CDD3CFD4D1D4D3D712
:10FB1800D5D9D8DAD8DBDCDEE0E0494BFFFFFFFFC0
:10FB2800FFFFFDFC555756586D6FEDE8ECE8EDEA20
:10FB38006063FFFFFFFFFFFFFFFFFFFFFFFFFFFF08
:10FB4800FFFFF5A5E61DE61DE61DE61DE61DF0EA2C
:10FB5800E61DE61DE61DE61DE61DE61D57595B5E22
:10FB6800EFEAECE5ECE6EAE4E8E3E7E2E5E0E6DF25
:10FB78005758FFFF969856585051DCD8D5D2D3D055
:10FB8800D0CDCCCACAC8C7C4C4C25455FFFFACAD97
:10FB9800585A5354B3B3ACACA9A9A5A6A1A29E9E2A
:10FBA8009B9B9897595DBCBD585A5253A9AFAAB0B0
:10FBB800AEB6B2BBB5BFB7C3B8C5BBC76062FFFFBF
:10FBC800C5C5585A4F51CDD4CBD1CED2DCE1373947
:10FBD800FFFFFFFFFFFFFFFFFFFFFFFFFFFFFFFF2D
:10FBE800FFFFFFFFFFFF5355585A595B6567ECE766
:10FBF800ECE7EDE8FBF5A0A1FFFFFFFFFFFFFFFF2C
:10FC0800FFFFFFFFFFFFFFFFFFFFFFFFFFFFFFFFFC
:10FC1800FFFFFFFFFFFFFFFFFFFFFFFFFFFFFFFFEC
:10FC2800FFFFFFFFFFFFFFFFFFFFFFFF4A4A585894
:10FC3800B8B6E6E3E4E1E2DFDFDDDCD9D9D6D5D436
:10FC4800DEDB6161FFFFFFFFFFFFFFFFFFFF535395
:10FC5800595AB3B2AAA9A6A5A2A29D9C9797929217
:10FC680098989696B8B8FFFF57576A6B6A6B6C6C92
:10FC78006E6E6A69C2C3C1C2C3C4C6C6CACACCCC86
:10FC8800CFCFD2D0A09F73747473737475754747C0
:10FC9800FFFFFFFFFFFF878758585757E2DFF0EC59
:10FCA800F1EDF1ECDBD8C3C3FFFFFFFFFFFFFFFF60
:10FCB800FFFFFFFFFFFFB5E6B5E6B5E6B5E6B5E63B
:10FCC800DFEDF4F0B5E6B5E6B5E6B5E6B5E6B5E6DA
:10FCD80058575C5CF3F0F1ECF1EBEFECEDEBECE991
:10FCE800E9E7EBE75856FFFF96965656504EE0DC8C
:10FCF800DBD9D9D5D4D3D2CFCFCCCACAC9C65454EC
:10FD0800FFFFACAC58585353B7B7B1B0ADACAAA8C5
:10FD1800A6A5A3A19E9D9B9A595ABCBC585852525D
:10FD2800A4A5A5A6A9A9ACAFAEB2B2B5B4B7B6B9E9
:10FD38005F5FFFFFC5C55858514FCACAC9C9CCCC67
:10FD4800CECEDBD93F3FFFFFFFFFFFFFFFFFFFFFE7
:10FD5800FFFFFFFFFFFFFFFF454558585757434335
:10FD6800F3F0EEEBF0ECF0ECFEFBA0A0FFFFFFFFE2
:10FD7800FFFFFFFFFFFFFFFFFFFFFFFFFFFFFFFF8B
:10FD8800FFFFFFFFFFFFFFFFFFFFFFFFFFFFFFFF7B
:10FD9800FFFFFFFFFFFFFFFFFFFFFFFFFFFFFFFF6B
:10FDA8004A4C585AB6B5E3DEE1DEDFDADDD8D9D5FC
:10FDB800D6D3D4CFDBD76164FFFFFFFFFFFFFFFF80
:10FDC800FFFF53555A5CB2B2A9A9A5A5A2A19C9D53
:10FDD80097989293989A9699B8B9FFFF57596B6E6E
:10FDE8006B6F6C706E72696DC3CFC2CAC4CCC6CE5D
:10FDF800CAD0CCD2CFD4D0D39FA374757375747581
:10FE080075774749FFFFFFFFFFFF8787585A575904
:10FE1800DFDDECE7EDE8ECE7D8D5C3C4FFFFFFFF73
:10FE2800FFFFFFFFFFFFFFFFFFFFE61DE61DE61DCB
:10FE3800E61DE61DEDA6F0EAE61DE61DE61DE61D3B
:10FE4800E61DE61D57595C5DF0E9ECE8EBE5ECE6EC
:10FE5800EBE4E9E3E7E2E7E25659FFFF96985658E4
:10FE68004E52DCD8D9D5D5D3D3CECFCCCCC9CAC87D
:10FE7800C6C55457FFFFACAD585A5355B7B6B0B0C6
:10FE8800ACADA8A9A5A6A1A29D9E9A9A5A5CBCBD94
:10FE9800585A5254A5A8A6ACA9B1AFB7B2BCB5C0C0
:10FEA800B7C3B9C55F63FFFFC5C5585A4F51CAD319
:10FEB800C9CFCCD2CED2D9DF3F42FFFFFFFFFFFF31
:10FEC800FFFFFFFFFFFFFFFFFFFFFFFF4547585AF8
:10FED80057594346F0ECEBE7ECE7ECE7FBF5A0A15C
:10FEE800FFFFFFFFFFFFFFFFFFFFFFFFFFFFFFFF1A
:10FEF800FFFFFFFFFFFFFFFFFFFFFFFFFFFFFFFF0A
:10FF0800FFFFFFFFFFFFFFFFFFFFFFFFFFFFFFFFF9
:10FF1800FFFFFFFF4A4A5858B9B8E9E5E6E2E4E2CC
:10FF2800E2DFDFDDDDDAD8D5E2DF6161FFFFFFFF69
:10FF3800FFFFFFFFFFFF5353595AB6B5AEADAAA94D
:10FF4800A6A5A2A19C9A989792929190B8B8FFFF03
:10FF5800FFFFFFFFFFFFF8F857575151C1C2BEBE60
:10FF6800C1C1C4C3C7C7CACACCCDCFCE8D8DFFFF10
:10FF7800FFFFFFFFFFFFFFFFFFFFFFFFFFFF4848F7
:10FF88005858494AF6F2EEEBEFEBF1EDFEF846462B
:10FF9800FFFFFFFFFFFFFFFFFFFFFFFFCFEFB5E60C
:10FFA800B5E6B5E6B5E6B9E7F4F0F4F0B5E6B5E6DA
:10FFB800B5E6B5E6B5E6B5E658575F60F4F0F1ED9D
:10FFC800F1ECF1ECEFECECEAECE8EBE95857FFFF69
:10FFD800969656564F4FE1E0DDDADBD8D9D6D4D322
:10FFE800D3D0CFCCCBCA5554FFFFACAC58585151E5
:08FFF800BCBAB4B4B0AFAEAD69
:020000021000EC
:10000000AAA8A6A5A3A1A09F5555BCBC5858535358
:100010009F9FA1A2A5A7A8ABADAFB0B2B2B4B3B732
:100020005E5FFFFFC5C558585150C9C9C6C6C9C98A
:10003000CBCBCDCDB0B07A7AFFFFFFFFFFFFFFFF44
:10004000FFFFFFFFFFFF4040585857574848FDFA51
:10005000ECE9EDEAEDEBF0ECFEFAA0A0FFFFFFFF0C
:10006000FFFFFFFFFFFFFFFFFFFFFFFFFFFFFFFFA0
:10007000FFFFFFFFFFFFFFFFFFFFFFFFFFFFFFFF90
:10008000FFFFFFFFFFFFFFFFFFFFFFFFFFFFFFFF80
:100090004A4C585AB8B7E5E0E2DDE2DEDFDADDD8F7
:1000A000DAD6D5D2DFDB6164FFFFFFFFFFFFFFFF82
:1000B000FFFF53555A5CB5B6ADADA9A9A5A5A1A141
:1000C0009A9C979892939093B8B9FFFFFFFFFFFF18
:1000D000FFFFF8F857595152C2CEBEC9C1CAC3CCAE
:1000E000C7CFCACFCDD2CED38D90FFFFFFFFFFFF8A
:1000F000FFFFFFFFFFFFFFFFFFFF484B585A4A4C2F
:10010000F2EEEBE7EBE6EDE8F8F24649FFFFFFFF22
:10011000FFFFFFFFFFFFFFFFEF6BE61DE61DE61D84
:10012000E61DE72CF0EAF0EAE61DE61DE61DE61DF9
:10013000E61DE61D57596062F0EAEDE7ECE8ECE5F4
:10014000ECE6EAE4E8E3E9E45759FFFF96985658ED
:100150004F52E0DBDAD7D8D4D6D3D3CED0CDCCC96A
:10016000CAC85456FFFFACAD585A5155BAB9B4B2CB
:10017000AFB0ADADA8A9A5A5A1A29F9E5557BCBD86
:10018000585A53559FA3A2A6A7ABABB2AFB6B2BC09
:10019000B4BFB7C35F63FFFFC5C5585A5051C9D13B
:1001A000C6CFC9CECBD1CDD2B0B57A7BFFFFFFFF92
:1001B000FFFFFFFFFFFFFFFFFFFF4042585A575965
:1001C000484BFAF7E9E6EAE6EBE7ECE7FAF4A0A138
:1001D000FFFFFFFFFFFFFFFFFFFFFFFFFFFFFFFF2F
:1001E000FFFFFFFFFFFFFFFFFFFFFFFFFFFFFFFF1F
:1001F000FFFFFFFFFFFFFFFFFFFFFFFFFFFFFFFF0F
:10020000FFFFFFFF4A4A5858BAB8EAE6E9E5E6E3D5
:10021000E4E2E3DFDFDDDDD9E6E26161FFFFFFFF5E
:10022000FFFFFFFFFFFF5353595ABBBAB3B2B0AD44
:10023000AAA9A6A6A1A09C9B97978A8DB8B8FFFFF4
:10024000FFFFFFFFFFFFEBEB57575151BDC0BABB9C
:10025000BEBFC1C1C4C4C7C7CACACCCC8C8DF7F756
:10026000FFFFFFFFFFFFFFFFFFFFFFFFF0F056560E
:1002700057578182EAE7ECE8EDEBEFEBF1ED6767CA
:10028000FFFFFFFFFFFFFFFFFFFFFFFFB5E6B5E644
:10029000B5E6B5E6B5E6EEEFF4F0F4F0B5E6B5E6B2
:1002A000B5E6B5E6B5E6B5E657576261F3EFF3EFAD
:1002B000F0EDF1ECF1EBEFECEDEBEDEA5857FFFF71
:1002C000969656564F4FE5E2DFDDDEDBDBD8D9D51B
:1002D000D5D4D3D0D0CD5455FFFFACAC58585252E2
:1002E000BFBEB7B7B4B3B1B1ADABA9A9A5A4A3A222
:1002F0005353BCBC585852539A9A9C9CA1A2A6A78F
:10030000AAABACAEB0B2B2B65F60FFFFC5C558587D
:100310005150C6C7C3C4C6C6C8C8CBCBCECE7272F6
:10032000CBCBFFFFFFFFFFFFFFFFFFFF7D7D585897
:1003300057585555F2EFE7E4E9E6ECE9ECE8EDEA69
:10034000FDFAA0A0FFFFFFFFFFFFFFFFFFFFFFFF82
:10035000FFFFFFFFFFFFFFFFFFFFFFFFFFFFFFFFAD
:10036000FFFFFFFFFFFFFFFFFFFFFFFFFFFFFFFF9D
:10037000FFFFFFFFFFFFFFFF4A4C585AB8B7E6E107
:10038000E5E0E3DEE2DEDFD9DDD7D9D5E2DE616488
:10039000FFFFFFFFFFFFFFFFFFFF53555A5CBAB996
:1003A000B2B2ADADA9A9A6A5A0A09B9C97988D8E31
:1003B000B8B9FFFFFFFFFFFFFFFFEBEA57595152AC
:1003C000C0CCBBC6BFC9C1C9C4CCC7CECAD0CCD2B1
:1003D0008D8FF7F7FFFFFFFFFFFFFFFFFFFFFFFF1F
:1003E000F0F0565957598283E7E4E8E6EBE7EBE68D
:1003F000EDE86769FFFFFFFFFFFFFFFFFFFFFFFF64
:10040000E61DE61DE61DE61DE61DEFD7F0EAF0EA63
:10041000E61DE61DE61DE61DE61DE61D5759616455
:10042000EFE9EFE9EDE7ECE8EBE5ECE6EBE4EAE435
:100430005759FFFF969856584F52E2DDDDD8DBD76B
:10044000D8D4D5D3D4CFD0CDCDC95556FFFFACAD80
:10045000585A5254BEBDB7B6B3B2B1B1ABACA9A8ED
:10046000A4A5A2A35355BCBD585A53559A9C9CA011
:10047000A2A6A7ADABB2AEB7B2BCB6C16062FFFF79
:10048000C5C5585A5051C7CFC4CCC6CEC8D0CBD1A1
:10049000CED27274CBCDFFFFFFFFFFFFFFFFFFFF48
:1004A0007D7F585A585A5557EFEDE4E3E6E3E9E605
:1004B000E8E6EAE7FAF4A0A1FFFFFFFFFFFFFFFF76
:1004C000FFFFFFFFFFFFFFFFFFFFFFFFFFFFFFFF3C
:1004D000FFFFFFFFFFFFFFFFFFFFFFFFFFFFFFFF2C
:1004E000FFFFFFFFFFFFFFFFFFFFFFFF4A4A5858D4
:1004F000BAB9EBE7EBE7E7E5E6E3E4E1E2DFDFDC0F
:10050000EAE56060FFFFFFFFFFFFFFFFFFFF5353C0
:10051000595ABFBDB7B5B2B1AEADAAA9A4A4A0A0A7
:100520009B9A908FB6B6FFFFFFFFFFFFFFFFEBEB3D
:1005300057575151BCBEB5B9BABCBDBEC0C2C4C389
:10054000C7C7CACA8C8CF7F7FFFFFFFFFFFFFFFF8B
:10055000FFFFFFFF6C6C58585656E9E7E9E6EBE8F9
:10056000ECE9EDEAEFEBE7E5ADADFFFFFFFFFFFFE5
:10057000FFFFBFE9B5E6B5E6B5E6B5E6C7EBF4F0D3
:10058000F4F0F4F0B5E6B5E6B5E6B5E6B5E6B5E601
:1005900052516261F5F1F3EFF3EFEFEDF1ECF1EBB6
:1005A000F0ECEEEC5858FFFF969656564F4FE7E4A6
:1005B000E2DFDFDDDEDBDAD8D8D4D5D3D4D15454B2
:1005C000FFFFACAC58585252C2BFBCBAB8B6B5B3B4
:1005D000B0B0ADACA9A8A7A65353BCBC5858535350
:1005E000949398989C9DA1A3A6A7A9ABADAFB0B2D8
:1005F0005F5FFFFFC5C558584F4FC3C4C2C2C4C5D3
:10060000C6C6C9C9CBCBD3D24545FFFFFFFFFFFF0D
:10061000FFFFD0D0585858585858B3B3E5E1E6E337
:10062000E7E4E9E6EBE9ECE9FCF9A0A0FFFFFFFF56
:10063000FFFFFFFFFFFFFFFFFFFFFFFFFFFFFFFFCA
:10064000FFFFFFFFFFFFFFFFFFFFFFFFFFFFFFFFBA
:10065000FFFFFFFFFFFFFFFFFFFFFFFFFFFFFFFFAA
:100660004A4C585AB9B7E7E2E7E2E5DFE3DEE1DEFC
:10067000DFDADCD8E5E06062FFFFFFFFFFFFFFFF8E
:10068000FFFF53555A5CBDBCB5B5B1B1ADADA9A91D
:10069000A4A4A09F9A9B8F90B6B7FFFFFFFFFFFF18
:1006A000FFFFEBEA57595152BECAB9C4BCC6BEC817
:1006B000C2C9C3CBC7CECAD08C8FF7F7FFFFFFFFED
:1006C000FFFFFFFFFFFFFFFF6C6F585A5658E7E42C
:1006D000E6E3E8E5E9E6EAE7EBE6E5E1ADAEFFFFF4
:1006E000FFFFFFFFFFFFE93BE61DE61DE61DE61DE0
:1006F000EB52F0EAF0EAF0EAE61DE61DE61DE61D23
:10070000E61DE61D51546164F1EBEFE9EFE9EDE719
:10071000ECE8EBE5ECE6ECE55858FFFF9698565808
:100720004F51E4E0DFDBDDD9DBD7D8D4D4D2D3CF4F
:10073000D1CE5456FFFFACAD585A5254BFBEBAB9D1
:10074000B6B6B3B2B0B0ACACA8A8A6A65355BCBD63
:10075000585A5355939498999DA0A3A8A7ADABB2AE
:10076000AFB7B2BC5F62FFFFC5C5585A4F51C4CF87
:10077000C2CAC5CCC6CEC9CFCBD1D2D74547FFFF61
:10078000FFFFFFFFFFFFD0D1585A585A585AB3B352
:10079000E1E0E3E1E4E3E6E3E9E6E9E5F9F4A0A179
:1007A000FFFFFFFFFFFFFFFFFFFFFFFFFFFFFFFF59
:1007B000FFFFFFFFFFFFFFFFFFFFFFFFFFFFFFFF49
:1007C000FFFFFFFFFFFFFFFFFFFFFFFFFFFFFFFF39
:1007D000FFFFFFFF4A4A5858BABAEDEAECE7EBE7E9
:1007E000E8E5E6E3E4E1E1DEEDE97272FFFFFFFF39
:1007F000FFFFFFFFFFFF5353595AC2C1BAB8B6B546
:10080000B1B1AEADA9A7A4A4A09F9392D7D7FFFF83
:10081000FFFFFFFFFFFFEBEB57575151B9BCB4B8D7
:10082000B7B9BBBCBFC0C2C2C4C5C7C78B8CF7F7C2
:10083000FFFFFFFFFFFFFFFFFFFFFFFF4B4B58587E
:100840004949EBE8E7E4E8E6EBE9ECE9EDEAF9F43D
:100850003C3DFFFFFFFFFFFFF1FAB5E6B5E6B5E669
:10086000B5E6B5E6FDF9F2F0F4F0F4F0B5E6B5E67C
:10087000B5E6B5E6B5E6B5E6E8E55C5CF5F1F4F0BD
:10088000F3EFF3EFEFEDF1ECF1EBF0EC5757FFFF87
:10089000969656564F4FEAE5E4E1E2DFDFDDDEDB18
:1008A000DBD8D8D4D5D35555FFFFACAC58585252ED
:1008B000C5C2BEBCBBB9B8B7B4B3B0B1ADACAAA9E0
:1008C0005253BCBC58585353979792929A989D9EF6
:1008D000A2A3A6A7A9AAAEAF5C5DFFFFB5B5585805
:1008E0004F4FC1C1BFC0C1C2C4C4C7C7C9C9CCCCA6
:1008F000DBDB3837FFFFFFFFFFFF535358585858D3
:10090000696AE2DFE3E0E4E2E6E3E8E5E8E7EBE892
:10091000FBF8A0A0FFFFFFFFFFFFFFFFFFFFFFFFB0
:10092000FFFFFFFFFFFFFFFFFFFFFFFFFFFFFFFFD7
:10093000FFFFFFFFFFFFFFFFFFFFFFFFFFFFFFFFC7
:10094000FFFFFFFFFFFFFFFF4A4C585ABAB9EAE426
:10095000E7E3E7E2E5E0E3DEE1DCDEDAE9E3727457
:10096000FFFFFFFFFFFFFFFFFFFF53555A5CC1BEB4
:10097000B8B7B5B4B1B1ADADA7A7A4A39F9F9294EA
:10098000D7D8FFFFFFFFFFFFFFFFEBEA5759515397
:10099000BCC8B8C3B9C5BCC6C0C9C2CBC5CCC7CE1C
:1009A0008C8EF7F7FFFFFFFFFFFFFFFFFFFFFFFF4B
:1009B0004B4D585A494BE8E7E4E2E6E2E9E5E9E560
:1009C000EAE7F4EF3D3FFFFFFFFFFFFFFAD5E61D2B
:1009D000E61DE61DE61DE61DF9F3F0EAF0EAF0EA91
:1009E000E61DE61DE61DE61DE61DE61DE5E15C5F74
:1009F000F1EBF0EAEFE9EFE9EDE7ECE7EBE5ECE747
:100A00005758FFFF969856584F50E5DFE1DCDFDA84
:100A1000DDD8DBD7D8D4D4D2D3CE5557FFFFACAD79
:100A2000585A5254C2C2BCBBB9B9B7B6B3B2B1B0CE
:100A3000ACACA9A95355BCBD585A5355979892933D
:100A4000989A9EA2A3A8A7AEAAB2AFB95D5FFFFF16
:100A5000B5B7585A4F50C1CDC0CAC2CAC4CCC7CF0F
:100A6000C9CFCCD2DBE1373AFFFFFFFFFFFF535581
:100A7000585A585A6A6BDFDFE0DFE2E1E3E1E5E272
:100A8000E7E4E8E6F8F3A0A1FFFFFFFFFFFFFFFFA9
:100A9000FFFFFFFFFFFFFFFFFFFFFFFFFFFFFFFF66
:100AA000FFFFFFFFFFFFFFFFFFFFFFFFFFFFFFFF56
:100AB000FFFFFFFFFFFFFFFFFFFFFFFF4A4A5858FE
:100AC000BCBAEFEBEDEAEBE7EAE5E7E4E6E3E3E007
:100AD000EDEB7171FFFFFFFFFFFFFFFFFFFF5353C0
:100AE000595AC7C5BEBCBAB8B6B5B2B1ADACA9A863
:100AF000A4A39798D6D6FFFFFFFFFFFFFFFFEBEB06
:100B000057575151B6B8B3B5B4B7B7BABBBCBFBFEE
:100B1000C2C2C4C38989F7F7FFFFFFFFFFFFFFFFD2
:100B2000FFFFDEDE575757579291E3E0E6E3E7E435
:100B3000E8E6EBE8ECE8EEEA7D7DFFFFFFFFFFFF74
:100B4000B5E6B5E6B5E6B5E6B5E67E95FDFAF3EEB3
:100B5000F3F0F4F0B5E6B5E6B5E6B5E6B5E6B5E62C
:100B6000F3EFEBE8F4F0F4F0F4F0F3EFF3EFF0ED83
:100B7000F1ECF2EC5353FFFF969656564E4FEBE8CE
:100B8000E7E2E4E1E1DFDFDDDDD9DAD8D8D55353A0
:100B9000FFFF9D9D58585152C9C7C1BFBEBCBBB9CC
:100BA000B8B6B4B3B0AFADAC5353BCBC5858535344
:100BB0009C9B969591929B9A9D9EA3A4A7A7AAAB56
:100BC0005C5CFFFFB5B558584F4FBEBFBCBDC0C140
:100BD000C1C2C4C5C7C6CACACCCCD8D84141FFFF20
:100BE0004444585858584545E2E0DFDEE2DFE3E090
:100BF000E5E2E6E3E8E5EAE6FAF7A7A7FFFFFFFF8D
:100C0000FFFFFFFFFFFFFFFFFFFFFFFFFFFFFFFFF4
:100C1000FFFFFFFFFFFFFFFFFFFFFFFFFFFFFFFFE4
:100C2000FFFFFFFFFFFFFFFFFFFFFFFFFFFFFFFFD4
:100C30004A4C585ABAB9EBE6EAE4E7E2E5E0E4DF09
:100C4000E3DEE0DCEBE57173FFFFFFFFFFFFFFFF7B
:100C5000FFFF53555A5CC5C3BCBBB8B7B5B4B1B1FF
:100C6000ACACA8A7A3A39897D6D7FFFFFFFFFFFFC1
:100C7000FFFFEBEA57595153B8C3B5C0B7C4BAC662
:100C8000BCC7BFC9C2CBC3CB898DF7F7FFFFFFFF3E
:100C9000FFFFFFFFFFFFDEDF575957599193E0DF5A
:100CA000E3E2E4E2E6E3E8E5E8E6EAE77D7EFFFF8B
:100CB000FFFFFFFFE61DE61DE61DE61DE61D953B59
:100CC000FAF2EEE8F0EAF0EAE61DE61DE61DE61DA2
:100CD000E61DE61DEFE9E8E4F0EAF0EAF0EAEFE904
:100CE000EFE9EDE7ECE7ECE65356FFFF9698565830
:100CF0004F52E8E2E2DDE1DDDFD9DDD8D9D5D8D445
:100D0000D5D25354FFFF9D9E585A5254C7C4BFBFFB
:100D1000BCBBB9B9B6B6B3B2AFAFACAD5356BCBD40
:100D2000585A53559B9C959592939A9C9EA2A4A722
:100D3000A7AEABB45C5FFFFFB5B6585A4F50BFCB00
:100D4000BDC8C1CAC2CAC5CDC6CECAD0CCD2D8DEF3
:100D50004144FFFF4446585A585A4548E0E2DEDD18
:100D6000DFE0E0DFE2E1E3E1E5E2E6E3F7F3A7A9B4
:100D7000FFFFFFFFFFFFFFFFFFFFFFFFFFFFFFFF83
:100D8000FFFFFFFFFFFFFFFFFFFFFFFFFFFFFFFF73
:100D9000FFFFFFFFFFFFFFFFFFFFFFFFFFFFFFFF63
:100DA000FFFFFFFF4A4A5858BAB9F1EAEFEAEDEA05
:100DB000EBE7EAE6E7E4E7E1F1ED7171FFFFFFFF42
:100DC000FFFFFFFFFFFF5353595ACAC7C2BFBEBC44
:100DD000B9B9B5B4B1AFACABA9A79C9BD7D7FFFF4E
:100DE000FFFFFFFFFFFFEBEB57575252B2B5B0B218
:100DF000B4B5B5B7B8BABBBDBFC0C1C28889F6F635
:100E0000FFFFFFFFFFFFFFFFFFFF626258585455CF
:100E1000E5E3E1DEE4E1E5E3E7E4E8E6ECE9ECEA7A
:100E2000EFEB9F9FFFFFDDF4B5E6B5E6B5E6B5E66F
:100E3000B5E65051FCF8F3EFF3EEF3F0B5E6B5E6A6
:100E4000B5E6B5E6B5E6B5E6F4F0F4F0F4F0F4F0A6
:100E5000F4F0F4F0F3EFF3EFEFEDF2EE5353FFFFA6
:100E6000969656564E4FECE8E7E4E7E3E3E0E2DF20
:100E7000DFDDDCD9DAD95253FFFF9D9D585851511F
:100E8000CBC9C5C3C0BEBEBCBAB8B7B6B4B2B0B0A9
:100E90005353BCBC58585252A09F99999495939221
:100EA0009B9A9F9FA3A4A8A95C5DFFFFB5B5585866
:100EB0004F4FBBBDB9BCBDBEBFC0C1C3C4C4C7C713
:100EC000CACACDCDABAB4747585857574A4BECEA47
:100ED000DCD9DEDCDFDEE1DFE3E0E5E2E7E3E7E407
:100EE000F8F4B3B2FFFFFFFFFFFFFFFFFFFFFFFFBD
:100EF000FFFFFFFFFFFFFFFFFFFFFFFFFFFFFFFF02
:100F0000FFFFFFFFFFFFFFFFFFFFFFFFFFFFFFFFF1
:100F1000FFFFFFFFFFFFFFFF4A4C585AB9B8EAE452
:100F2000EAE6EAE4E7E2E6E1E4DEE1DDEDE871735A
:100F3000FFFFFFFFFFFFFFFFFFFF53555A5CC7C6D0
:100F4000BFBEBCBAB9B7B4B4AFAFABABA7A79B9C9D
:100F5000D7D8FFFFFFFFFFFFFFFFEBEA57595253C0
:100F6000B5BEB2BDB5C1B7C3BAC5BDC7C0C9C2CB96
:100F7000898DF6F6FFFFFFFFFFFFFFFFFFFF6264B3
:100F8000585A5557E3E3DEDFE1DFE3E2E4E3E6E36B
:100F9000E9E6EAE5EBE89FA0FFFFF498E61DE61D11
:100FA000E61DE61DE61D5154F8F2EFE7EEE8F0EA23
:100FB000E61DE61DE61DE61DE61DE61DF0EAF0EA6B
:100FC000F0EAF0EAF0EAF0EAEFE9EFE9EDE7EEE85F
:100FD0005356FFFF969856584F51E8E3E4DFE3DDA0
:100FE000E0DCDFD9DDD8D9D5D9D55355FFFF9D9E9B
:100FF000585A5154C9C5C3C0BEBEBCBBB8B9B6B5BA
:10100000B2B2B0B05355BCBD585A52559FA0999931
:10101000959692949A9B9FA3A4A8A9AF5D5EFFFFAB
:10102000B5B6585A4F50BDCABCC6BEC8C0CBC3CC5B
:10103000C4CCC7CECAD0CDD3ABB0474A585A575903
:101040004B4DEAEDD9DBDCDDDEDDDFE0E0DFE2E2C7
:10105000E3E1E4E2F4F0B2B3FFFFFFFFFFFFFFFFC5
:10106000FFFFFFFFFFFFFFFFFFFFFFFFFFFFFFFF90
:10107000FFFFFFFFFFFFFFFFFFFFFFFFFFFFFFFF80
:10108000FFFFFFFFFFFFFFFFFFFFFFFF4A4A585828
:10109000D5D3F1ECF0EBEDEAEDE9E9E7E9E5E6E3DC
:1010A000F5F07171FFFFFFFFFFFFFFFFFFFF5353DD
:1010B0005859CFCCC5C3C1C0BDBBB9B8B4B3B0AF2C
:1010C000ACAB9F9ED6D6FFFFFFFFFFFFFFFFEBEB12
:1010D00057575151AEB0ACAFB2B4B3B5B3B7B8BA5D
:1010E000BCBCBFC08788FBFBFFFFFFFFFFFFFFFF0C
:1010F000FFFF4D4D58584C4CE0DEDFDDE1DEE4E112
:10110000E6E3E7E4E9E6EBE9F3F03C3CFFFFB5E6B4
:10111000B5E6B5E6B5E6B5E65E635051FCF8F1EE2E
:10112000F3EFF3EEB5E6B5E6B5E6B5E6B5E6B5E65A
:10113000F4F0F4F0F4F0F4F0F4F0F4F0F3EFF3EF93
:10114000F3EFF1EE5454FFFF969656564E4EEEE9ED
:10115000E9E5E7E4E7E2E3E0E1DEDEDDDCD9535296
:10116000FFFF9D9D58585151CFCBC7C5C4C2C1BFC9
:10117000BEBBBBB8B7B6B4B35353BCBC585851513F
:10118000A3A29D9C9898949293939A9A9F9FA3A5AB
:101190005C5DFFFFB5B55858504FB8BAB7B9BABC87
:1011A000BDBDC0C1C1C3C5C4C8C8C9C9CDCD6A6AA7
:1011B00058585454DFDED6D6DAD8DBD9DEDCE0DE90
:1011C000E2DFE4E1E5E3E7E4F7F3B3B3FFFFFFFFBA
:1011D000FFFFFFFFFFFFFFFFFFFFFFFFFFFFFFFF1F
:1011E000FFFFFFFFFFFFFFFFFFFFFFFFFFFFFFFF0F
:1011F000FFFFFFFFFFFFFFFFFFFFFFFFFFFFFFFFFF
:101200004A4C585AD3D0ECE7EBE5EAE5E9E4E7E2EB
:10121000E5E0E3DEF0EA7172FFFFFFFFFFFFFFFF93
:10122000FFFF5355595BCCCAC3C1C0BEBBBAB8B8E7
:10123000B3B3AFB0ABAB9E9FD6D8FFFFFFFFFFFFAE
:10124000FFFFEBEA57595153B0B8AFB7B4BEB5C1C1
:10125000B7C4BAC6BCC8C0CA888BFBFBFFFFFFFF80
:10126000FFFFFFFFFFFF4D4F585A4C4EDEE0DDDD24
:10127000DEE0E1E0E3E2E4E2E6E3E9E6F0EC3C3E76
:10128000FFFFE61DE61DE61DE61DE61D63525154F7
:10129000F8F2EEE8EFE8EEE8E61DE61DE61DE61DD5
:1012A000E61DE61DF0EAF0EAF0EAF0EAF0EAF0EA1C
:1012B000EFE9EFE9EFE9EEE85456FFFF969856584C
:1012C0004E51E9E4E5E0E4DFE2DDE0DBDEDADDD843
:1012D000D9D65255FFFF9D9E585A5153CBC9C5C20E
:1012E000C2C0BFBEBBBAB8B8B6B5B3B15355BCBD2A
:1012F000585A5153A2A29C9D9899929493949A9D66
:101300009FA3A5AA5D5FFFFFB5B6585A4F51BAC754
:10131000B9C5BCC6BDC9C1CBC3CDC4CCC8CEC9CF6D
:10132000CDD36A6D585A5456DEE1D6D8D8DBD9DB16
:10133000DCDDDEDDDFE0E1E0E3E2E4E2F3EFB3B4E5
:10134000FFFFFFFFFFFFFFFFFFFFFFFFFFFFFFFFAD
:10135000FFFFFFFFFFFFFFFFFFFFFFFFFFFFFFFF9D
:10136000FFFFFFFFFFFFFFFFFFFFFFFFFFFFFFFF8D
:10137000FFFFFFFF4A4A5858D6D4F0EEF1ECF0ECEC
:10138000EDEAECE8EAE7E9E5F5F27171FFFFFFFF4E
:10139000FFFFFFFFFFFF53535859D1D0C9C7C6C342
:1013A000C1C0BEBBB9B8B4B3B1AFA3A1D6D6FFFF1D
:1013B000FFFFFFFFFFFFEBEB57575251AAABA8AA65
:1013C000ADB0B0B2B4B6B5B8B8BBBBBD8686FBFB9A
:1013D000FFFFFFFFFFFFFFFFCFCF57575758A3A3D4
:1013E000DBD8DDDBDFDCE1DFE4E1E5E3E7E4E9E6F0
:1013F000EBE98B8CC7ECB5E6B5E6B5E6B5E6C1E939
:1014000055555051FBF6F1EDF1EDF3EFB5E6B5E6CC
:10141000B5E6B5E6B5E6B5E6F4F0F4F0F4F0F4F0D0
:10142000F4F0F4F0F4F0F4F0F3EFF4F05453FFFFC1
:10143000969656565454EFEBEBE6E8E5E6E3E6E124
:10144000E3E0E1DEE1DE5353FFFF9D9D585851512B
:10145000D1CDCBC7C7C5C5C3C1C0BEBABAB9B8B66E
:101460005252BCBC58585251A7A5A1A09D9C989718
:10147000959394949A9A9E9F5B5CFFFFB5B55858DC
:10148000504FB7B9B5B6B6B9B9BCBEBFC0C1C1C27D
:10149000C5C4C7C7CACAD1D14647ACACD4D2D5D3CC
:1014A000D6D6DAD7DBD9DDDBE0DEE2DFE3E0E4E36A
:1014B000F4F1B3B3FFFFFFFFFFFFFFFFFFFFFFFFED
:1014C000FFFFFFFFFFFFFFFFFFFFFFFFFFFFFFFF2C
:1014D000FFFFFFFFFFFFFFFFFFFFFFFFFFFFFFFF1C
:1014E000FFFFFFFFFFFFFFFF4A4C585AD4CFEEE744
:1014F000ECE7ECE6EAE4E8E3E7E2E5E0F2EB717260
:10150000FFFFFFFFFFFFFFFFFFFF5355595BD0CEEB
:10151000C7C4C3C1C0BEBBBAB8B6B3B3AFAFA1A254
:10152000D6D7FFFFFFFFFFFFFFFFEBEA57595153ED
:10153000ABB1AAB1B0B9B2BDB6C2B8C3BBC6BDC823
:10154000868CFBFBFFFFFFFFFFFFFFFFCFD057594C
:10155000585AA3A5D8DBDBDCDCDDDFE0E1E0E3E229
:10156000E4E3E6E3E9E68C8DEC55E61DE61DE61DB9
:10157000E61DE94655575154F6F1EDE8EDE8EFE781
:10158000E61DE61DE61DE61DE61DE61DF0EAF0EA95
:10159000F0EAF0EAF0EAF0EAF0EAF0EAEFE9F0EA7D
:1015A0005356FFFF969856585457EBE6E6E1E5DFB1
:1015B000E3DEE1DDE0DBDED9DED95355FFFF9D9EA2
:1015C000585A5153CDCBC7C5C5C2C3C0C0BDBABAA6
:1015D000B9B8B6B65255BCBD585A5153A5A5A0A02E
:1015E0009C9D9799939494949A9D9FA35C5FFFFF11
:1015F000B5B6585A4F51B9C6B6C2B9C5BCC6BFC9AF
:10160000C1CBC2CDC4CCC7CDCAD0D1D84749ACB06C
:10161000D2D6D3D7D6D8D7DAD9DBDBDDDEDDDFE033
:10162000E0E0E3E2F1EEB3B4FFFFFFFFFFFFFFFFF7
:10163000FFFFFFFFFFFFFFFFFFFFFFFFFFFFFFFFBA
:10164000FFFFFFFFFFFFFFFFFFFFFFFFFFFFFFFFAA
:10165000FFFFFFFFFFFFFFFFFFFFFFFF4A4A585852
:10166000D6D4F3EFF0EDF1ECEFECECEAECE9EAE7DD
:10167000F9F37171FFFFFFFFFFFFFFFFFFFF535300
:101680005859D5D3CCC9C9C6C5C3C1C0BCBCB8B9EB
:10169000B4B4A6A6D6D6FFFFFFFFFFFFFFFFEBEB1C
:1016A00057575252A6A6A4A6A9A9ADAFB1B3B3B6D7
:1016B000B3B7B8BA8486FBFBFFFFFFFFFFFFFFFF56
:1016C000555558585352DFDED7D6DAD9DDDBE0DD89
:1016D000E3E0E3E0E5E4E8E5E9E6F3F0B5E6B5E606
:1016E000B5E6B5E6B5E6F6F655555051F9F6F0EB28
:1016F000F1EDF1EDB5E6B5E6B5E6B5E6B5E6B5E68C
:10170000F4F0F4F0F4F0F4F0F4F0F4F0F4F0F4F0B9
:10171000F3EFF4F05453FFFF969656565454F0ED01
:10172000ECE8EBE6E9E5E6E3E7E2E4E0E2DF535389
:10173000FFFF9D9D58585051D4D1CDCACAC7C7C5C7
:10174000C3C2C1BFBDBCBBB95252BCBC5858515139
:10175000AAA9A4A2A1A09C9B9898949394949A9CC3
:101760005C5CFFFFB5B558585050B6B8B4B6B4B7C6
:10177000B7B9BBBBBDBEC0C0C2C3C4C4C7C7CACA59
:10178000D2D2CFCED1D0D4D2D5D2D7D5D9D8DCDA17
:10179000DEDCDFDDE2DFE3E0F3F0B3B3FFFFFFFF0A
:1017A000FFFFFFFFFFFFFFFFFFFFFFFFFFFFFFFF49
:1017B000FFFFFFFFFFFFFFFFFFFFFFFFFFFFFFFF39
:1017C000FFFFFFFFFFFFFFFFFFFFFFFFFFFFFFFF29
:1017D0004A4C585AD4CFEFE9EDE7ECE7ECE6EAE4FF
:1017E000E9E3E7E2F3ED7172FFFFFFFFFFFFFFFFA9
:1017F000FFFF5355595BD3D0C9C7C6C3C3C1C0BED1
:10180000BCBBB9B6B4B3A6A6D6D7FFFFFFFFFFFF98
:10181000FFFFEBEA57595254A6ABA6ACA9B2AFB83A
:10182000B3BEB6C2B7C4BAC5868AFBFBFFFFFFFFD3
:10183000FFFFFFFF5557585A5254DEE1D6D8D9DB87
:10184000DBDDDDDDE0E0E0E0E4E2E5E2E6E3F0ED73
:10185000E61DE61DE61DE61DE61DF6F6555751543C
:10186000F6F1EBE7EDE8EDE8E61DE61DE61DE61D09
:10187000E61DE61DF0EAF0EAF0EAF0EAF0EAF0EA46
:10188000F0EAF0EAEFE9F0EA5356FFFF969856586F
:101890005455EDE7E8E3E6E1E5E0E3DFE2DDE0DB38
:1018A000DFDA5355FFFF9D9E585A5153D1CECAC817
:1018B000C7C5C5C3C2BFBFBEBCBAB9B85254BCBD10
:1018C000585A5153A9A9A2A3A0A09B9C989993945C
:1018D00094969C9C5C5FFFFFB5B6585A5051B8C2B5
:1018E000B6C1B7C3B9C6BBC5BEC8C0CBC3CDC4CCD7
:1018F000C7CECAD0D2D8CED3D0D4D2D6D2D6D5D8CD
:10190000D8DADADBDCDDDDDCDFE0E0E0F0EEB3B43A
:10191000FFFFFFFFFFFFFFFFFFFFFFFFFFFFFFFFD7
:10192000FFFFFFFFFFFFFFFFFFFFFFFFFFFFFFFFC7
:10193000FFFFFFFFFFFFFFFFFFFFFFFFFFFFFFFFB7
:10194000FFFFFFFF4A4A5858D6D4F2EEF3EFF0ED0E
:10195000F1EDEFECEDEAEDE9FBF67372FFFFFFFF4F
:10196000FFFFFFFFFFFF53535859D9D6D0CDCAC947
:10197000C8C6C5C4C0BFBCBBB8B7A0A0D7D7FFFFFF
:10198000FFFFFFFFFFFFEBEB575752529EA0A1A1B5
:10199000A5A7A9ACAEB0B1B3B4B6B5B87D7EFBFB1C
:1019A000FFFFFFFFFFFFFFFF505057575757D6D499
:1019B000D5D4D8D7DAD8DDDBE0DDE2DFE4E1E6E359
:1019C000E8E4C6E7B5E6B5E6B5E6B5E6D5F1F6F680
:1019D00055555051F8F3EFECF1ECF2ECB5E6B5E605
:1019E000B5E6B5E6B5E6B5E6F4F0F4F0F4F0F4F0FB
:1019F000F4F0F4F0F4F0F4F0F4F0F4F05453FFFFEA
:101A0000969656565454F1ECEDE9ECE6EBE6E9E532
:101A1000E6E4E6E3E5DF5453FFFF9D9D585851503F
:101A2000D7D4CFCBCCCACBC8C7C4C3C2C0BFBEBC3F
:101A30005353BCBC58585050ADACA7A6A4A3A09F0C
:101A40009B9B9797939395955050FFFFB5B558582A
:101A50005050B3B4B3B4B4B6B5B7B7BABABCBEBFDE
:101A6000C1C1C2C3C5C5C8C8CACACCCCCFCFD2D0E9
:101A7000D3D1D5D4D7D5DBD9DCD9DDDBE1DEE2DFCC
:101A8000F1EEB3B3FFFFFFFFFFFFFFFFFFFFFFFF1D
:101A9000FFFFFFFFFFFFFFFFFFFFFFFFFFFFFFFF56
:101AA000FFFFFFFFFFFFFFFFFFFFFFFFFFFFFFFF46
:101AB000FFFFFFFFFFFFFFFF4A4C585AD4CFEEE86D
:101AC000EFE9EDE7EDE7ECE6EAE4E9E4F6F072755C
:101AD000FFFFFFFFFFFFFFFFFFFF5355595BD6D30B
:101AE000CDC9C9C7C6C4C4C0BFBDBBBBB7B6A0A122
:101AF000D7D8FFFFFFFFFFFFFFFFEBEA5759525414
:101B0000A0A3A1A6A7ADACB2B0B9B3BDB6C3B8C4CB
:101B10007E83FBFBFFFFFFFFFFFFFFFF5052575984
:101B20005759D4D8D4D8D7D8D8DBDBDCDDDCDFE01C
:101B3000E1E0E3E1E4E2E758E61DE61DE61DE61D0F
:101B4000F180F6F655575154F3EEECE5ECE7ECE88E
:101B5000E61DE61DE61DE61DE61DE61DF0EAF0EABF
:101B6000F0EAF0EAF0EAF0EAF0EAF0EAF0EAF0E9A6
:101B70005356FFFF969856585455ECE8E9E4E6E2D0
:101B8000E6E1E5E0E4DFE3DDDFDC5354FFFF9D9EAB
:101B9000585A5053D4D0CBCACAC8C8C5C4C3C2BF90
:101BA000BFBDBCBB5355BCBD585A5053ACACA6A727
:101BB000A3A39F9F9B9B9798939495965052FFFF4A
:101BC000B5B6585A5051B4BEB4BEB6C2B7C3BAC502
:101BD000BCC6BFC8C1CBC3CCC5CDC8CECAD0CCD281
:101BE000CFD3D0D4D1D6D4D7D5D8D9DAD9DADBDE91
:101BF000DEDDDFE0EEEDB3B4FFFFFFFFFFFFFFFF31
:101C0000FFFFFFFFFFFFFFFFFFFFFFFFFFFFFFFFE4
:101C1000FFFFFFFFFFFFFFFFFFFFFFFFFFFFFFFFD4
:101C2000FFFFFFFFFFFFFFFFFFFFFFFF4A4A58587C
:101C3000D6D4F4F0F3EFF3EFF0EEF1EDF0ECEDEBE2
:101C4000FCF77272FFFFFFFFFFFFFFFFFFFF535321
:101C50005859DCDAD3D0CFCCCBC9C8C6C3C2C0BFB9
:101C6000BCBBA3A3D7D7FFFFFFFFFFFFFFFFEBEB3B
:101C70005757535398999B9CA1A2A5A7AAABAEB165
:101C8000B1B3B4B57678FBFBFFFFFFFFFFFFB4B441
:101C900058585858B3B2D1CFD4D2D6D5D8D6DCD92B
:101CA000DDDBE0DDE3E0E5E2E6E3B5E6B5E6B5E69B
:101CB000B5E6B5E6B5E6B5E6B5E6B5E6B5E6B5E64C
:101CC000B5E6B5E6B5E6B5E6B5E6B5E6B5E6B5E63C
:101CD000B5E6B5E6B5E6F4F0F4F0F4F0F4F0F4F0BF
:101CE000F4F0F5F15453FFFF969656565354F3EE25
:101CF000EEEAEDEAEBE7EBE6E9E6E6E3E8E44D4E93
:101D0000FFFF9E9E58585151D9D7D3D0CFCCCCCAC3
:101D1000C9C7C6C4C4C1C1C15252BFBF5858505030
:101D2000B0AFABA9A7A6A3A29F9E9C9B98979493A4
:101D30005252FFFFB5B558585050AFB0AFB1B1B423
:101D4000B4B5B5B7B8B9BABCBEBFC0C1C2C3C5C5CA
:101D5000C8C8CACACDCCCFCFD2D0D3D1D5D3D7D58E
:101D6000DAD9DDDADEDCE1DDE7E5B3B3FFFFFFFF63
:101D7000FFFFFFFFFFFFFFFFFFFFFFFFFFFFFFFF73
:101D8000FFFFFFFFFFFFFFFFFFFFFFFFFFFFFFFF63
:101D9000FFFFFFFFFFFFFFFFFFFFFFFFFFFFFFFF53
:101DA0004A4C585AD4CFF0EAEFE9EFE9EEE8EDE714
:101DB000ECE6EBE4F7F27275FFFFFFFFFFFFFFFFBA
:101DC000FFFF5355595BDAD6D0CDCCC9C9C7C6C4BD
:101DD000C2C0BFBDBBBAA3A4D7D8FFFFFFFFFFFFA0
:101DE000FFFFEBEA57595355999A9C9EA2A5A7ACC1
:101DF000ABB3B1B9B3BEB5C1787DFBFBFFFFFFFF4D
:101E0000FFFFB4B4585A585AB2B6CFD4D2D6D5D7A9
:101E1000D6D9D9DBDBDDDDDDE0E0E2E0E3E1E61DA4
:101E2000E61DE61DE61DE61DE61DE61DE61DE61D9A
:101E3000E61DE61DE61DE61DE61DE61DE61DE61D8A
:101E4000E61DE61DE61DE61DE61DF0EAF0EAF0EAF5
:101E5000F0EAF0EAF0EAF1EB5356FFFF9698565895
:101E60005455EEE8EAE5EAE4E7E2E6E1E6E0E3DE3F
:101E7000E4DF4E50FFFF9EA0585A5152D7D2D0CD2A
:101E8000CCC8CAC8C7C5C4C3C1BFC1BE5255BFC0F4
:101E9000585A5052AFAFA9AAA6A7A2A39E9E9B9C38
:101EA000979893945254FFFFB5B6585A5052B0B811
:101EB000B1BAB4BEB5C1B7C3B9C5BCC5BFC9C1CA43
:101EC000C3CDC5CDC8CECAD0CCD2CFD4D0D4D1D634
:101ED000D3D7D5D8D9DADADBDCDEDDDEE5E4B3B49E
:101EE000FFFFFFFFFFFFFFFFFFFFFFFFFFFFFFFF02
:101EF000FFFFFFFFFFFFFFFFFFFFFFFFFFFFFFFFF2
:101F0000FFFFFFFFFFFFFFFFFFFFFFFFFFFFFFFFE1
:101F1000FFFFFFFF4A4A5858D6D4F4F0F4F0F2EE2F
:101F2000F3EFF0EEF1ECF0ECFDFB7272FFFFFFFF60
:101F3000FFFFFFFFFFFF53535859E0DDD6D4D2CF48
:101F4000CFCCCBC8C9C5C4C1C0BFA6A5D7D7FFFFDA
:101F5000FFFFFFFFFFFFEBEB575752529998959504
:101F60009C9CA1A2A6A8A9ACAEB0B2B47677FBFBAC
:101F7000FFFFFFFFFFFF4F4F58585050D5D4CFCD34
:101F8000D2CFD4D2D6D5D9D7DCD9DEDCE1DDE2DFC1
:101F9000E5E2B5E6B5E6B5E6B5E6B5E6B5E6B5E63D
:101FA000B5E6B5E6B5E6B5E6B5E6B5E6B5E6B5E659
:101FB000B5E6B5E6B5E6B5E6B5E6B5E6B5E6D0EA2A
:101FC000F4F0F4F0F4F0F4F0F4F0F5F15453FFFF12
:101FD000969656565354F3F0EFECECEAECEAEBE746
:101FE000EBE6E9E6E8E64E4DFFFFA1A15859515155
:101FF000DCD9D6D3D3CFCFCDCCC9C9C7C6C4C4C210
:102000005252B0B05A5A5151B4B3AFAEABA9A6A513
:10201000A3A1A09F9B9A97975151FFFFB5B5585820
:102020005150ABACACAEAFB1B1B3B4B6B4B7B8B954
:10203000BABDBEBFC1C2C2C3C6C6C7C7CBCBCECE58
:10204000D0CFD2D1D4D2D5D3D6D6DAD9DDDBDEDD2E
:10205000DEDDB3B3FFFFFFFFFFFFFFFFFFFFFFFF6B
:10206000FFFFFFFFFFFFFFFFFFFFFFFFFFFFFFFF80
:10207000FFFFFFFFFFFFFFFFFFFFFFFFFFFFFFFF70
:10208000FFFFFFFFFFFFFFFF4A4C585AD4CFF0EA93
:10209000F0EAEEE8EFE9EEE8ECE6ECE6FBF4727568
:1020A000FFFFFFFFFFFFFFFFFFFF5355595BDDD928
:1020B000D4D0CFCCCCC9C8C6C5C3C1BFBFBDA5A7EE
:1020C000D7D8FFFFFFFFFFFFFFFFEBEA575952553D
:1020D000989995979CA0A2A6A8ADACB3B0BAB4BE8F
:1020E000777CFBFBFFFFFFFFFFFF4F51585A505219
:1020F000D4DBCDD2CFD4D2D7D5D9D7DAD9DBDCDD7A
:10210000DDDEDFDFE2E0E61DE61DE61DE61DE61D85
:10211000E61DE61DE61DE61DE61DE61DE61DE61DA7
:10212000E61DE61DE61DE61DE61DE61DE61DE61D97
:10213000E61DEA77F0EAF0EAF0EAF0EAF0EAF1EB1D
:102140005356FFFF969856585455F0E8ECE6EAE4EB
:10215000EAE3E7E2E6E1E6E0E6E04D50FFFFA1A2B8
:10216000595B5152D9D6D3D0CFCCCDC8C9C8C7C579
:10217000C4C3C2BF5254B0B15A5C5152B3B3AEAC37
:10218000A9AAA5A6A1A39F9E9A9B97985154FFFF29
:10219000B5B6585A5052ACB3AEB4B1BAB3BEB6C26B
:1021A000B7C4B9C6BDC6BFCAC2CAC3CDC6CEC7CEE4
:1021B000CBD1CED2CFD4D1D4D2D6D3D7D6D7D9DBE8
:1021C000DBDBDDDEDDDDB3B4FFFFFFFFFFFFFFFF85
:1021D000FFFFFFFFFFFFFFFFFFFFFFFFFFFFFFFF0F
:1021E000FFFFFFFFFFFFFFFFFFFFFFFFFFFFFFFFFF
:1021F000FFFFFFFFFFFFFFFFFFFFFFFF4A4A5858A7
:10220000D6D4F4F0F4F0F4F0F2EEF2EFF1EDF1ECFC
:10221000FFFC7272FFFFFFFFFFFFFFFFFFFF525245
:102220005555E4E0D9D6D5D3D2CFCFCCCBC8C7C58E
:10223000C4C2A8A8D7D7FFFFFFFFFFFFFFFFEBEB4C
:10224000575751529E9E929296969C9DA2A3A7A8E4
:10225000AAABAEB07676FBFBFFFFFFFFFFFF535349
:1022600057575E5ECACACDCDD0CFD2D1D4D2D6D543
:10227000DAD8DBD9DEDBE1DEE2E0B5E6B5E6B5E6ED
:10228000B5E6B5E6B5E6B5E6B5E6B5E6B5E6B5E676
:10229000B5E6B5E6B5E6B5E6B5E6B5E6B5E6B5E666
:1022A000B5E6B5E6B5E6C4E8F4F0F4F0F4F0F4F021
:1022B000F4F0F5F15453FFFF969656565353F3F04E
:1022C000F1ECEFECECEAECEAEBE7EBE7EAE74E4E99
:1022D000FFFFC2C258585051DFDDD8D5D5D3D3D077
:1022E000CFCCCACAC8C6C7C55353B0B056564F4F55
:1022F000B7B6B1B1AEADAAA8A6A5A3A19F9E9B9A61
:102300005151FFFFB5B558585151A7A8A8AAABAD78
:10231000AFB1B3B5B4B6B5B8B8BABBBCBEBFC1C235
:10232000C3C4C5C5C9C9CCCCCDCED0CED2D0D5D3EF
:10233000D5D3D8D6DBD9DCDADDDCB3B3FFFFFFFFC2
:10234000FFFFFFFFFFFFFFFFFFFFFFFFFFFFFFFF9D
:10235000FFFFFFFFFFFFFFFFFFFFFFFFFFFFFFFF8D
:10236000FFFFFFFFFFFFFFFFFFFFFFFFFFFFFFFF7D
:102370004A4C585AD4CFF0EAF0EAF0EAEEE8EFE936
:10238000EDE8ECE5FCF57275FFFFFFFFFFFFFFFFD7
:10239000FFFF52545557E0DCD6D3D3CFCFCDCCC8B6
:1023A000C8C5C5C3C2BFA8A7D7D8FFFFFFFFFFFF9F
:1023B000FFFFEBEA575952549E9D929396979DA02A
:1023C000A3A7A8AFABB3B0B9767AFBFBFFFFFFFFC3
:1023D000FFFF535557595E5FCAD0CDD3CFD4D1D468
:1023E000D2D6D5D9D8DAD9DBDBDEDEDFE0DFE61DF9
:1023F000E61DE61DE61DE61DE61DE61DE61DE61DC5
:10240000E61DE61DE61DE61DE61DE61DE61DE61DB4
:10241000E61DE61DE61DE61DE61DE850F0EAF0EAC1
:10242000F0EAF0EAF0EAF1EB5356FFFF96985658BF
:102430005355F0EAECE6ECE6EAE4EAE3E7E2E7E249
:10244000E7E14E50FFFFC2C3585A5154DDD8D5D2F0
:10245000D3CFD0CCCCC9CAC8C6C5C5C25357B0B1FA
:1024600056584F51B6B6B1B1ADACA8A9A5A5A1A219
:102470009E9E9A9B5153FFFFB5B6585A5153A8AD33
:10248000AAB1ADB5B1BAB5BFB6C2B8C4BAC6BCC6BA
:10249000BFCAC2CAC4CCC5CEC9CFCCD2CED2CED48C
:1024A000D0D4D3D7D3D8D6D8D9DBDADADCDDB3B4FD
:1024B000FFFFFFFFFFFFFFFFFFFFFFFFFFFFFFFF2C
:1024C000FFFFFFFFFFFFFFFFFFFFFFFFFFFFFFFF1C
:1024D000FFFFFFFFFFFFFFFFFFFFFFFFFFFFFFFF0C
:1024E000FFFFFFFF4B4B5858D6D4F4F0F4F0F4F054
:1024F000F3EFF3EFF2EEF1EDFFFC7272FFFFFFFF7F
:10250000FFFFFFFFFFFF55555555E6E3DCD9D9D551
:10251000D5D3D2CFCECACBC8C7C4ABABD7D7FFFFBA
:10252000FFFFFFFFFFFFDFDF57575252A3A298982C
:10253000929297979C9DA2A3A6A8AAAC7475FBFB48
:10254000FFFFFFFF9D9D58585758B4B5C6C6CACA6D
:10255000CDCDD0CFD3D1D4D2D7D6DAD8DBDADFDD28
:10256000E2DFB5E6B5E6B5E6B5E6B5E6B5E6B5E66D
:10257000B5E6B5E6B5E6B5E6B5E6B5E6B5E6B5E683
:10258000B5E6B5E6B5E6B5E6B5E6B5E6B5E6C8E95D
:10259000F4F0F4F0F4F0F4F0F4F0F5F15453FFFF3C
:1025A000969656565353F4EFF1ECF1ECEFECECEB5E
:1025B000ECE8EAE7ECE74E4EFFFFDCDC58584F5002
:1025C000E2DFDAD9D8D5D5D2D3D0CFCCCBC9C8C7E2
:1025D0005353919156564F4EBBBAB5B3B2B1ADAC51
:1025E000AAA8A8A5A2A1A09F4E4EFFFFB5B5585816
:1025F0005252A2A3A5A6A8AAACADAFB1B2B4B4B6CC
:10260000B5B8B8BBBBBCBEBFC1C1C2C4C6C6C9C9D0
:10261000CBCBCDCECFCFD3D0D5D3D6D5D8D7DBDA91
:10262000DCDBB3B3FFFFFFFFFFFFFFFFFFFFFFFF99
:10263000FFFFFFFFFFFFFFFFFFFFFFFFFFFFFFFFAA
:10264000FFFFFFFFFFFFFFFFFFFFFFFFFFFFFFFF9A
:10265000FFFFFFFFFFFFFFFF4B4E585AD4CFF0EABA
:10266000F0EAF0EAEFE9EFE9EEE8EDE8FCF5727583
:10267000FFFFFFFFFFFFFFFFFFFF55575557E3DD4C
:10268000D9D5D5D2D3CFCFCCCAC8C8C5C4C2ABA9BF
:10269000D7D8FFFFFFFFFFFFFFFFDFDE5759525480
:1026A000A2A29899929397999DA1A3A8A8AEACB322
:1026B000757AFBFBFFFFFFFF9D9F585A585AB5BD27
:1026C000C6CDCAD0CDD2CFD4D1D4D2D6D6D9D8DAED
:1026D000DADBDDDEDFDFE61DE61DE61DE61DE61DBD
:1026E000E61DE61DE61DE61DE61DE61DE61DE61DD2
:1026F000E61DE61DE61DE61DE61DE61DE61DE61DC2
:10270000E61DE959F0EAF0EAF0EAF0EAF0EAF1EB66
:102710005356FFFF969856585356EFE9ECE8ECE60F
:10272000ECE6EBE4E8E3E7E2E7E24E50FFFFDCDC57
:10273000585A5052DFDBD9D5D5D2D2CFD0CDCCC963
:10274000C9C7C7C55357919356584E51BABAB3B477
:10275000B1B2ACADA8A9A5A5A1A29F9E4E4FFFFF07
:10276000B5B6585A5253A3A7A6ACAAB1ADB6B1BCE0
:10277000B4BFB6C3B8C4BBC6BCC7BFC9C1CAC4CC4A
:10278000C6CEC9CECBD1CED2CFD4D0D4D3D7D5D943
:10279000D7D9DADCDBDCB3B4FFFFFFFFFFFFFFFFBD
:1027A000FFFFFFFFFFFFFFFFFFFFFFFFFFFFFFFF39
:1027B000FFFFFFFFFFFFFFFFFFFFFFFFFFFFFFFF29
:1027C000FFFFFFFFFFFFFFFFFFFFFFFF4B4B5858CF
:1027D000D6D4F4F0F4F0F4F0F4F0F4F0F3EFF2EF18
:1027E000FFFD7272FFFFFFFFFFFFFFFFFFFF555569
:1027F0005555E9E5DFDBDCD9D9D5D4D2D2CFCECA65
:10280000CBC7ACACD7D7FFFFFFFFFFFFFFFFD8D888
:1028100057575151A7A69D9C9897929397979D9E25
:10282000A2A3A5A87373FBFBFFFFFFFF49495858FC
:102830004D4DC9CAC4C4C6C6C9C9CDCCD0CED3D0EB
:10284000D5D3D7D6DAD8DDDBDEDDBBE5B5E6B5E638
:10285000B5E6B5E6B5E6B5E6B5E6B5E6B5E6B5E6A0
:10286000B5E6B5E6B5E6B5E6B5E6B5E6B5E6B5E690
:10287000B5E6B5E6B5E6DAECF4F0F4F0F4F0F4F031
:10288000F4F0F5F15353FFFF858556565353F5F198
:10289000F0EDF1ECF1EBEFECEDEBECE9EDEA4E4EA7
:1028A000FFFFFFFF54544E4EE6E5DDDADBD9D7D506
:1028B000D4D2D3D0CECACBCA6262545456565353E4
:1028C000BEBDB9B8B4B4B1B1AEACA9A8A6A5A4A315
:1028D0004647FFFFB5B5585852529E9EA1A2A5A7E4
:1028E000A8AAACAEAFB1B2B4B5B6BABCB8BABABDAC
:1028F000BEBFC1C1C4C3C6C6C9C9CBCBCECED0CE64
:10290000D3D2D5D3D6D5D8D6DBD9B3B3FFFFFFFF0B
:10291000FFFFFFFFFFFFFFFFFFFFFFFFFFFFFFFFC7
:10292000FFFFFFFFFFFFFFFFFFFFFFFFFFFFFFFFB7
:10293000FFFFFFFFFFFFFFFFFFFFFFFFFFFFFFFFA7
:102940004B4D585AD4CFF0EAF0EAF0EAF0EAF0EA58
:10295000EFE9EFE9FDF67275FFFFFFFFFFFFFFFFF5
:10296000FFFF55575557E5E0DBD8D9D5D5D3D2CEA3
:10297000CFCCCAC9C7C5ACACD7D8FFFFFFFFFFFF9C
:10298000FFFFD8D857595153A6A69C9D979893936B
:1029900097999EA1A3A8A8AE7377FBFBFFFFFFFF4B
:1029A000494B585A4D4ECAD2C4CCC6CEC9D0CCD24F
:1029B000CED4D0D4D3D6D6D9D8DADBDADDDEE5373B
:1029C000E61DE61DE61DE61DE61DE61DE61DE61DEF
:1029D000E61DE61DE61DE61DE61DE61DE61DE61DDF
:1029E000E61DE61DE61DE61DE61DEC98F0EAF0EAA0
:1029F000F0EAF0EAF0EAF1EB5355FFFF858756580D
:102A00005356F1EBEDE7ECE8EBE5ECE6EBE4E9E35C
:102A1000EAE54E50FFFFFFFF54564E51E5DFDAD78F
:102A2000D9D5D5D1D2CED0CDCAC9CAC8626554567F
:102A300056585355BDBBB8B7B4B4B1B1ACACA8A8E7
:102A4000A5A6A3A4474AFFFFB5B6585A52549EA064
:102A5000A2A6A7ADAAB1AEB6B1BCB4BFB6C3BCC93D
:102A6000BAC6BDC7BFC9C1C9C3CCC6CEC9CFCBD1F9
:102A7000CED3CED4D2D6D3D6D5D9D6DAD9DBB3B449
:102A8000FFFFFFFFFFFFFFFFFFFFFFFFFFFFFFFF56
:102A9000FFFFFFFFFFFFFFFFFFFFFFFFFFFFFFFF46
:102AA000FFFFFFFFFFFFFFFFFFFFFFFFFFFFFFFF36
:102AB000FFFFFFFF4B4B5858D6D4F4F0F4F0F4F07E
:102AC000F4F0F4F0F4F0F3EFFFFE7272FFFFFFFF9B
:102AD000FFFFFFFFFFFF55555555EBE7E1DEDFDC5C
:102AE000DCD8DAD5D4D3D2CFCECAB0B0D7D7FFFF97
:102AF000FFFFFFFFFFFFD8D857575151ABAAA2A144
:102B00009C9B9897929397989D9EA2A37173FBFBB1
:102B1000FFFFFFFF545457576868BFC0C1C1C3C50A
:102B2000C7C7CACACDCCCFCED2D1D4D2D6D5DAD8A7
:102B3000DCDADEDCE1DEE5E24546FFFFFFFFF6F62C
:102B400055554F50E3E0DFDAE2DEE6E3B5E6B5E601
:102B5000B5E6B5E6B5E6B5E6A3A3696AF4F2F4F026
:102B6000F4F0F4F0F4F0F4F0F4F0F5F15353FFFF67
:102B7000878756565353F5F1F3EFEFEDF1ECF1EB98
:102B8000EFEBEDEBEFEA4E4EFFFFFFFF4B4B4F4FEE
:102B9000EEEADFDEDDDADBD8D8D5D5D3D2CFCFCBA6
:102BA0008585575757576564BFBDBCBAB9B7B5B42B
:102BB000B1B0ADACA9A8A9A83F3FFFFFB5B5585823
:102BC000535398989C9CA1A1A5A6A9AAACAFAFB15C
:102BD000B3B55859BEC1B8BABBBDBEBFC1C1B4B50B
:102BE000CDCDC9C9CBCBCECDD0D0D3D2D5D2D6D5F1
:102BF000D7D6B3B3FFFFFFFFFFFFFFFFFFFFFFFFCE
:102C0000FFFFFFFFFFFFFFFFFFFFFFFFFFFFFFFFD4
:102C1000FFFFFFFFFFFFFFFFFFFFFFFFFFFFFFFFC4
:102C2000FFFFFFFFFFFFFFFF4B4D585AD4CFF0EAE5
:102C3000F0EAF0EAF0EAF0EAF0EAEFE9FEF772759E
:102C4000FFFFFFFFFFFFFFFFFFFF55575557E7E36C
:102C5000DEDADCD8D8D4D5D4D3CECFCCCAC9B0AE86
:102C6000D7D8FFFFFFFFFFFFFFFFD8D857595153B9
:102C7000AAAAA1A19B9C9799939498999EA2A3A775
:102C80007376FBFBFFFFFFFF54565759686BC0CAB2
:102C9000C1C9C5CCC7CECAD0CCD2CED4D1D4D2D75C
:102CA000D5D8D8DADADBDCDEDEDFE2E14648FFFF4A
:102CB000FFFFF6F655575052E0DDDAD7DEDBE3DEF4
:102CC000E61DE61DE61DE61DE61DE61DA3A46A6BD6
:102CD000F2ECF0EAF0EAF0EAF0EAF0EAF0EAF1EB1E
:102CE0005355FFFF878856585356F1EBEFE9EDE750
:102CF000ECE7EBE5EBE6EBE4EAE64E4FFFFFFFFF28
:102D00004B4D4F51EAE5DED9DAD6D8D4D5D2D3CF60
:102D1000CFCCCBC98586575957596467BDBCBABB60
:102D2000B7B7B4B3B0B0ACADA8A8A8A83F41FFFFF7
:102D3000B5B6585A5355989B9CA0A1A5A6AAAAB16E
:102D4000AFB7B1BCB5C0595AC1CEBAC6BDC8BFC96C
:102D5000C1C9B5BDCDD5C9CFCBD2CDD2D0D5D2D6B4
:102D6000D2D6D5D9D6D9B3B4FFFFFFFFFFFFFFFFFF
:102D7000FFFFFFFFFFFFFFFFFFFFFFFFFFFFFFFF63
:102D8000FFFFFFFFFFFFFFFFFFFFFFFFFFFFFFFF53
:102D9000FFFFFFFFFFFFFFFFFFFFFFFF4B4B5858F9
:102DA000D6D4F4F0F4F0F4F0F4F0F4F0F4F0F3EF3F
:102DB000FFFE7272FFFFFFFFFFFFFFFFFFFF555592
:102DC0005555EEE9E4E0E0DFDFDCDCD9D9D6D5D239
:102DD000D0CEB1B0D7D7FFFFFFFFFFFFFFFFD8D89E
:102DE00057575151B0AFA4A4A1A09C9A9797929223
:102DF00098989D9D7071FBFBFFFF8484585858582C
:102E0000B2B5BABDBEBFC0C1C4C5C7C7CACACDCDA1
:102E1000D7D5D2D1D5D2D6D5DADADDDBDEDCE1DE2C
:102E2000BAB9E4E4FFFFF6F655555050DFDBD9D6CA
:102E3000DFDAE4DFB5E6B5E6B5E6B5E6B5E6B5E674
:102E4000FFFF6E6E9E9CF2F0F4F0F4F0F4F0F4F0FC
:102E5000F4F0F5F15353FFFF878756565353F7F3BA
:102E6000F3EFF3EFEFEDF1ECF1EBEFECF0ED4D4EB6
:102E7000FFFFFFFF54545455EAE8E2DFDFDDDDDAFF
:102E8000DAD8D7D5D5D2D2CFD7D448494748CFCB37
:102E9000C2BFBFBDBBBBB8B7B5B4B1B0ADACAFAFCF
:102EA0005B5BFFFFB5B558585353939398979D9D1F
:102EB000A0A2A5A7A8AAADAFB0B258585D5CB5B89E
:102EC000B9BBBCBCCDCE5151CBCBC6C6C9C9CBCC8E
:102ED000CECDD0D0D3D1D5D2D6D5B3B3FFFFFFFF5F
:102EE000FFFFFFFFFFFFFFFFFFFFFFFFFFFFFFFFF2
:102EF000FFFFFFFFFFFFFFFFFFFFFFFFFFFFFFFFE2
:102F0000FFFFFFFFFFFFFFFFFFFFFFFFFFFFFFFFD1
:102F10004B4D585AD4CFF0EAF0EAF0EAF0EAF0EA82
:102F2000F0EAEFE9FEF77275FFFFFFFFFFFFFFFF1B
:102F3000FFFF55575557E9E4E0DBDFDADCD7D9D49A
:102F4000D6D3D2CFCECBB0B1D7D8FFFFFFFFFFFF94
:102F5000FFFFD8D857595153AFAEA4A5A0A09A9C53
:102F600097989293989A9DA17173FBFBFFFF8486BB
:102F7000585A5859B5BFBDC7BFC9C1C9C5CCC7CEBE
:102F8000CAD0CDD2D5DBD1D5D2D5D5D8DADADBDCF3
:102F9000DCDEDEE0B9B9E4E4FFFFF6F65557505247
:102FA000DBD8D6D3DAD7DFDBE61DE61DE61DE61D4E
:102FB000E61DE61DFFFF6E709C9CF0EAF0EAF0EA69
:102FC000F0EAF0EAF0EAF1EB5355FFFF8788565834
:102FD0005356F3ECEFE9EFE9EDE7ECE7EBE5ECE670
:102FE000EDE74E50FFFFFFFF54555557E8E4DFD99A
:102FF000DDD8DAD6D8D4D5D1D2CFCFCCD4D1494CA4
:10300000484ACBCABFBFBDBCBBBAB7B6B4B2B0B0FA
:10301000ACADAFAE5B5CFFFFB5B6585A5355939459
:10302000979A9DA0A2A7A7ADAAB2AFB7B2BD5859B3
:103030005C5FB8C4BBC7BCC8CED85152CBD4C6CED7
:10304000C9CFCCD2CDD2D0D5D1D5D2D5D5D8B3B4A5
:10305000FFFFFFFFFFFFFFFFFFFFFFFFFFFFFFFF80
:10306000FFFFFFFFFFFFFFFFFFFFFFFFFFFFFFFF70
:10307000FFFFFFFFFFFFFFFFFFFFFFFFFFFFFFFF60
:10308000FFFFFFFF4B4B5858D6D4F4F0F4F0F4F0A8
:10309000F4F0F4F0F4F0F4F0FFFF7272FFFFFFFFC2
:1030A000FFFFFFFFFFFF55555555EEECE7E3E4E06A
:1030B000E0DFDFDBDCDAD8D5D4D1B5B3D7D7FFFF7B
:1030C000FFFFFFFFFFFFD8D857575151B5B3ABA94A
:1030D000A4A4A1A09C9A9796929298986E6FFBFBDD
:1030E000FFFF484858584E4EBABCB7BABBBCBFC029
:1030F000C1C3C4C4C7C8CDCD4C4ED3D2D3D2D4D310
:10310000D7D6DBD8DDDBDFDCEFEC5F5FFFFFF6F669
:1031100055555050DAD7D5D1DAD7DFDBB5E6B5E66D
:10312000B5E6B5E6B5E6B5E6FFFFFFFF4E4ED5D3F3
:10313000F1EFF4F0F4F0F4F0F4F0F5F15353FFFF95
:10314000878756565353F6F2F3EFF3EFF3EFF0EEB3
:10315000F1ECF1EBF2ED4D4EFFFFFFFFCDCD5858F6
:10316000B5B3E4E0E1DEDFDDDDDADAD8D7D5D5D1FD
:10317000D2CFD0CCCECBC8C6C5C3C2C0BFBDBABAF1
:10318000B8B7B4B3B1B0A4A5B4B4FFFFB5B558583F
:103190005252989892939A979D9EA2A3A6A7A9ABE4
:1031A000ADAF5A5B56569EA0B6B8BDBE48485B5BF5
:1031B000C8C9C4C5C7C7CACACCCCCECED1D0D4D258
:1031C000D4D2B3B3FFFFFFFFFFFFFFFFFFFFFFFFFF
:1031D000FFFFFFFFFFFFFFFFFFFFFFFFFFFFFFFFFF
:1031E000FFFFFFFFFFFFFFFFFFFFFFFFFFFFFFFFEF
:1031F000FFFFFFFFFFFFFFFF4B4D585AD4CFF0EA10
:10320000F0EAF0EAF0EAF0EAF0EAF0EAFFF87275C4
:10321000FFFFFFFFFFFFFFFFFFFF55575557ECE78D
:10322000E3DDE0DBDFD9DBD7DAD5D5D2D1CEB3B45D
:10323000D7D8FFFFFFFFFFFFFFFFD8D857595153E3
:10324000B3B3A9A9A4A4A0A09A9B96979293989A85
:103250006F71FBFBFFFF484B585A4E4FBCC9BAC5B4
:10326000BCC7C0C9C3CCC4CDC8CECDD34E4FD2D8B5
:10327000D2D6D3D6D6D8D8DADBDCDCDDECEC5F6195
:10328000FFFFF6F655575052D7D6D1CFD7D4DBD85B
:10329000E61DE61DE61DE61DE61DE61DFFFFFFFF20
:1032A0004E4FD3D0EFEAF0EAF0EAF0EAF0EAF1EBC1
:1032B0005355FFFF878856585356F2ECEFE9EFE974
:1032C000EFE9EEE8ECE7EBE5EDE84E50FFFFFFFF3E
:1032D000CDCE585AB3B0E0DCDEDADDD8DAD6D8D4B9
:1032E000D5D1D1CFCFCCCCCACBC8C6C4C3C1C0BF47
:1032F000BDBCBAB9B7B6B3B2B0B0A5A5B4B5FFFFFF
:10330000B5B6585A52559898939497999EA2A3A8E7
:10331000A7ADABB2AFB75B5C5658A0A9B8C4BECAE4
:1033200048485B5CC9D2C5CDC7CECACFCCD2CED3BC
:10333000D0D4D2D6D2D6B3B4FFFFFFFFFFFFFFFF3A
:10334000FFFFFFFFFFFFFFFFFFFFFFFFFFFFFFFF8D
:10335000FFFFFFFFFFFFFFFFFFFFFFFFFFFFFFFF7D
:10336000FFFFFFFFFFFFFFFFFFFFFFFF4B4B585823
:10337000D6D4F4F0F4F0F4F0F4F0F4F0F4F0F4F067
:10338000FFFF7272FFFFFFFFFFFFFFFFFFFF5555BB
:103390005555F1EDE7E4E7E2E3DFE1DFDEDADAD924
:1033A000D8D5B7B5D6D6FFFFFFFFFFFFFFFFD8D8B0
:1033B00057575050B9B7AEADA9A7A4A4A09F9B9AE8
:1033C000979691926C6CFBFBF2F2565656567274BD
:1033D000B3B5B4B7B7BABBBDBFC0C1C2C5C4D0D105
:1033E0005050D3D4D0CFD3D2D5D4D7D5DAD9DDDB92
:1033F000E0DE5150FFFFF6F655555050D4D0D1CDF8
:10340000D8D2DBD7B5E6B5E6B5E6B5E6B5E6B5E6BE
:10341000FFFFFFFFFFFF4040F9F5F3F0F4F0F4F099
:10342000F4F0F5F15353FFFF878756565353F6F2E6
:10343000F4F0F4F0F3EFF3EFF0EDF1EDF3ED4D4ECA
:10344000FFFFFFFFFFFF45455454E9E4E3E0E1DE01
:10345000DFDDDCD9D9D8D7D4D4D1D2CFCECBCBC82D
:10346000C8C6C5C3C2BFBEBCBAB9B8B6B4B45D5E47
:10347000FFFFFFFFB5B5585852529C9B969592920C
:1034800098989D9EA2A3A6A8ABAB5455FFFF52529D
:10349000C2C4757658585A5AC6C7C1C2C4C5C7C730
:1034A000CACACCCCCECFD1CFD2D2B3B3FFFFFFFFAD
:1034B000FFFFFFFFFFFFFFFFFFFFFFFFFFFFFFFF1C
:1034C000FFFFFFFFFFFFFFFFFFFFFFFFFFFFFFFF0C
:1034D000FFFFFFFFFFFFFFFFFFFFFFFFFFFFFFFFFC
:1034E0004B4D585AD4CFF0EAF0EAF0EAF0EAF0EAAD
:1034F000F0EAF0EAFFF97275FFFFFFFFFFFFFFFF41
:10350000FFFF55575557EDE8E4DFE2DDDFDCDFDA9A
:10351000DAD6D9D4D5D2B5B4D6D7FFFFFFFFFFFF97
:10352000FFFFD8D857595053B7B8ADADA7A7A4A43B
:103530009F9F9A9B969792926C6FFBFBF2F2565864
:1035400056587477B5C0B7C3BAC6BDC8C0CAC2CBD7
:10355000C4CCD1D75052D4D7CFD5D2D6D4D6D5D744
:10356000D9DBDBDCDEDE5053FFFFF6F65557505358
:10357000D0D0CDCCD2D0D7D4E61DE61DE61DE61DB9
:10358000E61DE61DFFFFFFFFFFFF4042F5EFF0EAFB
:10359000F0EAF0EAF0EAF1EB5355FFFF878856585E
:1035A0005356F2ECF0EAF0EAEFE9EFE9EDE7EDE788
:1035B000EDE74E50FFFFFFFFFFFF45475456E4DEA7
:1035C000E0DCDED9DDD8D9D5D8D3D4D1D1CECFCC9B
:1035D000CBC9C8C6C6C4C3C1BFBFBCBBB9B9B6B5E9
:1035E000B4B25E5FFFFFFFFFB5B6585A52549B9CC2
:1035F00095969293989A9EA2A3A8A8AEABB455575D
:10360000FFFF5254C4D2767A585A5A5CC7D1C2CD01
:10361000C5CDC7CECACFCCD3CFD4CFD4D2D5B3B4F7
:10362000FFFFFFFFFFFFFFFFFFFFFFFFFFFFFFFFAA
:10363000FFFFFFFFFFFFFFFFFFFFFFFFFFFFFFFF9A
:10364000FFFFFFFFFFFFFFFFFFFFFFFFFFFFFFFF8A
:10365000FFFFFFFF4B4B5858D6D4F4F0F4F0F4F0D2
:10366000F4F0F4F0F4F0F4F0FFFF8080FFFFFFFFD0
:10367000FFFFFFFFFFFF55555555F1EEEAE5E7E483
:10368000E7E2E3DEE0DEDDDAD9D7B6B6E1E1FFFF5F
:10369000FFFFFFFFFFFFD8D857575050BDBBB2B157
:1036A000ACACA9A8A4A4A09F9A9A96956B6BFCFCBD
:1036B000727258585656AEB1B0B2B3B4B4B7B7BAC6
:1036C000BCBDBFC0C1C37D7F57577E7ECECDD1D09C
:1036D000D4D2D6D3D8D7DBD9DDDBC2C0DFDFF6F654
:1036E00055555151CCC8CCC7D1CFD7D3B5E6B5E6E7
:1036F000B5E6B5E6B5E6B5E6FFFFFFFFFFFFFFFF66
:103700003E3EFFFEF3F0F4F0F4F0F5F15453FFFF0A
:10371000878756565353F6F2F4F0F4F0F3EFF3EFD5
:10372000F3EFF0EDF3EF4D4EFFFFFFFFFFFFD1D1C1
:103730005656F6F3E6E1E3DFE1DFDFDCDDDADAD788
:10374000D6D4D4D1D1CECECBCBC8C8C6C5C3C1BFC9
:10375000BEBCBAB8C1BF4747FFFFFFFFB3B358585D
:1037600052529F9E9999969592939A999D9DA3A442
:10377000A6A95455FFFFC0C052526A6A53535A5A01
:10378000C4C5C0C1C2C2C5C5C8C8CACACDCDCFCEC6
:10379000D0CFB2B2FFFFFFFFFFFFFFFFFFFFFFFF32
:1037A000FFFFFFFFFFFFFFFFFFFFFFFFFFFFFFFF29
:1037B000FFFFFFFFFFFFFFFFFFFFFFFFFFFFFFFF19
:1037C000FFFFFFFFFFFFFFFF4B4D585AD4CFF0EA3A
:1037D000F0EAF0EAF0EAF0EAF0EAF0EAFFF98081D4
:1037E000FFFFFFFFFFFFFFFFFFFF55575557EEE8B5
:1037F000E5E0E4DFE2DDDEDBDED9DAD6D7D3B6B54D
:10380000E1E2FFFFFFFFFFFFFFFFD8D857595052FB
:10381000BBBBB1B1ACACA8A7A4A39F9F9A9A959645
:103820006B6BFCFB7273585A5658B1B9B2BCB4C03A
:10383000B7C4BAC5BDC8C0CAC3CB7F8257597E8141
:10384000CDD2D0D5D2D6D3D7D7D7D9DBDBDCC0C247
:10385000DFDEF6F655575153C8CAC7C8CFCDD3D10E
:10386000E61DE61DE61DE61DE61DE61DFFFFFFFF4A
:10387000FFFFFFFF3E40FEF8F0EAF0EAF0EAF1EB6E
:103880005356FFFF878856585356F2ECF0EAF0EA99
:10389000EFE9EFE9EFE9EDE7EFE84E50FFFFFFFF5B
:1038A000FFFFD1D15659F3EDE1DDDFDBDFD9DCD706
:1038B000DAD6D7D4D4D0D1CECECCCBC9C8C5C6C326
:1038C000C3C0BFBEBCBBB8B9BFBF4749FFFFFFFF06
:1038D000B3B4585A52549E9F999995959394999B35
:1038E0009DA2A4A9A9AF5556FFFFC0C152546A6B4F
:1038F00053555A5CC5D0C1CBC2CCC5CDC8CFCAD0F8
:10390000CDD3CED3CFD4B2B4FFFFFFFFFFFFFFFF75
:10391000FFFFFFFFFFFFFFFFFFFFFFFFFFFFFFFFB7
:10392000FFFFFFFFFFFFFFFFFFFFFFFFFFFFFFFFA7
:10393000FFFFFFFFFFFFFFFFFFFFFFFF4B4B58584D
:10394000D6D4F4F0F4F0F4F0F4F0F4F0F4F0F4F091
:10395000FFFF8181FFFFFFFFFFFFFFFFFFFF5555C7
:103960005555F3F1EAE8EAE6E7E4E7E1E2DFDFDD17
:10397000DCD9B9B9E0E0FFFFFFFFFFFFFFFFD8D8B8
:1039800057574F50C1BFB5B4B1B0ADACA8A7A4A2B2
:103990009F9E9B9A6B6BFFFF4A4A58585050ACADA4
:1039A000ADAFB2B4B2B5B5B8B9BBBBBCC6C74A4A75
:1039B00051514B4BD2D2CECED1D0D4D1D6D3D8D6F2
:1039C000DBD9E8E75454F8F855555051C5C1C4C186
:1039D000CCC8D2CFB5E6B5E6B5E6B5E6B5E6B5E610
:1039E000FFFFFFFFFFFFFFFFF2F24142FFFBF3F09B
:1039F000F4F0F6F24B4CFFFF878756565353F6F21E
:103A0000F4F0F4F0F4F0F3EFF3EFF3EFF3F04C4DE8
:103A1000FFFFFFFFFFFFFFFF67676060E7E4E7E18D
:103A2000E4E0E0DFDFDDDCD9D9D6D6D3D3CFD1CE09
:103A3000CDCACBC7C9C5C4C3C1C0BEBC6F6FF8F87F
:103A4000FFFFFFFFA4A458585151A3A29D9C999930
:103A50009594929299989E9FA4A35456FFFFFFFFBE
:103A6000AFAFFFFF52525A5AC1C1BDBEC0C1C2C2A0
:103A7000C4C5C8C8CBCBCDCDCECEB1B1FFFFFFFF03
:103A8000FFFFFFFFFFFFFFFFFFFFFFFFFFFFFFFF46
:103A9000FFFFFFFFFFFFFFFFFFFFFFFFFFFFFFFF36
:103AA000FFFFFFFFFFFFFFFFFFFFFFFFFFFFFFFF26
:103AB0004B4D585AD4CFF0EAF0EAF0EAF0EAF0EAD7
:103AC000F0EAF0EAFFF98183FFFFFFFFFFFFFFFF4E
:103AD000FFFF55575557F1E9E8E3E6E1E4DFE1DDA3
:103AE000DFDADDD8D9D6B9B7E0E1FFFFFFFFFFFF8E
:103AF000FFFFD8D857595052BFBEB4B4B0B0ACAC29
:103B0000A7A7A2A39E9F9A9B6B6DFFFF4A4C585A92
:103B10005052ADB5AFB7B4BDB5C1B8C4BBC7BCC8D2
:103B2000C7D14A4C51544B4CD2D8CED2D0D4D1D696
:103B3000D3D7D6D8D9DBE7E85455F8F855575153C1
:103B4000C1C4C1C2C8C8CFCDE61DE61DE61DE61D35
:103B5000E61DE61DFFFFFFFFFFFFFFFFF2F34245FB
:103B6000FBF4F0EAF0EAF2EB4C4FFFFF878856587F
:103B70005356F2ECF0EAF0EAF0EAEFE9EFE9EFE9A8
:103B8000F0EA4D4FFFFFFFFFFFFFFFFF676A606234
:103B9000E4DFE1DDE0DCDFD9DDD8D9D5D6D4D3D080
:103BA000CFCDCECCCAC8C7C5C5C3C3BFC0BEBCBBC2
:103BB0006F71F8F9FFFFFFFFA4A5585A5153A2A354
:103BC0009C9D999994959293989A9FA3A3A85657D0
:103BD000FFFFFFFFAFB0FFFF52545A5CC1CCBEC91C
:103BE000C1CBC2CCC5CDC8CECBD1CDD2CED5B1B252
:103BF000FFFFFFFFFFFFFFFFFFFFFFFFFFFFFFFFD5
:103C0000FFFFFFFFFFFFFFFFFFFFFFFFFFFFFFFFC4
:103C1000FFFFFFFFFFFFFFFFFFFFFFFFFFFFFFFFB4
:103C2000FFFFFFFF4B4B5858D6D2F2F0F4F0F4F000
:103C3000F4F0F4F0F4F0F4F0FFFF8181FFFFFFFFF8
:103C4000FFFFFFFFFFFF55555555F5F1ECEAEAE799
:103C5000EAE5E6E3E5E2E3DEDFDEBBBAE0E0FFFF54
:103C6000FFFFFFFFFFFFD8D857574E50C6C3BAB962
:103C7000B5B3B1AFADACA8A6A3A3A09F6D6CE4E4AF
:103C8000575756587C7CA4A6A8AAADAEB0B2B4B51E
:103C9000B5B8B9BBB0B0CCCCBDBD5656C2C4CCCC07
:103CA000CECED1CFD4D2D5D4D8D6DCDA5A5AFFFF73
:103CB00055554F4FBCB9BEBAC5C2CDC9C4D9BAE378
:103CC000B5E6B5E6B7E0D0E7FFFFFFFFFFFFFFFF78
:103CD000FFFFCDCD5151F9F4F4F0F6F24D4DFFFF59
:103CE000878756565353F6F2F4F0F4F0F4F0F4F0FC
:103CF000F2EEF3EFF5F14A4AFFFFFFFFFFFFFFFF90
:103D0000FFFF6060C0BEE5E2E6E2E3DEE1DFE0DCAB
:103D1000DDD9D9D7D5D3D3D0D1CECDCBCBC8C7C59C
:103D2000C4C2B8B76767FFFFFFFFFFFFA4A45858DE
:103D30005151A6A6A1A09D9C9998959492929A9A69
:103D40009E9E5555FFFFFFFFFFFFFFFF52525A5A3D
:103D5000BCBFBABBBDBEC0C0C1C4C4C5C8C8CACA46
:103D6000CCCCCBCBFFFFFFFFFFFFFFFFFFFFFFFF31
:103D7000FFFFFFFFFFFFFFFFFFFFFFFFFFFFFFFF53
:103D8000FFFFFFFFFFFFFFFFFFFFFFFFFFFFFFFF43
:103D9000FFFFFFFFFFFFFFFF4B4D585AD2CFF0EA66
:103DA000F0EAF0EAF0EAF0EAF0EAF0EAFFF98183FB
:103DB000FFFFFFFFFFFFFFFFFFFF55575557F1EDD7
:103DC000EAE3E7E2E5E0E3DEE2DEDEDADED9BAB935
:103DD000E0E1FFFFFFFFFFFFFFFFD8D85759505228
:103DE000C3C2B9B8B3B5AFB0ACACA6A7A3A49F9FEC
:103DF0006C6DE4E45759585A7C7FA6ABAAB1AEB7B4
:103E0000B2BCB5C2B8C3BBC6B0B9CCCDBDBF5658A5
:103E1000C4C8CCD3CED3CFD4D2D6D4D7D6D8DADD7B
:103E20005A5CFFFF55574F51B9BDBABCC2C3C9C98F
:103E3000D97DE335E61DE61DE032E78BFFFFFFFF8E
:103E4000FFFFFFFFFFFFCDCD5154F4EEF0EAF2EBA0
:103E50004D50FFFF878856585356F2ECF0EAF0EACF
:103E6000F0EAF0EAEEE8EFE9F1EB4A4DFFFFFFFF81
:103E7000FFFFFFFFFFFF6062BEBCE2DDE2DDDEDBD5
:103E8000DFDADCD8D9D5D7D3D3CFD0CDCECBCBC901
:103E9000C8C5C5C2C2C0B7B66768FFFFFFFFFFFF56
:103EA000A4A5585A5153A6A6A0A09C9D989A949553
:103EB00092939A9B9EA25556FFFFFFFFFFFFFFFFC5
:103EC00052545A5CBFCBBBC5BEC9C0CBC4CDC5CE56
:103ED000C8CECAD0CCD4CBCCFFFFFFFFFFFFFFFF83
:103EE000FFFFFFFFFFFFFFFFFFFFFFFFFFFFFFFFE2
:103EF000FFFFFFFFFFFFFFFFFFFFFFFFFFFFFFFFD2
:103F0000FFFFFFFFFFFFFFFFFFFFFFFF4B4B585877
:103F1000E6E2F3EEF2F0F4F0F4F0F4F0F4F0F4F0A2
:103F2000FFFF8181FFFFFFFFFFFFFFFFFFFF5555F1
:103F30005353FAF5ECEAEDE9E9E7E9E5E5E3E5E213
:103F4000E2DEBDBCE0E0FFFFFFFFFFFFFFFFD8D8D0
:103F500057574E4FC9C7BDBBB8B8B5B4B0B0ACAB7E
:103F6000A9A7A4A26F6E616158585656A0A19FA13F
:103F7000A5A6A9AAADADB0B3B4B5B6B94D4EFFFF75
:103F8000FFFF4E4E6566C9C9CBCCCECDD1D0D3D1C3
:103F9000D5D4D8D6C7C6BDBD56564F50B2B1B5B4AC
:103FA000BEBAC5C3CECAD3CFD7D3DAD8BFBCE7E732
:103FB000FFFFFFFFFFFFFFFFFFFFFFFF97977778F0
:103FC000F4EFF6F24D4DFFFF868656565253F6F249
:103FD000F4F0F4F0F4F0F4F0F4F0F3EFF5F14A4A11
:103FE000FFFFFFFFFFFFFFFFFFFFFFFF4D4DC0BEC5
:103FF000E6E4E6E2E3DFE0DDDFDCDCD9D8D6D6D4E8
:10400000D4D1D0CECDCCCBC8BDBA4141FFFFFFFF4C
:10401000FFFFFFFFA4A458585151ABAAA4A3A1A02D
:104020009D9C9898949394949B9A5455FFFFFFFFFE
:10403000FFFFFFFF52525A5ABABDB7B9BABBBDBE55
:10404000C1C1C2C4C5C6C7C7C9CACACAFFFFFFFF2C
:10405000FFFFFFFFFFFFFFFFFFFFFFFFFFFFFFFF70
:10406000FFFFFFFFFFFFFFFFFFFFFFFFFFFFFFFF60
:10407000FFFFFFFFFFFFFFFFFFFFFFFFFFFFFFFF50
:104080004B4D585AE2DCEEE7F0EAF0EAF0EAF0EAEB
:10409000F0EAF0EAFFF98183FFFFFFFFFFFFFFFF78
:1040A000FFFF55575355F5EFEAE3E9E4E7E2E5E0B2
:1040B000E3DEE2DDDEDABCBBE0E1FFFFFFFFFFFF96
:1040C000FFFFD8D857594F52C7C5BBBBB8B6B4B419
:1040D000B0B0ABABA7A6A2A36E706163585A565896
:1040E000A1A4A1A4A6ABAAB2ADB8B3BDB5C2B9C5CF
:1040F0004E4FFFFFFFFF4E506668C9D0CCD2CDD2E5
:10410000D0D5D1D7D4D8D6D8C6C8BDBF56585051AF
:10411000B1B5B4B7BABEC3C3CAC9CFCED3D2D8D64D
:10412000BCBCE7E7FFFFFFFFFFFFFFFFFFFFFFFF55
:1041300097997879EFE9F2EB4D50FFFF8687565853
:104140005355F2ECF0EAF0EAF0EAF0EAF0EAEFE9CF
:10415000F1EB4A4DFFFFFFFFFFFFFFFFFFFFFFFFF8
:104160004D50BEBCE4DFE2DEDFDBDDDADCD8D9D5E2
:10417000D6D3D4D0D1CECECBCCCAC8C6BAB941449E
:10418000FFFFFFFFFFFFFFFFA4A5585A5153AAA945
:10419000A3A4A0A09C9D9898939494959A9C5557FD
:1041A000FFFFFFFFFFFFFFFF52545A5CBDCAB9C6B5
:1041B000BBC5BEC8C1CBC4CDC6CEC7CECAD0CACB84
:1041C000FFFFFFFFFFFFFFFFFFFFFFFFFFFFFFFFFF
:1041D000FFFFFFFFFFFFFFFFFFFFFFFFFFFFFFFFEF
:1041E000FFFFFFFFFFFFFFFFFFFFFFFFFFFFFFFFDF
:1041F000FFFFFFFF4B4B5858E6E2F2EEF3EFF3F010
:10420000F4F0F4F0F4F0F4F0FFFF8181FFFFFFFF22
:10421000FFFFFFFFFFFF43435353FFFFFFFAFCF98C
:10422000FCF6F9F4F7F2F5F1F3EFCAC8E0E0FFFFAE
:10423000FFFFFFFFFFFFFFFF45455050D7D4CCCA1B
:10424000C7C5C2C2BDBCB8B7B4B3AFAE73728E8EB1
:104250005757555597979E9EA4A5A8ABADAFB1B43F
:10426000B6B8BFC27272FFFFFFFFA9A95150D5D5E2
:10427000D0D0D3D3D6D6D9D7DCD9DDDBEBE95555B1
:1042800046465050AAAAAFAEBBB8C5C1CDC8D5D01E
:10429000DAD6DFDBC2C0E7E7FFFFFFFFFFFFFFFF6C
:1042A000FFFFFFFFFFFF7070B1B0FFFB4E4EFFFF3F
:1042B000F1F150505757FFFFFFFFFFFFFFFFFFFFD8
:1042C000FFFFFFFFFFFF4B4CFFFFFFFFFFFFFFFF65
:1042D000FFFFFFFFFFFF87875252F3F1E9E6E3DEBE
:1042E000DFDEDEDBDBD9D9D6D6D4D6D3DFDC5C5D2E
:1042F0006D6DFFFFFFFFFFFFFFFFFFFFFFFF4D4D56
:104300005050B7B5AFAEABA9A7A5A2A09E9D9A97F6
:1043100099995757FFFFFFFFFFFFFFFF52525A5A6D
:10432000B9BCB5B8B7BABABCBEBFC1C1C3C4C5C5B4
:10433000C8C8CACAFFFFFFFFFFFFFFFFFFFFFFFF65
:10434000FFFFFFFFFFFFFFFFFFFFFFFFFFFFFFFF7D
:10435000FFFFFFFFFFFFFFFFFFFFFFFFFFFFFFFF6D
:10436000FFFFFFFFFFFFFFFF4B4D585AE2DFEEE874
:10437000EFE8F0EAF0EAF0EAF0EAF0EAFFF9818328
:10438000FFFFFFFFFFFFFFFFFFFF43455355FFFE0A
:10439000FAF3F9F1F6F0F4EFF2ECF1ECEFEAC8C55C
:1043A000E0E1FFFFFFFFFFFFFFFFFFFF4547505327
:1043B000D4D0CAC8C5C4C2BFBCBAB7B7B3B3AEAE17
:1043C00072738E8E5759555797999EA1A5AAABB077
:1043D000AFB6B4BCB8C3C2D07274FFFFFFFFA9A8C8
:1043E0005052D5DFD0D6D3D9D6DBD7DCD9DEDBE04F
:1043F000E9EC555846485052AAB0AEB3B8BBC1C359
:10440000C8CAD0CFD6D5DBD9C0BFE7E7FFFFFFFFD3
:10441000FFFFFFFFFFFFFFFFFFFF7071B0AEFBF478
:104420004E51FFFFF1F15051575AFFFAFFF8FFF8D4
:10443000FFF8FFF8FFF8FFF8FFF84C4FFFFFFFFF12
:10444000FFFFFFFFFFFFFFFFFFFF87875255F1ECE4
:10445000E6E1DEDADED8DBD7D9D5D6D3D4D0D3D0D7
:10446000DCD75D606D6FFFFFFFFFFFFFFFFFFFFF0A
:10447000FFFF4D4F5052B5B4AEADA9AAA5A6A0A15D
:104480009D9E9798999A5759FFFFFFFFFFFFFFFFE7
:1044900052545A5CBCC8B8C3BAC6BCC7BFC9C1CAAB
:1044A000C4CCC5CEC8CFCACBFFFFFFFFFFFFFFFFC5
:1044B000FFFFFFFFFFFFFFFFFFFFFFFFFFFFFFFF0C
:1044C000FFFFFFFFFFFFFFFFFFFFFFFFFFFFFFFFFC
:1044D000FFFFFFFFFFFFFFFFFFFFFFFF4B4B5858A2
:1044E000E7E3F2ECF3EFF3EEF3F0F4F0F4F0F4F0D2
:1044F000FFFF8181FFFFFFFFFFFFFFFFFFFFFFFFC8
:104500004C4C4A4A4A4A4A4A4A4A4A4A4A4A4A4A07
:104510004A4A4D4DDEDEFFFFFFFFFFFFFFFFFFFFBB
:10452000FFFF4D4D4B4C4C4C4C4C4C4C4D4C4D4C62
:104530004D4D4D4D4D4DFFFF8F8F52524C4C4C4CBD
:104540004B4B4B4B4A4A4A4A4A4A4949FCFCFFFFFB
:10455000FFFFFFFFACAC4949494848484848484834
:104560004848484848474A4AFFFF3B3B3A3A3A3AAC
:104570003939393938393737373737373939E2E266
:10458000FFFFFFFFFFFFFFFFFFFFFFFFFFFFFFFF3B
:104590006A6A35363535FFFFFFFFF5F53D3D3A3A9E
:1045A0003A3A3A3A3A3A3A3A3A3A3A3A3A3A343477
:1045B000FFFFFFFFFFFFFFFFFFFFFFFFFFFFFFFF0B
:1045C000FFFF6C6B34356F6FA6A6BCB9BEBBA7A549
:1045D000727137385D5DFFFFFFFFFFFFFFFFFFFFD9
:1045E000FFFFFFFFFFFFFFFF3D3D3C3C3C3C3D3DEF
:1045F0003D3D3D3D3D3D3D3D3D3D3B3BFFFFFFFFE7
:10460000FFFFFFFF52525A5AB7BAB4B6B4B7B8BA9E
:10461000BBBDBEBFC1C2C2C3C5C6CACAFFFFFFFF82
:10462000FFFFFFFFFFFFFFFFFFFFFFFFFFFFFFFF9A
:10463000FFFFFFFFFFFFFFFFFFFFFFFFFFFFFFFF8A
:10464000FFFFFFFFFFFFFFFFFFFFFFFFFFFFFFFF7A
:104650004B4D585AE3DDECE8EFE8EEE8F0EAF0EA1B
:10466000F0EAF0EAFFF98183FFFFFFFFFFFFFFFFA2
:10467000FFFFFFFF4C4F4A4C4A4C4A4C4A4C4A4CB5
:104680004A4C4A4C4A4C4D4EDEDFFFFFFFFFFFFF16
:10469000FFFFFFFFFFFF4D4F4C4D4C4D4C4E4C4E1E
:1046A0004C4F4C4F4D4F4D4F4D4FFFFF8F9152533D
:1046B0004C4E4C4D4B4D4B4C4A4B4A4B4A4B494A46
:1046C000FCFBFFFFFFFFFFFFACAC494A484A484AEA
:1046D000484A48494849484947494A4CFFFF3B3DF9
:1046E0003A3C3A3C393B393B393B373A373A373930
:1046F000393CE2E2FFFFFFFFFFFFFFFFFFFFFFFF8D
:10470000FFFFFFFF6A6B36383537FFFFFFFFF5F518
:104710003D3F3A3C3A3C3A3C3A3C3A3C3A3C3A3CE3
:104720003A3C3436FFFFFFFFFFFFFFFFFFFFFFFFB5
:10473000FFFFFFFFFFFF6B6C35386F70A6A5B9B7A1
:10474000BBB8A5A57173383A5D5FFFFFFFFFFFFFA0
:10475000FFFFFFFFFFFFFFFFFFFFFFFF3D403C3F6D
:104760003C3F3D3F3D3F3D3F3D3F3D3F3D403B3D6D
:10477000FFFFFFFFFFFFFFFF52545A5CBAC5B6C2EE
:10478000B7C4BAC6BDC6BFC9C2CAC3CCC6CECACBDF
:10479000FFFFFFFFFFFFFFFFFFFFFFFFFFFFFFFF29
:1047A000FFFFFFFFFFFFFFFFFFFFFFFFFFFFFFFF19
:1047B000FFFFFFFFFFFFFFFFFFFFFFFFFFFFFFFF09
:1047C000FFFFFFFF4B4B5858E5E2F1ECF2ECF3EF43
:1047D000F3EEF3F0F4F0F4F0FFFF8383FFFFFFFF4D
:1047E000FFFFFFFFFFFFFFFFFFFFFFFFFFFFFFFFD9
:1047F000FFFFFFFFFFFFFFFFFFFFFFFFFFFFFFFFC9
:10480000FFFFFFFFFFFFFFFFFFFFFFFFFFFFFFFFB8
:10481000FFFFFFFFFFFFFFFFFFFFFFFFFFFFFFFFA8
:10482000FFFFFFFFFFFFFFFFFFFFFFFFFFFFFFFF98
:10483000FFFFFFFFFFFFFFFFFFFFFFFFFFFFFFFF88
:10484000FFFFFFFFFFFFFFFFFFFFFFFFFFFFFFFF78
:10485000FFFFFFFFFFFFFFFFFFFFFFFFFFFFFFFF68
:10486000FFFFFFFFFFFFFFFFFFFFFFFFFFFFFFFF58
:10487000FFFFFFFFFFFFFFFFFFFFFFFFFFFFFFFF48
:10488000FFFFFFFFFFFFFFFFFFFFFFFFFFFFFFFF38
:10489000FFFFFFFFFFFFFFFFFFFFFFFFFFFFFFFF28
:1048A000FFFFFFFFFFFFFFFFFFFFFFFFFFFFFFFF18
:1048B000FBFBDBDBDBDBF5F5FFFFFFFFFFFFFFFFB4
:1048C000FFFFFFFFFFFFFFFFFFFFFFFFFFFFFFFFF8
:1048D000FFFFFFFFFFFFFFFFFFFFFFFFFFFFFFFFE8
:1048E000FFFFFFFFFFFFFFFFFFFFFFFF525259597E
:1048F000B5B7B2B3B4B6B5B7B7BABBBDBEBFC1C228
:10490000C3C4CACAFFFFFFFFFFFFFFFFFFFFFFFF98
:10491000FFFFFFFFFFFFFFFFFFFFFFFFFFFFFFFFA7
:10492000FFFFFFFFFFFFFFFFFFFFFFFFFFFFFFFF97
:10493000FFFFFFFFFFFFFFFF4B4D585AE2DDECE6A4
:10494000ECE8EFE8EEE8F0EAF0EAF0EAFFFA838458
:10495000FFFFFFFFFFFFFFFFFFFFFFFFFFFFFFFF67
:10496000FFFFFFFFFFFFFFFFFFFFFFFFFFFFFFFF57
:10497000FFFFFFFFFFFFFFFFFFFFFFFFFFFFFFFF47
:10498000FFFFFFFFFFFFFFFFFFFFFFFFFFFFFFFF37
:10499000FFFFFFFFFFFFFFFFFFFFFFFFFFFFFFFF27
:1049A000FFFFFFFFFFFFFFFFFFFFFFFFFFFFFFFF17
:1049B000FFFFFFFFFFFFFFFFFFFFFFFFFFFFFFFF07
:1049C000FFFFFFFFFFFFFFFFFFFFFFFFFFFFFFFFF7
:1049D000FFFFFFFFFFFFFFFFFFFFFFFFFFFFFFFFE7
:1049E000FFFFFFFFFFFFFFFFFFFFFFFFFFFFFFFFD7
:1049F000FFFFFFFFFFFFFFFFFFFFFFFFFFFFFFFFC7
:104A0000FFFFFFFFFFFFFFFFFFFFFFFFFFFFFFFFB6
:104A1000FFFFFFFFFFFFFFFFFFFFFFFFFFFFFFFFA6
:104A2000FFFFFFFFFBFCDBDBDBDCF5F5FFFFFFFF40
:104A3000FFFFFFFFFFFFFFFFFFFFFFFFFFFFFFFF86
:104A4000FFFFFFFFFFFFFFFFFFFFFFFFFFFFFFFF76
:104A5000FFFFFFFFFFFFFFFFFFFFFFFFFFFFFFFF66
:104A60005254595BB7C1B3BEB6C1B7C3BAC6BDC70E
:104A7000BFC9C2C9C4CDCACBFFFFFFFFFFFFFFFF05
:104A8000FFFFFFFFFFFFFFFFFFFFFFFFFFFFFFFF36
:104A9000FFFFFFFFFFFFFFFFFFFFFFFFFFFFFFFF26
:104AA000FFFFFFFFFFFFFFFFFFFFFFFF4B4B5858CC
:104AB000E3DFEFEBF0ECF2ECF3EFF3EEF3F0F4F016
:104AC000FFFF8484FFFFFFFFFFFFFFFFFFFFFFFFEC
:104AD000FFFFFFFFFFFFFFFFFFFFFFFFFFFFFFFFE6
:104AE000FFFFFFFFFFFFFFFFFFFFFFFFFFFFFFFFD6
:104AF000FFFFFFFFFFFFFFFFFFFFFFFFFFFFFFFFC6
:104B0000FFFFFFFFFFFFFFFFFFFFFFFFFFFFFFFFB5
:104B1000FFFFFFFFFFFFFFFFFFFFFFFFFFFFFFFFA5
:104B2000FFFFFFFFFFFFFFFFFFFFFFFFFFFFFFFF95
:104B3000FFFFFFFFFFFFFFFFFFFFFFFFFFFFFFFF85
:104B4000FFFFFFFFFFFFFFFFFFFFFFFFFFFFFFFF75
:104B5000FFFFFFFFFFFFFFFFFFFFFFFFFFFFFFFF65
:104B6000FFFFFFFFFFFFFFFFFFFFFFFFFFFFFFFF55
:104B7000FFFFFFFFFFFFFFFFFFFFFFFFFFFFFFFF45
:104B8000FFFFFFFFFFFFFFFFFFFFFFFFFFFFFFFF35
:104B9000FFFFFFFFFFFFFFFFFFFFFFFFFFFFFFFF25
:104BA000FFFFFFFFFFFFFFFFFFFFFFFFFFFFFFFF15
:104BB000FFFFFFFFFFFFFFFFFFFFFFFFFFFFFFFF05
:104BC000FFFFFFFFFFFFFFFFFFFFFFFFFFFFFFFFF5
:104BD000FFFFFFFF52525959B2B3AEB1B2B4B3B6F0
:104BE000B5B8B9BBBBBDBEBFC3C4CACAFFFFFFFFD8
:104BF000FFFFFFFFFFFFFFFFFFFFFFFFFFFFFFFFC5
:104C0000FFFFFFFFFFFFFFFFFFFFFFFFFFFFFFFFB4
:104C1000FFFFFFFFFFFFFFFFFFFFFFFFFFFFFFFFA4
:104C20004B4D585ADFDBEBE6ECE6ECE8EFE8EEE85C
:104C3000F0EAF0EAFFFA8485FFFFFFFFFFFFFFFFC6
:104C4000FFFFFFFFFFFFFFFFFFFFFFFFFFFFFFFF74
:104C5000FFFFFFFFFFFFFFFFFFFFFFFFFFFFFFFF64
:104C6000FFFFFFFFFFFFFFFFFFFFFFFFFFFFFFFF54
:104C7000FFFFFFFFFFFFFFFFFFFFFFFFFFFFFFFF44
:104C8000FFFFFFFFFFFFFFFFFFFFFFFFFFFFFFFF34
:104C9000FFFFFFFFFFFFFFFFFFFFFFFFFFFFFFFF24
:104CA000FFFFFFFFFFFFFFFFFFFFFFFFFFFFFFFF14
:104CB000FFFFFFFFFFFFFFFFFFFFFFFFFFFFFFFF04
:104CC000FFFFFFFFFFFFFFFFFFFFFFFFFFFFFFFFF4
:104CD000FFFFFFFFFFFFFFFFFFFFFFFFFFFFFFFFE4
:104CE000FFFFFFFFFFFFFFFFFFFFFFFFFFFFFFFFD4
:104CF000FFFFFFFFFFFFFFFFFFFFFFFFFFFFFFFFC4
:104D0000FFFFFFFFFFFFFFFFFFFFFFFFFFFFFFFFB3
:104D1000FFFFFFFFFFFFFFFFFFFFFFFFFFFFFFFFA3
:104D2000FFFFFFFFFFFFFFFFFFFFFFFFFFFFFFFF93
:104D3000FFFFFFFFFFFFFFFFFFFFFFFFFFFFFFFF83
:104D4000FFFFFFFFFFFFFFFF5254595BB3BBB1BA38
:104D5000B4BEB6C2B8C4BBC6BDC8BFCAC4CDCACB38
:104D6000FFFFFFFFFFFFFFFFFFFFFFFFFFFFFFFF53
:104D7000FFFFFFFFFFFFFFFFFFFFFFFFFFFFFFFF43
:104D8000FFFFFFFFFFFFFFFFFFFFFFFFFFFFFFFF33
:104D9000FFFFFFFF4B4B5858E0DDEBE8EFEBF1ED89
:104DA000F2ECF3EFF3EEF4F0FFFF8484FFFFFFFF7C
:104DB000FFFFFFFFFFFFFFFFFFFFFFFFFFFFFFFF03
:104DC000FFFFFFFFFFFFFFFFFFFFFFFFFFFFFFFFF3
:104DD000FFFFFFFFFFFFFFFFFFFFFFFFFFFFFFFFE3
:104DE000FFFFFFFFFFFFFFFFFFFFFFFFFFFFFFFFD3
:104DF000FFFFFFFFFFFFFFFFFFFFFFFFFFFFFFFFC3
:104E0000FFFFFFFFFFFFFFFFFFFFFFFFFFFFFFFFB2
:104E1000FFFFFFFFFFFFFFFFFFFFFFFFFFFFFFFFA2
:104E2000FFFFFFFFFFFFFFFFFFFFFFFFFFFFFFFF92
:104E3000FFFFFFFFFFFFFFFFFFFFFFFFFFFFFFFF82
:104E4000FFFFFFFFFFFFFFFFFFFFFFFFFFFFFFFF72
:104E5000FFFFFFFFFFFFFFFFFFFFFFFFFFFFFFFF62
:104E6000FFFFFFFFFFFFFFFFFFFFFFFFFFFFFFFF52
:104E7000FFFFFFFFFFFFFFFFFFFFFFFFFFFFFFFF42
:104E8000FFFFFFFFFFFFFFFFFFFFFFFFFFFFFFFF32
:104E9000FFFFFFFFFFFFFFFFFFFFFFFFFFFFFFFF22
:104EA000FFFFFFFFFFFFFFFFFFFFFFFFFFFFFFFF12
:104EB000FFFFFFFFFFFFFFFFFFFFFFFF52525959A8
:104EC000AEB0ACADAFB1B1B4B5B6B5B8B9BABCBCA3
:104ED000B1B3CACAFFFFFFFFFFFFFFFFFFFFFFFFE6
:104EE000FFFFFFFFFFFFFFFFFFFFFFFFFFFFFFFFD2
:104EF000FFFFFFFFFFFFFFFFFFFFFFFFFFFFFFFFC2
:104F0000FFFFFFFFFFFFFFFF4B4D585ADDD7E8E4DF
:104F1000EBE6EDE6ECE8EFE8EEE8F0EAFFFA848590
:104F2000FFFFFFFFFFFFFFFFFFFFFFFFFFFFFFFF91
:104F3000FFFFFFFFFFFFFFFFFFFFFFFFFFFFFFFF81
:104F4000FFFFFFFFFFFFFFFFFFFFFFFFFFFFFFFF71
:104F5000FFFFFFFFFFFFFFFFFFFFFFFFFFFFFFFF61
:104F6000FFFFFFFFFFFFFFFFFFFFFFFFFFFFFFFF51
:104F7000FFFFFFFFFFFFFFFFFFFFFFFFFFFFFFFF41
:104F8000FFFFFFFFFFFFFFFFFFFFFFFFFFFFFFFF31
:104F9000FFFFFFFFFFFFFFFFFFFFFFFFFFFFFFFF21
:104FA000FFFFFFFFFFFFFFFFFFFFFFFFFFFFFFFF11
:104FB000FFFFFFFFFFFFFFFFFFFFFFFFFFFFFFFF01
:104FC000FFFFFFFFFFFFFFFFFFFFFFFFFFFFFFFFF1
:104FD000FFFFFFFFFFFFFFFFFFFFFFFFFFFFFFFFE1
:104FE000FFFFFFFFFFFFFFFFFFFFFFFFFFFFFFFFD1
:104FF000FFFFFFFFFFFFFFFFFFFFFFFFFFFFFFFFC1
:10500000FFFFFFFFFFFFFFFFFFFFFFFFFFFFFFFFB0
:10501000FFFFFFFFFFFFFFFFFFFFFFFFFFFFFFFFA0
:10502000FFFFFFFFFFFFFFFFFFFFFFFFFFFFFFFF90
:105030005254595BB0B7ADB5B1BBB4BEB6C2B8C47B
:10504000BAC7BCC8B3BACACBFFFFFFFFFFFFFFFF61
:10505000FFFFFFFFFFFFFFFFFFFFFFFFFFFFFFFF60
:10506000FFFFFFFFFFFFFFFFFFFFFFFFFFFFFFFF50
:10507000FFFFFFFFFFFFFFFFFFFFFFFF4B4B5A5AF2
:10508000DEDBEAE7EDE8EFEBF1ECF2ECF3EFF3EE69
:10509000FFFF8484FFFFFFFFFFFFFFFFFFFFFFFF16
:1050A000FFFFFFFFFFFFFFFFFFFFFFFFFFFFFFFF10
:1050B000FFFFFFFFFFFFFFFFFFFFFFFFFFFFFFFF00
:1050C000FFFFFFFFFFFFFFFFFFFFFFFFFFFFFFFFF0
:1050D000FFFFFFFFFFFFFFFFFFFFFFFFFFFFFFFFE0
:1050E000FFFFFFFFFFFFFFFFFFFFFFFFFFFFFFFFD0
:1050F000FFFFFFFFFFFFFFFFFFFFFFFFFFFFFFFFC0
:10510000FFFFFFFFFFFFFFFFFFFFFFFFFFFFFFFFAF
:10511000FFFFFFFFFFFFFFFFFFFFFFFFFFFFFFFF9F
:10512000FFFFFFFFFFFFFFFFFFFFFFFFFFFFFFFF8F
:10513000FFFFFFFFFFFFFFFFFFFFFFFFFFFFFFFF7F
:10514000FFFFFFFFFFFFFFFFFFFFFFFFFFFFFFFF6F
:10515000FFFFFFFFFFFFFFFFFFFFFFFFFFFFFFFF5F
:10516000FFFFFFFFFFFFFFFFFFFFFFFFFFFFFFFF4F
:10517000FFFFFFFFFFFFFFFFFFFFFFFFFFFFFFFF3F
:10518000FFFFFFFFFFFFFFFFFFFFFFFFFFFFFFFF2F
:10519000FFFFFFFFFFFFFFFFFFFFFFFFFFFFFFFF1F
:1051A000FFFFFFFF52525959ABACA9AAACAEAEB14A
:1051B000B2B4B4B6B5B9B9BAAFB3CACAFFFFFFFF4C
:1051C000FFFFFFFFFFFFFFFFFFFFFFFFFFFFFFFFEF
:1051D000FFFFFFFFFFFFFFFFFFFFFFFFFFFFFFFFDF
:1051E000FFFFFFFFFFFFFFFFFFFFFFFFFFFFFFFFCF
:1051F0004B4D5A5CDBD7E7E1E8E4EBE6ECE6ECE8A4
:10520000EFE8EEE8FFFA8485FFFFFFFFFFFFFFFFF7
:10521000FFFFFFFFFFFFFFFFFFFFFFFFFFFFFFFF9E
:10522000FFFFFFFFFFFFFFFFFFFFFFFFFFFFFFFF8E
:10523000FFFFFFFFFFFFFFFFFFFFFFFFFFFFFFFF7E
:10524000FFFFFFFFFFFFFFFFFFFFFFFFFFFFFFFF6E
:10525000FFFFFFFFFFFFFFFFFFFFFFFFFFFFFFFF5E
:10526000FFFFFFFFFFFFFFFFFFFFFFFFFFFFFFFF4E
:10527000FFFFFFFFFFFFFFFFFFFFFFFFFFFFFFFF3E
:10528000FFFFFFFFFFFFFFFFFFFFFFFFFFFFFFFF2E
:10529000FFFFFFFFFFFFFFFFFFFFFFFFFFFFFFFF1E
:1052A000FFFFFFFFFFFFFFFFFFFFFFFFFFFFFFFF0E
:1052B000FFFFFFFFFFFFFFFFFFFFFFFFFFFFFFFFFE
:1052C000FFFFFFFFFFFFFFFFFFFFFFFFFFFFFFFFEE
:1052D000FFFFFFFFFFFFFFFFFFFFFFFFFFFFFFFFDE
:1052E000FFFFFFFFFFFFFFFFFFFFFFFFFFFFFFFFCE
:1052F000FFFFFFFFFFFFFFFFFFFFFFFFFFFFFFFFBE
:10530000FFFFFFFFFFFFFFFFFFFFFFFFFFFFFFFFAD
:10531000FFFFFFFFFFFFFFFF5254595BACB2AAB281
:10532000AEB6B1BBB4BFB6C2B9C5BAC7B3BACACBC1
:10533000FFFFFFFFFFFFFFFFFFFFFFFFFFFFFFFF7D
:10534000FFFFFFFFFFFFFFFFFFFFFFFFFFFFFFFF6D
:10535000FFFFFFFFFFFFFFFFFFFFFFFFFFFFFFFF5D
:10536000FFFFFFFF4D4D5B5CDAD6E7E4E9E7ECE9D0
:10537000EEECF0EDF1EDF3EFFFFF8484FFFFFFFFB4
:10538000FFFFFFFFFFFFFFFFFFFFFFFFFFFFFFFF2D
:10539000FFFFFFFFFFFFFFFFFFFFFFFFFFFFFFFF1D
:1053A000FFFFFFFFFFFFFFFFFFFFFFFFFFFFFFFF0D
:1053B000FFFFFFFFFFFFFFFFFFFFFFFFFFFFFFFFFD
:1053C000FFFFFFFFFFFFFFFFFFFFFFFFFFFFFFFFED
:1053D000FFFFFFFFFFFFFFFFFFFFFFFFFFFFFFFFDD
:1053E000FFFFFFFFFFFFFFFFFFFFFFFFFFFFFFFFCD
:1053F000FFFFFFFFFFFFFFFFFFFFFFFFFFFFFFFFBD
:10540000FFFFFFFFFFFFFFFFFFFFFFFFFFFFFFFFAC
:10541000FFFFFFFFFFFFFFFFFFFFFFFFFFFFFFFF9C
:10542000FFFFFFFFFFFFFFFFFFFFFFFFFFFFFFFF8C
:10543000FFFFFFFFFFFFFFFFFFFFFFFFFFFFFFFF7C
:10544000FFFFFFFFFFFFFFFFFFFFFFFFFFFFFFFF6C
:10545000FFFFFFFFFFFFFFFFFFFFFFFFFFFFFFFF5C
:10546000FFFFFFFFFFFFFFFFFFFFFFFFFFFFFFFF4C
:10547000FFFFFFFFFFFFFFFFFFFFFFFFFFFFFFFF3C
:10548000FFFFFFFFFFFFFFFFFFFFFFFF52525959D2
:10549000A6A8A5A7A9AAACAFB0B1B1B4B3B6B5B927
:1054A000AEB0CACAFFFFFFFFFFFFFFFFFFFFFFFF16
:1054B000FFFFFFFFFFFFFFFFFFFFFFFFFFFFFFFFFC
:1054C000FFFFFFFFFFFFFFFFFFFFFFFFFFFFFFFFEC
:1054D000FFFFFFFFFFFFFFFF4D4F5C5ED6D4E4E010
:1054E000E7E1E9E3ECE6EDE6EDE8EFE7FFF98485D7
:1054F000FFFFFFFFFFFFFFFFFFFFFFFFFFFFFFFFBC
:10550000FFFFFFFFFFFFFFFFFFFFFFFFFFFFFFFFAB
:10551000FFFFFFFFFFFFFFFFFFFFFFFFFFFFFFFF9B
:10552000FFFFFFFFFFFFFFFFFFFFFFFFFFFFFFFF8B
:10553000FFFFFFFFFFFFFFFFFFFFFFFFFFFFFFFF7B
:10554000FFFFFFFFFFFFFFFFFFFFFFFFFFFFFFFF6B
:10555000FFFFFFFFFFFFFFFFFFFFFFFFFFFFFFFF5B
:10556000FFFFFFFFFFFFFFFFFFFFFFFFFFFFFFFF4B
:10557000FFFFFFFFFFFFFFFFFFFFFFFFFFFFFFFF3B
:10558000FFFFFFFFFFFFFFFFFFFFFFFFFFFFFFFF2B
:10559000FFFFFFFFFFFFFFFFFFFFFFFFFFFFFFFF1B
:1055A000FFFFFFFFFFFFFFFFFFFFFFFFFFFFFFFF0B
:1055B000FFFFFFFFFFFFFFFFFFFFFFFFFFFFFFFFFB
:1055C000FFFFFFFFFFFFFFFFFFFFFFFFFFFFFFFFEB
:1055D000FFFFFFFFFFFFFFFFFFFFFFFFFFFFFFFFDB
:1055E000FFFFFFFFFFFFFFFFFFFFFFFFFFFFFFFFCB
:1055F000FFFFFFFFFFFFFFFFFFFFFFFFFFFFFFFFBB
:105600005254595BA8ACA7ABAAB1AFB6B1BBB4BFFB
:10561000B6C3B9C5B0B8CACBFFFFFFFFFFFFFFFF9E
:10562000FFFFFFFFFFFFFFFFFFFFFFFFFFFFFFFF8A
:10563000FFFFFFFFFFFFFFFFFFFFFFFFFFFFFFFF7A
:10564000FFFFFFFFFFFFFFFFFFFFFFFF4E4E5B5C13
:10565000D6D3E4E0E8E4EAE7ECE8EFECF0EDF1EDD6
:10566000FFFF8484FFFFFFFFFFFFFFFFFFFF52529A
:1056700057575757575757575757575757575757BA
:1056800057575757575757575757575757575757AA
:10569000575757575757575757575757575757579A
:1056A000575757575757575757575757575757578A
:1056B000575757575757575757575757575757577A
:1056C000575757575757575757575757575757576A
:1056D000575757575757575757575757575757575A
:1056E000575757575757575757575757575757574A
:1056F000575757575757575757575757575757573A
:105700005757575757575757575757575757575729
:105710005757575757575757575757575757575719
:105720005757575757575757575757575757575709
:1057300057575757575757575757575757575757F9
:1057400057575757575757575757575757575757E9
:1057500057575757575757575757575757575757D9
:1057600057575757575757575353F8F8FFFFFFFFEF
:10577000FFFFFFFF52525959A1A1A2A3A5A7A9AAB1
:10578000ADAEB0B2B3B5B5B7ACAFCACAFFFFFFFF9D
:10579000FFFFFFFFFFFFFFFFFFFFFFFFFFFFFFFF19
:1057A000FFFFFFFFFFFFFFFFFFFFFFFFFFFFFFFF09
:1057B000FFFFFFFFFFFFFFFFFFFFFFFFFFFFFFFFF9
:1057C0004E505C5ED3CFE0DCE4E0E7E1E8E4ECE6F9
:1057D000EDE6EDE8FFF88485FFFFFFFFFFFFFFFF29
:1057E000FFFF5254575957595759575957595759F5
:1057F0005759575957595759575957595759575929
:105800005759575957595759575957595759575918
:105810005759575957595759575957595759575908
:1058200057595759575957595759575957595759F8
:1058300057595759575957595759575957595759E8
:1058400057595759575957595759575957595759D8
:1058500057595759575957595759575957595759C8
:1058600057595759575957595759575957595759B8
:1058700057595759575957595759575957595759A8
:105880005759575957595759575957595759575998
:105890005759575957595759575957595759575988
:1058A0005759575957595759575957595759575978
:1058B0005759575957595759575957595759575968
:1058C0005759575957595759575957595759575958
:1058D0005759575957595759575957595355F8F810
:1058E000FFFFFFFFFFFFFFFF5254595BA1A6A3A7D5
:1058F000A7ACAAB2AEB7B2BCB5C0B7C3AFB8CACB3B
:10590000FFFFFFFFFFFFFFFFFFFFFFFFFFFFFFFFA7
:10591000FFFFFFFFFFFFFFFFFFFFFFFFFFFFFFFF97
:10592000FFFFFFFFFFFFFFFFFFFFFFFFFFFFFFFF87
:10593000FFFFFFFF4E4E5B5CD0CDDFDBE4E0E7E333
:10594000EBE7EDE9EFECF0EDFFFF8484FFFFFFFFF5
:10595000FFFFFFFFFFFF4F4F5959565656565656F9
:1059600056565656565656565656565656575657D5
:1059700056575657565756575657565756575657BF
:1059800056575657565756575657565756575657AF
:105990005657565757575757575757575757575799
:1059A0005757575757575757575857585758575883
:1059B000575857585758575857585758575857586F
:1059C000575857585758575858585858585858585B
:1059D0005858585858585858585858585858585847
:1059E0005858585858585858585858585858585837
:1059F000585858585858585858585758575857582A
:105A0000575857585758575857585758575857581E
:105A1000575857585758575857585758575857580E
:105A20005758575857575757575757575757575704
:105A300057575757565756575657565756575657FC
:105A400056575657565756565656565656565556F4
:105A500055565656FFFFFFFFFFFFFFFF52525959A1
:105A60009D9D9D9DA1A2A6A7A9AAADAFB0B2B4B5B8
:105A7000AAADCACAFFFFFFFFFFFFFFFFFFFFFFFF47
:105A8000FFFFFFFFFFFFFFFFFFFFFFFFFFFFFFFF26
:105A9000FFFFFFFFFFFFFFFFFFFFFFFFFFFFFFFF16
:105AA000FFFFFFFFFFFFFFFF4E505C5ECDCBDBD75C
:105AB000E0DDE3DFE7E1E9E5ECE7EDE6FFF884852B
:105AC000FFFFFFFFFFFFFFFFFFFF4F51595B5658DE
:105AD0005658565856585658565856595659565953
:105AE0005759575957595759575957595759575936
:105AF0005759575957595759575957595759575926
:105B00005759575957595759575957595759575915
:105B10005759575957595759575957595859585903
:105B20005859585A585A585A585A585A585A585AE6
:105B3000585A585A585A585A585A585A585A585AD5
:105B4000585A585A585A585A585A585A585A585AC5
:105B5000585A585A585A585A585A585A585A585AB5
:105B6000585A585A585A585A585A585A585A585AA5
:105B7000585A585A585A585A585A585A585A585A95
:105B8000585A585A585A585A585A585A585A585A85
:105B9000585A585A5859585957595759575957597F
:105BA0005759575957595759575957595759575975
:105BB000575957595759575957595658565856586B
:105BC0005658565856585658FFFFFFFFFFFFFFFF25
:105BD0005255595B9D9E9DA1A2A6A7ADAAB2AFB892
:105BE000B2BCB5C0ADB7CACBFFFFFFFFFFFFFFFFE1
:105BF000FFFFFFFFFFFFFFFFFFFFFFFFFFFFFFFFB5
:105C0000FFFFFFFFFFFF7A7A858585858888959558
:105C1000FFFFFFFFFFFFCDCDFFFFFFFF4E4E5B5CA1
:105C2000CCC7D9D6E0DBE4E1E8E3EBE7ECE9EFEB66
:105C3000FFFE8484FFFFFFFFFFFFFFFFFFFF4F4FCB
:105C4000585AFFFFFFFBFDFBFCF7FBF6FBF5F8F4F2
:105C5000F5F1F5F0F2EDF1ECEDEAECE8EAE5E9E476
:105C6000E8E3E6E2E5DFE3DEE1DDE0DBDEDADBD739
:105C7000DBD6D8D4D7D1D4D1D2CED0CDCFCACDCA0D
:105C8000CBC8C9C6C8C4C5C2C4C1C1BFC1BDBEBBE3
:105C9000BCBAB9B7B7B6B5B4B4B3B1B1AFAFAEADC6
:105CA000ABABAAA8A7A7A7A5A4A4A2A29EA09D9EAD
:105CB0009B9D9A9B97989697939694969696959671
:105CC000959895979597959795979697969796986F
:105CD0009899989998999899989A999A9A9B9B9B30
:105CE0009C9C9B9D9C9E9C9D9E9F9F9EA1A0A2A1D3
:105CF000A3A5A3A3A6A6A6A8A9A9AAAAABABAEAE24
:105D0000AEB0B1B1B3B2B4B3B7B6B8B8BBBBBDBC3B
:105D1000C0BFC3C1C6C4C8C6CBC8CDCBCFCED4D2FA
:105D2000D6D5DAD8DEDCE1DFE6E2E7E6EDEBF1F04E
:105D3000F7F6FCFAFFFFFFFFFFFF7C7CFFFFFFFF92
:105D4000FFFFFFFF53535959979799989D9EA1A321
:105D5000A6A7AAABAFAEB0B2A9ACCACAFFFFFFFFFD
:105D6000FFFFFFFFFFFFFFFFFFFFFFFFFFFFFFFF43
:105D7000FFFFFFFFFFFFFFFFFFFF7A7C858785871F
:105D8000888B9597FFFFFFFFFFFFCDCDFFFFFFFF44
:105D90004E505C5EC7C7D6D4DBD8E1DDE3E0E7E177
:105DA000E9E5EBE7FEF88485FFFFFFFFFFFFFFFF5C
:105DB000FFFF4F515A5CFFFBFBF5FBF2F7F3F6F2E6
:105DC000F5EEF4EEF1EDF0EAEDE9ECE9EAE6E8E50E
:105DD000E5E2E4E3E3E0E2E0DFDEDEDDDDDBDBDACB
:105DE000DAD8D7D7D6D6D4D6D1D2D1D1CED0CDCE7F
:105DF000CACCCACCC8CAC6C8C4C7C2C4C1C4BFC33F
:105E0000BDC0BBBFBABEB7BBB6BBB4B8B3B8B1B404
:105E1000AFB4ADB2ABB0A8AEA7AEA5ACA4AAA2A9D0
:105E2000A0A79EA69DA59BA198A097A0969E969F91
:105E3000969F969F989F97A097A097A097A097A0AE
:105E400097A098A099A099A199A199A19AA29AA284
:105E50009BA29BA49CA39DA59EA69DA59FA79EA635
:105E6000A0A8A1A9A5ABA3ACA6ADA8AEA9AFAAB0A6
:105E7000ABB1AEB3B0B5B1B6B2B8B3B8B6BBB8BDDE
:105E8000BBBFBCC0BFC3C1C5C4C8C6CAC8CDCBCECA
:105E9000CED0D2D4D5D6D8D9DCDCDFE0E2E2E6E65B
:105EA000EBE9F0EEF6F3FAF7FFFAFFFFFFFF7C7D78
:105EB000FFFFFFFFFFFFFFFF5355595B9798989A2D
:105EC0009EA2A3A7A7ADABB3AEB8B2BCACB5CACBCC
:105ED000FFFFFFFFFFFFFFFFFFFFFFFFFFFFFFFFD2
:105EE000FFFFFFFFFFFFFFFFFFFFFFFFFFFF31315E
:105EF0005757575746464B4BF9F9FFFFFFFF3F3FB8
:105F0000FFFFFFFF4E4E5B5CC7C3D5D1D9D6E0DCA7
:105F1000E5E1E8E5EBE8ECE8FFFD8484FFFFFFFF47
:105F2000FFFFFFFFFFFF5151585AF4EFECE9ECE897
:105F3000EAE8E9E5E8E4E7E2E5E1E3DFE2DEE0DC28
:105F4000DFDBDCD8DAD7D9D5D8D4D8D3D5D3D4D0E1
:105F5000D2CFD3CED1CCCFCBCCC8CBC7C9C6C8C487
:105F6000C8C3C4C1C3C0C2BDC0BCBFBBBCB9BCB840
:105F7000B9B7B8B5B6B3B6B2B3B0B0AFAEADADACFD
:105F8000ABAAAAA8A7A7A6A6A4A3A3A3A2A09F9FC3
:105F90009D9E9C9C9B9B9898979894969493919285
:105FA0008F918E908F9190919090909290929092EC
:105FB00090929092909291929192919292939293C8
:105FC0009292929492939495949594959497959790
:105FD00096979799999899999A9A9C9D9C9C9E9E20
:105FE0009EA0A0A1A1A2A3A3A4A4A6A6A7A7A9A975
:105FF000AAA8ACACAEAEB1AFB2B2B4B3B7B6BAB891
:10600000BBBABDBCC1BEC2C2C6C4C9C7CBCACECC56
:10601000D2CFD6D2D7D6DBDADFDEE4E3E7E6EDEBAC
:10602000F1F06F6FFFFFFFFFFFFFFFFF5353595961
:106030009B9A939299999E9EA3A4A7A8AAABADAF51
:10604000A7AACACAFFFFFFFFFFFFFFFFFFFFFFFF77
:10605000FFFFFFFFFFFFFFFFFFFFFFFFFFFFFFFF50
:10606000FFFF31335759575946494B4CF9FAFFFF57
:10607000FFFF3F41FFFFFFFF4E505C5EC3C2D1CF29
:10608000D6D5DCD8E1DDE5E1E8E2E8E5FDF7848599
:10609000FFFFFFFFFFFFFFFFFFFF51535A5CEFEAD7
:1060A000E9E4E8E3E8E1E5E2E4E1E2DDE1DDDFDCCB
:1060B000DEDADCD9DBD8D8D6D7D5D5D3D4D3D3D173
:1060C000D3D0D0D0CFCFCECDCCCBCBCAC8C9C7C709
:1060D000C6C8C4C5C3C4C1C3C0C1BDBFBCBEBBBDAF
:1060E000B9BCB8BBB7BAB5B8B3B7B2B5B0B3AFB453
:1060F000ADB1ACB0AAAEA8ACA7ABA6ABA3A8A3A702
:10610000A0A59FA49EA49CA29BA1989F989F969DAA
:10611000939B929A919A909891999199909992992A
:106120009299929A929A929A929A929A929A929A10
:106130009399939B929A949C939C959C959C959CE7
:10614000979E979E979E99A0989F99A09AA29DA28C
:106150009CA39EA4A0A5A1A6A2A7A3A9A4A9A6ABFF
:10616000A7ACA9ADA8AEACB1AEB2AFB3B2B6B3B73F
:10617000B6B9B8BBBABEBCC0BEC1C2C4C4C6C7C92A
:10618000CACACCCDCFD1D2D1D6D6DAD9DEDDE3E1C1
:10619000E6E5EBE8F0EC6F70FFFFFFFFFFFFFFFFAE
:1061A0005355595B9A9B9293999B9EA2A4A7A8AD25
:1061B000ABB4AFB8AAB1CACBFFFFFFFFFFFFFFFF31
:1061C000FFFFFFFFFFFFFFFFFFFFFFFFFFFFFFFFDF
:1061D000FFFFFFFFFFFFFFFF49494545FFFF4A4A19
:1061E0004444FFFF3E3E4848FFFFFFFF4E4E5B5CCE
:1061F000C0BCCFCBD5D1DAD6E0DCE5E1E9E5EAE712
:10620000FFFB8484FFFFFFFFFFFFFFFFFFFF5151F4
:10621000585AF5F1ECE8ECE9ECE8E9E8E9E5E8E5FD
:10622000E6E2E5E1E4E0E2DDDFDDDFDBDCD8DBD781
:10623000D9D4D9D4D8D3D6D2D3CFD3CFD1CED1CC31
:10624000D0CCCCC8CCC8C9C5C8C4C6C3C4C1C3C0DF
:10625000C1BDC0BDBEBBBCBABCB7B9B6B8B6B5B49B
:10626000B5B2B3B0B1AFAFADACABABABA9A9A7A85A
:10627000A6A6A5A4A3A3A2A0A09F9E9D9D9C9B9B18
:10628000979997989497939490918F918E908F91DE
:1062900090919091909290929092909290929092F0
:1062A00091929192929392939293929292949393C9
:1062B000949595959596949795979697979999987B
:1062C00099999A9A9B9D9C9C9E9E9EA0A0A0A1A2FB
:1062D000A2A3A5A5A5A6A7A7A9A9AAA9ADACAEAD3D
:1062E000B1B0B2B1B5B3B7B6BAB8BBBABEBCC0BE36
:1062F000C2C1C6C4C8C7CACACECDD1D0D6D2D7D6DD
:10630000DBDADFDEE3E3E8E7EDEB6667FFFFFFFFE5
:10631000FFFFFFFF53535959A09E9595929299996B
:106320009E9EA3A3A7A8AAABA6A7CACAFFFFFFFF6A
:10633000FFFFFFFFFFFFFFFFFFFFFFFFFFFFFFFF6D
:10634000FFFFFFFFFFFFFFFFFFFFFFFF494B454937
:10635000FFFF4A4B4446FFFF3E41484AFFFFFFFF15
:106360004E505C5EBCBDCBCAD1CFD6D4DCD8E1DD0B
:10637000E5E1E7E2FBF58485FFFFFFFFFFFFFFFF9D
:10638000FFFF51535A5CF1ECE8E3E9E4E8E3E8E0AD
:10639000E5E2E5E1E2DEE1DDE0DBDDDADDDADBD816
:1063A000D8D6D7D5D4D3D4D4D3D1D2D1CFD0CFCFC0
:1063B000CECDCCCBCCCAC8C9C8C8C5C8C4C5C3C457
:1063C000C1C3C0C2BDBFBDBFBBBDBABCB7BBB6B900
:1063D000B6B8B4B7B2B5B0B3AFB4ADB1ABB0ABAFA4
:1063E000A9ADA8AAA6ABA4A9A3A6A0A59FA59DA454
:1063F0009CA29BA1999F989F979E949B9199919AFB
:1064000090989199919991999299929A929A929A37
:10641000929A929A929A929A939A9399939B929A19
:10642000949C939C959C959C969D979E979E979ED9
:1064300099A0989F99A09AA19DA29CA39EA4A0A672
:10644000A0A6A2A7A3A8A5A9A6ABA7ACA9AEA9AED2
:10645000ACB1ADB2B0B3B1B5B3B8B6B9B8BBBABEF2
:10646000BCC0BEC2C1C3C4C6C7C8CACBCDCED0D1C2
:10647000D2D2D6D5DAD9DEDDE3E0E7E4EBE867692E
:10648000FFFFFFFFFFFFFFFF5355595B9E9F959650
:106490009293999C9EA2A3A9A8AEABB3A7AECACB78
:1064A000FFFFFFFFFFFFFFFFFFFFFFFFFFFFFFFFFC
:1064B000FFFFFFFFFFFFFFFFFFFFFFFFFFFFFFFFEC
:1064C00049494545FFFF4A4A58584848585848489E
:1064D000FFFFFFFF4E4E5B5CB9B4C8C4CFCBD6D034
:1064E000DAD7DFDAE5E0E8E4FDFA8484FFFFFFFFB6
:1064F000FFFFFFFFFFFF5151585AF7F3EFECECE8B5
:10650000ECE9ECE8E9E8E9E5E8E5E7E3E6E2E3DF22
:10651000E2DEDFDCDFDBDDD8DAD8DAD5D8D4D8D3D9
:10652000D5D2D4D0D2CFD1CED1CDCFCBCDC9CBC780
:10653000C9C6C9C5C7C3C5C2C3C0C1BEC0BDBEBB35
:10654000BDB9BBB8BAB7B8B6B6B3B6B2B3B0B0B0EF
:10655000AFADAEACABABAAA8A8A7A6A6A4A3A3A2B6
:10656000A2A1A09F9D9D9C9C9B9B98999797949777
:106570009593919290918E908F919091909090920E
:1065800090929092909290929092919291929192F8
:1065900092939293929292949293949594949496C7
:1065A0009497949796979799999798999A9A9C9D6A
:1065B0009B9B9E9E9EA0A1A1A1A1A3A3A4A4A6A6CD
:1065C000A7A7A9A9ABA9ACABADAEB1AFB2B1B4B3FB
:1065D000B6B6BAB8BBBABDBBC0BEC2C2C6C4C9C6D5
:1065E000CAC9CDCCD1CFD6D2D8D7DBDADFDFE3E34F
:1065F000E7E66767FFFFFFFFFFFFFFFF53535959B0
:10660000A4A2999795939494999A9EA0A3A4A7A8BD
:10661000A3A4CACAFFFFFFFFFFFFFFFFFFFFFFFFAB
:10662000FFFFFFFFFFFFFFFFFFFFFFFFFFFFFFFF7A
:10663000FFFFFFFF494C4549FFFF4A4B585A484A64
:10664000585A484AFFFFFFFF4E505C5EB4B6C4C5BF
:10665000CBCAD0CFD7D5DAD7E0DCE4E1FAF3848631
:10666000FFFFFFFFFFFFFFFFFFFF51535A5CF3ECFB
:10667000ECE7E8E4E9E4E8E3E8E1E5E1E5E1E3DECD
:10668000E2DEDFDBDEDADCD9DBD8D8D6D8D5D5D36D
:10669000D4D4D3D1D2D0D0D0CFCFCECDCDCCCBCA05
:1066A000C9C9C7C8C6C8C5C5C3C4C2C3C0C1BEC0A6
:1066B000BDBFBBBDB9BCB8BAB7BAB6B8B3B7B2B54F
:1066C000B0B3B0B4ADB0ACB0ABAFA8ACA7ABA6ABF9
:1066D000A3A8A2A7A1A59FA49DA49CA29BA1999FAA
:1066E000979E979E939B929A919A9098919991993F
:1066F000909992999299929A929A929A929A929A3F
:10670000929A929A9399939B929A949C939C959C1B
:10671000949B969D979E979E979E99A0979E99A0D1
:106720009AA29DA29BA39EA4A0A5A1A7A1A8A3A94C
:10673000A4A9A6ABA7ACA9ADA9AEABB0AEB1AFB39F
:10674000B1B5B3B7B6B9B8BBBABEBBC0BEC1C2C49F
:10675000C4C6C6C9C9CACCCDCFD1D2D1D7D6DAD951
:10676000DFDEE3E1E6E56769FFFFFFFFFFFFFFFF15
:106770005355595BA2A49799939494949A9BA0A380
:10678000A4A9A8AEA4ABCACBFFFFFFFFFFFFFFFF8A
:10679000FFFFFFFFFFFFFFFFFFFFFFFFFFFFFFFF09
:1067A000FFFFFFFFFFFFFFFF49494545FFFF4A4A43
:1067B0005858585857574848FFFFFFFF4E4E5B5CEC
:1067C000B0ADC0BDC8C5D0CBD6D1DAD7E0DCE6E2EB
:1067D000FBF79393FFFFFFFFFFFFFFFFFFFF515109
:1067E000585AF8F3F0ECEFECECE8EBE8EAE7EAE80B
:1067F000EAE6E8E5E7E2E6E2E4E0E1DEDFDDDEDB73
:10680000DCD9DCD8D9D5D9D3D8D3D6D2D3CFD2CF2F
:10681000D1CED1CCD0CCCDC9CBC7C9C5C8C4C6C3D5
:10682000C4C1C4C0C2BDC1BCBEBABCB9BCB7B9B793
:10683000B8B6B6B3B6B1B2B0B1AFAFADADACABAB4D
:10684000AAA8A8A8A6A6A5A3A3A2A2A0A09F9D9D12
:106850009D9C9B9B989897989496949491928F91D5
:106860008E908F918F919090909290929092909222
:1068700090929092919291929192929392939292FD
:1068800092949293949594949596949795979697BD
:106890009799999898999A9A9C9D9C9C9E9E9EA047
:1068A0009FA0A1A2A2A3A4A4A5A6A6A6A9A9AAA99D
:1068B000ACACAEADB1B0B1B2B5B4B7B6BAB8BBBAA4
:1068C000BDBDC1BEC2C2C6C4C9C7CBC9CECCD1CF63
:1068D000D6D2D7D6DBDADFE0E4E36666FFFFFFFF60
:1068E000FFFFFFFF53535959A7A69D9C9898959475
:1068F00093939A9A9E9FA4A59FA1CACAFFFFFFFFE8
:10690000FFFFFFFFFFFFFFFFFFFFFFFFFFFFFFFF97
:10691000FFFFFFFFFFFFFFFFFFFFFFFF494C454960
:10692000FFFF4A4B585A585A5759484AFFFFFFFF32
:106930004E505C5EADAFBDBFC5C6CBCBD1D0D7D4BA
:10694000DCD9E2DDF7F29395FFFFFFFFFFFFFFFFCA
:10695000FFFF51535A5CF3ECECE5ECE7E8E3E8E3C6
:10696000E7E3E8E1E6E1E5E1E2DEE2DEE0DCDEDB12
:10697000DDDADBD8D9D6D8D5D5D3D3D4D3D1D2D1BB
:10698000CFD0CFCFCECDCCCBCCC9C9C9C7C8C5C855
:10699000C4C5C3C4C1C3C0C1BDBFBCBEBABCB9BC01
:1069A000B7BCB7BAB6B8B3B7B1B4B0B3AFB4ADB2A1
:1069B000ACB0ABAFA8ACA8AAA6ABA3A8A2A6A0A552
:1069C0009FA59DA49CA29BA1989F989F969D949BF8
:1069D000929A919A90989199919990999299929965
:1069E000929A929A929A929A929A929A929A939947
:1069F000939B929A949C939C959C949B969D979E16
:106A0000979E979E99A0989F99A09AA19DA29CA3BA
:106A10009EA4A0A5A0A6A2A8A3A8A4A9A6ABA6AC24
:106A2000A9ADA9AEACB1ADB2B0B3B2B5B4B8B6B958
:106A3000B8BBBABEBDBFBEC2C2C4C4C6C7C9C9CA3C
:106A4000CCCDCFD1D2D2D6D6DAD9E0DEE3E16669B9
:106A5000FFFFFFFFFFFFFFFF5355595BA6A69C9D5D
:106A60009899949593949A9D9FA3A5AAA1A7CACB00
:106A7000FFFFFFFFFFFFFFFFFFFFFFFFFFFFFFFF26
:106A8000FFFFFFFFFFFFFFFFFFFFFFFFFFFFFFFF16
:106A900049494545FFFF4A4A4B4B747448484848AA
:106AA000FFFFFFFF4E4E5B5CA6A5B7B4C1BCC8C4D8
:106AB000CFCCD6D1DCD8E0DCF8F39393FFFFFFFF17
:106AC000FFFFFFFFFFFF5151585AF9F5F1ECF0EBD2
:106AD000EEECECE8EBE8EBE7E9E8E9E4E7E4E7E231
:106AE000E5E1E3DFE2DDDFDCDFDBDDD8DAD8D9D5D5
:106AF000D8D4D8D3D5D2D4D0D2CFD1CED1CCCFCB7D
:106B0000CCC8CBC7C9C6C9C5C6C3C4C1C3C0C1BD33
:106B1000C0BCBEBBBCB9BBB8BAB7B8B6B6B3B6B2E8
:106B2000B2B0B1B0AFACADACAAABA9A8A7A7A6A6AE
:106B3000A4A3A3A2A1A19F9E9E9E9C9D9B9A979970
:106B400096979496959390918F928E908F91909125
:106B50009090909290929092909290929092919226
:106B600091929293929392939292929492939495FB
:106B700094949496949795979596979999979899B0
:106B80009A9A9B9D9C9C9E9E9EA0A1A1A1A2A3A31C
:106B9000A5A5A6A6A7A7A8A8ABA9ACABADAEB1AF5B
:106BA000B2B1B4B3B7B6BAB8BBB9BEBBC0BEC2C24D
:106BB000C6C4C8C7CBCACDCCD1D0D6D2D8D7DBDAE1
:106BC000E0DE6767FFFFFFFFFFFFFFFF53535959E9
:106BD000ABAAA1A09C9B9898949494949A9B9FA0F4
:106BE0009C9EDBDBFFFFFFFFFFFFFFFFFFFFFFFFC1
:106BF000FFFFFFFFFFFFFFFFFFFFFFFFFFFFFFFFA5
:106C0000FFFFFFFF494C4549FFFF4A4B4B4D747650
:106C1000484B484AFFFFFFFF4E505C5EA5A9B4B643
:106C2000BCBFC4C6CCCBD1D1D8D5DCD9F3EF9395BA
:106C3000FFFFFFFFFFFFFFFFFFFF51535A5CF5EC23
:106C4000ECE8EBE6ECE7E8E3E8E3E7E3E8E1E4E1DE
:106C5000E4E1E2DEE1DDDFDBDDDADCD9DBD8D8D66A
:106C6000D8D5D5D3D4D4D3D1D2D0D0CFCFCECECD0A
:106C7000CCCBCBCAC8C9C7C7C6C8C5C5C3C4C1C3A6
:106C8000C0C2BDBFBCBEBBBDB9BCB8BAB7BAB6B84E
:106C9000B3B7B2B5B0B3B0B4ACB0ACAFABAFA8ACF7
:106CA000A7AAA6AAA3A8A2A7A1A59EA49EA49DA3A5
:106CB0009AA099A0979E969D939A9199929A90984E
:106CC0009199919990999299929A929A929A929A6C
:106CD000929A929A929A939A9399939B929A949C4D
:106CE000939C959C949B969D979E979E969D99A00C
:106CF000979E99A09AA29DA29CA39EA5A0A5A1A79C
:106D0000A2A8A3A9A5A9A6ABA7ACA8ADA9AEABB0F4
:106D1000AEB1AFB3B1B5B3B7B6B9B8BBB9BEBBC00E
:106D2000BEC1C2C4C4C6C7C8CACACCCDD0D1D2D2D3
:106D3000D7D6DAD9DEDD6769FFFFFFFFFFFFFFFF70
:106D40005355595BAAA9A09F9B9C9899949594959B
:106D50009B9DA0A49EA2DBDCFFFFFFFFFFFFFFFFC8
:106D6000FFFFFFFFFFFFFFFFFFFFFFFFFFFFFFFF33
:106D7000FFFFFFFFFFFFFFFF7E7E7B7BFFFF7F7F2D
:106D80007F7FFFFF7B7B7C7CFFFFFFFF6565616191
:106D9000A0A0B4B3C0BECBC8D5D1DDD9E3DEE9E550
:106DA000FFFC9393FFFFFFFFFFFFFFFFFFFF4A4A38
:106DB0005F5FFFFFFDF9FDF6FBF6FAF6F7F3F6F27B
:106DC000F5F1F4F1F4F0F2EFF1ECF0EBEDE8EBE7D4
:106DD000E9E5E8E4E5E2E5E0E2DDE2DCE1DBDFDA9B
:106DE000DCD8DBD7DAD6D8D3D8D3D4D0D3CFD1CD53
:106DF000D0CCCECBCCC8CAC7C9C4C7C3C5C1C3C019
:106E0000C2BEC0BDBEBBBCBABBB8B9B6B7B5B4B2E2
:106E1000B2B1B1AFAFAEACACACAAA9A8A8A7A5A4BB
:106E2000A3A3A2A2A0A19E9E9B9C9B9B979A97978F
:106E30009394929391939193929392929294929429
:106E40009294929492949394939493949495949509
:106E50009495949596969496969798989899979ACB
:106E6000989B999A9A9C9C9C9C9D9E9D9FA0A0A05B
:106E7000A2A2A2A3A3A4A4A6A5A8A9A8AAABABABAF
:106E8000AEAEAFAEB1B1B3B3B6B5B8B7BAB9BDBCBB
:106E9000C0BDC2C0C4C3C7C5C9C8CDCBD0CED3D175
:106EA000D6D4DAD8DEDAE0DFE5E4696AFFFFFFFF77
:106EB000FFFFFFFF47475F5FB8B6ACAAA8A6A3A233
:106EC0009F9E9A9A9B9BA2A29FA1DBDBFFFFFFFFE5
:106ED000FFFFFFFFFFFFFFFFFFFFFFFFFFFFFFFFC2
:106EE000FFFFFFFFFFFFFFFFFFFFFFFF7E807B7CB9
:106EF000FFFF7F807F80FFFF7B7E7C7EFFFFFFFFA9
:106F000065676162A0A6B3B8BEC1C8CAD1D2D9D7DD
:106F1000DEDDE5E3FCF79395FFFFFFFFFFFFFFFFDB
:106F2000FFFF4A4C5F60FFF8F9F1F6F2F6F0F6F079
:106F3000F3EDF2EDF1EDF1EBF0EBEFEAECE8EBE77E
:106F4000E8E5E7E3E5E2E4E1E2DEE0DEDDDADCDC31
:106F5000DBD9DAD8D8D7D7D6D6D5D3D2D3D1D0D1DA
:106F6000CFCFCDCFCCCDCBCCC8CAC7C8C4C6C3C584
:106F7000C1C3C0C3BEC2BDC0BBBEBABDB8BBB6B93B
:106F8000B5B9B2B7B1B5AFB3AEB2ACB0AAAFA8ADF8
:106F9000A7ABA4AAA3A9A2A8A1A79EA59CA39BA3B3
:106FA0009AA1979F949E939D939B939B939B929B57
:106FB000949C949D949D949D949D949D949D949D4A
:106FC000959D959D959E959D969F969F979F989F21
:106FD00099A09AA19BA29AA29CA39CA39DA49DA4C4
:106FE000A0A6A0A7A2A7A3A9A4AAA6ABA8ACA8AE36
:106FF000ABB0ABB1AEB2AEB3B1B6B3B8B5B9B7BA68
:10700000B9BDBCBFBDC1C0C4C3C6C5C8C8CACBCD4D
:10701000CECFD1D1D4D5D8D9DADADFDEE4E26A6CCA
:10702000FFFFFFFFFFFFFFFF474A5F60B6B6AAAB57
:10703000A6A7A2A39E9F9A9B9B9CA2A4A1A4DBDAD5
:10704000FFFFFFFFFFFFFFFFFFFFFFFFFFFFFFFF50
:10705000FFFFFFFFFFFFFFFFFFFFFFFFFFFFFFFF40
:10706000FFFFFFFFFFFFFFFFFFFFFFFFFFFFFFFF30
:10707000FFFFFFFFFFFF79795F5F5E5E5E5E5D5D34
:107080005D5D5C5D5C5C5C5C5C5C9C9CFFFFFFFF31
:10709000FFFFFFFFFFFFFFFF5959434342424242B8
:1070A00042424242424242434243434343434343B8
:1070B00043434343434343434343434343434343A0
:1070C0004344434444444444444444444444444482
:1070D000444444444444444444444445444545456C
:1070E0004545454545454545454545454545454550
:1070F0004545454546464646464646464646464634
:107100004646464646464646464747474747474718
:1071100047474747474747474747474747474747FF
:1071200047474747474747474747474747474747EF
:1071300047474747474747474747474747474747DF
:1071400047474747474747474747474747474747CF
:1071500047474747474747474747474646464646C4
:1071600046464646464646464646464646464646BF
:1071700046464646454545454545454545454545BB
:1071800045454545444444444444444444444444BB
:1071900043434545FFFFFFFFFFFFFFFFFFFF55553F
:1071A0004A4A4A4A4A4A4A4A4B4A4B4B4B4B4B4B38
:1071B0004B4BD7D7FFFFFFFFFFFFFFFFFFFFFFFF97
:1071C000FFFFFFFFFFFFFFFFFFFFFFFFFFFFFFFFCF
:1071D000FFFFFFFFFFFFFFFFFFFFFFFFFFFFFFFFBF
:1071E000FFFFFFFFFFFFFFFFFFFF797B5F615E6037
:1071F0005E605D5F5D5F5D5F5C5F5C5E5C5E9C9D35
:10720000FFFFFFFFFFFFFFFFFFFFFFFF595B43454E
:107210004245424542454245424543454345434533
:107220004345434543464346434643464346434618
:107230004346434644464446444644464446444600
:1072400044464447444744474447444744474547E6
:1072500045474547454745474547454745474547CE
:1072600045484548454845484648464846484648B2
:10727000464846484648464846484648474847499B
:10728000474947494749474947494749474947497E
:10729000474947494749474947494749474947496E
:1072A000474947494749474947494749474947495E
:1072B000474947494749474947494749474947494E
:1072C000474947494749474947494749474946493F
:1072D000464846484648464846484648464846483E
:1072E0004648464846484648454845474547454735
:1072F0004547454745474547444744474446444634
:107300004446444643464547FFFFFFFFFFFFFFFF5C
:10731000FFFF55564A4C4A4C4A4D4A4D4A4D4B4D3B
:107320004B4D4B4D4B4ED7D7FFFFFFFFFFFFFFFFEE
:10733000FFFFFFFFFFFFFFFFFFFFFFFFFFFFFFFF5D
:10734000FFFFFFFFFFFFFFFFFFFFFFFFFFFFFFFF4D
:10735000FFFFFFFFFFFFFFFFFFFFFFFFFFFFFFFF3D
:10736000FFFFFFFFFFFFFFFFFFFFFFFFFFFFFFFF2D
:10737000FFFFFFFFFFFFFFFFFFFFFFFFFFFFFFFF1D
:10738000FFFFFFFFFFFFFFFFFFFFFFFFFFFFFFFF0D
:10739000FFFFFFFFFFFFFFFFFFFFFFFFFFFFFFFFFD
:1073A000FFFFFFFFFFFFFFFFFFFFFFFFFFFFFFFFED
:1073B000FFFFFFFFFFFFFFFFFFFFFFFFFFFFFFFFDD
:1073C000FFFFFFFFFFFFFFFFFFFFFFFFFFFFFFFFCD
:1073D000FFFFFFFFFFFFFFFFFFFFFFFFFFFFFFFFBD
:1073E000FFFFFFFFFFFFFFFFFFFFFFFFFFFFFFFFAD
:1073F000FFFFFFFFFFFFFFFFFFFFFFFFFFFFFFFF9D
:10740000FFFFFFFFFFFFFFFFFFFFFFFFFFFFFFFF8C
:10741000FFFFFFFFFFFFFFFFFFFFFFFFFFFFFFFF7C
:10742000FFFFFFFFFFFFFFFFFFFFFFFFFFFFFFFF6C
:10743000FFFFFFFFFFFFFFFFFFFFFFFFFFFFFFFF5C
:10744000FFFFFFFFFFFFFFFFFFFFFFFFFFFFFFFF4C
:10745000FFFFFFFFFFFFFFFFFFFFFFFFFFFFFFFF3C
:10746000FFFFFFFFFFFFFFFFFFFFFFFFFFFFFFFF2C
:10747000FFFFFFFFFFFFFFFFFFFFFFFFFFFFFFFF1C
:10748000FFFFFFFFFFFFFFFFFFFFFFFFFFFFFFFF0C
:10749000FFFFFFFFFFFFFFFFFFFFFFFFFFFFFFFFFC
:1074A000FFFFFFFFFFFFFFFFFFFFFFFFFFFFFFFFEC
:1074B000FFFFFFFFFFFFFFFFFFFFFFFFFFFFFFFFDC
:1074C000FFFFFFFFFFFFFFFFFFFFFFFFFFFFFFFFCC
:1074D000FFFFFFFFFFFFFFFFFFFFFFFFFFFFFFFFBC
:1074E000FFFFFFFFFFFFFFFFFFFFFFFFFFFFFFFFAC
:1074F000FFFFFFFFFFFFFFFFFFFFFFFFFFFFFFFF9C
:10750000FFFFFFFFFFFFFFFFFFFFFFFFFFFFFFFF8B
:10751000FFFFFFFFFFFFFFFFFFFFFFFFFFFFFFFF7B
:10752000FFFFFFFFFFFFFFFFFFFFFFFFFFFFFFFF6B
:10753000FFFFFFFFFFFFFFFFFFFFFFFFFFFFFFFF5B
:10754000FFFFFFFFFFFFFFFFFFFFFFFFFFFFFFFF4B
:10755000FFFFFFFFFFFFFFFFFFFFFFFFFFFFFFFF3B
:10756000FFFFFFFFFFFFFFFFFFFFFFFFFFFFFFFF2B
:10757000FFFFFFFFFFFFFFFFFFFFFFFFFFFFFFFF1B
:10758000FFFFFFFFFFFFFFFFFFFFFFFFFFFFFFFF0B
:10759000FFFFFFFFFFFFFFFFFFFFFFFFFFFFFFFFFB
:1075A000FFFFFFFFFFFFFFFFFFFFFFFFFFFFFFFFEB
:1075B000FFFFFFFFFFFFFFFFFFFFFFFFFFFFFFFFDB
:1075C000FFFFFFFFFFFFFFFFFFFFFFFFFFFFFFFFCB
:1075D000FFFFFFFFFFFFFFFFFFFFFFFFFFFFFFFFBB
:1075E000FFFFFFFFFFFFFFFFFFFFFFFFFFFFFFFFAB
:1075F000FFFFFFFFFFFFFFFFFFFFFFFFFFFFFFFF9B
:10760000FFFFFFFFFFFFFFFFFFFFFFFFFFFFFFFF8A
:10761000FFFFFFFFFFFFFFFFFFFFFFFFFFFFFFFF7A
:10762000FFFFFFFFFFFFFFFFFFFFFFFFFFFFFFFF6A
:10763000FFFFFFFFFFFFFFFFFFFFFFFFFFFFFFFF5A
:10764000FFFFFFFFFFFFFFFFFFFFFFFFFFFFFFFF4A
:10765000FFFFFFFFFFFFFFFFFFFFFFFFFFFFFFFF3A
:10766000FFFFFFFFFFFFFFFFFFFFFFFFFFFFFFFF2A
:10767000FFFFFFFFFFFFFFFFFFFFFFFFFFFFFFFF1A
:10768000FFFFFFFFFFFFFFFFFFFFFFFFFFFFFFFF0A
:10769000FFFFFFFFFFFFFFFFFFFFFFFFFFFFFFFFFA
:1076A000FFFFFFFFFFFFFFFFFFFFFFFFFFFFFFFFEA
:1076B000FFFFFFFFFFFFFFFFFFFFFFFFFFFFFFFFDA
:1076C000FFFFFFFFFFFFFFFFFFFFFFFFFFFFFFFFCA
:1076D000FFFFFFFFFFFFFFFFFFFFFFFFFFFFFFFFBA
:1076E000FFFFFFFFFFFFFFFFFFFFFFFFFFFFFFFFAA
:1076F000FFFFFFFFFFFFFFFFFFFFFFFFFFFFFFFF9A
:10770000FFFFFFFFFFFFFFFFFFFFFFFFFFFFFFFF89
:10771000FFFFFFFFFFFFFFFFFFFFFFFFFFFFFFFF79
:10772000FFFFFFFFFFFFFFFFFFFFFFFFFFFFFFFF69
:10773000FFFFFFFFFFFFFFFFFFFFFFFFFFFFFFFF59
:10774000FFFFFFFFFFFFFFFFFFFFFFFFFFFFFFFF49
:10775000FFFFFFFFFFFFFFFFFFFFFFFFFFFFFFFF39
:10776000FFFFFFFFFFFFFFFFFFFFFFFFFFFFFFFF29
:10777000FFFFFFFFFFFFFFFFFFFFFFFFFFFFFFFF19
:10778000FFFFFFFFFFFFFFFFFFFFFFFFFFFFFFFF09
:10779000FFFFFFFFFFFFFFFFFFFFFFFFFFFFFFFFF9
:1077A000FFFFFFFFFFFFFFFFFFFFFFFFFFFFFFFFE9
:1077B000FFFFFFFFFFFFFFFFFFFFFFFFFFFFFFFFD9
:1077C000FFFFFFFFFFFFFFFFFFFFFFFFFFFFFFFFC9
:1077D000FFFFFFFFFFFFFFFFFFFFFFFFFFFFFFFFB9
:1077E000FFFFFFFFFFFFFFFFFFFFFFFFFFFFFFFFA9
:1077F000FFFFFFFFFFFFFFFFFFFFFFFFFFFFFFFF99
:10780000FFFFFFFFFFFFFFFFFFFFFFFFFFFFFFFF88
:10781000FFFFFFFFFFFFFFFFFFFFFFFFFFFFFFFF78
:10782000FFFFFFFFFFFFFFFFFFFFFFFFFFFFFFFF68
:10783000FFFFFFFFFFFFFFFFFFFFFFFFFFFFFFFF58
:10784000FFFFFFFFFFFFFFFFFFFFFFFFFFFFFFFF48
:10785000FFFFFFFFFFFFFFFFFFFFFFFFFFFFFFFF38
:10786000FFFFFFFFFFFFFFFFFFFFFFFFFFFFFFFF28
:10787000FFFFFFFFFFFFFFFFFFFFFFFFFFFFFFFF18
:10788000FFFFFFFFFFFFFFFFFFFFFFFFFFFFFFFF08
:10789000FFFFFFFFFFFFFFFFFFFFFFFFFFFFFFFFF8
:1078A000FFFFFFFFFFFFFFFFFFFFFFFFFFFFFFFFE8
:1078B000FFFFFFFFFFFFFFFFFFFFFFFFFFFFFFFFD8
:1078C000FFFFFFFFFFFFFFFFFFFFFFFFFFFFFFFFC8
:1078D000FFFFFFFFFFFFFFFFFFFFFFFFFFFFFFFFB8
:1078E000FFFFFFFFFFFFFFFFFFFFFFFFFFFFFFFFA8
:1078F000FFFFFFFFFFFFFFFFFFFFFFFFFFFFFFFF98
:10790000FFFFFFFFFFFFFFFFFFFFFFFFFFFFFFFF87
:10791000FFFFFFFFFFFFFFFFFFFFFFFFFFFFFFFF77
:10792000FFFFFFFFFFFFFFFFFFFFFFFFFFFFFFFF67
:10793000FFFFFFFFFFFFFFFFFFFFFFFFFFFFFFFF57
:10794000FFFFFFFFFFFFFFFFFFFFFFFFFFFFFFFF47
:10795000FFFFFFFFFFFFFFFFFFFFFFFFFFFFFFFF37
:10796000FFFFFFFFFFFFFFFFFFFFFFFFFFFFFFFF27
:10797000FFFFFFFFFFFFFFFFFFFFFFFFFFFFFFFF17
:10798000FFFFFFFFFFFFFFFFFFFFFFFFFFFFFFFF07
:10799000FFFFFFFFFFFFFFFFFFFFFFFFFFFFFFFFF7
:1079A000FFFFFFFFFFFFFFFFFFFFFFFFFFFFFFFFE7
:1079B000FFFFFFFFFFFFFFFFFFFFFFFFFFFFFFFFD7
:1079C000FFFFFFFFFFFFFFFFFFFFFFFFFFFFFFFFC7
:1079D000FFFFFFFFFFFFFFFFFFFFFFFFFFFFFFFFB7
:1079E000FFFFFFFFFFFFFFFFFFFFFFFFFFFFFFFFA7
:1079F000FFFFFFFFFFFFFFFFFFFFFFFFFFFFFFFF97
:107A0000FFFFFFFFFFFFFFFFFFFFFFFFFFFFFFFF86
:107A1000FFFFFFFFFFFFFFFFFFFFFFFFFFFFFFFF76
:107A2000FFFFFFFFFFFFFFFFFFFFFFFFFFFFFFFF66
:107A3000FFFFFFFFFFFFFFFFFFFFFFFFFFFFFFFF56
:107A4000FFFFFFFFFFFFFFFFFFFFFFFFFFFFFFFF46
:107A5000FFFFFFFFFFFFFFFFFFFFFFFFFFFFFFFF36
:107A6000FFFFFFFFFFFFFFFFFFFFFFFFFFFFFFFF26
:107A7000FFFFFFFFFFFFFFFFFFFFFFFFFFFFFFFF16
:107A8000FFFFFFFFFFFFFFFFFFFFFFFFFFFFFFFF06
:107A9000FFFFFFFFFFFFFFFFFFFFFFFFFFFFFFFFF6
:107AA000FFFFFFFFFFFFFFFFFFFFFFFFFFFFFFFFE6
:107AB000FFFFFFFFFFFFFFFFFFFFFFFFFFFFFFFFD6
:107AC000FFFFFFFFFFFFFFFFFFFFFFFFFFFFFFFFC6
:107AD000FFFFFFFFFFFFFFFFFFFFFFFFFFFFFFFFB6
:107AE000FFFFFFFFFFFFFFFFFFFFFFFFFFFFFFFFA6
:107AF000FFFFFFFFFFFFFFFFFFFFFFFFFFFFFFFF96
:107B0000FFFFFFFFFFFFFFFFFFFFFFFFFFFFFFFF85
:107B1000FFFFFFFFFFFFFFFFFFFFFFFFFFFFFFFF75
:107B2000FFFFFFFFFFFFFFFFFFFFFFFFFFFFFFFF65
:107B3000FFFFFFFFFFFFFFFFFFFFFFFFFFFFFFFF55
:107B4000FFFFFFFFFFFFFFFFFFFFFFFFFFFFFFFF45
:107B5000FFFFFFFFFFFFFFFFFFFFFFFFFFFFFFFF35
:107B6000FFFFFFFFFFFFFFFFFFFFFFFFFFFFFFFF25
:107B7000FFFFFFFFFFFFFFFFFFFFFFFFFFFFFFFF15
:107B8000FFFFFFFFFFFFFFFFFFFFFFFFFFFFFFFF05
:107B9000FFFFFFFFFFFFFFFFFFFFFFFFFFFFFFFFF5
:107BA000FFFFFFFFFFFFFFFFFFFFFFFFFFFFFFFFE5
:107BB000FFFFFFFFFFFFFFFFFFFFFFFFFFFFFFFFD5
:107BC000FFFFFFFFFFFFFFFFFFFFFFFFFFFFFFFFC5
:107BD000FFFFFFFFFFFFFFFFFFFFFFFFFFFFFFFFB5
:107BE000FFFFFFFFFFFFFFFFFFFFFFFFFFFFFFFFA5
:107BF000FFFFFFFFFFFFFFFFFFFFFFFFFFFFFFFF95
:107C0000FFFFFFFFFFFFFFFFFFFFFFFFFFFFFFFF84
:107C1000FFFFFFFFFFFFFFFFFFFFFFFFFFFFFFFF74
:107C2000FFFFFFFFFFFFFFFFFFFFFFFFFFFFFFFF64
:107C3000FFFFFFFFFFFFFFFFFFFFFFFFFFFFFFFF54
:107C4000FFFFFFFFFFFFFFFFFFFFFFFFFFFFFFFF44
:107C5000FFFFFFFFFFFFFFFFFFFFFFFFFFFFFFFF34
:107C6000FFFFFFFFFFFFFFFFFFFFFFFFFFFFFFFF24
:107C7000FFFFFFFFFFFFFFFFFFFFFFFFFFFFFFFF14
:107C8000FFFFFFFFFFFFFFFFFFFFFFFFFFFFFFFF04
:107C9000FFFFFFFFFFFFFFFFFFFFFFFFFFFFFFFFF4
:107CA000FFFFFFFFFFFFFFFFFFFFFFFFFFFFFFFFE4
:107CB000FFFFFFFFFFFFFFFFFFFFFFFFFFFFFFFFD4
:107CC000FFFFFFFFFFFFFFFFFFFFFFFFFFFFFFFFC4
:107CD000FFFFFFFFFFFFFFFFFFFFFFFFFFFFFFFFB4
:107CE000FFFFFFFFFFFFFFFFFFFFFFFFFFFFFFFFA4
:107CF000FFFFFFFFFFFFFFFFFFFFFFFFFFFFFFFF94
:107D0000FFFFFFFFFFFFFFFFFFFFFFFFFFFFFFFF83
:107D1000FFFFFFFFFFFFFFFFFFFFFFFFFFFFFFFF73
:107D2000FFFFFFFFFFFFFFFFFFFFFFFFFFFFFFFF63
:107D3000FFFFFFFFFFFFFFFFFFFFFFFFFFFFFFFF53
:107D4000FFFFFFFFFFFFFFFFFFFFFFFFFFFFFFFF43
:107D5000FFFFFFFFFFFFFFFFFFFFFFFFFFFFFFFF33
:107D6000FFFFFFFFFFFFFFFFFFFFFFFFFFFFFFFF23
:107D7000FFFFFFFFFFFFFFFFFFFFFFFFFFFFFFFF13
:107D8000FFFFFFFFFFFFFFFFFFFFFFFFFFFFFFFF03
:107D9000FFFFFFFFFFFFFFFFFFFFFFFFFFFFFFFFF3
:107DA000FFFFFFFFFFFFFFFFFFFFFFFFFFFFFFFFE3
:107DB000FFFFFFFFFFFFFFFFFFFFFFFFFFFFFFFFD3
:107DC000FFFFFFFFFFFFFFFFFFFFFFFFFFFFFFFFC3
:107DD000FFFFFFFFFFFFFFFFFFFFFFFFFFFFFFFFB3
:107DE000FFFFFFFFFFFFFFFFFFFFFFFFFFFFFFFFA3
:107DF000FFFFFFFFFFFFFFFFFFFFFFFFFFFFFFFF93
:107E0000FFFFFFFFFFFFFFFFFFFFFFFFFFFFFFFF82
:107E1000FFFFFFFFFFFFFFFFFFFFFFFFFFFFFFFF72
:107E2000FFFFFFFFFFFFFFFFFFFFFFFFFFFFFFFF62
:107E3000FFFFFFFFFFFFFFFFFFFFFFFFFFFFFFFF52
:107E4000FFFFFFFFFFFFFFFFFFFFFFFFFFFFFFFF42
:107E5000FFFFFFFFFFFFFFFFFFFFFFFFFFFFFFFF32
:107E6000FFFFFFFFFFFFFFFFFFFFFFFFFFFFFFFF22
:107E7000FFFFFFFFFFFFFFFFFFFFFFFFFFFFFFFF12
:107E8000FFFFFFFFFFFFFFFFFFFFFFFFFFFFFFFF02
:107E9000FFFFFFFFFFFFFFFFFFFFFFFFFFFFFFFFF2
:107EA000FFFFFFFFFFFFFFFFFFFFFFFFFFFFFFFFE2
:107EB000FFFFFFFFFFFFFFFFFFFFFFFFFFFFFFFFD2
:107EC000FFFFFFFFFFFFFFFFFFFFFFFFFFFFFFFFC2
:107ED000FFFFFFFFFFFFFFFFFFFFFFFFFFFFFFFFB2
:107EE000FFFFFFFFFFFFFFFFFFFFFFFFFFFFFFFFA2
:107EF000FFFFFFFFFFFFFFFFFFFFFFFFFFFFFFFF92
:107F0000FFFFFFFFFFFFFFFFFFFFFFFFFFFFFFFF81
:107F1000FFFFFFFFFFFFFFFFFFFFFFFFFFFFFFFF71
:107F2000FFFFFFFFFFFFFFFFFFFFFFFFFFFFFFFF61
:107F3000FFFFFFFFFFFFFFFFFFFFFFFFFFFFFFFF51
:107F4000FFFFFFFFFFFFFFFFFFFFFFFFFFFFFFFF41
:107F5000FFFFFFFFFFFFFFFFFFFFFFFFFFFFFFFF31
:107F6000FFFFFFFFFFFFFFFFFFFFFFFFFFFFFFFF21
:107F7000FFFFFFFFFFFFFFFFFFFFFFFFFFFFFFFF11
:107F8000FFFFFFFFFFFFFFFFFFFFFFFFFFFFFFFF01
:107F9000FFFFFFFFFFFFFFFFFFFFFFFFFFFFFFFFF1
:107FA000FFFFFFFFFFFFFFFFFFFFFFFFFFFFFFFFE1
:107FB000FFFFFFFFFFFFFFFFFFFFFFFFFFFFFFFFD1
:107FC000FFFFFFFFFFFFFFFFFFFFFFFFFFFFFFFFC1
:107FD000FFFFFFFFFFFFFFFFFFFFFFFFFFFFFFFFB1
:107FE000FFFFFFFFFFFFFFFFFFFFFFFFFFFFFFFFA1
:107FF000FFFFFFFFFFFFFFFFFFFFFFFFFFFFFFFF91
:10800000FFFFFFFFFFFFFFFFFFFFFFFFFFFFFFFF80
:10801000FFFFFFFFFFFFFFFFFFFFFFFFFFFFFFFF70
:10802000FFFFFFFFFFFFFFFFFFFFFFFFFFFFFFFF60
:10803000FFFFFFFFFFFFFFFFFFFFFFFFFFFFFFFF50
:10804000FFFFFFFFFFFFFFFFFFFFFFFFFFFFFFFF40
:10805000FFFFFFFFFFFFFFFFFFFFFFFFFFFFFFFF30
:10806000FFFFFFFFFFFFFFFFFFFFFFFFFFFFFFFF20
:10807000FFFFFFFFFFFFFFFFFFFFFFFFFFFFFFFF10
:10808000FFFFFFFFFFFFFFFFFFFFFFFFFFFFFFFF00
:10809000FFFFFFFFFFFFFFFFFFFFFFFFFFFFFFFFF0
:1080A000FFFFFFFFFFFFFFFFFFFFFFFFFFFFFFFFE0
:1080B000FFFFFFFFFFFFFFFFFFFFFFFFFFFFFFFFD0
:1080C000FFFFFFFFFFFFFFFFFFFFFFFFFFFFFFFFC0
:1080D000FFFFFFFFFFFFFFFFFFFFFFFFFFFFFFFFB0
:1080E000FFFFFFFFFFFFFFFFFFFFFFFFFFFFFFFFA0
:1080F000FFFFFFFFFFFFFFFFFFFFFFFFFFFFFFFF90
:10810000FFFFFFFFFFFFFFFFFFFFFFFFFFFFFFFF7F
:10811000FFFFFFFFFFFFFFFFFFFFFFFFFFFFFFFF6F
:10812000FFFFFFFFFFFFFFFFFFFFFFFFFFFFFFFF5F
:10813000FFFFFFFFFFFFFFFFFFFFFFFFFFFFFFFF4F
:10814000FFFFFFFFFFFFFFFFFFFFFFFFFFFFFFFF3F
:10815000FFFFFFFFFFFFFFFFFFFFFFFFFFFFFFFF2F
:10816000FFFFFFFFFFFFFFFFFFFFFFFFFFFFFFFF1F
:10817000FFFFFFFFFFFFFFFFFFFFFFFFFFFFFFFF0F
:10818000FFFFFFFFFFFFFFFFFFFFFFFFFFFFFFFFFF
:10819000FFFFFFFFFFFFFFFFFFFFFFFFFFFFFFFFEF
:1081A000FFFFFFFFFFFFFFFFFFFFFFFFFFFFFFFFDF
:1081B000FFFFFFFFFFFFFFFFFFFFFFFFFFFFFFFFCF
:1081C000FFFFFFFFFFFFFFFFFFFFFFFFFFFFFFFFBF
:1081D000FFFFFFFFFFFFFFFFFFFFFFFFFFFFFFFFAF
:1081E000FFFFFFFFFFFFFFFFFFFFFFFFFFFFFFFF9F
:1081F000FFFFFFFFFFFFFFFFFFFFFFFFFFFFFFFF8F
:10820000FFFFFFFFFFFFFFFFFFFFFFFFFFFFFFFF7E
:10821000FFFFFFFFFFFFFFFFFFFFFFFFFFFFFFFF6E
:10822000FFFFFFFFFFFFFFFFFFFFFFFFFFFFFFFF5E
:10823000FFFFFFFFFFFFFFFFFFFFFFFFFFFFFFFF4E
:10824000FFFFFFFFFFFFFFFFFFFFFFFFFFFFFFFF3E
:10825000FFFFFFFFFFFFFFFFFFFFFFFFFFFFFFFF2E
:10826000FFFFFFFFFFFFFFFFFFFFFFFFFFFFFFFF1E
:10827000FFFFFFFFFFFFFFFFFFFFFFFFFFFFFFFF0E
:10828000FFFFFFFFFFFFFFFFFFFFFFFFFFFFFFFFFE
:10829000FFFFFFFFFFFFFFFFFFFFFFFFFFFFFFFFEE
:1082A000FFFFFFFFFFFFFFFFFFFFFFFFFFFFFFFFDE
:1082B000FFFFFFFFFFFFFFFFFFFFFFFFFFFFFFFFCE
:1082C000FFFFFFFFFFFFFFFFFFFFFFFFFFFFFFFFBE
:1082D000FFFFFFFFFFFFFFFFFFFFFFFFFFFFFFFFAE
:1082E000FFFFFFFFFFFFFFFFFFFFFFFFFFFFFFFF9E
:1082F000FFFFFFFFFFFFFFFFFFFFFFFFFFFFFFFF8E
:10830000FFFFFFFFFFFFFFFFFFFFFFFFFFFFFFFF7D
:10831000FFFFFFFFFFFFFFFFFFFFFFFFFFFFFFFF6D
:10832000FFFFFFFFFFFFFFFFFFFFFFFFFFFFFFFF5D
:10833000FFFFFFFFFFFFFFFFFFFFFFFFFFFFFFFF4D
:10834000FFFFFFFFFFFFFFFFFFFFFFFFFFFFFFFF3D
:10835000FFFFFFFFFFFFFFFFFFFFFFFFFFFFFFFF2D
:10836000FFFFFFFFFFFFFFFFFFFFFFFFFFFFFFFF1D
:10837000FFFFFFFFFFFFFFFFFFFFFFFFFFFFFFFF0D
:10838000FFFFFFFFFFFFFFFFFFFFFFFFFFFFFFFFFD
:10839000FFFFFFFFFFFFFFFFFFFFFFFFFFFFFFFFED
:1083A000FFFFFFFFFFFFFFFFFFFFFFFFFFFFFFFFDD
:1083B000FFFFFFFFFFFFFFFFFFFFFFFFFFFFFFFFCD
:1083C000FFFFFFFFFFFFFFFFFFFFFFFFFFFFFFFFBD
:1083D000FFFFFFFFFFFFFFFFFFFFFFFFFFFFFFFFAD
:1083E000FFFFFFFFFFFFFFFFFFFFFFFFFFFFFFFF9D
:1083F000FFFFFFFFFFFFFFFFFFFFFFFFFFFFFFFF8D
:10840000FFFFFFFFFFFFFFFFFFFFFFFFFFFFFFFF7C
:10841000FFFFFFFFFFFFFFFFFFFFFFFFFFFFFFFF6C
:10842000FFFFFFFFFFFFFFFFFFFFFFFFFFFFFFFF5C
:10843000FFFFFFFFFFFFFFFFFFFFFFFFFFFFFFFF4C
:10844000FFFFFFFFFFFFFFFFFFFFFFFFFFFFFFFF3C
:10845000FFFFFFFFFFFFFFFFFFFFFFFFFFFFFFFF2C
:10846000FFFFFFFFFFFFFFFFFFFFFFFFFFFFFFFF1C
:10847000FFFFFFFFFFFFFFFFFFFFFFFFFFFFFFFF0C
:10848000FFFFFFFFFFFFFFFFFFFFFFFFFFFFFFFFFC
:10849000FFFFFFFFFFFFFFFFFFFFFFFFFFFFFFFFEC
:1084A000FFFFFFFFFFFFFFFFFFFFFFFFFFFFFFFFDC
:1084B000FFFFFFFFFFFFFFFFFFFFFFFFFFFFFFFFCC
:1084C000FFFFFFFFFFFFFFFFFFFFFFFFFFFFFFFFBC
:1084D000FFFFFFFFFFFFFFFFFFFFFFFFFFFFFFFFAC
:1084E000FFFFFFFFFFFFFFFFFFFFFFFFFFFFFFFF9C
:1084F000FFFFFFFFFFFFFFFFFFFFFFFFFFFFFFFF8C
:10850000FFFFFFFFFFFFFFFFFFFFFFFFFFFFFFFF7B
:10851000FFFFFFFFFFFFFFFFFFFFFFFFFFFFFFFF6B
:10852000FFFFFFFFFFFFFFFFFFFFFFFFFFFFFFFF5B
:10853000FFFFFFFFFFFFFFFFFFFFFFFFFFFFFFFF4B
:10854000FFFFFFFFFFFFFFFFFFFFFFFFFFFFFFFF3B
:10855000FFFFFFFFFFFFFFFFFFFFFFFFFFFFFFFF2B
:10856000FFFFFFFFFFFFFFFFFFFFFFFFFFFFFFFF1B
:10857000FFFFFFFFFFFFFFFFFFFFFFFFFFFFFFFF0B
:10858000FFFFFFFFFFFFFFFFFFFFFFFFFFFFFFFFFB
:10859000FFFFFFFFFFFFFFFFFFFFFFFFFFFFFFFFEB
:1085A000FFFFFFFFFFFFFFFFFFFFFFFFFFFFFFFFDB
:1085B000FFFFFFFFFFFFFFFFFFFFFFFFFFFFFFFFCB
:1085C000FFFFFFFFFFFFFFFFFFFFFFFFFFFFFFFFBB
:1085D000FFFFFFFFFFFFFFFFFFFFFFFFFFFFFFFFAB
:1085E000FFFFFFFFFFFFFFFFFFFFFFFFFFFFFFFF9B
:1085F000FFFFFFFFFFFFFFFFFFFFFFFFFFFFFFFF8B
:10860000FFFFFFFFFFFFFFFFFFFFFFFFFFFFFFFF7A
:10861000FFFFFFFFFFFFFFFFFFFFFFFFFFFFFFFF6A
:10862000FFFFFFFFFFFFFFFFFFFFFFFFFFFFFFFF5A
:10863000FFFFFFFFFFFFFFFFFFFFFFFFFFFFFFFF4A
:10864000FFFFFFFFFFFFFFFFFFFFFFFFFFFFFFFF3A
:10865000FFFFFFFFFFFFFFFFFFFFFFFFFFFFFFFF2A
:10866000FFFFFFFFFFFFFFFFFFFFFFFFFFFFFFFF1A
:10867000FFFFFFFFFFFFFFFFFFFFFFFFFFFFFFFF0A
:10868000FFFFFFFFFFFFFFFFFFFFFFFFFFFFFFFFFA
:10869000FFFFFFFFFFFFFFFFFFFFFFFFFFFFFFFFEA
:1086A000FFFFFFFFFFFFFFFFFFFFFFFFFFFFFFFFDA
:1086B000FFFFFFFFFFFFFFFFFFFFFFFFFFFFFFFFCA
:1086C000FFFFFFFFFFFFFFFFFFFFFFFFFFFFFFFFBA
:1086D000FFFFFFFFFFFFFFFFFFFFFFFFFFFFFFFFAA
:1086E000FFFFFFFFFFFFFFFFFFFFFFFFFFFFFFFF9A
:1086F000FFFFFFFFFFFFFFFFFFFFFFFFFFFFFFFF8A
:10870000FFFFFFFFFFFFFFFFFFFFFFFFFFFFFFFF79
:10871000FFFFFFFFFFFFFFFFFFFFFFFFFFFFFFFF69
:10872000FFFFFFFFFFFFFFFFFFFFFFFFFFFFFFFF59
:10873000FFFFFFFFFFFFFFFFFFFFFFFFFFFFFFFF49
:10874000FFFFFFFFFFFFFFFFFFFFFFFFFFFFFFFF39
:10875000FFFFFFFFFFFFFFFFFFFFFFFFFFFFFFFF29
:10876000FFFFFFFFFFFFFFFFFFFFFFFFFFFFFFFF19
:10877000FFFFFFFFFFFFFFFFFFFFFFFFFFFFFFFF09
:10878000FFFFFFFFFFFFFFFFFFFFFFFFFFFFFFFFF9
:10879000FFFFFFFFFFFFFFFFFFFFFFFFFFFFFFFFE9
:1087A000FFFFFFFFFFFFFFFFFFFFFFFFFFFFFFFFD9
:1087B000FFFFFFFFFFFFFFFFFFFFFFFFFFFFFFFFC9
:1087C000FFFFFFFFFFFFFFFFFFFFFFFFFFFFFFFFB9
:1087D000FFFFFFFFFFFFFFFFFFFFFFFFFFFFFFFFA9
:1087E000FFFFFFFFFFFFFFFFFFFFFFFFFFFFFFFF99
:1087F000FFFFFFFFFFFFFFFFFFFFFFFFFFFFFFFF89
:10880000FFFFFFFFFFFFFFFFFFFFFFFFFFFFFFFF78
:10881000FFFFFFFFFFFFFFFFFFFFFFFFFFFFFFFF68
:10882000FFFFFFFFFFFFFFFFFFFFFFFFFFFFFFFF58
:10883000FFFFFFFFFFFFFFFFFFFFFFFFFFFFFFFF48
:10884000FFFFFFFFFFFFFFFFFFFFFFFFFFFFFFFF38
:10885000FFFFFFFFFFFFFFFFFFFFFFFFFFFFFFFF28
:10886000FFFFFFFFFFFFFFFFFFFFFFFFFFFFFFFF18
:10887000FFFFFFFFFFFFFFFFFFFFFFFFFFFFFFFF08
:10888000FFFFFFFFFFFFFFFFFFFFFFFFFFFFFFFFF8
:10889000FFFFFFFFFFFFFFFFFFFFFFFFFFFFFFFFE8
:1088A000FFFFFFFFFFFFFFFFFFFFFFFFFFFFFFFFD8
:1088B000FFFFFFFFFFFFFFFFFFFFFFFFFFFFFFFFC8
:1088C000FFFFFFFFFFFFFFFFFFFFFFFFFFFFFFFFB8
:1088D000FFFFFFFFFFFFFFFFFFFFFFFFFFFFFFFFA8
:1088E000FFFFFFFFFFFFFFFFFFFFFFFFFFFFFFFF98
:1088F000FFFFFFFFFFFFFFFFFFFFFFFFFFFFFFFF88
:10890000FFFFFFFFFFFFFFFFFFFFFFFFFFFFFFFF77
:10891000FFFFFFFFFFFFFFFFFFFFFFFFFFFFFFFF67
:10892000FFFFFFFFFFFFFFFFFFFFFFFFFFFFFFFF57
:10893000FFFFFFFFFFFFFFFFFFFFFFFFFFFFFFFF47
:10894000FFFFFFFFFFFFFFFFFFFFFFFFFFFFFFFF37
:10895000FFFFFFFFFFFFFFFFFFFFFFFFFFFFFFFF27
:10896000FFFFFFFFFFFFFFFFFFFFFFFFFFFFFFFF17
:10897000FFFFFFFFFFFFFFFFFFFFFFFFFFFFFFFF07
:10898000FFFFFFFFFFFFFFFFFFFFFFFFFFFFFFFFF7
:10899000FFFFFFFFFFFFFFFFFFFFFFFFFFFFFFFFE7
:1089A000FFFFFFFFFFFFFFFFFFFFFFFFFFFFFFFFD7
:1089B000FFFFFFFFFFFFFFFFFFFFFFFFFFFFFFFFC7
:1089C000FFFFFFFFFFFFFFFFFFFFFFFFFFFFFFFFB7
:1089D000FFFFFFFFFFFFFFFFFFFFFFFFFFFFFFFFA7
:1089E000FFFFFFFFFFFFFFFFFFFFFFFFFFFFFFFF97
:1089F000FFFFFFFFFFFFFFFFFFFFFFFFFFFFFFFF87
:108A0000FFFFFFFFFFFFFFFFFFFFFFFFFFFFFFFF76
:108A1000FFFFFFFFFFFFFFFFFFFFFFFFFFFFFFFF66
:108A2000FFFFFFFFFFFFFFFFFFFFFFFFFFFFFFFF56
:108A3000FFFFFFFFFFFFFFFFFFFFFFFFFFFFFFFF46
:108A4000FFFFFFFFFFFFFFFFFFFFFFFFFFFFFFFF36
:108A5000FFFFFFFFFFFFFFFFFFFFFFFFFFFFFFFF26
:108A6000FFFFFFFFFFFFFFFFFFFFFFFFFFFFFFFF16
:108A7000FFFFFFFFFFFFFFFFFFFFFFFFFFFFFFFF06
:108A8000FFFFFFFFFFFFFFFFFFFFFFFFFFFFFFFFF6
:108A9000FFFFFFFFFFFFFFFFFFFFFFFFFFFFFFFFE6
:108AA000FFFFFFFFFFFFFFFFFFFFFFFFFFFFFFFFD6
:108AB000FFFFFFFFFFFFFFFFFFFFFFFFFFFFFFFFC6
:108AC000FFFFFFFFFFFFFFFFFFFFFFFFFFFFFFFFB6
:108AD000FFFFFFFFFFFFFFFFFFFFFFFFFFFFFFFFA6
:108AE000FFFFFFFFFFFFFFFFFFFFFFFFFFFFFFFF96
:108AF000FFFFFFFFFFFFFFFFFFFFFFFFFFFFFFFF86
:108B0000FFFFFFFFFFFFFFFFFFFFFFFFFFFFFFFF75
:108B1000FFFFFFFFFFFFFFFFFFFFFFFFFFFFFFFF65
:108B2000FFFFFFFFFFFFFFFFFFFFFFFFFFFFFFFF55
:108B3000FFFFFFFFFFFFFFFFFFFFFFFFFFFFFFFF45
:108B4000FFFFFFFFFFFFFFFFFFFFFFFFFFFFFFFF35
:108B5000FFFFFFFFFFFFFFFFFFFFFFFFFFFFFFFF25
:108B6000FFFFFFFFFFFFFFFFFFFFFFFFFFFFFFFF15
:108B7000FFFFFFFFFFFFFFFFFFFFFFFFFFFFFFFF05
:108B8000FFFFFFFFFFFFFFFFFFFFFFFFFFFFFFFFF5
:108B9000FFFFFFFFFFFFFFFFFFFFFFFFFFFFFFFFE5
:108BA000FFFFFFFFFFFFFFFFFFFFFFFFFFFFFFFFD5
:108BB000FFFFFFFFFFFFFFFFFFFFFFFFFFFFFFFFC5
:108BC000FFFFFFFFFFFFFFFFFFFFFFFFFFFFFFFFB5
:108BD000FFFFFFFFFFFFFFFFFFFFFFFFFFFFFFFFA5
:108BE000FFFFFFFFFFFFFFFFFFFFFFFFFFFFFFFF95
:108BF000FFFFFFFFFFFFFFFFFFFFFFFFFFFFFFFF85
:108C0000FFFFFFFFFFFFFFFFFFFFFFFFFFFFFFFF74
:108C1000FFFFFFFFFFFFFFFFFFFFFFFFFFFFFFFF64
:108C2000FFFFFFFFFFFFFFFFFFFFFFFFFFFFFFFF54
:108C3000FFFFFFFFFFFFFFFFFFFFFFFFFFFFFFFF44
:108C4000FFFFFFFFFFFFFFFFFFFFFFFFFFFFFFFF34
:108C5000FFFFFFFFFFFFFFFFFFFFFFFFFFFFFFFF24
:108C6000FFFFFFFFFFFFFFFFFFFFFFFFFFFFFFFF14
:108C7000FFFFFFFFFFFFFFFFFFFFFFFFFFFFFFFF04
:108C8000FFFFFFFFFFFFFFFFFFFFFFFFFFFFFFFFF4
:108C9000FFFFFFFFFFFFFFFFFFFFFFFFFFFFFFFFE4
:108CA000FFFFFFFFFFFFFFFFFFFFFFFFFFFFFFFFD4
:108CB000FFFFFFFFFFFFFFFFFFFFFFFFFFFFFFFFC4
:108CC000FFFFFFFFFFFFFFFFFFFFFFFFFFFFFFFFB4
:108CD000FFFFFFFFFFFFFFFFFFFFFFFFFFFFFFFFA4
:108CE000FFFFFFFFFFFFFFFFFFFFFFFFFFFFFFFF94
:108CF000FFFFFFFFFFFFFFFFFFFFFFFFFFFFFFFF84
:108D0000FFFFFFFFFFFFFFFFFFFFFFFFFFFFFFFF73
:108D1000FFFFFFFFFFFFFFFFFFFFFFFFFFFFFFFF63
:108D2000FFFFFFFFFFFFFFFFFFFFFFFFFFFFFFFF53
:108D3000FFFFFFFFFFFFFFFFFFFFFFFFFFFFFFFF43
:108D4000FFFFFFFFFFFFFFFFFFFFFFFFFFFFFFFF33
:108D5000FFFFFFFFFFFFFFFFFFFFFFFFFFFFFFFF23
:108D6000FFFFFFFFFFFFFFFFFFFFFFFFFFFFFFFF13
:108D7000FFFFFFFFFFFFFFFFFFFFFFFFFFFFFFFF03
:108D8000FFFFFFFFFFFFFFFFFFFFFFFFFFFFFFFFF3
:108D9000FFFFFFFFFFFFFFFFFFFFFFFFFFFFFFFFE3
:108DA000FFFFFFFFFFFFFFFFFFFFFFFFFFFFFFFFD3
:108DB000FFFFFFFFFFFFFFFFFFFFFFFFFFFFFFFFC3
:108DC000FFFFFFFFFFFFFFFFFFFFFFFFFFFFFFFFB3
:108DD000FFFFFFFFFFFFFFFFFFFFFFFFFFFFFFFFA3
:108DE000FFFFFFFFFFFFFFFFFFFFFFFFFFFFFFFF93
:108DF000FFFFFFFFFFFFFFFFFFFFFFFFFFFFFFFF83
:108E0000FFFFFFFFFFFFFFFFFFFFFFFFFFFFFFFF72
:108E1000FFFFFFFFFFFFFFFFFFFFFFFFFFFFFFFF62
:108E2000FFFFFFFFFFFFFFFFFFFFFFFFFFFFFFFF52
:108E3000FFFFFFFFFFFFFFFFFFFFFFFFFFFFFFFF42
:108E4000FFFFFFFFFFFFFFFFFFFFFFFFFFFFFFFF32
:108E5000FFFFFFFFFFFFFFFFFFFFFFFFFFFFFFFF22
:108E6000FFFFFFFFFFFFFFFFFFFFFFFFFFFFFFFF12
:108E7000FFFFFFFFFFFFFFFFFFFFFFFFFFFFFFFF02
:108E8000FFFFFFFFFFFFFFFFFFFFFFFFFFFFFFFFF2
:108E9000FFFFFFFFFFFFFFFFFFFFFFFFFFFFFFFFE2
:108EA000FFFFFFFFFFFFFFFFFFFFFFFFFFFFFFFFD2
:108EB000FFFFFFFFFFFFFFFFFFFFFFFFFFFFFFFFC2
:108EC000FFFFFFFFFFFFFFFFFFFFFFFFFFFFFFFFB2
:108ED000FFFFFFFFFFFFFFFFFFFFFFFFFFFFFFFFA2
:108EE000FFFFFFFFFFFFFFFFFFFFFFFFFFFFFFFF92
:108EF000FFFFFFFFFFFFFFFFFFFFFFFFFFFFFFFF82
:108F0000FFFFFFFFFFFFFFFFFFFFFFFFFFFFFFFF71
:108F1000FFFFFFFFFFFFFFFFFFFFFFFFFFFFFFFF61
:108F2000FFFFFFFFFFFFFFFFFFFFFFFFFFFFFFFF51
:108F3000FFFFFFFFFFFFFFFFFFFFFFFFFFFFFFFF41
:108F4000FFFFFFFFFFFFFFFFFFFFFFFFFFFFFFFF31
:108F5000FFFFFFFFFFFFFFFFFFFFFFFFFFFFFFFF21
:108F6000FFFFFFFFFFFFFFFFFFFFFFFFFFFFFFFF11
:108F7000FFFFFFFFFFFFFFFFFFFFFFFFFFFFFFFF01
:108F8000FFFFFFFFFFFFFFFFFFFFFFFFFFFFFFFFF1
:108F9000FFFFFFFFFFFFFFFFFFFFFFFFFFFFFFFFE1
:108FA000FFFFFFFFFFFFFFFFFFFFFFFFFFFFFFFFD1
:108FB000FFFFFFFFFFFFFFFFFFFFFFFFFFFFFFFFC1
:108FC000FFFFFFFFFFFFFFFFFFFFFFFFFFFFFFFFB1
:108FD000FFFFFFFFFFFFFFFFFFFFFFFFFFFFFFFFA1
:108FE000FFFFFFFFFFFFFFFFFFFFFFFFFFFFFFFF91
:108FF000FFFFFFFFFFFFFFFFFFFFFFFFFFFFFFFF81
:10900000FFFFFFFFFFFFFFFFFFFFFFFFFFFFFFFF70
:10901000FFFFFFFFFFFFFFFFFFFFFFFFFFFFFFFF60
:10902000FFFFFFFFFFFFFFFFFFFFFFFFFFFFFFFF50
:10903000FFFFFFFFFFFFFFFFFFFFFFFFFFFFFFFF40
:10904000FFFFFFFFFFFFFFFFFFFFFFFFFFFFFFFF30
:10905000FFFFFFFFFFFFFFFFFFFFFFFFFFFFFFFF20
:10906000FFFFFFFFFFFFFFFFFFFFFFFFFFFFFFFF10
:10907000FFFFFFFFFFFFFFFFFFFFFFFFFFFFFFFF00
:10908000FFFFFFFFFFFFFFFFFFFFFFFFFFFFFFFFF0
:10909000FFFFFFFFFFFFFFFFFFFFFFFFFFFFFFFFE0
:1090A000FFFFFFFFFFFFFFFFFFFFFFFFFFFFFFFFD0
:1090B000FFFFFFFFFFFFFFFFFFFFFFFFFFFFFFFFC0
:1090C000FFFFFFFFFFFFFFFFFFFFFFFFFFFFFFFFB0
:1090D000FFFFFFFFFFFFFFFFFFFFFFFFFFFFFFFFA0
:1090E000FFFFFFFFFFFFFFFFFFFFFFFFFFFFFFFF90
:1090F000FFFFFFFFFFFFFFFFFFFFFFFFFFFFFFFF80
:10910000FFFFFFFFFFFFFFFFFFFFFFFFFFFFFFFF6F
:10911000FFFFFFFFFFFFFFFFFFFFFFFFFFFFFFFF5F
:10912000FFFFFFFFFFFFFFFFFFFFFFFFFFFFFFFF4F
:10913000FFFFFFFFFFFFFFFFFFFFFFFFFFFFFFFF3F
:10914000FFFFFFFFFFFFFFFFFFFFFFFFFFFFFFFF2F
:10915000FFFFFFFFFFFFFFFFFFFFFFFFFFFFFFFF1F
:10916000FFFFFFFFFFFFFFFFFFFFFFFFFFFFFFFF0F
:10917000FFFFFFFFFFFFFFFFFFFFFFFFFFFFFFFFFF
:10918000FFFFFFFFFFFFFFFFFFFFFFFFFFFFFFFFEF
:10919000FFFFFFFFFFFFFFFFFFFFFFFFFFFFFFFFDF
:1091A000FFFFFFFFFFFFFFFFFFFFFFFFFFFFFFFFCF
:1091B000FFFFFFFFFFFFFFFFFFFFFFFFFFFFFFFFBF
:1091C000FFFFFFFFFFFFFFFFFFFFFFFFFFFFFFFFAF
:1091D000FFFFFFFFFFFFFFFFFFFFFFFFFFFFFFFF9F
:1091E000FFFFFFFFFFFFFFFFFFFFFFFFFFFFFFFF8F
:1091F000FFFFFFFFFFFFFFFFFFFFFFFFFFFFFFFF7F
:10920000FFFFFFFFFFFFFFFFFFFFFFFFFFFFFFFF6E
:10921000FFFFFFFFFFFFFFFFFFFFFFFFFFFFFFFF5E
:10922000FFFFFFFFFFFFFFFFFFFFFFFFFFFFFFFF4E
:10923000FFFFFFFFFFFFFFFFFFFFFFFFFFFFFFFF3E
:10924000FFFFFFFFFFFFFFFFFFFFFFFFFFFFFFFF2E
:10925000FFFFFFFFFFFFFFFFFFFFFFFFFFFFFFFF1E
:10926000FFFFFFFFFFFFFFFFFFFFFFFFFFFFFFFF0E
:10927000FFFFFFFFFFFFFFFFFFFFFFFFFFFFFFFFFE
:10928000FFFFFFFFFFFFFFFFFFFFFFFFFFFFFFFFEE
:10929000FFFFFFFFFFFFFFFFFFFFFFFFFFFFFFFFDE
:1092A000FFFFFFFFFFFFFFFFFFFFFFFFFFFFFFFFCE
:1092B000FFFFFFFFFFFFFFFFFFFFFFFFFFFFFFFFBE
:1092C000FFFFFFFFFFFFFFFFFFFFFFFFFFFFFFFFAE
:1092D000FFFFFFFFFFFFFFFFFFFFFFFFFFFFFFFF9E
:1092E000FFFFFFFFFFFFFFFFFFFFFFFFFFFFFFFF8E
:1092F000FFFFFFFFFFFFFFFFFFFFFFFFFFFFFFFF7E
:10930000FFFFFFFFFFFFFFFFFFFFFFFFFFFFFFFF6D
:10931000FFFFFFFFFFFFFFFFFFFFFFFFFFFFFFFF5D
:10932000FFFFFFFFFFFFFFFFFFFFFFFFFFFFFFFF4D
:10933000FFFFFFFFFFFFFFFFFFFFFFFFFFFFFFFF3D
:10934000FFFFFFFFFFFFFFFFFFFFFFFFFFFFFFFF2D
:10935000FFFFFFFFFFFFFFFFFFFFFFFFFFFFFFFF1D
:10936000FFFFFFFFFFFFFFFFFFFFFFFFFFFFFFFF0D
:10937000FFFFFFFFFFFFFFFFFFFFFFFFFFFFFFFFFD
:10938000FFFFFFFFFFFFFFFFFFFFFFFFFFFFFFFFED
:10939000FFFFFFFFFFFFFFFFFFFFFFFFFFFFFFFFDD
:1093A000FFFFFFFFFFFFFFFFFFFFFFFFFFFFFFFFCD
:1093B000FFFFFFFFFFFFFFFFFFFFFFFFFFFFFFFFBD
:1093C000FFFFFFFFFFFFFFFFFFFFFFFFFFFFFFFFAD
:1093D000FFFFFFFFFFFFFFFFFFFFFFFFFFFFFFFF9D
:1093E000FFFFFFFFFFFFFFFFFFFFFFFFFFFFFFFF8D
:1093F000FFFFFFFFFFFFFFFFFFFFFFFFFFFFFFFF7D
:10940000FFFFFFFFFFFFFFFFFFFFFFFFFFFFFFFF6C
:10941000FFFFFFFFFFFFFFFFFFFFFFFFFFFFFFFF5C
:10942000FFFFFFFFFFFFFFFFFFFFFFFFFFFFFFFF4C
:10943000FFFFFFFFFFFFFFFFFFFFFFFFFFFFFFFF3C
:10944000FFFFFFFFFFFFFFFFFFFFFFFFFFFFFFFF2C
:10945000FFFFFFFFFFFFFFFFFFFFFFFFFFFFFFFF1C
:10946000FFFFFFFFFFFFFFFFFFFFFFFFFFFFFFFF0C
:10947000FFFFFFFFFFFFFFFFFFFFFFFFFFFFFFFFFC
:10948000FFFFFFFFFFFFFFFFFFFFFFFFFFFFFFFFEC
:10949000FFFFFFFFFFFFFFFFFFFFFFFFFFFFFFFFDC
:1094A000FFFFFFFFFFFFFFFFFFFFFFFFFFFFFFFFCC
:1094B000FFFFFFFFFFFFFFFFFFFFFFFFFFFFFFFFBC
:1094C000FFFFFFFFFFFFFFFFFFFFFFFFFFFFFFFFAC
:1094D000FFFFFFFFFFFFFFFFFFFFFFFFFFFFFFFF9C
:1094E000FFFFFFFFFFFFFFFFFFFFFFFFFFFFFFFF8C
:1094F000FFFFFFFFFFFFFFFFFFFFFFFFFFFFFFFF7C
:10950000FFFFFFFFFFFFFFFFFFFFFFFFFFFFFFFF6B
:10951000FFFFFFFFFFFFFFFFFFFFFFFFFFFFFFFF5B
:10952000FFFFFFFFFFFFFFFFFFFFFFFFFFFFFFFF4B
:10953000FFFFFFFFFFFFFFFFFFFFFFFFFFFFFFFF3B
:10954000FFFFFFFFFFFFFFFFFFFFFFFFFFFFFFFF2B
:10955000FFFFFFFFFFFFFFFFFFFFFFFFFFFFFFFF1B
:10956000FFFFFFFFFFFFFFFFFFFFFFFFFFFFFFFF0B
:10957000FFFFFFFFFFFFFFFFFFFFFFFFFFFFFFFFFB
:10958000FFFFFFFFFFFFFFFFFFFFFFFFFFFFFFFFEB
:10959000FFFFFFFFFFFFFFFFFFFFFFFFFFFFFFFFDB
:1095A000FFFFFFFFFFFFFFFFFFFFFFFFFFFFFFFFCB
:1095B000FFFFFFFFFFFFFFFFFFFFFFFFFFFFFFFFBB
:1095C000FFFFFFFFFFFFFFFFFFFFFFFFFFFFFFFFAB
:1095D000FFFFFFFFFFFFFFFFFFFFFFFFFFFFFFFF9B
:1095E000FFFFFFFFFFFFFFFFFFFFFFFFFFFFFFFF8B
:1095F000FFFFFFFFFFFFFFFFFFFFFFFFFFFFFFFF7B
:10960000FFFFFFFFFFFFFFFFFFFFFFFFFFFFFFFF6A
:10961000FFFFFFFFFFFFFFFFFFFFFFFFFFFFFFFF5A
:10962000FFFFFFFFFFFFFFFFFFFFFFFFFFFFFFFF4A
:10963000FFFFFFFFFFFFFFFFFFFFFFFFFFFFFFFF3A
:10964000FFFFFFFFFFFFFFFFFFFFFFFFFFFFFFFF2A
:10965000FFFFFFFFFFFFFFFFFFFFFFFFFFFFFFFF1A
:10966000FFFFFFFFFFFFFFFFFFFFFFFFFFFFFFFF0A
:10967000FFFFFFFFFFFFFFFFFFFFFFFFFFFFFFFFFA
:10968000FFFFFFFFFFFFFFFFFFFFFFFFFFFFFFFFEA
:10969000FFFFFFFFFFFFFFFFFFFFFFFFFFFFFFFFDA
:1096A000FFFFFFFFFFFFFFFFFFFFFFFFFFFFFFFFCA
:1096B000FFFFFFFFFFFFFFFFFFFFFFFFFFFFFFFFBA
:1096C000FFFFFFFFFFFFFFFFFFFFFFFFFFFFFFFFAA
:1096D000FFFFFFFFFFFFFFFFFFFFFFFFFFFFFFFF9A
:1096E000FFFFFFFFFFFFFFFFFFFFFFFFFFFFFFFF8A
:1096F000FFFFFFFFFFFFFFFFFFFFFFFFFFFFFFFF7A
:10970000FFFFFFFFFFFFFFFFFFFFFFFFFFFFFFFF69
:10971000FFFFFFFFFFFFFFFFFFFFFFFFFFFFFFFF59
:10972000FFFFFFFFFFFFFFFFFFFFFFFFFFFFFFFF49
:10973000FFFFFFFFFFFFFFFFFFFFFFFFFFFFFFFF39
:10974000FFFFFFFFFFFFFFFFFFFFFFFFFFFFFFFF29
:10975000FFFFFFFFFFFFFFFFFFFFFFFFFFFFFFFF19
:10976000FFFFFFFFFFFFFFFFFFFFFFFFFFFFFFFF09
:10977000FFFFFFFFFFFFFFFFFFFFFFFFFFFFFFFFF9
:10978000FFFFFFFFFFFFFFFFFFFFFFFFFFFFFFFFE9
:10979000FFFFFFFFFFFFFFFFFFFFFFFFFFFFFFFFD9
:1097A000FFFFFFFFFFFFFFFFFFFFFFFFFFFFFFFFC9
:1097B000FFFFFFFFFFFFFFFFFFFFFFFFFFFFFFFFB9
:1097C000FFFFFFFFFFFFFFFFFFFFFFFFFFFFFFFFA9
:1097D000FFFFFFFFFFFFFFFFFFFFFFFFFFFFFFFF99
:1097E000FFFFFFFFFFFFFFFFFFFFFFFFFFFFFFFF89
:1097F000FFFFFFFFFFFFFFFFFFFFFFFFFFFFFFFF79
:10980000FFFFFFFFFFFFFFFFFFFFFFFFFFFFFFFF68
:10981000FFFFFFFFFFFFFFFFFFFFFFFFFFFFFFFF58
:10982000FFFFFFFFFFFFFFFFFFFFFFFFFFFFFFFF48
:10983000FFFFFFFFFFFFFFFFFFFFFFFFFFFFFFFF38
:10984000FFFFFFFFFFFFFFFFFFFFFFFFFFFFFFFF28
:10985000FFFFFFFFFFFFFFFFFFFFFFFFFFFFFFFF18
:10986000FFFFFFFFFFFFFFFFFFFFFFFFFFFFFFFF08
:10987000FFFFFFFFFFFFFFFFFFFFFFFFFFFFFFFFF8
:10988000FFFFFFFFFFFFFFFFFFFFFFFFFFFFFFFFE8
:10989000FFFFFFFFFFFFFFFFFFFFFFFFFFFFFFFFD8
:1098A000FFFFFFFFFFFFFFFFFFFFFFFFFFFFFFFFC8
:1098B000FFFFFFFFFFFFFFFFFFFFFFFFFFFFFFFFB8
:1098C000FFFFFFFFFFFFFFFFFFFFFFFFFFFFFFFFA8
:1098D000FFFFFFFFFFFFFFFFFFFFFFFFFFFFFFFF98
:1098E000FFFFFFFFFFFFFFFFFFFFFFFFFFFFFFFF88
:1098F000FFFFFFFFFFFFFFFFFFFFFFFFFFFFFFFF78
:10990000FFFFFFFFFFFFFFFFFFFFFFFFFFFFFFFF67
:10991000FFFFFFFFFFFFFFFFFFFFFFFFFFFFFFFF57
:10992000FFFFFFFFFFFFFFFFFFFFFFFFFFFFFFFF47
:10993000FFFFFFFFFFFFFFFFFFFFFFFFFFFFFFFF37
:10994000FFFFFFFFFFFFFFFFFFFFFFFFFFFFFFFF27
:10995000FFFFFFFFFFFFFFFFFFFFFFFFFFFFFFFF17
:10996000FFFFFFFFFFFFFFFFFFFFFFFFFFFFFFFF07
:10997000FFFFFFFFFFFFFFFFFFFFFFFFFFFFFFFFF7
:10998000FFFFFFFFFFFFFFFFFFFFFFFFFFFFFFFFE7
:10999000FFFFFFFFFFFFFFFFFFFFFFFFFFFFFFFFD7
:1099A000FFFFFFFFFFFFFFFFFFFFFFFFFFFFFFFFC7
:1099B000FFFFFFFFFFFFFFFFFFFFFFFFFFFFFFFFB7
:1099C000FFFFFFFFFFFFFFFFFFFFFFFFFFFFFFFFA7
:1099D000FFFFFFFFFFFFFFFFFFFFFFFFFFFFFFFF97
:1099E000FFFFFFFFFFFFFFFFFFFFFFFFFFFFFFFF87
:1099F000FFFFFFFFFFFFFFFFFFFFFFFFFFFFFFFF77
:109A0000FFFFFFFFFFFFFFFFFFFFFFFFFFFFFFFF66
:109A1000FFFFFFFFFFFFFFFFFFFFFFFFFFFFFFFF56
:109A2000FFFFFFFFFFFFFFFFFFFFFFFFFFFFFFFF46
:109A3000FFFFFFFFFFFFFFFFFFFFFFFFFFFFFFFF36
:109A4000FFFFFFFFFFFFFFFFFFFFFFFFFFFFFFFF26
:109A5000FFFFFFFFFFFFFFFFFFFFFFFFFFFFFFFF16
:109A6000FFFFFFFFFFFFFFFFFFFFFFFFFFFFFFFF06
:109A7000FFFFFFFFFFFFFFFFFFFFFFFFFFFFFFFFF6
:109A8000FFFFFFFFFFFFFFFFFFFFFFFFFFFFFFFFE6
:109A9000FFFFFFFFFFFFFFFFFFFFFFFFFFFFFFFFD6
:109AA000FFFFFFFFFFFFFFFFFFFFFFFFFFFFFFFFC6
:109AB000FFFFFFFFFFFFFFFFFFFFFFFFFFFFFFFFB6
:109AC000FFFFFFFFFFFFFFFFFFFFFFFFFFFFFFFFA6
:109AD000FFFFFFFFFFFFFFFFFFFFFFFFFFFFFFFF96
:109AE000FFFFFFFFFFFFFFFFFFFFFFFFFFFFFFFF86
:109AF000FFFFFFFFFFFFFFFFFFFFFFFFFFFFFFFF76
:109B0000FFFFFFFFFFFFFFFFFFFFFFFFFFFFFFFF65
:109B1000FFFFFFFFFFFFFFFFFFFFFFFFFFFFFFFF55
:109B2000FFFFFFFFFFFFFFFFFFFFFFFFFFFFFFFF45
:109B3000FFFFFFFFFFFFFFFFFFFFFFFFFFFFFFFF35
:109B4000FFFFFFFFFFFFFFFFFFFFFFFFFFFFFFFF25
:109B5000FFFFFFFFFFFFFFFFFFFFFFFFFFFFFFFF15
:109B6000FFFFFFFFFFFFFFFFFFFFFFFFFFFFFFFF05
:109B7000FFFFFFFFFFFFFFFFFFFFFFFFFFFFFFFFF5
:109B8000FFFFFFFFFFFFFFFFFFFFFFFFFFFFFFFFE5
:109B9000FFFFFFFFFFFFFFFFFFFFFFFFFFFFFFFFD5
:109BA000FFFFFFFFFFFFFFFFFFFFFFFFFFFFFFFFC5
:109BB000FFFFFFFFFFFFFFFFFFFFFFFFFFFFFFFFB5
:109BC000FFFFFFFFFFFFFFFFFFFFFFFFFFFFFFFFA5
:109BD000FFFFFFFFFFFFFFFFFFFFFFFFFFFFFFFF95
:109BE000FFFFFFFFFFFFFFFFFFFFFFFFFFFFFFFF85
:109BF000FFFFFFFF4B4B50505050505050505050B3
:109C00005050505050505050505050505050505054
:109C10005050505050505050505050505050505044
:109C20005050505050505050505050505050505034
:109C30005050505050505050505050505050505024
:109C40004B4BFFFFFFFFFFFFFFFFFFFFE3E3505022
:109C50005050505050505050505050505050505004
:109C600050505050505050505050505050505050F4
:109C700050505050505050505050505050505050E4
:109C800050505050505050505050505050505050D4
:109C900050505050505050505050505050505050C4
:109CA00050505050505050505050505050505050B4
:109CB00050505050505050505050505050505050A4
:109CC0005050505050505050505050505050505094
:109CD0005050505050505050505050505050505084
:109CE0005050505050505050505050505050505074
:109CF0005050505050505050505050505050505064
:109D00005050505050505050505050505050505053
:109D10005050505050505050505050505050505043
:109D20005050505050505050505050505050505033
:109D30005050505050505050505050505050505023
:109D400050505050505050509494FFFFFFFFFFFF71
:109D5000FFFFFFFFFFFFFFFFFFFFFFFFFFFFFFFF13
:109D6000FFFFFFFFFFFFFFFF4B4D5052505250527D
:109D700050525052505250525052505250525052D3
:109D800050525052505250525052505250525052C3
:109D900050525052505250525052505250525052B3
:109DA00050525052505250525052505250525052A3
:109DB000505250524B4DFFFFFFFFFFFFFFFFFFFFD1
:109DC000E3E350525052505250525052505250525F
:109DD0005052505250525052505250525052505273
:109DE0005052505250525052505250525052505263
:109DF0005052505250525052505250525052505253
:109E00005052505250525052505250525052505242
:109E10005052505250525052505250525052505232
:109E20005052505250525052505250525052505222
:109E30005052505250525052505250525052505212
:109E40005052505250525052505250525052505202
:109E500050525052505250525052505250525052F2
:109E600050525052505250525052505250525052E2
:109E700050525052505250525052505250525052D2
:109E800050525052505250525052505250525052C2
:109E900050525052505250525052505250525052B2
:109EA00050525052505250525052505250525052A2
:109EB0005052505250525052505250539495FFFFAE
:109EC000FFFFFFFFFFFFFFFFFFFFFFFFFFFFFFFFA2
:109ED000FFFFFFFFFFFFFFFFFFFFFFFF5050575641
:109EE000565756575657565756575657565756570A
:109EF00056575657565756575657565756575657FA
:109F000056575657565756575657565756575657E9
:109F100056575657565756575657565756575657D9
:109F2000565756575657565756574747FFFFFFFF46
:109F3000FFFFFFFFE6E655565656565656565656FE
:109F400056565656565656565656565656565656B1
:109F500056565656565656565656565656565656A1
:109F60005656565656565656565656565656565691
:109F70005656565656565656565656565656565681
:109F80005656565656565656565656565656565671
:109F90005656565656565656565656565656565661
:109FA0005656565656565656565656565656565651
:109FB0005656565656565656565656565656565641
:109FC0005656565656565656565656565656565631
:109FD0005656565656565656565656565656565621
:109FE0005656565656565656565656565656565611
:109FF0005656565656565656565656565656565601
:10A0000056565656565656565656565656565656F0
:10A0100056565656565656565656565656565656E0
:10A0200056565656565656565656565656565757CE
:10A0300057579393FFFFFFFFFFFFFFFFFFFFFFFF58
:10A04000FFFFFFFFFFFFFFFFFFFFFFFFFFFFFFFF20
:10A050005052565857595759575957595759575990
:10A060005759575957595759575957595759575970
:10A070005759575957595759575957595759575960
:10A080005759575957595759575957595759575950
:10A090005759575957595759575957595759474960
:10A0A000FFFFFFFFFFFFFFFFE6E5565856585658E3
:10A0B0005658565856585658565856585658565830
:10A0C0005658565856585658565856585658565820
:10A0D0005658565856585658565856585658565810
:10A0E0005658565856585658565856585658565800
:10A0F00056585658565856585658565856585658F0
:10A1000056585658565856585658565856585658DF
:10A1100056585658565856585658565856585658CF
:10A1200056585658565856585658565856585658BF
:10A1300056585658565856585658565856585658AF
:10A14000565856585658565856585658565856589F
:10A15000565856585658565856585658565856588F
:10A16000565856585658565856585658565856587F
:10A17000565856585658565856585658565856586F
:10A18000565856585658565856585658565856585F
:10A19000565856585658565856585658565856584F
:10A1A0005658575957599394FFFFFFFFFFFFFFFF82
:10A1B000FFFFFFFFFFFFFFFFFFFFFFFFFFFFFFFFAF
:10A1C000FFFFFFFF51515B5B5F5F5D5C5C5B5B5C56
:10A1D0005C5C5C5B5B5B5C5B5B5B5B5A5B5A5B5ACE
:10A1E0005A5A59595A5A59595B5A5A5A5A5B5B5BCF
:10A1F0005B5B5B5B5B5B5B5B5B5B5C5B5C5C5D5CA9
:10A200005C5D5C5C5D5D5D5D5C5D5D5D5D5D5D5D82
:10A210005E5D5F5EA6A6FFFFFFFFFFFFE6E6575706
:10A2200056576864676367646764676567646765F2
:10A2300067656864686568656766686668666866B5
:10A240006866686669666966696669666967696796
:10A25000696769676A676A676A6669676A6769677B
:10A260006A686A676A686A686A686A686A686A685F
:10A270006A686A686A686A686A686A686A686A684E
:10A280006A686A686A686A686A686A686A686A683E
:10A290006A6869676A686A686A686A676968696734
:10A2A0006967696669676967696769676966696631
:10A2B0006866686668666966686668666765676531
:10A2C0006865686568656865686568646765676529
:10A2D0006765676467656765676467646765676422
:10A2E0006764676467646764676467646764676416
:10A2F0006764676567646764676568646765686500
:10A3000068656864686567656865686668666966E3
:10A3100069666864666568665152E7E7FFFFFFFF9C
:10A32000FFFFFFFFFFFFFFFFFFFFFFFFFFFFFFFF3D
:10A33000FFFFFFFFFFFFFFFF51535B5D5F605C5E50
:10A340005B5E5C5E5C5D5B5D5B5D5B5D5B5D5A5D4A
:10A350005A5C5A5C5A5C595C5A5C595B5A5C5A5C50
:10A360005B5D5B5D5B5D5B5D5B5E5B5F5B5E5B5E28
:10A370005C5E5C5D5D5E5C5E5D5F5D5E5D5F5D5F06
:10A380005D5E5D5F5D5F5E60A6A8FFFFFFFFFFFF94
:10A39000E6E55759575A64626362646364636562B1
:10A3A000646365636563646265636563666366646D
:10A3B0006664666366636664666366646664666450
:10A3C0006763676367646764676467646665676536
:10A3D0006765676468656765686668656865686617
:10A3E00068656865686668666866686668666866FF
:10A3F00068666866686668666866686668666866ED
:10A4000068666866686567666866686568656765E2
:10A4100068656765676566646765676567656765DD
:10A4200066646664666466646664666466646663DD
:10A4300065636563656365626563656365626463DF
:10A4400065636563656264626562656364636463D2
:10A4500065626462646264626462646264626463CA
:10A4600064626462646265626462646265636463B8
:10A47000656365636562646365636563656366639D
:10A480006663666466636460656066605257E7E6AB
:10A49000FFFFFFFFFFFFFFFFFFFFFFFFFFFFFFFFCC
:10A4A000FFFFFFFFFFFFFFFFFFFFFFFF51515B5B60
:10A4B000DCD8CFCDCBCBC8C5C4C2C2C0BDBCB9B738
:10A4C000B4B4B1B0ADADA8A7A4A39F9E9B9A969536
:10A4D000929299999FA0A3A4A8AAADAFB0B2B3B627
:10A4E000B5B6B7BABABDBFC0C1C2C4C4C6C6CBCB6D
:10A4F000CCCDCFCFD3D1D5D2D6D5D6D4A6A6FFFF3B
:10A50000FFFFFFFFE6E657575254C181BC81C18669
:10A51000C489C58BC98DCB92CE95D096D399D59C45
:10A52000D89DDBA0DFA4E0A6E3A9E6ACE8AEEAB1E3
:10A53000EDB2EEB5F0B6F2B8F4BAF4BBF6BEF6BEC4
:10A54000F7C0F7C1F8C4F8C5F9C6F9C8FAC9FACA1C
:10A55000FACAFACAFACBFBCCFBCCFBCCFBCDFBCDC9
:10A56000FBCDFBCDFBCDFBCDFBCDFBCDFBCDFBCDAB
:10A57000FBCDFBCDFACCFACBF9CAF8C9F8C9F7C7BD
:10A58000F6C6F5C5F4C3F2C1F1BFEFBDEDBBECB942
:10A59000EAB7E9B7E6B3E4B1E1ACE0AADEA7DDA72C
:10A5A000DBA5DAA3D89FD79ED59CD49AD398D19611
:10A5B000D195CF93CE94CD90CD8FCB8FCA8CC98DB2
:10A5C000C88AC889C687C586C585C486C485C3832D
:10A5D000C383C383C484C484C585C686C789C88A27
:10A5E000C98ACB8ECD90CE91D293D396D59BD79C52
:10A5F000DB9FDEA3E1A8E6ACE9B0EDB5F2BBA08C31
:10A600009595FFFFFFFFFFFFFFFFFFFFFFFFFFFF2E
:10A61000FFFFFFFFFFFFFFFFFFFFFFFFFFFFFFFF4A
:10A6200051535B5DD8D6CDCACBC9C5C5C2C1C0BE6A
:10A63000BCBAB7B6B4B4B0B0ADADA7A6A3A29E9F46
:10A640009A9B95969293999DA0A4A4AAAAB2AFB7FB
:10A65000B2BCB6C1B6C2BAC5BDC7C0C9C2CAC4CCF5
:10A66000C6CDCBD1CDD1CFD4D1D5D2D5D5D7D4D6D7
:10A67000A6A8FFFFFFFFFFFFE6E55759545B8127C0
:10A68000812D862F89308B318D33923495339636D8
:10A6900099379C399D3AA03BA43AA63DA93EAC40CF
:10A6A000AE42B143B245B545B646B847BA48BB49D4
:10A6B000BE4DBE52C056C159C45CC560C660C862BA
:10A6C000C966CA68CA69CA6ACB6ACC6CCC6DCC6EE2
:10A6D000CD6DCD6FCD6FCD6FCD6ECD70CD70CD709A
:10A6E000CD70CD70CD6FCD6FCC6ECB6DCA6CC96B9C
:10A6F000C96AC767C667C565C364C161BF5EBD5D22
:10A70000BB5BB958B756B753B351B14DAC4AAA4623
:10A71000A743A740A53FA33E9F3C9E3C9C3A9A3945
:10A720009838963795369335943490338F328F31ED
:10A730008C318D308A2F892E872D862D852C862C65
:10A74000852B832B832B832A842A842B852C862C90
:10A75000892C8A2D8A2E8E2C902F9130933196320F
:10A760009B349C359F36A339A83AAC3BB03EB541EB
:10A77000BB448C619596FFFFFFFFFFFFFFFFFFFFCC
:10A78000FFFFFFFFFFFFFFFFFFFFFFFFFFFFFFFFD9
:10A79000FFFFFFFF50505B5BDFDDD3D0D0CDCBC9D7
:10A7A000C8C7C6C3C1C0BDBBB9B9B5B4B2B1ACAB03
:10A7B000A9A7A4A29F9E9A9A96959393999B9FA0CE
:10A7C000A6A6A8AAADAFB1B3B4B6B4B7B8BABCBD6B
:10A7D000BEC0C1C3C5C5C8C8CACACECDD1CFD4D2E8
:10A7E000D4D3D3D2A6A6FFFFFFFFFFFFE6E657575D
:10A7F0005254C181BD81C186C489C68CCA8DCC9298
:10A80000CF95D096D399D59DD99DDCA0DFA5E1A6A3
:10A81000E4AAE7ADE9AEEBB2EEB2EEB6F0B6F2B84E
:10A82000F5BBF4BCF7BEF6BEF8C0F7C1F9C5F8C673
:10A83000FAC6FAC9FBCAFBCBFBCBFBCAFBCCFCCDEF
:10A84000FCCDFCCDFCCEFCCEFCCEFCCEFCCEFCCEBA
:10A85000FCCEFCCEFCCEFCCEFCCEFCCEFBCDFBCBAE
:10A86000FACAF8C9F9CAF8C7F7C7F6C6F5C4F3C2F9
:10A87000F2BFEFBDEDBBEDBAEBB8EAB7E7B2E5AFBB
:10A88000E3AEE1AADFA7DEA7DCA5DBA3D89FD89FB4
:10A89000D59CD49AD398D197D296CF93CE94CD907D
:10A8A000CE90CC8FCB8DC98DC88BC98AC687C58603
:10A8B000C685C586C585C484C484C383C585C5854E
:10A8C000C686C786C889C98AC98BCC8ECE90CE92DF
:10A8D000D393D396D59BD79DDC9FDFA3E1A9E7ADAA
:10A8E000E9B0EDB5E2B35252FFFFFFFFFFFFFFFFFC
:10A8F000FFFFFFFFFFFFFFFFFFFFFFFFFFFFFFFF68
:10A90000FFFFFFFFFFFFFFFF50535B5DDDD9D0CDA1
:10A91000CDCAC9C7C7C3C3C2C0BEBBBAB9B7B4B337
:10A92000B1B1ABABA7A7A2A39E9E9A99959693941B
:10A930009B9EA0A5A6ACAAB2AFB8B3BDB6C1B7C323
:10A94000BAC5BDC8C0CAC3CDC5CDC8CECAD0CDD288
:10A95000CFD5D2D6D3D7D2D4A6A8FFFFFFFFFFFF13
:10A96000E6E55759545B8127812D862F89308C313C
:10A970008D3392349533963599369D399D3AA03B67
:10A98000A53AA63CAA3DAD40AE42B243B245B6455B
:10A99000B645B846BB47BC48BE4CBE52C056C1586F
:10A9A000C55BC660C660C962CA66CB68CB69CA6A45
:10A9B000CC6ACD6BCD6DCD6ECE6DCE6FCE6FCE6FC2
:10A9C000CE6ECE70CE70CE70CE70CE70CE6FCE6F9B
:10A9D000CD6ECB6CCA6BC96BCA6AC767C767C665E1
:10A9E000C464C261BF5EBD5DBB5BBA58B856B753A5
:10A9F000B250AF4BAE4AAA45A743A740A53FA33EDE
:10AA00009F3B9F3C9C3A9A389838973796359334B9
:10AA10009434903390318F308D318D308B2F8A2D3F
:10AA2000872C862D852B862C852B842B842B8329A4
:10AA30008529852B862C862C892B8A2D8B2E8E2C76
:10AA4000902F9230933196329B349D359F36A339A7
:10AA5000A93AAD3BB03EB541B3505254FFFFFFFFA2
:10AA6000FFFFFFFFFFFFFFFFFFFFFFFFFFFFFFFFF6
:10AA7000FFFFFFFFFFFFFFFFFFFFFFFF53535B5B86
:10AA8000E3E2D7D4D4D0D0CDCBC9C8C6C4C3C1C0EB
:10AA9000BDBBB9B7B5B4B1B0ADADA8A7A4A29F9ED8
:10AAA0009A9A969593939A9A9FA0A5A6A8AAADAFB5
:10AAB000B1B3B4B6B5B7B8B9BCBCBFC0C1C3C5C5E6
:10AAC000C7C7CBCBCECDD1D0D4D1D1D0A6A6FFFF96
:10AAD000FFFFFFFFE6E657575254C181BD81C18693
:10AAE000C489C68CCA8DCC92CF95D096D399D59D6A
:10AAF000D99DDCA0DFA5E1A6E4AAE7ADE9AEEBB203
:10AB0000EEB2EEB6F0B6F2B8F5BBF4BCF7BEF6BEE8
:10AB1000F8C0F7C1F9C5F8C6FAC6FAC9FBCAFBCB3B
:10AB2000FBCBFBCAFBCCFCCDFCCDFCCDFCCEFCCEE4
:10AB3000FCCEFCCEFCCEFCCEFCCEFCCEFCCEFCCEC5
:10AB4000FCCEFCCEFBCDFBCBFACAF8C9F9CAF8C7DC
:10AB5000F7C7F6C6F5C4F3C2F2BFEFBDEDBBEDBA61
:10AB6000EBB8EAB6E7B2E5AFE3AEE1AADFA7DEA74E
:10AB7000DCA5DBA3D89FD89FD59CD49AD398D19736
:10AB8000D296CF93CE94CD90CE90CC8FCB8DC98DD5
:10AB9000C88BC98AC687C586C685C586C585C4844F
:10ABA000C484C383C585C585C686C786C889C98A46
:10ABB000C98BCC8ECE90CE92D393D396D59BD79D76
:10ABC000DC9FDFA3E1A9E7ADE9B0FFC13738FFFFA4
:10ABD000FFFFFFFFFFFFFFFFFFFFFFFFFFFFFFFF85
:10ABE000FFFFFFFFFFFFFFFFFFFFFFFFFFFFFFFF75
:10ABF00053555B5DE2DCD4D1D0CDCDCAC9C7C6C444
:10AC0000C3C0C0BEBBBBB7B7B4B4B0B0ADADA7A7EF
:10AC1000A2A39E9E9A9A959693949A9EA0A4A6AC5F
:10AC2000AAB1AFB8B3BDB6C1B7C3B9C6BCC8C0CA74
:10AC3000C3CCC5CDC7CECBD1CDD2D0D4D1D5D0D336
:10AC4000A6A8FFFFFFFFFFFFE6E55759545B8127EA
:10AC5000812D862F89308C318D3392349533963502
:10AC600099369D399D3AA03BA53AA63CAA3DAD40F8
:10AC7000AE42B243B245B645B645B846BB47BC48FE
:10AC8000BE4CBE52C056C158C55BC660C660C962E4
:10AC9000CA66CB68CB69CA6ACC6ACD6BCD6DCD6E06
:10ACA000CE6DCE6FCE6FCE6FCE6ECE70CE70CE70BC
:10ACB000CE70CE70CE6FCE6FCD6ECB6CCA6BC96BC3
:10ACC000CA6AC767C767C665C464C261BF5EBD5D47
:10ACD000BB5BBA58B855B653B250AF4BAE4AAA4553
:10ACE000A743A740A53FA33E9F3B9F3C9C3A9A3871
:10ACF00098389737963593349434903390318F3019
:10AD00008D318D308B2F8A2D872C862D852B862C8F
:10AD1000852B842B842B83298529852B862C862CB7
:10AD2000892B8A2D8B2E8E2C902F92309331963238
:10AD30009B349D359F36A339A93AAD3BB03EC13D0A
:10AD4000383EFFFFFFFFFFFFFFFFFFFFFFFFFFFF9B
:10AD5000FFFFFFFFFFFFFFFFFFFFFFFFFFFFFFFF03
:10AD6000FFFFFFFF53535B5BE7E3DAD7D6D4D3D0C3
:10AD7000CFCDCBC9C9C6C5C3C1BFBDBBB9B8B5B3BB
:10AD8000B1B0ACABA7A6A3A29E9D9A9A96949393BA
:10AD90009A9AA1A2A5A7A9AAADB0B1B3B3B6B4B807
:10ADA000B9BABCBDBFC0C1C3C5C5C8C8CBCBCECE68
:10ADB000D1D0CFCEA6A6FFFFFFFFFFFFE6E6575795
:10ADC0005254C181BD81C186C489C68CCA8DCC92C2
:10ADD000CF95D096D399D59DD99DDCA0DFA5E1A6CE
:10ADE000E4AAE7ADE9AEEBB2EEB2EEB6F0B6F2B879
:10ADF000F5BBF4BCF7BEF6BEF8C0F7C1F9C5F8C69E
:10AE0000FAC6FAC9FBCAFBCBFBCBFBCAFBCCFCCD19
:10AE1000FCCDFCCDFCCEFCCEFCCEFCCEFCCEFCCEE4
:10AE2000FCCEFCCEFCCEFCCEFCCEFCCEFBCDFBCBD8
:10AE3000FACAF8C9F9CAF8C7F7C7F6C6F5C4F3C223
:10AE4000F2BFF0BDEDBCEBB8EBB8EAB6E7B2E5AFE8
:10AE5000E3AEE1AADFA7DEA7DCA5DBA3D89FD89FDE
:10AE6000D59CD49AD398D197D296CF93CE94CD90A7
:10AE7000CE90CC8FCB8DC98DC88BC98AC687C5862D
:10AE8000C685C586C585C484C484C383C585C58578
:10AE9000C686C786C889C98AC98BCC8ECE90CE9209
:10AEA000D393D396D59BD79DDC9FDFA3E1A9E7ADD4
:10AEB000FEBD3339FFFFFFFFFFFFFFFFFFFFFFFF77
:10AEC000FFFFFFFFFFFFFFFFFFFFFFFFFFFFFFFF92
:10AED000FFFFFFFFFFFFFFFF53555B5DE3DED7D3AF
:10AEE000D4D0D0CDCDCAC9C7C6C3C3C1BFBDBBBAFC
:10AEF000B8B7B3B4B0B0ABABA6A6A2A29D9E9A9AC7
:10AF0000949593959A9FA2A6A7ADAAB2B0B9B3BEE5
:10AF1000B6C1B8C3BAC6BDC8C0CAC3CBC5CDC8CEFA
:10AF2000CBD1CED3D0D4CED2A6A8FFFFFFFFFFFF58
:10AF3000E6E55759545B8127812D862F89308C3166
:10AF40008D3392349533963599369D399D3AA03B91
:10AF5000A53AA63CAA3DAD40AE42B243B245B64585
:10AF6000B645B846BB47BC48BE4CBE52C056C15899
:10AF7000C55BC660C660C962CA66CB68CB69CA6A6F
:10AF8000CC6ACD6BCD6DCD6ECE6DCE6FCE6FCE6FEC
:10AF9000CE6ECE70CE70CE70CE70CE70CE6FCE6FC5
:10AFA000CD6ECB6CCA6BC96BCA6AC767C767C6650B
:10AFB000C464C261BF5EBD5DBC5AB858B856B653D2
:10AFC000B250AF4BAE4AAA45A743A740A53FA33E08
:10AFD0009F3B9F3C9C3A9A389838973796359334E4
:10AFE0009434903390318F308D318D308B2F8A2D6A
:10AFF000872C862D852B862C852B842B842B8329CF
:10B000008529852B862C862C892B8A2D8B2E8E2CA0
:10B01000902F9230933196329B349D359F36A339D1
:10B02000A93AAD3BBD363947FFFFFFFFFFFFFFFFEA
:10B03000FFFFFFFFFFFFFFFFFFFFFFFFFFFFFFFF20
:10B04000FFFFFFFFFFFFFFFFFFFFFFFF53535B5BB0
:10B05000E9E7DDDAD9D7D6D4D3CFCFCCCAC8C8C6B2
:10B06000C5C4C0BFBDBBB8B7B5B5B0AEABAAA7A687
:10B07000A3A29F9E9999959494949B9CA1A1A5A706
:10B08000A9ABADB0B2B4B3B6B5B7B9BABCBDBFC168
:10B09000C2C3C5C6C9C9CCCCCFCDCDCCA6A6FFFFF7
:10B0A000FFFFFFFFE6E657575254C181BD81C186BD
:10B0B000C489C68CCA8DCC92CF95D096D399D59D94
:10B0C000D99DDCA0DFA5E1A6E4AAE7ADE9AEEBB22D
:10B0D000EEB2EEB6F0B6F2B8F5BBF4BCF7BEF6BE13
:10B0E000F8C0F7C1F9C5F8C6FAC6FAC9FBCAFBCB66
:10B0F000FBCBFBCAFBCCFCCDFCCDFCCDFCCEFCCE0F
:10B10000FCCEFCCEFCCEFCCEFCCEFCCEFCCEFCCEEF
:10B11000FCCEFCCEFBCDFBCBFACAF8C9F9CAF8C706
:10B12000F7C7F6C6F5C4F3C2F0C0F0BEEDBCEBB88D
:10B13000EBB8EAB6E7B2E5AFE3AEE1AADFA7DEA778
:10B14000DCA5DBA3D89FD89FD59CD49AD398D19760
:10B15000D296CF93CE94CD90CE90CC8FCB8DC98DFF
:10B16000C88BC98AC687C586C685C586C585C48479
:10B17000C484C383C585C585C686C786C889C98A70
:10B18000C98BCC8ECE90CE92D393D396D59BD79DA0
:10B19000DC9FDFA3E1A9EEB03D45FFFFFFFFFFFF0E
:10B1A000FFFFFFFFFFFFFFFFFFFFFFFFFFFFFFFFAF
:10B1B000FFFFFFFFFFFFFFFFFFFFFFFFFFFFFFFF9F
:10B1C00053555B5DE7E2DAD6D7D4D4D0CFCCCCC927
:10B1D000C8C6C6C4C4C0BFBEBBBAB7B6B5B3AEAEB0
:10B1E000AAAAA6A6A2A29E9E999A949594969C9F7E
:10B1F000A1A6A7ADABB2B0B9B4BEB6C2B7C4BAC609
:10B20000BDC8C1CBC3CDC6CEC9CECCD2CDD2CCD198
:10B21000A6A9FFFFFFFFFFFFE6E55759545B812713
:10B22000812D862F89308C318D339234953396352C
:10B2300099369D399D3AA03BA53AA63CAA3DAD4022
:10B24000AE42B243B245B645B645B846BB47BC4828
:10B25000BE4CBE52C056C158C55BC660C660C9620E
:10B26000CA66CB68CB69CA6ACC6ACD6BCD6DCD6E30
:10B27000CE6DCE6FCE6FCE6FCE6ECE70CE70CE70E6
:10B28000CE70CE70CE6FCE6FCD6ECB6CCA6BC96BED
:10B29000CA6AC767C767C665C464C261C05FBE5D6E
:10B2A000BC5BB858B856B653B250AF4BAE4AAA457D
:10B2B000A743A740A53FA33E9F3B9F3C9C3A9A389B
:10B2C00098389737963593349434903390318F3043
:10B2D0008D318D308B2F8A2D872C862D852B862CBA
:10B2E000852B842B842B83298529852B862C862CE2
:10B2F000892B8A2D8B2E8E2C902F92309331963263
:10B300009B349D359F36A339A93AB0374558FFFF86
:10B31000FFFFFFFFFFFFFFFFFFFFFFFFFFFFFFFF3D
:10B32000FFFFFFFFFFFFFFFFFFFFFFFFFFFFFFFF2D
:10B33000FFFFFFFF52525A5AECE8DFDEDDDAD9D7C1
:10B34000D6D3D3D0CFCCCBC9C7C5C5C3C1C0BCBB76
:10B35000B9B8B4B3AFAEACABA7A6A3A19E9D9A9962
:10B36000949395959B9BA1A3A6A6A9ABAEB0B2B4AE
:10B37000B4B7B5B8B9BABCBDC0C1C2C3C6C6C9C9E5
:10B38000CCCCCACAA6A6FFFFFFFFFFFFE4E45757D5
:10B390005053C181BC81C186C489C58BCA8DCB92F3
:10B3A000CE95D096D399D59CD89DDCA0DFA4E0A6FD
:10B3B000E3A9E6ADE8AEEAB2EDB2EEB5F0B6F2B8AA
:10B3C000F4BAF4BBF6BEF6BEF7C0F7C1F8C5F8C5CF
:10B3D000F9C6F9C8FAC9FACAFACAFACAFACBFBCC52
:10B3E000FBCCFBCCFBCDFBCDFBCDFBCDFBCDFBCD1F
:10B3F000FBCDFBCDFBCDFBCDFBCDFBCDFACCFACB12
:10B40000F9CAF8C9F8C9F7C7F6C6F5C6F3C2F2C259
:10B41000F1BFEFBDEDBBEBB8EAB7E9B5E6B2E4AF1B
:10B42000E2ADE0AADEA7DEA7DBA5DAA3D89FD79E10
:10B43000D59CD49AD398D196D195CF93CE94CD90D4
:10B44000CD8FCB8FCA8CC98DC88AC889C687C5865F
:10B45000C585C486C485C384C384C383C484C484AB
:10B46000C585C786C889C98AC98BCC8ECE90CE9235
:10B47000D393D396D59BD79DDC9FDFA3E3A9575ADF
:10B48000EEEEFFFFFFFFFFFFFFFFFFFFFFFFFFFFEE
:10B49000FFFFFFFFFFFFFFFFFFFFFFFFFFFFFFFFBC
:10B4A000FFFFFFFFFFFFFFFF52545A5CE8E4DED8C6
:10B4B000DAD6D7D3D3D0D0CDCCC9C9C7C5C3C3C0C2
:10B4C000C0BDBBB9B8B6B3B2AEAEABABA6A6A1A277
:10B4D0009D9E9999939495969BA0A3A7A6ACABB477
:10B4E000B0B8B4BEB7C2B8C4BAC6BDC8C1CAC3CC6E
:10B4F000C6CEC9CFCCD2CACFA6A9FFFFFFFFFFFFA0
:10B50000E4E45759535A8127812D862F89308B3196
:10B510008D3392349533963699379C399D3AA03BBA
:10B52000A43AA63DA93EAD40AE42B243B245B545B0
:10B53000B646B847BA48BB48BE4DBE52C056C159C0
:10B54000C55CC560C660C862C966CA68CA69CA6A9D
:10B55000CB6ACC6BCC6DCC6ECD6DCD6FCD6FCD6F1E
:10B56000CD6ECD70CD70CD70CD70CD70CD6FCD6FF7
:10B57000CC6ECB6CCA6BC96BC96AC767C667C66538
:10B58000C262C261BF5FBD5DBB5BB858B756B55301
:10B59000B250AF4BAD4AAA46A743A740A53FA33E32
:10B5A0009F3C9E3C9C3A9A3998389637953693350D
:10B5B000943490338F328F318C318D308A2F892E95
:10B5C000872D862D852C862C852B842B842B832AF6
:10B5D000842A842B852C862C892B8A2D8B2E8E2CCD
:10B5E000902F9230933196329B349D359F36A339FC
:10B5F000A9385A61EEEFFFFFFFFFFFFFFFFFFFFFDC
:10B60000FFFFFFFFFFFFFFFFFFFFFFFFFFFFFFFF4A
:10B61000FFFFFFFFFFFFFFFFFFFFFFFFF7F75F5F8A
:10B620009A9A9594949393919190908F8E8D8C8B00
:10B630008B89898887878686A5A4B8B7B4B3AFAE4F
:10B64000ABAAA7A5A3A29E9D9C9B717173737676EE
:10B6500079797A7A7B7C7D7F7F8080818182838308
:10B66000848586868787888889898989A6A6FFFF39
:10B67000FFFFFFFFFFFFA6A654557C697A687A6A30
:10B680007C6A7C6B7C6C7D6D7E6E7F6F806F817160
:10B6900082728372847384738675867687768777E1
:10B6A00088788879897989798A7A8A7A8B7B8B7B81
:10B6B0008B7C8B7D8C7E8C7E8C7E8C7E8B7F8B7F3F
:10B6C0008B7F8B7F8B7F8D7F8D7F8D7F8D7F8D7F20
:10B6D0008D7F8D7F8D7F8D7F8D7F8D7F8D7F8D7F0A
:10B6E0008D7F8D7F8B7F8B7F8B7F8C7F8C7F8C7E04
:10B6F0008B7E8A7E8A7D897C897C8A7B897B887A1D
:10B700008779877986788677857685768475847457
:10B71000837382728271817281708170806F806F99
:10B720007F6F7F6F7E6F7E6E7E6D7D6D7D6C7D6CBD
:10B730007E6B7E6B7D6B7D6A7D6A7C697C697C69D2
:10B740007C697C697C697C697D6AD28DC889C98A7B
:10B75000C98BCC8ECE90CE92D393D396D59BD79DCA
:10B76000DC9FDEA38F7DA0A0FFFFFFFFFFFFFFFF99
:10B77000FFFFFFFFFFFFFFFFFFFFFFFFFFFFFFFFD9
:10B78000FFFFFFFFFFFFFFFFFFFFFFFFFFFFFFFFC9
:10B79000F7F75F619A9994939392919190908F8E1D
:10B7A0008D8C8B8B8989888987888686A4A5B7B676
:10B7B000B3B2AEAEAAAAA5A5A2A29D9E9B9C717291
:10B7C00073757679797B7A7F7C817F8580868188A5
:10B7D00082898389858A868B878C888D898D898DDE
:10B7E000A6A9FFFFFFFFFFFFFFFFA6A75558694E61
:10B7F00068506A516A536B526C536D556E556F5554
:10B800006F557156725672577358735875597659E9
:10B81000765A775B785A795C795C795B7A5D7A5C89
:10B820007B5E7B5F7C607D617E617E637E637E6428
:10B830007F647F647F657F657F667F657F667F67E6
:10B840007F677F667F667F667F667F667F667F66CF
:10B850007F667F667F667F667F677F657F667F66C0
:10B860007F657E647E657E637D647C637C627B62D3
:10B870007B617A60795F795F785D775D765C765B16
:10B88000755A74597358725871577257705670566A
:10B890006F566F556F556F556F546E546D536D5392
:10B8A0006C536C536B526B516B516A516A506950B7
:10B8B0006950695069506950695069506A528D29C0
:10B8C000892B8A2D8B2E8E2C902F9230933196328D
:10B8D0009B349D359F36A3397D5AA0A1FFFFFFFF02
:10B8E000FFFFFFFFFFFFFFFFFFFFFFFFFFFFFFFF68
:10B8F000FFFFFFFFFFFFFFFFFFFFFFFFFFFFFFFF58
:10B90000FFFFFFFFFFFFFFFFFFFFFFFFFFFFFFFF47
:10B91000FFFFFFFFFFFFFFFFFFFFFFFF49495A5AED
:10B920009392BCBAB8B7B4B3AFAEAAA9A6A5A2A168
:10B93000A4A25252FFFFFFFFFFFFFFFFFFFFFFFF29
:10B94000FFFFFFFFFFFFFFFFFFFFFFFFFFFFFFFF07
:10B95000FFFFFFFFFFFFFFFFFFFFFFFFFFFFFFFFF7
:10B96000FFFFFFFFFFFFFFFFFFFFFFFFFFFFFFFFE7
:10B97000FFFFFFFFFFFFFFFFFFFFFFFFFFFFFFFFD7
:10B98000FFFFFFFFFFFFFFFFFFFFFFFFFFFFFFFFC7
:10B99000FFFFFFFFFFFFFFFFFFFFFFFFFFFFFFFFB7
:10B9A000FFFFFFFFFFFFFFFFFFFFFFFFFFFFFFFFA7
:10B9B000FFFFFFFFFFFFFFFFFFFFFFFFFFFFFFFF97
:10B9C000FFFFFFFFFFFFFFFFFFFFFFFFFFFFFFFF87
:10B9D000FFFFFFFFFFFFFFFFFFFFFFFFFFFFFFFF77
:10B9E000FFFFFFFFFFFFFFFFFFFFFFFFFFFFFFFF67
:10B9F000FFFFFFFFFFFFFFFFFFFFFFFFFFFFFFFF57
:10BA0000FFFFFFFFFFFFFFFFFFFFFFFFFFFFFFFF46
:10BA1000FFFFFFFFFFFFFFFFFFFFFFFFFFFFFFFF36
:10BA2000FFFFFFFFFFFFFFFFFFFFFFFFFFFFFFFF26
:10BA3000C1C14A51D08BC98AC98BCC8ECE90CE92CF
:10BA4000D393D396D59BD79DDC9FC99C6060FFFFA5
:10BA5000FFFFFFFFFFFFFFFFFFFFFFFFFFFFFFFFF6
:10BA6000FFFFFFFFFFFFFFFFFFFFFFFFFFFFFFFFE6
:10BA7000FFFFFFFFFFFFFFFFFFFFFFFFFFFFFFFFD6
:10BA8000FFFFFFFFFFFFFFFFFFFFFFFFFFFFFFFFC6
:10BA9000494B5A5C9293BABAB7B6B3B2AEAEA9A943
:10BAA000A5A6A1A2A2A35254FFFFFFFFFFFFFFFF25
:10BAB000FFFFFFFFFFFFFFFFFFFFFFFFFFFFFFFF96
:10BAC000FFFFFFFFFFFFFFFFFFFFFFFFFFFFFFFF86
:10BAD000FFFFFFFFFFFFFFFFFFFFFFFFFFFFFFFF76
:10BAE000FFFFFFFFFFFFFFFFFFFFFFFFFFFFFFFF66
:10BAF000FFFFFFFFFFFFFFFFFFFFFFFFFFFFFFFF56
:10BB0000FFFFFFFFFFFFFFFFFFFFFFFFFFFFFFFF45
:10BB1000FFFFFFFFFFFFFFFFFFFFFFFFFFFFFFFF35
:10BB2000FFFFFFFFFFFFFFFFFFFFFFFFFFFFFFFF25
:10BB3000FFFFFFFFFFFFFFFFFFFFFFFFFFFFFFFF15
:10BB4000FFFFFFFFFFFFFFFFFFFFFFFFFFFFFFFF05
:10BB5000FFFFFFFFFFFFFFFFFFFFFFFFFFFFFFFFF5
:10BB6000FFFFFFFFFFFFFFFFFFFFFFFFFFFFFFFFE5
:10BB7000FFFFFFFFFFFFFFFFFFFFFFFFFFFFFFFFD5
:10BB8000FFFFFFFFFFFFFFFFFFFFFFFFFFFFFFFFC5
:10BB9000FFFFFFFFFFFFFFFFFFFFFFFFFFFFFFFFB5
:10BBA000FFFFFFFFC1C1515E8B248A2D8B2E8E2C8F
:10BBB000902F9230933196329B349D359F369C481E
:10BBC0006062FFFFFFFFFFFFFFFFFFFFFFFFFFFFC1
:10BBD000FFFFFFFFFFFFFFFFFFFFFFFFFFFFFFFF75
:10BBE000FFFFFFFFFFFFFFFFFFFFFFFFFFFFFFFF65
:10BBF000FFFFFFFFFFFFFFFFFFFFFFFFFFFFFFFF55
:10BC0000FFFFFFFF48485A5A9495BFBFBBBBB7B66A
:10BC1000B3B2AFAEAAA9A6A5A8A75353FFFFFFFFD3
:10BC2000FFFFFFFFFFFFFFFFFFFFFFFFFFFFFFFF24
:10BC3000FFFFFFFFFFFFFFFFFFFFFFFFFFFFFFFF14
:10BC4000FFFFFFFFFFFFFFFFFFFFFFFFFFFFFFFF04
:10BC5000FFFFFFFFFFFFFFFFFFFFFFFFFFFFFFFFF4
:10BC6000FFFFFFFFFFFFFFFFFFFFFFFFFFFFFFFFE4
:10BC7000FFFFFFFFFFFFFFFFFFFFFFFFFFFFFFFFD4
:10BC8000FFFFFFFFFFFFFFFFFFFFFFFFFFFFFFFFC4
:10BC9000FFFFFFFFFFFFFFFFFFFFFFFFFFFFFFFFB4
:10BCA000FFFFFFFFFFFFFFFFFFFFFFFFFFFFFFFFA4
:10BCB000FFFFFFFFFFFFFFFFFFFFFFFFFFFFFFFF94
:10BCC000FFFFFFFFFFFFFFFFFFFFFFFFFFFFFFFF84
:10BCD000FFFFFFFFFFFFFFFFFFFFFFFFFFFFFFFF74
:10BCE000FFFFFFFFFFFFFFFFFFFFFFFFFFFFFFFF64
:10BCF000FFFFFFFFFFFFFFFFFFFFFFFFFFFFFFFF54
:10BD0000FFFFFFFFFFFFFFFFFFFFFFFFFFFFFFFF43
:10BD1000FFFFFFFFFFFFFFFFFFFF66665A5ACA8A59
:10BD2000C98BCC8ECE90CE92D393D396D59BD79DF4
:10BD3000E9A83E3FFFFFFFFFFFFFFFFFFFFFFFFF01
:10BD4000FFFFFFFFFFFFFFFFFFFFFFFFFFFFFFFF03
:10BD5000FFFFFFFFFFFFFFFFFFFFFFFFFFFFFFFFF3
:10BD6000FFFFFFFFFFFFFFFFFFFFFFFFFFFFFFFFE3
:10BD7000FFFFFFFFFFFFFFFF484A5A5C9594BFBCDF
:10BD8000BBB9B6B5B2B1AEAEA9A9A5A6A7A7535582
:10BD9000FFFFFFFFFFFFFFFFFFFFFFFFFFFFFFFFB3
:10BDA000FFFFFFFFFFFFFFFFFFFFFFFFFFFFFFFFA3
:10BDB000FFFFFFFFFFFFFFFFFFFFFFFFFFFFFFFF93
:10BDC000FFFFFFFFFFFFFFFFFFFFFFFFFFFFFFFF83
:10BDD000FFFFFFFFFFFFFFFFFFFFFFFFFFFFFFFF73
:10BDE000FFFFFFFFFFFFFFFFFFFFFFFFFFFFFFFF63
:10BDF000FFFFFFFFFFFFFFFFFFFFFFFFFFFFFFFF53
:10BE0000FFFFFFFFFFFFFFFFFFFFFFFFFFFFFFFF42
:10BE1000FFFFFFFFFFFFFFFFFFFFFFFFFFFFFFFF32
:10BE2000FFFFFFFFFFFFFFFFFFFFFFFFFFFFFFFF22
:10BE3000FFFFFFFFFFFFFFFFFFFFFFFFFFFFFFFF12
:10BE4000FFFFFFFFFFFFFFFFFFFFFFFFFFFFFFFF02
:10BE5000FFFFFFFFFFFFFFFFFFFFFFFFFFFFFFFFF2
:10BE6000FFFFFFFFFFFFFFFFFFFFFFFFFFFFFFFFE2
:10BE7000FFFFFFFFFFFFFFFFFFFFFFFFFFFFFFFFD2
:10BE8000FFFFFFFFFFFFFFFFFFFFFFFFFFFF6669F1
:10BE90005A5C8A2C8B2E8E2C902F923093319632B6
:10BEA0009B349D35A8353F43FFFFFFFFFFFFFFFF9A
:10BEB000FFFFFFFFFFFFFFFFFFFFFFFFFFFFFFFF92
:10BEC000FFFFFFFFFFFFFFFFFFFFFFFFFFFFFFFF82
:10BED000FFFFFFFFFFFFFFFFFFFFFFFFFFFFFFFF72
:10BEE000FFFFFFFFFFFFFFFFFFFFFFFF48485A5A1A
:10BEF0009795C3C1BFBEBBBAB7B6B3B2AFADABAA1D
:10BF0000ACAC6262FFFFFFFFFFFFFFFFFFFFFFFF21
:10BF1000FFFFFFFFFFFFFFFFFFFFFFFFFFFFFFFF31
:10BF2000FFFFFFFFFFFFFFFFFFFFFFFFFFFFFFFF21
:10BF3000FFFFFFFFFFFFFFFFFFFFFFFFFFFFFFFF11
:10BF4000FFFFFFFFFFFFFFFFFFFFFFFFFFFFFFFF01
:10BF5000FFFFFFFFFFFFFFFFFFFFFFFFFFFFFFFFF1
:10BF6000FFFFFFFFFFFFFFFFFFFFFFFFFFFFFFFFE1
:10BF7000FFFFFFFFFFFFFFFFFFFFFFFFFFFFFFFFD1
:10BF8000FFFFFFFFFFFFFFFFFFFFFFFFFFFFFFFFC1
:10BF9000FFFFFFFFFFFFFFFFFFFFFFFFFFFFFFFFB1
:10BFA000FFFFFFFFFFFFFFFFFFFFFFFFFFFFFFFFA1
:10BFB000FFFFFFFFFFFFFFFFFFFFFFFFFFFFFFFF91
:10BFC000FFFFFFFFFFFFFFFFFFFFFFFFFFFFFFFF81
:10BFD000FFFFFFFFFFFFFFFFFFFFFFFFFFFFFFFF71
:10BFE000FFFFFFFFFFFFFFFFFFFFFFFFFFFFFFFF61
:10BFF000FFFFFFFFFFFFFFFFFFFFFFFFFFFFFFFF51
:10C00000FFFFFFFF4141977AC98ACC8ECE90CE9236
:10C01000D393D396D59BE9A4383DFFFFFFFFFFFFE5
:10C02000FFFFFFFFFFFFFFFFFFFFFFFFFFFFFFFF20
:10C03000FFFFFFFFFFFFFFFFFFFFFFFFFFFFFFFF10
:10C04000FFFFFFFFFFFFFFFFFFFFFFFFFFFFFFFF00
:10C05000FFFFFFFFFFFFFFFFFFFFFFFFFFFFFFFFF0
:10C06000484A5A5C9598C1BFBEBCBAB9B6B5B2B21F
:10C07000ADADAAAAACAC6264FFFFFFFFFFFFFFFFFC
:10C08000FFFFFFFFFFFFFFFFFFFFFFFFFFFFFFFFC0
:10C09000FFFFFFFFFFFFFFFFFFFFFFFFFFFFFFFFB0
:10C0A000FFFFFFFFFFFFFFFFFFFFFFFFFFFFFFFFA0
:10C0B000FFFFFFFFFFFFFFFFFFFFFFFFFFFFFFFF90
:10C0C000FFFFFFFFFFFFFFFFFFFFFFFFFFFFFFFF80
:10C0D000FFFFFFFFFFFFFFFFFFFFFFFFFFFFFFFF70
:10C0E000FFFFFFFFFFFFFFFFFFFFFFFFFFFFFFFF60
:10C0F000FFFFFFFFFFFFFFFFFFFFFFFFFFFFFFFF50
:10C10000FFFFFFFFFFFFFFFFFFFFFFFFFFFFFFFF3F
:10C11000FFFFFFFFFFFFFFFFFFFFFFFFFFFFFFFF2F
:10C12000FFFFFFFFFFFFFFFFFFFFFFFFFFFFFFFF1F
:10C13000FFFFFFFFFFFFFFFFFFFFFFFFFFFFFFFF0F
:10C14000FFFFFFFFFFFFFFFFFFFFFFFFFFFFFFFFFF
:10C15000FFFFFFFFFFFFFFFFFFFFFFFFFFFFFFFFEF
:10C16000FFFFFFFFFFFFFFFFFFFFFFFFFFFFFFFFDF
:10C17000FFFFFFFFFFFFFFFF41437A4D8A2E8E2C0A
:10C18000902F9230933196329B34A42E3D48FFFF7E
:10C19000FFFFFFFFFFFFFFFFFFFFFFFFFFFFFFFFAF
:10C1A000FFFFFFFFFFFFFFFFFFFFFFFFFFFFFFFF9F
:10C1B000FFFFFFFFFFFFFFFFFFFFFFFFFFFFFFFF8F
:10C1C000FFFFFFFFFFFFFFFFFFFFFFFFFFFFFFFF7F
:10C1D000FFFFFFFF48485A5A9897C5C3C3C1BFBE67
:10C1E000BBB9B8B6B3B2AEAEB0AF6262FFFFFFFF8D
:10C1F000FFFFFFFFFFFFFFFFFFFFFFFFFFFFFFFF4F
:10C20000FFFFFFFFFFFFFFFFFFFFFFFFFFFFFFFF3E
:10C21000FFFFFFFFFFFFFFFFFFFFFFFFFFFFFFFF2E
:10C22000FFFFFFFFFFFFFFFFFFFFFFFFFFFFFFFF1E
:10C23000FFFFFFFFFFFFFFFFFFFFFFFFFFFFFFFF0E
:10C24000FFFFFFFFFFFFFFFFFFFFFFFFFFFFFFFFFE
:10C25000FFFFFFFFFFFFFFFFFFFFFFFFFFFFFFFFEE
:10C26000FFFFFFFFFFFFFFFFFFFFFFFFFFFFFFFFDE
:10C27000FFFFFFFFFFFFFFFFFFFFFFFFFFFFFFFFCE
:10C28000FFFFFFFFFFFFFFFFFFFFFFFFFFFFFFFFBE
:10C29000FFFFFFFFFFFFFFFFFFFFFFFFFFFFFFFFAE
:10C2A000FFFFFFFFFFFFFFFFFFFFFFFFFFFFFFFF9E
:10C2B000FFFFFFFFFFFFFFFFFFFFFFFFFFFFFFFF8E
:10C2C000FFFFFFFFFFFFFFFFFFFFFFFFFFFFFFFF7E
:10C2D000FFFFFFFFFFFFFFFFFFFFFFFFFFFFFFFF6E
:10C2E000FFFFFFFFFFFFFFFFFFFFFFFFFFFF4B4DC4
:10C2F000D091CC8ECE90CE92D393D396DD9E3C47F8
:10C30000FFFFFFFFFFFFFFFFFFFFFFFFFFFFFFFF3D
:10C31000FFFFFFFFFFFFFFFFFFFFFFFFFFFFFFFF2D
:10C32000FFFFFFFFFFFFFFFFFFFFFFFFFFFFFFFF1D
:10C33000FFFFFFFFFFFFFFFFFFFFFFFFFFFFFFFF0D
:10C34000FFFFFFFFFFFFFFFF484A5A5C9799C3C3F7
:10C35000C1BFBEBCB9B8B6B5B2B1AEAEAFAF626424
:10C36000FFFFFFFFFFFFFFFFFFFFFFFFFFFFFFFFDD
:10C37000FFFFFFFFFFFFFFFFFFFFFFFFFFFFFFFFCD
:10C38000FFFFFFFFFFFFFFFFFFFFFFFFFFFFFFFFBD
:10C39000FFFFFFFFFFFFFFFFFFFFFFFFFFFFFFFFAD
:10C3A000FFFFFFFFFFFFFFFFFFFFFFFFFFFFFFFF9D
:10C3B000FFFFFFFFFFFFFFFFFFFFFFFFFFFFFFFF8D
:10C3C000FFFFFFFFFFFFFFFFFFFFFFFFFFFFFFFF7D
:10C3D000FFFFFFFFFFFFFFFFFFFFFFFFFFFFFFFF6D
:10C3E000FFFFFFFFFFFFFFFFFFFFFFFFFFFFFFFF5D
:10C3F000FFFFFFFFFFFFFFFFFFFFFFFFFFFFFFFF4D
:10C40000FFFFFFFFFFFFFFFFFFFFFFFFFFFFFFFF3C
:10C41000FFFFFFFFFFFFFFFFFFFFFFFFFFFFFFFF2C
:10C42000FFFFFFFFFFFFFFFFFFFFFFFFFFFFFFFF1C
:10C43000FFFFFFFFFFFFFFFFFFFFFFFFFFFFFFFF0C
:10C44000FFFFFFFFFFFFFFFFFFFFFFFFFFFFFFFFFC
:10C45000FFFFFFFFFFFFFFFFFFFFFFFFFFFFFFFFEC
:10C46000FFFF4D5091328E2C902F923093319632A7
:10C470009E2F475AFFFFFFFFFFFFFFFFFFFFFFFF5A
:10C48000FFFFFFFFFFFFFFFFFFFFFFFFFFFFFFFFBC
:10C49000FFFFFFFFFFFFFFFFFFFFFFFFFFFFFFFFAC
:10C4A000FFFFFFFFFFFFFFFFFFFFFFFFFFFFFFFF9C
:10C4B000FFFFFFFFFFFFFFFFFFFFFFFF48485A5A44
:10C4C0009C9CCAC7C6C3C2C0BFBDBBB9B7B5B3B1D8
:10C4D000B5B46161FFFFFFFFFFFFFFFFFFFFFFFF3D
:10C4E000FFFFFFFFFFFFFFFFFFFFFFFFFFFFFFFF5C
:10C4F000FFFFFFFFFFFFFFFFFFFFFFFFFFFFFFFF4C
:10C50000FFFFFFFFFFFFFFFFFFFFFFFFFFFFFFFF3B
:10C51000FFFFFFFFFFFFFFFFFFFFFFFFFFFFFFFF2B
:10C52000FFFFFFFFFFFFFFFFFFFFFFFFFFFFFFFF1B
:10C53000FFFFFFFFFFFFFFFFFFFFFFFFFFFFFFFF0B
:10C54000FFFFFFFFFFFFFFFFFFFFFFFFFFFFFFFFFB
:10C55000FFFFFFFFFFFFFFFFFFFFFFFFFFFFFFFFEB
:10C56000FFFFFFFFFFFFFFFFFFFFFFFFFFFFFFFFDB
:10C57000FFFFFFFFFFFFFFFFFFFFFFFFFFFFFFFFCB
:10C58000FFFFFFFFFFFFFFFFFFFFFFFFFFFFFFFFBB
:10C59000FFFFFFFFFFFFFFFFFFFFFFFFFFFFFFFFAB
:10C5A000FFFFFFFFFFFFFFFFFFFFFFFFFFFFFFFF9B
:10C5B000FFFFFFFFFFFFFFFFFFFFFFFFFFFFFFFF8B
:10C5C000FFFFFFFFF3F3FFFFFFFFFFFFFFFFFFFF93
:10C5D000FFFFFFFFFFFFEDED4B50DA93CE90CE92C1
:10C5E000D393D5975559F0F0FFFFFFFFFFFFFFFFF3
:10C5F000FFFFFFFFFFFFFFFFFFFFFFFFFFFFFFFF4B
:10C60000FFFFFFFFFFFFFFFFFFFFFFFFFFFFFFFF3A
:10C61000FFFFFFFFFFFFFFFFFFFFFFFFFFFFFFFF2A
:10C62000FFFFFFFFFFFFFFFFFFFFFFFFFFFFFFFF1A
:10C63000484A5A5C9C9DC7C5C3C3C0BFBDBBB9B9FE
:10C64000B5B5B1B1B4B36164FFFFFFFFFFFFFFFFFA
:10C65000FFFFFFFFFFFFFFFFFFFFFFFFFFFFFFFFEA
:10C66000FFFFFFFFFFFFFFFFFFFFFFFFFFFFFFFFDA
:10C67000FFFFFFFFFFFFFFFFFFFFFFFFFFFFFFFFCA
:10C68000FFFFFFFFFFFFFFFFFFFFFFFFFFFFFFFFBA
:10C69000FFFFFFFFFFFFFFFFFFFFFFFFFFFFFFFFAA
:10C6A000FFFFFFFFFFFFFFFFFFFFFFFFFFFFFFFF9A
:10C6B000FFFFFFFFFFFFFFFFFFFFFFFFFFFFFFFF8A
:10C6C000FFFFFFFFFFFFFFFFFFFFFFFFFFFFFFFF7A
:10C6D000FFFFFFFFFFFFFFFFFFFFFFFFFFFFFFFF6A
:10C6E000FFFFFFFFFFFFFFFFFFFFFFFFFFFFFFFF5A
:10C6F000FFFFFFFFFFFFFFFFFFFFFFFFFFFFFFFF4A
:10C70000FFFFFFFFFFFFFFFFFFFFFFFFFFFFFFFF39
:10C71000FFFFFFFFFFFFFFFFFFFFFFFFFFFFFFFF29
:10C72000FFFFFFFFFFFFFFFFFFFFFFFFFFFFFFFF19
:10C73000FFFFFFFFFFFFFFFFF3F4FFFFFFFFFFFF20
:10C74000FFFFFFFFFFFFFFFFFFFFEDED505B9326B5
:10C75000902F9230933197305963F0EFFFFFFFFF36
:10C76000FFFFFFFFFFFFFFFFFFFFFFFFFFFFFFFFD9
:10C77000FFFFFFFFFFFFFFFFFFFFFFFFFFFFFFFFC9
:10C78000FFFFFFFFFFFFFFFFFFFFFFFFFFFFFFFFB9
:10C79000FFFFFFFFFFFFFFFFFFFFFFFFFFFFFFFFA9
:10C7A000FFFFFFFF48485A5AAAA9CCCACAC7C6C445
:10C7B000C2C0BEBCBBB9B7B5BAB96161FFFFFFFF6C
:10C7C000FFFFFFFFFFFF41414545454545454545C5
:10C7D00045454545454545454040FFFFFFFF3F3F37
:10C7E00045454545454545454545454545454545F9
:10C7F00045454545454545454545454545454545E9
:10C80000454545457070FFFFFFFFFFFFFFFFFFFF3E
:10C81000FFFFFFFFC8C84141FFFFFFFFFFFFFFFF12
:10C82000FFFFFFFFFFFFFFFFFFFFFFFFFFFFFFFF18
:10C830007E7EFFFFFFFFFFFFFFFFFFFFFFFFFFFF0A
:10C84000FFFFFFFFFFFFA4A45656565656565656F6
:10C85000565656565656565656566464FFFFFFFFB8
:10C86000ADAD5656565656565656565656565656BA
:10C87000565656566363FFFFFFFFAAAA56565656F2
:10C8800056565656565656565656565656565A5A40
:10C89000FFFFBDBD56565656565656565656565618
:10C8A0005656565656565656FFFFFFFFC5C59B9B1C
:10C8B000FFFFFFFFFFFFFFFFFFFFFFFFFFFFFFFF88
:10C8C0008B8B4B52D091CE92D3938473AAAAFFFF45
:10C8D000FFFFFFFFFFFFFFFFFFFFFFFFFFFF4545DC
:10C8E0003C3CFFFFFFFFFFFFFFFFFFFFFFFFFFFFDE
:10C8F000FFFFFFFFFFFFFFFFFFFFFFFFFFFFFFFF48
:10C90000FFFFFFFFFFFFFFFFFFFFFFFFFFFFFFFF37
:10C91000FFFFFFFFFFFFFFFF484A5A5CA9A9CAC8F3
:10C92000C7C5C4C2C0BFBCBBB9B9B5B5B9B86163EE
:10C93000FFFFFFFFFFFFFFFFFFFF41434547454765
:10C940004547454745474547454745474042FFFF1F
:10C95000FFFF3F4145474547454745474547454711
:10C960004547454745474547454745474547454767
:10C9700045474547454745487073FFFFFFFFFFFFA9
:10C98000FFFFFFFFFFFFFFFFC8C94144FFFFFFFF9D
:10C99000FFFFFFFFFFFFFFFFFFFFFFFFFFFFFFFFA7
:10C9A000FFFFFFFF7E80FFFFFFFFFFFFFFFFFFFF97
:10C9B000FFFFFFFFFFFFFFFFFFFFA4A556585658DC
:10C9C00056585658565856585658565856586465DC
:10C9D000FFFFFFFFADAF5658565856585658565899
:10C9E00056585658565856586365FFFFFFFFAAAB76
:10C9F00056585658565856585658565856585658C7
:10CA000056585A5CFFFFBDBD565856585658565892
:10CA1000565856585658565856585659FFFFFFFF05
:10CA2000C5C59B9CFFFFFFFFFFFFFFFFFFFFFFFF51
:10CA3000FFFFFFFF8B8B525E912C92309331735925
:10CA4000AAABFFFFFFFFFFFFFFFFFFFFFFFFFFFF9F
:10CA5000FFFF45473C3EFFFFFFFFFFFFFFFFFFFFDC
:10CA6000FFFFFFFFFFFFFFFFFFFFFFFFFFFFFFFFD6
:10CA7000FFFFFFFFFFFFFFFFFFFFFFFFFFFFFFFFC6
:10CA8000FFFFFFFFFFFFFFFFFFFFFFFF48485A5A6E
:10CA9000ACABD1CECCCAC9C6C5C3C2C0BEBCBAB885
:10CAA000BEBD6161FFFFFFFFFFFFFFFFFFFF5151B1
:10CAB00057575858585858585858585858585858F8
:10CAC00058584848FFFF4E4E5757585858585858CE
:10CAD00058585858585858585858585858585858D6
:10CAE0005858585858585858585858585858707096
:10CAF000FFFFFFFFFFFFFFFFFFFFFFFF53535858EC
:10CB00006F6FFFFFFFFFFFFFFFFFFFFFFFFFFFFF55
:10CB1000FFFFFFFFFFFFFFFF55558585FFFFFFFF6D
:10CB2000FFFFFFFFFFFFFFFFFFFFFFFFFFFF9696E7
:10CB30005858585858585858585858585858585875
:10CB4000585858585B5BFFFFADAD57585858585868
:10CB500058585858585858585858585858585A5A51
:10CB6000FFFFACAC5858585858585858585858584F
:10CB700058585858585858585252C4C4575858586A
:10CB80005858585858585858585858585858585825
:10CB90004C4CFFFFC5C55858C1C1FFFFFFFFFFFF49
:10CBA000FFFFFFFFFFFFFFFFFFFF4646796CCE91BF
:10CBB000BA8C6464FFFFFFFFFFFFFFFFFFFFFFFF73
:10CBC000FFFFFFFF8282585857579A9AFFFFFFFFD7
:10CBD000FFFFFFFFFFFFFFFFFFFFFFFFFFFFFFFF65
:10CBE000FFFFFFFFFFFFFFFFFFFFFFFFFFFFFFFF55
:10CBF000FFFFFFFFFFFFFFFFFFFFFFFFFFFFFFFF45
:10CC0000484A5A5CABAACECBCAC8C6C5C3C2C0BFCD
:10CC1000BCBBB8B8BDBC6163FFFFFFFFFFFFFFFFF8
:10CC2000FFFF51535759585A585A585A585A585A38
:10CC3000585A585A585A484AFFFF4E505759585A4E
:10CC4000585A585A585A585A585A585A585A585A54
:10CC5000585A585A585A585A585A585A585A585A44
:10CC6000585A7072FFFFFFFFFFFFFFFFFFFFFFFF3C
:10CC70005356585A6F71FFFFFFFFFFFFFFFFFFFF83
:10CC8000FFFFFFFFFFFFFFFFFFFFFFFF55578586F9
:10CC9000FFFFFFFFFFFFFFFFFFFFFFFFFFFFFFFFA4
:10CCA000FFFF9698585A585A585A585A585A585A2C
:10CCB000585A585A585A585A5B5DFFFFADB0585AE7
:10CCC000585A585A585A585A585A585A585A585AD4
:10CCD000585A5A5BFFFFACAD585A585A585A585ACE
:10CCE000585A585A585A585A585A585A5254C4C5E9
:10CCF000585A585A585A585A585A585A585A585AA4
:10CD0000585A585A4C4EFFFFC5C5585AC1C2FFFF6A
:10CD1000FFFFFFFFFFFFFFFFFFFFFFFFFFFF464794
:10CD20006C5891308C436466FFFFFFFFFFFFFFFFED
:10CD3000FFFFFFFFFFFFFFFF8283585A57599A9B5F
:10CD4000FFFFFFFFFFFFFFFFFFFFFFFFFFFFFFFFF3
:10CD5000FFFFFFFFFFFFFFFFFFFFFFFFFFFFFFFFE3
:10CD6000FFFFFFFFFFFFFFFFFFFFFFFFFFFFFFFFD3
:10CD7000FFFFFFFF48485A5AADADD4D1D0CECCCA40
:10CD8000C8C7C5C4C2C0BEBCC2C16161FFFFFFFF4E
:10CD9000FFFFFFFFFFFF51515A5B626261636363F4
:10CDA000636463646565656765666565C6C64F4FA0
:10CDB0005A5B66676767676767676767686867681A
:10CDC00068686869686969696969696968696868DA
:10CDD000696969696A6A4949FFFFFFFFFFFFFFFF51
:10CDE000FFFFFFFF505057574949FFFFFFFFFFFF6D
:10CDF000FFFFFFFFFFFFFFFFFFFFFFFFFFFFFFFF43
:10CE000054545A5A7878FFFFFFFFFFFFFFFFFFFFE0
:10CE1000FFFFFFFFFFFF9898585757577C7B7B7A9F
:10CE20007A797A7979787979797879785050FFFFB9
:10CE3000ADAD585855556767666666666665656543
:10CE40006464656565655050FFFFACAC5858575732
:10CE500063636262616261616262636363646464AA
:10CE60005152CFCF585855556969686968696969E1
:10CE7000696A6969696A6A6A5757FFFFC5C5585880
:10CE80005454FFFFFFFFFFFFFFFFFFFFFFFFFFFF08
:10CE9000FFFFFFFF4242C1914142FFFFFFFFFFFF43
:10CEA000FFFFFFFFFFFFFFFFFFFFE1E1585858586A
:10CEB0005D5D9F9FFFFFFFFFFFFFFFFFFFFFFFFF86
:10CEC000FFFFFFFFFFFFFFFFFFFFFFFFFFFFFFFF72
:10CED000FFFFFFFFFFFFFFFFFFFFFFFFFFFFFFFF62
:10CEE000FFFFFFFFFFFFFFFF484A5A5CADADD1CE09
:10CEF000CECACAC8C7C5C4C2C0BFBCBBC1BF6163BC
:10CF0000FFFFFFFFFFFFFFFFFFFF51535B5D626508
:10CF100063656366646764676567676866696569B2
:10CF2000C6C64F515B5D676A676A676A676B676A07
:10CF3000686B686A686B696B696B696B696B696B55
:10CF4000696B686B696B696B6A6C494BFFFFFFFF2C
:10CF5000FFFFFFFFFFFFFFFF50525759494BFFFFF5
:10CF6000FFFFFFFFFFFFFFFFFFFFFFFFFFFFFFFFD1
:10CF7000FFFFFFFF54565A5C787AFFFFFFFFFFFF69
:10CF8000FFFFFFFFFFFFFFFFFFFF9899575957591A
:10CF90007B7B7A7A797A7979787979797878787700
:10CFA0005052FFFFADB0585A5557676966696668B9
:10CFB000656765676468656765675052FFFFACAD7C
:10CFC000585A575963656265626361636265636657
:10CFD000646664675254CFD0585A5557696C696C6F
:10CFE000696C696C6A6C696D6A6D6A6D5759FFFF8F
:10CFF000C5C5585A5456FFFFFFFFFFFFFFFFFFFF55
:10D00000FFFFFFFFFFFFFFFF424591434246FFFF47
:10D01000FFFFFFFFFFFFFFFFFFFFFFFFFFFFE1E05D
:10D02000585A585A5D5F9FA0FFFFFFFFFFFFFFFFA9
:10D03000FFFFFFFFFFFFFFFFFFFFFFFFFFFFFFFF00
:10D04000FFFFFFFFFFFFFFFFFFFFFFFFFFFFFFFFF0
:10D05000FFFFFFFFFFFFFFFFFFFFFFFF48485A5A98
:10D06000AFAFD7D4D3D0D0CDCBCAC8C6C6C3C2BF4A
:10D07000C7C56262FFFFFFFFFFFFFFFFFFFF5151C8
:10D08000595A989794949A9BA1A1A4A6A9ABADAF25
:10D09000B1B3AAADC6C64F4F5A5BBCBCC2C3C5C66E
:10D0A000C8C8CBCBCECDD0D0D3D1D5D2D8D6DBD972
:10D0B000DCDAE0DDE2DFE3E0E6E4E7E4ECE949497D
:10D0C000FFFFFFFFFFFFFFFFFFFFB1B158585757AA
:10D0D0008F90E2E2FFFFFFFFFFFFFFFFFFFFFFFF79
:10D0E000FFFFFFFFFFFFFFFF54545353D1CF737374
:10D0F000FFFFFFFFFFFFFFFFFFFFFFFFFFFF98980E
:10D1000058575B5BEDE9EAE5E9E5E6E3E7E2E2E0F3
:10D11000DFDEE0DD595AFFFFADAD58585050D0CD9D
:10D12000CBC8C8C5C5C3C1BFBDBBBBB7B7B65D5CC7
:10D13000FFFFACAC58585252A3A39C9B9897949273
:10D1400094939B9B9F9FA3A55D5ECFCF5858505053
:10D15000B6B8B4B7B7BABABDBDBEC1C2C2C3C5C600
:10D160005F60FFFFC5C5585856553E3EFFFFFFFFA5
:10D17000FFFFFFFFFFFFFFFFFFFFFFFFFFFF2F2F5F
:10D18000FFFFFFFFFFFFFFFFFFFFFFFFFFFFFFFFAF
:10D19000FFFF5353585858586E6F9F9FFFFFFFFF74
:10D1A000FFFFFFFFFFFFFFFFFFFFFFFFFFFFFFFF8F
:10D1B000FFFFFFFFFFFFFFFFFFFFFFFFFFFFFFFF7F
:10D1C000FFFFFFFFFFFFFFFFFFFFFFFFFFFFFFFF6F
:10D1D000484A5A5CAFAED4D1D0CECDCBCAC8C6C5B2
:10D1E000C3C1BFBFC5C36264FFFFFFFFFFFFFFFFF7
:10D1F000FFFF51535A5C979794959B9DA1A5A6ACB0
:10D20000ABB2AFB9B3BEADB7C6C64F515B5DBCC61E
:10D21000C3CCC6CEC8CECBD2CDD2D0D4D1D6D2D725
:10D22000D6D7D9DBDADDDDDCDFE0E0E1E4E2E4E320
:10D23000E9E6494BFFFFFFFFFFFFFFFFFFFFB1B133
:10D24000585A57599091E2E3FFFFFFFFFFFFFFFF9E
:10D25000FFFFFFFFFFFFFFFFFFFFFFFF5456535588
:10D26000CFCD7375FFFFFFFFFFFFFFFFFFFFFFFF46
:10D27000FFFF989957595B5EE9E4E5E0E5E0E3DEFE
:10D28000E2DCE0DADED9DDD85A5BFFFFADB0585AF8
:10D290005053CDCBC8C5C5C3C3C0BFBEBBBAB7B85A
:10D2A000B6B55C5FFFFFACAD585A5254A3A29B9C2D
:10D2B0009799929393959B9C9FA4A5AB5E5FCFD0CB
:10D2C000585A5051B8C4B7C3BAC5BDC6BEC9C2CA00
:10D2D000C3CDC6CE6061FFFFC5C5585A55573E4005
:10D2E000FFFFFFFFFFFFFFFFFFFFFFFFFFFFFFFF4E
:10D2F000FFFF2F31FFFFFFFFFFFFFFFFFFFFFFFFDC
:10D30000FFFFFFFFFFFF5355585A585A6F6F9FA0FA
:10D31000FFFFFFFFFFFFFFFFFFFFFFFFFFFFFFFF1D
:10D32000FFFFFFFFFFFFFFFFFFFFFFFFFFFFFFFF0D
:10D33000FFFFFFFFFFFFFFFFFFFFFFFFFFFFFFFFFD
:10D34000FFFFFFFF48485A5AB0B1DAD7D7D5D4D13A
:10D35000CFCDCCCAC8C7C6C4CCCA6262FFFFFFFF2C
:10D36000FFFFFFFFFFFF5151595A9E9D95949393E4
:10D370009A9BA0A1A5A7AAABADB0A8AAC6C64F4FBD
:10D380005A5BB9B9C0C1C2C3C5C6C8C8CBCBCECD24
:10D39000D1D0D3D1D5D4D8D7DBD8DDDBDFDEE2DF07
:10D3A000E3E0E6E2EAE74949FFFFFFFFFFFFFFFF97
:10D3B000FFFF4B4B58584D4DFFFF5959FFFFFFFFE3
:10D3C000FFFFFFFFFFFFFFFFFFFFFFFFFFFFFFFF6D
:10D3D00054545454FEFBC7C57474FFFFFFFFFFFF96
:10D3E000FFFFFFFFFFFF989858575B5BF0ECEDE7FE
:10D3F000EBE6E9E6E6E3E7E1E3DFE1DF5A59FFFFC9
:10D40000ADAD58585050D4D1CDCACBC8C7C5C4C390
:10D41000C1C0BEBCBBB95353FFFFACAC585851534D
:10D42000A7A6A09F9D9C9898949495959B9B9FA13F
:10D430005D5ECFCF58585150B4B7B3B5B5B7B8B992
:10D44000BABCBEBFC1C1C2C45F5FFFFFC5C55858EB
:10D450004E4EE4E24040FFFFFFFFFFFFFFFFFFFFF4
:10D46000FFFFFFFFFFFFFFFFFFFFFFFFFFFFFFFFCC
:10D47000FFFFFFFFFFFFFFFF42425858575841414F
:10D48000FFFFA0A0FFFFFFFFFFFFFFFFFFFFFFFF6A
:10D49000FFFFFFFFFFFFFFFFFFFFFFFFFFFFFFFF9C
:10D4A000FFFFFFFFFFFFFFFFFFFFFFFFFFFFFFFF8C
:10D4B000FFFFFFFFFFFFFFFF484A5A5CB1B0D7D420
:10D4C000D5D1D1CECDCACAC8C7C6C4C1CAC8626484
:10D4D000FFFFFFFFFFFFFFFFFFFF51535A5C9D9DC2
:10D4E000949593959B9FA1A5A7ACABB2B0B9AAB4F4
:10D4F000C6C64F515B5DB9C4C1CAC3CDC6CEC8CF85
:10D50000CBD1CDD2D0D4D1D5D4D7D7D9D8DCDBDCD0
:10D51000DEDDDFE0E0DFE2E1E7E5494BFFFFFFFFB3
:10D52000FFFFFFFFFFFF4B4E585A4D4FFFFF595A69
:10D53000FFFFFFFFFFFFFFFFFFFFFFFFFFFFFFFFFB
:10D54000FFFFFFFF54565456FBF4C5C37475FFFF2D
:10D55000FFFFFFFFFFFFFFFFFFFF989957595B5E3B
:10D56000ECE6E7E3E6E1E6E0E3DEE1DDDFDBDFDAA0
:10D57000595BFFFFADB0585A5053D1CECAC8C8C589
:10D58000C5C3C3C0C0BEBCBBB9B95355FFFFACAD2A
:10D59000585A5355A6A69F9F9C9C989994959596EA
:10D5A0009B9EA1A45E60CFD0585A5052B7C1B5C15E
:10D5B000B7C3B9C5BCC5BFCAC1CAC4CD5F62FFFF8E
:10D5C000C5C5585A4E50E2E64042FFFFFFFFFFFF3D
:10D5D000FFFFFFFFFFFFFFFFFFFFFFFFFFFFFFFF5B
:10D5E000FFFFFFFFFFFFFFFFFFFFFFFF4245585A0E
:10D5F000585A4144FFFFA0A1FFFFFFFFFFFFFFFFBD
:10D60000FFFFFFFFFFFFFFFFFFFFFFFFFFFFFFFF2A
:10D61000FFFFFFFFFFFFFFFFFFFFFFFFFFFFFFFF1A
:10D62000FFFFFFFFFFFFFFFFFFFFFFFF4848595AC3
:10D63000B3B2DEDBDAD8D6D5D3D0CFCDCBC9C7C70E
:10D64000D0CD6262FFFFFFFFFFFFFFFFFFFF5151E1
:10D650005959A2A19999959495969A9CA1A1A6A889
:10D66000A9ACA4A7C6C64F4F5A5BB5B7BDBEC1C1D2
:10D67000C2C3C5C5C8C8CBCBCFCDD1D0D3D2D5D4EA
:10D68000D8D6DBD8DDDBE0DEE2DFE5E2E9E64949DA
:10D69000FFFFFFFFFFFFFFFFFFFF5353585760607F
:10D6A000F5F25152FFFFFFFFFFFFFFFFFFFFFFFFFC
:10D6B000FFFFFFFFFFFFFFFF54545454FEFBF3EF47
:10D6C000C8C66262FFFFFFFFFFFFFFFFFFFF9898E2
:10D6D00058575B5BF0ECEDEAECE7EBE7E9E6E6E3F5
:10D6E000E6E2E3DF5A5BFFFFADAD58585150D6D3A9
:10D6F000D0CECDCBCBC7C7C5C4C2C1BFBEBB5453B0
:10D70000FFFFACAC58585352ABAAA3A29F9E9C9A61
:10D710009898929395949C9B5C5DCFCF58585151AB
:10D72000B1B4B1B4B4B6B4B7B8BBBBBCBEBFC2C26F
:10D730005F61FFFFC5C558584F4FD6D5B9B96F7057
:10D74000FFFFFFFFFFFFFFFFFFFFFFFFFFFFFFFFE9
:10D75000FFFFFFFFFFFFFFFFFFFFFFFFFFFF3F3F59
:10D76000585857574848FFFFFFFDA0A0FFFFFFFF95
:10D77000FFFFFFFFFFFFFFFFFFFFFFFFFFFFFFFFB9
:10D78000FFFFFFFFFFFFFFFFFFFFFFFFFFFFFFFFA9
:10D79000FFFFFFFFFFFFFFFFFFFFFFFFFFFFFFFF99
:10D7A000484A5A5CB2B1DBD7D8D4D5D1D0CDCDCA96
:10D7B000C9C7C7C4CDCB6264FFFFFFFFFFFFFFFFF8
:10D7C000FFFF5153595BA1A1999A949596969C9EFF
:10D7D000A1A7A8AEACB3A7AFC6C64F515B5DB7C299
:10D7E000BEC8C1CBC3CCC5CEC8CFCBD1CDD2D0D48F
:10D7F000D2D6D4D9D6D8D8DBDBDDDEDEDFE0E2E07E
:10D80000E6E4494DFFFFFFFFFFFFFFFFFFFF53551A
:10D8100057596063F2EC5254FFFFFFFFFFFFFFFF19
:10D82000FFFFFFFFFFFFFFFFFFFFFFFF54565456B0
:10D83000FBF4EFE9C6C46264FFFFFFFFFFFFFFFFD9
:10D84000FFFF989957595B5EECE6EAE4E7E2E7E20E
:10D85000E6E0E3DEE2DEDFDC5B5BFFFFADB0585A03
:10D860005052D3D0CECACBC9C7C6C5C3C2C0BFBE33
:10D87000BBBA5355FFFFACAD585A5255AAAAA2A342
:10D880009E9F9A9C9898939494969B9E5D5FCFD010
:10D89000585A5152B4BDB4BEB6C1B7C3BBC6BCC65C
:10D8A000BFC9C2CB6162FFFFC5C5585A4F50D5DA18
:10D8B000B9BD7071FFFFFFFFFFFFFFFFFFFFFFFF1D
:10D8C000FFFFFFFFFFFFFFFFFFFFFFFFFFFFFFFF68
:10D8D000FFFF3F42585A5759484CFFFBFDF8A0A1A3
:10D8E000FFFFFFFFFFFFFFFFFFFFFFFFFFFFFFFF48
:10D8F000FFFFFFFFFFFFFFFFFFFFFFFFFFFFFFFF38
:10D90000FFFFFFFFFFFFFFFFFFFFFFFFFFFFFFFF27
:10D91000FFFFFFFF48485858B5B2DFDDDDDADAD83F
:10D92000D6D4D3D0D0CCCBC9D3D16262FFFFFFFF16
:10D93000FFFFFFFFFFFF5252595AA6A49E9D9899E0
:10D94000949395959C9CA2A3A6A8A3A3C6C64F4F4B
:10D950005A5BB2B5B9BABDBDC0C0C3C4C6C5C8C89C
:10D96000CCCCCECDD2D0D3D1D5D4D8D7DCDADEDC76
:10D97000E0DDE2E1E7E44949FFFFFFFFFFFFFFFFD2
:10D98000959558585656D7D5F2EFD5D3D4D4FFFF36
:10D99000FFFFFFFF959A656D3F483F483F48656D23
:10D9A000494E5454FEFBF4F0F3EFD0CE6262FFFF19
:10D9B000FFFFFFFFFFFF989858575B5BF2EEEEEA20
:10D9C000ECE9EBE7EBE6EAE5E6E3E6E25A5AFFFFCD
:10D9D000ADAD58585150D8D7D3D0D0CDCCCAC9C787
:10D9E000C7C5C4C2C1BF5354FFFFACAC5858525254
:10D9F000AEADA7A6A3A1A09F9C9B97979393959547
:10DA00005C5BCDCD58585151AFB0AEAFB2B3B4B6E8
:10DA1000B5B8B8BBBABDBFC06061FFFFC5C5585837
:10DA2000504FD2D2D0D07676C1C1FFFFFFFFFFFFAB
:10DA3000FFFFFFFFFFFFFFFFFFFFFFFFFFFFFFFFF6
:10DA4000FFFFFFFF7676585858575454FCF6F1ED17
:10DA5000FFFDA0A0FFFFFFFFFFFFFFFFFFFFFFFF96
:10DA6000FFFFFFFFFFFFFFFFFFFFFFFFFFFFFFFFC6
:10DA7000FFFFFFFFFFFFFFFFFFFFFFFFFFFFFFFFB6
:10DA8000FFFFFFFFFFFFFFFF484A585AB2B1DDD842
:10DA9000DAD6D8D4D4D0D0CDCCC9C9C7D1CD626460
:10DAA000FFFFFFFFFFFFFFFFFFFF52545A5CA4A6DA
:10DAB0009D9E9999939495979CA0A3A7A8AEA3AA7D
:10DAC000C6C64F515B5DB5C0BAC6BDC9C0CBC4CDDB
:10DAD000C5CEC8CFCCD2CDD2D0D4D1D6D4D9D7D937
:10DAE000DADCDCDEDDDCE1E0E4E3494BFFFFFFFFF5
:10DAF000FFFFFFFF9597585A5658D5D2EFE8D3CF7E
:10DB0000D4D4FFFFFFFFFFFF9AE36DD648CC48CC8B
:10DB100048CC6DD64E975456FBF4F0EAEFE9CECBE5
:10DB20006265FFFFFFFFFFFFFFFF989957595B5E9C
:10DB3000EEE8EAE5E9E3E7E2E6E1E5E0E3DEE2DF9D
:10DB40005A5CFFFFADB0585A5052D7D2D0CDCDCA93
:10DB5000CAC8C7C4C5C2C2C0BFBE5455FFFFACAD22
:10DB6000585A5254ADACA6A5A1A29F9E9B9C9798D3
:10DB7000939495975B5FCDCF585A5153B0B8AFBAD5
:10DB8000B3BEB6C2B8C4BBC6BDC7C0CA6162FFFFE0
:10DB9000C5C5585A4F51D2D7D0D57678C1C2FFFFEC
:10DBA000FFFFFFFFFFFFFFFFFFFFFFFFFFFFFFFF85
:10DBB000FFFFFFFFFFFFFFFF7677585A5759545674
:10DBC000F6F1EDE9FDF6A0A1FFFFFFFFFFFFFFFF6C
:10DBD000FFFFFFFFFFFFFFFFFFFFFFFFFFFFFFFF55
:10DBE000FFFFFFFFFFFFFFFFFFFFFFFFFFFFFFFF45
:10DBF000FFFFFFFFFFFFFFFFFFFFFFFF4A4A5858ED
:10DC0000B5B6E3E0DFDDDDDAD9D7D6D4D3D0CFCCDB
:10DC1000D6D46261FFFFFFFFFFFFFFFFFFFF5353FB
:10DC2000595AAAA9A2A19D9C9898949397979D9CB4
:10DC3000A3A29FA0C6C64F4F5A5BB1B3B5B8B9BB3C
:10DC4000BDBEC0C1C2C3C6C6C9C9CCCCCFCFD2D05D
:10DC5000D4D1D6D5D8D7DCD9DEDCE0DEE6E349493D
:10DC6000FFFFFFFFFFFFFFFF494958584B4BFDF8EF
:10DC7000F1EDFFFC4C4D8C913F483F483F483F48F9
:10DC80003F483F483F483F483F483F483F48BBBC6C
:10DC9000F4F0F3EFD0CE5F5FFFFFFFFFFFFF989838
:10DCA00058575B5BF3EEEFECEDEAECEAEBE7EBE504
:10DCB000E8E5E6E45958FFFFABAB56564F50DBD8CA
:10DCC000D5D3D3D0D0CDCCCACAC7C7C5C4C254538C
:10DCD000FFFFACAC58585252B2AFAAA9A7A6A2A156
:10DCE0009F9E9C9B979793925A5ABCBC58585251EE
:10DCF000ABACABAEAFB1B1B4B2B6B5B8B9BBBBBDEE
:10DD00006060FFFFC5C55858504FD0D0CDCDD4D39B
:10DD10004748FFFFFFFFFFFFFFFFFFFFFFFFFFFF82
:10DD2000FFFFFFFFFFFFFFFFFFFFD4D458585858F5
:10DD30005858B5B4EFECF2EDFFFCA0A0FFFFFFFFD9
:10DD4000FFFFFFFFFFFFFFFFFFFFFFFFFFFFFFFFE3
:10DD5000FFFFFFFFFFFFFFFFFFFFFFFFFFFFFFFFD3
:10DD6000FFFFFFFFFFFFFFFFFFFFFFFFFFFFFFFFC3
:10DD70004A4C585AB6B4E0DADDD8DAD5D7D4D4D084
:10DD8000D0CDCCC8D4D16164FFFFFFFFFFFFFFFF00
:10DD9000FFFF53555A5CA9AAA1A29C9D9899939400
:10DDA00097989CA1A2A7A0A5C6C64F515B5DB3BF23
:10DDB000B8C4BBC6BEC8C1CBC3CCC6CEC9D0CCD2FA
:10DDC000CFD4D0D4D1D7D5D9D7D9D9DCDCDDDEDEDC
:10DDD000E3E2494BFFFFFFFFFFFFFFFF494C585AAB
:10DDE0004B4EF8F2EDE9FCF54D4F91E048CC48CCB4
:10DDF00048CC48CC48CC48CC48CC48CC48CC48CC83
:10DE000048CCBCE1F0EAEFE9CECB5F61FFFFFFFF5A
:10DE1000FFFF989957595B5EEEE8ECE6EAE4EAE327
:10DE2000E7E2E5E0E5DFE4DF585AFFFFABAC565828
:10DE30005051D8D5D3CFD0CDCDCACAC8C7C5C5C219
:10DE4000C2BF5356FFFFACAD585A5254AFB0A9A948
:10DE5000A6A5A1A39E9E9B9C979892935A5DBCBD3C
:10DE6000585A5153ACB3AEB4B1BBB4BFB6C3B8C5C6
:10DE7000BBC6BDC76062FFFFC5C5585A4F51D0D65B
:10DE8000CDD2D3D8484AFFFFFFFFFFFFFFFFFFFFC0
:10DE9000FFFFFFFFFFFFFFFFFFFFFFFFFFFFD4D5E7
:10DEA000585A585A585AB4B2ECE7EDE7FCF6A0A11C
:10DEB000FFFFFFFFFFFFFFFFFFFFFFFFFFFFFFFF72
:10DEC000FFFFFFFFFFFFFFFFFFFFFFFFFFFFFFFF62
:10DED000FFFFFFFFFFFFFFFFFFFFFFFFFFFFFFFF52
:10DEE000FFFFFFFF4A4A5858B5B5E5E1E1DEDEDD48
:10DEF000DDD9D9D6D5D4D3CFDAD76261FFFFFFFF02
:10DF0000FFFFFFFFFFFF5353595AAFADA6A5A2A1D4
:10DF10009E9D9897939298979B9E9A9AC5C54949BA
:10DF2000595AAFB1B5B7B6B8B9BBBDBEC0C1C3C30E
:10DF3000C7C7C9C9CDCDCFCFD2D1D5D3D6D5D9D8E2
:10DF4000DAD8DEDCE4E04949FFFFFFFFFFFFFDFD1B
:10DF5000555556566C6DF2EDF2ECADAE3F483F486C
:10DF60003F483F483F483F483F483F483F483F4879
:10DF70003F483F483F483F48767AF4F0F3EFD0CE31
:10DF80005A5AFFFFFFFF989858575B5BF3EFF1EC8D
:10DF9000EFECECEAECE8EAE7EAE5E9E65757FFFFE1
:10DFA000969656564E50DFDCD8D5D6D3D3D0CFCCAC
:10DFB000CCCACAC7C7C45454FFFFACAC585853535B
:10DFC000B4B3AFACAAA9A6A5A3A19F9E9B9B97980B
:10DFD0005959BCBC58585152A8A9A8AAABAEAFB267
:10DFE000B1B5B5B7B5B8B8BB5F60FFFFC5C5585888
:10DFF000514FCDCDCBCBCECEDDDC3737FFFFFFFF92
:10E00000FFFFFFFFFFFFFFFFFFFFFFFFFFFFFFFF20
:10E01000FFFF5353585857596565F0ECF0ECF0ED9D
:10E02000FFFBA0A0FFFFFFFFFFFFFFFFFFFFFFFFC2
:10E03000FFFFFFFFFFFFFFFFFFFFFFFFFFFFFFFFF0
:10E04000FFFFFFFFFFFFFFFFFFFFFFFFFFFFFFFFE0
:10E05000FFFFFFFFFFFFFFFF4A4C585AB5B4E1DD59
:10E06000DEDADDD7D9D5D6D3D4CFCFCCD7D461643F
:10E07000FFFFFFFFFFFFFFFFFFFF53555A5CADADF2
:10E08000A5A6A1A19D9D9798929397989EA19A9FCE
:10E09000C5C6494B5A5CB1BBB7C2B8C4BBC6BEC942
:10E0A000C1CAC3CCC7CFC9D0CDD3CFD4D1D4D3D795
:10E0B000D5D9D8DAD8DBDCDEE0E0494BFFFFFFFF43
:10E0C000FFFFFDFC555756586D6FEDE8ECE8AEDFED
:10E0D00048CC48CC48CC48CC48CC48CC48CC48CCA0
:10E0E00048CC48CC48CC48CC48CC48CC7AD5F0EA8F
:10E0F000EFE9CECB5A5BFFFFFFFF989957595B5E64
:10E10000EFEAECE5ECE6EAE4E8E3E7E2E5E0E6DFA7
:10E110005758FFFF969856585051DCD8D5D2D3D0D7
:10E12000D0CDCCCACAC8C7C4C4C25455FFFFACAD19
:10E13000585A5354B3B3ACACA9A9A5A6A1A29E9EAC
:10E140009B9B9897595DBCBD585A5253A9AFAAB032
:10E15000AEB6B2BBB5BFB7C3B8C5BBC76062FFFF41
:10E16000C5C5585A4F51CDD4CBD1CED2DCE13739C9
:10E17000FFFFFFFFFFFFFFFFFFFFFFFFFFFFFFFFAF
:10E18000FFFFFFFFFFFF5355585A595B6567ECE7E8
:10E19000ECE7EDE8FBF5A0A1FFFFFFFFFFFFFFFFAE
:10E1A000FFFFFFFFFFFFFFFFFFFFFFFFFFFFFFFF7F
:10E1B000FFFFFFFFFFFFFFFFFFFFFFFFFFFFFFFF6F
:10E1C000FFFFFFFFFFFFFFFFFFFFFFFF4A4A585817
:10E1D000B8B6E6E3E4E1E2DFDFDDDCD9D9D6D5D4B9
:10E1E000DEDB6161FFFFFFFFFFFFFFFFFFFF535318
:10E1F000595AB3B2AAA9A6A5A2A29D9C979792929A
:10E2000098989696B8B8FFFF57576A6B6A6B6C6C14
:10E210006E6E6A69C2C3C1C2C3C4C6C6CACACCCC08
:10E22000CFCFD2D0A09F7374747373747575474742
:10E23000FFFFFFFFFFFF878758585757E2DFF0ECDB
:10E24000C7C63F483F483F483F483F483F483F4890
:10E250003F483F483F483F483F483F483F483F4886
:10E260003F489093F4F0F3EFDAD85959FFFF9898AC
:10E2700058575C5CF3F0F1ECF1EBEFECEDEBECE913
:10E28000E9E7EBE75856FFFF96965656504EE0DC0E
:10E29000DBD9D9D5D4D3D2CFCFCCCACAC9C654546E
:10E2A000FFFFACAC58585353B7B7B1B0ADACAAA848
:10E2B000A6A5A3A19E9D9B9A595ABCBC58585252E0
:10E2C000A4A5A5A6A9A9ACAFAEB2B2B5B4B7B6B96C
:10E2D0005F5FFFFFC5C55858514FCACAC9C9CCCCEA
:10E2E000CECEDBD93F3FFFFFFFFFFFFFFFFFFFFF6A
:10E2F000FFFFFFFFFFFFFFFF4545585857574343B8
:10E30000F3F0EEEBF0ECF0ECFEFBA0A0FFFFFFFF64
:10E31000FFFFFFFFFFFFFFFFFFFFFFFFFFFFFFFF0D
:10E32000FFFFFFFFFFFFFFFFFFFFFFFFFFFFFFFFFD
:10E33000FFFFFFFFFFFFFFFFFFFFFFFFFFFFFFFFED
:10E340004A4C585AB6B5E3DEE1DEDFDADDD8D9D57E
:10E35000D6D3D4CFDBD76164FFFFFFFFFFFFFFFF02
:10E36000FFFF53555A5CB2B2A9A9A5A5A2A19C9DD5
:10E3700097989293989A9699B8B9FFFF57596B6EF0
:10E380006B6F6C706E72696DC3CFC2CAC4CCC6CEDF
:10E39000CAD0CCD2CFD4D0D39FA374757375747503
:10E3A00075774749FFFFFFFFFFFF8787585A575987
:10E3B000DFDDECE7C6E148CC48CC48CC48CC48CCC3
:10E3C00048CC48CC48CC48CC48CC48CC48CC48CCAD
:10E3D00048CC48CC48CC93DAF0EAEFE9D8D4595B82
:10E3E000FFFF989957595C5DF0E9ECE8EBE5ECE646
:10E3F000EBE4E9E3E7E2E7E25659FFFF9698565867
:10E400004E52DCD8D9D5D5D3D3CECFCCCCC9CAC8FF
:10E41000C6C55457FFFFACAD585A5355B7B6B0B048
:10E42000ACADA8A9A5A6A1A29D9E9A9A5A5CBCBD16
:10E43000585A5254A5A8A6ACA9B1AFB7B2BCB5C042
:10E44000B7C3B9C55F63FFFFC5C5585A4F51CAD39B
:10E45000C9CFCCD2CED2D9DF3F42FFFFFFFFFFFFB3
:10E46000FFFFFFFFFFFFFFFFFFFFFFFF4547585A7A
:10E4700057594346F0ECEBE7ECE7ECE7FBF5A0A1DE
:10E48000FFFFFFFFFFFFFFFFFFFFFFFFFFFFFFFF9C
:10E49000FFFFFFFFFFFFFFFFFFFFFFFFFFFFFFFF8C
:10E4A000FFFFFFFFFFFFFFFFFFFFFFFFFFFFFFFF7C
:10E4B000FFFFFFFF4A4A5858B9B8E9E5E6E2E4E24F
:10E4C000E2DFDFDDDDDAD8D5E2DF6161FFFFFFFFEC
:10E4D000FFFFFFFFFFFF5353595AB6B5AEADAAA9D0
:10E4E000A6A5A2A19C9A989792929190B8B8FFFF86
:10E4F000FFFFFFFFFFFFF8F857575151C1C2BEBEE3
:10E50000C1C1C4C3C7C7CACACCCDCFCE8D8DFFFF92
:10E51000FFFFFFFFFFFFFFFFFFFFFFFFFFFF484879
:10E520005858494AF6F2EEEB86893F483F483F4843
:10E530003F483F483F483F483F483F483F483F48A3
:10E540003F483F483F483F483F483F48F4F0F4F0D9
:10E55000F3EFDAD85454A0A058575F60F4F0F1ED0F
:10E56000F1ECF1ECEFECECEAECE8EBE95857FFFFEB
:10E57000969656564F4FE1E0DDDADBD8D9D6D4D3A4
:10E58000D3D0CFCCCBCA5554FFFFACAC5858515167
:10E59000BCBAB4B4B0AFAEADAAA8A6A5A3A1A09FC3
:10E5A0005555BCBC585853539F9FA1A2A5A7A8ABD3
:10E5B000ADAFB0B2B2B4B3B75E5FFFFFC5C55858D8
:10E5C0005150C9C9C6C6C9C9CBCBCDCDB0B07A7A76
:10E5D000FFFFFFFFFFFFFFFFFFFFFFFFFFFF4040C9
:10E5E000585857574848FDFAECE9EDEAEDEBF0ECE6
:10E5F000FEFAA0A0FFFFFFFFFFFFFFFFFFFFFFFFEF
:10E60000FFFFFFFFFFFFFFFFFFFFFFFFFFFFFFFF1A
:10E61000FFFFFFFFFFFFFFFFFFFFFFFFFFFFFFFF0A
:10E62000FFFFFFFFFFFFFFFF4A4C585AB8B7E5E076
:10E63000E2DDE2DEDFDADDD8DAD6D5D2DFDB616417
:10E64000FFFFFFFFFFFFFFFFFFFF53555A5CB5B60B
:10E65000ADADA9A9A5A5A1A19A9C979892939093D5
:10E66000B8B9FFFFFFFFFFFFFFFFF8F857595152FE
:10E67000C2CEBEC9C1CAC3CCC7CFCACFCDD2CED3FA
:10E680008D90FFFFFFFFFFFFFFFFFFFFFFFFFFFF7B
:10E69000FFFF484B585A4A4CF2EEEBE789D648CC7C
:10E6A00048CC48CC48CC48CC48CC48CC48CC48CCCA
:10E6B00048CC48CC48CC48CC48CC48CC48CC48CCBA
:10E6C000F0EAF0EAEFE9D8D45456A0A157596062B5
:10E6D000F0EAEDE7ECE8ECE5ECE6EAE4E8E3E9E4AF
:10E6E0005759FFFF969856584F52E0DBDAD7D8D4E7
:10E6F000D6D3D3CED0CDCCC9CAC85456FFFFACAD0B
:10E70000585A5155BAB9B4B2AFB0ADADA8A9A5A584
:10E71000A1A29F9E5557BCBD585A53559FA3A2A670
:10E72000A7ABABB2AFB6B2BCB4BFB7C35F63FFFFBA
:10E73000C5C5585A5051C9D1C6CFC9CECBD1CDD2FB
:10E74000B0B57A7BFFFFFFFFFFFFFFFFFFFFFFFF7B
:10E75000FFFF4042585A5759484BFAF7E9E6EAE6B4
:10E76000EBE7ECE7FAF4A0A1FFFFFFFFFFFFFFFFDD
:10E77000FFFFFFFFFFFFFFFFFFFFFFFFFFFFFFFFA9
:10E78000FFFFFFFFFFFFFFFFFFFFFFFFFFFFFFFF99
:10E79000FFFFFFFFFFFFFFFFFFFFFFFF4A4A585841
:10E7A000BAB8EAE6E9E5E6E3E4E2E3DFDFDDDDD996
:10E7B000E6E26161FFFFFFFFFFFFFFFFFFFF535333
:10E7C000595ABBBAB3B2B0ADAAA9A6A6A1A09C9B48
:10E7D00097978A8DB8B8FFFFFFFFFFFFFFFFEBEBB6
:10E7E00057575151BDC0BABBBEBFC1C1C4C4C7C7D2
:10E7F000CACACCCC8C8DF7F7FFFFFFFFFFFFFFFFEE
:10E80000FFFFFFFFF0F0565657578182EAE7ECE82A
:10E8100085893F483F483F483F486E75B6B9FFFF7E
:10E82000FFFF8C913F483F483F483F483F483F48A3
:10E830003F483F48AFB0F4F0F4F0F3EFDCD94F4F6E
:10E8400057576261F3EFF3EFF0EDF1ECF1EBEFEC22
:10E85000EDEBEDEA5857FFFF969656564F4FE5E21F
:10E86000DFDDDEDBDBD8D9D5D5D4D3D0D0CD545540
:10E87000FFFFACAC58585252BFBEB7B7B4B3B1B13A
:10E88000ADABA9A9A5A4A3A25353BCBC58585253DD
:10E890009A9A9C9CA1A2A6A7AAABACAEB0B2B2B603
:10E8A0005F60FFFFC5C558585150C6C7C3C4C6C630
:10E8B000C8C8CBCBCECE7272CBCBFFFFFFFFFFFF22
:10E8C000FFFFFFFF7D7D585857585555F2EFE7E49D
:10E8D000E9E6ECE9ECE8EDEAFDFAA0A0FFFFFFFFB6
:10E8E000FFFFFFFFFFFFFFFFFFFFFFFFFFFFFFFF38
:10E8F000FFFFFFFFFFFFFFFFFFFFFFFFFFFFFFFF28
:10E90000FFFFFFFFFFFFFFFFFFFFFFFFFFFFFFFF17
:10E910004A4C585AB8B7E6E1E5E0E3DEE2DEDFD97B
:10E92000DDD7D9D5E2DE6164FFFFFFFFFFFFFFFF08
:10E93000FFFF53555A5CBAB9B2B2ADADA9A9A6A5AD
:10E94000A0A09B9C97988D8EB8B9FFFFFFFFFFFF9B
:10E95000FFFFEBEA57595152C0CCBBC6BFC9C1C972
:10E96000C4CCC7CECAD0CCD28D8FF7F7FFFFFFFF44
:10E97000FFFFFFFFFFFFFFFFF0F05659575982835B
:10E98000E7E4E8E689D648CC48CC48CC48CC75D9F1
:10E99000B9ECFFFFFFFF91E048CC48CC48CC48CC15
:10E9A00048CC48CC48CC48CCB0DFF0EAF0EAEFE9FC
:10E9B000D9D54F5157596164EFE9EFE9EDE7ECE83C
:10E9C000EBE5ECE6EBE4EAE45759FFFF969856587E
:10E9D0004F52E2DDDDD8DBD7D8D4D5D3D4CFD0CDDC
:10E9E000CDC95556FFFFACAD585A5254BEBDB7B64F
:10E9F000B3B2B1B1ABACA9A8A4A5A2A35355BCBDF9
:10EA0000585A53559A9C9CA0A2A6A7ADABB2AEB7DC
:10EA1000B2BCB6C16062FFFFC5C5585A5051C7CFDE
:10EA2000C4CCC6CEC8D0CBD1CED27274CBCDFFFF72
:10EA3000FFFFFFFFFFFFFFFF7D7F585A585A5557D2
:10EA4000EFEDE4E3E6E3E9E6E8E6EAE7FAF4A0A1BD
:10EA5000FFFFFFFFFFFFFFFFFFFFFFFFFFFFFFFFC6
:10EA6000FFFFFFFFFFFFFFFFFFFFFFFFFFFFFFFFB6
:10EA7000FFFFFFFFFFFFFFFFFFFFFFFFFFFFFFFFA6
:10EA8000FFFFFFFF4A4A5858BAB9EBE7EBE7E7E563
:10EA9000E6E3E4E1E2DFDFDCEAE56060FFFFFFFFE1
:10EAA000FFFFFFFFFFFF5353595ABFBDB7B5B2B1C8
:10EAB000AEADAAA9A4A4A0A09B9A908FB6B6FFFF62
:10EAC000FFFFFFFFFFFFEBEB57575151BCBEB5B93E
:10EAD000BABCBDBEC0C2C4C3C7C7CACA8C8CF7F714
:10EAE000FFFFFFFFFFFFFFFFFFFFFFFF6C6C5858AA
:10EAF0005656E9E7E9E6EBE884883F483F488287D5
:10EB0000ADADFFFFFFFFFFFFFFFFFFFFFFFF3F4830
:10EB10003F483F483F483F483F483F486B71F4F00B
:10EB2000F4F0F4F0F3EFE7E552516261F5F1F3EF41
:10EB3000F3EFEFEDF1ECF1EBF0ECEEEC5858FFFFFA
:10EB4000969656564F4FE7E4E2DFDFDDDEDBDAD89C
:10EB5000D8D4D5D3D4D15454FFFFACAC585852526A
:10EB6000C2BFBCBAB8B6B5B3B0B0ADACA9A8A7A681
:10EB70005353BCBC58585353949398989C9DA1A34D
:10EB8000A6A7A9ABADAFB0B25F5FFFFFC5C5585830
:10EB90004F4FC3C4C2C2C4C5C6C6C9C9CBCBD3D2EA
:10EBA0004545FFFFFFFFFFFFFFFFD0D058585858E3
:10EBB0005858B3B3E5E1E6E3E7E4E9E6EBE9ECE96D
:10EBC000FCF9A0A0FFFFFFFFFFFFFFFFFFFFFFFF1C
:10EBD000FFFFFFFFFFFFFFFFFFFFFFFFFFFFFFFF45
:10EBE000FFFFFFFFFFFFFFFFFFFFFFFFFFFFFFFF35
:10EBF000FFFFFFFFFFFFFFFF4A4C585AB9B7E7E29C
:10EC0000E7E2E5DFE3DEE1DEDFDADCD8E5E0606203
:10EC1000FFFFFFFFFFFFFFFFFFFF53555A5CBDBC27
:10EC2000B5B5B1B1ADADA9A9A4A4A09F9A9B8F9091
:10EC3000B6B7FFFFFFFFFFFFFFFFEBEA5759515247
:10EC4000BECAB9C4BCC6BEC8C2C9C3CBC7CECAD06F
:10EC50008C8FF7F7FFFFFFFFFFFFFFFFFFFFFFFFB7
:10EC60006C6F585A5658E7E4E6E3E8E588D648CC96
:10EC700048CC87D4ADAEFFFFFFFFFFFFFFFFFFFFD4
:10EC8000FFFF48CC48CC48CC48CC48CC48CC48CCFA
:10EC900071D4F0EAF0EAF0EAEFE9E5DF515461649B
:10ECA000F1EBEFE9EFE9EDE7ECE8EBE5ECE6ECE5BD
:10ECB0005858FFFF969856584F51E4E0DFDBDDD9F6
:10ECC000DBD7D8D4D4D2D3CFD1CE5456FFFFACADFE
:10ECD000585A5254BFBEBAB9B6B6B3B2B0B0ACAC63
:10ECE000A8A8A6A65355BCBD585A535593949899B5
:10ECF0009DA0A3A8A7ADABB2AFB7B2BC5F62FFFF48
:10ED0000C5C5585A4F51C4CFC2CAC5CCC6CEC9CF4B
:10ED1000CBD1D2D74547FFFFFFFFFFFFFFFFD0D189
:10ED2000585A585A585AB3B3E1E0E3E1E4E3E6E352
:10ED3000E9E6E9E5F9F4A0A1FFFFFFFFFFFFFFFF10
:10ED4000FFFFFFFFFFFFFFFFFFFFFFFFFFFFFFFFD3
:10ED5000FFFFFFFFFFFFFFFFFFFFFFFFFFFFFFFFC3
:10ED6000FFFFFFFFFFFFFFFFFFFFFFFF4A4A58586B
:10ED7000BABAEDEAECE7EBE7E8E5E6E3E4E1E1DE89
:10ED8000EDE97272FFFFFFFFFFFFFFFFFFFF53532D
:10ED9000595AC2C1BAB8B6B5B1B1AEADA9A7A4A40B
:10EDA000A09F9392D7D7FFFFFFFFFFFFFFFFEBEB83
:10EDB00057575151B9BCB4B8B7B9BBBCBFC0C2C238
:10EDC000C4C5C7C78B8CF7F7FFFFFFFFFFFFFFFF2F
:10EDD000FFFFFFFF4B4B58584949EBE8E7E4E8E6F3
:10EDE000C3C35058EDEAF9F43C3DFFFFFFFFFFFFBE
:10EDF000FFFFFFFFFFFFD2D43F483F483F483F4857
:10EE00003F483F48636AF4F0F4F0F4F0F4F0F3EFB5
:10EE1000E8E55C5CF5F1F4F0F3EFF3EFEFEDF1EC26
:10EE2000F1EBF0EC5757FFFF969656564F4FEAE539
:10EE3000E4E1E2DFDFDDDEDBDBD8D8D4D5D3555526
:10EE4000FFFFACAC58585252C5C2BEBCBBB9B8B734
:10EE5000B4B3B0B1ADACAAA95253BCBC58585353CB
:10EE6000979792929A989D9EA2A3A6A7A9AAAEAFA1
:10EE70005C5DFFFFB5B558584F4FC1C1BFC0C1C29F
:10EE8000C4C4C7C7C9C9CCCCDBDB3837FFFFFFFF21
:10EE9000FFFF535358585858696AE2DFE3E0E4E251
:10EEA000E6E3E8E5E8E7EBE8FBF8A0A0FFFFFFFFFB
:10EEB000FFFFFFFFFFFFFFFFFFFFFFFFFFFFFFFF62
:10EEC000FFFFFFFFFFFFFFFFFFFFFFFFFFFFFFFF52
:10EED000FFFFFFFFFFFFFFFFFFFFFFFFFFFFFFFF42
:10EEE0004A4C585ABAB9EAE4E7E3E7E2E5E0E3DE80
:10EEF000E1DCDEDAE9E37274FFFFFFFFFFFFFFFFF3
:10EF0000FFFF53555A5CC1BEB8B7B5B4B1B1ADAD92
:10EF1000A7A7A4A39F9F9294D7D8FFFFFFFFFFFF4F
:10EF2000FFFFEBEA57595153BCC8B8C3B9C5BCC6BB
:10EF3000C0C9C2CBC5CCC7CE8C8EF7F7FFFFFFFF91
:10EF4000FFFFFFFFFFFFFFFF4B4D585A494BE8E71C
:10EF5000E4E2E6E2C3DF58CEEAE7F4EF3D3FFFFF2D
:10EF6000FFFFFFFFFFFFFFFFFFFFD4F348CC48CCBC
:10EF700048CC48CC48CC48CC6AD2F0EAF0EAF0EA77
:10EF8000F0EAEFE9E5E15C5FF1EBF0EAEFE9EFE9E8
:10EF9000EDE7ECE7EBE5ECE75758FFFF969856589E
:10EFA0004F50E5DFE1DCDFDADDD8DBD7D8D4D4D2CF
:10EFB000D3CE5557FFFFACAD585A5254C2C2BCBB5A
:10EFC000B9B9B7B6B3B2B1B0ACACA9A95355BCBDD1
:10EFD000585A535597989293989A9EA2A3A8A7AE71
:10EFE000AAB2AFB95D5FFFFFB5B7585A4F50C1CD58
:10EFF000C0CAC2CAC4CCC7CFC9CFCCD2DBE1373A72
:10F00000FFFFFFFFFFFF5355585A585A6A6BDFDF67
:10F01000E0DFE2E1E3E1E5E2E7E4E8E6F8F3A0A11E
:10F02000FFFFFFFFFFFFFFFFFFFFFFFFFFFFFFFFF0
:10F03000FFFFFFFFFFFFFFFFFFFFFFFFFFFFFFFFE0
:10F04000FFFFFFFFFFFFFFFFFFFFFFFFFFFFFFFFD0
:10F05000FFFFFFFF4A4A5858BCBAEFEBEDEAEBE777
:10F06000EAE5E7E4E6E3E3E0EDEB7171FFFFFFFFC4
:10F07000FFFFFFFFFFFF5353595AC7C5BEBCBAB8C5
:10F08000B6B5B2B1ADACA9A8A4A39798D6D6FFFFE8
:10F09000FFFFFFFFFFFFEBEB57575151B6B8B3B57A
:10F0A000B4B7B7BABBBCBFBFC2C2C4C38989F7F784
:10F0B000FFFFFFFFFFFFFFFFFFFFDEDE5757575742
:10F0C0009291E3E0E6E3E7E4E8E6EBE8ECE8EEEA79
:10F0D0007D7DFFFFFFFFFFFFFFFFFFFFFFFFFFFF44
:10F0E0003F483F483F483F483F483F48636AF4F045
:10F0F000F4F0F4F0F4F0F4F0F3EFEBE8F4F0F4F003
:10F10000F4F0F3EFF3EFF0EDF1ECF2EC5353FFFF1B
:10F11000969656564E4FEBE8E7E2E4E1E1DFDFDD9D
:10F12000DDD9DAD8D8D55353FFFF9D9D5858515299
:10F13000C9C7C1BFBEBCBBB9B8B6B4B3B0AFADAC44
:10F140005353BCBC585853539C9B969591929B9A91
:10F150009D9EA3A4A7A7AAAB5C5CFFFFB5B55858BA
:10F160004F4FBEBFBCBDC0C1C1C2C4C5C7C6CACA5D
:10F17000CCCCD8D84141FFFF444458585858454555
:10F18000E2E0DFDEE2DFE3E0E5E2E6E3E8E5EAE64F
:10F19000FAF7A7A7FFFFFFFFFFFFFFFFFFFFFFFF3C
:10F1A000FFFFFFFFFFFFFFFFFFFFFFFFFFFFFFFF6F
:10F1B000FFFFFFFFFFFFFFFFFFFFFFFFFFFFFFFF5F
:10F1C000FFFFFFFFFFFFFFFF4A4C585ABAB9EBE6BB
:10F1D000EAE4E7E2E5E0E4DFE3DEE0DCEBE57173DF
:10F1E000FFFFFFFFFFFFFFFFFFFF53555A5CC5C343
:10F1F000BCBBB8B7B5B4B1B1ACACA8A7A3A3989742
:10F20000D6D7FFFFFFFFFFFFFFFFEBEA5759515330
:10F21000B8C3B5C0B7C4BAC6BCC7BFC9C2CBC3CBDD
:10F22000898DF7F7FFFFFFFFFFFFFFFFFFFFDEDF27
:10F23000575957599193E0DFE3E2E4E2E6E3E8E56A
:10F24000E8E6EAE77D7EFFFFFFFFFFFFFFFFFFFF2E
:10F25000FFFFFFFF48CC48CC48CC48CC48CC48CC3A
:10F260006AD2F0EAF0EAF0EAF0EAF0EAEFE9E8E47C
:10F27000F0EAF0EAF0EAEFE9EFE9EDE7ECE7ECE6D7
:10F280005356FFFF969856584F52E8E2E2DDE1DD13
:10F29000DFD9DDD8D9D5D8D4D5D25354FFFF9D9E20
:10F2A000585A5254C7C4BFBFBCBBB9B9B6B6B3B243
:10F2B000AFAFACAD5356BCBD585A53559B9C9595BA
:10F2C00092939A9C9EA2A4A7A7AEABB45C5FFFFFEB
:10F2D000B5B6585A4F50BFCBBDC8C1CAC2CAC5CDBA
:10F2E000C6CECAD0CCD2D8DE4144FFFF4446585ADD
:10F2F000585A4548E0E2DEDDDFE0E0DFE2E1E3E14D
:10F30000E5E2E6E3F7F3A7A9FFFFFFFFFFFFFFFF3B
:10F31000FFFFFFFFFFFFFFFFFFFFFFFFFFFFFFFFFD
:10F32000FFFFFFFFFFFFFFFFFFFFFFFFFFFFFFFFED
:10F33000FFFFFFFFFFFFFFFFFFFFFFFF4A4A585895
:10F34000BAB9F1EAEFEAEDEAEBE7EAE6E7E4E7E18A
:10F35000F1ED7171FFFFFFFFFFFFFFFFFFFF535351
:10F36000595ACAC7C2BFBEBCB9B9B5B4B1AFACABCC
:10F37000A9A79C9BD7D7FFFFFFFFFFFFFFFFEBEB8A
:10F3800057575252B2B5B0B2B4B5B5B7B8BABBBDA3
:10F39000BFC0C1C28889F6F6FFFFFFFFFFFFFFFF76
:10F3A000FFFF626258585455E5E3E1DEE4E1E5E32E
:10F3B000E7E4E8E6ECE9ECEAEFEB9F9FFFFFFFFFF5
:10F3C000FFFFFFFFFFFFF6F63F483F483F483F483B
:10F3D0003F483F48888BF4F0F4F0F4F0F4F0F4F098
:10F3E000F4F0F4F0F4F0F4F0F4F0F4F0F3EFF3EF01
:10F3F000EFEDF2EE5353FFFF969656564E4FECE864
:10F40000E7E4E7E3E3E0E2DFDFDDDCD9DAD952531A
:10F41000FFFF9D9D58585151CBC9C5C3C0BEBEBC4E
:10F42000BAB8B7B6B4B2B0B05353BCBC58585252C5
:10F43000A09F9999949593929B9A9F9FA3A4A8A902
:10F440005C5DFFFFB5B558584F4FBBBDB9BCBDBEE5
:10F45000BFC0C1C3C4C4C7C7CACACDCDABAB474781
:10F46000585857574A4BECEADCD9DEDCDFDEE1DFE7
:10F47000E3E0E5E2E7E3E7E4F8F4B3B2FFFFFFFF20
:10F48000FFFFFFFFFFFFFFFFFFFFFFFFFFFFFFFF8C
:10F49000FFFFFFFFFFFFFFFFFFFFFFFFFFFFFFFF7C
:10F4A000FFFFFFFFFFFFFFFFFFFFFFFFFFFFFFFF6C
:10F4B0004A4C585AB9B8EAE4EAE6EAE4E7E2E6E197
:10F4C000E4DEE1DDEDE87173FFFFFFFFFFFFFFFF0B
:10F4D000FFFF53555A5CC7C6BFBEBCBAB9B7B4B478
:10F4E000AFAFABABA7A79B9CD7D8FFFFFFFFFFFF3A
:10F4F000FFFFEBEA57595253B5BEB2BDB5C1B7C312
:10F50000BAC5BDC7C0C9C2CB898DF6F6FFFFFFFFE4
:10F51000FFFFFFFFFFFF6264585A5557E3E3DEDF4A
:10F52000E1DFE3E2E4E3E6E3E9E6EAE5EBE89FA016
:10F53000FFFFFFFFFFFFFFFFFFFFF6F648CC48CCC1
:10F5400048CC48CC48CC48CC8BD8F0EAF0EAF0EA7A
:10F55000F0EAF0EAF0EAF0EAF0EAF0EAF0EAF0EADB
:10F56000EFE9EFE9EDE7EEE85356FFFF96985658BE
:10F570004F51E8E3E4DFE3DDE0DCDFD9DDD8D9D5C6
:10F58000D9D55355FFFF9D9E585A5154C9C5C3C084
:10F59000BEBEBCBBB8B9B6B5B2B2B0B05355BCBDB7
:10F5A000585A52559FA09999959692949A9B9FA3C9
:10F5B000A4A8A9AF5D5EFFFFB5B6585A4F50BDCAAB
:10F5C000BCC6BEC8C0CBC3CCC4CCC7CECAD0CDD3BA
:10F5D000ABB0474A585A57594B4DEAEDD9DBDCDD01
:10F5E000DEDDDFE0E0DFE2E2E3E1E4E2F4F0B2B34B
:10F5F000FFFFFFFFFFFFFFFFFFFFFFFFFFFFFFFF1B
:10F60000FFFFFFFFFFFFFFFFFFFFFFFFFFFFFFFF0A
:10F61000FFFFFFFFFFFFFFFFFFFFFFFFFFFFFFFFFA
:10F62000FFFFFFFF4A4A5858D5D3F1ECF0EBEDEA63
:10F63000EDE9E9E7E9E5E6E3F5F07171FFFFFFFFCA
:10F64000FFFFFFFFFFFF53535859CFCCC5C3C1C0C5
:10F65000BDBBB9B8B4B3B0AFACAB9F9ED6D6FFFFBD
:10F66000FFFFFFFFFFFFEBEB57575151AEB0ACAFC1
:10F67000B2B4B3B5B3B7B8BABCBCBFC08788FBFBE4
:10F68000FFFFFFFFFFFFFFFFFFFF4D4D58584C4CA2
:10F69000E0DEDFDDE1DEE4E1E6E3E7E4E9E6EBE935
:10F6A000F3F03C3CFFFFFFFFFFFFFFFFFFFFB0B3A6
:10F6B0003F483F483F483F483F483F48F3F0F4F059
:10F6C000F4F0F4F0F4F0F4F0F4F0F4F0F4F0F4F01A
:10F6D000F4F0F4F0F3EFF3EFF3EFF1EE5454FFFF37
:10F6E000969656564E4EEEE9E9E5E7E4E7E2E3E0AA
:10F6F000E1DEDEDDDCD95352FFFF9D9D58585151AC
:10F70000CFCBC7C5C4C2C1BFBEBBBBB8B7B6B4B30D
:10F710005353BCBC58585151A3A29D9C98989492A5
:10F7200093939A9A9F9FA3A55C5DFFFFB5B5585828
:10F73000504FB8BAB7B9BABCBDBDC0C1C1C3C5C4CA
:10F74000C8C8C9C9CDCD6A6A58585454DFDED6D668
:10F75000DAD8DBD9DEDCE0DEE2DFE4E1E5E3E7E4B2
:10F76000F7F3B3B3FFFFFFFFFFFFFFFFFFFFFFFF55
:10F77000FFFFFFFFFFFFFFFFFFFFFFFFFFFFFFFF99
:10F78000FFFFFFFFFFFFFFFFFFFFFFFFFFFFFFFF89
:10F79000FFFFFFFFFFFFFFFF4A4C585AD3D0ECE7B3
:10F7A000EBE5EAE5E9E4E7E2E5E0E3DEF0EA7172E1
:10F7B000FFFFFFFFFFFFFFFFFFFF5355595BCCCA61
:10F7C000C3C1C0BEBBBAB8B8B3B3AFB0ABAB9E9FFA
:10F7D000D6D8FFFFFFFFFFFFFFFFEBEA575951535A
:10F7E000B0B8AFB7B4BEB5C1B7C4BAC6BCC8C0CA5A
:10F7F000888BFBFBFFFFFFFFFFFFFFFFFFFF4D4F6E
:10F80000585A4C4EDEE0DDDDDEE0E1E0E3E2E4E22A
:10F81000E6E3E9E6F0EC3C3EFFFFFFFFFFFFFFFF02
:10F82000FFFFB3E648CC48CC48CC48CC48CC48CCC9
:10F83000F0EAF0EAF0EAF0EAF0EAF0EAF0EAF0EAF8
:10F84000F0EAF0EAF0EAF0EAEFE9EFE9EFE9EEE8F2
:10F850005456FFFF969856584E51E9E4E5E0E4DF30
:10F86000E2DDE0DBDEDADDD8D9D65255FFFF9D9E22
:10F87000585A5153CBC9C5C2C2C0BFBEBBBAB8B833
:10F88000B6B5B3B15355BCBD585A5153A2A29C9DB5
:10F890009899929493949A9D9FA3A5AA5D5FFFFF68
:10F8A000B5B6585A4F51BAC7B9C5BCC6BDC9C1CB08
:10F8B000C3CDC4CCC8CEC9CFCDD36A6D585A545627
:10F8C000DEE1D6D8D8DBD9DBDCDDDEDDDFE0E1E070
:10F8D000E3E2E4E2F3EFB3B4FFFFFFFFFFFFFFFF5C
:10F8E000FFFFFFFFFFFFFFFFFFFFFFFFFFFFFFFF28
:10F8F000FFFFFFFFFFFFFFFFFFFFFFFFFFFFFFFF18
:10F90000FFFFFFFFFFFFFFFFFFFFFFFF4A4A5858BF
:10F91000D6D4F0EEF1ECF0ECEDEAECE8EAE7E9E55C
:10F92000F5F27171FFFFFFFFFFFFFFFFFFFF535372
:10F930005859D1D0C9C7C6C3C1C0BEBBB9B8B4B38A
:10F94000B1AFA3A1D6D6FFFFFFFFFFFFFFFFEBEB99
:10F9500057575251AAABA8AAADB0B0B2B4B6B5B819
:10F96000B8BBBBBD8686FBFBFFFFFFFFFFFFFFFFB2
:10F97000CFCF57575758A3A3DBD8DDDBDFDCE1DF60
:10F98000E4E1E5E3E7E4E9E6EBE98B8CFFFFFFFF69
:10F99000FFFFFFFFFFFF3F483F483F483F483F48CA
:10F9A0003F483F48F3EEF4F0F4F0F4F0F4F0F4F0F4
:10F9B000F4F0F4F0F4F0F4F0F4F0F4F0F4F0F4F027
:10F9C000F3EFF4F05453FFFF969656565454EFEB72
:10F9D000EBE6E8E5E6E3E6E1E3E0E1DEE1DE535312
:10F9E000FFFF9D9D58585151D1CDCBC7C7C5C5C349
:10F9F000C1C0BEBABAB9B8B65252BCBC58585251BE
:10FA0000A7A5A1A09D9C9897959394949A9A9E9F40
:10FA10005B5CFFFFB5B55858504FB7B9B5B6B6B92E
:10FA2000B9BCBEBFC0C1C1C2C5C4C7C7CACAD1D193
:10FA30004647ACACD4D2D5D3D6D6DAD7DBD9DDDBCA
:10FA4000E0DEE2DFE3E0E4E3F4F1B3B3FFFFFFFF66
:10FA5000FFFFFFFFFFFFFFFFFFFFFFFFFFFFFFFFB6
:10FA6000FFFFFFFFFFFFFFFFFFFFFFFFFFFFFFFFA6
:10FA7000FFFFFFFFFFFFFFFFFFFFFFFFFFFFFFFF96
:10FA80004A4C585AD4CFEEE7ECE7ECE6EAE4E8E378
:10FA9000E7E2E5E0F2EB7172FFFFFFFFFFFFFFFF20
:10FAA000FFFF5355595BD0CEC7C4C3C1C0BEBBBA5C
:10FAB000B8B6B3B3AFAFA1A2D6D7FFFFFFFFFFFF2A
:10FAC000FFFFEBEA57595153ABB1AAB1B0B9B2BD80
:10FAD000B6C2B8C3BBC6BDC8868CFBFBFFFFFFFF29
:10FAE000FFFFFFFFCFD05759585AA3A5D8DBDBDC67
:10FAF000DCDDDFE0E1E0E3E2E4E3E6E3E9E68C8D90
:10FB0000FFFFFFFFFFFFFFFFFFFF48CC48CC48CCC3
:10FB100048CC48CC48CC48CCEEE8F0EAF0EAF0EA31
:10FB2000F0EAF0EAF0EAF0EAF0EAF0EAF0EAF0EA05
:10FB3000F0EAF0EAEFE9F0EA5356FFFF96985658DC
:10FB40005457EBE6E6E1E5DFE3DEE1DDE0DBDED9BD
:10FB5000DED95355FFFF9D9E585A5153CDCBC7C593
:10FB6000C5C2C3C0C0BDBABAB9B8B6B65255BCBD9D
:10FB7000585A5153A5A5A0A09C9D979993949494ED
:10FB80009A9D9FA35C5FFFFFB5B6585A4F51B9C607
:10FB9000B6C2B9C5BCC6BFC9C1CBC2CDC4CCC7CD26
:10FBA000CAD0D1D84749ACB0D2D6D3D7D6D8D7DA75
:10FBB000D9DBDBDDDEDDDFE0E0E0E3E2F1EEB3B494
:10FBC000FFFFFFFFFFFFFFFFFFFFFFFFFFFFFFFF45
:10FBD000FFFFFFFFFFFFFFFFFFFFFFFFFFFFFFFF35
:10FBE000FFFFFFFFFFFFFFFFFFFFFFFFFFFFFFFF25
:10FBF000FFFFFFFF4A4A5858D6D4F3EFF0EDF1EC7F
:10FC0000EFECECEAECE9EAE7F9F37171FFFFFFFFD3
:10FC1000FFFFFFFFFFFF53535859D5D3CCC9C9C6C7
:10FC2000C5C3C1C0BCBCB8B9B4B4A6A6D6D6FFFF84
:10FC3000FFFFFFFFFFFFEBEB57575252A6A6A4A60C
:10FC4000A9A9ADAFB1B3B3B6B3B7B8BA8486FBFB5D
:10FC5000FFFFFFFFFFFFFFFF555558585352DFDEF0
:10FC6000D7D6DAD9DDDBE0DDE3E0E3E0E5E4E8E5A3
:10FC7000E9E6F3F08D8DFFFFFFFFB6B93F483F483F
:10FC80003F483F483F483F483F48D9D6F3EFF3EE5F
:10FC9000F4F0F4F0F4F0F4F0F4F0F4F0F4F0F4F044
:10FCA000F4F0F4F0F4F0F4F0F3EFF4F05453FFFF59
:10FCB000969656565454F0EDECE8EBE6E9E5E6E3AB
:10FCC000E7E2E4E0E2DF5353FFFF9D9D58585051B7
:10FCD000D4D1CDCACAC7C7C5C3C2C1BFBDBCBBB9D9
:10FCE0005252BCBC58585151AAA9A4A2A1A09C9B95
:10FCF0009898949394949A9C5C5CFFFFB5B558587F
:10FD00005050B6B8B4B6B4B7B7B9BBBBBDBEC0C02F
:10FD1000C2C3C4C4C7C7CACAD2D2CFCED1D0D4D22C
:10FD2000D5D2D7D5D9D8DCDADEDCDFDDE2DFE3E01F
:10FD3000F3F0B3B3FFFFFFFFFFFFFFFFFFFFFFFF86
:10FD4000FFFFFFFFFFFFFFFFFFFFFFFFFFFFFFFFC3
:10FD5000FFFFFFFFFFFFFFFFFFFFFFFFFFFFFFFFB3
:10FD6000FFFFFFFFFFFFFFFF4A4C585AD4CFEFE9D8
:10FD7000EDE7ECE7ECE6EAE4E9E3E7E2F3ED7172E4
:10FD8000FFFFFFFFFFFFFFFFFFFF5355595BD3D07E
:10FD9000C9C7C6C3C3C1C0BEBCBBB9B6B4B3A6A6AF
:10FDA000D6D7FFFFFFFFFFFFFFFFEBEA5759525483
:10FDB000A6ABA6ACA9B2AFB8B3BEB6C2B7C4BAC5FB
:10FDC000868AFBFBFFFFFFFFFFFFFFFF5557585AD7
:10FDD0005254DEE1D6D8D9DBDBDDDDDDE0E0E0E06A
:10FDE000E4E2E5E2E6E3F0ED8D8FFFFFFFFFB9EC23
:10FDF00048CC48CC48CC48CC48CC48CC48CCD6E4BD
:10FE0000EFE7EEE8F0EAF0EAF0EAF0EAF0EAF0EA2A
:10FE1000F0EAF0EAF0EAF0EAF0EAF0EAEFE9F0EA14
:10FE20005356FFFF969856585455EDE7E8E3E6E140
:10FE3000E5E0E3DFE2DDE0DBDFDA5355FFFF9D9E27
:10FE4000585A5153D1CECAC8C7C5C5C3C2BFBFBE19
:10FE5000BCBAB9B85254BCBD585A5153A9A9A2A3AF
:10FE6000A0A09B9C9899939494969C9C5C5FFFFFA8
:10FE7000B5B6585A5051B8C2B6C1B7C3B9C6BBC55A
:10FE8000BEC8C0CBC3CDC4CCC7CECAD0D2D8CED3C7
:10FE9000D0D4D2D6D2D6D5D8D8DADADBDCDDDDDCE8
:10FEA000DFE0E0E0F0EEB3B4FFFFFFFFFFFFFFFF96
:10FEB000FFFFFFFFFFFFFFFFFFFFFFFFFFFFFFFF52
:10FEC000FFFFFFFFFFFFFFFFFFFFFFFFFFFFFFFF42
:10FED000FFFFFFFFFFFFFFFFFFFFFFFF4A4A5858EA
:10FEE000D6D4F2EEF3EFF0EDF1EDEFECEDEAEDE963
:10FEF000FBF67372FFFFFFFFFFFFFFFFFFFF535390
:10FF00005859D9D6D0CDCAC9C8C6C5C4C0BFBCBB54
:10FF1000B8B7A0A0D7D7FFFFFFFFFFFFFFFFEBEBB6
:10FF2000575752529EA0A1A1A5A7A9ACAEB0B1B39C
:10FF3000B4B6B5B87D7EFBFBFFFFFFFFFFFFFFFF01
:10FF4000505057575757D6D4D5D4D8D7DAD8DDDB49
:10FF5000E0DDE2DFE4E13F483F483F483F483F48BB
:10FF60003F483F483F483F483F483F483F483F4859
:10FF7000B9B9F2ECF1EDF3EFF3EEF4F0F4F0F4F0E4
:10FF8000F4F0F4F0F4F0F4F0F4F0F4F0F4F0F4F051
:10FF9000F4F0F4F05453FFFF969656565454F1EC97
:10FFA000EDE9ECE6EBE6E9E5E6E4E6E3E5DF54530C
:10FFB000FFFF9D9D58585150D7D4CFCBCCCACBC84A
:10FFC000C7C4C3C2C0BFBEBC5353BCBC58585050BA
:10FFD000ADACA7A6A4A3A09F9B9B97979393959541
:10FFE0005050FFFFB5B558585050B3B4B3B4B4B681
:10FFF000B5B7B7BABABCBEBFC1C1C2C3C5C5C8C810
:020000022000DC
:10000000CACACCCCCFCFD2D0D3D1D5D4D7D5DBD9D7
:10001000DCD9DDDBE1DEE2DFF1EEB3B3FFFFFFFFB2
:10002000FFFFFFFFFFFFFFFFFFFFFFFFFFFFFFFFE0
:10003000FFFFFFFFFFFFFFFFFFFFFFFFFFFFFFFFD0
:10004000FFFFFFFFFFFFFFFFFFFFFFFFFFFFFFFFC0
:100050004A4C585AD4CFEEE8EFE9EDE7EDE7ECE68D
:10006000EAE4E9E4F6F07275FFFFFFFFFFFFFFFF30
:10007000FFFF5355595BD6D3CDC9C9C7C6C4C4C049
:10008000BFBDBBBBB7B6A0A1D7D8FFFFFFFFFFFF27
:10009000FFFFEBEA57595254A0A3A1A6A7ADACB2FB
:1000A000B0B9B3BDB6C3B8C47E83FBFBFFFFFFFF8F
:1000B000FFFFFFFF505257595759D4D8D4D8D7D83B
:1000C000D8DBDBDCDDDCDFE0E1E048CC48CC48CC51
:1000D00048CC48CC48CC48CC48CC48CC48CC48CC80
:1000E00048CC48CCB9DFECE8EDE8EFE7EEE8F0EA21
:1000F000F0EAF0EAF0EAF0EAF0EAF0EAF0EAF0EA30
:10010000F0EAF0EAF0EAF0E95356FFFF9698565805
:100110005455ECE8E9E4E6E2E6E1E5E0E4DFE3DDBE
:10012000DFDC5354FFFF9D9E585A5053D4D0CBCAA6
:10013000CAC8C8C5C4C3C2BFBFBDBCBB5355BCBD84
:10014000585A5053ACACA6A7A3A39F9F9B9B9798CC
:10015000939495965052FFFFB5B6585A5051B4BE7D
:10016000B4BEB6C2B7C3BAC5BCC6BFC8C1CBC3CC88
:10017000C5CDC8CECAD0CCD2CFD3D0D4D1D6D4D787
:10018000D5D8D9DAD9DADBDEDEDDDFE0EEEDB3B4E7
:10019000FFFFFFFFFFFFFFFFFFFFFFFFFFFFFFFF6F
:1001A000FFFFFFFFFFFFFFFFFFFFFFFFFFFFFFFF5F
:1001B000FFFFFFFFFFFFFFFFFFFFFFFFFFFFFFFF4F
:1001C000FFFFFFFF4A4A5858D6D4F4F0F3EFF3EF9D
:1001D000F0EEF1EDF0ECEDEBFCF77272FFFFFFFFDC
:1001E000FFFFFFFFFFFF53535859DCDAD3D0CFCCCA
:1001F000CBC9C8C6C3C2C0BFBCBBA3A3D7D7FFFF70
:10020000FFFFFFFFFFFFEBEB5757535398999B9C62
:10021000A1A2A5A7AAABAEB1B1B3B4B57678FBFBEA
:10022000FFFFFFFFFFFFB4B458585858B3B2D1CF07
:10023000D4D2D6D5D8D6DCD9DDDBE0DDA5A63F48C3
:100240003F483F483F483F483F483F483F483F4876
:100250003F483F48767BECE8EFECF1ECF2ECF1ED57
:10026000F3EFF2EFF4F0F4F0F4F0F4F0F4F0F4F073
:10027000F4F0F4F0F4F0F4F0F4F0F5F15453FFFF7F
:10028000969656565354F3EEEEEAEDEAEBE7EBE6BC
:10029000E9E6E6E3E8E44D4EFFFF9E9E58585151D3
:1002A000D9D7D3D0CFCCCCCAC9C7C6C4C4C1C1C1A9
:1002B0005252BFBF58585050B0AFABA9A7A6A3A287
:1002C0009F9E9C9B989794935252FFFFB5B55858A8
:1002D0005050AFB0AFB1B1B4B4B5B5B7B8B9BABC9E
:1002E000BEBFC0C1C2C3C5C5C8C8CACACDCCCFCFA6
:1002F000D2D0D3D1D5D3D7D5DAD9DDDADEDCE1DD82
:10030000E7E5B3B3FFFFFFFFFFFFFFFFFFFFFFFFC7
:10031000FFFFFFFFFFFFFFFFFFFFFFFFFFFFFFFFED
:10032000FFFFFFFFFFFFFFFFFFFFFFFFFFFFFFFFDD
:10033000FFFFFFFFFFFFFFFF4A4C585AD4CFF0EA00
:10034000EFE9EFE9EEE8EDE7ECE6EBE4F7F27275E2
:10035000FFFFFFFFFFFFFFFFFFFF5355595BDAD69B
:10036000D0CDCCC9C9C7C6C4C2C0BFBDBBBAA3A487
:10037000D7D8FFFFFFFFFFFFFFFFEBEA57595355A9
:10038000999A9C9EA2A5A7ACABB3B1B9B3BEB5C1B7
:10039000787DFBFBFFFFFFFFFFFFB4B4585A585AAC
:1003A000B2B6CFD4D2D6D5D7D6D9D9DBDBDDDDDD19
:1003B000A6D948CC48CC48CC48CC48CC48CC48CC32
:1003C00048CC48CC48CC48CC7BD5E8E4ECE5ECE61E
:1003D000ECE8EDE8EFE7EFE9F0EAF0EAF0EAF0EA5E
:1003E000F0EAF0EAF0EAF0EAF0EAF0EAF0EAF1EB3B
:1003F0005356FFFF969856585455EEE8EAE5EAE45E
:10040000E7E2E6E1E6E0E3DEE4DF4E50FFFF9EA038
:10041000585A5152D7D2D0CDCCC8CAC8C7C5C4C308
:10042000C1BFC1BE5255BFC0585A5052AFAFA9AAA2
:10043000A6A7A2A39E9E9B9C979893945254FFFFBD
:10044000B5B6585A5052B0B8B1BAB4BEB5C1B7C3B8
:10045000B9C5BCC5BFC9C1CAC3CDC5CDC8CECAD038
:10046000CCD2CFD4D0D4D1D6D3D7D5D8D9DADADB41
:10047000DCDEDDDEE5E4B3B4FFFFFFFFFFFFFFFFDF
:10048000FFFFFFFFFFFFFFFFFFFFFFFFFFFFFFFF7C
:10049000FFFFFFFFFFFFFFFFFFFFFFFFFFFFFFFF6C
:1004A000FFFFFFFFFFFFFFFFFFFFFFFF4A4A585814
:1004B000D6D4F4F0F4F0F2EEF3EFF0EEF1ECF0EC71
:1004C000FDFB7272FFFFFFFFFFFFFFFFFFFF5353B4
:1004D0005859E0DDD6D4D2CFCFCCCBC8C9C5C4C122
:1004E000C0BFA6A5D7D7FFFFFFFFFFFFFFFFEBEBC6
:1004F00057575252999895959C9CA1A2A6A8A9AC31
:10050000AEB0B2B47677FBFBFFFFFFFFFFFF4F4FAC
:1005100058585050D5D4CFCDD2CFD4D2D6D5D9D7A4
:10052000DCD9DEDCA3A43F483F483F483F483F4872
:100530003F483F483F483F483F483F485158AAAA94
:10054000EDE9EFECF0ECF2ECF2EEF3EFF3F1F4EFB7
:10055000F4F0F4F0F4F0F4F0F4F0F4F0F4F0F4F07B
:10056000F4F0F5F15453FFFF969656565354F3F0BA
:10057000EFECECEAECEAEBE7EBE6E9E6E8E64E4D19
:10058000FFFFA1A158595151DCD9D6D3D3CFCFCD3C
:10059000CCC9C9C7C6C4C4C25252B0B05A5A5151CC
:1005A000B4B3AFAEABA9A6A5A3A1A09F9B9A979702
:1005B0005151FFFFB5B558585150ABACACAEAFB1CF
:1005C000B1B3B4B6B4B7B8B9BABDBEBFC1C2C2C385
:1005D000C6C6C7C7CBCBCECED0CFD2D1D4D2D5D33F
:1005E000D6D6DAD9DDDBDEDDDEDDB3B3FFFFFFFF1C
:1005F000FFFFFFFFFFFFFFFFFFFFFFFFFFFFFFFF0B
:10060000FFFFFFFFFFFFFFFFFFFFFFFFFFFFFFFFFA
:10061000FFFFFFFFFFFFFFFFFFFFFFFFFFFFFFFFEA
:100620004A4C585AD4CFF0EAF0EAEEE8EFE9EEE8A7
:10063000ECE6ECE6FBF47275FFFFFFFFFFFFFFFF48
:10064000FFFF5355595BDDD9D4D0CFCCCCC9C8C638
:10065000C5C3C1BFBFBDA5A7D7D8FFFFFFFFFFFF21
:10066000FFFFEBEA57595255989995979CA0A2A67F
:10067000A8ADACB3B0BAB4BE777CFBFBFFFFFFFF05
:10068000FFFF4F51585A5052D4DBCDD2CFD4D2D7DE
:10069000D5D9D7DAD9DBDCDDA4D848CC48CC48CCD6
:1006A00048CC48CC48CC48CC48CC48CC48CC48CCAA
:1006B00058CFAAD9E9E4ECE6ECE6ECE8EEE8EFE79F
:1006C000F1EBEFE9F0EAF0EAF0EAF0EAF0EAF0EA5A
:1006D000F0EAF0EAF0EAF1EB5356FFFF969856582D
:1006E0005455F0E8ECE6EAE4EAE3E7E2E6E1E6E0C6
:1006F000E6E04D50FFFFA1A2595B5152D9D6D3D0AD
:10070000CFCCCDC8C9C8C7C5C4C3C2BF5254B0B18D
:100710005A5C5152B3B3AEACA9AAA5A6A1A39F9EA1
:100720009A9B97985154FFFFB5B6585A5052ACB3A4
:10073000AEB4B1BAB3BEB6C2B7C4B9C6BDC6BFCAFD
:10074000C2CAC3CDC6CEC7CECBD1CED2CFD4D1D4E0
:10075000D2D6D3D7D6D7D9DBDBDBDDDEDDDDB3B454
:10076000FFFFFFFFFFFFFFFFFFFFFFFFFFFFFFFF99
:10077000FFFFFFFFFFFFFFFFFFFFFFFFFFFFFFFF89
:10078000FFFFFFFFFFFFFFFFFFFFFFFFFFFFFFFF79
:10079000FFFFFFFF4A4A5858D6D4F4F0F4F0F4F0C3
:1007A000F2EEF2EFF1EDF1ECFFFC7272FFFFFFFFF2
:1007B000FFFFFFFFFFFF52525555E4E0D9D6D5D3D6
:1007C000D2CFCFCCCBC8C7C5C4C2A8A8D7D7FFFF4C
:1007D000FFFFFFFFFFFFEBEB575751529E9E929298
:1007E00096969C9DA2A3A7A8AAABAEB07676FBFB7B
:1007F000FFFFFFFFFFFF535357575E5ECACACDCDC1
:10080000D0CFD2D1D4D2D6D5DAD8DBD9A2A33F4823
:100810003F483F483F483F483F483F483F483F48A0
:100820003F483F483F483F483F48D5D3EFECF0ECC6
:10083000F2ECF2EECBC8FFFFF4F0F4F0F4F0F4F0D9
:10084000F4F0F4F0F4F0F4F0F4F0F5F15453FFFFA9
:10085000969656565353F3F0F1ECEFECECEAECEAD3
:10086000EBE7EBE7EAE74E4EFFFFC2C258585051A4
:10087000DFDDD8D5D5D3D3D0CFCCCACAC8C6C7C57B
:100880005353B0B056564F4FB7B6B1B1AEADAAA89C
:10089000A6A5A3A19F9E9B9A5151FFFFB5B558589D
:1008A0005151A7A8A8AAABADAFB1B3B5B4B6B5B80E
:1008B000B8BABBBCBEBFC1C2C3C4C5C5C9C9CCCC14
:1008C000CDCED0CED2D0D5D3D5D3D8D6DBD9DCDAE5
:1008D000DDDCB3B3FFFFFFFFFFFFFFFFFFFFFFFF05
:1008E000FFFFFFFFFFFFFFFFFFFFFFFFFFFFFFFF18
:1008F000FFFFFFFFFFFFFFFFFFFFFFFFFFFFFFFF08
:10090000FFFFFFFFFFFFFFFF4A4C585AD4CFF0EA2A
:10091000F0EAF0EAEEE8EFE9EDE8ECE5FCF57275F7
:10092000FFFFFFFFFFFFFFFFFFFF52545557E0DCC3
:10093000D6D3D3CFCFCDCCC8C8C5C5C3C2BFA8A757
:10094000D7D8FFFFFFFFFFFFFFFFEBEA57595254D5
:100950009E9D929396979DA0A3A7A8AFABB3B0B965
:10096000767AFBFBFFFFFFFFFFFF535557595E5F92
:10097000CAD0CDD3CFD4D1D4D2D6D5D9D8DAD9DB39
:10098000A3D848CC48CC48CC48CC48CC48CC48CC60
:1009900048CC48CC48CC48CC48CC48CC48CCD3E117
:1009A000ECE6ECE6ECE8EEE8C8C3FFFAF0EAF0EAC1
:1009B000F0EAF0EAF0EAF0EAF0EAF0EAF0EAF1EB65
:1009C0005356FFFF969856585355F0EAECE6ECE67E
:1009D000EAE4EAE3E7E2E7E2E7E14E50FFFFC2C301
:1009E000585A5154DDD8D5D2D3CFD0CCCCC9CAC8EF
:1009F000C6C5C5C25357B0B156584F51B6B6B1B1BE
:100A0000ADACA8A9A5A5A1A29E9E9A9B5153FFFF9C
:100A1000B5B6585A5153A8ADAAB1ADB5B1BAB5BF24
:100A2000B6C2B8C4BAC6BCC6BFCAC2CAC4CCC5CE98
:100A3000C9CFCCD2CED2CED4D0D4D3D7D3D8D6D897
:100A4000D9DBDADADCDDB3B4FFFFFFFFFFFFFFFF26
:100A5000FFFFFFFFFFFFFFFFFFFFFFFFFFFFFFFFA6
:100A6000FFFFFFFFFFFFFFFFFFFFFFFFFFFFFFFF96
:100A7000FFFFFFFFFFFFFFFFFFFFFFFF4B4B58583C
:100A8000D6D4F4F0F4F0F4F0F3EFF3EFF2EEF1ED8E
:100A9000FFFC7272FFFFFFFFFFFFFFFFFFFF5555D7
:100AA0005555E6E3DCD9D9D5D5D3D2CFCECACBC8FC
:100AB000C7C4ABABD7D7FFFFFFFFFFFFFFFFDFDFF1
:100AC00057575252A3A29898929297979C9DA2A38F
:100AD000A6A8AAAC7475FBFBFFFFFFFF9D9D5858AD
:100AE0005758B4B5C6C6CACACDCDD0CFD3D1D4D24B
:100AF000D7D6DAD8DBDA3F483F483F483F483F483F
:100B00003F483F483F483F483F483F483F483F48AD
:100B10003F483F48D5D3EFECF0EDF2ECD6D2454656
:100B2000FFFFF4F0F4F0F4F0F4F0F4F0F4F0F4F08B
:100B3000F4F0F5F15453FFFF969656565353F4EFE5
:100B4000F1ECF1ECEFECECEBECE8EAE7ECE74E4E25
:100B5000FFFFDCDC58584F50E2DFDAD9D8D5D5D2C8
:100B6000D3D0CFCCCBC9C8C75353919156564F4E13
:100B7000BBBAB5B3B2B1ADACAAA8A8A5A2A1A09FBB
:100B80004E4EFFFFB5B558585252A2A3A5A6A8AA2B
:100B9000ACADAFB1B2B4B4B6B5B8B8BBBBBCBEBFF8
:100BA000C1C1C2C4C6C6C9C9CBCBCDCECFCFD3D0AD
:100BB000D5D3D6D5D8D7DBDADCDBB3B3FFFFFFFF65
:100BC000FFFFFFFFFFFFFFFFFFFFFFFFFFFFFFFF35
:100BD000FFFFFFFFFFFFFFFFFFFFFFFFFFFFFFFF25
:100BE000FFFFFFFFFFFFFFFFFFFFFFFFFFFFFFFF15
:100BF0004B4E585AD4CFF0EAF0EAF0EAEFE9EFE9C9
:100C0000EEE8EDE8FCF57275FFFFFFFFFFFFFFFF69
:100C1000FFFF55575557E3DDD9D5D5D2D3CFCFCC2C
:100C2000CAC8C8C5C4C2ABA9D7D8FFFFFFFFFFFF22
:100C3000FFFFDFDE57595254A2A2989992939799D9
:100C40009DA1A3A8A8AEACB3757AFBFBFFFFFFFF85
:100C50009D9F585A585AB5BDC6CDCAD0CDD2CFD413
:100C6000D1D4D2D6D6D9D8DADADB48CC48CC48CCE5
:100C700048CC48CC48CC48CC48CC48CC48CC48CCD4
:100C800048CC48CC48CC48CCD3E2ECE6EDE6ECE8E6
:100C9000D2CE4648FFF8F0EAF0EAF0EAF0EAF0EAED
:100CA000F0EAF0EAF0EAF1EB5356FFFF9698565857
:100CB0005356EFE9ECE8ECE6ECE6EBE4E8E3E7E2D8
:100CC000E7E24E50FFFFDCDC585A5052DFDBD9D54B
:100CD000D5D2D2CFD0CDCCC9C9C7C7C553579193B0
:100CE00056584E51BABAB3B4B1B2ACADA8A9A5A585
:100CF000A1A29F9E4E4FFFFFB5B6585A5253A3A7CD
:100D0000A6ACAAB1ADB6B1BCB4BFB6C3B8C4BBC67D
:100D1000BCC7BFC9C1CAC4CCC6CEC9CECBD1CED246
:100D2000CFD4D0D4D3D7D5D9D7D9DADCDBDCB3B4A0
:100D3000FFFFFFFFFFFFFFFFFFFFFFFFFFFFFFFFC3
:100D4000FFFFFFFFFFFFFFFFFFFFFFFFFFFFFFFFB3
:100D5000FFFFFFFFFFFFFFFFFFFFFFFFFFFFFFFFA3
:100D6000FFFFFFFF4B4B5858D6D4F4F0F4F0F4F0EB
:100D7000F4F0F4F0F3EFF2EFFFFD7272FFFFFFFF0C
:100D8000FFFFFFFFFFFF55555555E9E5DFDBDCD9D8
:100D9000D9D5D4D2D2CFCECACBC7ACACD7D7FFFF30
:100DA000FFFFFFFFFFFFD8D857575151A7A69D9CC3
:100DB0009897929397979D9EA2A3A5A87373FBFB08
:100DC000FFFFFFFF494958584D4DC9CAC4C4C6C6A4
:100DD000C9C9CDCCD0CED3D0D5D3D7D6DAD8DDDBE8
:100DE000DEDDE1DEE4E0F2EF6B6BFFFF797F3F4891
:100DF0003F483F483F483F483F483F483F48ECE86E
:100E0000EFECF0EDD3D0B9B9494AFAF7F4F0F4F0C9
:100E1000F4F0F4F0F4F0F4F0F4F0F5F15353FFFFD4
:100E2000858556565353F5F1F0EDF1ECF1EBEFEC0F
:100E3000EDEBECE9EDEA4E4EFFFFFFFF54544E4E52
:100E4000E6E5DDDADBD9D7D5D4D2D3D0CECACBCA4A
:100E50006262545456565353BEBDB9B8B4B4B1B11E
:100E6000AEACA9A8A6A5A4A34647FFFFB5B55858A0
:100E700052529E9EA1A2A5A7A8AAACAEAFB1B2B491
:100E8000B5B6BABCB8BABABDBEBFC1C1C4C3C6C686
:100E9000C9C9CBCBCECED0CED3D2D5D3D6D5D8D64A
:100EA000DBD9B3B3FFFFFFFFFFFFFFFFFFFFFFFF34
:100EB000FFFFFFFFFFFFFFFFFFFFFFFFFFFFFFFF42
:100EC000FFFFFFFFFFFFFFFFFFFFFFFFFFFFFFFF32
:100ED000FFFFFFFFFFFFFFFF4B4D585AD4CFF0EA53
:100EE000F0EAF0EAF0EAF0EAEFE9EFE9FDF6727510
:100EF000FFFFFFFFFFFFFFFFFFFF55575557E5E0DF
:100F0000DBD8D9D5D5D3D2CECFCCCAC9C7C5ACAC26
:100F1000D7D8FFFFFFFFFFFFFFFFD8D85759515326
:100F2000A6A69C9D9798939397999EA1A3A8A8AED7
:100F30007377FBFBFFFFFFFF494B585A4D4ECAD258
:100F4000C4CCC6CEC9D0CCD2CED4D0D4D3D6D6D9A8
:100F5000D8DADBDADDDEDEDFE0DFEFEC6B6EFFFF41
:100F60007FDB48CC48CC48CC48CC48CC48CC48CC9B
:100F700048CCE8E5ECE7EDE6D0CDB9BA4A4CF7F05D
:100F8000F0EAF0EAF0EAF0EAF0EAF0EAF0EAF1EB8F
:100F90005355FFFF858756585356F1EBEDE7ECE8C4
:100FA000EBE5ECE6EBE4E9E3EAE54E50FFFFFFFF9B
:100FB00054564E51E5DFDAD7D9D5D5D1D2CED0CDE2
:100FC000CAC9CAC86265545656585355BDBBB8B74E
:100FD000B4B4B1B1ACACA8A8A5A6A3A4474AFFFF7E
:100FE000B5B6585A52549EA0A2A6A7ADAAB1AEB6A5
:100FF000B1BCB4BFB6C3BCC9BAC6BDC7BFC9C1C9FD
:10100000C3CCC6CEC9CFCBD1CED3CED4D2D6D3D6F5
:10101000D5D9D6DAD9DBB3B4FFFFFFFFFFFFFFFF5F
:10102000FFFFFFFFFFFFFFFFFFFFFFFFFFFFFFFFD0
:10103000FFFFFFFFFFFFFFFFFFFFFFFFFFFFFFFFC0
:10104000FFFFFFFFFFFFFFFFFFFFFFFF4B4B585866
:10105000D6D4F4F0F4F0F4F0F4F0F4F0F4F0F3EFAC
:10106000FFFE7272FFFFFFFFFFFFFFFFFFFF5555FF
:101070005555EBE7E1DEDFDCDCD8DAD5D4D3D2CFCF
:10108000CECAB0B0D7D7FFFFFFFFFFFFFFFFD8D812
:1010900057575151ABAAA2A19C9B989792939798AE
:1010A0009D9EA2A37173FBFBFFFFFFFF5454575794
:1010B0006868BFC0C1C1C3C5C7C7CACACDCCCFCE7F
:1010C000D2D1D4D2D6D5DAD8DCDADEDCE1DEE5E284
:1010D0004546FFFFFFFFDDDE3F483F483F483F48B2
:1010E0003F483F483F488488ECE9EFECD3D0E7E73E
:1010F000A3A3696AF4F2F4F0F4F0F4F0F4F0F4F07D
:10110000F4F0F5F15353FFFF878756565353F5F12B
:10111000F3EFEFEDF1ECF1EBEFEBEDEBEFEA4E4E31
:10112000FFFFFFFF4B4B4F4FEEEADFDEDDDADBD890
:10113000D8D5D5D3D2CFCFCB8585575757576564F0
:10114000BFBDBCBAB9B7B5B4B1B0ADACA9A8A9A878
:101150003F3FFFFFB5B55858535398989C9CA1A1A9
:10116000A5A6A9AAACAFAFB1B3B55859BEC1B8BA1C
:10117000BBBDBEBFC1C1B4B5CDCDC9C9CBCBCECD32
:10118000D0D0D3D2D5D2D6D5D7D6B3B3FFFFFFFFB9
:10119000FFFFFFFFFFFFFFFFFFFFFFFFFFFFFFFF5F
:1011A000FFFFFFFFFFFFFFFFFFFFFFFFFFFFFFFF4F
:1011B000FFFFFFFFFFFFFFFFFFFFFFFFFFFFFFFF3F
:1011C0004B4D585AD4CFF0EAF0EAF0EAF0EAF0EAF0
:1011D000F0EAEFE9FEF77275FFFFFFFFFFFFFFFF89
:1011E000FFFF55575557E7E3DEDADCD8D8D4D5D41E
:1011F000D3CECFCCCAC9B0AED7D8FFFFFFFFFFFF19
:10120000FFFFD8D857595153AAAAA1A19B9C9799DF
:10121000939498999EA2A3A77376FBFBFFFFFFFF11
:1012200054565759686BC0CAC1C9C5CCC7CECAD0BD
:10123000CCD2CED4D1D4D2D7D5D8D8DADADBDCDE52
:10124000DEDFE2E14648FFFFFFFFDEF048CC48CC9E
:1012500048CC48CC48CC48CC48CC88D5E9E4ECE62E
:10126000D0CCE7E7A3A46A6BF2ECF0EAF0EAF0EA8C
:10127000F0EAF0EAF0EAF1EB5355FFFF87885658A1
:101280005356F1EBEFE9EDE7ECE7EBE5EBE6EBE4EA
:10129000EAE64E4FFFFFFFFF4B4D4F51EAE5DED927
:1012A000DAD6D8D4D5D2D3CFCFCCCBC985865759AF
:1012B00057596467BDBCBABBB7B7B4B3B0B0ACAD37
:1012C000A8A8A8A83F41FFFFB5B6585A5355989B08
:1012D0009CA0A1A5A6AAAAB1AFB7B1BCB5C0595AE6
:1012E000C1CEBAC6BDC8BFC9C1C9B5BDCDD5C9CFAC
:1012F000CBD2CDD2D0D5D2D6D2D6D5D9D6D9B3B4F9
:10130000FFFFFFFFFFFFFFFFFFFFFFFFFFFFFFFFED
:10131000FFFFFFFFFFFFFFFFFFFFFFFFFFFFFFFFDD
:10132000FFFFFFFFFFFFFFFFFFFFFFFFFFFFFFFFCD
:10133000FFFFFFFF4B4B5858D6D4F4F0F4F0F4F015
:10134000F4F0F4F0F4F0F3EFFFFE7272FFFFFFFF32
:10135000FFFFFFFFFFFF55555555EEE9E4E0E0DFE5
:10136000DFDCDCD9D9D6D5D2D0CEB1B0D7D7FFFF0C
:10137000FFFFFFFFFFFFD8D857575151B0AFA4A4CC
:10138000A1A09C9A9797929298989D9D7071FBFB53
:10139000FFFF848458585858B2B5BABDBEBFC0C10B
:1013A000C4C5C7C7CACACDCDD7D5D2D1D5D2D6D557
:1013B000DADADDDBDEDCE1DEBAB9E4E4FFFFF6F623
:1013C000484D3F483F483F483F483F483F483F48D7
:1013D000EBE8ECE9D2CFE7E7FFFF6E6E9E9CF2F000
:1013E000F4F0F4F0F4F0F4F0F4F0F5F15353FFFFFF
:1013F000878756565353F7F3F3EFF3EFEFEDF1EC26
:10140000F1EBEFECF0ED4D4EFFFFFFFF5454545560
:10141000EAE8E2DFDFDDDDDADAD8D7D5D5D2D2CF20
:10142000D7D448494748CFCBC2BFBFBDBBBBB8B775
:10143000B5B4B1B0ADACAFAF5B5BFFFFB5B558585D
:101440005353939398979D9DA0A2A5A7A8AAADAF2B
:10145000B0B258585D5CB5B8B9BBBCBCCDCE51512B
:10146000CBCBC6C6C9C9CBCCCECDD0D0D3D1D5D2AB
:10147000D6D5B3B3FFFFFFFFFFFFFFFFFFFFFFFF67
:10148000FFFFFFFFFFFFFFFFFFFFFFFFFFFFFFFF6C
:10149000FFFFFFFFFFFFFFFFFFFFFFFFFFFFFFFF5C
:1014A000FFFFFFFFFFFFFFFF4B4D585AD4CFF0EA7D
:1014B000F0EAF0EAF0EAF0EAF0EAEFE9FEF7727536
:1014C000FFFFFFFFFFFFFFFFFFFF55575557E9E401
:1014D000E0DBDFDADCD7D9D4D6D3D2CFCECBB0B1F4
:1014E000D7D8FFFFFFFFFFFFFFFFD8D85759515351
:1014F000AFAEA4A5A0A09A9C97989293989A9DA10C
:101500007173FBFBFFFF8486585A5859B5BFBDC79E
:10151000BFC9C1C9C5CCC7CECAD0CDD2D5DBD1D504
:10152000D2D5D5D8DADADBDCDCDEDEE0B9B9E4E44A
:10153000FFFFF6F64D9D48CC48CC48CC48CC48CC73
:1015400048CC48CCE8E2E9E4CFCCE7E7FFFF6E7097
:101550009C9CF0EAF0EAF0EAF0EAF0EAF0EAF1EB5B
:101560005355FFFF878856585356F3ECEFE9EFE9E0
:10157000EDE7ECE7EBE5ECE6EDE74E50FFFFFFFFB4
:1015800054555557E8E4DFD9DDD8DAD6D8D4D5D1CB
:10159000D2CFCFCCD4D1494C484ACBCABFBFBDBCB7
:1015A000BBBAB7B6B4B2B0B0ACADAFAE5B5CFFFF28
:1015B000B5B6585A53559394979A9DA0A2A7A7AD34
:1015C000AAB2AFB7B2BD58595C5FB8C4BBC7BCC8FC
:1015D000CED85152CBD4C6CEC9CFCCD2CDD2D0D515
:1015E000D1D5D2D5D5D8B3B4FFFFFFFFFFFFFFFFA2
:1015F000FFFFFFFFFFFFFFFFFFFFFFFFFFFFFFFFFB
:10160000FFFFFFFFFFFFFFFFFFFFFFFFFFFFFFFFEA
:10161000FFFFFFFFFFFFFFFFFFFFFFFF4B4B585890
:10162000D6D4F4F0F4F0F4F0F4F0F4F0F4F0F4F0D4
:10163000FFFF7272FFFFFFFFFFFFFFFFFFFF555528
:101640005555EEECE7E3E4E0E0DFDFDBDCDAD8D5AC
:10165000D4D1B5B3D7D7FFFFFFFFFFFFFFFFD8D827
:1016600057575151B5B3ABA9A4A4A1A09C9A979682
:10167000929298986E6FFBFBFFFF484858584E4E69
:10168000BABCB7BABBBCBFC0C1C3C4C4C7C8CDCD48
:101690004C4ED3D2D3D2D4D3D7D6DBD8DDDBDFDCEC
:1016A000EFEC5F5FFFFFF6F655553F483F483F4878
:1016B0003F483F483F483F48EAE6EBE8CECBE7E704
:1016C000FFFFFFFF4E4ED5D3F1EFF4F0F4F0F4F04E
:1016D000F4F0F5F15353FFFF878756565353F6F254
:1016E000F3EFF3EFF3EFF0EEF1ECF1EBF2ED4D4E43
:1016F000FFFFFFFFCDCD5858B5B3E4E0E1DEDFDDFD
:10170000DDDADAD8D7D5D5D1D2CFD0CCCECBC8C6BA
:10171000C5C3C2C0BFBDBABAB8B7B4B3B1B0A4A54F
:10172000B4B4FFFFB5B558585252989892939A970F
:101730009D9EA2A3A6A7A9ABADAF5A5B56569EA08D
:10174000B6B8BDBE48485B5BC8C9C4C5C7C7CACA2E
:10175000CCCCCECED1D0D4D2D4D2B3B3FFFFFFFF06
:10176000FFFFFFFFFFFFFFFFFFFFFFFFFFFFFFFF89
:10177000FFFFFFFFFFFFFFFFFFFFFFFFFFFFFFFF79
:10178000FFFFFFFFFFFFFFFFFFFFFFFFFFFFFFFF69
:101790004B4D585AD4CFF0EAF0EAF0EAF0EAF0EA1A
:1017A000F0EAF0EAFFF87275FFFFFFFFFFFFFFFFAF
:1017B000FFFF55575557ECE7E3DDE0DBDFD9DBD71B
:1017C000DAD5D5D2D1CEB3B4D7D8FFFFFFFFFFFF14
:1017D000FFFFD8D857595153B3B3A9A9A4A4A0A0C7
:1017E0009A9B96979293989A6F71FBFBFFFF484BD9
:1017F000585A4E4FBCC9BAC5BCC7C0C9C3CCC4CD6A
:10180000C8CECDD34E4FD2D8D2D6D3D6D6D8D8DAAA
:10181000DBDCDCDDECEC5F61FFFFF6F6555748CC16
:1018200048CC48CC48CC48CC48CC48CCE6E0E8E3AF
:10183000CBC7E7E7FFFFFFFF4E4FD3D0EFEAF0EA59
:10184000F0EAF0EAF0EAF1EB5355FFFF87885658CB
:101850005356F2ECEFE9EFE9EFE9EEE8ECE7EBE500
:10186000EDE84E50FFFFFFFFCDCE585AB3B0E0DC9D
:10187000DEDADDD8DAD6D8D4D5D1D1CFCFCCCCCA28
:10188000CBC8C6C4C3C1C0BFBDBCBAB9B7B6B3B27A
:10189000B0B0A5A5B4B5FFFFB5B6585A5255989843
:1018A000939497999EA2A3A8A7ADABB2AFB75B5C88
:1018B0005658A0A9B8C4BECA48485B5CC9D2C5CDB9
:1018C000C7CECACFCCD2CED3D0D4D2D6D2D6B3B450
:1018D000FFFFFFFFFFFFFFFFFFFFFFFFFFFFFFFF18
:1018E000FFFFFFFFFFFFFFFFFFFFFFFFFFFFFFFF08
:1018F000FFFFFFFFFFFFFFFFFFFFFFFFFFFFFFFFF8
:10190000FFFFFFFF4B4B5858D6D4F4F0F4F0F4F03F
:10191000F4F0F4F0F4F0F4F0FFFF7272FFFFFFFF59
:10192000FFFFFFFFFFFF55555555F1EDE7E4E7E2F7
:10193000E3DFE1DFDEDADAD9D8D5B7B5D6D6FFFFF7
:10194000FFFFFFFFFFFFD8D857575050B9B7AEADD4
:10195000A9A7A4A4A09F9B9A979691926C6CFBFB5D
:10196000F2F2565656567274B3B5B4B7B7BABBBD99
:10197000BFC0C1C2C5C4D0D15050D3D4D0CFD3D2B0
:10198000D5D4D7D5DAD9DDDBE0DE5150FFFFF6F64E
:1019900055553F483F483F483F483F483F483F48EC
:1019A000E7E3EAE6C5C3E7E7FFFFFFFFFFFF4040CD
:1019B000F9F5F3F0F4F0F4F0F4F0F5F15353FFFF20
:1019C000878756565353F6F2F4F0F4F0F3EFF3EF43
:1019D000F0EDF1EDF3ED4D4EFFFFFFFFFFFF45454D
:1019E0005454E9E4E3E0E1DEDFDDDCD9D9D8D7D433
:1019F000D4D1D2CFCECBCBC8C8C6C5C3C2BFBEBC64
:101A0000BAB9B8B6B4B45D5EFFFFFFFFB5B55858BC
:101A100052529C9B9695929298989D9EA2A3A6A89E
:101A2000ABAB5455FFFF5252C2C4757658585A5A40
:101A3000C6C7C1C2C4C5C7C7CACACCCCCECFD1CF16
:101A4000D2D2B3B3FFFFFFFFFFFFFFFFFFFFFFFF98
:101A5000FFFFFFFFFFFFFFFFFFFFFFFFFFFFFFFF96
:101A6000FFFFFFFFFFFFFFFFFFFFFFFFFFFFFFFF86
:101A7000FFFFFFFFFFFFFFFF4B4D585AD4CFF0EAA7
:101A8000F0EAF0EAF0EAF0EAF0EAF0EAFFF972755B
:101A9000FFFFFFFFFFFFFFFFFFFF55575557EDE823
:101AA000E4DFE2DDDFDCDFDADAD6D9D4D5D2B5B4D3
:101AB000D6D7FFFFFFFFFFFFFFFFD8D8575950537E
:101AC000B7B8ADADA7A7A4A49F9F9A9B96979292F3
:101AD0006C6FFBFBF2F2565856587477B5C0B7C31B
:101AE000BAC6BDC8C0CAC2CBC4CCD1D75052D4D755
:101AF000CFD5D2D6D4D6D5D7D9DBDBDCDEDE50537A
:101B0000FFFFF6F6555748CC48CC48CC48CC48CCDB
:101B100048CC48CCE3DFE6E1C3C1E7E7FFFFFFFFC6
:101B2000FFFF4042F5EFF0EAF0EAF0EAF0EAF1EB0D
:101B30005355FFFF878856585356F2ECF0EAF0EA07
:101B4000EFE9EFE9EDE7EDE7EDE74E50FFFFFFFFCF
:101B5000FFFF45475456E4DEE0DCDED9DDD8D9D5B9
:101B6000D8D3D4D1D1CECFCCCBC9C8C6C6C4C3C1BB
:101B7000BFBFBCBBB9B9B6B5B4B25E5FFFFFFFFF74
:101B8000B5B6585A52549B9C95969293989A9EA299
:101B9000A3A8A8AEABB45557FFFF5254C4D2767A6F
:101BA000585A5A5CC7D1C2CDC5CDC7CECACFCCD347
:101BB000CFD4CFD4D2D5B3B4FFFFFFFFFFFFFFFFD9
:101BC000FFFFFFFFFFFFFFFFFFFFFFFFFFFFFFFF25
:101BD000FFFFFFFFFFFFFFFFFFFFFFFFFFFFFFFF15
:101BE000FFFFFFFFFFFFFFFFFFFFFFFF4B4B5858BB
:101BF000D6D4F4F0F4F0F4F0F4F0F4F0F4F0F4F0FF
:101C0000FFFF8080FFFFFFFFFFFFFFFFFFFF555536
:101C10005555F1EEEAE5E7E4E7E2E3DEE0DEDDDAA2
:101C2000D9D7B6B6E1E1FFFFFFFFFFFFFFFFD8D82E
:101C300057575050BDBBB2B1ACACA9A8A4A4A09F4B
:101C40009A9A96956B6BFCFC727258585656AEB1C8
:101C5000B0B2B3B4B4B7B7BABCBDBFC0C1C37D7F67
:101C600057577E7ECECDD1D0D4D2D6D3D8D7DBD9DC
:101C7000DDDBC2C0DFDFF6F655553F483F483F4841
:101C80003F483F483F483F48E4E0E7E4C4C2E7E755
:101C9000FFFFFFFFFFFFFFFF3E3EFFFEF3F0F4F00C
:101CA000F4F0F5F15453FFFF878756565353F6F27D
:101CB000F4F0F4F0F3EFF3EFF3EFF0EDF3EF4D4E5C
:101CC000FFFFFFFFFFFFD1D15656F6F3E6E1E3DF5A
:101CD000E1DFDFDCDDDADAD7D6D4D4D1D1CECECB9A
:101CE000CBC8C8C6C5C3C1BFBEBCBAB8C1BF4747D1
:101CF000FFFFFFFFB3B3585852529F9E9999969594
:101D000092939A999D9DA3A4A6A95455FFFFC0C084
:101D100052526A6A53535A5AC4C5C0C1C2C2C5C5D9
:101D2000C8C8CACACDCDCFCED0CFB2B2FFFFFFFF59
:101D3000FFFFFFFFFFFFFFFFFFFFFFFFFFFFFFFFB3
:101D4000FFFFFFFFFFFFFFFFFFFFFFFFFFFFFFFFA3
:101D5000FFFFFFFFFFFFFFFFFFFFFFFFFFFFFFFF93
:101D60004B4D585AD4CFF0EAF0EAF0EAF0EAF0EA44
:101D7000F0EAF0EAFFF98081FFFFFFFFFFFFFFFFBE
:101D8000FFFF55575557EEE8E5E0E4DFE2DDDEDB27
:101D9000DED9DAD6D7D3B6B5E1E2FFFFFFFFFFFF0A
:101DA000FFFFD8D857595052BBBBB1B1ACACA8A7B4
:101DB000A4A39F9F9A9A95966B6BFCFB7273585ADB
:101DC0005658B1B9B2BCB4C0B7C4BAC5BDC8C0CA10
:101DD000C3CB7F8257597E81CDD2D0D5D2D6D3D72F
:101DE000D7D7D9DBDBDCC0C2DFDEF6F6555748CCEF
:101DF00048CC48CC48CC48CC48CC48CCE0DCE4E0EB
:101E0000C2C0E7E7FFFFFFFFFFFFFFFF3E40FEF816
:101E1000F0EAF0EAF0EAF1EB5356FFFF87885658F4
:101E20005356F2ECF0EAF0EAEFE9EFE9EFE9EDE71B
:101E3000EFE84E50FFFFFFFFFFFFD1D15659F3ED02
:101E4000E1DDDFDBDFD9DCD7DAD6D7D4D4D0D1CE11
:101E5000CECCCBC9C8C5C6C3C3C0BFBEBCBBB8B956
:101E6000BFBF4749FFFFFFFFB3B4585A52549E9F6C
:101E7000999995959394999B9DA2A4A9A9AF55561C
:101E8000FFFFC0C152546A6B53555A5CC5D0C1CBD9
:101E9000C2CCC5CDC8CFCAD0CDD3CED3CFD4B2B4A7
:101EA000FFFFFFFFFFFFFFFFFFFFFFFFFFFFFFFF42
:101EB000FFFFFFFFFFFFFFFFFFFFFFFFFFFFFFFF32
:101EC000FFFFFFFFFFFFFFFFFFFFFFFFFFFFFFFF22
:101ED000FFFFFFFF4B4B5858D6D4F4F0F4F0F4F06A
:101EE000F4F0F4F0F4F0F4F0FFFF8181FFFFFFFF66
:101EF000FFFFFFFFFFFF55555555F3F1EAE8EAE60E
:101F0000E7E4E7E1E2DFDFDDDCD9B9B9E0E0FFFFDC
:101F1000FFFFFFFFFFFFD8D857574F50C1BFB5B4E1
:101F2000B1B0ADACA8A7A4A29F9E9B9A6B6BFFFF1C
:101F30004A4A58585050ACADADAFB2B4B2B5B5B8CE
:101F4000B9BBBBBCC6C74A4A51514B4BD2D2CECE0D
:101F5000D1D0D4D1D6D3D8D6DBD9E8E75454F8F8C9
:101F6000464C3F483F483F483F483F483F483F482E
:101F7000E0DBE4E0C3C1E7E7FFFFFFFFFFFFFFFF98
:101F8000F2F24142FFFBF3F0F4F0F6F24B4CFFFFAC
:101F9000878756565353F6F2F4F0F4F0F4F0F3EF6B
:101FA000F3EFF3EFF3F04C4DFFFFFFFFFFFFFFFFF9
:101FB00067676060E7E4E7E1E4E0E0DFDFDDDCD90C
:101FC000D9D6D6D3D3CFD1CECDCACBC7C9C5C4C33A
:101FD000C1C0BEBC6F6FF8F8FFFFFFFFA4A4585844
:101FE0005151A3A29D9C99999594929299989E9FE4
:101FF000A4A35456FFFFFFFFAFAFFFFF52525A5A40
:10200000C1C1BDBEC0C1C2C2C4C5C8C8CBCBCDCD85
:10201000CECEB1B1FFFFFFFFFFFFFFFFFFFFFFFFCE
:10202000FFFFFFFFFFFFFFFFFFFFFFFFFFFFFFFFC0
:10203000FFFFFFFFFFFFFFFFFFFFFFFFFFFFFFFFB0
:10204000FFFFFFFFFFFFFFFF4B4D585AD4CFF0EAD1
:10205000F0EAF0EAF0EAF0EAF0EAF0EAFFF9818368
:10206000FFFFFFFFFFFFFFFFFFFF55575557F1E948
:10207000E8E3E6E1E4DFE1DDDFDADDD8D9D6B9B7C0
:10208000E0E1FFFFFFFFFFFFFFFFD8D85759505295
:10209000BFBEB4B4B0B0ACACA7A7A2A39E9F9A9B9E
:1020A0006B6DFFFF4A4C585A5052ADB5AFB7B4BD37
:1020B000B5C1B8C4BBC7BCC8C7D14A4C51544B4CBE
:1020C000D2D8CED2D0D4D1D6D3D7D6D8D9DBE7E8A0
:1020D0005455F8F84CA848CC48CC48CC48CC48CC0F
:1020E00048CC48CCDBD9E0DCC1BEE7E7FFFFFFFF0F
:1020F000FFFFFFFFF2F34245FBF4F0EAF0EAF2EBF8
:102100004C4FFFFF878856585356F2ECF0EAF0EA3E
:10211000F0EAEFE9EFE9EFE9F0EA4D4FFFFFFFFFEB
:10212000FFFFFFFF676A6062E4DFE1DDE0DCDFD92B
:10213000DDD8D9D5D6D4D3D0CFCDCECCCAC8C7C59B
:10214000C5C3C3BFC0BEBCBB6F71F8F9FFFFFFFFC3
:10215000A4A5585A5153A2A39C9D999994959293E2
:10216000989A9FA3A3A85657FFFFFFFFAFB0FFFFAA
:1021700052545A5CC1CCBEC9C1CBC2CCC5CDC8CEAD
:10218000CBD1CDD2CED5B1B2FFFFFFFFFFFFFFFF16
:10219000FFFFFFFFFFFFFFFFFFFFFFFFFFFFFFFF4F
:1021A000FFFFFFFFFFFFFFFFFFFFFFFFFFFFFFFF3F
:1021B000FFFFFFFFFFFFFFFFFFFFFFFF4B4B5858E5
:1021C000D6D2F2F0F4F0F4F0F4F0F4F0F4F0F4F02D
:1021D000FFFF8181FFFFFFFFFFFFFFFFFFFF55555F
:1021E0005555F5F1ECEAEAE7EAE5E6E3E5E2E3DE98
:1021F000DFDEBBBAE0E0FFFFFFFFFFFFFFFFD8D845
:1022000057574E50C6C3BAB9B5B3B1AFADACA8A617
:10221000A3A3A09F6D6CE4E4575756587C7CA4A6FA
:10222000A8AAADAEB0B2B4B5B5B8B9BBB0B0CCCC5D
:102230003F483F489094CCCCCECED1CFD4D2D5D449
:10224000D8D6DCDA5A5AAAAE3F483F483F483F4802
:102250003F483F483F488386DBD7E0DCC2BFE7E723
:10226000FFFFFFFFFFFFFFFFFFFFCDCD5151F9F44F
:10227000F4F0F6F24D4DFFFF878756565353F6F2B2
:10228000F4F0F4F0F4F0F4F0F2EEF3EFF5F14A4A82
:10229000FFFFFFFFFFFFFFFFFFFF6060C0BEE5E243
:1022A000E6E2E3DEE1DFE0DCDDD9D9D7D5D3D3D078
:1022B000D1CECDCBCBC8C7C5C4C2B8B76767FFFF07
:1022C000FFFFFFFFA4A458585151A6A6A1A09D9CB2
:1022D0009998959492929A9A9E9E5555FFFFFFFF6A
:1022E000FFFFFFFF52525A5ABCBFBABBBDBEC0C0AF
:1022F000C1C4C4C5C8C8CACACCCCCBCBFFFFFFFF82
:10230000FFFFFFFFFFFFFFFFFFFFFFFFFFFFFFFFDD
:10231000FFFFFFFFFFFFFFFFFFFFFFFFFFFFFFFFCD
:10232000FFFFFFFFFFFFFFFFFFFFFFFFFFFFFFFFBD
:102330004B4D585AD2CFF0EAF0EAF0EAF0EAF0EA70
:10234000F0EAF0EAFFF98183FFFFFFFFFFFFFFFFE5
:10235000FFFF55575557F1EDEAE3E7E2E5E0E3DE2D
:10236000E2DEDEDADED9BAB9E0E1FFFFFFFFFFFF10
:10237000FFFFD8D857595052C3C2B9B8B3B5AFB0A0
:10238000ACACA6A7A3A49F9F6C6DE4E45759585A20
:102390007C7FA6ABAAB1AEB7B2BCB5C2B8C3BBC650
:1023A000B0B9CCCD48CC48CC94CACCD3CED3CFD4C2
:1023B000D2D6D4D7D6D8DADD5A5CAEE848CC48CCF1
:1023C00048CC48CC48CC48CC48CC86CED7D5DCD8F5
:1023D000BFBEE7E7FFFFFFFFFFFFFFFFFFFFCDCD22
:1023E0005154F4EEF0EAF2EB4D50FFFF8788565857
:1023F0005356F2ECF0EAF0EAF0EAF0EAEEE8EFE940
:10240000F1EB4A4DFFFFFFFFFFFFFFFFFFFF6062A1
:10241000BEBCE2DDE2DDDEDBDFDADCD8D9D5D7D346
:10242000D3CFD0CDCECBCBC9C8C5C5C2C2C0B7B63D
:102430006768FFFFFFFFFFFFA4A5585A5153A6A6E8
:10244000A0A09C9D989A949592939A9B9EA2555673
:10245000FFFFFFFFFFFFFFFF52545A5CBFCBBBC51E
:10246000BEC9C0CBC4CDC5CEC8CECAD0CCD4CBCCCF
:10247000FFFFFFFFFFFFFFFFFFFFFFFFFFFFFFFF6C
:10248000FFFFFFFFFFFFFFFFFFFFFFFFFFFFFFFF5C
:10249000FFFFFFFFFFFFFFFFFFFFFFFFFFFFFFFF4C
:1024A000FFFFFFFF4B4B5858E6E2F3EEF2F0F4F07B
:1024B000F4F0F4F0F4F0F4F0FFFF8181FFFFFFFF90
:1024C000FFFFFFFFFFFF55555353FAF5ECEAEDE927
:1024D000E9E7E9E5E5E3E5E2E2DEBDBCE0E0FFFFD8
:1024E000FFFFFFFFFFFFD8D857574E4FC9C7BDBBEF
:1024F000B8B8B5B4B0B0ACABA9A7A4A26F6E616117
:1025000058585656A0A19FA1A5A6A9AAADADB0B393
:10251000B4B5B6B94D4EFFFF3F483F483F483F482E
:10252000535C8F92D1D0D3D1C1C184883F483F48FA
:102530003F483F483F483F483F483F483F48D3CF48
:10254000D7D3DAD8BFBCE7E7FFFFFFFFFFFFFFFFEE
:10255000FFFFFFFF97977778F4EFF6F24D4DFFFFFF
:10256000868656565253F6F2F4F0F4F0F4F0F4F096
:10257000F4F0F3EFF5F14A4AFFFFFFFFFFFFFFFF23
:10258000FFFFFFFF4D4DC0BEE6E4E6E2E3DFE0DD26
:10259000DFDCDCD9D8D6D6D4D4D1D0CECDCCCBC804
:1025A000BDBA4141FFFFFFFFFFFFFFFFA4A4585842
:1025B0005151ABAAA4A3A1A09D9C989894939494E4
:1025C0009B9A5455FFFFFFFFFFFFFFFF52525A5ADD
:1025D000BABDB7B9BABBBDBEC1C1C2C4C5C6C7C703
:1025E000C9CACACAFFFFFFFFFFFFFFFFFFFFFFFFD0
:1025F000FFFFFFFFFFFFFFFFFFFFFFFFFFFFFFFFEB
:10260000FFFFFFFFFFFFFFFFFFFFFFFFFFFFFFFFDA
:10261000FFFFFFFFFFFFFFFF4B4D585AE2DCEEE7E5
:10262000F0EAF0EAF0EAF0EAF0EAF0EAFFF9818392
:10263000FFFFFFFFFFFFFFFFFFFF55575355F5EF6C
:10264000EAE3E9E4E7E2E5E0E3DEE2DDDEDABCBBB3
:10265000E0E1FFFFFFFFFFFFFFFFD8D857594F52C0
:10266000C7C5BBBBB8B6B4B4B0B0ABABA7A6A2A34A
:102670006E706163585A5658A1A4A1A4A6ABAAB221
:10268000ADB8B3BDB5C2B9C54E4FFFFF48CC48CCBD
:1026900048CC48CC5CCC92CFD0D5D1D7C1D688D24B
:1026A00048CC48CC48CC48CC48CC48CC48CC48CC8A
:1026B00048CCCFCED3D2D8D6BCBCE7E7FFFFFFFFD4
:1026C000FFFFFFFFFFFFFFFF97997879EFE9F2EB3C
:1026D0004D50FFFF868756585355F2ECF0EAF0EA6A
:1026E000F0EAF0EAF0EAEFE9F1EB4A4DFFFFFFFF15
:1026F000FFFFFFFFFFFFFFFF4D50BEBCE4DFE2DE48
:10270000DFDBDDDADCD8D9D5D6D3D4D0D1CECECB71
:10271000CCCAC8C6BAB94144FFFFFFFFFFFFFFFFA5
:10272000A4A5585A5153AAA9A3A4A0A09C9D9898C7
:10273000939494959A9C5557FFFFFFFFFFFFFFFF6F
:1027400052545A5CBDCAB9C6BBC5BEC8C1CBC4CD04
:10275000C6CEC7CECAD0CACBFFFFFFFFFFFFFFFF29
:10276000FFFFFFFFFFFFFFFFFFFFFFFFFFFFFFFF79
:10277000FFFFFFFFFFFFFFFFFFFFFFFFFFFFFFFF69
:10278000FFFFFFFFFFFFFFFFFFFFFFFF4B4B58580F
:10279000E6E2F2EEF3EFF3F0F4F0F4F0F4F0F4F03C
:1027A000FFFF8181FFFFFFFFFFFFFFFFFFFF4343AD
:1027B0005353FFFFFFFAFCF9FCF6F9F4F7F2F5F1D9
:1027C000F3EFCAC8E0E0FFFFFFFFFFFFFFFFFFFFDF
:1027D00045455050D7D4CCCAC7C5C2C2BDBCB8B796
:1027E000B4B3AFAE73728E8E5757555597979E9E62
:1027F000A4A5A8ABADAFB1B4B6B8BFC27272FFFFAB
:102800003F483F483F483F483F483F483F483F4890
:102810003F483F483F483F483F483F483F483F4880
:102820003F483F487F81D5D0DAD6DFDBC2C0E7E73B
:10283000FFFFFFFFFFFFFFFFFFFFFFFFFFFF7070C6
:10284000B1B0FFFB4E4EFFFFF1F150505757FFFF65
:10285000FFFFFFFFFFFFFFFFFFFFFFFFFFFF4B4CEF
:10286000FFFFFFFFFFFFFFFFFFFFFFFFFFFF878768
:102870005252F3F1E9E6E3DEDFDEDEDBDBD9D9D667
:10288000D6D4D6D3DFDC5C5D6D6DFFFFFFFFFFFFAD
:10289000FFFFFFFFFFFF4D4D5050B7B5AFAEABA9E7
:1028A000A7A5A2A09E9D9A9799995757FFFFFFFF52
:1028B000FFFFFFFF52525A5AB9BCB5B8B7BABABCFB
:1028C000BEBFC1C1C3C4C5C5C8C8CACAFFFFFFFFD8
:1028D000FFFFFFFFFFFFFFFFFFFFFFFFFFFFFFFF08
:1028E000FFFFFFFFFFFFFFFFFFFFFFFFFFFFFFFFF8
:1028F000FFFFFFFFFFFFFFFFFFFFFFFFFFFFFFFFE8
:102900004B4D585AE2DFEEE8EFE8F0EAF0EAF0EA81
:10291000F0EAF0EAFFF98183FFFFFFFFFFFFFFFF0F
:10292000FFFF43455355FFFEFAF3F9F1F6F0F4EFDC
:10293000F2ECF1ECEFEAC8C5E0E1FFFFFFFFFFFFBB
:10294000FFFFFFFF45475053D4D0CAC8C5C4C2BF1C
:10295000BCBAB7B7B3B3AEAE72738E8E5759555774
:1029600097999EA1A5AAABB0AFB6B4BCB8C3C2D06C
:102970007274FFFF48CC48CC48CC48CC48CC48CCFB
:1029800048CC48CC48CC48CC48CC48CC48CC48CCA7
:1029900048CC48CC48CC48CC81CBD0CFD6D5DBD99D
:1029A000C0BFE7E7FFFFFFFFFFFFFFFFFFFFFFFFE6
:1029B000FFFF7071B0AEFBF44E51FFFFF1F15051CB
:1029C000575AFFFAFFF8FFF8FFF8FFF8FFF8FFF893
:1029D000FFF84C4FFFFFFFFFFFFFFFFFFFFFFFFF71
:1029E000FFFF87875255F1ECE6E1DEDADED8DBD770
:1029F000D9D5D6D3D4D0D3D0DCD75D606D6FFFFFEF
:102A0000FFFFFFFFFFFFFFFFFFFF4D4F5052B5B429
:102A1000AEADA9AAA5A6A0A19D9E9798999A57592F
:102A2000FFFFFFFFFFFFFFFF52545A5CBCC8B8C353
:102A3000BAC6BCC7BFC9C1CAC4CCC5CEC8CFCACB31
:102A4000FFFFFFFFFFFFFFFFFFFFFFFFFFFFFFFF96
:102A5000FFFFFFFFFFFFFFFFFFFFFFFFFFFFFFFF86
:102A6000FFFFFFFFFFFFFFFFFFFFFFFFFFFFFFFF76
:102A7000FFFFFFFF4B4B5858E7E3F2ECF3EFF3EEA9
:102A8000F3F0F4F0F4F0F4F0FFFF8181FFFFFFFFBB
:102A9000FFFFFFFFFFFFFFFF4C4C4A4A4A4A4A4AEA
:102AA0004A4A4A4A4A4A4A4A4A4A4D4DDEDEFFFFEE
:102AB000FFFFFFFFFFFFFFFFFFFF4D4D4B4C4C4C57
:102AC0004C4C4C4C4D4C4D4C4D4D4D4D4D4DFFFFD8
:102AD0008F8F52524C4C4C4C4B4B4B4B4A4A4A4AB0
:102AE0004A4A4949FCFCFFFF3F483F483F483F48AE
:102AF0003F483F483F483F483F483F483F483F489E
:102B00003F483F483F483F483F483D4338393737C3
:102B1000373737373939E2E2FFFFFFFFFFFFFFFFAB
:102B2000FFFFFFFFFFFFFFFF6A6A35363535FFFF06
:102B3000FFFFF5F53D3D3A3A3A3A3A3A3A3A3A3AEF
:102B40003A3A3A3A3A3A3434FFFFFFFFFFFFFFFFC9
:102B5000FFFFFFFFFFFFFFFFFFFF6C6B34356F6F61
:102B6000A6A6BCB9BEBBA7A5727137385D5DFFFFD5
:102B7000FFFFFFFFFFFFFFFFFFFFFFFFFFFFFFFF65
:102B80003D3D3C3C3C3C3D3D3D3D3D3D3D3D3D3D79
:102B90003D3D3B3BFFFFFFFFFFFFFFFF52525A5AF5
:102BA000B7BAB4B6B4B7B8BABBBDBEBFC1C2C2C370
:102BB000C5C6CACAFFFFFFFFFFFFFFFFFFFFFFFF02
:102BC000FFFFFFFFFFFFFFFFFFFFFFFFFFFFFFFF15
:102BD000FFFFFFFFFFFFFFFFFFFFFFFFFFFFFFFF05
:102BE000FFFFFFFFFFFFFFFF4B4D585AE3DDECE80F
:102BF000EFE8EEE8F0EAF0EAF0EAF0EAFFF98183C4
:102C0000FFFFFFFFFFFFFFFFFFFFFFFF4C4F4A4C9F
:102C10004A4C4A4C4A4C4A4C4A4C4A4C4A4C4D4EFF
:102C2000DEDFFFFFFFFFFFFFFFFFFFFFFFFF4D4F57
:102C30004C4D4C4D4C4E4C4E4C4F4C4F4D4F4D4FC0
:102C40004D4FFFFF8F9152534C4E4C4D4B4D4B4CC3
:102C50004A4B4A4B4A4B494AFCFBFFFF48CC48CC05
:102C600048CC48CC48CC48CC48CC48CC48CC48CCC4
:102C700048CC48CC48CC48CC48CC48CC48CC43A0E5
:102C8000393B373A373A3739393CE2E2FFFFFFFF49
:102C9000FFFFFFFFFFFFFFFFFFFFFFFF6A6B3638FD
:102CA0003537FFFFFFFFF5F53D3F3A3C3A3C3A3CF4
:102CB0003A3C3A3C3A3C3A3C3A3C3436FFFFFFFF60
:102CC000FFFFFFFFFFFFFFFFFFFFFFFFFFFF6B6C3B
:102CD00035386F70A6A5B9B7BBB8A5A57173383ADA
:102CE0005D5FFFFFFFFFFFFFFFFFFFFFFFFFFFFF36
:102CF000FFFFFFFF3D403C3F3C3F3D3F3D3F3D3FF1
:102D00003D3F3D3F3D403B3DFFFFFFFFFFFFFFFFDE
:102D100052545A5CBAC5B6C2B7C4BAC6BDC6BFC95A
:102D2000C2CAC3CCC6CECACBFFFFFFFFFFFFFFFF67
:102D3000FFFFFFFFFFFFFFFFFFFFFFFFFFFFFFFFA3
:102D4000FFFFFFFFFFFFFFFFFFFFFFFFFFFFFFFF93
:102D5000FFFFFFFFFFFFFFFFFFFFFFFF4B4B585839
:102D6000E5E2F1ECF2ECF3EFF3EEF3F0F4F0F4F073
:102D7000FFFF8383FFFFFFFFFFFFFFFFFFFFFFFF5B
:102D8000FFFFFFFFFFFFFFFFFFFFFFFFFFFFFFFF53
:102D9000FFFFFFFFFFFFFFFFFFFFFFFFFFFFFFFF43
:102DA000FFFFFFFFFFFFFFFFFFFFFFFFFFFFFFFF33
:102DB000FFFFFFFFFFFFFFFFFFFFFFFFFFFFFFFF23
:102DC000FFFFFFFFFFFFFFFFFFFFFFFFFFFFFFFF13
:102DD000656D3F483F483F483F483F483F483F4870
:102DE0003F483F483F483F483F483F483F483F48AB
:102DF000959AFFFFFFFFFFFFFFFFFFFFFFFFFFFFB2
:102E0000FFFFFFFFFFFFFFFFFFFFFFFFFFFFFFFFD2
:102E1000FFFFFFFFFFFFFFFFFFFFFFFFFFFFFFFFC2
:102E2000FFFFFFFFFFFFFFFFFFFFFFFFFFFFFFFFB2
:102E3000FFFFFFFFFFFFFFFFFFFFFFFFFFFFFFFFA2
:102E4000FFFFFFFFFFFFFFFFFBFBDBDBDBDBF5F53E
:102E5000FFFFFFFFFFFFFFFFFFFFFFFFFFFFFFFF82
:102E6000FFFFFFFFFFFFFFFFFFFFFFFFFFFFFFFF72
:102E7000FFFFFFFFFFFFFFFFFFFFFFFFFFFFFFFF62
:102E8000FFFFFFFF52525959B5B7B2B3B4B6B5B749
:102E9000B7BABBBDBEBFC1C2C3C4CACAFFFFFFFF32
:102EA000FFFFFFFFFFFFFFFFFFFFFFFFFFFFFFFF32
:102EB000FFFFFFFFFFFFFFFFFFFFFFFFFFFFFFFF22
:102EC000FFFFFFFFFFFFFFFFFFFFFFFFFFFFFFFF12
:102ED0004B4D585AE2DDECE6ECE8EFE8EEE8F0EABC
:102EE000F0EAF0EAFFFA8384FFFFFFFFFFFFFFFF36
:102EF000FFFFFFFFFFFFFFFFFFFFFFFFFFFFFFFFE2
:102F0000FFFFFFFFFFFFFFFFFFFFFFFFFFFFFFFFD1
:102F1000FFFFFFFFFFFFFFFFFFFFFFFFFFFFFFFFC1
:102F2000FFFFFFFFFFFFFFFFFFFFFFFFFFFFFFFFB1
:102F3000FFFFFFFFFFFFFFFFFFFFFFFFFFFFFFFFA1
:102F4000FFFFFFFF6DD648CC48CC48CC48CC48CCDE
:102F500048CC48CC48CC48CC48CC48CC48CC48CCD1
:102F600048CC48CC9AE3FFFFFFFFFFFFFFFFFFFFC6
:102F7000FFFFFFFFFFFFFFFFFFFFFFFFFFFFFFFF61
:102F8000FFFFFFFFFFFFFFFFFFFFFFFFFFFFFFFF51
:102F9000FFFFFFFFFFFFFFFFFFFFFFFFFFFFFFFF41
:102FA000FFFFFFFFFFFFFFFFFFFFFFFFFFFFFFFF31
:102FB000FFFFFFFFFFFFFFFFFFFFFFFFFBFCDBDB70
:102FC000DBDCF5F5FFFFFFFFFFFFFFFFFFFFFFFF6C
:102FD000FFFFFFFFFFFFFFFFFFFFFFFFFFFFFFFF01
:102FE000FFFFFFFFFFFFFFFFFFFFFFFFFFFFFFFFF1
:102FF000FFFFFFFFFFFFFFFF5254595BB7C1B3BE96
:10300000B6C1B7C3BAC6BDC7BFC9C2C9C4CDCACB92
:10301000FFFFFFFFFFFFFFFFFFFFFFFFFFFFFFFFC0
:10302000FFFFFFFFFFFFFFFFFFFFFFFFFFFFFFFFB0
:10303000FFFFFFFFFFFFFFFFFFFFFFFFFFFFFFFFA0
:10304000FFFFFFFF4B4B5858E3DFEFEBF0ECF2ECE8
:10305000F3EFF3EEF3F0F4F0FFFF8484FFFFFFFFE4
:10306000FFFFFFFFFFFFFFFFFFFFFFFFFFFFFFFF70
:10307000FFFFFFFFFFFFFFFFFFFFFFFFFFFFFFFF60
:10308000FFFFFFFFFFFFFFFFFFFFFFFFFFFFFFFF50
:10309000FFFFFFFFFFFFFFFFFFFFFFFFFFFFFFFF40
:1030A000FFFFFFFFFFFFFFFFFFFFFFFFFFFFFFFF30
:1030B000FFFFFFFFFFFFFFFFFFFFE5E6525A3F481C
:1030C0003F483F483F483F483F483F483F483F48C8
:1030D0003F483F486E75FFFFFFFFFFFFFFFFFFFF09
:1030E000FFFFFFFFFFFFFFFFFFFFFFFFFFFFFFFFF0
:1030F000FFFFFFFFFFFFFFFFFFFFFFFFFFFFFFFFE0
:10310000FFFFFFFFFFFFFFFFFFFFFFFFFFFFFFFFCF
:10311000FFFFFFFFFFFFFFFFFFFFFFFFFFFFFFFFBF
:10312000FFFFFFFFFFFFFFFFFFFFFFFFFFFFFFFFAF
:10313000FFFFFFFFFFFFFFFFFFFFFFFFFFFFFFFF9F
:10314000FFFFFFFFFFFFFFFFFFFFFFFFFFFFFFFF8F
:10315000FFFFFFFFFFFFFFFFFFFFFFFFFFFFFFFF7F
:10316000FFFFFFFFFFFFFFFFFFFFFFFF5252595915
:10317000B2B3AEB1B2B4B3B6B5B8B9BBBBBDBEBFE6
:10318000C3C4CACAFFFFFFFFFFFFFFFFFFFFFFFF30
:10319000FFFFFFFFFFFFFFFFFFFFFFFFFFFFFFFF3F
:1031A000FFFFFFFFFFFFFFFFFFFFFFFFFFFFFFFF2F
:1031B000FFFFFFFFFFFFFFFF4B4D585ADFDBEBE642
:1031C000ECE6ECE8EFE8EEE8F0EAF0EAFFFA8485F6
:1031D000FFFFFFFFFFFFFFFFFFFFFFFFFFFFFFFFFF
:1031E000FFFFFFFFFFFFFFFFFFFFFFFFFFFFFFFFEF
:1031F000FFFFFFFFFFFFFFFFFFFFFFFFFFFFFFFFDF
:10320000FFFFFFFFFFFFFFFFFFFFFFFFFFFFFFFFCE
:10321000FFFFFFFFFFFFFFFFFFFFFFFFFFFFFFFFBE
:10322000FFFFFFFFFFFFFFFFFFFFFFFFFFFFE6F8CE
:103230005AD148CC48CC48CC48CC48CC48CC48CCD7
:1032400048CC48CC48CC48CC75D9FFFFFFFFFFFFE6
:10325000FFFFFFFFFFFFFFFFFFFFFFFFFFFFFFFF7E
:10326000FFFFFFFFFFFFFFFFFFFFFFFFFFFFFFFF6E
:10327000FFFFFFFFFFFFFFFFFFFFFFFFFFFFFFFF5E
:10328000FFFFFFFFFFFFFFFFFFFFFFFFFFFFFFFF4E
:10329000FFFFFFFFFFFFFFFFFFFFFFFFFFFFFFFF3E
:1032A000FFFFFFFFFFFFFFFFFFFFFFFFFFFFFFFF2E
:1032B000FFFFFFFFFFFFFFFFFFFFFFFFFFFFFFFF1E
:1032C000FFFFFFFFFFFFFFFFFFFFFFFFFFFFFFFF0E
:1032D000FFFFFFFFFFFFFFFFFFFFFFFFFFFFFFFFFE
:1032E0005254595BB3BBB1BAB4BEB6C2B8C4BBC6C4
:1032F000BDC8BFCAC4CDCACBFFFFFFFFFFFFFFFFA2
:10330000FFFFFFFFFFFFFFFFFFFFFFFFFFFFFFFFCD
:10331000FFFFFFFFFFFFFFFFFFFFFFFFFFFFFFFFBD
:10332000FFFFFFFFFFFFFFFFFFFFFFFF4B4B585863
:10333000E0DDEBE8EFEBF1EDF2ECF3EFF3EEF4F0C0
:10334000FFFF8484FFFFFFFFFFFFFFFFFFFFFFFF83
:10335000FFFFFFFFFFFFFFFFFFFFFFFFFFFFFFFF7D
:10336000FFFFFFFFFFFFFFFFFFFFFFFFFFFFFFFF6D
:10337000FFFFFFFFFFFFFFFFFFFFFFFFFFFFFFFF5D
:10338000FFFFFFFFFFFFFFFFFFFFFFFFFFFFFFFF4D
:10339000FFFFFFFFFFFFFFFFFFFFFFFFFFFFFFFF3D
:1033A000FFFFFFFFFFFFFFFFD2D48C91656D3F4809
:1033B0003F483F48656D8C91E5E6FFFFFFFFFFFF4B
:1033C000FFFFFFFFFFFFFFFFFFFFFFFFFFFFFFFF0D
:1033D000FFFFFFFFFFFFFFFFFFFFFFFFFFFFFFFFFD
:1033E000FFFFFFFFFFFFFFFFFFFFFFFFFFFFFFFFED
:1033F000FFFFFFFFFFFFFFFFFFFFFFFFFFFFFFFFDD
:10340000FFFFFFFFFFFFFFFFFFFFFFFFFFFFFFFFCC
:10341000FFFFFFFFFFFFFFFFFFFFFFFFFFFFFFFFBC
:10342000FFFFFFFFFFFFFFFFFFFFFFFFFFFFFFFFAC
:10343000FFFFFFFFFFFFFFFFFFFFFFFFFFFFFFFF9C
:10344000FFFFFFFFFFFFFFFFFFFFFFFFFFFFFFFF8C
:10345000FFFFFFFF52525959AEB0ACADAFB1B1B49E
:10346000B5B6B5B8B9BABCBCB1B3CACAFFFFFFFFA5
:10347000FFFFFFFFFFFFFFFFFFFFFFFFFFFFFFFF5C
:10348000FFFFFFFFFFFFFFFFFFFFFFFFFFFFFFFF4C
:10349000FFFFFFFFFFFFFFFFFFFFFFFFFFFFFFFF3C
:1034A0004B4D585ADDD7E8E4EBE6EDE6ECE8EFE803
:1034B000EEE8F0EAFFFA8485FFFFFFFFFFFFFFFF62
:1034C000FFFFFFFFFFFFFFFFFFFFFFFFFFFFFFFF0C
:1034D000FFFFFFFFFFFFFFFFFFFFFFFFFFFFFFFFFC
:1034E000FFFFFFFFFFFFFFFFFFFFFFFFFFFFFFFFEC
:1034F000FFFFFFFFFFFFFFFFFFFFFFFFFFFFFFFFDC
:10350000FFFFFFFFFFFFFFFFFFFFFFFFFFFFFFFFCB
:10351000FFFFFFFFFFFFFFFFFFFFFFFFD4F391E07F
:103520006DD648CC48CC48CC6DD691E0E6F8FFFF8C
:10353000FFFFFFFFFFFFFFFFFFFFFFFFFFFFFFFF9B
:10354000FFFFFFFFFFFFFFFFFFFFFFFFFFFFFFFF8B
:10355000FFFFFFFFFFFFFFFFFFFFFFFFFFFFFFFF7B
:10356000FFFFFFFFFFFFFFFFFFFFFFFFFFFFFFFF6B
:10357000FFFFFFFFFFFFFFFFFFFFFFFFFFFFFFFF5B
:10358000FFFFFFFFFFFFFFFFFFFFFFFFFFFFFFFF4B
:10359000FFFFFFFFFFFFFFFFFFFFFFFFFFFFFFFF3B
:1035A000FFFFFFFFFFFFFFFFFFFFFFFFFFFFFFFF2B
:1035B000FFFFFFFFFFFFFFFFFFFFFFFFFFFFFFFF1B
:1035C000FFFFFFFFFFFFFFFF5254595BB0B7ADB5E0
:1035D000B1BBB4BEB6C2B8C4BAC7BCC8B3BACACB12
:1035E000FFFFFFFFFFFFFFFFFFFFFFFFFFFFFFFFEB
:1035F000FFFFFFFFFFFFFFFFFFFFFFFFFFFFFFFFDB
:10360000FFFFFFFFFFFFFFFFFFFFFFFFFFFFFFFFCA
:10361000FFFFFFFF4B4B5A5ADEDBEAE7EDE8EFEB2B
:10362000F1ECF2ECF3EFF3EEFFFF8484FFFFFFFF1A
:10363000FFFFFFFFFFFFFFFFFFFFFFFFFFFFFFFF9A
:10364000FFFFFFFFFFFFFFFFFFFFFFFFFFFFFFFF8A
:10365000FFFFFFFFFFFFFFFFFFFFFFFFFFFFFFFF7A
:10366000FFFFFFFFFFFFFFFFFFFFFFFFFFFFFFFF6A
:10367000FFFFFFFFFFFFFFFFFFFFFFFFFFFFFFFF5A
:10368000FFFFFFFFFFFFFFFFFFFFFFFFFFFFFFFF4A
:10369000FFFFFFFFFFFFFFFFFFFFFFFFFFFFFFFF3A
:1036A000FFFFFFFFFFFFFFFFFFFFFFFFFFFFFFFF2A
:1036B000FFFFFFFFFFFFFFFFFFFFFFFFFFFFFFFF1A
:1036C000FFFFFFFFFFFFFFFFFFFFFFFFFFFFFFFF0A
:1036D000FFFFFFFFFFFFFFFFFFFFFFFFFFFFFFFFFA
:1036E000FFFFFFFFFFFFFFFFFFFFFFFFFFFFFFFFEA
:1036F000FFFFFFFFFFFFFFFFFFFFFFFFFFFFFFFFDA
:10370000FFFFFFFFFFFFFFFFFFFFFFFFFFFFFFFFC9
:10371000FFFFFFFFFFFFFFFFFFFFFFFFFFFFFFFFB9
:10372000FFFFFFFFFFFFFFFFFFFFFFFFFFFFFFFFA9
:10373000FFFFFFFFFFFFFFFFFFFFFFFF525259593F
:10374000ABACA9AAACAEAEB1B2B4B4B6B5B9B9BA65
:10375000AFB3CACAFFFFFFFFFFFFFFFFFFFFFFFF7F
:10376000FFFFFFFFFFFFFFFFFFFFFFFFFFFFFFFF69
:10377000FFFFFFFFFFFFFFFFFFFFFFFFFFFFFFFF59
:10378000FFFFFFFFFFFFFFFF4B4D5A5CDBD7E7E179
:10379000E8E4EBE6ECE6ECE8EFE8EEE8FFFA848537
:1037A000FFFFFFFFFFFFFFFFFFFFFFFFFFFFFFFF29
:1037B000FFFFFFFFFFFFFFFFFFFFFFFFFFFFFFFF19
:1037C000FFFFFFFFFFFFFFFFFFFFFFFFFFFFFFFF09
:1037D000FFFFFFFFFFFFFFFFFFFFFFFFFFFFFFFFF9
:1037E000FFFFFFFFFFFFFFFFFFFFFFFFFFFFFFFFE9
:1037F000FFFFFFFFFFFFFFFFFFFFFFFFFFFFFFFFD9
:10380000FFFFFFFFFFFFFFFFFFFFFFFFFFFFFFFFC8
:10381000FFFFFFFFFFFFFFFFFFFFFFFFFFFFFFFFB8
:10382000FFFFFFFFFFFFFFFFFFFFFFFFFFFFFFFFA8
:10383000FFFFFFFFFFFFFFFFFFFFFFFFFFFFFFFF98
:10384000FFFFFFFFFFFFFFFFFFFFFFFFFFFFFFFF88
:10385000FFFFFFFFFFFFFFFFFFFFFFFFFFFFFFFF78
:10386000FFFFFFFFFFFFFFFFFFFFFFFFFFFFFFFF68
:10387000FFFFFFFFFFFFFFFFFFFFFFFFFFFFFFFF58
:10388000FFFFFFFFFFFFFFFFFFFFFFFFFFFFFFFF48
:10389000FFFFFFFFFFFFFFFFFFFFFFFFFFFFFFFF38
:1038A000FFFFFFFFFFFFFFFFFFFFFFFFFFFFFFFF28
:1038B0005254595BACB2AAB2AEB6B1BBB4BFB6C239
:1038C000B9C5BAC7B3BACACBFFFFFFFFFFFFFFFFFF
:1038D000FFFFFFFFFFFFFFFFFFFFFFFFFFFFFFFFF8
:1038E000FFFFFFFFFFFFFFFFFFFFFFFFFFFFFFFFE8
:1038F000FFFFFFFFFFFFFFFFFFFFFFFF4D4D5B5C83
:10390000DAD6E7E4E9E7ECE9EEECF0EDF1EDF3EF20
:10391000FFFF8484FFFFFFFFFFFFFFFFFFFFFFFFAD
:10392000FFFFFFFFFFFFFFFFFFFFFFFFFFFFFFFFA7
:10393000FFFFFFFFFFFFFFFFFFFFFFFFFFFFFFFF97
:10394000FFFFFFFFFFFFFFFFFFFFFFFFFFFFFFFF87
:10395000FFFFFFFFFFFFFFFFFFFFFFFFFFFFFFFF77
:10396000FFFFFFFFFFFFFFFFFFFFFFFFFFFFFFFF67
:10397000FFFFFFFFFFFFFFFFFFFFFFFFFFFFFFFF57
:10398000FFFFFFFFFFFFFFFFFFFFFFFFFFFFFFFF47
:10399000FFFFFFFFFFFFFFFFFFFFFFFFFFFFFFFF37
:1039A000FFFFFFFFFFFFFFFFFFFFFFFFFFFFFFFF27
:1039B000FFFFFFFFFFFFFFFFFFFFFFFFFFFFFFFF17
:1039C000FFFFFFFFFFFFFFFFFFFFFFFFFFFFFFFF07
:1039D000FFFFFFFFFFFFFFFFFFFFFFFFFFFFFFFFF7
:1039E000FFFFFFFFFFFFFFFFFFFFFFFFFFFFFFFFE7
:1039F000FFFFFFFFFFFFFFFFFFFFFFFFFFFFFFFFD7
:103A0000FFFFFFFFFFFFFFFFFFFFFFFFFFFFFFFFC6
:103A1000FFFFFFFFFFFFFFFFFFFFFFFFFFFFFFFFB6
:103A2000FFFFFFFF52525959A6A8A5A7A9AAACAFFC
:103A3000B0B1B1B4B3B6B5B9AEB0CACAFFFFFFFFFB
:103A4000FFFFFFFFFFFFFFFFFFFFFFFFFFFFFFFF86
:103A5000FFFFFFFFFFFFFFFFFFFFFFFFFFFFFFFF76
:103A6000FFFFFFFFFFFFFFFFFFFFFFFFFFFFFFFF66
:103A70004D4F5C5ED6D4E4E0E7E1E9E3ECE6EDE649
:103A8000EDE8EFE7FFF98485FFFFFFFFFFFFFFFF92
:103A9000FFFFFFFFFFFFFFFFFFFFFFFFFFFFFFFF36
:103AA000FFFFFFFFFFFFFFFFFFFFFFFFFFFFFFFF26
:103AB000FFFFFFFFFFFFFFFFFFFFFFFFFFFFFFFF16
:103AC000FFFFFFFFFFFFFFFFFFFFFFFFFFFFFFFF06
:103AD000FFFFFFFFFFFFFFFFFFFFFFFFFFFFFFFFF6
:103AE000FFFFFFFFFFFFFFFFFFFFFFFFFFFFFFFFE6
:103AF000FFFFFFFFFFFFFFFFFFFFFFFFFFFFFFFFD6
:103B0000FFFFFFFFFFFFFFFFFFFFFFFFFFFFFFFFC5
:103B1000FFFFFFFFFFFFFFFFFFFFFFFFFFFFFFFFB5
:103B2000FFFFFFFFFFFFFFFFFFFFFFFFFFFFFFFFA5
:103B3000FFFFFFFFFFFFFFFFFFFFFFFFFFFFFFFF95
:103B4000FFFFFFFFFFFFFFFFFFFFFFFFFFFFFFFF85
:103B5000FFFFFFFFFFFFFFFFFFFFFFFFFFFFFFFF75
:103B6000FFFFFFFFFFFFFFFFFFFFFFFFFFFFFFFF65
:103B7000FFFFFFFFFFFFFFFFFFFFFFFFFFFFFFFF55
:103B8000FFFFFFFFFFFFFFFFFFFFFFFFFFFFFFFF45
:103B9000FFFFFFFFFFFFFFFF5254595BA8ACA7AB2D
:103BA000AAB1AFB6B1BBB4BFB6C3B9C5B0B8CACB82
:103BB000FFFFFFFFFFFFFFFFFFFFFFFFFFFFFFFF15
:103BC000FFFFFFFFFFFFFFFFFFFFFFFFFFFFFFFF05
:103BD000FFFFFFFFFFFFFFFFFFFFFFFFFFFFFFFFF5
:103BE000FFFFFFFF4E4E5B5CD6D3E4E0E8E4EAE77C
:103BF000ECE8EFECF0EDF1EDFFFF8484FFFFFFFF59
:103C0000FFFFFFFFFFFF525257575757575757575E
:103C10005757575757575757575757575757575734
:103C20005757575757575757575757575757575724
:103C30005757575757575757575757575757575714
:103C40005757575757575757575757575757575704
:103C500057575757575757575757575757575757F4
:103C600057575757575757575757575757575757E4
:103C700057575757575757575757575757575757D4
:103C800057575757575757575757575757575757C4
:103C900057575757575757575757575757575757B4
:103CA00057575757575757575757575757575757A4
:103CB0005757575757575757575757575757575794
:103CC0005757575757575757575757575757575784
:103CD0005757575757575757575757575757575774
:103CE0005757575757575757575757575757575764
:103CF0005757575757575757575757575757575754
:103D00005353F8F8FFFFFFFFFFFFFFFF52525959CF
:103D1000A1A1A2A3A5A7A9AAADAEB0B2B3B5B5B7EC
:103D2000ACAFCACAFFFFFFFFFFFFFFFFFFFFFFFFB0
:103D3000FFFFFFFFFFFFFFFFFFFFFFFFFFFFFFFF93
:103D4000FFFFFFFFFFFFFFFFFFFFFFFFFFFFFFFF83
:103D5000FFFFFFFFFFFFFFFF4E505C5ED3CFE0DCB5
:103D6000E4E0E7E1E8E4ECE6EDE6EDE8FFF8848581
:103D7000FFFFFFFFFFFFFFFFFFFF52545759575947
:103D800057595759575957595759575957595759B3
:103D900057595759575957595759575957595759A3
:103DA0005759575957595759575957595759575993
:103DB0005759575957595759575957595759575983
:103DC0005759575957595759575957595759575973
:103DD0005759575957595759575957595759575963
:103DE0005759575957595759575957595759575953
:103DF0005759575957595759575957595759575943
:103E00005759575957595759575957595759575932
:103E10005759575957595759575957595759575922
:103E20005759575957595759575957595759575912
:103E30005759575957595759575957595759575902
:103E400057595759575957595759575957595759F2
:103E500057595759575957595759575957595759E2
:103E600057595759575957595759575957595759D2
:103E7000575957595355F8F8FFFFFFFFFFFFFFFF52
:103E80005254595BA1A6A3A7A7ACAAB2AEB7B2BCC5
:103E9000B5C0B7C3AFB8CACBFFFFFFFFFFFFFFFF3F
:103EA000FFFFFFFFFFFFFFFFFFFFFFFFFFFFFFFF22
:103EB000FFFFFFFFFFFFFFFFFFFFFFFFFFFFFFFF12
:103EC000FFFFFFFFFFFFFFFFFFFFFFFF4E4E5B5CAB
:103ED000D0CDDFDBE4E0E7E3EBE7EDE9EFECF0ED9D
:103EE000FFFF8484FFFFFFFFFFFFFFFFFFFF4F4F38
:103EF000595956565656565656565656565656565C
:103F0000565656565657565756575657565756574B
:103F10005657565756575657565756575657565739
:103F20005657565756575657565756575757575727
:103F30005757575757575757575757575757575711
:103F400057585758575857585758575857585758F9
:103F500057585758575857585758575857585758E9
:103F600058585858585858585858585858585858D1
:103F700058585858585858585858585858585858C1
:103F800058585858585858585858585858585858B1
:103F900058585758575857585758575857585758A8
:103FA0005758575857585758575857585758575899
:103FB000575857585758575857585758575757578B
:103FC0005757575757575757575757575657565783
:103FD000565756575657565756575657565756567A
:103FE000565656565656555655565656FFFFFFFFCF
:103FF000FFFFFFFF525259599D9D9D9DA1A2A6A76B
:10400000A9AAADAFB0B2B4B5AAADCACAFFFFFFFF4F
:10401000FFFFFFFFFFFFFFFFFFFFFFFFFFFFFFFFB0
:10402000FFFFFFFFFFFFFFFFFFFFFFFFFFFFFFFFA0
:10403000FFFFFFFFFFFFFFFFFFFFFFFFFFFFFFFF90
:104040004E505C5ECDCBDBD7E0DDE3DFE7E1E9E5B9
:10405000ECE7EDE6FFF88485FFFFFFFFFFFFFFFFC2
:10406000FFFF4F51595B5658565856585658565898
:1040700056585659565956595759575957595759C5
:1040800057595759575957595759575957595759B0
:1040900057595759575957595759575957595759A0
:1040A0005759575957595759575957595759575990
:1040B00057595759585958595859585A585A585A77
:1040C000585A585A585A585A585A585A585A585A60
:1040D000585A585A585A585A585A585A585A585A50
:1040E000585A585A585A585A585A585A585A585A40
:1040F000585A585A585A585A585A585A585A585A30
:10410000585A585A585A585A585A585A585A585A1F
:10411000585A585A585A585A585A585A585A585A0F
:10412000585A585A585A585A585A585A5859585901
:1041300057595759575957595759575957595759FF
:1041400057595759575957595759575957595759EF
:1041500057595658565856585658565856585658ED
:10416000FFFFFFFFFFFFFFFF5255595B9D9E9DA183
:10417000A2A6A7ADAAB2AFB8B2BCB5C0ADB7CACB04
:10418000FFFFFFFFFFFFFFFFFFFFFFFFFFFFFFFF3F
:10419000FFFFFFFFFFFFFFFFFFFFFFFFFFFF7A7A39
:1041A0008585858588889595FFFFFFFFFFFFCDCD2D
:1041B000FFFFFFFF4E4E5B5CCCC7D9D6E0DBE4E1EE
:1041C000E8E3EBE7ECE9EFEBFFFE8484FFFFFFFFA2
:1041D000FFFFFFFFFFFF4F4F585AFFFFFFFBFDFBA5
:1041E000FCF7FBF6FBF5F8F4F5F1F5F0F2EDF1EC88
:1041F000EDEAECE8EAE5E9E4E8E3E6E2E5DFE3DE60
:10420000E1DDE0DBDEDADBD7DBD6D8D4D7D1D4D121
:10421000D2CED0CDCFCACDCACBC8C9C6C8C4C5C2FC
:10422000C4C1C1BFC1BDBEBBBCBAB9B7B7B6B5B4D6
:10423000B4B3B1B1AFAFAEADABABAAA8A7A7A7A5BA
:10424000A4A4A2A29EA09D9E9B9D9A9B97989697A0
:104250009396949696969596959895979597959703
:1042600095979697969796989899989998999899D6
:10427000989A999A9A9B9B9B9C9C9B9D9C9E9C9D8B
:104280009E9F9F9EA1A0A2A1A3A5A3A3A6A6A6A808
:10429000A9A9AAAAABABAEAEAEB0B1B1B3B2B4B33A
:1042A000B7B6B8B8BBBBBDBCC0BFC3C1C6C4C8C627
:1042B000CBC8CDCBCFCED4D2D6D5DAD8DEDCE1DFB9
:1042C000E6E2E7E6EDEBF1F0F7F6FCFAFFFFFFFFC1
:1042D000FFFF7C7CFFFFFFFFFFFFFFFF5353595998
:1042E000979799989D9EA1A3A6A7AAABAFAEB0B28F
:1042F000A9ACCACAFFFFFFFFFFFFFFFFFFFFFFFFE1
:10430000FFFFFFFFFFFFFFFFFFFFFFFFFFFFFFFFBD
:10431000FFFF7A7C85878587888B9597FFFFFFFF56
:10432000FFFFCDCDFFFFFFFF4E505C5EC7C7D6D469
:10433000DBD8E1DDE3E0E7E1E9E5EBE7FEF88485E2
:10434000FFFFFFFFFFFFFFFFFFFF4F515A5CFFFB27
:10435000FBF5FBF2F7F3F6F2F5EEF4EEF1EDF0EA31
:10436000EDE9ECE9EAE6E8E5E5E2E4E3E3E0E2E0F2
:10437000DFDEDEDDDDDBDBDADAD8D7D7D6D6D4D6A2
:10438000D1D2D1D1CED0CDCECACCCACCC8CAC6C863
:10439000C4C7C2C4C1C4BFC3BDC0BBBFBABEB7BB24
:1043A000B6BBB4B8B3B8B1B4AFB4ADB2ABB0A8AEED
:1043B000A7AEA5ACA4AAA2A9A0A79EA69DA59BA1B5
:1043C00098A097A0969E969F969F969F989F97A03D
:1043D00097A097A097A097A097A098A099A099A11F
:1043E00099A199A19AA29AA29BA29BA49CA39DA5E4
:1043F0009EA69DA59FA79EA6A0A8A1A9A5ABA3AC7C
:10440000A6ADA8AEA9AFAAB0ABB1AEB3B0B5B1B6C8
:10441000B2B8B3B8B6BBB8BDBBBFBCC0BFC3C1C5E3
:10442000C4C8C6CAC8CDCBCECED0D2D4D5D6D8D9A2
:10443000DCDCDFE0E2E2E6E6EBE9F0EEF6F3FAF7E9
:10444000FFFAFFFFFFFF7C7DFFFFFFFFFFFFFFFF86
:104450005355595B9798989A9EA2A3A7A7ADABB363
:10446000AEB8B2BCACB5CACBFFFFFFFFFFFFFFFF8A
:10447000FFFFFFFFFFFFFFFFFFFFFFFFFFFFFFFF4C
:10448000FFFFFFFFFFFF31315757575746464B4B52
:10449000F9F9FFFFFFFF3F3FFFFFFFFF4E4E5B5C61
:1044A000C7C3D5D1D9D6E0DCE5E1E8E5EBE8ECE837
:1044B000FFFD8484FFFFFFFFFFFFFFFFFFFF515160
:1044C000585AF4EFECE9ECE8EAE8E9E5E8E4E7E279
:1044D000E5E1E3DFE2DEE0DCDFDBDCD8DAD7D9D50B
:1044E000D8D4D8D3D5D3D4D0D2CFD3CED1CCCFCBB0
:1044F000CCC8CBC7C9C6C8C4C8C3C4C1C3C0C2BD69
:10450000C0BCBFBBBCB9BCB8B9B7B8B5B6B3B6B21E
:10451000B3B0B0AFAEADADACABAAAAA8A7A7A6A6E4
:10452000A4A3A3A3A2A09F9F9D9E9C9C9B9B9898A5
:1045300097989496949391928F918E908F91909159
:10454000909090929092909290929092909291925C
:104550009192919292939293929292949293949533
:1045600094959495949795979697979999989999E2
:104570009A9A9C9D9C9C9E9E9EA0A0A1A1A2A3A352
:10458000A4A4A6A6A7A7A9A9AAA8ACACAEAEB1AF91
:10459000B2B2B4B3B7B6BAB8BBBABDBCC1BEC2C280
:1045A000C6C4C9C7CBCACECCD2CFD6D2D7D6DBDA17
:1045B000DFDEE4E3E7E6EDEBF1F06F6FFFFFFFFF17
:1045C000FFFFFFFF535359599B9A939299999E9ECF
:1045D000A3A4A7A8AAABADAFA7AACACAFFFFFFFFB3
:1045E000FFFFFFFFFFFFFFFFFFFFFFFFFFFFFFFFDB
:1045F000FFFFFFFFFFFFFFFFFFFF31335759575901
:1046000046494B4CF9FAFFFFFFFF3F41FFFFFFFF19
:104610004E505C5EC3C2D1CFD6D5DCD8E1DDE5E13A
:10462000E8E2E8E5FDF78485FFFFFFFFFFFFFFFFFE
:10463000FFFF51535A5CEFEAE9E4E8E3E8E1E5E221
:10464000E4E1E2DDE1DDDFDCDEDADCD9DBD8D8D69F
:10465000D7D5D5D3D4D3D3D1D3D0D0D0CFCFCECD3F
:10466000CCCBCBCAC8C9C7C7C6C8C4C5C3C4C1C3DD
:10467000C0C1BDBFBCBEBBBDB9BCB8BBB7BAB5B885
:10468000B3B7B2B5B0B3AFB4ADB1ACB0AAAEA8AC2D
:10469000A7ABA6ABA3A8A3A7A0A59FA49EA49CA2DA
:1046A0009BA1989F989F969D939B929A919A909880
:1046B00091999199909992999299929A929A929AA3
:1046C000929A929A929A929A9399939B929A949C84
:1046D000939C959C959C959C979E979E979E99A040
:1046E000989F99A09AA29DA29CA39EA4A0A5A1A6D2
:1046F000A2A7A3A9A4A9A6ABA7ACA9ADA8AEACB12B
:10470000AEB2AFB3B2B6B3B7B6B9B8BBBABEBCC03F
:10471000BEC1C2C4C4C6C7C9CACACCCDCFD1D2D10A
:10472000D6D6DAD9DEDDE3E1E6E5EBE8F0EC6F7052
:10473000FFFFFFFFFFFFFFFF5355595B9A9B9293CB
:10474000999B9EA2A4A7A8ADABB4AFB8AAB1CACB9F
:10475000FFFFFFFFFFFFFFFFFFFFFFFFFFFFFFFF69
:10476000FFFFFFFFFFFFFFFFFFFFFFFFFFFFFFFF59
:1047700049494545FFFF4A4A4444FFFF3E3E4848F9
:10478000FFFFFFFF4E4E5B5CC0BCCFCBD5D1DAD66E
:10479000E0DCE5E1E9E5EAE7FFFB8484FFFFFFFFFA
:1047A000FFFFFFFFFFFF5151585AF5F1ECE8ECE92C
:1047B000ECE8E9E8E9E5E8E5E6E2E5E1E4E0E2DDA8
:1047C000DFDDDFDBDCD8DBD7D9D4D9D4D8D3D6D260
:1047D000D3CFD3CFD1CED1CCD0CCCCC8CCC8C9C507
:1047E000C8C4C6C3C4C1C3C0C1BDC0BDBEBBBCBAC2
:1047F000BCB7B9B6B8B6B5B4B5B2B3B0B1AFAFAD7A
:10480000ACABABABA9A9A7A8A6A6A5A4A3A3A2A03D
:10481000A09F9E9D9D9C9B9B9799979894979394FE
:1048200090918F918E908F91909190919092909283
:104830009092909290929092919291929293929360
:10484000929392929294939394959595959694972A
:10485000959796979799999899999A9A9B9D9C9CC8
:104860009E9E9EA0A0A0A1A2A2A3A5A5A5A6A7A723
:10487000A9A9AAA9ADACAEADB1B0B2B1B5B3B7B646
:10488000BAB8BBBABEBCC0BEC2C1C6C4C8C7CACA19
:10489000CECDD1D0D6D2D7D6DBDADFDEE3E3E8E780
:1048A000EDEB6667FFFFFFFFFFFFFFFF5353595913
:1048B000A09E9595929299999E9EA3A3A7A8AAAB14
:1048C000A6A7CACAFFFFFFFFFFFFFFFFFFFFFFFF13
:1048D000FFFFFFFFFFFFFFFFFFFFFFFFFFFFFFFFE8
:1048E000FFFFFFFF494B4549FFFF4A4B4446FFFF8F
:1048F0003E41484AFFFFFFFF4E505C5EBCBDCBCA45
:10490000D1CFD6D4DCD8E1DDE5E1E7E2FBF5848563
:10491000FFFFFFFFFFFFFFFFFFFF51535A5CF1EC6A
:10492000E8E3E9E4E8E3E8E0E5E2E5E1E2DEE1DD51
:10493000E0DBDDDADDDADBD8D8D6D7D5D4D3D4D4F2
:10494000D3D1D2D1CFD0CFCFCECDCCCBCCCAC8C98A
:10495000C8C8C5C8C4C5C3C4C1C3C0C2BDBFBDBF2C
:10496000BBBDBABCB7BBB6B9B6B8B4B7B2B5B0B3D5
:10497000AFB4ADB1ABB0ABAFA9ADA8AAA6ABA4A97B
:10498000A3A6A0A59FA59DA49CA29BA1999F989F2B
:10499000979E949B9199919A9098919991999199B8
:1049A0009299929A929A929A929A929A929A929AA8
:1049B000939A9399939B929A949C939C959C959C83
:1049C000969D979E979E979E99A0989F99A09AA131
:1049D0009DA29CA39EA4A0A6A0A6A2A7A3A8A5A9A9
:1049E000A6ABA7ACA9AEA9AEACB1ADB2B0B3B1B5F0
:1049F000B3B8B6B9B8BBBABEBCC0BEC2C1C3C4C6E8
:104A0000C7C8CACBCDCED0D1D2D2D6D5DAD9DEDD89
:104A1000E3E0E7E4EBE86769FFFFFFFFFFFFFFFF6D
:104A20005355595B9E9F95969293999C9EA2A3A9DC
:104A3000A8AEABB3A7AECACBFFFFFFFFFFFFFFFFE0
:104A4000FFFFFFFFFFFFFFFFFFFFFFFFFFFFFFFF76
:104A5000FFFFFFFFFFFFFFFF49494545FFFF4A4AB0
:104A60005858484858584848FFFFFFFF4E4E5B5C77
:104A7000B9B4C8C4CFCBD6D0DAD7DFDAE5E0E8E402
:104A8000FDFA8484FFFFFFFFFFFFFFFFFFFF51518F
:104A9000585AF7F3EFECECE8ECE9ECE8E9E8E9E583
:104AA000E8E5E7E3E6E2E3DFE2DEDFDCDFDBDDD8FB
:104AB000DAD8DAD5D8D4D8D3D5D2D4D0D2CFD1CEB3
:104AC000D1CDCFCBCDC9CBC7C9C6C9C5C7C3C5C258
:104AD000C3C0C1BEC0BDBEBBBDB9BBB8BAB7B8B616
:104AE000B6B3B6B2B3B0B0B0AFADAEACABABAAA8D4
:104AF000A8A7A6A6A4A3A3A2A2A1A09F9D9D9C9C9B
:104B00009B9B9899979794979593919290918E905B
:104B10008F9190919090909290929092909290928A
:104B20009092919291929192929392939292929466
:104B30009293949594949496949794979697979922
:104B4000999798999A9A9C9D9B9B9E9E9EA0A1A1A5
:104B5000A1A1A3A3A4A4A6A6A7A7A9A9ABA9ACABEE
:104B6000ADAEB1AFB2B1B4B3B6B6BAB8BBBABDBBF5
:104B7000C0BEC2C2C6C4C9C6CAC9CDCCD1CFD6D2A6
:104B8000D8D7DBDADFDFE3E3E7E66767FFFFFFFFA6
:104B9000FFFFFFFF53535959A4A2999795939494FB
:104BA000999A9EA0A3A4A7A8A3A4CACAFFFFFFFF27
:104BB000FFFFFFFFFFFFFFFFFFFFFFFFFFFFFFFF05
:104BC000FFFFFFFFFFFFFFFFFFFFFFFF494C4549CE
:104BD000FFFF4A4B585A484A585A484AFFFFFFFFBE
:104BE0004E505C5EB4B6C4C5CBCAD0CFD7D5DAD7E9
:104BF000E0DCE4E1FAF38486FFFFFFFFFFFFFFFF45
:104C0000FFFF51535A5CF3ECECE7E8E4E9E4E8E336
:104C1000E8E1E5E1E5E1E3DEE2DEDFDBDEDADCD997
:104C2000DBD8D8D6D8D5D5D3D4D4D3D1D2D0D0D040
:104C3000CFCFCECDCDCCCBCAC9C9C7C8C6C8C5C5D4
:104C4000C3C4C2C3C0C1BEC0BDBFBBBDB9BCB8BA7E
:104C5000B7BAB6B8B3B7B2B5B0B3B0B4ADB0ACB024
:104C6000ABAFA8ACA7ABA6ABA3A8A2A7A1A59FA4D6
:104C70009DA49CA29BA1999F979E979E939B929A7D
:104C8000919A909891999199909992999299929AD2
:104C9000929A929A929A929A929A929A9399939BB2
:104CA000929A949C939C959C949B969D979E979E7C
:104CB000979E99A0979E99A09AA29DA29BA39EA41D
:104CC000A0A5A1A7A1A8A3A9A4A9A6ABA7ACA9AD7B
:104CD000A9AEABB0AEB1AFB3B1B5B3B7B6B9B8BBAF
:104CE000BABEBBC0BEC1C2C4C4C6C6C9C9CACCCD87
:104CF000CFD1D2D1D7D6DAD9DFDEE3E1E6E56769F5
:104D0000FFFFFFFFFFFFFFFF5355595BA2A49799D9
:104D1000939494949A9BA0A3A4A9A8AEA4ABCACB45
:104D2000FFFFFFFFFFFFFFFFFFFFFFFFFFFFFFFF93
:104D3000FFFFFFFFFFFFFFFFFFFFFFFFFFFFFFFF83
:104D400049494545FFFF4A4A585858585757484817
:104D5000FFFFFFFF4E4E5B5CB0ADC0BDC8C5D0CB02
:104D6000D6D1DAD7E0DCE6E2FBF79393FFFFFFFF53
:104D7000FFFFFFFFFFFF5151585AF8F3F0ECEFEC43
:104D8000ECE8EBE8EAE7EAE8EAE6E8E5E7E2E6E2AB
:104D9000E4E0E1DEDFDDDEDBDCD9DCD8D9D5D9D358
:104DA000D8D3D6D2D3CFD2CFD1CED1CCD0CCCDC9FF
:104DB000CBC7C9C5C8C4C6C3C4C1C4C0C2BDC1BCB9
:104DC000BEBABCB9BCB7B9B7B8B6B6B3B6B1B2B073
:104DD000B1AFAFADADACABABAAA8A8A8A6A6A5A332
:104DE000A3A2A2A0A09F9D9D9D9C9B9B98989798F5
:104DF0009496949491928F918E908F918F919090A0
:104E00009092909290929092909290929192919290
:104E10009192929392939292929492939495949465
:104E200095969497959796979799999898999A9A0D
:104E30009C9D9C9C9E9E9EA09FA0A1A2A2A3A4A478
:104E4000A5A6A6A6A9A9AAA9ACACAEADB1B0B1B2AF
:104E5000B5B4B7B6BAB8BBBABDBDC1BEC2C2C6C48E
:104E6000C9C7CBC9CECCD1CFD6D2D7D6DBDADFE01B
:104E7000E4E36666FFFFFFFFFFFFFFFF535359594F
:104E8000A7A69D9C9898959493939A9A9E9FA4A563
:104E90009FA1CACAFFFFFFFFFFFFFFFFFFFFFFFF4A
:104EA000FFFFFFFFFFFFFFFFFFFFFFFFFFFFFFFF12
:104EB000FFFFFFFF494C4549FFFF4A4B585A585ADC
:104EC0005759484AFFFFFFFF4E505C5EADAFBDBF74
:104ED000C5C6CBCBD1D0D7D4DCD9E2DDF7F29395E0
:104EE000FFFFFFFFFFFFFFFFFFFF51535A5CF3EC93
:104EF000ECE5ECE7E8E3E8E3E7E3E8E1E6E1E5E158
:104F0000E2DEE2DEE0DCDEDBDDDADBD8D9D6D8D5E6
:104F1000D5D3D3D4D3D1D2D1CFD0CFCFCECDCCCB8C
:104F2000CCC9C9C9C7C8C5C8C4C5C3C4C1C3C0C129
:104F3000BDBFBCBEBABCB9BCB7BCB7BAB6B8B3B7D4
:104F4000B1B4B0B3AFB4ADB2ACB0ABAFA8ACA8AA7B
:104F5000A6ABA3A8A2A6A0A59FA59DA49CA29BA129
:104F6000989F989F969D949B929A919A90989199C8
:104F70009199909992999299929A929A929A929AD8
:104F8000929A929A929A9399939B929A949C939CB8
:104F9000959C949B969D979E979E979E99A0989F6F
:104FA00099A09AA19DA29CA39EA4A0A5A0A6A2A8F8
:104FB000A3A8A4A9A6ABA6ACA9ADA9AEACB1ADB24D
:104FC000B0B3B2B5B4B8B6B9B8BBBABEBDBFBEC255
:104FD000C2C4C4C6C7C9C9CACCCDCFD1D2D2D6D615
:104FE000DAD9E0DEE3E16669FFFFFFFFFFFFFFFFC5
:104FF0005355595BA6A69C9D9899949593949A9D18
:105000009FA3A5AAA1A7CACBFFFFFFFFFFFFFFFF3A
:10501000FFFFFFFFFFFFFFFFFFFFFFFFFFFFFFFFA0
:10502000FFFFFFFFFFFFFFFF49494545FFFF4A4ADA
:105030004B4B747448484848FFFFFFFF4E4E5B5C83
:10504000A6A5B7B4C1BCC8C4CFCCD6D1DCD8E0DCEF
:10505000F8F39393FFFFFFFFFFFFFFFFFFFF5151A7
:10506000585AF9F5F1ECF0EBEEECECE8EBE8EBE795
:10507000E9E8E9E4E7E4E7E2E5E1E3DFE2DDDFDCFC
:10508000DFDBDDD8DAD8D9D5D8D4D8D3D5D2D4D0AF
:10509000D2CFD1CED1CCCFCBCCC8CBC7C9C6C9C556
:1050A000C6C3C4C1C3C0C1BDC0BCBEBBBCB9BBB814
:1050B000BAB7B8B6B6B3B6B2B2B0B1B0AFACADACC9
:1050C000AAABA9A8A7A7A6A6A4A3A3A2A1A19F9E95
:1050D0009E9E9C9D9B9A9799969794969593909156
:1050E0008F928E908F9190919090909290929092BA
:1050F0009092909290929192919292939293929395
:10510000929292949293949594949496949795975E
:1051100095969799999798999A9A9B9D9C9C9E9EF3
:105120009EA0A1A1A1A2A3A3A5A5A6A6A7A7A8A842
:10513000ABA9ACABADAEB1AFB2B1B4B3B7B6BAB860
:10514000BBB9BEBBC0BEC2C2C6C4C8C7CBCACDCC29
:10515000D1D0D6D2D8D7DBDAE0DE6767FFFFFFFF1A
:10516000FFFFFFFF53535959ABAAA1A09C9B9898EE
:10517000949494949A9B9FA09C9EDBDBFFFFFFFF7F
:10518000FFFFFFFFFFFFFFFFFFFFFFFFFFFFFFFF2F
:10519000FFFFFFFFFFFFFFFFFFFFFFFF494C4549F8
:1051A000FFFF4A4B4B4D7476484B484AFFFFFFFFC9
:1051B0004E505C5EA5A9B4B6BCBFC4C6CCCBD1D1A1
:1051C000D8D5DCD9F3EF9395FFFFFFFFFFFFFFFF7B
:1051D000FFFF51535A5CF5ECECE8EBE6ECE7E8E353
:1051E000E8E3E7E3E8E1E4E1E4E1E2DEE1DDDFDB9F
:1051F000DDDADCD9DBD8D8D6D8D5D5D3D4D4D3D141
:10520000D2D0D0CFCFCECECDCCCBCBCAC8C9C7C7DA
:10521000C6C8C5C5C3C4C1C3C0C2BDBFBCBEBBBD7B
:10522000B9BCB8BAB7BAB6B8B3B7B2B5B0B3B0B420
:10523000ACB0ACAFABAFA8ACA7AAA6AAA3A8A2A7D4
:10524000A1A59EA49EA49DA39AA099A0979E969D79
:10525000939A9199929A90989199919990999299FB
:10526000929A929A929A929A929A929A929A939ADD
:105270009399939B929A949C939C959C949B969DB6
:10528000979E979E969D99A0979E99A09AA29DA25F
:105290009CA39EA5A0A5A1A7A2A8A3A9A5A9A6ABCA
:1052A000A7ACA8ADA9AEABB0AEB1AFB3B1B5B3B713
:1052B000B6B9B8BBB9BEBBC0BEC1C2C4C4C6C7C8FC
:1052C000CACACCCDD0D1D2D2D7D6DAD9DEDD676981
:1052D000FFFFFFFFFFFFFFFF5355595BAAA9A09FE8
:1052E0009B9C9899949594959B9DA0A49EA2DBDC91
:1052F000FFFFFFFFFFFFFFFFFFFFFFFFFFFFFFFFBE
:10530000FFFFFFFFFFFFFFFFFFFFFFFFFFFFFFFFAD
:105310007E7E7B7BFFFF7F7F7F7FFFFF7B7B7C7CB5
:10532000FFFFFFFF65656161A0A0B4B3C0BECBC83D
:10533000D5D1DDD9E3DEE9E5FFFC9393FFFFFFFF65
:10534000FFFFFFFFFFFF4A4A5F5FFFFFFDF9FDF62A
:10535000FBF6FAF6F7F3F6F2F5F1F4F1F4F0F2EF0A
:10536000F1ECF0EBEDE8EBE7E9E5E8E4E5E2E5E0B8
:10537000E2DDE2DCE1DBDFDADCD8DBD7DAD6D8D37A
:10538000D8D3D4D0D3CFD1CDD0CCCECBCCC8CAC734
:10539000C9C4C7C3C5C1C3C0C2BEC0BDBEBBBCBA01
:1053A000BBB8B9B6B7B5B4B2B2B1B1AFAFAEACACD1
:1053B000ACAAA9A8A8A7A5A4A3A3A2A2A0A19E9EA7
:1053C0009B9C9B9B979A979793949293919391937D
:1053D000929392929294929492949294929493949F
:1053E0009394939494959495949594959696949675
:1053F000969798989899979A989B999A9A9C9C9C1A
:105400009C9D9E9D9FA0A0A0A2A2A2A3A3A4A4A68F
:10541000A5A8A9A8AAABABABAEAEAFAEB1B1B3B3C2
:10542000B6B5B8B7BAB9BDBCC0BDC2C0C4C3C7C5A4
:10543000C9C8CDCBD0CED3D1D6D4DAD8DEDAE0DF2E
:10544000E5E4696AFFFFFFFFFFFFFFFF47475F5F7C
:10545000B8B6ACAAA8A6A3A29F9E9A9A9B9BA2A20A
:105460009FA1DBDBFFFFFFFFFFFFFFFFFFFFFFFF52
:10547000FFFFFFFFFFFFFFFFFFFFFFFFFFFFFFFF3C
:10548000FFFFFFFF7E807B7CFFFF7F807F80FFFF31
:105490007B7E7C7EFFFFFFFF65676162A0A6B3B8DD
:1054A000BEC1C8CAD1D2D9D7DEDDE5E3FCF79395FA
:1054B000FFFFFFFFFFFFFFFFFFFF4A4C5F60FFF8AA
:1054C000F9F1F6F2F6F0F6F0F3EDF2EDF1EDF1EBC5
:1054D000F0EBEFEAECE8EBE7E8E5E7E3E5E2E4E14F
:1054E000E2DEE0DEDDDADCDCDBD9DAD8D8D7D7D60D
:1054F000D6D5D3D2D3D1D0D1CFCFCDCFCCCDCBCCAD
:10550000C8CAC7C8C4C6C3C5C1C3C0C3BEC2BDC064
:10551000BBBEBABDB8BBB6B9B5B9B2B7B1B5AFB31A
:10552000AEB2ACB0AAAFA8ADA7ABA4AAA3A9A2A8DB
:10553000A1A79EA59CA39BA39AA1979F949E939D90
:10554000939B939B939B929B949C949D949D949DE1
:10555000949D949D949D949D959D959D959E959DBE
:10556000969F969F979F989F99A09AA19BA29AA277
:105570009CA39CA39DA49DA4A0A6A0A7A2A7A3A909
:10558000A4AAA6ABA8ACA8AEABB0ABB1AEB2AEB35A
:10559000B1B6B3B8B5B9B7BAB9BDBCBFBDC1C0C467
:1055A000C3C6C5C8C8CACBCDCECFD1D1D4D5D8D922
:1055B000DADADFDEE4E26A6CFFFFFFFFFFFFFFFFE6
:1055C000474A5F60B6B6AAABA6A7A2A39E9F9A9BC6
:1055D0009B9CA2A4A1A4DBDAFFFFFFFFFFFFFFFF5C
:1055E000FFFFFFFFFFFFFFFFFFFFFFFFFFFFFFFFCB
:1055F000FFFFFFFFFFFFFFFFFFFFFFFFFFFFFFFFBB
:10560000FFFFFFFFFFFFFFFFFFFFFFFFFFFF7979B6
:105610005F5F5E5E5E5E5D5D5D5D5C5D5C5C5C5CB7
:105620005C5C9C9CFFFFFFFFFFFFFFFFFFFFFFFF96
:105630005959434342424242424242424242424319
:10564000424343434343434343434343434343432B
:105650004343434343434343434443444444444414
:1056600044444444444444444444444444444444FA
:1056700044444445444545454545454545454545DE
:1056800045454545454545454545454546464646C6
:1056900046464646464646464646464646464646AA
:1056A000464747474747474747474747474747478B
:1056B000474747474747474747474747474747477A
:1056C000474747474747474747474747474747476A
:1056D000474747474747474747474747474747475A
:1056E000474747474747474747474747474747474A
:1056F0004747474646464646464646464646464647
:10570000464646464646464646464646454545453D
:10571000454545454545454545454545444444443D
:10572000444444444444444443434545FFFFFFFF4D
:10573000FFFFFFFFFFFF55554A4A4A4A4A4A4A4A75
:105740004B4A4B4B4B4B4B4B4B4BD7D7FFFFFFFFC2
:10575000FFFFFFFFFFFFFFFFFFFFFFFFFFFFFFFF59
:10576000FFFFFFFFFFFFFFFFFFFFFFFFFFFFFFFF49
:10577000FFFFFFFFFFFFFFFFFFFFFFFFFFFFFFFF39
:10578000FFFF797B5F615E605E605D5F5D5F5D5FB7
:105790005C5F5C5E5C5E9C9DFFFFFFFFFFFFFFFFA9
:1057A000FFFFFFFF595B43454245424542454245A5
:1057B00042454345434543454345434543464346A8
:1057C000434643464346434643464346444644468F
:1057D0004446444644464446444644474447444776
:1057E000444744474447454745474547454745475C
:1057F0004547454745474547454845484548454845
:105800004648464846484648464846484648464828
:10581000464846484748474947494749474947490D
:1058200047494749474947494749474947494749F8
:1058300047494749474947494749474947494749E8
:1058400047494749474947494749474947494749D8
:1058500047494749474947494749474947494749C8
:1058600047494749474946494648464846484648C1
:1058700046484648464846484648464846484648B8
:1058800045484547454745474547454745474547B7
:1058900044474447444644464446444643464547B5
:1058A000FFFFFFFFFFFFFFFFFFFF55564A4C4A4C2B
:1058B0004A4D4A4D4A4D4B4D4B4D4B4D4B4ED7D714
:1058C000FFFFFFFFFFFFFFFFFFFFFFFFFFFFFFFFE8
:1058D000FFFFFFFFFFFFFFFFFFFFFFFFFFFFFFFFD8
:1058E000FFFFFFFFFFFFFFFFFFFFFFFFFFFFFFFFC8
:1058F000FFFFFFFFFFFFFFFFFFFFFFFFFFFFFFFFB8
:10590000FFFFFFFFFFFFFFFFFFFFFFFFFFFFFFFFA7
:10591000FFFFFFFFFFFFFFFFFFFFFFFFFFFFFFFF97
:10592000FFFFFFFFFFFFFFFFFFFFFFFFFFFFFFFF87
:10593000FFFFFFFFFFFFFFFFFFFFFFFFFFFFFFFF77
:10594000FFFFFFFFFFFFFFFFFFFFFFFFFFFFFFFF67
:10595000FFFFFFFFFFFFFFFFFFFFFFFFFFFFFFFF57
:10596000FFFFFFFFFFFFFFFFFFFFFFFFFFFFFFFF47
:10597000FFFFFFFFFFFFFFFFFFFFFFFFFFFFFFFF37
:10598000FFFFFFFFFFFFFFFFFFFFFFFFFFFFFFFF27
:10599000FFFFFFFFFFFFFFFFFFFFFFFFFFFFFFFF17
:1059A000FFFFFFFFFFFFFFFFFFFFFFFFFFFFFFFF07
:1059B000FFFFFFFFFFFFFFFFFFFFFFFFFFFFFFFFF7
:1059C000FFFFFFFFFFFFFFFFFFFFFFFFFFFFFFFFE7
:1059D000FFFFFFFFFFFFFFFFFFFFFFFFFFFFFFFFD7
:1059E000FFFFFFFFFFFFFFFFFFFFFFFFFFFFFFFFC7
:1059F000FFFFFFFFFFFFFFFFFFFFFFFFFFFFFFFFB7
:105A0000FFFFFFFFFFFFFFFFFFFFFFFFFFFFFFFFA6
:105A1000FFFFFFFFFFFFFFFFFFFFFFFFFFFFFFFF96
:105A2000FFFFFFFFFFFFFFFFFFFFFFFFFFFFFFFF86
:105A3000FFFFFFFFFFFFFFFFFFFFFFFFFFFFFFFF76
:105A4000FFFFFFFFFFFFFFFFFFFFFFFFFFFFFFFF66
:105A5000FFFFFFFFFFFFFFFFFFFFFFFFFFFFFFFF56
:105A6000FFFFFFFFFFFFFFFFFFFFFFFFFFFFFFFF46
:105A7000FFFFFFFFFFFFFFFFFFFFFFFFFFFFFFFF36
:105A8000FFFFFFFFFFFFFFFFFFFFFFFFFFFFFFFF26
:105A9000FFFFFFFFFFFFFFFFFFFFFFFFFFFFFFFF16
:105AA000FFFFFFFFFFFFFFFFFFFFFFFFFFFFFFFF06
:105AB000FFFFFFFFFFFFFFFFFFFFFFFFFFFFFFFFF6
:105AC000FFFFFFFFFFFFFFFFFFFFFFFFFFFFFFFFE6
:105AD000FFFFFFFFFFFFFFFFFFFFFFFFFFFFFFFFD6
:105AE000FFFFFFFFFFFFFFFFFFFFFFFFFFFFFFFFC6
:105AF000FFFFFFFFFFFFFFFFFFFFFFFFFFFFFFFFB6
:105B0000FFFFFFFFFFFFFFFFFFFFFFFFFFFFFFFFA5
:105B1000FFFFFFFFFFFFFFFFFFFFFFFFFFFFFFFF95
:105B2000FFFFFFFFFFFFFFFFFFFFFFFFFFFFFFFF85
:105B3000FFFFFFFFFFFFFFFFFFFFFFFFFFFFFFFF75
:105B4000FFFFFFFFFFFFFFFFFFFFFFFFFFFFFFFF65
:105B5000FFFFFFFFFFFFFFFFFFFFFFFFFFFFFFFF55
:105B6000FFFFFFFFFFFFFFFFFFFFFFFFFFFFFFFF45
:105B7000FFFFFFFFFFFFFFFFFFFFFFFFFFFFFFFF35
:105B8000FFFFFFFFFFFFFFFFFFFFFFFFFFFFFFFF25
:105B9000FFFFFFFFFFFFFFFFFFFFFFFFFFFFFFFF15
:105BA000FFFFFFFFFFFFFFFFFFFFFFFFFFFFFFFF05
:105BB000FFFFFFFFFFFFFFFFFFFFFFFFFFFFFFFFF5
:105BC000FFFFFFFFFFFFFFFFFFFFFFFFFFFFFFFFE5
:105BD000FFFFFFFFFFFFFFFFFFFFFFFFFFFFFFFFD5
:105BE000FFFFFFFFFFFFFFFFFFFFFFFFFFFFFFFFC5
:105BF000FFFFFFFFFFFFFFFFFFFFFFFFFFFFFFFFB5
:105C0000FFFFFFFFFFFFFFFFFFFFFFFFFFFFFFFFA4
:105C1000FFFFFFFFFFFFFFFFFFFFFFFFFFFFFFFF94
:105C2000FFFFFFFFFFFFFFFFFFFFFFFFFFFFFFFF84
:105C3000FFFFFFFFFFFFFFFFFFFFFFFFFFFFFFFF74
:105C4000FFFFFFFFFFFFFFFFFFFFFFFFFFFFFFFF64
:105C5000FFFFFFFFFFFFFFFFFFFFFFFFFFFFFFFF54
:105C6000FFFFFFFFFFFFFFFFFFFFFFFFFFFFFFFF44
:105C7000FFFFFFFFFFFFFFFFFFFFFFFFFFFFFFFF34
:105C8000FFFFFFFFFFFFFFFFFFFFFFFFFFFFFFFF24
:105C9000FFFFFFFFFFFFFFFFFFFFFFFFFFFFFFFF14
:105CA000FFFFFFFFFFFFFFFFFFFFFFFFFFFFFFFF04
:105CB000FFFFFFFFFFFFFFFFFFFFFFFFFFFFFFFFF4
:105CC000FFFFFFFFFFFFFFFFFFFFFFFFFFFFFFFFE4
:105CD000FFFFFFFFFFFFFFFFFFFFFFFFFFFFFFFFD4
:105CE000FFFFFFFFFFFFFFFFFFFFFFFFFFFFFFFFC4
:105CF000FFFFFFFFFFFFFFFFFFFFFFFFFFFFFFFFB4
:105D0000FFFFFFFFFFFFFFFFFFFFFFFFFFFFFFFFA3
:105D1000FFFFFFFFFFFFFFFFFFFFFFFFFFFFFFFF93
:105D2000FFFFFFFFFFFFFFFFFFFFFFFFFFFFFFFF83
:105D3000FFFFFFFFFFFFFFFFFFFFFFFFFFFFFFFF73
:105D4000FFFFFFFFFFFFFFFFFFFFFFFFFFFFFFFF63
:105D5000FFFFFFFFFFFFFFFFFFFFFFFFFFFFFFFF53
:105D6000FFFFFFFFFFFFFFFFFFFFFFFFFFFFFFFF43
:105D7000FFFFFFFFFFFFFFFFFFFFFFFFFFFFFFFF33
:105D8000FFFFFFFFFFFFFFFFFFFFFFFFFFFFFFFF23
:105D9000FFFFFFFFFFFFFFFFFFFFFFFFFFFFFFFF13
:105DA000FFFFFFFFFFFFFFFFFFFFFFFFFFFFFFFF03
:105DB000FFFFFFFFFFFFFFFFFFFFFFFFFFFFFFFFF3
:105DC000FFFFFFFFFFFFFFFFFFFFFFFFFFFFFFFFE3
:105DD000FFFFFFFFFFFFFFFFFFFFFFFFFFFFFFFFD3
:105DE000FFFFFFFFFFFFFFFFFFFFFFFFFFFFFFFFC3
:105DF000FFFFFFFFFFFFFFFFFFFFFFFFFFFFFFFFB3
:105E0000FFFFFFFFFFFFFFFFFFFFFFFFFFFFFFFFA2
:105E1000FFFFFFFFFFFFFFFFFFFFFFFFFFFFFFFF92
:105E2000FFFFFFFFFFFFFFFFFFFFFFFFFFFFFFFF82
:105E3000FFFFFFFFFFFFFFFFFFFFFFFFFFFFFFFF72
:105E4000FFFFFFFFFFFFFFFFFFFFFFFFFFFFFFFF62
:105E5000FFFFFFFFFFFFFFFFFFFFFFFFFFFFFFFF52
:105E6000FFFFFFFFFFFFFFFFFFFFFFFFFFFFFFFF42
:105E7000FFFFFFFFFFFFFFFFFFFFFFFFFFFFFFFF32
:105E8000FFFFFFFFFFFFFFFFFFFFFFFFFFFFFFFF22
:105E9000FFFFFFFFFFFFFFFFFFFFFFFFFFFFFFFF12
:105EA000FFFFFFFFFFFFFFFFFFFFFFFFFFFFFFFF02
:105EB000FFFFFFFFFFFFFFFFFFFFFFFFFFFFFFFFF2
:105EC000FFFFFFFFFFFFFFFFFFFFFFFFFFFFFFFFE2
:105ED000FFFFFFFFFFFFFFFFFFFFFFFFFFFFFFFFD2
:105EE000FFFFFFFFFFFFFFFFFFFFFFFFFFFFFFFFC2
:105EF000FFFFFFFFFFFFFFFFFFFFFFFFFFFFFFFFB2
:105F0000FFFFFFFFFFFFFFFFFFFFFFFFFFFFFFFFA1
:105F1000FFFFFFFFFFFFFFFFFFFFFFFFFFFFFFFF91
:105F2000FFFFFFFFFFFFFFFFFFFFFFFFFFFFFFFF81
:105F3000FFFFFFFFFFFFFFFFFFFFFFFFFFFFFFFF71
:105F4000FFFFFFFFFFFFFFFFFFFFFFFFFFFFFFFF61
:105F5000FFFFFFFFFFFFFFFFFFFFFFFFFFFFFFFF51
:105F6000FFFFFFFFFFFFFFFFFFFFFFFFFFFFFFFF41
:105F7000FFFFFFFFFFFFFFFFFFFFFFFFFFFFFFFF31
:105F8000FFFFFFFFFFFFFFFFFFFFFFFFFFFFFFFF21
:105F9000FFFFFFFFFFFFFFFFFFFFFFFFFFFFFFFF11
:105FA000FFFFFFFFFFFFFFFFFFFFFFFFFFFFFFFF01
:105FB000FFFFFFFFFFFFFFFFFFFFFFFFFFFFFFFFF1
:105FC000FFFFFFFFFFFFFFFFFFFFFFFFFFFFFFFFE1
:105FD000FFFFFFFFFFFFFFFFFFFFFFFFFFFFFFFFD1
:105FE000FFFFFFFFFFFFFFFFFFFFFFFFFFFFFFFFC1
:105FF000FFFFFFFFFFFFFFFFFFFFFFFFFFFFFFFFB1
:10600000FFFFFFFFFFFFFFFFFFFFFFFFFFFFFFFFA0
:10601000FFFFFFFFFFFFFFFFFFFFFFFFFFFFFFFF90
:10602000FFFFFFFFFFFFFFFFFFFFFFFFFFFFFFFF80
:10603000FFFFFFFFFFFFFFFFFFFFFFFFFFFFFFFF70
:10604000FFFFFFFFFFFFFFFFFFFFFFFFFFFFFFFF60
:10605000FFFFFFFFFFFFFFFFFFFFFFFFFFFFFFFF50
:10606000FFFFFFFFFFFFFFFFFFFFFFFFFFFFFFFF40
:10607000FFFFFFFFFFFFFFFFFFFFFFFFFFFFFFFF30
:10608000FFFFFFFFFFFFFFFFFFFFFFFFFFFFFFFF20
:10609000FFFFFFFFFFFFFFFFFFFFFFFFFFFFFFFF10
:1060A000FFFFFFFFFFFFFFFFFFFFFFFFFFFFFFFF00
:1060B000FFFFFFFFFFFFFFFFFFFFFFFFFFFFFFFFF0
:1060C000FFFFFFFFFFFFFFFFFFFFFFFFFFFFFFFFE0
:1060D000FFFFFFFFFFFFFFFFFFFFFFFFFFFFFFFFD0
:1060E000FFFFFFFFFFFFFFFFFFFFFFFFFFFFFFFFC0
:1060F000FFFFFFFFFFFFFFFFFFFFFFFFFFFFFFFFB0
:10610000FFFFFFFFFFFFFFFFFFFFFFFFFFFFFFFF9F
:10611000FFFFFFFFFFFFFFFFFFFFFFFFFFFFFFFF8F
:10612000FFFFFFFFFFFFFFFFFFFFFFFFFFFFFFFF7F
:10613000FFFFFFFFFFFFFFFFFFFFFFFFFFFFFFFF6F
:10614000FFFFFFFFFFFFFFFFFFFFFFFFFFFFFFFF5F
:10615000FFFFFFFFFFFFFFFFFFFFFFFFFFFFFFFF4F
:10616000FFFFFFFFFFFFFFFFFFFFFFFFFFFFFFFF3F
:10617000FFFFFFFFFFFFFFFFFFFFFFFFFFFFFFFF2F
:10618000FFFFFFFFFFFFFFFFFFFFFFFFFFFFFFFF1F
:10619000FFFFFFFFFFFFFFFFFFFFFFFFFFFFFFFF0F
:1061A000FFFFFFFFFFFFFFFFFFFFFFFFFFFFFFFFFF
:1061B000FFFFFFFFFFFFFFFFFFFFFFFFFFFFFFFFEF
:1061C000FFFFFFFFFFFFFFFFFFFFFFFFFFFFFFFFDF
:1061D000FFFFFFFFFFFFFFFFFFFFFFFFFFFFFFFFCF
:1061E000FFFFFFFFFFFFFFFFFFFFFFFFFFFFFFFFBF
:1061F000FFFFFFFFFFFFFFFFFFFFFFFFFFFFFFFFAF
:10620000FFFFFFFFFFFFFFFFFFFFFFFFFFFFFFFF9E
:10621000FFFFFFFFFFFFFFFFFFFFFFFFFFFFFFFF8E
:10622000FFFFFFFFFFFFFFFFFFFFFFFFFFFFFFFF7E
:10623000FFFFFFFFFFFFFFFFFFFFFFFFFFFFFFFF6E
:10624000FFFFFFFFFFFFFFFFFFFFFFFFFFFFFFFF5E
:10625000FFFFFFFFFFFFFFFFFFFFFFFFFFFFFFFF4E
:10626000FFFFFFFFFFFFFFFFFFFFFFFFFFFFFFFF3E
:10627000FFFFFFFFFFFFFFFFFFFFFFFFFFFFFFFF2E
:10628000FFFFFFFFFFFFFFFFFFFFFFFFFFFFFFFF1E
:10629000FFFFFFFFFFFFFFFFFFFFFFFFFFFFFFFF0E
:1062A000FFFFFFFFFFFFFFFFFFFFFFFFFFFFFFFFFE
:1062B000FFFFFFFFFFFFFFFFFFFFFFFFFFFFFFFFEE
:1062C000FFFFFFFFFFFFFFFFFFFFFFFFFFFFFFFFDE
:1062D000FFFFFFFFFFFFFFFFFFFFFFFFFFFFFFFFCE
:1062E000FFFFFFFFFFFFFFFFFFFFFFFFFFFFFFFFBE
:1062F000FFFFFFFFFFFFFFFFFFFFFFFFFFFFFFFFAE
:10630000FFFFFFFFFFFFFFFFFFFFFFFFFFFFFFFF9D
:10631000FFFFFFFFFFFFFFFFFFFFFFFFFFFFFFFF8D
:10632000FFFFFFFFFFFFFFFFFFFFFFFFFFFFFFFF7D
:10633000FFFFFFFFFFFFFFFFFFFFFFFFFFFFFFFF6D
:10634000FFFFFFFFFFFFFFFFFFFFFFFFFFFFFFFF5D
:10635000FFFFFFFFFFFFFFFFFFFFFFFFFFFFFFFF4D
:10636000FFFFFFFFFFFFFFFFFFFFFFFFFFFFFFFF3D
:10637000FFFFFFFFFFFFFFFFFFFFFFFFFFFFFFFF2D
:10638000FFFFFFFFFFFFFFFFFFFFFFFFFFFFFFFF1D
:10639000FFFFFFFFFFFFFFFFFFFFFFFFFFFFFFFF0D
:1063A000FFFFFFFFFFFFFFFFFFFFFFFFFFFFFFFFFD
:1063B000FFFFFFFFFFFFFFFFFFFFFFFFFFFFFFFFED
:1063C000FFFFFFFFFFFFFFFFFFFFFFFFFFFFFFFFDD
:1063D000FFFFFFFFFFFFFFFFFFFFFFFFFFFFFFFFCD
:1063E000FFFFFFFFFFFFFFFFFFFFFFFFFFFFFFFFBD
:1063F000FFFFFFFFFFFFFFFFFFFFFFFFFFFFFFFFAD
:10640000FFFFFFFFFFFFFFFFFFFFFFFFFFFFFFFF9C
:10641000FFFFFFFFFFFFFFFFFFFFFFFFFFFFFFFF8C
:10642000FFFFFFFFFFFFFFFFFFFFFFFFFFFFFFFF7C
:10643000FFFFFFFFFFFFFFFFFFFFFFFFFFFFFFFF6C
:10644000FFFFFFFFFFFFFFFFFFFFFFFFFFFFFFFF5C
:10645000FFFFFFFFFFFFFFFFFFFFFFFFFFFFFFFF4C
:10646000FFFFFFFFFFFFFFFFFFFFFFFFFFFFFFFF3C
:10647000FFFFFFFFFFFFFFFFFFFFFFFFFFFFFFFF2C
:10648000FFFFFFFFFFFFFFFFFFFFFFFFFFFFFFFF1C
:10649000FFFFFFFFFFFFFFFFFFFFFFFFFFFFFFFF0C
:1064A000FFFFFFFFFFFFFFFFFFFFFFFFFFFFFFFFFC
:1064B000FFFFFFFFFFFFFFFFFFFFFFFFFFFFFFFFEC
:1064C000FFFFFFFFFFFFFFFFFFFFFFFFFFFFFFFFDC
:1064D000FFFFFFFFFFFFFFFFFFFFFFFFFFFFFFFFCC
:1064E000FFFFFFFFFFFFFFFFFFFFFFFFFFFFFFFFBC
:1064F000FFFFFFFFFFFFFFFFFFFFFFFFFFFFFFFFAC
:10650000FFFFFFFFFFFFFFFFFFFFFFFFFFFFFFFF9B
:10651000FFFFFFFFFFFFFFFFFFFFFFFFFFFFFFFF8B
:10652000FFFFFFFFFFFFFFFFFFFFFFFFFFFFFFFF7B
:10653000FFFFFFFFFFFFFFFFFFFFFFFFFFFFFFFF6B
:10654000FFFFFFFFFFFFFFFFFFFFFFFFFFFFFFFF5B
:10655000FFFFFFFFFFFFFFFFFFFFFFFFFFFFFFFF4B
:10656000FFFFFFFFFFFFFFFFFFFFFFFFFFFFFFFF3B
:10657000FFFFFFFFFFFFFFFFFFFFFFFFFFFFFFFF2B
:10658000FFFFFFFFFFFFFFFFFFFFFFFFFFFFFFFF1B
:10659000FFFFFFFFFFFFFFFFFFFFFFFFFFFFFFFF0B
:1065A000FFFFFFFFFFFFFFFFFFFFFFFFFFFFFFFFFB
:1065B000FFFFFFFFFFFFFFFFFFFFFFFFFFFFFFFFEB
:1065C000FFFFFFFFFFFFFFFFFFFFFFFFFFFFFFFFDB
:1065D000FFFFFFFFFFFFFFFFFFFFFFFFFFFFFFFFCB
:1065E000FFFFFFFFFFFFFFFFFFFFFFFFFFFFFFFFBB
:1065F000FFFFFFFFFFFFFFFFFFFFFFFFFFFFFFFFAB
:10660000FFFFFFFFFFFFFFFFFFFFFFFFFFFFFFFF9A
:10661000FFFFFFFFFFFFFFFFFFFFFFFFFFFFFFFF8A
:10662000FFFFFFFFFFFFFFFFFFFFFFFFFFFFFFFF7A
:10663000FFFFFFFFFFFFFFFFFFFFFFFFFFFFFFFF6A
:10664000FFFFFFFFFFFFFFFFFFFFFFFFFFFFFFFF5A
:10665000FFFFFFFFFFFFFFFFFFFFFFFFFFFFFFFF4A
:10666000FFFFFFFFFFFFFFFFFFFFFFFFFFFFFFFF3A
:10667000FFFFFFFFFFFFFFFFFFFFFFFFFFFFFFFF2A
:10668000FFFFFFFFFFFFFFFFFFFFFFFFFFFFFFFF1A
:10669000FFFFFFFFFFFFFFFFFFFFFFFFFFFFFFFF0A
:1066A000FFFFFFFFFFFFFFFFFFFFFFFFFFFFFFFFFA
:1066B000FFFFFFFFFFFFFFFFFFFFFFFFFFFFFFFFEA
:1066C000FFFFFFFFFFFFFFFFFFFFFFFFFFFFFFFFDA
:1066D000FFFFFFFFFFFFFFFFFFFFFFFFFFFFFFFFCA
:1066E000FFFFFFFFFFFFFFFFFFFFFFFFFFFFFFFFBA
:1066F000FFFFFFFFFFFFFFFFFFFFFFFFFFFFFFFFAA
:10670000FFFFFFFFFFFFFFFFFFFFFFFFFFFFFFFF99
:10671000FFFFFFFFFFFFFFFFFFFFFFFFFFFFFFFF89
:10672000FFFFFFFFFFFFFFFFFFFFFFFFFFFFFFFF79
:10673000FFFFFFFFFFFFFFFFFFFFFFFFFFFFFFFF69
:10674000FFFFFFFFFFFFFFFFFFFFFFFFFFFFFFFF59
:10675000FFFFFFFFFFFFFFFFFFFFFFFFFFFFFFFF49
:10676000FFFFFFFFFFFFFFFFFFFFFFFFFFFFFFFF39
:10677000FFFFFFFFFFFFFFFFFFFFFFFFFFFFFFFF29
:10678000FFFFFFFFFFFFFFFFFFFFFFFFFFFFFFFF19
:10679000FFFFFFFFFFFFFFFFFFFFFFFFFFFFFFFF09
:1067A000FFFFFFFFFFFFFFFFFFFFFFFFFFFFFFFFF9
:1067B000FFFFFFFFFFFFFFFFFFFFFFFFFFFFFFFFE9
:1067C000FFFFFFFFFFFFFFFFFFFFFFFFFFFFFFFFD9
:1067D000FFFFFFFFFFFFFFFFFFFFFFFFFFFFFFFFC9
:1067E000FFFFFFFFFFFFFFFFFFFFFFFFFFFFFFFFB9
:1067F000FFFFFFFFFFFFFFFFFFFFFFFFFFFFFFFFA9
:10680000FFFFFFFFFFFFFFFFFFFFFFFFFFFFFFFF98
:10681000FFFFFFFFFFFFFFFFFFFFFFFFFFFFFFFF88
:10682000FFFFFFFFFFFFFFFFFFFFFFFFFFFFFFFF78
:10683000FFFFFFFFFFFFFFFFFFFFFFFFFFFFFFFF68
:10684000FFFFFFFFFFFFFFFFFFFFFFFFFFFFFFFF58
:10685000FFFFFFFFFFFFFFFFFFFFFFFFFFFFFFFF48
:10686000FFFFFFFFFFFFFFFFFFFFFFFFFFFFFFFF38
:10687000FFFFFFFFFFFFFFFFFFFFFFFFFFFFFFFF28
:10688000FFFFFFFFFFFFFFFFFFFFFFFFFFFFFFFF18
:10689000FFFFFFFFFFFFFFFFFFFFFFFFFFFFFFFF08
:1068A000FFFFFFFFFFFFFFFFFFFFFFFFFFFFFFFFF8
:1068B000FFFFFFFFFFFFFFFFFFFFFFFFFFFFFFFFE8
:1068C000FFFFFFFFFFFFFFFFFFFFFFFFFFFFFFFFD8
:1068D000FFFFFFFFFFFFFFFFFFFFFFFFFFFFFFFFC8
:1068E000FFFFFFFFFFFFFFFFFFFFFFFFFFFFFFFFB8
:1068F000FFFFFFFFFFFFFFFFFFFFFFFFFFFFFFFFA8
:10690000FFFFFFFFFFFFFFFFFFFFFFFFFFFFFFFF97
:10691000FFFFFFFFFFFFFFFFFFFFFFFFFFFFFFFF87
:10692000FFFFFFFFFFFFFFFFFFFFFFFFFFFFFFFF77
:10693000FFFFFFFFFFFFFFFFFFFFFFFFFFFFFFFF67
:10694000FFFFFFFFFFFFFFFFFFFFFFFFFFFFFFFF57
:10695000FFFFFFFFFFFFFFFFFFFFFFFFFFFFFFFF47
:10696000FFFFFFFFFFFFFFFFFFFFFFFFFFFFFFFF37
:10697000FFFFFFFFFFFFFFFFFFFFFFFFFFFFFFFF27
:10698000FFFFFFFFFFFFFFFFFFFFFFFFFFFFFFFF17
:10699000FFFFFFFFFFFFFFFFFFFFFFFFFFFFFFFF07
:1069A000FFFFFFFFFFFFFFFFFFFFFFFFFFFFFFFFF7
:1069B000FFFFFFFFFFFFFFFFFFFFFFFFFFFFFFFFE7
:1069C000FFFFFFFFFFFFFFFFFFFFFFFFFFFFFFFFD7
:1069D000FFFFFFFFFFFFFFFFFFFFFFFFFFFFFFFFC7
:1069E000FFFFFFFFFFFFFFFFFFFFFFFFFFFFFFFFB7
:1069F000FFFFFFFFFFFFFFFFFFFFFFFFFFFFFFFFA7
:106A0000FFFFFFFFFFFFFFFFFFFFFFFFFFFFFFFF96
:106A1000FFFFFFFFFFFFFFFFFFFFFFFFFFFFFFFF86
:106A2000FFFFFFFFFFFFFFFFFFFFFFFFFFFFFFFF76
:106A3000FFFFFFFFFFFFFFFFFFFFFFFFFFFFFFFF66
:106A4000FFFFFFFFFFFFFFFFFFFFFFFFFFFFFFFF56
:106A5000FFFFFFFFFFFFFFFFFFFFFFFFFFFFFFFF46
:106A6000FFFFFFFFFFFFFFFFFFFFFFFFFFFFFFFF36
:106A7000FFFFFFFFFFFFFFFFFFFFFFFFFFFFFFFF26
:106A8000FFFFFFFFFFFFFFFFFFFFFFFFFFFFFFFF16
:106A9000FFFFFFFFFFFFFFFFFFFFFFFFFFFFFFFF06
:106AA000FFFFFFFFFFFFFFFFFFFFFFFFFFFFFFFFF6
:106AB000FFFFFFFFFFFFFFFFFFFFFFFFFFFFFFFFE6
:106AC000FFFFFFFFFFFFFFFFFFFFFFFFFFFFFFFFD6
:106AD000FFFFFFFFFFFFFFFFFFFFFFFFFFFFFFFFC6
:106AE000FFFFFFFFFFFFFFFFFFFFFFFFFFFFFFFFB6
:106AF000FFFFFFFFFFFFFFFFFFFFFFFFFFFFFFFFA6
:106B0000FFFFFFFFFFFFFFFFFFFFFFFFFFFFFFFF95
:106B1000FFFFFFFFFFFFFFFFFFFFFFFFFFFFFFFF85
:106B2000FFFFFFFFFFFFFFFFFFFFFFFFFFFFFFFF75
:106B3000FFFFFFFFFFFFFFFFFFFFFFFFFFFFFFFF65
:106B4000FFFFFFFFFFFFFFFFFFFFFFFFFFFFFFFF55
:106B5000FFFFFFFFFFFFFFFFFFFFFFFFFFFFFFFF45
:106B6000FFFFFFFFFFFFFFFFFFFFFFFFFFFFFFFF35
:106B7000FFFFFFFFFFFFFFFFFFFFFFFFFFFFFFFF25
:106B8000FFFFFFFFFFFFFFFFFFFFFFFFFFFFFFFF15
:106B9000FFFFFFFFFFFFFFFFFFFFFFFFFFFFFFFF05
:106BA000FFFFFFFFFFFFFFFFFFFFFFFFFFFFFFFFF5
:106BB000FFFFFFFFFFFFFFFFFFFFFFFFFFFFFFFFE5
:106BC000FFFFFFFFFFFFFFFFFFFFFFFFFFFFFFFFD5
:106BD000FFFFFFFFFFFFFFFFFFFFFFFFFFFFFFFFC5
:106BE000FFFFFFFFFFFFFFFFFFFFFFFFFFFFFFFFB5
:106BF000FFFFFFFFFFFFFFFFFFFFFFFFFFFFFFFFA5
:106C0000FFFFFFFFFFFFFFFFFFFFFFFFFFFFFFFF94
:106C1000FFFFFFFFFFFFFFFFFFFFFFFFFFFFFFFF84
:106C2000FFFFFFFFFFFFFFFFFFFFFFFFFFFFFFFF74
:106C3000FFFFFFFFFFFFFFFFFFFFFFFFFFFFFFFF64
:106C4000FFFFFFFFFFFFFFFFFFFFFFFFFFFFFFFF54
:106C5000FFFFFFFFFFFFFFFFFFFFFFFFFFFFFFFF44
:106C6000FFFFFFFFFFFFFFFFFFFFFFFFFFFFFFFF34
:106C7000FFFFFFFFFFFFFFFFFFFFFFFFFFFFFFFF24
:106C8000FFFFFFFFFFFFFFFFFFFFFFFFFFFFFFFF14
:106C9000FFFFFFFFFFFFFFFFFFFFFFFFFFFFFFFF04
:106CA000FFFFFFFFFFFFFFFFFFFFFFFFFFFFFFFFF4
:106CB000FFFFFFFFFFFFFFFFFFFFFFFFFFFFFFFFE4
:106CC000FFFFFFFFFFFFFFFFFFFFFFFFFFFFFFFFD4
:106CD000FFFFFFFFFFFFFFFFFFFFFFFFFFFFFFFFC4
:106CE000FFFFFFFFFFFFFFFFFFFFFFFFFFFFFFFFB4
:106CF000FFFFFFFFFFFFFFFFFFFFFFFFFFFFFFFFA4
:106D0000FFFFFFFFFFFFFFFFFFFFFFFFFFFFFFFF93
:106D1000FFFFFFFFFFFFFFFFFFFFFFFFFFFFFFFF83
:106D2000FFFFFFFFFFFFFFFFFFFFFFFFFFFFFFFF73
:106D3000FFFFFFFFFFFFFFFFFFFFFFFFFFFFFFFF63
:106D4000FFFFFFFFFFFFFFFFFFFFFFFFFFFFFFFF53
:106D5000FFFFFFFFFFFFFFFFFFFFFFFFFFFFFFFF43
:106D6000FFFFFFFFFFFFFFFFFFFFFFFFFFFFFFFF33
:106D7000FFFFFFFFFFFFFFFFFFFFFFFFFFFFFFFF23
:106D8000FFFFFFFFFFFFFFFFFFFFFFFFFFFFFFFF13
:106D9000FFFFFFFFFFFFFFFFFFFFFFFFFFFFFFFF03
:106DA000FFFFFFFFFFFFFFFFFFFFFFFFFFFFFFFFF3
:106DB000FFFFFFFFFFFFFFFFFFFFFFFFFFFFFFFFE3
:106DC000FFFFFFFFFFFFFFFFFFFFFFFFFFFFFFFFD3
:106DD000FFFFFFFFFFFFFFFFFFFFFFFFFFFFFFFFC3
:106DE000FFFFFFFFFFFFFFFFFFFFFFFFFFFFFFFFB3
:106DF000FFFFFFFFFFFFFFFFFFFFFFFFFFFFFFFFA3
:106E0000FFFFFFFFFFFFFFFFFFFFFFFFFFFFFFFF92
:106E1000FFFFFFFFFFFFFFFFFFFFFFFFFFFFFFFF82
:106E2000FFFFFFFFFFFFFFFFFFFFFFFFFFFFFFFF72
:106E3000FFFFFFFFFFFFFFFFFFFFFFFFFFFFFFFF62
:106E4000FFFFFFFFFFFFFFFFFFFFFFFFFFFFFFFF52
:106E5000FFFFFFFFFFFFFFFFFFFFFFFFFFFFFFFF42
:106E6000FFFFFFFFFFFFFFFFFFFFFFFFFFFFFFFF32
:106E7000FFFFFFFFFFFFFFFFFFFFFFFFFFFFFFFF22
:106E8000FFFFFFFFFFFFFFFFFFFFFFFFFFFFFFFF12
:106E9000FFFFFFFFFFFFFFFFFFFFFFFFFFFFFFFF02
:106EA000FFFFFFFFFFFFFFFFFFFFFFFFFFFFFFFFF2
:106EB000FFFFFFFFFFFFFFFFFFFFFFFFFFFFFFFFE2
:106EC000FFFFFFFFFFFFFFFFFFFFFFFFFFFFFFFFD2
:106ED000FFFFFFFFFFFFFFFFFFFFFFFFFFFFFFFFC2
:106EE000FFFFFFFFFFFFFFFFFFFFFFFFFFFFFFFFB2
:106EF000FFFFFFFFFFFFFFFFFFFFFFFFFFFFFFFFA2
:106F0000FFFFFFFFFFFFFFFFFFFFFFFFFFFFFFFF91
:106F1000FFFFFFFFFFFFFFFFFFFFFFFFFFFFFFFF81
:106F2000FFFFFFFFFFFFFFFFFFFFFFFFFFFFFFFF71
:106F3000FFFFFFFFFFFFFFFFFFFFFFFFFFFFFFFF61
:106F4000FFFFFFFFFFFFFFFFFFFFFFFFFFFFFFFF51
:106F5000FFFFFFFFFFFFFFFFFFFFFFFFFFFFFFFF41
:106F6000FFFFFFFFFFFFFFFFFFFFFFFFFFFFFFFF31
:106F7000FFFFFFFFFFFFFFFFFFFFFFFFFFFFFFFF21
:106F8000FFFFFFFFFFFFFFFFFFFFFFFFFFFFFFFF11
:106F9000FFFFFFFFFFFFFFFFFFFFFFFFFFFFFFFF01
:106FA000FFFFFFFFFFFFFFFFFFFFFFFFFFFFFFFFF1
:106FB000FFFFFFFFFFFFFFFFFFFFFFFFFFFFFFFFE1
:106FC000FFFFFFFFFFFFFFFFFFFFFFFFFFFFFFFFD1
:106FD000FFFFFFFFFFFFFFFFFFFFFFFFFFFFFFFFC1
:106FE000FFFFFFFFFFFFFFFFFFFFFFFFFFFFFFFFB1
:106FF000FFFFFFFFFFFFFFFFFFFFFFFFFFFFFFFFA1
:10700000FFFFFFFFFFFFFFFFFFFFFFFFFFFFFFFF90
:10701000FFFFFFFFFFFFFFFFFFFFFFFFFFFFFFFF80
:10702000FFFFFFFFFFFFFFFFFFFFFFFFFFFFFFFF70
:10703000FFFFFFFFFFFFFFFFFFFFFFFFFFFFFFFF60
:10704000FFFFFFFFFFFFFFFFFFFFFFFFFFFFFFFF50
:10705000FFFFFFFFFFFFFFFFFFFFFFFFFFFFFFFF40
:10706000FFFFFFFFFFFFFFFFFFFFFFFFFFFFFFFF30
:10707000FFFFFFFFFFFFFFFFFFFFFFFFFFFFFFFF20
:10708000FFFFFFFFFFFFFFFFFFFFFFFFFFFFFFFF10
:10709000FFFFFFFFFFFFFFFFFFFFFFFFFFFFFFFF00
:1070A000FFFFFFFFFFFFFFFFFFFFFFFFFFFFFFFFF0
:1070B000FFFFFFFFFFFFFFFFFFFFFFFFFFFFFFFFE0
:1070C000FFFFFFFFFFFFFFFFFFFFFFFFFFFFFFFFD0
:1070D000FFFFFFFFFFFFFFFFFFFFFFFFFFFFFFFFC0
:1070E000FFFFFFFFFFFFFFFFFFFFFFFFFFFFFFFFB0
:1070F000FFFFFFFFFFFFFFFFFFFFFFFFFFFFFFFFA0
:10710000FFFFFFFFFFFFFFFFFFFFFFFFFFFFFFFF8F
:10711000FFFFFFFFFFFFFFFFFFFFFFFFFFFFFFFF7F
:10712000FFFFFFFFFFFFFFFFFFFFFFFFFFFFFFFF6F
:10713000FFFFFFFFFFFFFFFFFFFFFFFFFFFFFFFF5F
:10714000FFFFFFFFFFFFFFFFFFFFFFFFFFFFFFFF4F
:10715000FFFFFFFFFFFFFFFFFFFFFFFFFFFFFFFF3F
:10716000FFFFFFFFFFFFFFFFFFFFFFFFFFFFFFFF2F
:10717000FFFFFFFFFFFFFFFFFFFFFFFFFFFFFFFF1F
:10718000FFFFFFFFFFFFFFFFFFFFFFFFFFFFFFFF0F
:10719000FFFFFFFFFFFFFFFFFFFFFFFFFFFFFFFFFF
:1071A000FFFFFFFFFFFFFFFFFFFFFFFFFFFFFFFFEF
:1071B000FFFFFFFFFFFFFFFFFFFFFFFFFFFFFFFFDF
:1071C000FFFFFFFFFFFFFFFFFFFFFFFFFFFFFFFFCF
:1071D000FFFFFFFFFFFFFFFFFFFFFFFFFFFFFFFFBF
:1071E000FFFFFFFFFFFFFFFFFFFFFFFFFFFFFFFFAF
:1071F000FFFFFFFFFFFFFFFFFFFFFFFFFFFFFFFF9F
:10720000FFFFFFFFFFFFFFFFFFFFFFFFFFFFFFFF8E
:10721000FFFFFFFFFFFFFFFFFFFFFFFFFFFFFFFF7E
:10722000FFFFFFFFFFFFFFFFFFFFFFFFFFFFFFFF6E
:10723000FFFFFFFFFFFFFFFFFFFFFFFFFFFFFFFF5E
:10724000FFFFFFFFFFFFFFFFFFFFFFFFFFFFFFFF4E
:10725000FFFFFFFFFFFFFFFFFFFFFFFFFFFFFFFF3E
:10726000FFFFFFFFFFFFFFFFFFFFFFFFFFFFFFFF2E
:10727000FFFFFFFFFFFFFFFFFFFFFFFFFFFFFFFF1E
:10728000FFFFFFFFFFFFFFFFFFFFFFFFFFFFFFFF0E
:10729000FFFFFFFFFFFFFFFFFFFFFFFFFFFFFFFFFE
:1072A000FFFFFFFFFFFFFFFFFFFFFFFFFFFFFFFFEE
:1072B000FFFFFFFFFFFFFFFFFFFFFFFFFFFFFFFFDE
:1072C000FFFFFFFFFFFFFFFFFFFFFFFFFFFFFFFFCE
:1072D000FFFFFFFFFFFFFFFFFFFFFFFFFFFFFFFFBE
:1072E000FFFFFFFFFFFFFFFFFFFFFFFFFFFFFFFFAE
:1072F000FFFFFFFFFFFFFFFFFFFFFFFFFFFFFFFF9E
:10730000FFFFFFFFFFFFFFFFFFFFFFFFFFFFFFFF8D
:10731000FFFFFFFFFFFFFFFFFFFFFFFFFFFFFFFF7D
:10732000FFFFFFFFFFFFFFFFFFFFFFFFFFFFFFFF6D
:10733000FFFFFFFFFFFFFFFFFFFFFFFFFFFFFFFF5D
:10734000FFFFFFFFFFFFFFFFFFFFFFFFFFFFFFFF4D
:10735000FFFFFFFFFFFFFFFFFFFFFFFFFFFFFFFF3D
:10736000FFFFFFFFFFFFFFFFFFFFFFFFFFFFFFFF2D
:10737000FFFFFFFFFFFFFFFFFFFFFFFFFFFFFFFF1D
:10738000FFFFFFFFFFFFFFFFFFFFFFFFFFFFFFFF0D
:10739000FFFFFFFFFFFFFFFFFFFFFFFFFFFFFFFFFD
:1073A000FFFFFFFFFFFFFFFFFFFFFFFFFFFFFFFFED
:1073B000FFFFFFFFFFFFFFFFFFFFFFFFFFFFFFFFDD
:1073C000FFFFFFFFFFFFFFFFFFFFFFFFFFFFFFFFCD
:1073D000FFFFFFFFFFFFFFFFFFFFFFFFFFFFFFFFBD
:1073E000FFFFFFFFFFFFFFFFFFFFFFFFFFFFFFFFAD
:1073F000FFFFFFFFFFFFFFFFFFFFFFFFFFFFFFFF9D
:10740000FFFFFFFFFFFFFFFFFFFFFFFFFFFFFFFF8C
:10741000FFFFFFFFFFFFFFFFFFFFFFFFFFFFFFFF7C
:10742000FFFFFFFFFFFFFFFFFFFFFFFFFFFFFFFF6C
:10743000FFFFFFFFFFFFFFFFFFFFFFFFFFFFFFFF5C
:10744000FFFFFFFFFFFFFFFFFFFFFFFFFFFFFFFF4C
:10745000FFFFFFFFFFFFFFFFFFFFFFFFFFFFFFFF3C
:10746000FFFFFFFFFFFFFFFFFFFFFFFFFFFFFFFF2C
:10747000FFFFFFFFFFFFFFFFFFFFFFFFFFFFFFFF1C
:10748000FFFFFFFFFFFFFFFFFFFFFFFFFFFFFFFF0C
:10749000FFFFFFFFFFFFFFFFFFFFFFFFFFFFFFFFFC
:1074A000FFFFFFFFFFFFFFFFFFFFFFFFFFFFFFFFEC
:1074B000FFFFFFFFFFFFFFFFFFFFFFFFFFFFFFFFDC
:1074C000FFFFFFFFFFFFFFFFFFFFFFFFFFFFFFFFCC
:1074D000FFFFFFFFFFFFFFFFFFFFFFFFFFFFFFFFBC
:1074E000FFFFFFFFFFFFFFFFFFFFFFFFFFFFFFFFAC
:1074F000FFFFFFFFFFFFFFFFFFFFFFFFFFFFFFFF9C
:10750000FFFFFFFFFFFFFFFFFFFFFFFFFFFFFFFF8B
:10751000FFFFFFFFFFFFFFFFFFFFFFFFFFFFFFFF7B
:10752000FFFFFFFFFFFFFFFFFFFFFFFFFFFFFFFF6B
:10753000FFFFFFFFFFFFFFFFFFFFFFFFFFFFFFFF5B
:10754000FFFFFFFFFFFFFFFFFFFFFFFFFFFFFFFF4B
:10755000FFFFFFFFFFFFFFFFFFFFFFFFFFFFFFFF3B
:10756000FFFFFFFFFFFFFFFFFFFFFFFFFFFFFFFF2B
:10757000FFFFFFFFFFFFFFFFFFFFFFFFFFFFFFFF1B
:10758000FFFFFFFFFFFFFFFFFFFFFFFFFFFFFFFF0B
:10759000FFFFFFFFFFFFFFFFFFFFFFFFFFFFFFFFFB
:1075A000FFFFFFFFFFFFFFFFFFFFFFFFFFFFFFFFEB
:1075B000FFFFFFFFFFFFFFFFFFFFFFFFFFFFFFFFDB
:1075C000FFFFFFFFFFFFFFFFFFFFFFFFFFFFFFFFCB
:1075D000FFFFFFFFFFFFFFFFFFFFFFFFFFFFFFFFBB
:1075E000FFFFFFFFFFFFFFFFFFFFFFFFFFFFFFFFAB
:1075F000FFFFFFFFFFFFFFFFFFFFFFFFFFFFFFFF9B
:10760000FFFFFFFFFFFFFFFFFFFFFFFFFFFFFFFF8A
:10761000FFFFFFFFFFFFFFFFFFFFFFFFFFFFFFFF7A
:10762000FFFFFFFFFFFFFFFFFFFFFFFFFFFFFFFF6A
:10763000FFFFFFFFFFFFFFFFFFFFFFFFFFFFFFFF5A
:10764000FFFFFFFFFFFFFFFFFFFFFFFFFFFFFFFF4A
:10765000FFFFFFFFFFFFFFFFFFFFFFFFFFFFFFFF3A
:10766000FFFFFFFFFFFFFFFFFFFFFFFFFFFFFFFF2A
:10767000FFFFFFFFFFFFFFFFFFFFFFFFFFFFFFFF1A
:10768000FFFFFFFFFFFFFFFFFFFFFFFFFFFFFFFF0A
:10769000FFFFFFFFFFFFFFFFFFFFFFFFFFFFFFFFFA
:1076A000FFFFFFFFFFFFFFFFFFFFFFFFFFFFFFFFEA
:1076B000FFFFFFFFFFFFFFFFFFFFFFFFFFFFFFFFDA
:1076C000FFFFFFFFFFFFFFFFFFFFFFFFFFFFFFFFCA
:1076D000FFFFFFFFFFFFFFFFFFFFFFFFFFFFFFFFBA
:1076E000FFFFFFFFFFFFFFFFFFFFFFFFFFFFFFFFAA
:1076F000FFFFFFFFFFFFFFFFFFFFFFFFFFFFFFFF9A
:10770000FFFFFFFFFFFFFFFFFFFFFFFFFFFFFFFF89
:10771000FFFFFFFFFFFFFFFFFFFFFFFFFFFFFFFF79
:10772000FFFFFFFFFFFFFFFFFFFFFFFFFFFFFFFF69
:10773000FFFFFFFFFFFFFFFFFFFFFFFFFFFFFFFF59
:10774000FFFFFFFFFFFFFFFFFFFFFFFFFFFFFFFF49
:10775000FFFFFFFFFFFFFFFFFFFFFFFFFFFFFFFF39
:10776000FFFFFFFFFFFFFFFFFFFFFFFFFFFFFFFF29
:10777000FFFFFFFFFFFFFFFFFFFFFFFFFFFFFFFF19
:10778000FFFFFFFFFFFFFFFFFFFFFFFFFFFFFFFF09
:10779000FFFFFFFFFFFFFFFFFFFFFFFFFFFFFFFFF9
:1077A000FFFFFFFFFFFFFFFFFFFFFFFFFFFFFFFFE9
:1077B000FFFFFFFFFFFFFFFFFFFFFFFFFFFFFFFFD9
:1077C000FFFFFFFFFFFFFFFFFFFFFFFFFFFFFFFFC9
:1077D000FFFFFFFFFFFFFFFFFFFFFFFFFFFFFFFFB9
:1077E000FFFFFFFFFFFFFFFFFFFFFFFFFFFFFFFFA9
:1077F000FFFFFFFFFFFFFFFFFFFFFFFFFFFFFFFF99
:10780000FFFFFFFFFFFFFFFFFFFFFFFFFFFFFFFF88
:10781000FFFFFFFFFFFFFFFFFFFFFFFFFFFFFFFF78
:10782000FFFFFFFFFFFFFFFFFFFFFFFFFFFFFFFF68
:10783000FFFFFFFFFFFFFFFFFFFFFFFFFFFFFFFF58
:10784000FFFFFFFFFFFFFFFFFFFFFFFFFFFFFFFF48
:10785000FFFFFFFFFFFFFFFFFFFFFFFFFFFFFFFF38
:10786000FFFFFFFFFFFFFFFFFFFFFFFFFFFFFFFF28
:10787000FFFFFFFFFFFFFFFFFFFFFFFFFFFFFFFF18
:10788000FFFFFFFFFFFFFFFFFFFFFFFFFFFFFFFF08
:10789000FFFFFFFFFFFFFFFFFFFFFFFFFFFFFFFFF8
:1078A000FFFFFFFFFFFFFFFFFFFFFFFFFFFFFFFFE8
:1078B000FFFFFFFFFFFFFFFFFFFFFFFFFFFFFFFFD8
:1078C000FFFFFFFFFFFFFFFFFFFFFFFFFFFFFFFFC8
:1078D000FFFFFFFFFFFFFFFFFFFFFFFFFFFFFFFFB8
:1078E000FFFFFFFFFFFFFFFFFFFFFFFFFFFFFFFFA8
:1078F000FFFFFFFFFFFFFFFFFFFFFFFFFFFFFFFF98
:10790000FFFFFFFFFFFFFFFFFFFFFFFFFFFFFFFF87
:10791000FFFFFFFFFFFFFFFFFFFFFFFFFFFFFFFF77
:10792000FFFFFFFFFFFFFFFFFFFFFFFFFFFFFFFF67
:10793000FFFFFFFFFFFFFFFFFFFFFFFFFFFFFFFF57
:10794000FFFFFFFFFFFFFFFFFFFFFFFFFFFFFFFF47
:10795000FFFFFFFFFFFFFFFFFFFFFFFFFFFFFFFF37
:10796000FFFFFFFFFFFFFFFFFFFFFFFFFFFFFFFF27
:10797000FFFFFFFFFFFFFFFFFFFFFFFFFFFFFFFF17
:10798000FFFFFFFFFFFFFFFFFFFFFFFFFFFFFFFF07
:10799000FFFFFFFFFFFFFFFFFFFFFFFFFFFFFFFFF7
:1079A000FFFFFFFFFFFFFFFFFFFFFFFFFFFFFFFFE7
:1079B000FFFFFFFFFFFFFFFFFFFFFFFFFFFFFFFFD7
:1079C000FFFFFFFFFFFFFFFFFFFFFFFFFFFFFFFFC7
:1079D000FFFFFFFFFFFFFFFFFFFFFFFFFFFFFFFFB7
:1079E000FFFFFFFFFFFFFFFFFFFFFFFFFFFFFFFFA7
:1079F000FFFFFFFFFFFFFFFFFFFFFFFFFFFFFFFF97
:107A0000FFFFFFFFFFFFFFFFFFFFFFFFFFFFFFFF86
:107A1000FFFFFFFFFFFFFFFFFFFFFFFFFFFFFFFF76
:107A2000FFFFFFFFFFFFFFFFFFFFFFFFFFFFFFFF66
:107A3000FFFFFFFFFFFFFFFFFFFFFFFFFFFFFFFF56
:107A4000FFFFFFFFFFFFFFFFFFFFFFFFFFFFFFFF46
:107A5000FFFFFFFFFFFFFFFFFFFFFFFFFFFFFFFF36
:107A6000FFFFFFFFFFFFFFFFFFFFFFFFFFFFFFFF26
:107A7000FFFFFFFFFFFFFFFFFFFFFFFFFFFFFFFF16
:107A8000FFFFFFFFFFFFFFFFFFFFFFFFFFFFFFFF06
:107A9000FFFFFFFFFFFFFFFFFFFFFFFFFFFFFFFFF6
:107AA000FFFFFFFFFFFFFFFFFFFFFFFFFFFFFFFFE6
:107AB000FFFFFFFFFFFFFFFFFFFFFFFFFFFFFFFFD6
:107AC000FFFFFFFFFFFFFFFFFFFFFFFFFFFFFFFFC6
:107AD000FFFFFFFFFFFFFFFFFFFFFFFFFFFFFFFFB6
:107AE000FFFFFFFFFFFFFFFFFFFFFFFFFFFFFFFFA6
:107AF000FFFFFFFFFFFFFFFFFFFFFFFFFFFFFFFF96
:107B0000FFFFFFFFFFFFFFFFFFFFFFFFFFFFFFFF85
:107B1000FFFFFFFFFFFFFFFFFFFFFFFFFFFFFFFF75
:107B2000FFFFFFFFFFFFFFFFFFFFFFFFFFFFFFFF65
:107B3000FFFFFFFFFFFFFFFFFFFFFFFFFFFFFFFF55
:107B4000FFFFFFFFFFFFFFFFFFFFFFFFFFFFFFFF45
:107B5000FFFFFFFFFFFFFFFFFFFFFFFFFFFFFFFF35
:107B6000FFFFFFFFFFFFFFFFFFFFFFFFFFFFFFFF25
:107B7000FFFFFFFFFFFFFFFFFFFFFFFFFFFFFFFF15
:107B8000FFFFFFFFFFFFFFFFFFFFFFFFFFFFFFFF05
:107B9000FFFFFFFFFFFFFFFFFFFFFFFFFFFFFFFFF5
:107BA000FFFFFFFFFFFFFFFFFFFFFFFFFFFFFFFFE5
:107BB000FFFFFFFFFFFFFFFFFFFFFFFFFFFFFFFFD5
:107BC000FFFFFFFFFFFFFFFFFFFFFFFFFFFFFFFFC5
:107BD000FFFFFFFFFFFFFFFFFFFFFFFFFFFFFFFFB5
:107BE000FFFFFFFFFFFFFFFFFFFFFFFFFFFFFFFFA5
:107BF000FFFFFFFFFFFFFFFFFFFFFFFFFFFFFFFF95
:107C0000FFFFFFFFFFFFFFFFFFFFFFFFFFFFFFFF84
:107C1000FFFFFFFFFFFFFFFFFFFFFFFFFFFFFFFF74
:107C2000FFFFFFFFFFFFFFFFFFFFFFFFFFFFFFFF64
:107C3000FFFFFFFFFFFFFFFFFFFFFFFFFFFFFFFF54
:107C4000FFFFFFFFFFFFFFFFFFFFFFFFFFFFFFFF44
:107C5000FFFFFFFFFFFFFFFFFFFFFFFFFFFFFFFF34
:107C6000FFFFFFFFFFFFFFFFFFFFFFFFFFFFFFFF24
:107C7000FFFFFFFFFFFFFFFFFFFFFFFFFFFFFFFF14
:107C8000FFFFFFFFFFFFFFFFFFFFFFFFFFFFFFFF04
:107C9000FFFFFFFFFFFFFFFFFFFFFFFFFFFFFFFFF4
:107CA000FFFFFFFFFFFFFFFFFFFFFFFFFFFFFFFFE4
:107CB000FFFFFFFFFFFFFFFFFFFFFFFFFFFFFFFFD4
:107CC000FFFFFFFFFFFFFFFFFFFFFFFFFFFFFFFFC4
:107CD000FFFFFFFFFFFFFFFFFFFFFFFFFFFFFFFFB4
:107CE000FFFFFFFFFFFFFFFFFFFFFFFFFFFFFFFFA4
:107CF000FFFFFFFFFFFFFFFFFFFFFFFFFFFFFFFF94
:107D0000FFFFFFFFFFFFFFFFFFFFFFFFFFFFFFFF83
:107D1000FFFFFFFFFFFFFFFFFFFFFFFFFFFFFFFF73
:107D2000FFFFFFFFFFFFFFFFFFFFFFFFFFFFFFFF63
:107D3000FFFFFFFFFFFFFFFFFFFFFFFFFFFFFFFF53
:107D4000FFFFFFFFFFFFFFFFFFFFFFFFFFFFFFFF43
:107D5000FFFFFFFFFFFFFFFFFFFFFFFFFFFFFFFF33
:107D6000FFFFFFFFFFFFFFFFFFFFFFFFFFFFFFFF23
:107D7000FFFFFFFFFFFFFFFFFFFFFFFFFFFFFFFF13
:107D8000FFFFFFFFFFFFFFFFFFFFFFFFFFFFFFFF03
:107D9000FFFFFFFFFFFFFFFFFFFFFFFFFFFFFFFFF3
:107DA000FFFFFFFFFFFFFFFFFFFFFFFFFFFFFFFFE3
:107DB000FFFFFFFFFFFFFFFFFFFFFFFFFFFFFFFFD3
:107DC000FFFFFFFFFFFFFFFFFFFFFFFFFFFFFFFFC3
:107DD000FFFFFFFFFFFFFFFFFFFFFFFFFFFFFFFFB3
:107DE000FFFFFFFFFFFFFFFFFFFFFFFFFFFFFFFFA3
:107DF000FFFFFFFFFFFFFFFFFFFFFFFFFFFFFFFF93
:107E0000FFFFFFFFFFFFFFFFFFFFFFFFFFFFFFFF82
:107E1000FFFFFFFFFFFFFFFFFFFFFFFFFFFFFFFF72
:107E2000FFFFFFFFFFFFFFFFFFFFFFFFFFFFFFFF62
:107E3000FFFFFFFFFFFFFFFFFFFFFFFFFFFFFFFF52
:107E4000FFFFFFFFFFFFFFFFFFFFFFFFFFFFFFFF42
:107E5000FFFFFFFFFFFFFFFFFFFFFFFFFFFFFFFF32
:107E6000FFFFFFFFFFFFFFFFFFFFFFFFFFFFFFFF22
:107E7000FFFFFFFFFFFFFFFFFFFFFFFFFFFFFFFF12
:107E8000FFFFFFFFFFFFFFFFFFFFFFFFFFFFFFFF02
:107E9000FFFFFFFFFFFFFFFFFFFFFFFFFFFFFFFFF2
:107EA000FFFFFFFFFFFFFFFFFFFFFFFFFFFFFFFFE2
:107EB000FFFFFFFFFFFFFFFFFFFFFFFFFFFFFFFFD2
:107EC000FFFFFFFFFFFFFFFFFFFFFFFFFFFFFFFFC2
:107ED000FFFFFFFFFFFFFFFFFFFFFFFFFFFFFFFFB2
:107EE000FFFFFFFFFFFFFFFFFFFFFFFFFFFFFFFFA2
:107EF000FFFFFFFFFFFFFFFFFFFFFFFFFFFFFFFF92
:107F0000FFFFFFFFFFFFFFFFFFFFFFFFFFFFFFFF81
:107F1000FFFFFFFFFFFFFFFFFFFFFFFFFFFFFFFF71
:107F2000FFFFFFFFFFFFFFFFFFFFFFFFFFFFFFFF61
:107F3000FFFFFFFFFFFFFFFFFFFFFFFFFFFFFFFF51
:107F4000FFFFFFFFFFFFFFFFFFFFFFFFFFFFFFFF41
:107F5000FFFFFFFFFFFFFFFFFFFFFFFFFFFFFFFF31
:107F6000FFFFFFFFFFFFFFFFFFFFFFFFFFFFFFFF21
:107F7000FFFFFFFFFFFFFFFFFFFFFFFFFFFFFFFF11
:107F8000FFFFFFFFFFFFFFFFFFFFFFFFFFFFFFFF01
:107F9000FFFFFFFFFFFFFFFFFFFFFFFFFFFFFFFFF1
:107FA000FFFFFFFFFFFFFFFFFFFFFFFFFFFFFFFFE1
:107FB000FFFFFFFFFFFFFFFFFFFFFFFFFFFFFFFFD1
:107FC000FFFFFFFFFFFFFFFFFFFFFFFFFFFFFFFFC1
:107FD000FFFFFFFFFFFFFFFFFFFFFFFFFFFFFFFFB1
:107FE000FFFFFFFFFFFFFFFFFFFFFFFFFFFFFFFFA1
:107FF000FFFFFFFFFFFFFFFFFFFFFFFFFFFFFFFF91
:10800000FFFFFFFFFFFFFFFFFFFFFFFFFFFFFFFF80
:10801000FFFFFFFFFFFFFFFFFFFFFFFFFFFFFFFF70
:10802000FFFFFFFFFFFFFFFFFFFFFFFFFFFFFFFF60
:10803000FFFFFFFFFFFFFFFFFFFFFFFFFFFFFFFF50
:10804000FFFFFFFFFFFFFFFFFFFFFFFFFFFFFFFF40
:10805000FFFFFFFFFFFFFFFFFFFFFFFFFFFFFFFF30
:10806000FFFFFFFFFFFFFFFFFFFFFFFFFFFFFFFF20
:10807000FFFFFFFFFFFFFFFFFFFFFFFFFFFFFFFF10
:10808000FFFFFFFFFFFFFFFFFFFFFFFFFFFFFFFF00
:10809000FFFFFFFFFFFFFFFFFFFFFFFFFFFFFFFFF0
:1080A000FFFFFFFFFFFFFFFFFFFFFFFFFFFFFFFFE0
:1080B000FFFFFFFFFFFFFFFFFFFFFFFFFFFFFFFFD0
:1080C000FFFFFFFFFFFFFFFFFFFFFFFFFFFFFFFFC0
:1080D000FFFFFFFFFFFFFFFFFFFFFFFFFFFFFFFFB0
:1080E000FFFFFFFFFFFFFFFFFFFFFFFFFFFFFFFFA0
:1080F000FFFFFFFFFFFFFFFFFFFFFFFFFFFFFFFF90
:10810000FFFFFFFFFFFFFFFFFFFFFFFFFFFFFFFF7F
:10811000FFFFFFFFFFFFFFFFFFFFFFFFFFFFFFFF6F
:10812000FFFFFFFFFFFFFFFFFFFFFFFFFFFFFFFF5F
:10813000FFFFFFFFFFFFFFFFFFFFFFFFFFFFFFFF4F
:10814000FFFFFFFFFFFFFFFFFFFFFFFFFFFFFFFF3F
:10815000FFFFFFFFFFFFFFFFFFFFFFFFFFFFFFFF2F
:10816000FFFFFFFFFFFFFFFFFFFFFFFFFFFFFFFF1F
:10817000FFFFFFFFFFFFFFFFFFFFFFFFFFFFFFFF0F
:10818000FFFFFFFFFFFFFFFFFFFFFFFF4B4B5050C5
:1081900050505050505050505050505050505050DF
:1081A00050505050505050505050505050505050CF
:1081B00050505050505050505050505050505050BF
:1081C00050505050505050505050505050505050AF
:1081D00050505050505050504B4BFFFFFFFFFFFF8F
:1081E000FFFFFFFFE3E350505050505050505050AD
:1081F000505050505050505050505050505050507F
:10820000505050505050505050505050505050506E
:10821000505050505050505050505050505050505E
:10822000505050505050505050505050505050504E
:10823000505050505050505050505050505050503E
:10824000505050505050505050505050505050502E
:10825000505050505050505050505050505050501E
:10826000505050505050505050505050505050500E
:1082700050505050505050505050505050505050FE
:1082800050505050505050505050505050505050EE
:1082900050505050505050505050505050505050DE
:1082A00050505050505050505050505050505050CE
:1082B00050505050505050505050505050505050BE
:1082C00050505050505050505050505050505050AE
:1082D000505050505050505050505050505050509E
:1082E0009494FFFFFFFFFFFFFFFFFFFFFFFFFFFF74
:1082F000FFFFFFFFFFFFFFFFFFFFFFFFFFFFFFFF8E
:108300004B4D505250525052505250525052505267
:10831000505250525052505250525052505250524D
:10832000505250525052505250525052505250523D
:10833000505250525052505250525052505250522D
:108340005052505250525052505250524B4DFFFFCB
:10835000FFFFFFFFFFFFFFFFE3E350525052505279
:1083600050525052505250525052505250525052FD
:1083700050525052505250525052505250525052ED
:1083800050525052505250525052505250525052DD
:1083900050525052505250525052505250525052CD
:1083A00050525052505250525052505250525052BD
:1083B00050525052505250525052505250525052AD
:1083C000505250525052505250525052505250529D
:1083D000505250525052505250525052505250528D
:1083E000505250525052505250525052505250527D
:1083F000505250525052505250525052505250526D
:10840000505250525052505250525052505250525C
:10841000505250525052505250525052505250524C
:10842000505250525052505250525052505250523C
:10843000505250525052505250525052505250522C
:10844000505250525052505250525052505250521C
:10845000505250539495FFFFFFFFFFFFFFFFFFFFB8
:10846000FFFFFFFFFFFFFFFFFFFFFFFFFFFFFFFF1C
:10847000FFFFFFFF505057565657565756575657FF
:108480005657565756575657565756575657565784
:108490005657565756575657565756575657565774
:1084A0005657565756575657565756575657565764
:1084B0005657565756575657565756575657565754
:1084C00056574747FFFFFFFFFFFFFFFFE6E6555602
:1084D000565656565656565656565656565656563C
:1084E000565656565656565656565656565656562C
:1084F000565656565656565656565656565656561C
:10850000565656565656565656565656565656560B
:1085100056565656565656565656565656565656FB
:1085200056565656565656565656565656565656EB
:1085300056565656565656565656565656565656DB
:1085400056565656565656565656565656565656CB
:1085500056565656565656565656565656565656BB
:1085600056565656565656565656565656565656AB
:10857000565656565656565656565656565656569B
:10858000565656565656565656565656565656568B
:10859000565656565656565656565656565656567B
:1085A000565656565656565656565656565656566B
:1085B000565656565656565656565656565656565B
:1085C000565656565656575757579393FFFFFFFF29
:1085D000FFFFFFFFFFFFFFFFFFFFFFFFFFFFFFFFAB
:1085E000FFFFFFFFFFFFFFFF5052565857595759E3
:1085F00057595759575957595759575957595759FB
:1086000057595759575957595759575957595759EA
:1086100057595759575957595759575957595759DA
:1086200057595759575957595759575957595759CA
:108630005759575957594749FFFFFFFFFFFFFFFFA2
:10864000E6E556585658565856585658565856589D
:1086500056585658565856585658565856585658AA
:10866000565856585658565856585658565856589A
:10867000565856585658565856585658565856588A
:10868000565856585658565856585658565856587A
:10869000565856585658565856585658565856586A
:1086A000565856585658565856585658565856585A
:1086B000565856585658565856585658565856584A
:1086C000565856585658565856585658565856583A
:1086D000565856585658565856585658565856582A
:1086E000565856585658565856585658565856581A
:1086F000565856585658565856585658565856580A
:1087000056585658565856585658565856585658F9
:1087100056585658565856585658565856585658E9
:1087200056585658565856585658565856585658D9
:10873000565856585658565856585759575993944C
:10874000FFFFFFFFFFFFFFFFFFFFFFFFFFFFFFFF39
:10875000FFFFFFFFFFFFFFFFFFFFFFFF51515B5BCD
:108760005F5F5D5C5C5B5B5C5C5C5C5B5B5B5C5B48
:108770005B5B5B5A5B5A5B5A5A5A59595A5A595958
:108780005B5A5A5A5A5B5B5B5B5B5B5B5B5B5B5B3D
:108790005B5B5C5B5C5C5D5C5C5D5C5C5D5D5D5D16
:1087A0005C5D5D5D5D5D5D5D5E5D5F5EA6A6FFFF20
:1087B000FFFFFFFFE6E65757565768646763676435
:1087C0006764676567646765676568646865686549
:1087D0006766686668666866686668666966696628
:1087E0006966696669676967696769676A676A6709
:1087F0006A6669676A6769676A686A676A686A68F1
:108800006A686A686A686A686A686A686A686A68D8
:108810006A686A686A686A686A686A686A686A68C8
:108820006A686A686A686A686A6869676A686A68BA
:108830006A686A67696869676967696669676967B5
:1088400069676967696669666866686668666966B1
:1088500068666866676567656865686568656865B0
:1088600068656864676567656765676467656765A8
:10887000676467646765676467646764676467649F
:10888000676467646764676467646765676467648F
:108890006765686467656865686568646865676575
:1088A000686568666866696669666864666568665C
:1088B0005152E7E7FFFFFFFFFFFFFFFFFFFFFFFF53
:1088C000FFFFFFFFFFFFFFFFFFFFFFFFFFFFFFFFB8
:1088D00051535B5D5F605C5E5B5E5C5E5C5D5B5DDF
:1088E0005B5D5B5D5B5D5A5D5A5C5A5C5A5C595CD2
:1088F0005A5C595B5A5C5A5C5B5D5B5D5B5D5B5DC2
:108900005B5E5B5F5B5E5B5E5C5E5C5D5D5E5C5E9A
:108910005D5F5D5E5D5F5D5F5D5E5D5F5D5F5E6077
:10892000A6A8FFFFFFFFFFFFE6E55759575A64620D
:108930006362646364636562646365636563646200
:1089400065636563666366646664666366636664DE
:1089500066636664666466646763676367646764C6
:1089600067646764666567656765676468656765AA
:10897000686668656865686668656865686668668B
:108980006866686668666866686668666866686677
:108990006866686668666866686668666865676669
:1089A0006866686568656765686567656765666464
:1089B000676567656765676566646664666466645F
:1089C0006664666466646663656365636563656261
:1089D000656365636562646365636563656264625C
:1089E0006562656364636463656264626462646251
:1089F0006462646264626463646264626462656245
:108A0000646264626563646365636563656264632D
:108A10006563656365636663666366646663646015
:108A2000656066605257E7E6FFFFFFFFFFFFFFFF4D
:108A3000FFFFFFFFFFFFFFFFFFFFFFFFFFFFFFFF46
:108A4000FFFFFFFF51515B5BDCD8CFCDCBCBC8C55F
:108A5000C4C2C2C0BDBCB9B7B4B4B1B0ADADA8A7B3
:108A6000A4A39F9E9B9A9695929299999FA0A3A446
:108A7000A8AAADAFB0B2B3B6B5B6B7BABABDBFC0AB
:108A8000C1C2C4C4C6C6CBCBCCCDCFCFD3D1D5D237
:108A9000D6D5D6D4A6A6FFFFFFFFFFFFE6E65757C1
:108AA0005254C181BC81C186C489C58BC98DCB920A
:108AB000CE95D096D399D59CD89DDBA0DFA4E0A617
:108AC000E3A9E6ACE8AEEAB1EDB2EEB5F0B6F2B8C5
:108AD000F4BAF4BBF6BEF6BEF7C0F7C1F8C4F8C5E9
:108AE000F9C6F9C8FAC9FACAFACAFACAFACBFBCC6B
:108AF000FBCCFBCCFBCDFBCDFBCDFBCDFBCDFBCD38
:108B0000FBCDFBCDFBCDFBCDFBCDFBCDFACCFACB2A
:108B1000F9CAF8C9F8C9F7C7F6C6F5C5F4C3F2C172
:108B2000F1BFEFBDEDBBECB9EAB7E9B7E6B3E4B12D
:108B3000E1ACE0AADEA7DDA7DBA5DAA3D89FD79E2C
:108B4000D59CD49AD398D196D195CF93CE94CD90ED
:108B5000CD8FCB8FCA8CC98DC88AC889C687C58678
:108B6000C585C486C485C383C383C383C484C484C6
:108B7000C585C686C789C88AC98ACB8ECD90CE9155
:108B8000D293D396D59BD79CDB9FDEA3E1A8E6AC1E
:108B9000E9B0EDB5F2BBA08C9595FFFFFFFFFFFF9D
:108BA000FFFFFFFFFFFFFFFFFFFFFFFFFFFFFFFFD5
:108BB000FFFFFFFFFFFFFFFF51535B5DD8D6CDCA1C
:108BC000CBC9C5C5C2C1C0BEBCBAB7B6B4B4B0B0DB
:108BD000ADADA7A6A3A29E9F9A9B95969293999DB1
:108BE000A0A4A4AAAAB2AFB7B2BCB6C1B6C2BAC555
:108BF000BDC7C0C9C2CAC4CCC6CDCBD1CDD1CFD4DC
:108C0000D1D5D2D5D5D7D4D6A6A8FFFFFFFFFFFF79
:108C1000E6E55759545B8127812D862F89308B31AA
:108C20008D3392349533963699379C399D3AA03BD3
:108C3000A43AA63DA93EAC40AE42B143B245B545CB
:108C4000B646B847BA48BB49BE4DBE52C056C159D8
:108C5000C45CC560C660C862C966CA68CA69CA6AB7
:108C6000CB6ACC6CCC6DCC6ECD6DCD6FCD6FCD6F36
:108C7000CD6ECD70CD70CD70CD70CD70CD6FCD6F10
:108C8000CC6ECB6DCA6CC96BC96AC767C667C56550
:108C9000C364C161BF5EBD5DBB5BB958B756B75316
:108CA000B351B14DAC4AAA46A743A740A53FA33E46
:108CB0009F3C9E3C9C3A9A39983896379536933526
:108CC000943490338F328F318C318D308A2F892EAE
:108CD000872D862D852C862C852B832B832B832A11
:108CE000842A842B852C862C892C8A2D8A2E8E2CE6
:108CF000902F9130933196329B349C359F36A33917
:108D0000A83AAC3BB03EB541BB448C619596FFFFA1
:108D1000FFFFFFFFFFFFFFFFFFFFFFFFFFFFFFFF63
:108D2000FFFFFFFFFFFFFFFFFFFFFFFF50505B5BF9
:108D3000DFDDD3D0D0CDCBC9C8C7C6C3C1C0BDBB92
:108D4000B9B9B5B4B2B1ACABA9A7A4A29F9E9A9A87
:108D500096959393999B9FA0A6A6A8AAADAFB1B3F1
:108D6000B4B6B4B7B8BABCBDBEC0C1C3C5C5C8C827
:108D7000CACACECDD1CFD4D2D4D3D3D2A6A6FFFFE8
:108D8000FFFFFFFFE6E657575254C181BD81C18600
:108D9000C489C68CCA8DCC92CF95D096D399D59DD7
:108DA000D99DDCA0DFA5E1A6E4AAE7ADE9AEEBB270
:108DB000EEB2EEB6F0B6F2B8F5BBF4BCF7BEF6BE56
:108DC000F8C0F7C1F9C5F8C6FAC6FAC9FBCAFBCBA9
:108DD000FBCBFBCAFBCCFCCDFCCDFCCDFCCEFCCE52
:108DE000FCCEFCCEFCCEFCCEFCCEFCCEFCCEFCCE33
:108DF000FCCEFCCEFBCDFBCBFACAF8C9F9CAF8C74A
:108E0000F7C7F6C6F5C4F3C2F2BFEFBDEDBBEDBACE
:108E1000EBB8EAB7E7B2E5AFE3AEE1AADFA7DEA7BA
:108E2000DCA5DBA3D89FD89FD59CD49AD398D197A3
:108E3000D296CF93CE94CD90CE90CC8FCB8DC98D42
:108E4000C88BC98AC687C586C685C586C585C484BC
:108E5000C484C383C585C585C686C786C889C98AB3
:108E6000C98BCC8ECE90CE92D393D396D59BD79DE3
:108E7000DC9FDFA3E1A9E7ADE9B0EDB5E2B3525263
:108E8000FFFFFFFFFFFFFFFFFFFFFFFFFFFFFFFFF2
:108E9000FFFFFFFFFFFFFFFFFFFFFFFFFFFFFFFFE2
:108EA00050535B5DDDD9D0CDCDCAC9C7C7C3C3C2DE
:108EB000C0BEBBBAB9B7B4B3B1B1ABABA7A7A2A39D
:108EC0009E9E9A99959693949B9EA0A5A6ACAAB2B5
:108ED000AFB8B3BDB6C1B7C3BAC5BDC8C0CAC3CDAC
:108EE000C5CDC8CECAD0CDD2CFD5D2D6D3D7D2D485
:108EF000A6A8FFFFFFFFFFFFE6E55759545B812758
:108F0000812D862F89308C318D339234953396356F
:108F100099369D399D3AA03BA53AA63CAA3DAD4065
:108F2000AE42B243B245B645B645B846BB47BC486B
:108F3000BE4CBE52C056C158C55BC660C660C96251
:108F4000CA66CB68CB69CA6ACC6ACD6BCD6DCD6E73
:108F5000CE6DCE6FCE6FCE6FCE6ECE70CE70CE7029
:108F6000CE70CE70CE6FCE6FCD6ECB6CCA6BC96B30
:108F7000CA6AC767C767C665C464C261BF5EBD5DB4
:108F8000BB5BBA58B856B753B250AF4BAE4AAA45BE
:108F9000A743A740A53FA33E9F3B9F3C9C3A9A38DE
:108FA00098389737963593349434903390318F3086
:108FB0008D318D308B2F8A2D872C862D852B862CFD
:108FC000852B842B842B83298529852B862C862C25
:108FD000892B8A2D8B2E8E2C902F923093319632A6
:108FE0009B349D359F36A339A93AAD3BB03EB54180
:108FF000B3505254FFFFFFFFFFFFFFFFFFFFFFFFD4
:10900000FFFFFFFFFFFFFFFFFFFFFFFFFFFFFFFF70
:10901000FFFFFFFF53535B5BE3E2D7D4D4D0D0CD47
:10902000CBC9C8C6C4C3C1C0BDBBB9B7B5B4B1B064
:10903000ADADA8A7A4A29F9E9A9A969593939A9A4B
:109040009FA0A5A6A8AAADAFB1B3B4B6B5B7B8B93D
:10905000BCBCBFC0C1C3C5C5C7C7CBCBCECDD1D0AB
:10906000D4D1D1D0A6A6FFFFFFFFFFFFE6E65757FA
:109070005254C181BD81C186C489C68CCA8DCC922F
:10908000CF95D096D399D59DD99DDCA0DFA5E1A63B
:10909000E4AAE7ADE9AEEBB2EEB2EEB6F0B6F2B8E6
:1090A000F5BBF4BCF7BEF6BEF8C0F7C1F9C5F8C60B
:1090B000FAC6FAC9FBCAFBCBFBCBFBCAFBCCFCCD87
:1090C000FCCDFCCDFCCEFCCEFCCEFCCEFCCEFCCE52
:1090D000FCCEFCCEFCCEFCCEFCCEFCCEFBCDFBCB46
:1090E000FACAF8C9F9CAF8C7F7C7F6C6F5C4F3C291
:1090F000F2BFEFBDEDBBEDBAEBB8EAB6E7B2E5AF54
:10910000E3AEE1AADFA7DEA7DCA5DBA3D89FD89F4B
:10911000D59CD49AD398D197D296CF93CE94CD9014
:10912000CE90CC8FCB8DC98DC88BC98AC687C5869A
:10913000C685C586C585C484C484C383C585C585E5
:10914000C686C786C889C98AC98BCC8ECE90CE9276
:10915000D393D396D59BD79DDC9FDFA3E1A9E7AD41
:10916000E9B0FFC13738FFFFFFFFFFFFFFFFFFFF41
:10917000FFFFFFFFFFFFFFFFFFFFFFFFFFFFFFFFFF
:10918000FFFFFFFFFFFFFFFF53555B5DE2DCD4D124
:10919000D0CDCDCAC9C7C6C4C3C0C0BEBBBBB7B79C
:1091A000B4B4B0B0ADADA7A7A2A39E9E9A9A95966F
:1091B00093949A9EA0A4A6ACAAB1AFB8B3BDB6C111
:1091C000B7C3B9C6BCC8C0CAC3CCC5CDC7CECBD146
:1091D000CDD2D0D4D1D5D0D3A6A8FFFFFFFFFFFFBB
:1091E000E6E55759545B8127812D862F89308C31D4
:1091F0008D3392349533963599369D399D3AA03BFF
:10920000A53AA63CAA3DAD40AE42B243B245B645F2
:10921000B645B846BB47BC48BE4CBE52C056C15806
:10922000C55BC660C660C962CA66CB68CB69CA6ADC
:10923000CC6ACD6BCD6DCD6ECE6DCE6FCE6FCE6F59
:10924000CE6ECE70CE70CE70CE70CE70CE6FCE6F32
:10925000CD6ECB6CCA6BC96BCA6AC767C767C66578
:10926000C464C261BF5EBD5DBB5BBA58B855B6533E
:10927000B250AF4BAE4AAA45A743A740A53FA33E75
:109280009F3B9F3C9C3A9A38983897379635933451
:109290009434903390318F308D318D308B2F8A2DD7
:1092A000872C862D852B862C852B842B842B83293C
:1092B0008529852B862C862C892B8A2D8B2E8E2C0E
:1092C000902F9230933196329B349D359F36A3393F
:1092D000A93AAD3BB03EC13D383EFFFFFFFFFFFF67
:1092E000FFFFFFFFFFFFFFFFFFFFFFFFFFFFFFFF8E
:1092F000FFFFFFFFFFFFFFFFFFFFFFFF53535B5B1E
:10930000E7E3DAD7D6D4D3D0CFCDCBC9C9C6C5C34E
:10931000C1BFBDBBB9B8B5B3B1B0ACABA7A6A3A232
:109320009E9D9A9A969493939A9AA1A2A5A7A9AA68
:10933000ADB0B1B3B3B6B4B8B9BABCBDBFC0C1C3A8
:10934000C5C5C8C8CBCBCECED1D0CFCEA6A6FFFF49
:10935000FFFFFFFFE6E657575254C181BD81C1862A
:10936000C489C68CCA8DCC92CF95D096D399D59D01
:10937000D99DDCA0DFA5E1A6E4AAE7ADE9AEEBB29A
:10938000EEB2EEB6F0B6F2B8F5BBF4BCF7BEF6BE80
:10939000F8C0F7C1F9C5F8C6FAC6FAC9FBCAFBCBD3
:1093A000FBCBFBCAFBCCFCCDFCCDFCCDFCCEFCCE7C
:1093B000FCCEFCCEFCCEFCCEFCCEFCCEFCCEFCCE5D
:1093C000FCCEFCCEFBCDFBCBFACAF8C9F9CAF8C774
:1093D000F7C7F6C6F5C4F3C2F2BFF0BDEDBCEBB8FB
:1093E000EBB8EAB6E7B2E5AFE3AEE1AADFA7DEA7E6
:1093F000DCA5DBA3D89FD89FD59CD49AD398D197CE
:10940000D296CF93CE94CD90CE90CC8FCB8DC98D6C
:10941000C88BC98AC687C586C685C586C585C484E6
:10942000C484C383C585C585C686C786C889C98ADD
:10943000C98BCC8ECE90CE92D393D396D59BD79D0D
:10944000DC9FDFA3E1A9E7ADFEBD3339FFFFFFFFDE
:10945000FFFFFFFFFFFFFFFFFFFFFFFFFFFFFFFF1C
:10946000FFFFFFFFFFFFFFFFFFFFFFFFFFFFFFFF0C
:1094700053555B5DE3DED7D3D4D0D0CDCDCAC9C7B9
:10948000C6C3C3C1BFBDBBBAB8B7B3B4B0B0ABAB52
:10949000A6A6A2A29D9E9A9A949593959A9FA2A6FB
:1094A000A7ADAAB2B0B9B3BEB6C1B8C3BAC6BDC83B
:1094B000C0CAC3CBC5CDC8CECBD1CED3D0D4CED2EB
:1094C000A6A8FFFFFFFFFFFFE6E55759545B812782
:1094D000812D862F89308C318D339234953396359A
:1094E00099369D399D3AA03BA53AA63CAA3DAD4090
:1094F000AE42B243B245B645B645B846BB47BC4896
:10950000BE4CBE52C056C158C55BC660C660C9627B
:10951000CA66CB68CB69CA6ACC6ACD6BCD6DCD6E9D
:10952000CE6DCE6FCE6FCE6FCE6ECE70CE70CE7053
:10953000CE70CE70CE6FCE6FCD6ECB6CCA6BC96B5A
:10954000CA6AC767C767C665C464C261BF5EBD5DDE
:10955000BC5AB858B856B653B250AF4BAE4AAA45EB
:10956000A743A740A53FA33E9F3B9F3C9C3A9A3808
:1095700098389737963593349434903390318F30B0
:109580008D318D308B2F8A2D872C862D852B862C27
:10959000852B842B842B83298529852B862C862C4F
:1095A000892B8A2D8B2E8E2C902F923093319632D0
:1095B0009B349D359F36A339A93AAD3BBD3639471B
:1095C000FFFFFFFFFFFFFFFFFFFFFFFFFFFFFFFFAB
:1095D000FFFFFFFFFFFFFFFFFFFFFFFFFFFFFFFF9B
:1095E000FFFFFFFF53535B5BE9E7DDDAD9D7D6D442
:1095F000D3CFCFCCCAC8C8C6C5C4C0BFBDBBB8B71F
:10960000B5B5B0AEABAAA7A6A3A29F9E9999959413
:1096100094949B9CA1A1A5A7A9ABADB0B2B4B3B6DD
:10962000B5B7B9BABCBDBFC1C2C3C5C6C9C9CCCC28
:10963000CFCDCDCCA6A6FFFFFFFFFFFFE6E6575735
:109640005254C181BD81C186C489C68CCA8DCC9259
:10965000CF95D096D399D59DD99DDCA0DFA5E1A665
:10966000E4AAE7ADE9AEEBB2EEB2EEB6F0B6F2B810
:10967000F5BBF4BCF7BEF6BEF8C0F7C1F9C5F8C635
:10968000FAC6FAC9FBCAFBCBFBCBFBCAFBCCFCCDB1
:10969000FCCDFCCDFCCEFCCEFCCEFCCEFCCEFCCE7C
:1096A000FCCEFCCEFCCEFCCEFCCEFCCEFBCDFBCB70
:1096B000FACAF8C9F9CAF8C7F7C7F6C6F5C4F3C2BB
:1096C000F0C0F0BEEDBCEBB8EBB8EAB6E7B2E5AF80
:1096D000E3AEE1AADFA7DEA7DCA5DBA3D89FD89F76
:1096E000D59CD49AD398D197D296CF93CE94CD903F
:1096F000CE90CC8FCB8DC98DC88BC98AC687C586C5
:10970000C685C586C585C484C484C383C585C5850F
:10971000C686C786C889C98AC98BCC8ECE90CE92A0
:10972000D393D396D59BD79DDC9FDFA3E1A9EEB061
:109730003D45FFFFFFFFFFFFFFFFFFFFFFFFFFFFB5
:10974000FFFFFFFFFFFFFFFFFFFFFFFFFFFFFFFF29
:10975000FFFFFFFFFFFFFFFF53555B5DE7E2DAD638
:10976000D7D4D4D0CFCCCCC9C8C6C6C4C4C0BFBE61
:10977000BBBAB7B6B5B3AEAEAAAAA6A6A2A29E9E23
:10978000999A949594969C9FA1A6A7ADABB2B0B9B7
:10979000B4BEB6C2B7C4BAC6BDC8C1CBC3CDC6CEAF
:1097A000C9CECCD2CDD2CCD1A6A9FFFFFFFFFFFFFF
:1097B000E6E55759545B8127812D862F89308C31FE
:1097C0008D3392349533963599369D399D3AA03B29
:1097D000A53AA63CAA3DAD40AE42B243B245B6451D
:1097E000B645B846BB47BC48BE4CBE52C056C15831
:1097F000C55BC660C660C962CA66CB68CB69CA6A07
:10980000CC6ACD6BCD6DCD6ECE6DCE6FCE6FCE6F83
:10981000CE6ECE70CE70CE70CE70CE70CE6FCE6F5C
:10982000CD6ECB6CCA6BC96BCA6AC767C767C665A2
:10983000C464C261C05FBE5DBC5BB858B856B65365
:10984000B250AF4BAE4AAA45A743A740A53FA33E9F
:109850009F3B9F3C9C3A9A3898389737963593347B
:109860009434903390318F308D318D308B2F8A2D01
:10987000872C862D852B862C852B842B842B832966
:109880008529852B862C862C892B8A2D8B2E8E2C38
:10989000902F9230933196329B349D359F36A33969
:1098A000A93AB0374558FFFFFFFFFFFFFFFFFFFF5B
:1098B000FFFFFFFFFFFFFFFFFFFFFFFFFFFFFFFFB8
:1098C000FFFFFFFFFFFFFFFFFFFFFFFF52525A5A4C
:1098D000ECE8DFDEDDDAD9D7D6D3D3D0CFCCCBC915
:1098E000C7C5C5C3C1C0BCBBB9B8B4B3AFAEACABE0
:1098F000A7A6A3A19E9D9A99949395959B9BA1A39E
:10990000A6A6A9ABAEB0B2B4B4B7B5B8B9BABCBD2F
:10991000C0C1C2C3C6C6C9C9CCCCCACAA6A6FFFFAD
:10992000FFFFFFFFE4E457575053C181BC81C1865C
:10993000C489C58BCA8DCB92CE95D096D399D59C30
:10994000D89DDCA0DFA4E0A6E3A9E6ADE8AEEAB2CC
:10995000EDB2EEB5F0B6F2B8F4BAF4BBF6BEF6BEB0
:10996000F7C0F7C1F8C5F8C5F9C6F9C8FAC9FACA07
:10997000FACAFACAFACBFBCCFBCCFBCCFBCDFBCDB5
:10998000FBCDFBCDFBCDFBCDFBCDFBCDFBCDFBCD97
:10999000FBCDFBCDFACCFACBF9CAF8C9F8C9F7C7A9
:1099A000F6C6F5C6F3C2F2C2F1BFEFBDEDBBEBB830
:1099B000EAB7E9B5E6B2E4AFE2ADE0AADEA7DEA71A
:1099C000DBA5DAA3D89FD79ED59CD49AD398D196FD
:1099D000D195CF93CE94CD90CD8FCB8FCA8CC98D9E
:1099E000C88AC889C687C586C585C486C485C38418
:1099F000C384C383C484C484C585C786C889C98A0F
:109A0000C98BCC8ECE90CE92D393D396D59BD79D37
:109A1000DC9FDFA3E3A9575AEEEEFFFFFFFFFFFF36
:109A2000FFFFFFFFFFFFFFFFFFFFFFFFFFFFFFFF46
:109A3000FFFFFFFFFFFFFFFFFFFFFFFFFFFFFFFF36
:109A400052545A5CE8E4DED8DAD6D7D3D3D0D0CD9E
:109A5000CCC9C9C7C5C3C3C0C0BDBBB9B8B6B3B212
:109A6000AEAEABABA6A6A1A29D9E999993949596F6
:109A70009BA0A3A7A6ACABB4B0B8B4BEB7C2B8C4E1
:109A8000BAC6BDC8C1CAC3CCC6CEC9CFCCD2CACF54
:109A9000A6A9FFFFFFFFFFFFE4E45759535A8127B0
:109AA000812D862F89308B318D33923495339636C4
:109AB00099379C399D3AA03BA43AA63DA93EAD40BA
:109AC000AE42B243B245B545B646B847BA48BB48C0
:109AD000BE4DBE52C056C159C55CC560C660C862A5
:109AE000C966CA68CA69CA6ACB6ACC6BCC6DCC6ECF
:109AF000CD6DCD6FCD6FCD6FCD6ECD70CD70CD7086
:109B0000CD70CD70CD6FCD6FCC6ECB6CCA6BC96B89
:109B1000C96AC767C667C665C262C261BF5FBD5D0D
:109B2000BB5BB858B756B553B250AF4BAD4AAA4617
:109B3000A743A740A53FA33E9F3C9E3C9C3A9A3931
:109B40009838963795369335943490338F328F31D9
:109B50008C318D308A2F892E872D862D852C862C51
:109B6000852B842B842B832A842A842B852C862C7A
:109B7000892B8A2D8B2E8E2C902F923093319632FA
:109B80009B349D359F36A339A9385A61EEEFFFFF0C
:109B9000FFFFFFFFFFFFFFFFFFFFFFFFFFFFFFFFD5
:109BA000FFFFFFFFFFFFFFFFFFFFFFFFFFFFFFFFC5
:109BB000FFFFFFFFF7F75F5F9A9A95949493939155
:109BC0009190908F8E8D8C8B8B89898887878686E4
:109BD000A5A4B8B7B4B3AFAEABAAA7A5A3A29E9DE8
:109BE0009C9B71717373767679797A7A7B7C7D7FB1
:109BF0007F80808181828383848586868787888829
:109C000089898989A6A6FFFFFFFFFFFFFFFFA6A6A0
:109C100054557C697A687A6A7C6A7C6B7C6C7D6D51
:109C20007E6E7F6F806F81718272837284738473A2
:109C3000867586768776877788788879897989792D
:109C40008A7A8A7A8B7B8B7B8B7C8B7D8C7E8C7EDD
:109C50008C7E8C7E8B7F8B7F8B7F8B7F8B7F8D7FB2
:109C60008D7F8D7F8D7F8D7F8D7F8D7F8D7F8D7F94
:109C70008D7F8D7F8D7F8D7F8D7F8D7F8B7F8B7F88
:109C80008B7F8C7F8C7F8C7E8B7E8A7E8A7D897C8D
:109C9000897C8A7B897B887A8779877986788677B9
:109CA00085768576847584748373827282718172FD
:109CB00081708170806F806F7F6F7F6F7E6F7E6E2F
:109CC0007E6D7D6D7D6C7D6C7E6B7E6B7D6B7D6A4C
:109CD0007D6A7C697C697C697C697C697C697C695A
:109CE0007D6AD28DC889C98AC98BCC8ECE90CE921E
:109CF000D393D396D59BD79DDC9FDEA38F7DA0A069
:109D0000FFFFFFFFFFFFFFFFFFFFFFFFFFFFFFFF63
:109D1000FFFFFFFFFFFFFFFFFFFFFFFFFFFFFFFF53
:109D2000FFFFFFFFFFFFFFFFF7F75F619A99949333
:109D30009392919190908F8E8D8C8B8B898988894D
:109D400087888686A4A5B7B6B3B2AEAEAAAAA5A5E3
:109D5000A2A29D9E9B9C717273757679797B7A7FA6
:109D60007C817F858086818882898389858A868BAC
:109D7000878C888D898D898DA6A9FFFFFFFFFFFF46
:109D8000FFFFA6A75558694E68506A516A536B5237
:109D90006C536D556E556F556F557156725672579F
:109DA0007358735875597659765A775B785A795C37
:109DB000795C795B7A5D7A5C7B5E7B5F7C607D61E0
:109DC0007E617E637E637E647F647F647F657F6582
:109DD0007F667F657F667F677F677F667F667F665A
:109DE0007F667F667F667F667F667F667F667F664B
:109DF0007F677F657F667F667F657E647E657E6345
:109E00007D647C637C627B627B617A60795F795F71
:109E1000785D775D765C765B755A745973587258C5
:109E200071577257705670566F566F556F556F5504
:109E30006F546E546D536D536C536C536B526B5126
:109E40006B516A516A506950695069506950695044
:109E5000695069506A528D29892B8A2D8B2E8E2C40
:109E6000902F9230933196329B349D359F36A33993
:109E70007D5AA0A1FFFFFFFFFFFFFFFFFFFFFFFFD6
:109E8000FFFFFFFFFFFFFFFFFFFFFFFFFFFFFFFFE2
:109E9000FFFFFFFFFFFFFFFFFFFFFFFFFFFFFFFFD2
:109EA000FFFFFFFFFFFFFFFFFFFFFFFFFFFFFFFFC2
:109EB000FFFFFFFF49495A5A9392BCBAB8B7B4B3EF
:109EC000AFAEAAA9A6A5A2A1A4A25252FFFFFFFF6E
:109ED000FFFFFFFFFFFFFFFFFFFFFFFFFFFFFFFF92
:109EE000FFFFFFFFFFFFFFFFFFFFFFFFFFFFFFFF82
:109EF000FFFFFFFFFFFFFFFFFFFFFFFFFFFFFFFF72
:109F0000FFFFFFFFFFFFFFFFFFFFFFFFFFFFFFFF61
:109F1000FFFFFFFFFFFFFFFFFFFFFFFFFFFFFFFF51
:109F2000FFFFFFFFFFFFFFFFFFFFFFFFFFFFFFFF41
:109F3000FFFFFFFFFFFFFFFFFFFFFFFFFFFFFFFF31
:109F4000FFFFFFFFFFFFFFFFFFFFFFFFFFFFFFFF21
:109F5000FFFFFFFFFFFFFFFFFFFFFFFFFFFFFFFF11
:109F6000FFFFFFFFFFFFFFFFFFFFFFFFFFFFFFFF01
:109F7000FFFFFFFFFFFFFFFFFFFFFFFFFFFFFFFFF1
:109F8000FFFFFFFFFFFFFFFFFFFFFFFFFFFFFFFFE1
:109F9000FFFFFFFFFFFFFFFFFFFFFFFFFFFFFFFFD1
:109FA000FFFFFFFFFFFFFFFFFFFFFFFFFFFFFFFFC1
:109FB000FFFFFFFFFFFFFFFFFFFFFFFFFFFFFFFFB1
:109FC000FFFFFFFFFFFFFFFFC1C14A51D08BC98ACE
:109FD000C98BCC8ECE90CE92D393D396D59BD79D62
:109FE000DC9FC99C6060FFFFFFFFFFFFFFFFFFFFDB
:109FF000FFFFFFFFFFFFFFFFFFFFFFFFFFFFFFFF71
:10A00000FFFFFFFFFFFFFFFFFFFFFFFFFFFFFFFF60
:10A01000FFFFFFFFFFFFFFFFFFFFFFFFFFFFFFFF50
:10A02000FFFFFFFFFFFFFFFF494B5A5C9293BABA55
:10A03000B7B6B3B2AEAEA9A9A5A6A1A2A2A3525427
:10A04000FFFFFFFFFFFFFFFFFFFFFFFFFFFFFFFF20
:10A05000FFFFFFFFFFFFFFFFFFFFFFFFFFFFFFFF10
:10A06000FFFFFFFFFFFFFFFFFFFFFFFFFFFFFFFF00
:10A07000FFFFFFFFFFFFFFFFFFFFFFFFFFFFFFFFF0
:10A08000FFFFFFFFFFFFFFFFFFFFFFFFFFFFFFFFE0
:10A09000FFFFFFFFFFFFFFFFFFFFFFFFFFFFFFFFD0
:10A0A000FFFFFFFFFFFFFFFFFFFFFFFFFFFFFFFFC0
:10A0B000FFFFFFFFFFFFFFFFFFFFFFFFFFFFFFFFB0
:10A0C000FFFFFFFFFFFFFFFFFFFFFFFFFFFFFFFFA0
:10A0D000FFFFFFFFFFFFFFFFFFFFFFFFFFFFFFFF90
:10A0E000FFFFFFFFFFFFFFFFFFFFFFFFFFFFFFFF80
:10A0F000FFFFFFFFFFFFFFFFFFFFFFFFFFFFFFFF70
:10A10000FFFFFFFFFFFFFFFFFFFFFFFFFFFFFFFF5F
:10A11000FFFFFFFFFFFFFFFFFFFFFFFFFFFFFFFF4F
:10A12000FFFFFFFFFFFFFFFFFFFFFFFFFFFFFFFF3F
:10A13000FFFFFFFFFFFFFFFFFFFFFFFFC1C1515EFA
:10A140008B248A2D8B2E8E2C902F92309331963229
:10A150009B349D359F369C486062FFFFFFFFFFFFE9
:10A16000FFFFFFFFFFFFFFFFFFFFFFFFFFFFFFFFFF
:10A17000FFFFFFFFFFFFFFFFFFFFFFFFFFFFFFFFEF
:10A18000FFFFFFFFFFFFFFFFFFFFFFFFFFFFFFFFDF
:10A19000FFFFFFFFFFFFFFFFFFFFFFFF48485A5A87
:10A1A0009495BFBFBBBBB7B6B3B2AFAEAAA9A6A5C5
:10A1B000A8A75353FFFFFFFFFFFFFFFFFFFFFFFFB6
:10A1C000FFFFFFFFFFFFFFFFFFFFFFFFFFFFFFFF9F
:10A1D000FFFFFFFFFFFFFFFFFFFFFFFFFFFFFFFF8F
:10A1E000FFFFFFFFFFFFFFFFFFFFFFFFFFFFFFFF7F
:10A1F000FFFFFFFFFFFFFFFFFFFFFFFFFFFFFFFF6F
:10A20000FFFFFFFFFFFFFFFFFFFFFFFFFFFFFFFF5E
:10A21000FFFFFFFFFFFFFFFFFFFFFFFFFFFFFFFF4E
:10A22000FFFFFFFFFFFFFFFFFFFFFFFFFFFFFFFF3E
:10A23000FFFFFFFFFFFFFFFFFFFFFFFFFFFFFFFF2E
:10A24000FFFFFFFFFFFFFFFFFFFFFFFFFFFFFFFF1E
:10A25000FFFFFFFFFFFFFFFFFFFFFFFFFFFFFFFF0E
:10A26000FFFFFFFFFFFFFFFFFFFFFFFFFFFFFFFFFE
:10A27000FFFFFFFFFFFFFFFFFFFFFFFFFFFFFFFFEE
:10A28000FFFFFFFFFFFFFFFFFFFFFFFFFFFFFFFFDE
:10A29000FFFFFFFFFFFFFFFFFFFFFFFFFFFFFFFFCE
:10A2A000FFFFFFFFFFFFFFFFFFFFFFFFFFFFFFFFBE
:10A2B000FFFF66665A5ACA8AC98BCC8ECE90CE9260
:10A2C000D393D396D59BD79DE9A83E3FFFFFFFFFD1
:10A2D000FFFFFFFFFFFFFFFFFFFFFFFFFFFFFFFF8E
:10A2E000FFFFFFFFFFFFFFFFFFFFFFFFFFFFFFFF7E
:10A2F000FFFFFFFFFFFFFFFFFFFFFFFFFFFFFFFF6E
:10A30000FFFFFFFFFFFFFFFFFFFFFFFFFFFFFFFF5D
:10A31000484A5A5C9594BFBCBBB9B6B5B2B1AEAEB3
:10A32000A9A9A5A6A7A75355FFFFFFFFFFFFFFFFA2
:10A33000FFFFFFFFFFFFFFFFFFFFFFFFFFFFFFFF2D
:10A34000FFFFFFFFFFFFFFFFFFFFFFFFFFFFFFFF1D
:10A35000FFFFFFFFFFFFFFFFFFFFFFFFFFFFFFFF0D
:10A36000FFFFFFFFFFFFFFFFFFFFFFFFFFFFFFFFFD
:10A37000FFFFFFFFFFFFFFFFFFFFFFFFFFFFFFFFED
:10A38000FFFFFFFFFFFFFFFFFFFFFFFFFFFFFFFFDD
:10A39000FFFFFFFFFFFFFFFFFFFFFFFFFFFFFFFFCD
:10A3A000FFFFFFFFFFFFFFFFFFFFFFFFFFFFFFFFBD
:10A3B000FFFFFFFFFFFFFFFFFFFFFFFFFFFFFFFFAD
:10A3C000FFFFFFFFFFFFFFFFFFFFFFFFFFFFFFFF9D
:10A3D000FFFFFFFFFFFFFFFFFFFFFFFFFFFFFFFF8D
:10A3E000FFFFFFFFFFFFFFFFFFFFFFFFFFFFFFFF7D
:10A3F000FFFFFFFFFFFFFFFFFFFFFFFFFFFFFFFF6D
:10A40000FFFFFFFFFFFFFFFFFFFFFFFFFFFFFFFF5C
:10A41000FFFFFFFFFFFFFFFFFFFFFFFFFFFFFFFF4C
:10A42000FFFFFFFFFFFF66695A5C8A2C8B2E8E2C84
:10A43000902F9230933196329B349D35A8353F430F
:10A44000FFFFFFFFFFFFFFFFFFFFFFFFFFFFFFFF1C
:10A45000FFFFFFFFFFFFFFFFFFFFFFFFFFFFFFFF0C
:10A46000FFFFFFFFFFFFFFFFFFFFFFFFFFFFFFFFFC
:10A47000FFFFFFFFFFFFFFFFFFFFFFFFFFFFFFFFEC
:10A48000FFFFFFFF48485A5A9795C3C1BFBEBBBAEA
:10A49000B7B6B3B2AFADABAAACAC6262FFFFFFFF21
:10A4A000FFFFFFFFFFFFFFFFFFFFFFFFFFFFFFFFBC
:10A4B000FFFFFFFFFFFFFFFFFFFFFFFFFFFFFFFFAC
:10A4C000FFFFFFFFFFFFFFFFFFFFFFFFFFFFFFFF9C
:10A4D000FFFFFFFFFFFFFFFFFFFFFFFFFFFFFFFF8C
:10A4E000FFFFFFFFFFFFFFFFFFFFFFFFFFFFFFFF7C
:10A4F000FFFFFFFFFFFFFFFFFFFFFFFFFFFFFFFF6C
:10A50000FFFFFFFFFFFFFFFFFFFFFFFFFFFFFFFF5B
:10A51000FFFFFFFFFFFFFFFFFFFFFFFFFFFFFFFF4B
:10A52000FFFFFFFFFFFFFFFFFFFFFFFFFFFFFFFF3B
:10A53000FFFFFFFFFFFFFFFFFFFFFFFFFFFFFFFF2B
:10A54000FFFFFFFFFFFFFFFFFFFFFFFFFFFFFFFF1B
:10A55000FFFFFFFFFFFFFFFFFFFFFFFFFFFFFFFF0B
:10A56000FFFFFFFFFFFFFFFFFFFFFFFFFFFFFFFFFB
:10A57000FFFFFFFFFFFFFFFFFFFFFFFFFFFFFFFFEB
:10A58000FFFFFFFFFFFFFFFFFFFFFFFFFFFFFFFFDB
:10A59000FFFFFFFFFFFFFFFFFFFFFFFF4141977A34
:10A5A000C98ACC8ECE90CE92D393D396D59BE9A474
:10A5B000383DFFFFFFFFFFFFFFFFFFFFFFFFFFFF34
:10A5C000FFFFFFFFFFFFFFFFFFFFFFFFFFFFFFFF9B
:10A5D000FFFFFFFFFFFFFFFFFFFFFFFFFFFFFFFF8B
:10A5E000FFFFFFFFFFFFFFFFFFFFFFFFFFFFFFFF7B
:10A5F000FFFFFFFFFFFFFFFF484A5A5C9598C1BF6E
:10A60000BEBCBAB9B6B5B2B2ADADAAAAACAC6264C2
:10A61000FFFFFFFFFFFFFFFFFFFFFFFFFFFFFFFF4A
:10A62000FFFFFFFFFFFFFFFFFFFFFFFFFFFFFFFF3A
:10A63000FFFFFFFFFFFFFFFFFFFFFFFFFFFFFFFF2A
:10A64000FFFFFFFFFFFFFFFFFFFFFFFFFFFFFFFF1A
:10A65000FFFFFFFFFFFFFFFFFFFFFFFFFFFFFFFF0A
:10A66000FFFFFFFFFFFFFFFFFFFFFFFFFFFFFFFFFA
:10A67000FFFFFFFFFFFFFFFFFFFFFFFFFFFFFFFFEA
:10A68000FFFFFFFFFFFFFFFFFFFFFFFFFFFFFFFFDA
:10A69000FFFFFFFFFFFFFFFFFFFFFFFFFFFFFFFFCA
:10A6A000FFFFFFFFFFFFFFFFFFFFFFFFFFFFFFFFBA
:10A6B000FFFFFFFFFFFFFFFFFFFFFFFFFFFFFFFFAA
:10A6C000FFFFFFFFFFFFFFFFFFFFFFFFFFFFFFFF9A
:10A6D000FFFFFFFFFFFFFFFFFFFFFFFFFFFFFFFF8A
:10A6E000FFFFFFFFFFFFFFFFFFFFFFFFFFFFFFFF7A
:10A6F000FFFFFFFFFFFFFFFFFFFFFFFFFFFFFFFF6A
:10A70000FFFFFFFFFFFFFFFFFFFFFFFFFFFFFFFF59
:10A7100041437A4D8A2E8E2C902F9230933196326F
:10A720009B34A42E3D48FFFFFFFFFFFFFFFFFFFF0D
:10A73000FFFFFFFFFFFFFFFFFFFFFFFFFFFFFFFF29
:10A74000FFFFFFFFFFFFFFFFFFFFFFFFFFFFFFFF19
:10A75000FFFFFFFFFFFFFFFFFFFFFFFFFFFFFFFF09
:10A76000FFFFFFFFFFFFFFFFFFFFFFFF48485A5AB1
:10A770009897C5C3C3C1BFBEBBB9B8B6B3B2AEAE7E
:10A78000B0AF6262FFFFFFFFFFFFFFFFFFFFFFFFB2
:10A79000FFFFFFFFFFFFFFFFFFFFFFFFFFFFFFFFC9
:10A7A000FFFFFFFFFFFFFFFFFFFFFFFFFFFFFFFFB9
:10A7B000FFFFFFFFFFFFFFFFFFFFFFFFFFFFFFFFA9
:10A7C000FFFFFFFFFFFFFFFFFFFFFFFFFFFFFFFF99
:10A7D000FFFFFFFFFFFFFFFFFFFFFFFFFFFFFFFF89
:10A7E000FFFFFFFFFFFFFFFFFFFFFFFFFFFFFFFF79
:10A7F000FFFFFFFFFFFFFFFFFFFFFFFFFFFFFFFF69
:10A80000FFFFFFFFFFFFFFFFFFFFFFFFFFFFFFFF58
:10A81000FFFFFFFFFFFFFFFFFFFFFFFFFFFFFFFF48
:10A82000FFFFFFFFFFFFFFFFFFFFFFFFFFFFFFFF38
:10A83000FFFFFFFFFFFFFFFFFFFFFFFFFFFFFFFF28
:10A84000FFFFFFFFFFFFFFFFFFFFFFFFFFFFFFFF18
:10A85000FFFFFFFFFFFFFFFFFFFFFFFFFFFFFFFF08
:10A86000FFFFFFFFFFFFFFFFFFFFFFFFFFFFFFFFF8
:10A87000FFFFFFFFFFFFFFFFFFFFFFFFFFFFFFFFE8
:10A88000FFFFFFFFFFFF4B4DD091CC8ECE90CE92BD
:10A89000D393D396DD9E3C47FFFFFFFFFFFFFFFFF3
:10A8A000FFFFFFFFFFFFFFFFFFFFFFFFFFFFFFFFB8
:10A8B000FFFFFFFFFFFFFFFFFFFFFFFFFFFFFFFFA8
:10A8C000FFFFFFFFFFFFFFFFFFFFFFFFFFFFFFFF98
:10A8D000FFFFFFFFFFFFFFFFFFFFFFFFFFFFFFFF88
:10A8E000484A5A5C9799C3C3C1BFBEBCB9B8B6B594
:10A8F000B2B1AEAEAFAF6264FFFFFFFFFFFFFFFF7D
:10A90000FFFFFFFFFFFFFFFFFFFFFFFFFFFFFFFF57
:10A91000FFFFFFFFFFFFFFFFFFFFFFFFFFFFFFFF47
:10A92000FFFFFFFFFFFFFFFFFFFFFFFFFFFFFFFF37
:10A93000FFFFFFFFFFFFFFFFFFFFFFFFFFFFFFFF27
:10A94000FFFFFFFFFFFFFFFFFFFFFFFFFFFFFFFF17
:10A95000FFFFFFFFFFFFFFFFFFFFFFFFFFFFFFFF07
:10A96000FFFFFFFFFFFFFFFFFFFFFFFFFFFFFFFFF7
:10A97000FFFFFFFFFFFFFFFFFFFFFFFFFFFFFFFFE7
:10A98000FFFFFFFFFFFFFFFFFFFFFFFFFFFFFFFFD7
:10A99000FFFFFFFFFFFFFFFFFFFFFFFFFFFFFFFFC7
:10A9A000FFFFFFFFFFFFFFFFFFFFFFFFFFFFFFFFB7
:10A9B000FFFFFFFFFFFFFFFFFFFFFFFFFFFFFFFFA7
:10A9C000FFFFFFFFFFFFFFFFFFFFFFFFFFFFFFFF97
:10A9D000FFFFFFFFFFFFFFFFFFFFFFFFFFFFFFFF87
:10A9E000FFFFFFFFFFFFFFFFFFFFFFFFFFFFFFFF77
:10A9F000FFFFFFFFFFFFFFFFFFFF4D5091328E2C47
:10AA0000902F9230933196329E2F475AFFFFFFFFCF
:10AA1000FFFFFFFFFFFFFFFFFFFFFFFFFFFFFFFF46
:10AA2000FFFFFFFFFFFFFFFFFFFFFFFFFFFFFFFF36
:10AA3000FFFFFFFFFFFFFFFFFFFFFFFFFFFFFFFF26
:10AA4000FFFFFFFFFFFFFFFFFFFFFFFFFFFFFFFF16
:10AA5000FFFFFFFF48485A5A9C9CCAC7C6C3C2C0E2
:10AA6000BFBDBBB9B7B5B3B1B5B46161FFFFFFFFFF
:10AA7000FFFFFFFFFFFFFFFFFFFFFFFFFFFFFFFFE6
:10AA8000FFFFFFFFFFFFFFFFFFFFFFFFFFFFFFFFD6
:10AA9000FFFFFFFFFFFFFFFFFFFFFFFFFFFFFFFFC6
:10AAA000FFFFFFFFFFFFFFFFFFFFFFFFFFFFFFFFB6
:10AAB000FFFFFFFFFFFFFFFFFFFFFFFFFFFFFFFFA6
:10AAC000FFFFFFFFFFFFFFFFFFFFFFFFFFFFFFFF96
:10AAD000FFFFFFFFFFFFFFFFFFFFFFFFFFFFFFFF86
:10AAE000FFFFFFFFFFFFFFFFFFFFFFFFFFFFFFFF76
:10AAF000FFFFFFFFFFFFFFFFFFFFFFFFFFFFFFFF66
:10AB0000FFFFFFFFFFFFFFFFFFFFFFFFFFFFFFFF55
:10AB1000FFFFFFFFFFFFFFFFFFFFFFFFFFFFFFFF45
:10AB2000FFFFFFFFFFFFFFFFFFFFFFFFFFFFFFFF35
:10AB3000FFFFFFFFFFFFFFFFFFFFFFFFFFFFFFFF25
:10AB4000FFFFFFFFFFFFFFFFFFFFFFFFFFFFFFFF15
:10AB5000FFFFFFFFFFFFFFFFFFFFFFFFF3F3FFFF1D
:10AB6000FFFFFFFFFFFFFFFFFFFFFFFFFFFFEDED19
:10AB70004B50DA93CE90CE92D393D5975559F0F0AF
:10AB8000FFFFFFFFFFFFFFFFFFFFFFFFFFFFFFFFD5
:10AB9000FFFFFFFFFFFFFFFFFFFFFFFFFFFFFFFFC5
:10ABA000FFFFFFFFFFFFFFFFFFFFFFFFFFFFFFFFB5
:10ABB000FFFFFFFFFFFFFFFFFFFFFFFFFFFFFFFFA5
:10ABC000FFFFFFFFFFFFFFFF484A5A5C9C9DC7C580
:10ABD000C3C3C0BFBDBBB9B9B5B5B1B1B4B361648E
:10ABE000FFFFFFFFFFFFFFFFFFFFFFFFFFFFFFFF75
:10ABF000FFFFFFFFFFFFFFFFFFFFFFFFFFFFFFFF65
:10AC0000FFFFFFFFFFFFFFFFFFFFFFFFFFFFFFFF54
:10AC1000FFFFFFFFFFFFFFFFFFFFFFFFFFFFFFFF44
:10AC2000FFFFFFFFFFFFFFFFFFFFFFFFFFFFFFFF34
:10AC3000FFFFFFFFFFFFFFFFFFFFFFFFFFFFFFFF24
:10AC4000FFFFFFFFFFFFFFFFFFFFFFFFFFFFFFFF14
:10AC5000FFFFFFFFFFFFFFFFFFFFFFFFFFFFFFFF04
:10AC6000FFFFFFFFFFFFFFFFFFFFFFFFFFFFFFFFF4
:10AC7000FFFFFFFFFFFFFFFFFFFFFFFFFFFFFFFFE4
:10AC8000FFFFFFFFFFFFFFFFFFFFFFFFFFFFFFFFD4
:10AC9000FFFFFFFFFFFFFFFFFFFFFFFFFFFFFFFFC4
:10ACA000FFFFFFFFFFFFFFFFFFFFFFFFFFFFFFFFB4
:10ACB000FFFFFFFFFFFFFFFFFFFFFFFFFFFFFFFFA4
:10ACC000FFFFFFFFFFFFFFFFFFFFFFFFFFFFFFFF94
:10ACD000F3F4FFFFFFFFFFFFFFFFFFFFFFFFFFFF9B
:10ACE000FFFFEDED505B9326902F9230933197301C
:10ACF0005963F0EFFFFFFFFFFFFFFFFFFFFFFFFFC5
:10AD0000FFFFFFFFFFFFFFFFFFFFFFFFFFFFFFFF53
:10AD1000FFFFFFFFFFFFFFFFFFFFFFFFFFFFFFFF43
:10AD2000FFFFFFFFFFFFFFFFFFFFFFFFFFFFFFFF33
:10AD3000FFFFFFFFFFFFFFFFFFFFFFFF48485A5ADB
:10AD4000AAA9CCCACAC7C6C4C2C0BEBCBBB9B7B523
:10AD5000BAB96161FFFFFFFFFFFFFFFFFFFF414146
:10AD60004545454545454545454545454545454593
:10AD70004040FFFFFFFF3F3F4545454545454545B1
:10AD80004545454545454545454545454545454573
:10AD90004545454545454545454545457070FFFF99
:10ADA000FFFFFFFFFFFFFFFFFFFFFFFFC8C841419D
:10ADB000FFFFFFFFFFFFFFFFFFFFFFFFFFFFFFFFA3
:10ADC000FFFFFFFFFFFFFFFF7E7EFFFFFFFFFFFF95
:10ADD000FFFFFFFFFFFFFFFFFFFFFFFFFFFFA4A439
:10ADE0005656565656565656565656565656565603
:10ADF00056566464FFFFFFFFADAD56565656565685
:10AE00005656565656565656565656566363FFFF76
:10AE1000FFFFAAAA565656565656565656565656D8
:10AE20005656565656565A5AFFFFBDBD565656569A
:10AE300056565656565656565656565656565656B2
:10AE4000FFFFFFFFC5C59B9BFFFFFFFFFFFFFFFF4E
:10AE5000FFFFFFFFFFFFFFFF8B8B4B52D091CE9286
:10AE6000D3938473AAAAFFFFFFFFFFFFFFFFFFFF3B
:10AE7000FFFFFFFFFFFF45453C3CFFFFFFFFFFFFDC
:10AE8000FFFFFFFFFFFFFFFFFFFFFFFFFFFFFFFFD2
:10AE9000FFFFFFFFFFFFFFFFFFFFFFFFFFFFFFFFC2
:10AEA000FFFFFFFFFFFFFFFFFFFFFFFFFFFFFFFFB2
:10AEB000484A5A5CA9A9CAC8C7C5C4C2C0BFBCBB5E
:10AEC000B9B9B5B5B9B86163FFFFFFFFFFFFFFFF79
:10AED000FFFF4143454745474547454745474547A8
:10AEE000454745474042FFFFFFFF3F414547454734
:10AEF00045474547454745474547454745474547F2
:10AF000045474547454745474547454745474548E0
:10AF10007073FFFFFFFFFFFFFFFFFFFFFFFFFFFF5C
:10AF2000C8C94144FFFFFFFFFFFFFFFFFFFFFFFF17
:10AF3000FFFFFFFFFFFFFFFFFFFFFFFF7E80FFFF21
:10AF4000FFFFFFFFFFFFFFFFFFFFFFFFFFFFFFFF11
:10AF5000FFFFA4A556585658565856585658565896
:10AF60005658565856586465FFFFFFFFADAF565808
:10AF70005658565856585658565856585658565861
:10AF80006365FFFFFFFFAAAB5658565856585658F0
:10AF9000565856585658565856585A5CFFFFBDBD1D
:10AFA0005658565856585658565856585658565831
:10AFB00056585659FFFFFFFFC5C59B9CFFFFFFFF7B
:10AFC000FFFFFFFFFFFFFFFFFFFFFFFF8B8B525EC7
:10AFD000912C923093317359AAABFFFFFFFFFFFF13
:10AFE000FFFFFFFFFFFFFFFFFFFF45473C3EFFFF67
:10AFF000FFFFFFFFFFFFFFFFFFFFFFFFFFFFFFFF61
:10B00000FFFFFFFFFFFFFFFFFFFFFFFFFFFFFFFF50
:10B01000FFFFFFFFFFFFFFFFFFFFFFFFFFFFFFFF40
:10B02000FFFFFFFF48485A5AACABD1CECCCAC9C6C5
:10B03000C5C3C2C0BEBCBAB8BEBD6161FFFFFFFFE1
:10B04000FFFFFFFFFFFF51515757585858585858A6
:10B05000585858585858585858584848FFFF4E4E56
:10B060005757585858585858585858585858585862
:10B070005858585858585858585858585858585850
:10B080005858585858587070FFFFFFFFFFFFFFFFD8
:10B09000FFFFFFFF535358586F6FFFFFFFFFFFFF86
:10B0A000FFFFFFFFFFFFFFFFFFFFFFFFFFFFFFFFB0
:10B0B00055558585FFFFFFFFFFFFFFFFFFFFFFFFE8
:10B0C000FFFFFFFFFFFF969658585858585858589A
:10B0D0005858585858585858585858585B5BFFFF9C
:10B0E000ADAD575858585858585858585858585837
:10B0F0005858585858585A5AFFFFACAC58585858D6
:10B1000058585858585858585858585858585858BF
:10B110005252C4C4575858585858585858585858E4
:10B1200058585858585858584C4CFFFFC5C558588F
:10B13000C1C1FFFFFFFFFFFFFFFFFFFFFFFFFFFF9B
:10B14000FFFF4646796CCE91BA8C6464FFFFFFFF27
:10B15000FFFFFFFFFFFFFFFFFFFFFFFF8282585847
:10B1600057579A9AFFFFFFFFFFFFFFFFFFFFFFFF09
:10B17000FFFFFFFFFFFFFFFFFFFFFFFFFFFFFFFFDF
:10B18000FFFFFFFFFFFFFFFFFFFFFFFFFFFFFFFFCF
:10B19000FFFFFFFFFFFFFFFF484A5A5CABAACECB81
:10B1A000CAC8C6C5C3C2C0BFBCBBB8B8BDBC61635A
:10B1B000FFFFFFFFFFFFFFFFFFFF51535759585A93
:10B1C000585A585A585A585A585A585A585A484A0F
:10B1D000FFFF4E505759585A585A585A585A585AA9
:10B1E000585A585A585A585A585A585A585A585ACF
:10B1F000585A585A585A585A585A7072FFFFFFFFF7
:10B20000FFFFFFFFFFFFFFFF5356585A6F71FFFF0D
:10B21000FFFFFFFFFFFFFFFFFFFFFFFFFFFFFFFF3E
:10B22000FFFFFFFF55578586FFFFFFFFFFFFFFFF73
:10B23000FFFFFFFFFFFFFFFFFFFF9698585A585A86
:10B24000585A585A585A585A585A585A585A585A6E
:10B250005B5DFFFFADB0585A585A585A585A585A61
:10B26000585A585A585A585A585A5A5BFFFFACAD58
:10B27000585A585A585A585A585A585A585A585A3E
:10B28000585A585A5254C4C5585A585A585A585A63
:10B29000585A585A585A585A585A585A4C4EFFFFEA
:10B2A000C5C5585AC1C2FFFFFFFFFFFFFFFFFFFFE9
:10B2B000FFFFFFFFFFFF46476C5891308C436466E9
:10B2C000FFFFFFFFFFFFFFFFFFFFFFFFFFFFFFFF8E
:10B2D0008283585A57599A9BFFFFFFFFFFFFFFFFDA
:10B2E000FFFFFFFFFFFFFFFFFFFFFFFFFFFFFFFF6E
:10B2F000FFFFFFFFFFFFFFFFFFFFFFFFFFFFFFFF5E
:10B30000FFFFFFFFFFFFFFFFFFFFFFFF48485A5A05
:10B31000ADADD4D1D0CECCCAC8C7C5C4C2C0BEBCE6
:10B32000C2C16161FFFFFFFFFFFFFFFFFFFF515140
:10B330005A5B6262616363636364636465656567E6
:10B3400065666565C6C64F4F5A5B66676767676720
:10B35000676767676868676868686869686969696E
:10B360006969696968696868696969696A6A49498E
:10B37000FFFFFFFFFFFFFFFFFFFFFFFF505057578B
:10B380004949FFFFFFFFFFFFFFFFFFFFFFFFFFFF39
:10B39000FFFFFFFFC286A349A349A349A349A349CD
:10B3A000A349A349AC5AF2E5FFFFFFFFFFFF9898BE
:10B3B000585757577C7B7B7A7A797A79797879797B
:10B3C000797879785050FFFFADAD5858555567677B
:10B3D0006666666666656565646465656565505044
:10B3E000FFFFACAC5858575763636262616261619A
:10B3F00062626363636464645152CFCF5858555599
:10B400006969686968696969696A6969696A6A6AAA
:10B410005757FFFFC5C558585454FFFFFFFFFFFFA4
:10B42000FFFFFFFFFFFFFFFFFFFFFFFF4242C19152
:10B430004142FFFFFFFFFFFFFFFFFFFFFFFFFFFF97
:10B44000FFFFE1E1585858585D5D9F9FFFFFFFFFE8
:10B45000FFFFFFFFFFFFFFFFFFFFFFFFFFFFFFFFFC
:10B46000FFFFFFFFFFFFFFFFFFFFFFFFFFFFFFFFEC
:10B47000FFFFFFFFFFFFFFFFFFFFFFFFFFFFFFFFDC
:10B48000484A5A5CADADD1CECECACAC8C7C5C4C23F
:10B49000C0BFBCBBC1BF6163FFFFFFFFFFFFFFFF7A
:10B4A000FFFF51535B5D6265636563666467646754
:10B4B0006567676866696569C6C64F515B5D676A9F
:10B4C000676A676A676B676A686B686A686B696BEB
:10B4D000696B696B696B696B696B686B696B696BCD
:10B4E0006A6C494BFFFFFFFFFFFFFFFFFFFFFFFFFE
:10B4F00050525759494BFFFFFFFFFFFFFFFFFFFF70
:10B50000FFFFFFFFFFFFFFFF86C249A449A449A434
:10B5100049A449A449A449A45AADE5F2FFFFFFFF9D
:10B52000FFFF9899575957597B7B7A7A797A7979BD
:10B5300078797979787878775052FFFFADB0585A9A
:10B5400055576769666966686567656764686567B2
:10B5500065675052FFFFACAD585A57596365626535
:10B560006263616362656366646664675254CFD0E8
:10B57000585A5557696C696C696C696C6A6C696D6D
:10B580006A6D6A6D5759FFFFC5C5585A5456FFFF7B
:10B59000FFFFFFFFFFFFFFFFFFFFFFFFFFFFFFFFBB
:10B5A000424591434246FFFFFFFFFFFFFFFFFFFFC2
:10B5B000FFFFFFFFFFFFE1E0585A585A5D5F9FA071
:10B5C000FFFFFFFFFFFFFFFFFFFFFFFFFFFFFFFF8B
:10B5D000FFFFFFFFFFFFFFFFFFFFFFFFFFFFFFFF7B
:10B5E000FFFFFFFFFFFFFFFFFFFFFFFFFFFFFFFF6B
:10B5F000FFFFFFFF48485A5AAFAFD7D4D3D0D0CDC2
:10B60000CBCAC8C6C6C3C2BFC7C56262FFFFFFFFC1
:10B61000FFFFFFFFFFFF5151595A989794949A9B4F
:10B62000A1A1A4A6A9ABADAFB1B3AAADC6C64F4FF9
:10B630005A5BBCBCC2C3C5C6C8C8CBCBCECDD0D06C
:10B64000D3D1D5D2D8D6DBD9DCDAE0DDE2DFE3E056
:10B65000E6E4E7E4ECE94949FFFFFFFFFFFFFFFFF6
:10B66000FFFFB1B1585857578F90E2E2FFFFFFFF3D
:10B67000FFFFFFFFFFFFFFFFAC5AA349A349A34908
:10B68000A349A349A349A349A349A349A349A3495A
:10B69000B46BFFFFFFFF989858575B5BEDE9EAE555
:10B6A000E9E5E6E3E7E2E2E0DFDEE0DD595AFFFF4D
:10B6B000ADAD58585050D0CDCBC8C8C5C5C3C1BF1B
:10B6C000BDBBBBB7B7B65D5CFFFFACAC58585252C0
:10B6D000A3A39C9B9897949294939B9B9F9FA3A5B5
:10B6E0005D5ECFCF58585050B6B8B4B7B7BABABDF0
:10B6F000BDBEC1C2C2C3C5C65F60FFFFC5C5585845
:10B7000056553E3EFFFFFFFFFFFFFFFFFFFFFFFF1E
:10B71000FFFFFFFFFFFF2F2FFFFFFFFFFFFFFFFFD9
:10B72000FFFFFFFFFFFFFFFFFFFF5353585858581D
:10B730006E6F9F9FFFFFFFFFFFFFFFFFFFFFFFFFFA
:10B74000FFFFFFFFFFFFFFFFFFFFFFFFFFFFFFFF09
:10B75000FFFFFFFFFFFFFFFFFFFFFFFFFFFFFFFFF9
:10B76000FFFFFFFFFFFFFFFF484A5A5CAFAED4D197
:10B77000D0CECDCBCAC8C6C5C3C1BFBFC5C3626426
:10B78000FFFFFFFFFFFFFFFFFFFF51535A5C97973B
:10B7900094959B9DA1A5A6ACABB2AFB9B3BEADB716
:10B7A000C6C64F515B5DBCC6C3CCC6CEC8CECBD2DD
:10B7B000CDD2D0D4D1D6D2D7D6D7D9DBDADDDDDC25
:10B7C000DFE0E0E1E4E2E4E3E9E6494BFFFFFFFF0D
:10B7D000FFFFFFFFFFFFB1B1585A57599091E2E3C5
:10B7E000FFFFFFFFFFFFFFFFFFFFFFFF5AAD49A471
:10B7F00049A449A449A449A449A449A449A449A4E1
:10B8000049A449A46BB5FFFFFFFF989957595B5EA8
:10B81000E9E4E5E0E5E0E3DEE2DCE0DADED9DDD82C
:10B820005A5BFFFFADB0585A5053CDCBC8C5C5C306
:10B83000C3C0BFBEBBBAB7B8B6B55C5FFFFFACADA7
:10B84000585A5254A3A29B9C9799929393959B9C70
:10B850009FA4A5AB5E5FCFD0585A5051B8C4B7C3B0
:10B86000BAC5BDC6BEC9C2CAC3CDC6CE6061FFFFE0
:10B87000C5C5585A55573E40FFFFFFFFFFFFFFFF6A
:10B88000FFFFFFFFFFFFFFFFFFFF2F31FFFFFFFF66
:10B89000FFFFFFFFFFFFFFFFFFFFFFFFFFFF53550E
:10B8A000585A585A6F6F9FA0FFFFFFFFFFFFFFFF1F
:10B8B000FFFFFFFFFFFFFFFFFFFFFFFFFFFFFFFF98
:10B8C000FFFFFFFFFFFFFFFFFFFFFFFFFFFFFFFF88
:10B8D000FFFFFFFFFFFFFFFFFFFFFFFF48485A5A30
:10B8E000B0B1DAD7D7D5D4D1CFCDCCCAC8C7C6C4AA
:10B8F000CCCA6262FFFFFFFFFFFFFFFFFFFF515156
:10B90000595A9E9D959493939A9BA0A1A5A7AAABE3
:10B91000ADB0A8AAC6C64F4F5A5BB9B9C0C1C2C321
:10B92000C5C6C8C8CBCBCECDD1D0D3D1D5D4D8D72E
:10B93000DBD8DDDBDFDEE2DFE3E0E6E2EAE7494930
:10B94000FFFFFFFFFFFFFFFFFFFF4B4B58584D4D21
:10B95000FFFF5959FFFFFFFFFFFFFFFFFFFFA34955
:10B96000A349A349A349A349A349A349A349A34977
:10B97000A349A349A349A349A349AC5AFFFF9898F7
:10B9800058575B5BF0ECEDE7EBE6E9E6E6E3E7E171
:10B99000E3DFE1DF5A59FFFFADAD58585050D4D125
:10B9A000CDCACBC8C7C5C4C3C1C0BEBCBBB9535345
:10B9B000FFFFACAC58585153A7A6A09F9D9C9898E8
:10B9C000949495959B9B9FA15D5ECFCF5858515005
:10B9D000B4B7B3B5B5B7B8B9BABCBEBFC1C1C2C4BC
:10B9E0005F5FFFFFC5C558584E4EE4E24040FFFF81
:10B9F000FFFFFFFFFFFFFFFFFFFFFFFFFFFFFFFF57
:10BA0000FFFFFFFFFFFFFFFFFFFFFFFFFFFFFFFF46
:10BA10004242585857584141FFFFA0A0FFFFFFFF87
:10BA2000FFFFFFFFFFFFFFFFFFFFFFFFFFFFFFFF26
:10BA3000FFFFFFFFFFFFFFFFFFFFFFFFFFFFFFFF16
:10BA4000FFFFFFFFFFFFFFFFFFFFFFFFFFFFFFFF06
:10BA5000484A5A5CB1B0D7D4D5D1D1CECDCACAC824
:10BA6000C7C6C4C1CAC86264FFFFFFFFFFFFFFFF74
:10BA7000FFFF51535A5C9D9D949593959B9FA1A563
:10BA8000A7ACABB2B0B9AAB4C6C64F515B5DB9C4DE
:10BA9000C1CAC3CDC6CEC8CFCBD1CDD2D0D4D1D5DB
:10BAA000D4D7D7D9D8DCDBDCDEDDDFE0E0DFE2E1D4
:10BAB000E7E5494BFFFFFFFFFFFFFFFFFFFF4B4E97
:10BAC000585A4D4FFFFF595AFFFFFFFFFFFFFFFF7F
:10BAD000FFFF49A449A449A449A449A449A449A4ED
:10BAE00049A449A449A449A449A449A449A45AADD4
:10BAF000FFFF989957595B5EECE6E7E3E6E1E6E085
:10BB0000E3DEE1DDDFDBDFDA595BFFFFADB0585A82
:10BB10005053D1CECAC8C8C5C5C3C3C0C0BEBCBBC4
:10BB2000B9B95355FFFFACAD585A5355A6A69F9FC0
:10BB30009C9C9899949595969B9EA1A45E60CFD06D
:10BB4000585A5052B7C1B5C1B7C3B9C5BCC5BFCAB1
:10BB5000C1CAC4CD5F62FFFFC5C5585A4E50E2E668
:10BB60004042FFFFFFFFFFFFFFFFFFFFFFFFFFFF61
:10BB7000FFFFFFFFFFFFFFFFFFFFFFFFFFFFFFFFD5
:10BB8000FFFFFFFF4245585A585A4144FFFFA0A10A
:10BB9000FFFFFFFFFFFFFFFFFFFFFFFFFFFFFFFFB5
:10BBA000FFFFFFFFFFFFFFFFFFFFFFFFFFFFFFFFA5
:10BBB000FFFFFFFFFFFFFFFFFFFFFFFFFFFFFFFF95
:10BBC000FFFFFFFF4848595AB3B2DEDBDAD8D6D5BB
:10BBD000D3D0CFCDCBC9C7C7D0CD6262FFFFFFFFA7
:10BBE000FFFFFFFFFFFF51515959A2A19999959469
:10BBF00095969A9CA1A1A6A8A9ACA4A7C6C64F4F8A
:10BC00005A5BB5B7BDBEC1C1C2C3C5C5C8C8CBCBE1
:10BC1000CFCDD1D0D3D2D5D4D8D6DBD8DDDBE0DEC2
:10BC2000E2DFE5E2E9E64949FFFFFFFFFFFFFFFF33
:10BC3000FFFF535358576060F5F25152FFFFFFFF6B
:10BC4000FFFFFFFFC68EA349A349A349A349A752FB
:10BC5000864E744FD9B3BA77A349A349A349A349E0
:10BC6000A349A349CFA0989858575B5BF0ECEDEA45
:10BC7000ECE7EBE7E9E6E6E3E6E2E3DF5A5BFFFF4A
:10BC8000ADAD58585150D6D3D0CECDCBCBC7C7C50C
:10BC9000C4C2C1BFBEBB5453FFFFACAC58585352D3
:10BCA000ABAAA3A29F9E9C9A9898929395949C9BD2
:10BCB0005C5DCFCF58585151B1B4B1B4B4B6B4B73C
:10BCC000B8BBBBBCBEBFC2C25F61FFFFC5C5585891
:10BCD0004F4FD6D5B9B96F70FFFFFFFFFFFFFFFFD2
:10BCE000FFFFFFFFFFFFFFFFFFFFFFFFFFFFFFFF64
:10BCF000FFFFFFFFFFFF3F3F585857574848FFFFE0
:10BD0000FFFDA0A0FFFFFFFFFFFFFFFFFFFFFFFF03
:10BD1000FFFFFFFFFFFFFFFFFFFFFFFFFFFFFFFF33
:10BD2000FFFFFFFFFFFFFFFFFFFFFFFFFFFFFFFF23
:10BD3000FFFFFFFFFFFFFFFF484A5A5CB2B1DBD7AE
:10BD4000D8D4D5D1D0CDCDCAC9C7C7C4CDCB6264F4
:10BD5000FFFFFFFFFFFFFFFFFFFF5153595BA1A153
:10BD6000999A949596969C9EA1A7A8AEACB3A7AFBE
:10BD7000C6C64F515B5DB7C2BEC8C1CBC3CCC5CE32
:10BD8000C8CFCBD1CDD2D0D4D2D6D4D9D6D8D8DB87
:10BD9000DBDDDEDEDFE0E2E0E6E4494DFFFFFFFF52
:10BDA000FFFFFFFFFFFF535557596063F2EC5254FA
:10BDB000FFFFFFFFFFFFFFFF8EC649A449A449A470
:10BDC00049A452A84E864F75B3D377B849A449A465
:10BDD00049A449A449A449A4A0CF989957595B5EA6
:10BDE000ECE6EAE4E7E2E7E2E6E0E3DEE2DEDFDC1F
:10BDF0005B5BFFFFADB0585A5052D3D0CECACBC90F
:10BE0000C7C6C5C3C2C0BFBEBBBA5355FFFFACADAA
:10BE1000585A5255AAAAA2A39E9F9A9C9898939466
:10BE200094969B9E5D5FCFD0585A5152B4BDB4BE1C
:10BE3000B6C1B7C3BBC6BCC6BFC9C2CB6162FFFF38
:10BE4000C5C5585A4F50D5DAB9BD7071FFFFFFFF15
:10BE5000FFFFFFFFFFFFFFFFFFFFFFFFFFFFFFFFF2
:10BE6000FFFFFFFFFFFFFFFFFFFF3F42585A5759F9
:10BE7000484CFFFBFDF8A0A1FFFFFFFFFFFFFFFF06
:10BE8000FFFFFFFFFFFFFFFFFFFFFFFFFFFFFFFFC2
:10BE9000FFFFFFFFFFFFFFFFFFFFFFFFFFFFFFFFB2
:10BEA000FFFFFFFFFFFFFFFFFFFFFFFF484858585E
:10BEB000B5B2DFDDDDDADAD8D6D4D3D0D0CCCBC979
:10BEC000D3D16262FFFFFFFFFFFFFFFFFFFF525270
:10BED000595AA6A49E9D9899949395959C9CA2A32B
:10BEE000A6A8A3A3C6C64F4F5A5BB2B5B9BABDBD8B
:10BEF000C0C0C3C4C6C5C8C8CCCCCECDD2D0D3D1A7
:10BF0000D5D4D8D7DCDADEDCE0DDE2E1E7E449498C
:10BF1000FFFFFFFFFFFFFFFF959558585656D7D5F7
:10BF2000F2EFD5D3D4D4FFFFFFFFFFFFC68EA349A6
:10BF3000A349BD7CFFFFFFFF54545454FEFBF4F0B3
:10BF4000F3EFAB62A349A349A349A349A349989836
:10BF500058575B5BF2EEEEEAECE9EBE7EBE6EAE57D
:10BF6000E6E3E6E25A5AFFFFADAD58585150D8D734
:10BF7000D3D0D0CDCCCAC9C7C7C5C4C2C1BF535422
:10BF8000FFFFACAC58585252AEADA7A6A3A1A09FDC
:10BF90009C9B9797939395955C5BCDCD5858515149
:10BFA000AFB0AEAFB2B3B4B6B5B8B8BBBABDBFC030
:10BFB0006061FFFFC5C55858504FD2D2D0D07676B9
:10BFC000C1C1FFFFFFFFFFFFFFFFFFFFFFFFFFFFFD
:10BFD000FFFFFFFFFFFFFFFFFFFFFFFF76765858D1
:10BFE00058575454FCF6F1EDFFFDA0A0FFFFFFFFF2
:10BFF000FFFFFFFFFFFFFFFFFFFFFFFFFFFFFFFF51
:10C00000FFFFFFFFFFFFFFFFFFFFFFFFFFFFFFFF40
:10C01000FFFFFFFFFFFFFFFFFFFFFFFFFFFFFFFF30
:10C02000484A585AB2B1DDD8DAD6D8D4D4D0D0CD17
:10C03000CCC9C9C7D1CD6264FFFFFFFFFFFFFFFF7F
:10C04000FFFF52545A5CA4A69D9E9999939495978C
:10C050009CA0A3A7A8AEA3AAC6C64F515B5DB5C05E
:10C06000BAC6BDC9C0CBC4CDC5CEC8CFCCD2CDD247
:10C07000D0D4D1D6D4D9D7D9DADCDCDEDDDCE1E02E
:10C08000E4E3494BFFFFFFFFFFFFFFFF9597585A7F
:10C090005658D5D2EFE8D3CFD4D4FFFFFFFFFFFF30
:10C0A0008EC649A449A47CBEFFFFFFFF54565456D8
:10C0B000FBF4F0EAEFE962AB49A449A449A449A41E
:10C0C00049A4989957595B5EEEE8EAE5E9E3E7E2AF
:10C0D000E6E1E5E0E3DEE2DF5A5CFFFFADB0585A8F
:10C0E0005052D7D2D0CDCDCACAC8C7C4C5C2C2C0AB
:10C0F000BFBE5455FFFFACAD585A5254ADACA6A5C7
:10C10000A1A29F9E9B9C9798939495975B5FCDCFA0
:10C11000585A5153B0B8AFBAB3BEB6C2B8C4BBC612
:10C12000BDC7C0CA6162FFFFC5C5585A4F51D2D7BB
:10C13000D0D57678C1C2FFFFFFFFFFFFFFFFFFFFF3
:10C14000FFFFFFFFFFFFFFFFFFFFFFFFFFFFFFFFFF
:10C150007677585A57595456F6F1EDE9FDF6A0A1F5
:10C16000FFFFFFFFFFFFFFFFFFFFFFFFFFFFFFFFDF
:10C17000FFFFFFFFFFFFFFFFFFFFFFFFFFFFFFFFCF
:10C18000FFFFFFFFFFFFFFFFFFFFFFFFFFFFFFFFBF
:10C19000FFFFFFFF4A4A5858B5B6E3E0DFDDDDDABE
:10C1A000D9D7D6D4D3D0CFCCD6D46261FFFFFFFF8E
:10C1B000FFFFFFFFFFFF5353595AAAA9A2A19D9C5D
:10C1C0009898949397979D9CA3A29FA0C6C64F4F03
:10C1D0005A5BB1B3B5B8B9BBBDBEC0C1C2C3C6C658
:10C1E000C9C9CCCCCFCFD2D0D4D1D6D5D8D7DCD931
:10C1F000DEDCE0DEE6E34949FFFFFFFFFFFFFFFF74
:10C20000494958584B4BFDF8F1EDFFFC4C4DFFFFF1
:10C21000FFFFFFFFF2E5AC5AFFFFFFFFFFFFFFFF4D
:10C2200054545454FEFBF4F0F4F0F3EFA550A3493A
:10C23000A349A349A349989858575B5BF3EEEFECE9
:10C24000EDEAECEAEBE7EBE5E8E5E6E45958FFFF59
:10C25000ABAB56564F50DBD8D5D3D3D0D0CDCCCA0C
:10C26000CAC7C7C5C4C25453FFFFACAC58585252DA
:10C27000B2AFAAA9A7A6A2A19F9E9C9B97979392B3
:10C280005A5ABCBC58585251ABACABAEAFB1B1B4BA
:10C29000B2B6B5B8B9BBBBBD6060FFFFC5C55858E5
:10C2A000504FD0D0CDCDD4D34748FFFFFFFFFFFF85
:10C2B000FFFFFFFFFFFFFFFFFFFFFFFFFFFFFFFF8E
:10C2C000FFFFD4D4585858585858B5B4EFECF2ED95
:10C2D000FFFCA0A0FFFFFFFFFFFFFFFFFFFFFFFF2F
:10C2E000FFFFFFFFFFFFFFFFFFFFFFFFFFFFFFFF5E
:10C2F000FFFFFFFFFFFFFFFFFFFFFFFFFFFFFFFF4E
:10C30000FFFFFFFFFFFFFFFF4A4C585AB6B4E0DAC9
:10C31000DDD8DAD5D7D4D4D0D0CDCCC8D4D16164CF
:10C32000FFFFFFFFFFFFFFFFFFFF53555A5CA9AA66
:10C33000A1A29C9D9899939497989CA1A2A7A0A52F
:10C34000C6C64F515B5DB3BFB8C4BBC6BEC8C1CB88
:10C35000C3CCC6CEC9D0CCD2CFD4D0D4D1D7D5D9E6
:10C36000D7D9D9DCDCDDDEDEE3E2494BFFFFFFFF9E
:10C37000FFFFFFFF494C585A4B4EF8F2EDE9FCF530
:10C380004D4FFFFFFFFFFFFFE5F25AADFFFFFFFF3D
:10C39000FFFFFFFF54565456FBF3F0EAF0EAEFE9D3
:10C3A00050A649A449A449A449A4989957595B5E49
:10C3B000EEE8ECE6EAE4EAE3E7E2E5E0E5DFE4DF25
:10C3C000585AFFFFABAC56585051D8D5D3CFD0CD2B
:10C3D000CDCACAC8C7C5C5C2C2BF5356FFFFACADA0
:10C3E000585A5254AFB0A9A9A6A5A1A39E9E9B9C42
:10C3F000979892935A5DBCBD585A5153ACB3AEB4A2
:10C40000B1BBB4BFB6C3B8C5BBC6BDC76062FFFF92
:10C41000C5C5585A4F51D0D6CDD2D3D8484AFFFFC0
:10C42000FFFFFFFFFFFFFFFFFFFFFFFFFFFFFFFF1C
:10C43000FFFFFFFFFFFFD4D5585A585A585AB4B2DD
:10C44000ECE7EDE7FCF6A0A1FFFFFFFFFFFFFFFF1A
:10C45000FFFFFFFFFFFFFFFFFFFFFFFFFFFFFFFFEC
:10C46000FFFFFFFFFFFFFFFFFFFFFFFFFFFFFFFFDC
:10C47000FFFFFFFFFFFFFFFFFFFFFFFF4A4A585884
:10C48000B5B5E5E1E1DEDEDDDDD9D9D6D5D4D3CF52
:10C49000DAD76261FFFFFFFFFFFFFFFFFFFF53538C
:10C4A000595AAFADA6A5A2A19E9D98979392989731
:10C4B0009B9E9A9AC5C54949595AAFB1B5B7B6B806
:10C4C000B9BBBDBEC0C1C3C3C7C7C9C9CDCDCFCF1E
:10C4D000D2D1D5D3D6D5D9D8DAD8DEDCE4E04949F3
:10C4E000FFFFFFFFFFFFFDFD555556566C6DF2ED4A
:10C4F000F2ECF1ED6060FFFFFFFFFFFFFFFFFFFFCA
:10C50000FFFFFFFFFFFFFFFF54545051FEFBF4F00D
:10C51000F4F0F4F0DFC5A349A349A349A3499E6BF6
:10C5200058575B5BF3EFF1ECEFECECEAECE8EAE791
:10C53000EAE5E9E65757FFFF969656564E50DFDC80
:10C54000D8D5D6D3D3D0CFCCCCCACAC7C7C45454FD
:10C55000FFFFACAC58585353B4B3AFACAAA9A6A5CF
:10C56000A3A19F9E9B9B97985959BCBC5858515268
:10C57000A8A9A8AAABAEAFB2B1B5B5B7B5B8B8BBAC
:10C580005F60FFFFC5C55858514FCDCDCBCBCECE48
:10C59000DDDC3737FFFFFFFFFFFFFFFFFFFFFFFF80
:10C5A000FFFFFFFFFFFFFFFFFFFF5353585857598F
:10C5B0006565F0ECF0ECF0EDFFFBA0A0FFFFFFFFE6
:10C5C000FFFFFFFFFFFFFFFFFFFFFFFFFFFFFFFF7B
:10C5D000FFFFFFFFFFFFFFFFFFFFFFFFFFFFFFFF6B
:10C5E000FFFFFFFFFFFFFFFFFFFFFFFFFFFFFFFF5B
:10C5F0004A4C585AB5B4E1DDDEDADDD7D9D5D6D309
:10C60000D4CFCFCCD7D46164FFFFFFFFFFFFFFFF84
:10C61000FFFF53555A5CADADA5A6A1A19D9D97986E
:10C62000929397989EA19A9FC5C6494B5A5CB1BBFD
:10C63000B7C2B8C4BBC6BEC9C1CAC3CCC7CFC9D0B4
:10C64000CDD3CFD4D1D4D3D7D5D9D8DAD8DBDCDE8B
:10C65000E0E0494BFFFFFFFFFFFFFDFC5557565839
:10C660006D6FEDE8ECE8EDEA6063FFFFFFFFFFFFB1
:10C67000FFFFFFFFFFFFFFFFFFFFFFFF5456515378
:10C68000FBF4F0EAF0EAF0EAC5D849A449A449A4C9
:10C6900049A46B9F57595B5EEFEAECE5ECE6EAE4F0
:10C6A000E8E3E7E2E5E0E6DF5758FFFF96985658E3
:10C6B0005051DCD8D5D2D3D0D0CDCCCACAC8C7C48B
:10C6C000C4C25455FFFFACAD585A5354B3B3ACACCD
:10C6D000A9A9A5A6A1A29E9E9B9B9897595DBCBDAA
:10C6E000585A5253A9AFAAB0AEB6B2BBB5BFB7C382
:10C6F000B8C5BBC76062FFFFC5C5585A4F51CDD4FE
:10C70000CBD1CED2DCE13739FFFFFFFFFFFFFFFFC8
:10C71000FFFFFFFFFFFFFFFFFFFFFFFFFFFF53557F
:10C72000585A595B6567ECE7ECE7EDE8FBF5A0A12B
:10C73000FFFFFFFFFFFFFFFFFFFFFFFFFFFFFFFF09
:10C74000FFFFFFFFFFFFFFFFFFFFFFFFFFFFFFFFF9
:10C75000FFFFFFFFFFFFFFFFFFFFFFFFFFFFFFFFE9
:10C76000FFFFFFFF4A4A5858B8B6E6E3E4E1E2DFCC
:10C77000DFDDDCD9D9D6D5D4DEDB6161FFFFFFFF79
:10C78000FFFFFFFFFFFF5353595AB3B2AAA9A6A553
:10C79000A2A29D9C9797929298989696B8B8FFFF00
:10C7A00057576A6B6A6B6C6C6E6E6A69C2C3C1C2A2
:10C7B000C3C4C6C6CACACCCCCFCFD2D0A09F7374D4
:10C7C0007473737475754747FFFFFFFFFFFF87871B
:10C7D00058585757E2DFF0ECF1EDF1ECDBD8C3C36A
:10C7E000FFFFFFFFFFFFFFFFFFFFFFFFFFFFFFFF59
:10C7F00054545051FEFBF4F0F4F0F4F0F4F0A3497B
:10C80000A349A349A3499F6758575C5CF3F0F1EC37
:10C81000F1EBEFECEDEBECE9E9E7EBE75856FFFF66
:10C8200096965656504EE0DCDBD9D9D5D4D3D2CF2C
:10C83000CFCCCACAC9C65454FFFFACAC58585353E6
:10C84000B7B7B1B0ADACAAA8A6A5A3A19E9D9B9A6F
:10C85000595ABCBC58585252A4A5A5A6A9A9ACAF18
:10C86000AEB2B2B5B4B7B6B95F5FFFFFC5C5585831
:10C87000514FCACAC9C9CCCCCECEDBD93F3FFFFF8E
:10C88000FFFFFFFFFFFFFFFFFFFFFFFFFFFFFFFFB8
:10C890004545585857574343F3F0EEEBF0ECF0ECB6
:10C8A000FEFBA0A0FFFFFFFFFFFFFFFFFFFFFFFF5B
:10C8B000FFFFFFFFFFFFFFFFFFFFFFFFFFFFFFFF88
:10C8C000FFFFFFFFFFFFFFFFFFFFFFFFFFFFFFFF78
:10C8D000FFFFFFFFFFFFFFFF4A4C585AB6B5E3DEEC
:10C8E000E1DEDFDADDD8D9D5D6D3D4CFDBD76164AA
:10C8F000FFFFFFFFFFFFFFFFFFFF53555A5CB2B280
:10C90000A9A9A5A5A2A19C9D97989293989A96995A
:10C91000B8B9FFFF57596B6E6B6F6C706E72696DB3
:10C92000C3CFC2CAC4CCC6CECAD0CCD2CFD4D0D347
:10C930009FA374757375747575774749FFFFFFFF83
:10C94000FFFF8787585A5759DFDDECE7EDE8ECE742
:10C95000D8D5C3C4FFFFFFFFFFFFFFFFFFFFFFFFAF
:10C96000FFFFFFFF54565153FBF4F0EAF0EAF0EA00
:10C97000F0EA49A449A449A449A467A057595C5DB9
:10C98000F0E9ECE8EBE5ECE6EBE4E9E3E7E2E7E22B
:10C990005659FFFF969856584E52DCD8D9D5D5D364
:10C9A000D3CECFCCCCC9CAC8C6C55457FFFFACAD97
:10C9B000585A5355B7B6B0B0ACADA8A9A5A6A1A218
:10C9C0009D9E9A9A5A5CBCBD585A5254A5A8A6ACD2
:10C9D000A9B1AFB7B2BCB5C0B7C3B9C55F63FFFFFC
:10C9E000C5C5585A4F51CAD3C9CFCCD2CED2D9DF40
:10C9F0003F42FFFFFFFFFFFFFFFFFFFFFFFFFFFFC4
:10CA0000FFFFFFFF4547585A57594346F0ECEBE705
:10CA1000ECE7ECE7FBF5A0A1FFFFFFFFFFFFFFFF47
:10CA2000FFFFFFFFFFFFFFFFFFFFFFFFFFFFFFFF16
:10CA3000FFFFFFFFFFFFFFFFFFFFFFFFFFFFFFFF06
:10CA4000FFFFFFFFFFFFFFFFFFFFFFFF4A4A5858AE
:10CA5000B9B8E9E5E6E2E4E2E2DFDFDDDDDAD8D528
:10CA6000E2DF6161FFFFFFFFFFFFFFFFFFFF5353A7
:10CA7000595AB6B5AEADAAA9A6A5A2A19C9A9897F7
:10CA800092929190B8B8FFFFFFFFFFFFFFFFF8F809
:10CA900057575151C1C2BEBEC1C1C4C3C7C7CACA1C
:10CAA000CCCDCFCE8D8DFFFFFFFFFFFFFFFFFFFF40
:10CAB000FFFFFFFFFFFF48485858494AF6F2EEEBE8
:10CAC000EFEBF1EDFEF84646FFFFFFFFFFFFFFFF34
:10CAD000FFFFFFFFFFFFFFFF54545051FEFBF4F038
:10CAE000F4F0F4F0F4F0A349A349A349A349A26ADE
:10CAF00058575F60F4F0F1EDF1ECF1ECEFECECEA9B
:10CB0000ECE8EBE95857FFFF969656564F4FE1E099
:10CB1000DDDADBD8D9D6D4D3D3D0CFCCCBCA5554D9
:10CB2000FFFFACAC58585151BCBAB4B4B0AFAEADC5
:10CB3000AAA8A6A5A3A1A09F5555BCBC585853535D
:10CB40009F9FA1A2A5A7A8ABADAFB0B2B2B4B3B737
:10CB50005E5FFFFFC5C558585150C9C9C6C6C9C98F
:10CB6000CBCBCDCDB0B07A7AFFFFFFFFFFFFFFFF49
:10CB7000FFFFFFFFFFFF4040585857574848FDFA56
:10CB8000ECE9EDEAEDEBF0ECFEFAA0A0FFFFFFFF11
:10CB9000FFFFFFFFFFFFFFFFFFFFFFFFFFFFFFFFA5
:10CBA000FFFFFFFFFFFFFFFFFFFFFFFFFFFFFFFF95
:10CBB000FFFFFFFFFFFFFFFFFFFFFFFFFFFFFFFF85
:10CBC0004A4C585AB8B7E5E0E2DDE2DEDFDADDD8FC
:10CBD000DAD6D5D2DFDB6164FFFFFFFFFFFFFFFF87
:10CBE000FFFF53555A5CB5B6ADADA9A9A5A5A1A146
:10CBF0009A9C979892939093B8B9FFFFFFFFFFFF1D
:10CC0000FFFFF8F857595152C2CEBEC9C1CAC3CCB2
:10CC1000C7CFCACFCDD2CED38D90FFFFFFFFFFFF8E
:10CC2000FFFFFFFFFFFFFFFFFFFF484B585A4A4C33
:10CC3000F2EEEBE7EBE6EDE8F8F24649FFFFFFFF27
:10CC4000FFFFFFFFFFFFFFFFFFFFFFFF54565153A2
:10CC5000FBF4F0EAF0EAF0EAF0EA49A449A449A4B6
:10CC600049A46AA357596062F0EAEDE7ECE8ECE505
:10CC7000ECE6EAE4E8E3E9E45759FFFF96985658F2
:10CC80004F52E0DBDAD7D8D4D6D3D3CED0CDCCC96F
:10CC9000CAC85456FFFFACAD585A5155BAB9B4B2D0
:10CCA000AFB0ADADA8A9A5A5A1A29F9E5557BCBD8B
:10CCB000585A53559FA3A2A6A7ABABB2AFB6B2BC0E
:10CCC000B4BFB7C35F63FFFFC5C5585A5051C9D140
:10CCD000C6CFC9CECBD1CDD2B0B57A7BFFFFFFFF97
:10CCE000FFFFFFFFFFFFFFFFFFFF4042585A57596A
:10CCF000484BFAF7E9E6EAE6EBE7ECE7FAF4A0A13D
:10CD0000FFFFFFFFFFFFFFFFFFFFFFFFFFFFFFFF33
:10CD1000FFFFFFFFFFFFFFFFFFFFFFFFFFFFFFFF23
:10CD2000FFFFFFFFFFFFFFFFFFFFFFFFFFFFFFFF13
:10CD3000FFFFFFFF4A4A5858BAB8EAE6E9E5E6E3DA
:10CD4000E4E2E3DFDFDDDDD9E6E26161FFFFFFFF63
:10CD5000FFFFFFFFFFFF5353595ABBBAB3B2B0AD49
:10CD6000AAA9A6A6A1A09C9B97978A8DB8B8FFFFF9
:10CD7000FFFFFFFFFFFFEBEB57575151BDC0BABBA1
:10CD8000BEBFC1C1C4C4C7C7CACACCCC8C8DF7F75B
:10CD9000FFFFFFFFFFFFFFFFFFFFFFFFF0F0565613
:10CDA00057578182EAE7ECE8EDEBEFEBF1ED6767CF
:10CDB000FFFFFFFFFFFFFFFFFFFFFFFFFFFFFFFF83
:10CDC00054545051FEFBF4F0F4F0F4F0F4F0A349A5
:10CDD000A349A349A349764C57576261F3EFF3EF98
:10CDE000F0EDF1ECF1EBEFECEDEBEDEA5857FFFF76
:10CDF000969656564F4FE5E2DFDDDEDBDBD8D9D520
:10CE0000D5D4D3D0D0CD5455FFFFACAC58585252E6
:10CE1000BFBEB7B7B4B3B1B1ADABA9A9A5A4A3A226
:10CE20005353BCBC585852539A9A9C9CA1A2A6A793
:10CE3000AAABACAEB0B2B2B65F60FFFFC5C5585882
:10CE40005150C6C7C3C4C6C6C8C8CBCBCECE7272FB
:10CE5000CBCBFFFFFFFFFFFFFFFFFFFF7D7D58589C
:10CE600057585555F2EFE7E4E9E6ECE9ECE8EDEA6E
:10CE7000FDFAA0A0FFFFFFFFFFFFFFFFFFFFFFFF87
:10CE8000FFFFFFFFFFFFFFFFFFFFFFFFFFFFFFFFB2
:10CE9000FFFFFFFFFFFFFFFFFFFFFFFFFFFFFFFFA2
:10CEA000FFFFFFFFFFFFFFFF4A4C585AB8B7E6E10C
:10CEB000E5E0E3DEE2DEDFD9DDD7D9D5E2DE61648D
:10CEC000FFFFFFFFFFFFFFFFFFFF53555A5CBAB99B
:10CED000B2B2ADADA9A9A6A5A0A09B9C97988D8E36
:10CEE000B8B9FFFFFFFFFFFFFFFFEBEA57595152B1
:10CEF000C0CCBBC6BFC9C1C9C4CCC7CECAD0CCD2B6
:10CF00008D8FF7F7FFFFFFFFFFFFFFFFFFFFFFFF23
:10CF1000F0F0565957598283E7E4E8E6EBE7EBE691
:10CF2000EDE86769FFFFFFFFFFFFFFFFFFFFFFFF68
:10CF3000FFFFFFFF54565153FBF4F0EAF0EAF0EA2A
:10CF4000F0EA49A449A449A449A44C78575961641A
:10CF5000EFE9EFE9EDE7ECE8EBE5ECE6EBE4EAE43A
:10CF60005759FFFF969856584F52E2DDDDD8DBD770
:10CF7000D8D4D5D3D4CFD0CDCDC95556FFFFACAD85
:10CF8000585A5254BEBDB7B6B3B2B1B1ABACA9A8F2
:10CF9000A4A5A2A35355BCBD585A53559A9C9CA016
:10CFA000A2A6A7ADABB2AEB7B2BCB6C16062FFFF7E
:10CFB000C5C5585A5051C7CFC4CCC6CEC8D0CBD1A6
:10CFC000CED27274CBCDFFFFFFFFFFFFFFFFFFFF4D
:10CFD0007D7F585A585A5557EFEDE4E3E6E3E9E60A
:10CFE000E8E6EAE7FAF4A0A1FFFFFFFFFFFFFFFF7B
:10CFF000FFFFFFFFFFFFFFFFFFFFFFFFFFFFFFFF41
:10D00000FFFFFFFFFFFFFFFFFFFFFFFFFFFFFFFF30
:10D01000FFFFFFFFFFFFFFFFFFFFFFFF4A4A5858D8
:10D02000BAB9EBE7EBE7E7E5E6E3E4E1E2DFDFDC13
:10D03000EAE56060FFFFFFFFFFFFFFFFFFFF5353C5
:10D04000595ABFBDB7B5B2B1AEADAAA9A4A4A0A0AC
:10D050009B9A908FB6B6FFFFFFFFFFFFFFFFEBEB42
:10D0600057575151BCBEB5B9BABCBDBEC0C2C4C38E
:10D07000C7C7CACA8C8CF7F7FFFFFFFFFFFFFFFF90
:10D08000FFFFFFFF6C6C58585656E9E7E9E6EBE8FE
:10D09000ECE9EDEAEFEBE7E5ADADFFFFFFFFFFFFEA
:10D0A000FFFFFFFFFFFFFFFF54545051FEFBF4F062
:10D0B000F4F0F4F0F4F0A349A349A349A349DDCF68
:10D0C00052516261F5F1F3EFF3EFEFEDF1ECF1EBBB
:10D0D000F0ECEEEC5858FFFF969656564F4FE7E4AB
:10D0E000E2DFDFDDDEDBDAD8D8D4D5D3D4D15454B7
:10D0F000FFFFACAC58585252C2BFBCBAB8B6B5B3B9
:10D10000B0B0ADACA9A8A7A65353BCBC5858535354
:10D11000949398989C9DA1A3A6A7A9ABADAFB0B2DC
:10D120005F5FFFFFC5C558584F4FC3C4C2C2C4C5D7
:10D13000C6C6C9C9CBCBD3D24545FFFFFFFFFFFF12
:10D14000FFFFD0D0585858585858B3B3E5E1E6E33C
:10D15000E7E4E9E6EBE9ECE9FCF9A0A0FFFFFFFF5B
:10D16000FFFFFFFFFFFFFFFFFFFFFFFFFFFFFFFFCF
:10D17000FFFFFFFFFFFFFFFFFFFFFFFFFFFFFFFFBF
:10D18000FFFFFFFFFFFFFFFFFFFFFFFFFFFFFFFFAF
:10D190004A4C585AB9B7E7E2E7E2E5DFE3DEE1DE01
:10D1A000DFDADCD8E5E06062FFFFFFFFFFFFFFFF93
:10D1B000FFFF53555A5CBDBCB5B5B1B1ADADA9A922
:10D1C000A4A4A09F9A9B8F90B6B7FFFFFFFFFFFF1D
:10D1D000FFFFEBEA57595152BECAB9C4BCC6BEC81C
:10D1E000C2C9C3CBC7CECAD08C8FF7F7FFFFFFFFF2
:10D1F000FFFFFFFFFFFFFFFF6C6F585A5658E7E431
:10D20000E6E3E8E5E9E6EAE7EBE6E5E1ADAEFFFFF8
:10D21000FFFFFFFFFFFFFFFFFFFFFFFF54565153CC
:10D22000FBF4F0EAF0EAF0EAF0EA49A449A449A4E0
:10D2300049A4CFD751546164F1EBEFE9EFE9EDE791
:10D24000ECE8EBE5ECE6ECE55858FFFF969856580D
:10D250004F51E4E0DFDBDDD9DBD7D8D4D4D2D3CF54
:10D26000D1CE5456FFFFACAD585A5254BFBEBAB9D6
:10D27000B6B6B3B2B0B0ACACA8A8A6A65355BCBD68
:10D28000585A5355939498999DA0A3A8A7ADABB2B3
:10D29000AFB7B2BC5F62FFFFC5C5585A4F51C4CF8C
:10D2A000C2CAC5CCC6CEC9CFCBD1D2D74547FFFF66
:10D2B000FFFFFFFFFFFFD0D1585A585A585AB3B357
:10D2C000E1E0E3E1E4E3E6E3E9E6E9E5F9F4A0A17E
:10D2D000FFFFFFFFFFFFFFFFFFFFFFFFFFFFFFFF5E
:10D2E000FFFFFFFFFFFFFFFFFFFFFFFFFFFFFFFF4E
:10D2F000FFFFFFFFFFFFFFFFFFFFFFFFFFFFFFFF3E
:10D30000FFFFFFFF4A4A5858BABAEDEAECE7EBE7ED
:10D31000E8E5E6E3E4E1E1DEEDE97272FFFFFFFF3D
:10D32000FFFFFFFFFFFF5353595AC2C1BAB8B6B54A
:10D33000B1B1AEADA9A7A4A4A09F9392D7D7FFFF88
:10D34000FFFFFFFFFFFFEBEB57575151B9BCB4B8DC
:10D35000B7B9BBBCBFC0C2C2C4C5C7C78B8CF7F7C7
:10D36000FFFFFFFFFFFFFFFFFFFFFFFF4B4B585883
:10D370004949EBE8E7E4E8E6EBE9ECE9EDEAF9F442
:10D380003C3DFFFFFFFFFFFFFFFFFFFFFFFFFFFF32
:10D3900054545051FDF9F2F0F4F0F4F0C591A34962
:10D3A000A349A349A349F3EFE8E55C5CF5F1F4F088
:10D3B000F3EFF3EFEFEDF1ECF1EBF0EC5757FFFF8C
:10D3C000969656564F4FEAE5E4E1E2DFDFDDDEDB1D
:10D3D000DBD8D8D4D5D35555FFFFACAC58585252F2
:10D3E000C5C2BEBCBBB9B8B7B4B3B0B1ADACAAA9E5
:10D3F0005253BCBC58585353979792929A989D9EFB
:10D40000A2A3A6A7A9AAAEAF5C5DFFFFB5B5585809
:10D410004F4FC1C1BFC0C1C2C4C4C7C7C9C9CCCCAA
:10D42000DBDB3837FFFFFFFFFFFF535358585858D7
:10D43000696AE2DFE3E0E4E2E6E3E8E5E8E7EBE897
:10D44000FBF8A0A0FFFFFFFFFFFFFFFFFFFFFFFFB5
:10D45000FFFFFFFFFFFFFFFFFFFFFFFFFFFFFFFFDC
:10D46000FFFFFFFFFFFFFFFFFFFFFFFFFFFFFFFFCC
:10D47000FFFFFFFFFFFFFFFF4A4C585ABAB9EAE42B
:10D48000E7E3E7E2E5E0E3DEE1DCDEDAE9E372745C
:10D49000FFFFFFFFFFFFFFFFFFFF53555A5CC1BEB9
:10D4A000B8B7B5B4B1B1ADADA7A7A4A39F9F9294EF
:10D4B000D7D8FFFFFFFFFFFFFFFFEBEA575951539C
:10D4C000BCC8B8C3B9C5BCC6C0C9C2CBC5CCC7CE21
:10D4D0008C8EF7F7FFFFFFFFFFFFFFFFFFFFFFFF50
:10D4E0004B4D585A494BE8E7E4E2E6E2E9E5E9E565
:10D4F000EAE7F4EF3D3FFFFFFFFFFFFFFFFFFFFF06
:10D50000FFFFFFFF54565153F9F3F0EAF0EAF0EA57
:10D5100091C249A449A449A449A4EFE9E5E15C5FAB
:10D52000F1EBF0EAEFE9EFE9EDE7ECE7EBE5ECE74B
:10D530005758FFFF969856584F50E5DFE1DCDFDA89
:10D54000DDD8DBD7D8D4D4D2D3CE5557FFFFACAD7E
:10D55000585A5254C2C2BCBBB9B9B7B6B3B2B1B0D3
:10D56000ACACA9A95355BCBD585A53559798929342
:10D57000989A9EA2A3A8A7AEAAB2AFB95D5FFFFF1B
:10D58000B5B7585A4F50C1CDC0CAC2CAC4CCC7CF14
:10D59000C9CFCCD2DBE1373AFFFFFFFFFFFF535586
:10D5A000585A585A6A6BDFDFE0DFE2E1E3E1E5E277
:10D5B000E7E4E8E6F8F3A0A1FFFFFFFFFFFFFFFFAE
:10D5C000FFFFFFFFFFFFFFFFFFFFFFFFFFFFFFFF6B
:10D5D000FFFFFFFFFFFFFFFFFFFFFFFFFFFFFFFF5B
:10D5E000FFFFFFFFFFFFFFFFFFFFFFFF4A4A585803
:10D5F000BCBAEFEBEDEAEBE7EAE5E7E4E6E3E3E00C
:10D60000EDEB7171FFFFFFFFFFFFFFFFFFFF5353C4
:10D61000595AC7C5BEBCBAB8B6B5B2B1ADACA9A867
:10D62000A4A39798D6D6FFFFFFFFFFFFFFFFEBEB0A
:10D6300057575151B6B8B3B5B4B7B7BABBBCBFBFF3
:10D64000C2C2C4C38989F7F7FFFFFFFFFFFFFFFFD7
:10D65000FFFFDEDE575757579291E3E0E6E3E7E43A
:10D66000E8E6EBE8ECE8EEEA7D7DFFFFFFFFFFFF79
:10D67000FFFFFFFFFFFFFFFF54545051FDFAF3EE91
:10D68000F3F0F4F0A349A349A349A349A651F4F048
:10D69000F3EFEBE8F4F0F4F0F4F0F3EFF3EFF0ED88
:10D6A000F1ECF2EC5353FFFF969656564E4FEBE8D3
:10D6B000E7E2E4E1E1DFDFDDDDD9DAD8D8D55353A5
:10D6C000FFFF9D9D58585152C9C7C1BFBEBCBBB9D1
:10D6D000B8B6B4B3B0AFADAC5353BCBC5858535349
:10D6E0009C9B969591929B9A9D9EA3A4A7A7AAAB5B
:10D6F0005C5CFFFFB5B558584F4FBEBFBCBDC0C145
:10D70000C1C2C4C5C7C6CACACCCCD8D84141FFFF24
:10D710004444585858584545E2E0DFDEE2DFE3E094
:10D72000E5E2E6E3E8E5EAE6FAF7A7A7FFFFFFFF91
:10D73000FFFFFFFFFFFFFFFFFFFFFFFFFFFFFFFFF9
:10D74000FFFFFFFFFFFFFFFFFFFFFFFFFFFFFFFFE9
:10D75000FFFFFFFFFFFFFFFFFFFFFFFFFFFFFFFFD9
:10D760004A4C585ABAB9EBE6EAE4E7E2E5E0E4DF0E
:10D77000E3DEE0DCEBE57173FFFFFFFFFFFFFFFF80
:10D78000FFFF53555A5CC5C3BCBBB8B7B5B4B1B104
:10D79000ACACA8A7A3A39897D6D7FFFFFFFFFFFFC6
:10D7A000FFFFEBEA57595153B8C3B5C0B7C4BAC667
:10D7B000BCC7BFC9C2CBC3CB898DF7F7FFFFFFFF43
:10D7C000FFFFFFFFFFFFDEDF575957599193E0DF5F
:10D7D000E3E2E4E2E6E3E8E5E8E6EAE77D7EFFFF90
:10D7E000FFFFFFFFFFFFFFFFFFFFFFFF54565154F6
:10D7F000FAF2EEE8F0EAF0EA49A449A449A449A4FF
:10D8000051A7F0EAEFE9E8E4F0EAF0EAF0EAEFE93C
:10D81000EFE9EDE7ECE7ECE65356FFFF9698565834
:10D820004F52E8E2E2DDE1DDDFD9DDD8D9D5D8D449
:10D83000D5D25354FFFF9D9E585A5254C7C4BFBF00
:10D84000BCBBB9B9B6B6B3B2AFAFACAD5356BCBD45
:10D85000585A53559B9C959592939A9C9EA2A4A727
:10D86000A7AEABB45C5FFFFFB5B6585A4F50BFCB05
:10D87000BDC8C1CAC2CAC5CDC6CECAD0CCD2D8DEF8
:10D880004144FFFF4446585A585A4548E0E2DEDD1D
:10D89000DFE0E0DFE2E1E3E1E5E2E6E3F7F3A7A9B9
:10D8A000FFFFFFFFFFFFFFFFFFFFFFFFFFFFFFFF88
:10D8B000FFFFFFFFFFFFFFFFFFFFFFFFFFFFFFFF78
:10D8C000FFFFFFFFFFFFFFFFFFFFFFFFFFFFFFFF68
:10D8D000FFFFFFFF4A4A5858BAB9F1EAEFEAEDEA0A
:10D8E000EBE7EAE6E7E4E7E1F1ED7171FFFFFFFF47
:10D8F000FFFFFFFFFFFF5353595ACAC7C2BFBEBC49
:10D90000B9B9B5B4B1AFACABA9A79C9BD7D7FFFF52
:10D91000FFFFFFFFFFFFEBEB57575252B2B5B0B21C
:10D92000B4B5B5B7B8BABBBDBFC0C1C28889F6F639
:10D93000FFFFFFFFFFFFFFFFFFFF626258585455D4
:10D94000E5E3E1DEE4E1E5E3E7E4E8E6ECE9ECEA7F
:10D95000EFEB9F9FFFFFFFFFFFFFFFFFFFFFF6F6CD
:10D9600055555051FCF8F3EFF3EEDFC6A349A34938
:10D97000A349A349E0C6F4F0F4F0F4F0F4F0F4F0B5
:10D98000F4F0F4F0F3EFF3EFEFEDF2EE5353FFFFAB
:10D99000969656564E4FECE8E7E4E7E3E3E0E2DF25
:10D9A000DFDDDCD9DAD95253FFFF9D9D5858515124
:10D9B000CBC9C5C3C0BEBEBCBAB8B7B6B4B2B0B0AE
:10D9C0005353BCBC58585252A09F99999495939226
:10D9D0009B9A9F9FA3A4A8A95C5DFFFFB5B558586B
:10D9E0004F4FBBBDB9BCBDBEBFC0C1C3C4C4C7C718
:10D9F000CACACDCDABAB4747585857574A4BECEA4C
:10DA0000DCD9DEDCDFDEE1DFE3E0E5E2E7E3E7E40B
:10DA1000F8F4B3B2FFFFFFFFFFFFFFFFFFFFFFFFC1
:10DA2000FFFFFFFFFFFFFFFFFFFFFFFFFFFFFFFF06
:10DA3000FFFFFFFFFFFFFFFFFFFFFFFFFFFFFFFFF6
:10DA4000FFFFFFFFFFFFFFFF4A4C585AB9B8EAE457
:10DA5000EAE6EAE4E7E2E6E1E4DEE1DDEDE871735F
:10DA6000FFFFFFFFFFFFFFFFFFFF53555A5CC7C6D5
:10DA7000BFBEBCBAB9B7B4B4AFAFABABA7A79B9CA2
:10DA8000D7D8FFFFFFFFFFFFFFFFEBEA57595253C5
:10DA9000B5BEB2BDB5C1B7C3BAC5BDC7C0C9C2CB9B
:10DAA000898DF6F6FFFFFFFFFFFFFFFFFFFF6264B8
:10DAB000585A5557E3E3DEDFE1DFE3E2E4E3E6E370
:10DAC000E9E6EAE5EBE89FA0FFFFFFFFFFFFFFFFAE
:10DAD000FFFFF6F655575154F8F2EFE7EEE8C6D8D7
:10DAE00049A449A449A449A4C6D8F0EAF0EAF0EA56
:10DAF000F0EAF0EAF0EAF0EAEFE9EFE9EDE7EEE864
:10DB00005356FFFF969856584F51E8E3E4DFE3DDA4
:10DB1000E0DCDFD9DDD8D9D5D9D55355FFFF9D9E9F
:10DB2000585A5154C9C5C3C0BEBEBCBBB8B9B6B5BE
:10DB3000B2B2B0B05355BCBD585A52559FA0999936
:10DB4000959692949A9B9FA3A4A8A9AF5D5EFFFFB0
:10DB5000B5B6585A4F50BDCABCC6BEC8C0CBC3CC60
:10DB6000C4CCC7CECAD0CDD3ABB0474A585A575908
:10DB70004B4DEAEDD9DBDCDDDEDDDFE0E0DFE2E2CC
:10DB8000E3E1E4E2F4F0B2B3FFFFFFFFFFFFFFFFCA
:10DB9000FFFFFFFFFFFFFFFFFFFFFFFFFFFFFFFF95
:10DBA000FFFFFFFFFFFFFFFFFFFFFFFFFFFFFFFF85
:10DBB000FFFFFFFFFFFFFFFFFFFFFFFF4A4A58582D
:10DBC000D5D3F1ECF0EBEDEAEDE9E9E7E9E5E6E3E1
:10DBD000F5F07171FFFFFFFFFFFFFFFFFFFF5353E2
:10DBE0005859CFCCC5C3C1C0BDBBB9B8B4B3B0AF31
:10DBF000ACAB9F9ED6D6FFFFFFFFFFFFFFFFEBEB17
:10DC000057575151AEB0ACAFB2B4B3B5B3B7B8BA61
:10DC1000BCBCBFC08788FBFBFFFFFFFFFFFFFFFF10
:10DC2000FFFF4D4D58584C4CE0DEDFDDE1DEE4E116
:10DC3000E6E3E7E4E9E6EBE9F3F03C3CFFFFFFFF56
:10DC4000FFFFFFFFFFFFF6F655555051FCF8F1EED0
:10DC5000F3EFA349A349A349A349A651F4F0F4F073
:10DC6000F4F0F4F0F4F0F4F0F4F0F4F0F3EFF3EF98
:10DC7000F3EFF1EE5454FFFF969656564E4EEEE9F2
:10DC8000E9E5E7E4E7E2E3E0E1DEDEDDDCD953529B
:10DC9000FFFF9D9D58585151CFCBC7C5C4C2C1BFCE
:10DCA000BEBBBBB8B7B6B4B35353BCBC5858515144
:10DCB000A3A29D9C9898949293939A9A9F9FA3A5B0
:10DCC0005C5DFFFFB5B55858504FB8BAB7B9BABC8C
:10DCD000BDBDC0C1C1C3C5C4C8C8C9C9CDCD6A6AAC
:10DCE00058585454DFDED6D6DAD8DBD9DEDCE0DE95
:10DCF000E2DFE4E1E5E3E7E4F7F3B3B3FFFFFFFFBF
:10DD0000FFFFFFFFFFFFFFFFFFFFFFFFFFFFFFFF23
:10DD1000FFFFFFFFFFFFFFFFFFFFFFFFFFFFFFFF13
:10DD2000FFFFFFFFFFFFFFFFFFFFFFFFFFFFFFFF03
:10DD30004A4C585AD3D0ECE7EBE5EAE5E9E4E7E2F0
:10DD4000E5E0E3DEF0EA7172FFFFFFFFFFFFFFFF98
:10DD5000FFFF5355595BCCCAC3C1C0BEBBBAB8B8EC
:10DD6000B3B3AFB0ABAB9E9FD6D8FFFFFFFFFFFFB3
:10DD7000FFFFEBEA57595153B0B8AFB7B4BEB5C1C6
:10DD8000B7C4BAC6BCC8C0CA888BFBFBFFFFFFFF85
:10DD9000FFFFFFFFFFFF4D4F585A4C4EDEE0DDDD29
:10DDA000DEE0E1E0E3E2E4E2E6E3E9E6F0EC3C3E7B
:10DDB000FFFFFFFFFFFFFFFFFFFFF6F65557515430
:10DDC000F8F2EEE8EFE849A449A449A449A451A710
:10DDD000F0EAF0EAF0EAF0EAF0EAF0EAF0EAF0EA73
:10DDE000EFE9EFE9EFE9EEE85456FFFF9698565851
:10DDF0004E51E9E4E5E0E4DFE2DDE0DBDEDADDD848
:10DE0000D9D65255FFFF9D9E585A5153CBC9C5C212
:10DE1000C2C0BFBEBBBAB8B8B6B5B3B15355BCBD2E
:10DE2000585A5153A2A29C9D9899929493949A9D6A
:10DE30009FA3A5AA5D5FFFFFB5B6585A4F51BAC759
:10DE4000B9C5BCC6BDC9C1CBC3CDC4CCC8CEC9CF72
:10DE5000CDD36A6D585A5456DEE1D6D8D8DBD9DB1B
:10DE6000DCDDDEDDDFE0E1E0E3E2E4E2F3EFB3B4EA
:10DE7000FFFFFFFFFFFFFFFFFFFFFFFFFFFFFFFFB2
:10DE8000FFFFFFFFFFFFFFFFFFFFFFFFFFFFFFFFA2
:10DE9000FFFFFFFFFFFFFFFFFFFFFFFFFFFFFFFF92
:10DEA000FFFFFFFF4A4A5858D6D4F0EEF1ECF0ECF1
:10DEB000EDEAECE8EAE7E9E5F5F27171FFFFFFFF53
:10DEC000FFFFFFFFFFFF53535859D1D0C9C7C6C347
:10DED000C1C0BEBBB9B8B4B3B1AFA3A1D6D6FFFF22
:10DEE000FFFFFFFFFFFFEBEB57575251AAABA8AA6A
:10DEF000ADB0B0B2B4B6B5B8B8BBBBBD8686FBFB9F
:10DF0000FFFFFFFFFFFFFFFFCFCF57575758A3A3D8
:10DF1000DBD8DDDBDFDCE1DFE4E1E5E3E7E4E9E6F4
:10DF2000EBE98B8CFFFFFFFFFFFFFFFFFFFFF6F624
:10DF300055555051FBF6F1EDC187A349A349A349BB
:10DF4000A349F4F0F4F0F4F0F4F0F4F0F4F0F4F0A9
:10DF5000F4F0F4F0F4F0F4F0F3EFF4F05453FFFFC6
:10DF6000969656565454EFEBEBE6E8E5E6E3E6E129
:10DF7000E3E0E1DEE1DE5353FFFF9D9D5858515130
:10DF8000D1CDCBC7C7C5C5C3C1C0BEBABAB9B8B673
:10DF90005252BCBC58585251A7A5A1A09D9C98971D
:10DFA000959394949A9A9E9F5B5CFFFFB5B55858E1
:10DFB000504FB7B9B5B6B6B9B9BCBEBFC0C1C1C282
:10DFC000C5C4C7C7CACAD1D14647ACACD4D2D5D3D1
:10DFD000D6D6DAD7DBD9DDDBE0DEE2DFE3E0E4E36F
:10DFE000F4F1B3B3FFFFFFFFFFFFFFFFFFFFFFFFF2
:10DFF000FFFFFFFFFFFFFFFFFFFFFFFFFFFFFFFF31
:10E00000FFFFFFFFFFFFFFFFFFFFFFFFFFFFFFFF20
:10E01000FFFFFFFFFFFFFFFF4A4C585AD4CFEEE748
:10E02000ECE7ECE6EAE4E8E3E7E2E5E0F2EB717264
:10E03000FFFFFFFFFFFFFFFFFFFF5355595BD0CEF0
:10E04000C7C4C3C1C0BEBBBAB8B6B3B3AFAFA1A259
:10E05000D6D7FFFFFFFFFFFFFFFFEBEA57595153F2
:10E06000ABB1AAB1B0B9B2BDB6C2B8C3BBC6BDC828
:10E07000868CFBFBFFFFFFFFFFFFFFFFCFD0575951
:10E08000585AA3A5D8DBDBDCDCDDDFE0E1E0E3E22E
:10E09000E4E3E6E3E9E68C8DFFFFFFFFFFFFFFFF10
:10E0A000FFFFF6F655575154F6F1EDE887BD49A448
:10E0B00049A449A449A4F0EAF0EAF0EAF0EAF0EA57
:10E0C000F0EAF0EAF0EAF0EAF0EAF0EAEFE9F0EA82
:10E0D0005356FFFF969856585457EBE6E6E1E5DFB6
:10E0E000E3DEE1DDE0DBDED9DED95355FFFF9D9EA7
:10E0F000585A5153CDCBC7C5C5C2C3C0C0BDBABAAB
:10E10000B9B8B6B65255BCBD585A5153A5A5A0A032
:10E110009C9D9799939494949A9D9FA35C5FFFFF15
:10E12000B5B6585A4F51B9C6B6C2B9C5BCC6BFC9B3
:10E13000C1CBC2CDC4CCC7CDCAD0D1D84749ACB071
:10E14000D2D6D3D7D6D8D7DAD9DBDBDDDEDDDFE038
:10E15000E0E0E3E2F1EEB3B4FFFFFFFFFFFFFFFFFC
:10E16000FFFFFFFFFFFFFFFFFFFFFFFFFFFFFFFFBF
:10E17000FFFFFFFFFFFFFFFFFFFFFFFFFFFFFFFFAF
:10E18000FFFFFFFFFFFFFFFFFFFFFFFF4A4A585857
:10E19000D6D4F3EFF0EDF1ECEFECECEAECE9EAE7E2
:10E1A000F9F37171FFFFFFFFFFFFFFFFFFFF535305
:10E1B0005859D5D3CCC9C9C6C5C3C1C0BCBCB8B9F0
:10E1C000B4B4A6A6D6D6FFFFFFFFFFFFFFFFEBEB21
:10E1D00057575252A6A6A4A6A9A9ADAFB1B3B3B6DC
:10E1E000B3B7B8BA8486FBFBFFFFFFFFFFFFFFFF5B
:10E1F000555558585352DFDED7D6DAD9DDDBE0DD8E
:10E20000E3E0E3E0E5E4E8E5E9E6F3F08D8DFFFF28
:10E21000FFFFFFFFFFFFF6F655555051F9F6E5D425
:10E22000A349A349A349A349C288F4F0F4F0F4F048
:10E23000F4F0F4F0F4F0F4F0F4F0F4F0F4F0F4F0BE
:10E24000F3EFF4F05453FFFF969656565454F0ED06
:10E25000ECE8EBE6E9E5E6E3E7E2E4E0E2DF53538E
:10E26000FFFF9D9D58585051D4D1CDCACAC7C7C5CC
:10E27000C3C2C1BFBDBCBBB95252BCBC585851513E
:10E28000AAA9A4A2A1A09C9B9898949394949A9CC8
:10E290005C5CFFFFB5B558585050B6B8B4B6B4B7CB
:10E2A000B7B9BBBBBDBEC0C0C2C3C4C4C7C7CACA5E
:10E2B000D2D2CFCED1D0D4D2D5D2D7D5D9D8DCDA1C
:10E2C000DEDCDFDDE2DFE3E0F3F0B3B3FFFFFFFF0F
:10E2D000FFFFFFFFFFFFFFFFFFFFFFFFFFFFFFFF4E
:10E2E000FFFFFFFFFFFFFFFFFFFFFFFFFFFFFFFF3E
:10E2F000FFFFFFFFFFFFFFFFFFFFFFFFFFFFFFFF2E
:10E300004A4C585AD4CFEFE9EDE7ECE7ECE6EAE403
:10E31000E9E3E7E2F3ED7172FFFFFFFFFFFFFFFFAD
:10E32000FFFF5355595BD3D0C9C7C6C3C3C1C0BED5
:10E33000BCBBB9B6B4B3A6A6D6D7FFFFFFFFFFFF9D
:10E34000FFFFEBEA57595254A6ABA6ACA9B2AFB83F
:10E35000B3BEB6C2B7C4BAC5868AFBFBFFFFFFFFD8
:10E36000FFFFFFFF5557585A5254DEE1D6D8D9DB8C
:10E37000DBDDDDDDE0E0E0E0E4E2E5E2E6E3F0ED78
:10E380008D8FFFFFFFFFFFFFFFFFF6F6555751543C
:10E39000F6F1D4DD49A449A449A449A488BEF0EA11
:10E3A000F0EAF0EAF0EAF0EAF0EAF0EAF0EAF0EA9D
:10E3B000F0EAF0EAEFE9F0EA5356FFFF9698565874
:10E3C0005455EDE7E8E3E6E1E5E0E3DFE2DDE0DB3D
:10E3D000DFDA5355FFFF9D9E585A5153D1CECAC81C
:10E3E000C7C5C5C3C2BFBFBEBCBAB9B85254BCBD15
:10E3F000585A5153A9A9A2A3A0A09B9C9899939461
:10E4000094969C9C5C5FFFFFB5B6585A5051B8C2B9
:10E41000B6C1B7C3B9C6BBC5BEC8C0CBC3CDC4CCDB
:10E42000C7CECAD0D2D8CED3D0D4D2D6D2D6D5D8D1
:10E43000D8DADADBDCDDDDDCDFE0E0E0F0EEB3B43F
:10E44000FFFFFFFFFFFFFFFFFFFFFFFFFFFFFFFFDC
:10E45000FFFFFFFFFFFFFFFFFFFFFFFFFFFFFFFFCC
:10E46000FFFFFFFFFFFFFFFFFFFFFFFFFFFFFFFFBC
:10E47000FFFFFFFF4A4A5858D6D4F2EEF3EFF0ED13
:10E48000F1EDEFECEDEAEDE9FBF67372FFFFFFFF54
:10E49000FFFFFFFFFFFF53535859D9D6D0CDCAC94C
:10E4A000C8C6C5C4C0BFBCBBB8B7A0A0D7D7FFFF04
:10E4B000FFFFFFFFFFFFEBEB575752529EA0A1A1BA
:10E4C000A5A7A9ACAEB0B1B3B4B6B5B87D7EFBFB21
:10E4D000FFFFFFFFFFFFFFFF505057575757D6D49E
:10E4E000D5D4D8D7DAD8DDDBE0DDE2DFE4E1E6E35E
:10E4F000E8E4EFEB3C3CFFFFFFFFFFFFFFFFF6F61A
:10E5000055555051F8F3A349A349A349A349A6512E
:10E51000F3EEF4F0F4F0F4F0F4F0F4F0F4F0F4F0DE
:10E52000F4F0F4F0F4F0F4F0F4F0F4F05453FFFFEE
:10E53000969656565454F1ECEDE9ECE6EBE6E9E537
:10E54000E6E4E6E3E5DF5453FFFF9D9D5858515044
:10E55000D7D4CFCBCCCACBC8C7C4C3C2C0BFBEBC44
:10E560005353BCBC58585050ADACA7A6A4A3A09F11
:10E570009B9B9797939395955050FFFFB5B558582F
:10E580005050B3B4B3B4B4B6B5B7B7BABABCBEBFE3
:10E59000C1C1C2C3C5C5C8C8CACACCCCCFCFD2D0EE
:10E5A000D3D1D5D4D7D5DBD9DCD9DDDBE1DEE2DFD1
:10E5B000F1EEB3B3FFFFFFFFFFFFFFFFFFFFFFFF22
:10E5C000FFFFFFFFFFFFFFFFFFFFFFFFFFFFFFFF5B
:10E5D000FFFFFFFFFFFFFFFFFFFFFFFFFFFFFFFF4B
:10E5E000FFFFFFFFFFFFFFFF4A4C585AD4CFEEE872
:10E5F000EFE9EDE7EDE7ECE6EAE4E9E4F6F0727561
:10E60000FFFFFFFFFFFFFFFFFFFF5355595BD6D30F
:10E61000CDC9C9C7C6C4C4C0BFBDBBBBB7B6A0A126
:10E62000D7D8FFFFFFFFFFFFFFFFEBEA5759525418
:10E63000A0A3A1A6A7ADACB2B0B9B3BDB6C3B8C4D0
:10E640007E83FBFBFFFFFFFFFFFFFFFF5052575989
:10E650005759D4D8D4D8D7D8D8DBDBDCDDDCDFE021
:10E66000E1E0E3E1E4E2EBE73C3FFFFFFFFFFFFF18
:10E67000FFFFF6F655575154F3EE49A449A449A4B7
:10E6800049A451A7EEE8F0EAF0EAF0EAF0EAF0EA8D
:10E69000F0EAF0EAF0EAF0EAF0EAF0EAF0EAF0E9AB
:10E6A0005356FFFF969856585455ECE8E9E4E6E2D5
:10E6B000E6E1E5E0E4DFE3DDDFDC5354FFFF9D9EB0
:10E6C000585A5053D4D0CBCACAC8C8C5C4C3C2BF95
:10E6D000BFBDBCBB5355BCBD585A5053ACACA6A72C
:10E6E000A3A39F9F9B9B9798939495965052FFFF4F
:10E6F000B5B6585A5051B4BEB4BEB6C2B7C3BAC507
:10E70000BCC6BFC8C1CBC3CCC5CDC8CECAD0CCD285
:10E71000CFD3D0D4D1D6D4D7D5D8D9DAD9DADBDE95
:10E72000DEDDDFE0EEEDB3B4FFFFFFFFFFFFFFFF35
:10E73000FFFFFFFFFFFFFFFFFFFFFFFFFFFFFFFFE9
:10E74000FFFFFFFFFFFFFFFFFFFFFFFFFFFFFFFFD9
:10E75000FFFFFFFFFFFFFFFFFFFFFFFF4A4A585881
:10E76000D6D4F4F0F3EFF3EFF0EEF1EDF0ECEDEBE7
:10E77000FCF77272FFFFFFFFFFFFFFFFFFFF535326
:10E780005859DCDAD3D0CFCCCBC9C8C6C3C2C0BFBE
:10E79000BCBBA3A3D7D7FFFFFFFFFFFFFFFFEBEB40
:10E7A0005757535398999B9CA1A2A5A7AAABAEB16A
:10E7B000B1B3B4B57678FBFBFFFFFFFFFFFFB4B446
:10E7C00058585858B3B2D1CFD4D2D6D5D8D6DCD930
:10E7D000DDDBE0DDE3E0E5E2E6E3E8E59C9BF7F77F
:10E7E000FFFFFFFFFFFFF6F655555051A751A34914
:10E7F000A349A349A349F1EDF3EFF2EFF4F0F4F0EC
:10E80000F4F0F4F0F4F0F4F0F4F0F4F0F4F0F4F0E8
:10E81000F4F0F5F15453FFFF969656565354F3EE29
:10E82000EEEAEDEAEBE7EBE6E9E6E6E3E8E44D4E97
:10E83000FFFF9E9E58585151D9D7D3D0CFCCCCCAC8
:10E84000C9C7C6C4C4C1C1C15252BFBF5858505035
:10E85000B0AFABA9A7A6A3A29F9E9C9B98979493A9
:10E860005252FFFFB5B558585050AFB0AFB1B1B428
:10E87000B4B5B5B7B8B9BABCBEBFC0C1C2C3C5C5CF
:10E88000C8C8CACACDCCCFCFD2D0D3D1D5D3D7D593
:10E89000DAD9DDDADEDCE1DDE7E5B3B3FFFFFFFF68
:10E8A000FFFFFFFFFFFFFFFFFFFFFFFFFFFFFFFF78
:10E8B000FFFFFFFFFFFFFFFFFFFFFFFFFFFFFFFF68
:10E8C000FFFFFFFFFFFFFFFFFFFFFFFFFFFFFFFF58
:10E8D0004A4C585AD4CFF0EAEFE9EFE9EEE8EDE719
:10E8E000ECE6EBE4F7F27275FFFFFFFFFFFFFFFFBF
:10E8F000FFFF5355595BDAD6D0CDCCC9C9C7C6C4C2
:10E90000C2C0BFBDBBBAA3A4D7D8FFFFFFFFFFFFA4
:10E91000FFFFEBEA57595355999A9C9EA2A5A7ACC5
:10E92000ABB3B1B9B3BEB5C1787DFBFBFFFFFFFF51
:10E93000FFFFB4B4585A585AB2B6CFD4D2D6D5D7AE
:10E94000D6D9D9DBDBDDDDDDE0E0E2E0E3E1E5E1E6
:10E950009B9CF7F8FFFFFFFFFFFFF6F6555751545A
:10E9600051A749A449A449A449A4EDE8EFE7EFE978
:10E97000F0EAF0EAF0EAF0EAF0EAF0EAF0EAF0EAC7
:10E98000F0EAF0EAF0EAF1EB5356FFFF969856589A
:10E990005455EEE8EAE5EAE4E7E2E6E1E6E0E3DE44
:10E9A000E4DF4E50FFFF9EA0585A5152D7D2D0CD2F
:10E9B000CCC8CAC8C7C5C4C3C1BFC1BE5255BFC0F9
:10E9C000585A5052AFAFA9AAA6A7A2A39E9E9B9C3D
:10E9D000979893945254FFFFB5B6585A5052B0B816
:10E9E000B1BAB4BEB5C1B7C3B9C5BCC5BFC9C1CA48
:10E9F000C3CDC5CDC8CECAD0CCD2CFD4D0D4D1D639
:10EA0000D3D7D5D8D9DADADBDCDEDDDEE5E4B3B4A2
:10EA1000FFFFFFFFFFFFFFFFFFFFFFFFFFFFFFFF06
:10EA2000FFFFFFFFFFFFFFFFFFFFFFFFFFFFFFFFF6
:10EA3000FFFFFFFFFFFFFFFFFFFFFFFFFFFFFFFFE6
:10EA4000FFFFFFFF4A4A5858D6D4F4F0F4F0F2EE34
:10EA5000F3EFF0EEF1ECF0ECFDFB7272FFFFFFFF65
:10EA6000FFFFFFFFFFFF53535859E0DDD6D4D2CF4D
:10EA7000CFCCCBC8C9C5C4C1C0BFA6A5D7D7FFFFDF
:10EA8000FFFFFFFFFFFFEBEB575752529998959509
:10EA90009C9CA1A2A6A8A9ACAEB0B2B47677FBFBB1
:10EAA000FFFFFFFFFFFF4F4F58585050D5D4CFCD39
:10EAB000D2CFD4D2D6D5D9D7DCD9DEDCE1DDE2DFC6
:10EAC000E5E2E6E3F1EF7D7DFFFFFFFFFFFFF6F6F6
:10EAD0005555984AA349A349A349A349F0ECF2EC40
:10EAE000F2EEF3EFF3F1F4EFF4F0F4F0F4F0F4F00D
:10EAF000F4F0F4F0F4F0F4F0F4F0F5F15453FFFF17
:10EB0000969656565354F3F0EFECECEAECEAEBE74A
:10EB1000EBE6E9E6E8E64E4DFFFFA1A15859515159
:10EB2000DCD9D6D3D3CFCFCDCCC9C9C7C6C4C4C214
:10EB30005252B0B05A5A5151B4B3AFAEABA9A6A518
:10EB4000A3A1A09F9B9A97975151FFFFB5B5585825
:10EB50005150ABACACAEAFB1B1B3B4B6B4B7B8B959
:10EB6000BABDBEBFC1C2C2C3C6C6C7C7CBCBCECE5D
:10EB7000D0CFD2D1D4D2D5D3D6D6DAD9DDDBDEDD33
:10EB8000DEDDB3B3FFFFFFFFFFFFFFFFFFFFFFFF70
:10EB9000FFFFFFFFFFFFFFFFFFFFFFFFFFFFFFFF85
:10EBA000FFFFFFFFFFFFFFFFFFFFFFFFFFFFFFFF75
:10EBB000FFFFFFFFFFFFFFFF4A4C585AD4CFF0EA98
:10EBC000F0EAEEE8EFE9EEE8ECE6ECE6FBF472756D
:10EBD000FFFFFFFFFFFFFFFFFFFF5355595BDDD92D
:10EBE000D4D0CFCCCCC9C8C6C5C3C1BFBFBDA5A7F3
:10EBF000D7D8FFFFFFFFFFFFFFFFEBEA5759525542
:10EC0000989995979CA0A2A6A8ADACB3B0BAB4BE93
:10EC1000777CFBFBFFFFFFFFFFFF4F51585A50521D
:10EC2000D4DBCDD2CFD4D2D7D5D9D7DAD9DBDCDD7E
:10EC3000DDDEDFDFE2E0E3E1EFEB7D7EFFFFFFFF04
:10EC4000FFFFF6F655574A9949A449A449A449A497
:10EC5000ECE6ECE8EEE8EFE7F1EBEFE9F0EAF0EAFA
:10EC6000F0EAF0EAF0EAF0EAF0EAF0EAF0EAF1EBD2
:10EC70005356FFFF969856585455F0E8ECE6EAE4F0
:10EC8000EAE3E7E2E6E1E6E0E6E04D50FFFFA1A2BD
:10EC9000595B5152D9D6D3D0CFCCCDC8C9C8C7C57E
:10ECA000C4C3C2BF5254B0B15A5C5152B3B3AEAC3C
:10ECB000A9AAA5A6A1A39F9E9A9B97985154FFFF2E
:10ECC000B5B6585A5052ACB3AEB4B1BAB3BEB6C270
:10ECD000B7C4B9C6BDC6BFCAC2CAC3CDC6CEC7CEE9
:10ECE000CBD1CED2CFD4D1D4D2D6D3D7D6D7D9DBED
:10ECF000DBDBDDDEDDDDB3B4FFFFFFFFFFFFFFFF8A
:10ED0000FFFFFFFFFFFFFFFFFFFFFFFFFFFFFFFF13
:10ED1000FFFFFFFFFFFFFFFFFFFFFFFFFFFFFFFF03
:10ED2000FFFFFFFFFFFFFFFFFFFFFFFF4A4A5858AB
:10ED3000D6D4F4F0F4F0F4F0F2EEF2EFF1EDF1EC01
:10ED4000FFFC7272FFFFFFFFFFFFFFFFFFFF52524A
:10ED50005555E4E0D9D6D5D3D2CFCFCCCBC8C7C593
:10ED6000C4C2A8A8D7D7FFFFFFFFFFFFFFFFEBEB51
:10ED7000575751529E9E929296969C9DA2A3A7A8E9
:10ED8000AAABAEB07676FBFBFFFFFFFFFFFF53534E
:10ED900057575E5ECACACDCDD0CFD2D1D4D2D6D548
:10EDA000DAD8DBD9DEDBE1DEE2E0E5E2EBE73F3FAC
:10EDB000FFFFFFFFFFFFF6F68D4CA349A349A349D0
:10EDC000A349DBC1EFECF0ECF2ECF2EECBC8FFFFB5
:10EDD000F4F0F4F0F4F0F4F0F4F0F4F0F4F0F4F013
:10EDE000F4F0F5F15453FFFF969656565353F3F053
:10EDF000F1ECEFECECEAECEAEBE7EBE7EAE74E4E9E
:10EE0000FFFFC2C258585051DFDDD8D5D5D3D3D07B
:10EE1000CFCCCACAC8C6C7C55353B0B056564F4F59
:10EE2000B7B6B1B1AEADAAA8A6A5A3A19F9E9B9A65
:10EE30005151FFFFB5B558585151A7A8A8AAABAD7D
:10EE4000AFB1B3B5B4B6B5B8B8BABBBCBEBFC1C23A
:10EE5000C3C4C5C5C9C9CCCCCDCED0CED2D0D5D3F4
:10EE6000D5D3D8D6DBD9DCDADDDCB3B3FFFFFFFFC7
:10EE7000FFFFFFFFFFFFFFFFFFFFFFFFFFFFFFFFA2
:10EE8000FFFFFFFFFFFFFFFFFFFFFFFFFFFFFFFF92
:10EE9000FFFFFFFFFFFFFFFFFFFFFFFFFFFFFFFF82
:10EEA0004A4C585AD4CFF0EAF0EAF0EAEEE8EFE93B
:10EEB000EDE8ECE5FCF57275FFFFFFFFFFFFFFFFDC
:10EEC000FFFF52545557E0DCD6D3D3CFCFCDCCC8BB
:10EED000C8C5C5C3C2BFA8A7D7D8FFFFFFFFFFFFA4
:10EEE000FFFFEBEA575952549E9D929396979DA02F
:10EEF000A3A7A8AFABB3B0B9767AFBFBFFFFFFFFC8
:10EF0000FFFF535557595E5FCAD0CDD3CFD4D1D46C
:10EF1000D2D6D5D9D8DAD9DBDBDEDEDFE0DFE2E13D
:10EF2000E7E53F42FFFFFFFFFFFFF6F64C8F49A4E6
:10EF300049A449A449A4C1D4ECE6ECE6ECE8EEE827
:10EF4000C8C3FFFAF0EAF0EAF0EAF0EAF0EAF0EA21
:10EF5000F0EAF0EAF0EAF1EB5356FFFF96985658C4
:10EF60005355F0EAECE6ECE6EAE4EAE3E7E2E7E24E
:10EF7000E7E14E50FFFFC2C3585A5154DDD8D5D2F5
:10EF8000D3CFD0CCCCC9CAC8C6C5C5C25357B0B1FF
:10EF900056584F51B6B6B1B1ADACA8A9A5A5A1A21E
:10EFA0009E9E9A9B5153FFFFB5B6585A5153A8AD38
:10EFB000AAB1ADB5B1BAB5BFB6C2B8C4BAC6BCC6BF
:10EFC000BFCAC2CAC4CCC5CEC9CFCCD2CED2CED491
:10EFD000D0D4D3D7D3D8D6D8D9DBDADADCDDB3B402
:10EFE000FFFFFFFFFFFFFFFFFFFFFFFFFFFFFFFF31
:10EFF000FFFFFFFFFFFFFFFFFFFFFFFFFFFFFFFF21
:10F00000FFFFFFFFFFFFFFFFFFFFFFFFFFFFFFFF10
:10F01000FFFFFFFF4B4B5858D6D4F4F0F4F0F4F058
:10F02000F3EFF3EFF2EEF1EDFFFC7272FFFFFFFF83
:10F03000FFFFFFFFFFFF55555555E6E3DCD9D9D556
:10F04000D5D3D2CFCECACBC8C7C4ABABD7D7FFFFBF
:10F05000FFFFFFFFFFFFDFDF57575252A3A2989831
:10F06000929297979C9DA2A3A6A8AAAC7475FBFB4D
:10F07000FFFFFFFF9D9D58585758B4B5C6C6CACA72
:10F08000CDCDD0CFD3D1D4D2D7D6DAD8DBDADFDD2D
:10F09000E2DFE4E1E4E2A4A3F3F2FFFFFFFFBA79C9
:10F0A000A349A349A349A349D1B0EBE8EDE9EFECAB
:10F0B000F0EDF2ECD6D24546FFFFF4F0F4F0F4F0B8
:10F0C000F4F0F4F0F4F0F4F0F4F0F5F15453FFFF41
:10F0D000969656565353F4EFF1ECF1ECEFECECEB63
:10F0E000ECE8EAE7ECE74E4EFFFFDCDC58584F5007
:10F0F000E2DFDAD9D8D5D5D2D3D0CFCCCBC9C8C7E7
:10F100005353919156564F4EBBBAB5B3B2B1ADAC55
:10F11000AAA8A8A5A2A1A09F4E4EFFFFB5B558581A
:10F120005252A2A3A5A6A8AAACADAFB1B2B4B4B6D0
:10F13000B5B8B8BBBBBCBEBFC1C1C2C4C6C6C9C9D5
:10F14000CBCBCDCECFCFD3D0D5D3D6D5D8D7DBDA96
:10F15000DCDBB3B3FFFFFFFFFFFFFFFFFFFFFFFF9E
:10F16000FFFFFFFFFFFFFFFFFFFFFFFFFFFFFFFFAF
:10F17000FFFFFFFFFFFFFFFFFFFFFFFFFFFFFFFF9F
:10F18000FFFFFFFFFFFFFFFF4B4E585AD4CFF0EABF
:10F19000F0EAF0EAEFE9EFE9EEE8EDE8FCF5727588
:10F1A000FFFFFFFFFFFFFFFFFFFF55575557E3DD51
:10F1B000D9D5D5D2D3CFCFCCCAC8C8C5C4C2ABA9C4
:10F1C000D7D8FFFFFFFFFFFFFFFFDFDE5759525485
:10F1D000A2A29899929397999DA1A3A8A8AEACB327
:10F1E000757AFBFBFFFFFFFF9D9F585A585AB5BD2C
:10F1F000C6CDCAD0CDD2CFD4D1D4D2D6D6D9D8DAF2
:10F20000DADBDDDEDFDFE1DFE2E1A3A3F2F2FFFF25
:10F21000FFFF79BB49A449A449A449A4B0CDE8E3C0
:10F22000E9E5ECE6EDE6ECE8D2CE4648FFF8F0EA98
:10F23000F0EAF0EAF0EAF0EAF0EAF0EAF0EAF1EBFC
:10F240005356FFFF969856585356EFE9ECE8ECE614
:10F25000ECE6EBE4E8E3E7E2E7E24E50FFFFDCDC5C
:10F26000585A5052DFDBD9D5D5D2D2CFD0CDCCC968
:10F27000C9C7C7C55357919356584E51BABAB3B47C
:10F28000B1B2ACADA8A9A5A5A1A29F9E4E4FFFFF0C
:10F29000B5B6585A5253A3A7A6ACAAB1ADB6B1BCE5
:10F2A000B4BFB6C3B8C4BBC6BCC7BFC9C1CAC4CC4F
:10F2B000C6CEC9CECBD1CED2CFD4D0D4D3D7D5D948
:10F2C000D7D9DADCDBDCB3B4FFFFFFFFFFFFFFFFC2
:10F2D000FFFFFFFFFFFFFFFFFFFFFFFFFFFFFFFF3E
:10F2E000FFFFFFFFFFFFFFFFFFFFFFFFFFFFFFFF2E
:10F2F000FFFFFFFFFFFFFFFFFFFFFFFF4B4B5858D4
:10F30000D6D4F4F0F4F0F4F0F4F0F4F0F3EFF2EF1C
:10F31000FFFD7272FFFFFFFFFFFFFFFFFFFF55556D
:10F320005555E9E5DFDBDCD9D9D5D4D2D2CFCECA69
:10F33000CBC7ACACD7D7FFFFFFFFFFFFFFFFD8D88D
:10F3400057575151A7A69D9C9897929397979D9E2A
:10F35000A2A3A5A87373FBFBFFFFFFFF4949585801
:10F360004D4DC9CAC4C4C6C6C9C9CDCCD0CED3D0F0
:10F37000D5D3D7D6DAD8DDDBDEDDE1DEE4E0F2EFAF
:10F380006B6BFFFFCFA0A349A349A349A349C19039
:10F39000E7E3E8E5ECE8ECE8EFECF0EDD3D0B9B961
:10F3A000494AFAF7F4F0F4F0F4F0F4F0F4F0F4F081
:10F3B000F4F0F5F15353FFFF858556565353F5F19D
:10F3C000F0EDF1ECF1EBEFECEDEBECE9EDEA4E4EAC
:10F3D000FFFFFFFF54544E4EE6E5DDDADBD9D7D50B
:10F3E000D4D2D3D0CECACBCA6262545456565353E9
:10F3F000BEBDB9B8B4B4B1B1AEACA9A8A6A5A4A31A
:10F400004647FFFFB5B5585852529E9EA1A2A5A7E8
:10F41000A8AAACAEAFB1B2B4B5B6BABCB8BABABDB0
:10F42000BEBFC1C1C4C3C6C6C9C9CBCBCECED0CE68
:10F43000D3D2D5D3D6D5D8D6DBD9B3B3FFFFFFFF10
:10F44000FFFFFFFFFFFFFFFFFFFFFFFFFFFFFFFFCC
:10F45000FFFFFFFFFFFFFFFFFFFFFFFFFFFFFFFFBC
:10F46000FFFFFFFFFFFFFFFFFFFFFFFFFFFFFFFFAC
:10F470004B4D585AD4CFF0EAF0EAF0EAF0EAF0EA5D
:10F48000EFE9EFE9FDF67275FFFFFFFFFFFFFFFFFA
:10F49000FFFF55575557E5E0DBD8D9D5D5D3D2CEA8
:10F4A000CFCCCAC9C7C5ACACD7D8FFFFFFFFFFFFA1
:10F4B000FFFFD8D857595153A6A69C9D9798939370
:10F4C00097999EA1A3A8A8AE7377FBFBFFFFFFFF50
:10F4D000494B585A4D4ECAD2C4CCC6CEC9D0CCD254
:10F4E000CED4D0D4D3D6D6D9D8DADBDADDDEDEDF9F
:10F4F000E0DFEFEC6B6EFFFFA0CF49A449A449A465
:10F5000049A490BDE3DFE5E1E8E2E8E5ECE7EDE6FC
:10F51000D0CDB9BA4A4CF7F0F0EAF0EAF0EAF0EAF6
:10F52000F0EAF0EAF0EAF1EB5355FFFF8587565811
:10F530005356F1EBEDE7ECE8EBE5ECE6EBE4E9E361
:10F54000EAE54E50FFFFFFFF54564E51E5DFDAD794
:10F55000D9D5D5D1D2CED0CDCAC9CAC86265545684
:10F5600056585355BDBBB8B7B4B4B1B1ACACA8A8EC
:10F57000A5A6A3A4474AFFFFB5B6585A52549EA069
:10F58000A2A6A7ADAAB1AEB6B1BCB4BFB6C3BCC942
:10F59000BAC6BDC7BFC9C1C9C3CCC6CEC9CFCBD1FE
:10F5A000CED3CED4D2D6D3D6D5D9D6DAD9DBB3B44E
:10F5B000FFFFFFFFFFFFFFFFFFFFFFFFFFFFFFFF5B
:10F5C000FFFFFFFFFFFFFFFFFFFFFFFFFFFFFFFF4B
:10F5D000FFFFFFFFFFFFFFFFFFFFFFFFFFFFFFFF3B
:10F5E000FFFFFFFF4B4B5858D6D4F4F0F4F0F4F083
:10F5F000F4F0F4F0F4F0F3EFFFFE7272FFFFFFFFA0
:10F60000FFFFFFFFFFFF55555555EBE7E1DEDFDC60
:10F61000DCD8DAD5D4D3D2CFCECAB0B0D7D7FFFF9B
:10F62000FFFFFFFFFFFFD8D857575151ABAAA2A148
:10F630009C9B9897929397989D9EA2A37173FBFBB6
:10F64000FFFFFFFF545457576868BFC0C1C1C3C50F
:10F65000C7C7CACACDCCCFCED2D1D4D2D6D5DAD8AC
:10F66000DCDADEDCE1DEE5E24546D4AAA349A349C3
:10F67000A349A349C291DFDAE2DEE6E3E9E5EBE87C
:10F68000ECE9EFECD3D0E7E7A3A3696AF4F2F4F076
:10F69000F4F0F4F0F4F0F4F0F4F0F5F15353FFFF6C
:10F6A000878756565353F5F1F3EFEFEDF1ECF1EB9D
:10F6B000EFEBEDEBEFEA4E4EFFFFFFFF4B4B4F4FF3
:10F6C000EEEADFDEDDDADBD8D8D5D5D3D2CFCFCBAB
:10F6D0008585575757576564BFBDBCBAB9B7B5B430
:10F6E000B1B0ADACA9A8A9A83F3FFFFFB5B5585828
:10F6F000535398989C9CA1A1A5A6A9AAACAFAFB161
:10F70000B3B55859BEC1B8BABBBDBEBFC1C1B4B50F
:10F71000CDCDC9C9CBCBCECDD0D0D3D2D5D2D6D5F5
:10F72000D7D6B3B3FFFFFFFFFFFFFFFFFFFFFFFFD2
:10F73000FFFFFFFFFFFFFFFFFFFFFFFFFFFFFFFFD9
:10F74000FFFFFFFFFFFFFFFFFFFFFFFFFFFFFFFFC9
:10F75000FFFFFFFFFFFFFFFF4B4D585AD4CFF0EAEA
:10F76000F0EAF0EAF0EAF0EAF0EAEFE9FEF77275A3
:10F77000FFFFFFFFFFFFFFFFFFFF55575557E7E371
:10F78000DEDADCD8D8D4D5D4D3CECFCCCAC9B0AE8B
:10F79000D7D8FFFFFFFFFFFFFFFFD8D857595153BE
:10F7A000AAAAA1A19B9C9799939498999EA2A3A77A
:10F7B0007376FBFBFFFFFFFF54565759686BC0CAB7
:10F7C000C1C9C5CCC7CECAD0CCD2CED4D1D4D2D761
:10F7D000D5D8D8DADADBDCDEDEDFE2E14648AAD5CE
:10F7E00049A449A449A449A491BFDAD7DEDBE3DEEA
:10F7F000E5E1E8E3E9E4ECE6D0CCE7E7A3A46A6B53
:10F80000F2ECF0EAF0EAF0EAF0EAF0EAF0EAF1EB22
:10F810005355FFFF878856585356F1EBEFE9EDE754
:10F82000ECE7EBE5EBE6EBE4EAE64E4FFFFFFFFF2C
:10F830004B4D4F51EAE5DED9DAD6D8D4D5D2D3CF65
:10F84000CFCCCBC98586575957596467BDBCBABB65
:10F85000B7B7B4B3B0B0ACADA8A8A8A83F41FFFFFC
:10F86000B5B6585A5355989B9CA0A1A5A6AAAAB173
:10F87000AFB7B1BCB5C0595AC1CEBAC6BDC8BFC971
:10F88000C1C9B5BDCDD5C9CFCBD2CDD2D0D5D2D6B9
:10F89000D2D6D5D9D6D9B3B4FFFFFFFFFFFFFFFF04
:10F8A000FFFFFFFFFFFFFFFFFFFFFFFFFFFFFFFF68
:10F8B000FFFFFFFFFFFFFFFFFFFFFFFFFFFFFFFF58
:10F8C000FFFFFFFFFFFFFFFFFFFFFFFF4B4B5858FE
:10F8D000D6D4F4F0F4F0F4F0F4F0F4F0F4F0F3EF44
:10F8E000FFFE7272FFFFFFFFFFFFFFFFFFFF555597
:10F8F0005555EEE9E4E0E0DFDFDCDCD9D9D6D5D23E
:10F90000D0CEB1B0D7D7FFFFFFFFFFFFFFFFD8D8A2
:10F9100057575151B0AFA4A4A1A09C9A9797929227
:10F9200098989D9D7071FBFBFFFF84845858585830
:10F93000B2B5BABDBEBFC0C1C4C5C7C7CACACDCDA6
:10F94000D7D5D2D1D5D2D6D5DADADDDBDEDCE1DE31
:10F95000B293A349A349A349A349884CDFDBD9D675
:10F96000DFDAE4DFE6E3E9E5EBE8ECE9D2CFE7E76D
:10F97000FFFF6E6E9E9CF2F0F4F0F4F0F4F0F4F001
:10F98000F4F0F5F15353FFFF878756565353F7F3BF
:10F99000F3EFF3EFEFEDF1ECF1EBEFECF0ED4D4EBB
:10F9A000FFFFFFFF54545455EAE8E2DFDFDDDDDA04
:10F9B000DAD8D7D5D5D2D2CFD7D448494748CFCB3C
:10F9C000C2BFBFBDBBBBB8B7B5B4B1B0ADACAFAFD4
:10F9D0005B5BFFFFB5B558585353939398979D9D24
:10F9E000A0A2A5A7A8AAADAFB0B258585D5CB5B8A3
:10F9F000B9BBBCBCCDCE5151CBCBC6C6C9C9CBCC93
:10FA0000CECDD0D0D3D1D5D2D6D5B3B3FFFFFFFF63
:10FA1000FFFFFFFFFFFFFFFFFFFFFFFFFFFFFFFFF6
:10FA2000FFFFFFFFFFFFFFFFFFFFFFFFFFFFFFFFE6
:10FA3000FFFFFFFFFFFFFFFFFFFFFFFFFFFFFFFFD6
:10FA40004B4D585AD4CFF0EAF0EAF0EAF0EAF0EA87
:10FA5000F0EAEFE9FEF77275FFFFFFFFFFFFFFFF20
:10FA6000FFFF55575557E9E4E0DBDFDADCD7D9D49F
:10FA7000D6D3D2CFCECBB0B1D7D8FFFFFFFFFFFF99
:10FA8000FFFFD8D857595153AFAEA4A5A0A09A9C58
:10FA900097989293989A9DA17173FBFBFFFF8486C0
:10FAA000585A5859B5BFBDC7BFC9C1C9C5CCC7CEC3
:10FAB000CAD0CDD2D5DBD1D5D2D5D5D8DADADBDCF8
:10FAC000DCDEDEE093B249A449A449A449A44C88F1
:10FAD000DBD8D6D3DAD7DFDBE3DFE5E1E8E2E9E440
:10FAE000CFCCE7E7FFFF6E709C9CF0EAF0EAF0EA0B
:10FAF000F0EAF0EAF0EAF1EB5355FFFF8788565839
:10FB00005356F3ECEFE9EFE9EDE7ECE7EBE5ECE674
:10FB1000EDE74E50FFFFFFFF54555557E8E4DFD99E
:10FB2000DDD8DAD6D8D4D5D1D2CFCFCCD4D1494CA8
:10FB3000484ACBCABFBFBDBCBBBAB7B6B4B2B0B0FF
:10FB4000ACADAFAE5B5CFFFFB5B6585A535593945E
:10FB5000979A9DA0A2A7A7ADAAB2AFB7B2BD5859B8
:10FB60005C5FB8C4BBC7BCC8CED85152CBD4C6CEDC
:10FB7000C9CFCCD2CDD2D0D5D1D5D2D5D5D8B3B4AA
:10FB8000FFFFFFFFFFFFFFFFFFFFFFFFFFFFFFFF85
:10FB9000FFFFFFFFFFFFFFFFFFFFFFFFFFFFFFFF75
:10FBA000FFFFFFFFFFFFFFFFFFFFFFFFFFFFFFFF65
:10FBB000FFFFFFFF4B4B5858D6D4F4F0F4F0F4F0AD
:10FBC000F4F0F4F0F4F0F4F0FFFF7272FFFFFFFFC7
:10FBD000FFFFFFFFFFFF55555555EEECE7E3E4E06F
:10FBE000E0DFDFDBDCDAD8D5D4D1B5B3D7D7FFFF80
:10FBF000FFFFFFFFFFFFD8D857575151B5B3ABA94F
:10FC0000A4A4A1A09C9A9796929298986E6FFBFBE1
:10FC1000FFFF484858584E4EBABCB7BABBBCBFC02D
:10FC2000C1C3C4C4C7C8CDCD4C4ED3D2D3D2D4D314
:10FC3000D7D6DBD8DDDBD7C7A349A349A349A3495E
:10FC40008D4C5050DAD7D5D1DAD7DFDBE4E0E7E3EB
:10FC5000EAE6EBE8CECBE7E7FFFFFFFF4E4ED5D35A
:10FC6000F1EFF4F0F4F0F4F0F4F0F5F15353FFFF9A
:10FC7000878756565353F6F2F3EFF3EFF3EFF0EEB8
:10FC8000F1ECF1EBF2ED4D4EFFFFFFFFCDCD5858FB
:10FC9000B5B3E4E0E1DEDFDDDDDADAD8D7D5D5D102
:10FCA000D2CFD0CCCECBC8C6C5C3C2C0BFBDBABAF6
:10FCB000B8B7B4B3B1B0A4A5B4B4FFFFB5B5585844
:10FCC0005252989892939A979D9EA2A3A6A7A9ABE9
:10FCD000ADAF5A5B56569EA0B6B8BDBE48485B5BFA
:10FCE000C8C9C4C5C7C7CACACCCCCECED1D0D4D25D
:10FCF000D4D2B3B3FFFFFFFFFFFFFFFFFFFFFFFF04
:10FD0000FFFFFFFFFFFFFFFFFFFFFFFFFFFFFFFF03
:10FD1000FFFFFFFFFFFFFFFFFFFFFFFFFFFFFFFFF3
:10FD2000FFFFFFFFFFFFFFFF4B4D585AD4CFF0EA14
:10FD3000F0EAF0EAF0EAF0EAF0EAF0EAFFF87275C9
:10FD4000FFFFFFFFFFFFFFFFFFFF55575557ECE792
:10FD5000E3DDE0DBDFD9DBD7DAD5D5D2D1CEB3B462
:10FD6000D7D8FFFFFFFFFFFFFFFFD8D857595153E8
:10FD7000B3B3A9A9A4A4A0A09A9B96979293989A8A
:10FD80006F71FBFBFFFF484B585A4E4FBCC9BAC5B9
:10FD9000BCC7C0C9C3CCC4CDC8CECDD34E4FD2D8BA
:10FDA000D2D6D3D6D6D8D8DADBDCC7D549A449A475
:10FDB00049A449A44C8F5052D7D6D1CFD7D4DBD841
:10FDC000E0DCE3DFE6E0E8E3CBC7E7E7FFFFFFFFC8
:10FDD0004E4FD3D0EFEAF0EAF0EAF0EAF0EAF1EBC6
:10FDE0005355FFFF878856585356F2ECEFE9EFE979
:10FDF000EFE9EEE8ECE7EBE5EDE84E50FFFFFFFF43
:10FE0000CDCE585AB3B0E0DCDEDADDD8DAD6D8D4BD
:10FE1000D5D1D1CFCFCCCCCACBC8C6C4C3C1C0BF4B
:10FE2000BDBCBAB9B7B6B3B2B0B0A5A5B4B5FFFF03
:10FE3000B5B6585A52559898939497999EA2A3A8EC
:10FE4000A7ADABB2AFB75B5C5658A0A9B8C4BECAE9
:10FE500048485B5CC9D2C5CDC7CECACFCCD2CED3C1
:10FE6000D0D4D2D6D2D6B3B4FFFFFFFFFFFFFFFF3F
:10FE7000FFFFFFFFFFFFFFFFFFFFFFFFFFFFFFFF92
:10FE8000FFFFFFFFFFFFFFFFFFFFFFFFFFFFFFFF82
:10FE9000FFFFFFFFFFFFFFFFFFFFFFFF4B4B585828
:10FEA000D6D4F4F0F4F0F4F0F4F0F4F0F4F0F4F06C
:10FEB000FFFF7272FFFFFFFFFFFFFFFFFFFF5555C0
:10FEC0005555F1EDE7E4E7E2E3DFE1DFDEDADAD929
:10FED000D8D5B7B5D6D6FFFFFFFFFFFFFFFFD8D8B5
:10FEE00057575050B9B7AEADA9A7A4A4A09F9B9AED
:10FEF000979691926C6CFBFBF2F2565656567274C2
:10FF0000B3B5B4B7B7BABBBDBFC0C1C2C5C4D0D109
:10FF10005050D3D4D0CFD3D2D5D4D7D5D2C5A3497E
:10FF2000A349A349A349B67155555050D4D0D1CD5A
:10FF3000D8D2DBD7E0DBE4E0E7E3EAE6C5C3E7E7F6
:10FF4000FFFFFFFFFFFF4040F9F5F3F0F4F0F4F09E
:10FF5000F4F0F5F15353FFFF878756565353F6F2EB
:10FF6000F4F0F4F0F3EFF3EFF0EDF1EDF3ED4D4ECF
:10FF7000FFFFFFFFFFFF45455454E9E4E3E0E1DE06
:10FF8000DFDDDCD9D9D8D7D4D4D1D2CFCECBCBC832
:10FF9000C8C6C5C3C2BFBEBCBAB9B8B6B4B45D5E4C
:10FFA000FFFFFFFFB5B5585852529C9B9695929211
:10FFB00098989D9EA2A3A6A8ABAB5455FFFF5252A2
:10FFC000C2C4757658585A5AC6C7C1C2C4C5C7C735
:10FFD000CACACCCCCECFD1CFD2D2B3B3FFFFFFFFB2
:10FFE000FFFFFFFFFFFFFFFFFFFFFFFFFFFFFFFF21
:10FFF000FFFFFFFFFFFFFFFFFFFFFFFFFFFFFFFF11
:020000023000CC
:10000000FFFFFFFFFFFFFFFFFFFFFFFFFFFFFFFF00
:100010004B4D585AD4CFF0EAF0EAF0EAF0EAF0EAB1
:10002000F0EAF0EAFFF97275FFFFFFFFFFFFFFFF45
:10003000FFFF55575557EDE8E4DFE2DDDFDCDFDA9F
:10004000DAD6D9D4D5D2B5B4D6D7FFFFFFFFFFFF9C
:10005000FFFFD8D857595053B7B8ADADA7A7A4A440
:100060009F9F9A9B969792926C6FFBFBF2F2565869
:1000700056587477B5C0B7C3BAC6BDC8C0CAC2CBDC
:10008000C4CCD1D75052D4D7CFD5D2D6D4D6D5D749
:10009000C5D349A449A449A449A471B7555750539D
:1000A000D0D0CDCCD2D0D7D4DBD8E0DCE3DFE6E1D2
:1000B000C3C1E7E7FFFFFFFFFFFF4042F5EFF0EAB4
:1000C000F0EAF0EAF0EAF1EB5355FFFF8788565863
:1000D0005356F2ECF0EAF0EAEFE9EFE9EDE7EDE78D
:1000E000EDE74E50FFFFFFFFFFFF45475456E4DEAC
:1000F000E0DCDED9DDD8D9D5D8D3D4D1D1CECFCCA0
:10010000CBC9C8C6C6C4C3C1BFBFBCBBB9B9B6B5ED
:10011000B4B25E5FFFFFFFFFB5B6585A52549B9CC6
:1001200095969293989A9EA2A3A8A8AEABB4555761
:10013000FFFF5254C4D2767A585A5A5CC7D1C2CD06
:10014000C5CDC7CECACFCCD3CFD4CFD4D2D5B3B4FC
:10015000FFFFFFFFFFFFFFFFFFFFFFFFFFFFFFFFAF
:10016000FFFFFFFFFFFFFFFFFFFFFFFFFFFFFFFF9F
:10017000FFFFFFFFFFFFFFFFFFFFFFFFFFFFFFFF8F
:10018000FFFFFFFF4B4B5858D6D4F4F0F4F0F4F0D7
:10019000F4F0F4F0F4F0F4F0FFFF8080FFFFFFFFD5
:1001A000FFFFFFFFFFFF55555555F1EEEAE5E7E488
:1001B000E7E2E3DEE0DEDDDAD9D7B6B6E1E1FFFF64
:1001C000FFFFFFFFFFFFD8D857575050BDBBB2B15C
:1001D000ACACA9A8A4A4A09F9A9A96956B6BFCFCC2
:1001E000727258585656AEB1B0B2B3B4B4B7B7BACB
:1001F000BCBDBFC0C1C37D7F57577E7ECECDD1D0A1
:10020000D4D2D6D3A349A349A349A349A349B269E8
:10021000944B934AAA61AA60AB62AC63AD64AE64CE
:10022000AF65AF66A960AF66D4AAFFFFFFFFFFFF0F
:100230003E3EFFFEF3F0F4F0F4F0F5F15453FFFF0F
:10024000878756565353F6F2F4F0F4F0F3EFF3EFDA
:10025000F3EFF0EDF3EF4D4EFFFFFFFFFFFFD1D1C6
:100260005656F6F3E6E1E3DFE1DFDFDCDDDADAD78D
:10027000D6D4D4D1D1CECECBCBC8C8C6C5C3C1BFCE
:10028000BEBCBAB8C1BF4747FFFFFFFFB3B3585862
:1002900052529F9E9999969592939A999D9DA3A447
:1002A000A6A95455FFFFC0C052526A6A53535A5A06
:1002B000C4C5C0C1C2C2C5C5C8C8CACACDCDCFCECB
:1002C000D0CFB2B2FFFFFFFFFFFFFFFFFFFFFFFF37
:1002D000FFFFFFFFFFFFFFFFFFFFFFFFFFFFFFFF2E
:1002E000FFFFFFFFFFFFFFFFFFFFFFFFFFFFFFFF1E
:1002F000FFFFFFFFFFFFFFFF4B4D585AD4CFF0EA3F
:10030000F0EAF0EAF0EAF0EAF0EAF0EAFFF98081D8
:10031000FFFFFFFFFFFFFFFFFFFF55575557EEE8B9
:10032000E5E0E4DFE2DDDEDBDED9DAD6D7D3B6B551
:10033000E1E2FFFFFFFFFFFFFFFFD8D85759505200
:10034000BBBBB1B1ACACA8A7A4A39F9F9A9A95964A
:100350006B6BFCFB7273585A5658B1B9B2BCB4C03F
:10036000B7C4BAC5BDC8C0CAC3CB7F8257597E8146
:10037000CDD2D0D5D2D6D3D749A449A449A449A433
:1003800049A469B34B954A9561AB60AB62AC63AC71
:1003900064AD64AE65AE66AF60A966B0AAD5FFFF76
:1003A000FFFFFFFF3E40FEF8F0EAF0EAF0EAF1EB73
:1003B0005356FFFF878856585356F2ECF0EAF0EA9E
:1003C000EFE9EFE9EFE9EDE7EFE84E50FFFFFFFF60
:1003D000FFFFD1D15659F3EDE1DDDFDBDFD9DCD70B
:1003E000DAD6D7D4D4D0D1CECECCCBC9C8C5C6C32B
:1003F000C3C0BFBEBCBBB8B9BFBF4749FFFFFFFF0B
:10040000B3B4585A52549E9F999995959394999B39
:100410009DA2A4A9A9AF5556FFFFC0C152546A6B53
:1004200053555A5CC5D0C1CBC2CCC5CDC8CFCAD0FC
:10043000CDD3CED3CFD4B2B4FFFFFFFFFFFFFFFF7A
:10044000FFFFFFFFFFFFFFFFFFFFFFFFFFFFFFFFBC
:10045000FFFFFFFFFFFFFFFFFFFFFFFFFFFFFFFFAC
:10046000FFFFFFFFFFFFFFFFFFFFFFFF4B4B585852
:10047000D6D4F4F0F4F0F4F0F4F0F4F0F4F0F4F096
:10048000FFFF8181FFFFFFFFFFFFFFFFFFFF5555CC
:100490005555F3F1EAE8EAE6E7E4E7E1E2DFDFDD1C
:1004A000DCD9B9B9E0E0FFFFFFFFFFFFFFFFD8D8BD
:1004B00057574F50C1BFB5B4B1B0ADACA8A7A4A2B7
:1004C0009F9E9B9A6B6BFFFF4A4A58585050ACADA9
:1004D000ADAFB2B4B2B5B5B8B9BBBBBCC6C74A4A7A
:1004E00051514B4BD2D2CECED1D0D4D1A349A34976
:1004F000A349A349A349A349A349A349A349A3499C
:10050000A349A349A349A349A349A349A349A3498B
:10051000A349FFFFFFFFFFFFF2F24142FFFBF3F0B1
:10052000F4F0F6F24B4CFFFF878756565353F6F222
:10053000F4F0F4F0F4F0F3EFF3EFF3EFF3F04C4DED
:10054000FFFFFFFFFFFFFFFF67676060E7E4E7E192
:10055000E4E0E0DFDFDDDCD9D9D6D6D3D3CFD1CE0E
:10056000CDCACBC7C9C5C4C3C1C0BEBC6F6FF8F884
:10057000FFFFFFFFA4A458585151A3A29D9C999935
:100580009594929299989E9FA4A35456FFFFFFFFC3
:10059000AFAFFFFF52525A5AC1C1BDBEC0C1C2C2A5
:1005A000C4C5C8C8CBCBCDCDCECEB1B1FFFFFFFF08
:1005B000FFFFFFFFFFFFFFFFFFFFFFFFFFFFFFFF4B
:1005C000FFFFFFFFFFFFFFFFFFFFFFFFFFFFFFFF3B
:1005D000FFFFFFFFFFFFFFFFFFFFFFFFFFFFFFFF2B
:1005E0004B4D585AD4CFF0EAF0EAF0EAF0EAF0EADC
:1005F000F0EAF0EAFFF98183FFFFFFFFFFFFFFFF53
:10060000FFFF55575557F1E9E8E3E6E1E4DFE1DDA7
:10061000DFDADDD8D9D6B9B7E0E1FFFFFFFFFFFF92
:10062000FFFFD8D857595052BFBEB4B4B0B0ACAC2D
:10063000A7A7A2A39E9F9A9B6B6DFFFF4A4C585A97
:100640005052ADB5AFB7B4BDB5C1B8C4BBC7BCC8D7
:10065000C7D14A4C51544B4CD2D8CED2D0D4D1D69B
:1006600049A449A449A449A449A449A449A449A422
:1006700049A449A449A449A449A449A449A449A412
:1006800049A449A449A4FFFFFFFFFFFFF2F342453D
:10069000FBF4F0EAF0EAF2EB4C4FFFFF8788565884
:1006A0005356F2ECF0EAF0EAF0EAEFE9EFE9EFE9AD
:1006B000F0EA4D4FFFFFFFFFFFFFFFFF676A606239
:1006C000E4DFE1DDE0DCDFD9DDD8D9D5D6D4D3D085
:1006D000CFCDCECCCAC8C7C5C5C3C3BFC0BEBCBBC7
:1006E0006F71F8F9FFFFFFFFA4A5585A5153A2A359
:1006F0009C9D999994959293989A9FA3A3A85657D5
:10070000FFFFFFFFAFB0FFFF52545A5CC1CCBEC920
:10071000C1CBC2CCC5CDC8CECBD1CDD2CED5B1B256
:10072000FFFFFFFFFFFFFFFFFFFFFFFFFFFFFFFFD9
:10073000FFFFFFFFFFFFFFFFFFFFFFFFFFFFFFFFC9
:10074000FFFFFFFFFFFFFFFFFFFFFFFFFFFFFFFFB9
:10075000FFFFFFFF4B4B5858D6D2F2F0F4F0F4F005
:10076000F4F0F4F0F4F0F4F0FFFF8181FFFFFFFFFD
:10077000FFFFFFFFFFFF55555555F5F1ECEAEAE79E
:10078000EAE5E6E3E5E2E3DEDFDEBBBAE0E0FFFF59
:10079000FFFFFFFFFFFFD8D857574E50C6C3BAB967
:1007A000B5B3B1AFADACA8A6A3A3A09F6D6CE4E4B4
:1007B000575756587C7CA4A6A8AAADAEB0B2B4B523
:1007C000B5B8B9BBB0B0CCCCBDBD5656C2C4CCCC0C
:1007D000CECED1CFA349A349A349A349A349A34955
:1007E000A349A349A349A349A349A349A349A349A9
:1007F000A349A349A349A349A349FFFFFFFFFFFF63
:10080000FFFFCDCD5151F9F4F4F0F6F24D4DFFFF5D
:10081000878756565353F6F2F4F0F4F0F4F0F4F000
:10082000F2EEF3EFF5F14A4AFFFFFFFFFFFFFFFF94
:10083000FFFF6060C0BEE5E2E6E2E3DEE1DFE0DCB0
:10084000DDD9D9D7D5D3D3D0D1CECDCBCBC8C7C5A1
:10085000C4C2B8B76767FFFFFFFFFFFFA4A45858E3
:100860005151A6A6A1A09D9C9998959492929A9A6E
:100870009E9E5555FFFFFFFFFFFFFFFF52525A5A42
:10088000BCBFBABBBDBEC0C0C1C4C4C5C8C8CACA4B
:10089000CCCCCBCBFFFFFFFFFFFFFFFFFFFFFFFF36
:1008A000FFFFFFFFFFFFFFFFFFFFFFFFFFFFFFFF58
:1008B000FFFFFFFFFFFFFFFFFFFFFFFFFFFFFFFF48
:1008C000FFFFFFFFFFFFFFFF4B4D585AD2CFF0EA6B
:1008D000F0EAF0EAF0EAF0EAF0EAF0EAFFF9818300
:1008E000FFFFFFFFFFFFFFFFFFFF55575557F1EDDC
:1008F000EAE3E7E2E5E0E3DEE2DEDEDADED9BAB93A
:10090000E0E1FFFFFFFFFFFFFFFFD8D8575950522C
:10091000C3C2B9B8B3B5AFB0ACACA6A7A3A49F9FF0
:100920006C6DE4E45759585A7C7FA6ABAAB1AEB7B8
:10093000B2BCB5C2B8C3BBC6B0B9CCCDBDBF5658AA
:10094000C4C8CCD3CED3CFD449A449A449A449A484
:1009500049A449A449A449A449A449A449A449A42F
:1009600049A449A449A449A449A449A449A4FFFF0E
:10097000FFFFFFFFFFFFCDCD5154F4EEF0EAF2EBA5
:100980004D50FFFF878856585356F2ECF0EAF0EAD4
:10099000F0EAF0EAEEE8EFE9F1EB4A4DFFFFFFFF86
:1009A000FFFFFFFFFFFF6062BEBCE2DDE2DDDEDBDA
:1009B000DFDADCD8D9D5D7D3D3CFD0CDCECBCBC906
:1009C000C8C5C5C2C2C0B7B66768FFFFFFFFFFFF5B
:1009D000A4A5585A5153A6A6A0A09C9D989A949558
:1009E00092939A9B9EA25556FFFFFFFFFFFFFFFFCA
:1009F00052545A5CBFCBBBC5BEC9C0CBC4CDC5CE5B
:100A0000C8CECAD0CCD4CBCCFFFFFFFFFFFFFFFF87
:100A1000FFFFFFFFFFFFFFFFFFFFFFFFFFFFFFFFE6
:100A2000FFFFFFFFFFFFFFFFFFFFFFFFFFFFFFFFD6
:100A3000FFFFFFFFFFFFFFFFFFFFFFFF4B4B58587C
:100A4000E6E2F3EEF2F0F4F0F4F0F4F0F4F0F4F0A7
:100A5000FFFF8181FFFFFFFFFFFFFFFFFFFF5555F6
:100A60005353FAF5ECEAEDE9E9E7E9E5E5E3E5E218
:100A7000E2DEBDBCE0E0FFFFFFFFFFFFFFFFD8D8D5
:100A800057574E4FC9C7BDBBB8B8B5B4B0B0ACAB83
:100A9000A9A7A4A26F6E616158585656A0A19FA144
:100AA000A5A6A9AAADADB0B3B4B5B6B94D4EFFFF7A
:100AB000FFFF4E4E6566C9C9CBCCCECDB06FA34902
:100AC000A349A349A349A349A349A349A349A349C6
:100AD000A349A349A349A349A349A349A349A349B6
:100AE000C286FFFFFFFFFFFFFFFFFFFF97977778AB
:100AF000F4EFF6F24D4DFFFF868656565253F6F24E
:100B0000F4F0F4F0F4F0F4F0F4F0F3EFF5F14A4A15
:100B1000FFFFFFFFFFFFFFFFFFFFFFFF4D4DC0BEC9
:100B2000E6E4E6E2E3DFE0DDDFDCDCD9D8D6D6D4EC
:100B3000D4D1D0CECDCCCBC8BDBA4141FFFFFFFF51
:100B4000FFFFFFFFA4A458585151ABAAA4A3A1A032
:100B50009D9C9898949394949B9A5455FFFFFFFF03
:100B6000FFFFFFFF52525A5ABABDB7B9BABBBDBE5A
:100B7000C1C1C2C4C5C6C7C7C9CACACAFFFFFFFF31
:100B8000FFFFFFFFFFFFFFFFFFFFFFFFFFFFFFFF75
:100B9000FFFFFFFFFFFFFFFFFFFFFFFFFFFFFFFF65
:100BA000FFFFFFFFFFFFFFFFFFFFFFFFFFFFFFFF55
:100BB0004B4D585AE2DCEEE7F0EAF0EAF0EAF0EAF0
:100BC000F0EAF0EAFFF98183FFFFFFFFFFFFFFFF7D
:100BD000FFFF55575355F5EFEAE3E9E4E7E2E5E0B7
:100BE000E3DEE2DDDEDABCBBE0E1FFFFFFFFFFFF9B
:100BF000FFFFD8D857594F52C7C5BBBBB8B6B4B41E
:100C0000B0B0ABABA7A6A2A36E706163585A56589A
:100C1000A1A4A1A4A6ABAAB2ADB8B3BDB5C2B9C5D3
:100C20004E4FFFFFFFFF4E506668C9D0CCD2CDD2E9
:100C30006FB249A449A449A449A449A449A449A418
:100C400049A449A449A449A449A449A449A449A43C
:100C500049A449A486C2FFFFFFFFFFFFFFFFFFFF7C
:100C600097997879EFE9F2EB4D50FFFF8687565858
:100C70005355F2ECF0EAF0EAF0EAF0EAF0EAEFE9D4
:100C8000F1EB4A4DFFFFFFFFFFFFFFFFFFFFFFFFFD
:100C90004D50BEBCE4DFE2DEDFDBDDDADCD8D9D5E7
:100CA000D6D3D4D0D1CECECBCCCAC8C6BAB94144A3
:100CB000FFFFFFFFFFFFFFFFA4A5585A5153AAA94A
:100CC000A3A4A0A09C9D9898939494959A9C555702
:100CD000FFFFFFFFFFFFFFFF52545A5CBDCAB9C6BA
:100CE000BBC5BEC8C1CBC4CDC6CEC7CECAD0CACB89
:100CF000FFFFFFFFFFFFFFFFFFFFFFFFFFFFFFFF04
:100D0000FFFFFFFFFFFFFFFFFFFFFFFFFFFFFFFFF3
:100D1000FFFFFFFFFFFFFFFFFFFFFFFFFFFFFFFFE3
:100D2000FFFFFFFF4B4B5858E6E2F2EEF3EFF3F014
:100D3000F4F0F4F0F4F0F4F0FFFF8181FFFFFFFF27
:100D4000FFFFFFFFFFFF43435353FFFFFFFAFCF991
:100D5000FCF6F9F4F7F2F5F1F3EFCAC8E0E0FFFFB3
:100D6000FFFFFFFFFFFFFFFF45455050D7D4CCCA20
:100D7000C7C5C2C2BDBCB8B7B4B3AFAE73728E8EB6
:100D80005757555597979E9EA4A5A8ABADAFB1B444
:100D9000B6B8BFC27272FFFFFFFFA9A95150D5D5E7
:100DA000D0D0D3D3D6D6D9D7DCD9DDDBEBE95555B6
:100DB00046465050AAAAAFAEBBB8C5C1CDC8D5D023
:100DC000DAD6DFDBC2C0E7E7FFFFFFFFFFFFFFFF71
:100DD000FFFFFFFFFFFF7070B1B0FFFB4E4EFFFF44
:100DE000F1F150505757FFFFFFFFFFFFFFFFFFFFDD
:100DF000FFFFFFFFFFFF4B4CFFFFFFFFFFFFFFFF6A
:100E0000FFFFFFFFFFFF87875252F3F1E9E6E3DEC2
:100E1000DFDEDEDBDBD9D9D6D6D4D6D3DFDC5C5D32
:100E20006D6DFFFFFFFFFFFFFFFFFFFFFFFF4D4D5A
:100E30005050B7B5AFAEABA9A7A5A2A09E9D9A97FB
:100E400099995757FFFFFFFFFFFFFFFF52525A5A72
:100E5000B9BCB5B8B7BABABCBEBFC1C1C3C4C5C5B9
:100E6000C8C8CACAFFFFFFFFFFFFFFFFFFFFFFFF6A
:100E7000FFFFFFFFFFFFFFFFFFFFFFFFFFFFFFFF82
:100E8000FFFFFFFFFFFFFFFFFFFFFFFFFFFFFFFF72
:100E9000FFFFFFFFFFFFFFFF4B4D585AE2DFEEE879
:100EA000EFE8F0EAF0EAF0EAF0EAF0EAFFF981832D
:100EB000FFFFFFFFFFFFFFFFFFFF43455355FFFE0F
:100EC000FAF3F9F1F6F0F4EFF2ECF1ECEFEAC8C561
:100ED000E0E1FFFFFFFFFFFFFFFFFFFF454750532C
:100EE000D4D0CAC8C5C4C2BFBCBAB7B7B3B3AEAE1C
:100EF00072738E8E5759555797999EA1A5AAABB07C
:100F0000AFB6B4BCB8C3C2D07274FFFFFFFFA9A8CC
:100F10005052D5DFD0D6D3D9D6DBD7DCD9DEDBE053
:100F2000E9EC555846485052AAB0AEB3B8BBC1C35D
:100F3000C8CAD0CFD6D5DBD9C0BFE7E7FFFFFFFFD8
:100F4000FFFFFFFFFFFFFFFFFFFF7071B0AEFBF47D
:100F50004E51FFFFF1F15051575AFFFAFFF8FFF8D9
:100F6000FFF8FFF8FFF8FFF8FFF84C4FFFFFFFFF17
:100F7000FFFFFFFFFFFFFFFFFFFF87875255F1ECE9
:100F8000E6E1DEDADED8DBD7D9D5D6D3D4D0D3D0DC
:100F9000DCD75D606D6FFFFFFFFFFFFFFFFFFFFF0F
:100FA000FFFF4D4F5052B5B4AEADA9AAA5A6A0A162
:100FB0009D9E9798999A5759FFFFFFFFFFFFFFFFEC
:100FC00052545A5CBCC8B8C3BAC6BCC7BFC9C1CAB0
:100FD000C4CCC5CEC8CFCACBFFFFFFFFFFFFFFFFCA
:100FE000FFFFFFFFFFFFFFFFFFFFFFFFFFFFFFFF11
:100FF000FFFFFFFFFFFFFFFFFFFFFFFFFFFFFFFF01
:10100000FFFFFFFFFFFFFFFFFFFFFFFF4B4B5858A6
:10101000E7E3F2ECF3EFF3EEF3F0F4F0F4F0F4F0D6
:10102000FFFF8181FFFFFFFFFFFFFFFFFFFFFFFFCC
:101030004C4C4A4A4A4A4A4A4A4A4A4A4A4A4A4A0C
:101040004A4A4D4DDEDEFFFFFFFFFFFFFFFFFFFFC0
:10105000FFFF4D4D4B4C4C4C4C4C4C4C4D4C4D4C67
:101060004D4D4D4D4D4DFFFF8F8F52524C4C4C4CC2
:101070004B4B4B4B4A4A4A4A4A4A4949FCFCFFFF00
:10108000FFFFFFFFACAC4949494848484848484839
:101090004848484848474A4AFFFF3B3B3A3A3A3AB1
:1010A0003939393938393737373737373939E2E26B
:1010B000FFFFFFFFFFFFFFFFFFFFFFFFFFFFFFFF40
:1010C0006A6A35363535FFFFFFFFF5F53D3D3A3AA3
:1010D0003A3A3A3A3A3A3A3A3A3A3A3A3A3A34347C
:1010E000FFFFFFFFFFFFFFFFFFFFFFFFFFFFFFFF10
:1010F000FFFF6C6B34356F6FA6A6BCB9BEBBA7A54E
:10110000727137385D5DFFFFFFFFFFFFFFFFFFFFDD
:10111000FFFFFFFFFFFFFFFF3D3D3C3C3C3C3D3DF3
:101120003D3D3D3D3D3D3D3D3D3D3B3BFFFFFFFFEB
:10113000FFFFFFFF52525A5AB7BAB4B6B4B7B8BAA3
:10114000BBBDBEBFC1C2C2C3C5C6CACAFFFFFFFF87
:10115000FFFFFFFFFFFFFFFFFFFFFFFFFFFFFFFF9F
:10116000FFFFFFFFFFFFFFFFFFFFFFFFFFFFFFFF8F
:10117000FFFFFFFFFFFFFFFFFFFFFFFFFFFFFFFF7F
:101180004B4D585AE3DDECE8EFE8EEE8F0EAF0EA20
:10119000F0EAF0EAFFF98183FFFFFFFFFFFFFFFFA7
:1011A000FFFFFFFF4C4F4A4C4A4C4A4C4A4C4A4CBA
:1011B0004A4C4A4C4A4C4D4EDEDFFFFFFFFFFFFF1B
:1011C000FFFFFFFFFFFF4D4F4C4D4C4D4C4E4C4E23
:1011D0004C4F4C4F4D4F4D4F4D4FFFFF8F91525342
:1011E0004C4E4C4D4B4D4B4C4A4B4A4B4A4B494A4B
:1011F000FCFBFFFFFFFFFFFFACAC494A484A484AEF
:10120000484A48494849484947494A4CFFFF3B3DFD
:101210003A3C3A3C393B393B393B373A373A373934
:10122000393CE2E2FFFFFFFFFFFFFFFFFFFFFFFF91
:10123000FFFFFFFF6A6B36383537FFFFFFFFF5F51D
:101240003D3F3A3C3A3C3A3C3A3C3A3C3A3C3A3CE8
:101250003A3C3436FFFFFFFFFFFFFFFFFFFFFFFFBA
:10126000FFFFFFFFFFFF6B6C35386F70A6A5B9B7A6
:10127000BBB8A5A57173383A5D5FFFFFFFFFFFFFA5
:10128000FFFFFFFFFFFFFFFFFFFFFFFF3D403C3F72
:101290003C3F3D3F3D3F3D3F3D3F3D3F3D403B3D72
:1012A000FFFFFFFFFFFFFFFF52545A5CBAC5B6C2F3
:1012B000B7C4BAC6BDC6BFC9C2CAC3CCC6CECACBE4
:1012C000FFFFFFFFFFFFFFFFFFFFFFFFFFFFFFFF2E
:1012D000FFFFFFFFFFFFFFFFFFFFFFFFFFFFFFFF1E
:1012E000FFFFFFFFFFFFFFFFFFFFFFFFFFFFFFFF0E
:1012F000FFFFFFFF4B4B5858E5E2F1ECF2ECF3EF48
:10130000F3EEF3F0F4F0F4F0FFFF8383FFFFFFFF51
:10131000FFFFFFFFFFFFFFFFFFFFFFFFFFFFFFFFDD
:10132000FFFFFFFFFFFFFFFFFFFFFFFFFFFFFFFFCD
:10133000FFFFFFFFFFFFFFFFFFFFFFFFFFFFFFFFBD
:10134000FFFFFFFFFFFFFFFFFFFFFFFFFFFFFFFFAD
:10135000FFFFFFFFFFFFFFFFFFFFFFFFFFFFFFFF9D
:10136000FFFFFFFFFFFFFFFFFFFFFFFFFFFFFFFF8D
:10137000FFFFFFFFFFFFFFFFFFFFFFFFFFFFFFFF7D
:10138000FFFFFFFFFFFFFFFFFFFFFFFFFFFFFFFF6D
:10139000FFFFFFFFFFFFFFFFFFFFFFFFFFFFFFFF5D
:1013A000FFFFFFFFFFFFFFFFFFFFFFFFFFFFFFFF4D
:1013B000FFFFFFFFFFFFFFFFFFFFFFFFFFFFFFFF3D
:1013C000FFFFFFFFFFFFFFFFFFFFFFFFFFFFFFFF2D
:1013D000FFFFFFFFFFFFFFFFFFFFFFFFFFFFFFFF1D
:1013E000FBFBDBDBDBDBF5F5FFFFFFFFFFFFFFFFB9
:1013F000FFFFFFFFFFFFFFFFFFFFFFFFFFFFFFFFFD
:10140000FFFFFFFFFFFFFFFFFFFFFFFFFFFFFFFFEC
:10141000FFFFFFFFFFFFFFFFFFFFFFFF5252595982
:10142000B5B7B2B3B4B6B5B7B7BABBBDBEBFC1C22C
:10143000C3C4CACAFFFFFFFFFFFFFFFFFFFFFFFF9D
:10144000FFFFFFFFFFFFFFFFFFFFFFFFFFFFFFFFAC
:10145000FFFFFFFFFFFFFFFFFFFFFFFFFFFFFFFF9C
:10146000FFFFFFFFFFFFFFFF4B4D585AE2DDECE6A9
:10147000ECE8EFE8EEE8F0EAF0EAF0EAFFFA83845D
:10148000FFFFFFFFFFFFFFFFFFFFFFFFFFFFFFFF6C
:10149000FFFFFFFFFFFFFFFFFFFFFFFFFFFFFFFF5C
:1014A000FFFFFFFFFFFFFFFFFFFFFFFFFFFFFFFF4C
:1014B000FFFFFFFFFFFFFFFFFFFFFFFFFFFFFFFF3C
:1014C000FFFFFFFFFFFFFFFFFFFFFFFFFFFFFFFF2C
:1014D000FFFFFFFFFFFFFFFFFFFFFFFFFFFFFFFF1C
:1014E000FFFFFFFFFFFFFFFFFFFFFFFFFFFFFFFF0C
:1014F000FFFFFFFFFFFFFFFFFFFFFFFFFFFFFFFFFC
:10150000FFFFFFFFFFFFFFFFFFFFFFFFFFFFFFFFEB
:10151000FFFFFFFFFFFFFFFFFFFFFFFFFFFFFFFFDB
:10152000FFFFFFFFFFFFFFFFFFFFFFFFFFFFFFFFCB
:10153000FFFFFFFFFFFFFFFFFFFFFFFFFFFFFFFFBB
:10154000FFFFFFFFFFFFFFFFFFFFFFFFFFFFFFFFAB
:10155000FFFFFFFFFBFCDBDBDBDCF5F5FFFFFFFF45
:10156000FFFFFFFFFFFFFFFFFFFFFFFFFFFFFFFF8B
:10157000FFFFFFFFFFFFFFFFFFFFFFFFFFFFFFFF7B
:10158000FFFFFFFFFFFFFFFFFFFFFFFFFFFFFFFF6B
:101590005254595BB7C1B3BEB6C1B7C3BAC6BDC713
:1015A000BFC9C2C9C4CDCACBFFFFFFFFFFFFFFFF0A
:1015B000FFFFFFFFFFFFFFFFFFFFFFFFFFFFFFFF3B
:1015C000FFFFFFFFFFFFFFFFFFFFFFFFFFFFFFFF2B
:1015D000FFFFFFFFFFFFFFFFFFFFFFFF4B4B5858D1
:1015E000E3DFEFEBF0ECF2ECF3EFF3EEF3F0F4F01B
:1015F000FFFF8484FFFFFFFFFFFFFFFFFFFFFFFFF1
:10160000FFFFFFFFFFFFFFFFFFFFFFFFFFFFFFFFEA
:10161000FFFFFFFFFFFFFFFFFFFFFFFFFFFFFFFFDA
:10162000FFFFFFFFFFFFFFFFFFFFFFFFFFFFFFFFCA
:10163000FFFFFFFFFFFFFFFFFFFFFFFFFFFFFFFFBA
:10164000FFFFFFFFFFFFFFFFFFFFFFFFFFFFFFFFAA
:10165000FFFFFFFFFFFFFFFFFFFFFFFFFFFFFFFF9A
:10166000FFFFFFFFFFFFFFFFFFFFFFFFFFFFFFFF8A
:10167000FFFFFFFFFFFFFFFFFFFFFFFFFFFFFFFF7A
:10168000FFFFFFFFFFFFFFFFFFFFFFFFFFFFFFFF6A
:10169000FFFFFFFFFFFFFFFFFFFFFFFFFFFFFFFF5A
:1016A000FFFFFFFFFFFFFFFFFFFFFFFFFFFFFFFF4A
:1016B000FFFFFFFFFFFFFFFFFFFFFFFFFFFFFFFF3A
:1016C000FFFFFFFFFFFFFFFFFFFFFFFFFFFFFFFF2A
:1016D000FFFFFFFFFFFFFFFFFFFFFFFFFFFFFFFF1A
:1016E000FFFFFFFFFFFFFFFFFFFFFFFFFFFFFFFF0A
:1016F000FFFFFFFFFFFFFFFFFFFFFFFFFFFFFFFFFA
:10170000FFFFFFFF52525959B2B3AEB1B2B4B3B6F4
:10171000B5B8B9BBBBBDBEBFC3C4CACAFFFFFFFFDC
:10172000FFFFFFFFFFFFFFFFFFFFFFFFFFFFFFFFC9
:10173000FFFFFFFFFFFFFFFFFFFFFFFFFFFFFFFFB9
:10174000FFFFFFFFFFFFFFFFFFFFFFFFFFFFFFFFA9
:101750004B4D585ADFDBEBE6ECE6ECE8EFE8EEE861
:10176000F0EAF0EAFFFA8485FFFFFFFFFFFFFFFFCB
:10177000FFFFFFFFFFFFFFFFFFFFFFFFFFFFFFFF79
:10178000FFFFFFFFFFFFFFFFFFFFFFFFFFFFFFFF69
:10179000FFFFFFFFFFFFFFFFFFFFFFFFFFFFFFFF59
:1017A000FFFFFFFFFFFFFFFFFFFFFFFFFFFFFFFF49
:1017B000FFFFFFFFFFFFFFFFFFFFFFFFFFFFFFFF39
:1017C000FFFFFFFFFFFFFFFFFFFFFFFFFFFFFFFF29
:1017D000FFFFFFFFFFFFFFFFFFFFFFFFFFFFFFFF19
:1017E000FFFFFFFFFFFFFFFFFFFFFFFFFFFFFFFF09
:1017F000FFFFFFFFFFFFFFFFFFFFFFFFFFFFFFFFF9
:10180000FFFFFFFFFFFFFFFFFFFFFFFFFFFFFFFFE8
:10181000FFFFFFFFFFFFFFFFFFFFFFFFFFFFFFFFD8
:10182000FFFFFFFFFFFFFFFFFFFFFFFFFFFFFFFFC8
:10183000FFFFFFFFFFFFFFFFFFFFFFFFFFFFFFFFB8
:10184000FFFFFFFFFFFFFFFFFFFFFFFFFFFFFFFFA8
:10185000FFFFFFFFFFFFFFFFFFFFFFFFFFFFFFFF98
:10186000FFFFFFFFFFFFFFFFFFFFFFFFFFFFFFFF88
:10187000FFFFFFFFFFFFFFFF5254595BB3BBB1BA3D
:10188000B4BEB6C2B8C4BBC6BDC8BFCAC4CDCACB3D
:10189000FFFFFFFFFFFFFFFFFFFFFFFFFFFFFFFF58
:1018A000FFFFFFFFFFFFFFFFFFFFFFFFFFFFFFFF48
:1018B000FFFFFFFFFFFFFFFFFFFFFFFFFFFFFFFF38
:1018C000FFFFFFFF4B4B5858E0DDEBE8EFEBF1ED8E
:1018D000F2ECF3EFF3EEF4F0FFFF8484FFFFFFFF81
:1018E000FFFFFFFFFFFFFFFFFFFFFFFFFFFFFFFF08
:1018F000FFFFFFFFFFFFFFFFFFFFFFFFFFFFFFFFF8
:10190000FFFFFFFFFFFFFFFFFFFFFFFFFFFFFFFFE7
:10191000FFFFFFFFFFFFFFFFFFFFFFFFFFFFFFFFD7
:10192000FFFFFFFFFFFFFFFFFFFFFFFFFFFFFFFFC7
:10193000FFFFFFFFFFFFFFFFFFFFFFFFFFFFFFFFB7
:10194000FFFFFFFFFFFFFFFFFFFFFFFFFFFFFFFFA7
:10195000FFFFFFFFFFFFFFFFFFFFFFFFFFFFFFFF97
:10196000FFFFFFFFFFFFFFFFFFFFFFFFFFFFFFFF87
:10197000FFFFFFFFFFFFFFFFFFFFFFFFFFFFFFFF77
:10198000FFFFFFFFFFFFFFFFFFFFFFFFFFFFFFFF67
:10199000FFFFFFFFFFFFFFFFFFFFFFFFFFFFFFFF57
:1019A000FFFFFFFFFFFFFFFFFFFFFFFFFFFFFFFF47
:1019B000FFFFFFFFFFFFFFFFFFFFFFFFFFFFFFFF37
:1019C000FFFFFFFFFFFFFFFFFFFFFFFFFFFFFFFF27
:1019D000FFFFFFFFFFFFFFFFFFFFFFFFFFFFFFFF17
:1019E000FFFFFFFFFFFFFFFFFFFFFFFF52525959AD
:1019F000AEB0ACADAFB1B1B4B5B6B5B8B9BABCBCA8
:101A0000B1B3CACAFFFFFFFFFFFFFFFFFFFFFFFFEA
:101A1000FFFFFFFFFFFFFFFFFFFFFFFFFFFFFFFFD6
:101A2000FFFFFFFFFFFFFFFFFFFFFFFFFFFFFFFFC6
:101A3000FFFFFFFFFFFFFFFF4B4D585ADDD7E8E4E4
:101A4000EBE6EDE6ECE8EFE8EEE8F0EAFFFA848595
:101A5000FFFFFFFFFFFFFFFFFFFFFFFFFFFFFFFF96
:101A6000FFFFFFFFFFFFFFFFFFFFFFFFFFFFFFFF86
:101A7000FFFFFFFFFFFFFFFFFFFFFFFFFFFFFFFF76
:101A8000FFFFFFFFFFFFFFFFFFFFFFFFFFFFFFFF66
:101A9000FFFFFFFFFFFFFFFFFFFFFFFFFFFFFFFF56
:101AA000FFFFFFFFFFFFFFFFFFFFFFFFFFFFFFFF46
:101AB000FFFFFFFFFFFFFFFFFFFFFFFFFFFFFFFF36
:101AC000FFFFFFFFFFFFFFFFFFFFFFFFFFFFFFFF26
:101AD000FFFFFFFFFFFFFFFFFFFFFFFFFFFFFFFF16
:101AE000FFFFFFFFFFFFFFFFFFFFFFFFFFFFFFFF06
:101AF000FFFFFFFFFFFFFFFFFFFFFFFFFFFFFFFFF6
:101B0000FFFFFFFFFFFFFFFFFFFFFFFFFFFFFFFFE5
:101B1000FFFFFFFFFFFFFFFFFFFFFFFFFFFFFFFFD5
:101B2000FFFFFFFFFFFFFFFFFFFFFFFFFFFFFFFFC5
:101B3000FFFFFFFFFFFFFFFFFFFFFFFFFFFFFFFFB5
:101B4000FFFFFFFFFFFFFFFFFFFFFFFFFFFFFFFFA5
:101B5000FFFFFFFFFFFFFFFFFFFFFFFFFFFFFFFF95
:101B60005254595BB0B7ADB5B1BBB4BEB6C2B8C480
:101B7000BAC7BCC8B3BACACBFFFFFFFFFFFFFFFF66
:101B8000FFFFFFFFFFFFFFFFFFFFFFFFFFFFFFFF65
:101B9000FFFFFFFFFFFFFFFFFFFFFFFFFFFFFFFF55
:101BA000FFFFFFFFFFFFFFFFFFFFFFFF4B4B5A5AF7
:101BB000DEDBEAE7EDE8EFEBF1ECF2ECF3EFF3EE6E
:101BC000FFFF8484FFFFFFFFFFFFFFFFFFFFFFFF1B
:101BD000FFFFFFFFFFFFFFFFFFFFFFFFFFFFFFFF15
:101BE000FFFFFFFFFFFFFFFFFFFFFFFFFFFFFFFF05
:101BF000FFFFFFFFFFFFFFFFFFFFFFFFFFFFFFFFF5
:101C0000FFFFFFFFFFFFFFFFFFFFFFFFFFFFFFFFE4
:101C1000FFFFFFFFFFFFFFFFFFFFFFFFFFFFFFFFD4
:101C2000FFFFFFFFFFFFFFFFFFFFFFFFFFFFFFFFC4
:101C3000FFFFFFFFFFFFFFFFFFFFFFFFFFFFFFFFB4
:101C4000FFFFFFFFFFFFFFFFFFFFFFFFFFFFFFFFA4
:101C5000FFFFFFFFFFFFFFFFFFFFFFFFFFFFFFFF94
:101C6000FFFFFFFFFFFFFFFFFFFFFFFFFFFFFFFF84
:101C7000FFFFFFFFFFFFFFFFFFFFFFFFFFFFFFFF74
:101C8000FFFFFFFFFFFFFFFFFFFFFFFFFFFFFFFF64
:101C9000FFFFFFFFFFFFFFFFFFFFFFFFFFFFFFFF54
:101CA000FFFFFFFFFFFFFFFFFFFFFFFFFFFFFFFF44
:101CB000FFFFFFFFFFFFFFFFFFFFFFFFFFFFFFFF34
:101CC000FFFFFFFFFFFFFFFFFFFFFFFFFFFFFFFF24
:101CD000FFFFFFFF52525959ABACA9AAACAEAEB14F
:101CE000B2B4B4B6B5B9B9BAAFB3CACAFFFFFFFF51
:101CF000FFFFFFFFFFFFFFFFFFFFFFFFFFFFFFFFF4
:101D0000FFFFFFFFFFFFFFFFFFFFFFFFFFFFFFFFE3
:101D1000FFFFFFFFFFFFFFFFFFFFFFFFFFFFFFFFD3
:101D20004B4D5A5CDBD7E7E1E8E4EBE6ECE6ECE8A8
:101D3000EFE8EEE8FFFA8485FFFFFFFFFFFFFFFFFC
:101D4000FFFFFFFFFFFFFFFFFFFFFFFFFFFFFFFFA3
:101D5000FFFFFFFFFFFFFFFFFFFFFFFFFFFFFFFF93
:101D6000FFFFFFFFFFFFFFFFFFFFFFFFFFFFFFFF83
:101D7000FFFFFFFFFFFFFFFFFFFFFFFFFFFFFFFF73
:101D8000FFFFFFFFFFFFFFFFFFFFFFFFFFFFFFFF63
:101D9000FFFFFFFFFFFFFFFFFFFFFFFFFFFFFFFF53
:101DA000FFFFFFFFFFFFFFFFFFFFFFFFFFFFFFFF43
:101DB000FFFFFFFFFFFFFFFFFFFFFFFFFFFFFFFF33
:101DC000FFFFFFFFFFFFFFFFFFFFFFFFFFFFFFFF23
:101DD000FFFFFFFFFFFFFFFFFFFFFFFFFFFFFFFF13
:101DE000FFFFFFFFFFFFFFFFFFFFFFFFFFFFFFFF03
:101DF000FFFFFFFFFFFFFFFFFFFFFFFFFFFFFFFFF3
:101E0000FFFFFFFFFFFFFFFFFFFFFFFFFFFFFFFFE2
:101E1000FFFFFFFFFFFFFFFFFFFFFFFFFFFFFFFFD2
:101E2000FFFFFFFFFFFFFFFFFFFFFFFFFFFFFFFFC2
:101E3000FFFFFFFFFFFFFFFFFFFFFFFFFFFFFFFFB2
:101E4000FFFFFFFFFFFFFFFF5254595BACB2AAB286
:101E5000AEB6B1BBB4BFB6C2B9C5BAC7B3BACACBC6
:101E6000FFFFFFFFFFFFFFFFFFFFFFFFFFFFFFFF82
:101E7000FFFFFFFFFFFFFFFFFFFFFFFFFFFFFFFF72
:101E8000FFFFFFFFFFFFFFFFFFFFFFFFFFFFFFFF62
:101E9000FFFFFFFF4D4D5B5CDAD6E7E4E9E7ECE9D5
:101EA000EEECF0EDF1EDF3EFFFFF8484FFFFFFFFB9
:101EB000FFFFFFFFFFFFFFFFFFFFFFFFFFFFFFFF32
:101EC000FFFFFFFFFFFFFFFFFFFFFFFFFFFFFFFF22
:101ED000FFFFFFFFFFFFFFFFFFFFFFFFFFFFFFFF12
:101EE000FFFFFFFFFFFFFFFFFFFFFFFFFFFFFFFF02
:101EF000FFFFFFFFFFFFFFFFFFFFFFFFFFFFFFFFF2
:101F0000FFFFFFFFFFFFFFFFFFFFFFFFFFFFFFFFE1
:101F1000FFFFFFFFFFFFFFFFFFFFFFFFFFFFFFFFD1
:101F2000FFFFFFFFFFFFFFFFFFFFFFFFFFFFFFFFC1
:101F3000FFFFFFFFFFFFFFFFFFFFFFFFFFFFFFFFB1
:101F4000FFFFFFFFFFFFFFFFFFFFFFFFFFFFFFFFA1
:101F5000FFFFFFFFFFFFFFFFFFFFFFFFFFFFFFFF91
:101F6000FFFFFFFFFFFFFFFFFFFFFFFFFFFFFFFF81
:101F7000FFFFFFFFFFFFFFFFFFFFFFFFFFFFFFFF71
:101F8000FFFFFFFFFFFFFFFFFFFFFFFFFFFFFFFF61
:101F9000FFFFFFFFFFFFFFFFFFFFFFFFFFFFFFFF51
:101FA000FFFFFFFFFFFFFFFFFFFFFFFFFFFFFFFF41
:101FB000FFFFFFFFFFFFFFFFFFFFFFFF52525959D7
:101FC000A6A8A5A7A9AAACAFB0B1B1B4B3B6B5B92C
:101FD000AEB0CACAFFFFFFFFFFFFFFFFFFFFFFFF1B
:101FE000FFFFFFFFFFFFFFFFFFFFFFFFFFFFFFFF01
:101FF000FFFFFFFFFFFFFFFFFFFFFFFFFFFFFFFFF1
:10200000FFFFFFFFFFFFFFFF4D4F5C5ED6D4E4E014
:10201000E7E1E9E3ECE6EDE6EDE8EFE7FFF98485DB
:10202000FFFFFFFFFFFFFFFFFFFFFFFFFFFFFFFFC0
:10203000FFFFFFFFFFFFFFFFFFFFFFFFFFFFFFFFB0
:10204000FFFFFFFFFFFFFFFFFFFFFFFFFFFFFFFFA0
:10205000FFFFFFFFFFFFFFFFFFFFFFFFFFFFFFFF90
:10206000FFFFFFFFFFFFFFFFFFFFFFFFFFFFFFFF80
:10207000FFFFFFFFFFFFFFFFFFFFFFFFFFFFFFFF70
:10208000FFFFFFFFFFFFFFFFFFFFFFFFFFFFFFFF60
:10209000FFFFFFFFFFFFFFFFFFFFFFFFFFFFFFFF50
:1020A000FFFFFFFFFFFFFFFFFFFFFFFFFFFFFFFF40
:1020B000FFFFFFFFFFFFFFFFFFFFFFFFFFFFFFFF30
:1020C000FFFFFFFFFFFFFFFFFFFFFFFFFFFFFFFF20
:1020D000FFFFFFFFFFFFFFFFFFFFFFFFFFFFFFFF10
:1020E000FFFFFFFFFFFFFFFFFFFFFFFFFFFFFFFF00
:1020F000FFFFFFFFFFFFFFFFFFFFFFFFFFFFFFFFF0
:10210000FFFFFFFFFFFFFFFFFFFFFFFFFFFFFFFFDF
:10211000FFFFFFFFFFFFFFFFFFFFFFFFFFFFFFFFCF
:10212000FFFFFFFFFFFFFFFFFFFFFFFFFFFFFFFFBF
:102130005254595BA8ACA7ABAAB1AFB6B1BBB4BF00
:10214000B6C3B9C5B0B8CACBFFFFFFFFFFFFFFFFA3
:10215000FFFFFFFFFFFFFFFFFFFFFFFFFFFFFFFF8F
:10216000FFFFFFFFFFFFFFFFFFFFFFFFFFFFFFFF7F
:10217000FFFFFFFFFFFFFFFFFFFFFFFF4E4E5B5C18
:10218000D6D3E4E0E8E4EAE7ECE8EFECF0EDF1EDDB
:10219000FFFF8484FFFFFFFFFFFFFFFFFFFF52529F
:1021A00057575757575757575757575757575757BF
:1021B00057575757575757575757575757575757AF
:1021C000575757575757575757575757575757579F
:1021D000575757575757575757575757575757578F
:1021E000575757575757575757575757575757577F
:1021F000575757575757575757575757575757576F
:10220000575757575757575757575757575757575E
:10221000575757575757575757575757575757574E
:10222000575757575757575757575757575757573E
:10223000575757575757575757575757575757572E
:10224000575757575757575757575757575757571E
:10225000575757575757575757575757575757570E
:1022600057575757575757575757575757575757FE
:1022700057575757575757575757575757575757EE
:1022800057575757575757575757575757575757DE
:1022900057575757575757575353F8F8FFFFFFFFF4
:1022A000FFFFFFFF52525959A1A1A2A3A5A7A9AAB6
:1022B000ADAEB0B2B3B5B5B7ACAFCACAFFFFFFFFA2
:1022C000FFFFFFFFFFFFFFFFFFFFFFFFFFFFFFFF1E
:1022D000FFFFFFFFFFFFFFFFFFFFFFFFFFFFFFFF0E
:1022E000FFFFFFFFFFFFFFFFFFFFFFFFFFFFFFFFFE
:1022F0004E505C5ED3CFE0DCE4E0E7E1E8E4ECE6FE
:10230000EDE6EDE8FFF88485FFFFFFFFFFFFFFFF2D
:10231000FFFF5254575957595759575957595759F9
:10232000575957595759575957595759575957592D
:10233000575957595759575957595759575957591D
:10234000575957595759575957595759575957590D
:1023500057595759575957595759575957595759FD
:1023600057595759575957595759575957595759ED
:1023700057595759575957595759575957595759DD
:1023800057595759575957595759575957595759CD
:1023900057595759575957595759575957595759BD
:1023A00057595759575957595759575957595759AD
:1023B000575957595759575957595759575957599D
:1023C000575957595759575957595759575957598D
:1023D000575957595759575957595759575957597D
:1023E000575957595759575957595759575957596D
:1023F000575957595759575957595759575957595D
:102400005759575957595759575957595355F8F814
:10241000FFFFFFFFFFFFFFFF5254595BA1A6A3A7D9
:10242000A7ACAAB2AEB7B2BCB5C0B7C3AFB8CACB3F
:10243000FFFFFFFFFFFFFFFFFFFFFFFFFFFFFFFFAC
:10244000FFFFFFFFFFFFFFFFFFFFFFFFFFFFFFFF9C
:10245000FFFFFFFFFFFFFFFFFFFFFFFFFFFFFFFF8C
:10246000FFFFFFFF4E4E5B5CD0CDDFDBE4E0E7E338
:10247000EBE7EDE9EFECF0EDFFFF8484FFFFFFFFFA
:10248000FFFFFFFFFFFF4F4F5959565656565656FE
:1024900056565656565656565656565656575657DA
:1024A00056575657565756575657565756575657C4
:1024B00056575657565756575657565756575657B4
:1024C000565756575757575757575757575757579E
:1024D0005757575757575757575857585758575888
:1024E0005758575857585758575857585758575874
:1024F0005758575857585758585858585858585860
:10250000585858585858585858585858585858584B
:10251000585858585858585858585858585858583B
:10252000585858585858585858585758575857582E
:102530005758575857585758575857585758575823
:102540005758575857585758575857585758575813
:102550005758575857575757575757575757575709
:102560005757575756575657565756575657565701
:1025700056575657565756565656565656565556F9
:1025800055565656FFFFFFFFFFFFFFFF52525959A6
:102590009D9D9D9DA1A2A6A7A9AAADAFB0B2B4B5BD
:1025A000AAADCACAFFFFFFFFFFFFFFFFFFFFFFFF4C
:1025B000FFFFFFFFFFFFFFFFFFFFFFFFFFFFFFFF2B
:1025C000FFFFFFFFFFFFFFFFFFFFFFFFFFFFFFFF1B
:1025D000FFFFFFFFFFFFFFFF4E505C5ECDCBDBD761
:1025E000E0DDE3DFE7E1E9E5ECE7EDE6FFF8848530
:1025F000FFFFFFFFFFFFFFFFFFFF4F51595B5658E3
:102600005658565856585658565856595659565957
:10261000575957595759575957595759575957593A
:10262000575957595759575957595759575957592A
:10263000575957595759575957595759575957591A
:102640005759575957595759575957595859585908
:102650005859585A585A585A585A585A585A585AEB
:10266000585A585A585A585A585A585A585A585ADA
:10267000585A585A585A585A585A585A585A585ACA
:10268000585A585A585A585A585A585A585A585ABA
:10269000585A585A585A585A585A585A585A585AAA
:1026A000585A585A585A585A585A585A585A585A9A
:1026B000585A585A585A585A585A585A585A585A8A
:1026C000585A585A58595859575957595759575984
:1026D000575957595759575957595759575957597A
:1026E0005759575957595759575956585658565870
:1026F0005658565856585658FFFFFFFFFFFFFFFF2A
:102700005255595B9D9E9DA1A2A6A7ADAAB2AFB896
:10271000B2BCB5C0ADB7CACBFFFFFFFFFFFFFFFFE5
:10272000FFFFFFFFFFFFFFFFFFFFFFFFFFFFFFFFB9
:10273000FFFFFFFFFFFF7A7A85858585888895955D
:10274000FFFFFFFFFFFFCDCDFFFFFFFF4E4E5B5CA6
:10275000CCC7D9D6E0DBE4E1E8E3EBE7ECE9EFEB6B
:10276000FFFE8484FFFFFFFFFFFFFFFFFFFF4F4FD0
:10277000585AFFFFFFFBFDFBFCF7FBF6FBF5F8F4F7
:10278000F5F1F5F0F2EDF1ECEDEAECE8EAE5E9E47B
:10279000E8E3E6E2E5DFE3DEE1DDE0DBDEDADBD73E
:1027A000DBD6D8D4D7D1D4D1D2CED0CDCFCACDCA12
:1027B000CBC8C9C6C8C4C5C2C4C1C1BFC1BDBEBBE8
:1027C000BCBAB9B7B7B6B5B4B4B3B1B1AFAFAEADCB
:1027D000ABABAAA8A7A7A7A5A4A4A2A29EA09D9EB2
:1027E0009B9D9A9B97989697939694969696959676
:1027F0009598959795979597959796979697969874
:102800009899989998999899989A999A9A9B9B9B34
:102810009C9C9B9D9C9E9C9D9E9F9F9EA1A0A2A1D7
:10282000A3A5A3A3A6A6A6A8A9A9AAAAABABAEAE28
:10283000AEB0B1B1B3B2B4B3B7B6B8B8BBBBBDBC40
:10284000C0BFC3C1C6C4C8C6CBC8CDCBCFCED4D2FF
:10285000D6D5DAD8DEDCE1DFE6E2E7E6EDEBF1F053
:10286000F7F6FCFAFFFFFFFFFFFF7C7CFFFFFFFF97
:10287000FFFFFFFF53535959979799989D9EA1A326
:10288000A6A7AAABAFAEB0B2A9ACCACAFFFFFFFF02
:10289000FFFFFFFFFFFFFFFFFFFFFFFFFFFFFFFF48
:1028A000FFFFFFFFFFFFFFFFFFFF7A7C8587858724
:1028B000888B9597FFFFFFFFFFFFCDCDFFFFFFFF49
:1028C0004E505C5EC7C7D6D4DBD8E1DDE3E0E7E17C
:1028D000E9E5EBE7FEF88485FFFFFFFFFFFFFFFF61
:1028E000FFFF4F515A5CFFFBFBF5FBF2F7F3F6F2EB
:1028F000F5EEF4EEF1EDF0EAEDE9ECE9EAE6E8E513
:10290000E5E2E4E3E3E0E2E0DFDEDEDDDDDBDBDACF
:10291000DAD8D7D7D6D6D4D6D1D2D1D1CED0CDCE83
:10292000CACCCACCC8CAC6C8C4C7C2C4C1C4BFC343
:10293000BDC0BBBFBABEB7BBB6BBB4B8B3B8B1B409
:10294000AFB4ADB2ABB0A8AEA7AEA5ACA4AAA2A9D5
:10295000A0A79EA69DA59BA198A097A0969E969F96
:10296000969F969F989F97A097A097A097A097A0B3
:1029700097A098A099A099A199A199A19AA29AA289
:102980009BA29BA49CA39DA59EA69DA59FA79EA63A
:10299000A0A8A1A9A5ABA3ACA6ADA8AEA9AFAAB0AB
:1029A000ABB1AEB3B0B5B1B6B2B8B3B8B6BBB8BDE3
:1029B000BBBFBCC0BFC3C1C5C4C8C6CAC8CDCBCECF
:1029C000CED0D2D4D5D6D8D9DCDCDFE0E2E2E6E660
:1029D000EBE9F0EEF6F3FAF7FFFAFFFFFFFF7C7D7D
:1029E000FFFFFFFFFFFFFFFF5355595B9798989A32
:1029F0009EA2A3A7A7ADABB3AEB8B2BCACB5CACBD1
:102A0000FFFFFFFFFFFFFFFFFFFFFFFFFFFFFFFFD6
:102A1000FFFFFFFFFFFFFFFFFFFFFFFFFFFF313162
:102A20005757575746464B4BF9F9FFFFFFFF3F3FBC
:102A3000FFFFFFFF4E4E5B5CC7C3D5D1D9D6E0DCAC
:102A4000E5E1E8E5EBE8ECE8FFFD8484FFFFFFFF4C
:102A5000FFFFFFFFFFFF5151585AF4EFECE9ECE89C
:102A6000EAE8E9E5E8E4E7E2E5E1E3DFE2DEE0DC2D
:102A7000DFDBDCD8DAD7D9D5D8D4D8D3D5D3D4D0E6
:102A8000D2CFD3CED1CCCFCBCCC8CBC7C9C6C8C48C
:102A9000C8C3C4C1C3C0C2BDC0BCBFBBBCB9BCB845
:102AA000B9B7B8B5B6B3B6B2B3B0B0AFAEADADAC02
:102AB000ABAAAAA8A7A7A6A6A4A3A3A3A2A09F9FC8
:102AC0009D9E9C9C9B9B989897989496949391928A
:102AD0008F918E908F9190919090909290929092F1
:102AE00090929092909291929192919292939293CD
:102AF0009292929492939495949594959497959795
:102B000096979799999899999A9A9C9D9C9C9E9E24
:102B10009EA0A0A1A1A2A3A3A4A4A6A6A7A7A9A979
:102B2000AAA8ACACAEAEB1AFB2B2B4B3B7B6BAB895
:102B3000BBBABDBCC1BEC2C2C6C4C9C7CBCACECC5B
:102B4000D2CFD6D2D7D6DBDADFDEE4E3E7E6EDEBB1
:102B5000F1F06F6FFFFFFFFFFFFFFFFF5353595966
:102B60009B9A939299999E9EA3A4A7A8AAABADAF56
:102B7000A7AACACAFFFFFFFFFFFFFFFFFFFFFFFF7C
:102B8000FFFFFFFFFFFFFFFFFFFFFFFFFFFFFFFF55
:102B9000FFFF31335759575946494B4CF9FAFFFF5C
:102BA000FFFF3F41FFFFFFFF4E505C5EC3C2D1CF2E
:102BB000D6D5DCD8E1DDE5E1E8E2E8E5FDF784859E
:102BC000FFFFFFFFFFFFFFFFFFFF51535A5CEFEADC
:102BD000E9E4E8E3E8E1E5E2E4E1E2DDE1DDDFDCD0
:102BE000DEDADCD9DBD8D8D6D7D5D5D3D4D3D3D178
:102BF000D3D0D0D0CFCFCECDCCCBCBCAC8C9C7C70E
:102C0000C6C8C4C5C3C4C1C3C0C1BDBFBCBEBBBDB3
:102C1000B9BCB8BBB7BAB5B8B3B7B2B5B0B3AFB457
:102C2000ADB1ACB0AAAEA8ACA7ABA6ABA3A8A3A706
:102C3000A0A59FA49EA49CA29BA1989F989F969DAF
:102C4000939B929A919A909891999199909992992F
:102C50009299929A929A929A929A929A929A929A15
:102C60009399939B929A949C939C959C959C959CEC
:102C7000979E979E979E99A0989F99A09AA29DA291
:102C80009CA39EA4A0A5A1A6A2A7A3A9A4A9A6AB04
:102C9000A7ACA9ADA8AEACB1AEB2AFB3B2B6B3B744
:102CA000B6B9B8BBBABEBCC0BEC1C2C4C4C6C7C92F
:102CB000CACACCCDCFD1D2D1D6D6DAD9DEDDE3E1C6
:102CC000E6E5EBE8F0EC6F70FFFFFFFFFFFFFFFFB3
:102CD0005355595B9A9B9293999B9EA2A4A7A8AD2A
:102CE000ABB4AFB8AAB1CACBFFFFFFFFFFFFFFFF36
:102CF000FFFFFFFFFFFFFFFFFFFFFFFFFFFFFFFFE4
:102D0000FFFFFFFFFFFFFFFF49494545FFFF4A4A1D
:102D10004444FFFF3E3E4848FFFFFFFF4E4E5B5CD2
:102D2000C0BCCFCBD5D1DAD6E0DCE5E1E9E5EAE716
:102D3000FFFB8484FFFFFFFFFFFFFFFFFFFF5151F9
:102D4000585AF5F1ECE8ECE9ECE8E9E8E9E5E8E502
:102D5000E6E2E5E1E4E0E2DDDFDDDFDBDCD8DBD786
:102D6000D9D4D9D4D8D3D6D2D3CFD3CFD1CED1CC36
:102D7000D0CCCCC8CCC8C9C5C8C4C6C3C4C1C3C0E4
:102D8000C1BDC0BDBEBBBCBABCB7B9B6B8B6B5B4A0
:102D9000B5B2B3B0B1AFAFADACABABABA9A9A7A85F
:102DA000A6A6A5A4A3A3A2A0A09F9E9D9D9C9B9B1D
:102DB000979997989497939490918F918E908F91E3
:102DC00090919091909290929092909290929092F5
:102DD00091929192929392939293929292949393CE
:102DE0009495959595969497959796979799999880
:102DF00099999A9A9B9D9C9C9E9E9EA0A0A0A1A200
:102E0000A2A3A5A5A5A6A7A7A9A9AAA9ADACAEAD41
:102E1000B1B0B2B1B5B3B7B6BAB8BBBABEBCC0BE3A
:102E2000C2C1C6C4C8C7CACACECDD1D0D6D2D7D6E1
:102E3000DBDADFDEE3E3E8E7EDEB6667FFFFFFFFEA
:102E4000FFFFFFFF53535959A09E95959292999970
:102E50009E9EA3A3A7A8AAABA6A7CACAFFFFFFFF6F
:102E6000FFFFFFFFFFFFFFFFFFFFFFFFFFFFFFFF72
:102E7000FFFFFFFFFFFFFFFFFFFFFFFF494B45493C
:102E8000FFFF4A4B4446FFFF3E41484AFFFFFFFF1A
:102E90004E505C5EBCBDCBCAD1CFD6D4DCD8E1DD10
:102EA000E5E1E7E2FBF58485FFFFFFFFFFFFFFFFA2
:102EB000FFFF51535A5CF1ECE8E3E9E4E8E3E8E0B2
:102EC000E5E2E5E1E2DEE1DDE0DBDDDADDDADBD81B
:102ED000D8D6D7D5D4D3D4D4D3D1D2D1CFD0CFCFC5
:102EE000CECDCCCBCCCAC8C9C8C8C5C8C4C5C3C45C
:102EF000C1C3C0C2BDBFBDBFBBBDBABCB7BBB6B905
:102F0000B6B8B4B7B2B5B0B3AFB4ADB1ABB0ABAFA8
:102F1000A9ADA8AAA6ABA4A9A3A6A0A59FA59DA458
:102F20009CA29BA1999F989F979E949B9199919AFF
:102F300090989199919991999299929A929A929A3C
:102F4000929A929A929A929A939A9399939B929A1E
:102F5000949C939C959C959C969D979E979E979EDE
:102F600099A0989F99A09AA19DA29CA39EA4A0A677
:102F7000A0A6A2A7A3A8A5A9A6ABA7ACA9AEA9AED7
:102F8000ACB1ADB2B0B3B1B5B3B8B6B9B8BBBABEF7
:102F9000BCC0BEC2C1C3C4C6C7C8CACBCDCED0D1C7
:102FA000D2D2D6D5DAD9DEDDE3E0E7E4EBE8676933
:102FB000FFFFFFFFFFFFFFFF5355595B9E9F959655
:102FC0009293999C9EA2A3A9A8AEABB3A7AECACB7D
:102FD000FFFFFFFFFFFFFFFFFFFFFFFFFFFFFFFF01
:102FE000FFFFFFFFFFFFFFFFFFFFFFFFFFFFFFFFF1
:102FF00049494545FFFF4A4A5858484858584848A3
:10300000FFFFFFFF4E4E5B5CB9B4C8C4CFCBD6D038
:10301000DAD7DFDAE5E0E8E4FDFA8484FFFFFFFFBA
:10302000FFFFFFFFFFFF5151585AF7F3EFECECE8B9
:10303000ECE9ECE8E9E8E9E5E8E5E7E3E6E2E3DF27
:10304000E2DEDFDCDFDBDDD8DAD8DAD5D8D4D8D3DE
:10305000D5D2D4D0D2CFD1CED1CDCFCBCDC9CBC785
:10306000C9C6C9C5C7C3C5C2C3C0C1BEC0BDBEBB3A
:10307000BDB9BBB8BAB7B8B6B6B3B6B2B3B0B0B0F4
:10308000AFADAEACABABAAA8A8A7A6A6A4A3A3A2BB
:10309000A2A1A09F9D9D9C9C9B9B9899979794977C
:1030A0009593919290918E908F9190919090909213
:1030B00090929092909290929092919291929192FD
:1030C00092939293929292949293949594949496CC
:1030D0009497949796979799999798999A9A9C9D6F
:1030E0009B9B9E9E9EA0A1A1A1A1A3A3A4A4A6A6D2
:1030F000A7A7A9A9ABA9ACABADAEB1AFB2B1B4B300
:10310000B6B6BAB8BBBABDBBC0BEC2C2C6C4C9C6D9
:10311000CAC9CDCCD1CFD6D2D8D7DBDADFDFE3E353
:10312000E7E66767FFFFFFFFFFFFFFFF53535959B4
:10313000A4A2999795939494999A9EA0A3A4A7A8C2
:10314000A3A4CACAFFFFFFFFFFFFFFFFFFFFFFFFB0
:10315000FFFFFFFFFFFFFFFFFFFFFFFFFFFFFFFF7F
:10316000FFFFFFFF494C4549FFFF4A4B585A484A69
:10317000585A484AFFFFFFFF4E505C5EB4B6C4C5C4
:10318000CBCAD0CFD7D5DAD7E0DCE4E1FAF3848636
:10319000FFFFFFFFFFFFFFFFFFFF51535A5CF3EC00
:1031A000ECE7E8E4E9E4E8E3E8E1E5E1E5E1E3DED2
:1031B000E2DEDFDBDEDADCD9DBD8D8D6D8D5D5D372
:1031C000D4D4D3D1D2D0D0D0CFCFCECDCDCCCBCA0A
:1031D000C9C9C7C8C6C8C5C5C3C4C2C3C0C1BEC0AB
:1031E000BDBFBBBDB9BCB8BAB7BAB6B8B3B7B2B554
:1031F000B0B3B0B4ADB0ACB0ABAFA8ACA7ABA6ABFE
:10320000A3A8A2A7A1A59FA49DA49CA29BA1999FAE
:10321000979E979E939B929A919A90989199919943
:10322000909992999299929A929A929A929A929A43
:10323000929A929A9399939B929A949C939C959C20
:10324000949B969D979E979E979E99A0979E99A0D6
:103250009AA29DA29BA39EA4A0A5A1A7A1A8A3A951
:10326000A4A9A6ABA7ACA9ADA9AEABB0AEB1AFB3A4
:10327000B1B5B3B7B6B9B8BBBABEBBC0BEC1C2C4A4
:10328000C4C6C6C9C9CACCCDCFD1D2D1D7D6DAD956
:10329000DFDEE3E1E6E56769FFFFFFFFFFFFFFFF1A
:1032A0005355595BA2A49799939494949A9BA0A385
:1032B000A4A9A8AEA4ABCACBFFFFFFFFFFFFFFFF8F
:1032C000FFFFFFFFFFFFFFFFFFFFFFFFFFFFFFFF0E
:1032D000FFFFFFFFFFFFFFFF49494545FFFF4A4A48
:1032E0005858585857574848FFFFFFFF4E4E5B5CF1
:1032F000B0ADC0BDC8C5D0CBD6D1DAD7E0DCE6E2F0
:10330000FBF79393FFFFFFFFFFFFFFFFFFFF51510D
:10331000585AF8F3F0ECEFECECE8EBE8EAE7EAE80F
:10332000EAE6E8E5E7E2E6E2E4E0E1DEDFDDDEDB77
:10333000DCD9DCD8D9D5D9D3D8D3D6D2D3CFD2CF34
:10334000D1CED1CCD0CCCDC9CBC7C9C5C8C4C6C3DA
:10335000C4C1C4C0C2BDC1BCBEBABCB9BCB7B9B798
:10336000B8B6B6B3B6B1B2B0B1AFAFADADACABAB52
:10337000AAA8A8A8A6A6A5A3A3A2A2A0A09F9D9D17
:103380009D9C9B9B989897989496949491928F91DA
:103390008E908F918F919090909290929092909227
:1033A0009092909291929192919292939293929202
:1033B00092949293949594949596949795979697C2
:1033C0009799999898999A9A9C9D9C9C9E9E9EA04C
:1033D0009FA0A1A2A2A3A4A4A5A6A6A6A9A9AAA9A2
:1033E000ACACAEADB1B0B1B2B5B4B7B6BAB8BBBAA9
:1033F000BDBDC1BEC2C2C6C4C9C7CBC9CECCD1CF68
:10340000D6D2D7D6DBDADFE0E4E36666FFFFFFFF64
:10341000FFFFFFFF53535959A7A69D9C9898959479
:1034200093939A9A9E9FA4A59FA1CACAFFFFFFFFEC
:10343000FFFFFFFFFFFFFFFFFFFFFFFFFFFFFFFF9C
:10344000FFFFFFFFFFFFFFFFFFFFFFFF494C454965
:10345000FFFF4A4B585A585A5759484AFFFFFFFF37
:103460004E505C5EADAFBDBFC5C6CBCBD1D0D7D4BF
:10347000DCD9E2DDF7F29395FFFFFFFFFFFFFFFFCF
:10348000FFFF51535A5CF3ECECE5ECE7E8E3E8E3CB
:10349000E7E3E8E1E6E1E5E1E2DEE2DEE0DCDEDB17
:1034A000DDDADBD8D9D6D8D5D5D3D3D4D3D1D2D1C0
:1034B000CFD0CFCFCECDCCCBCCC9C9C9C7C8C5C85A
:1034C000C4C5C3C4C1C3C0C1BDBFBCBEBABCB9BC06
:1034D000B7BCB7BAB6B8B3B7B1B4B0B3AFB4ADB2A6
:1034E000ACB0ABAFA8ACA8AAA6ABA3A8A2A6A0A557
:1034F0009FA59DA49CA29BA1989F989F969D949BFD
:10350000929A919A90989199919990999299929969
:10351000929A929A929A929A929A929A929A93994B
:10352000939B929A949C939C959C949B969D979E1A
:10353000979E979E99A0989F99A09AA19DA29CA3BF
:103540009EA4A0A5A0A6A2A8A3A8A4A9A6ABA6AC29
:10355000A9ADA9AEACB1ADB2B0B3B2B5B4B8B6B95D
:10356000B8BBBABEBDBFBEC2C2C4C4C6C7C9C9CA41
:10357000CCCDCFD1D2D2D6D6DAD9E0DEE3E16669BE
:10358000FFFFFFFFFFFFFFFF5355595BA6A69C9D62
:103590009899949593949A9D9FA3A5AAA1A7CACB05
:1035A000FFFFFFFFFFFFFFFFFFFFFFFFFFFFFFFF2B
:1035B000FFFFFFFFFFFFFFFFFFFFFFFFFFFFFFFF1B
:1035C00049494545FFFF4A4A4B4B747448484848AF
:1035D000FFFFFFFF4E4E5B5CA6A5B7B4C1BCC8C4DD
:1035E000CFCCD6D1DCD8E0DCF8F39393FFFFFFFF1C
:1035F000FFFFFFFFFFFF5151585AF9F5F1ECF0EBD7
:10360000EEECECE8EBE8EBE7E9E8E9E4E7E4E7E235
:10361000E5E1E3DFE2DDDFDCDFDBDDD8DAD8D9D5D9
:10362000D8D4D8D3D5D2D4D0D2CFD1CED1CCCFCB81
:10363000CCC8CBC7C9C6C9C5C6C3C4C1C3C0C1BD38
:10364000C0BCBEBBBCB9BBB8BAB7B8B6B6B3B6B2ED
:10365000B2B0B1B0AFACADACAAABA9A8A7A7A6A6B3
:10366000A4A3A3A2A1A19F9E9E9E9C9D9B9A979975
:1036700096979496959390918F928E908F9190912A
:10368000909090929092909290929092909291922B
:103690009192929392939293929292949293949500
:1036A00094949496949795979596979999979899B5
:1036B0009A9A9B9D9C9C9E9E9EA0A1A1A1A2A3A321
:1036C000A5A5A6A6A7A7A8A8ABA9ACABADAEB1AF60
:1036D000B2B1B4B3B7B6BAB8BBB9BEBBC0BEC2C252
:1036E000C6C4C8C7CBCACDCCD1D0D6D2D8D7DBDAE6
:1036F000E0DE6767FFFFFFFFFFFFFFFF53535959EE
:10370000ABAAA1A09C9B9898949494949A9B9FA0F8
:103710009C9EDBDBFFFFFFFFFFFFFFFFFFFFFFFFC5
:10372000FFFFFFFFFFFFFFFFFFFFFFFFFFFFFFFFA9
:10373000FFFFFFFF494C4549FFFF4A4B4B4D747655
:10374000484B484AFFFFFFFF4E505C5EA5A9B4B648
:10375000BCBFC4C6CCCBD1D1D8D5DCD9F3EF9395BF
:10376000FFFFFFFFFFFFFFFFFFFF51535A5CF5EC28
:10377000ECE8EBE6ECE7E8E3E8E3E7E3E8E1E4E1E3
:10378000E4E1E2DEE1DDDFDBDDDADCD9DBD8D8D66F
:10379000D8D5D5D3D4D4D3D1D2D0D0CFCFCECECD0F
:1037A000CCCBCBCAC8C9C7C7C6C8C5C5C3C4C1C3AB
:1037B000C0C2BDBFBCBEBBBDB9BCB8BAB7BAB6B853
:1037C000B3B7B2B5B0B3B0B4ACB0ACAFABAFA8ACFC
:1037D000A7AAA6AAA3A8A2A7A1A59EA49EA49DA3AA
:1037E0009AA099A0979E969D939A9199929A909853
:1037F0009199919990999299929A929A929A929A71
:10380000929A929A929A939A9399939B929A949C51
:10381000939C959C949B969D979E979E969D99A010
:10382000979E99A09AA29DA29CA39EA5A0A5A1A7A0
:10383000A2A8A3A9A5A9A6ABA7ACA8ADA9AEABB0F9
:10384000AEB1AFB3B1B5B3B7B6B9B8BBB9BEBBC013
:10385000BEC1C2C4C4C6C7C8CACACCCDD0D1D2D2D8
:10386000D7D6DAD9DEDD6769FFFFFFFFFFFFFFFF75
:103870005355595BAAA9A09F9B9C989994959495A0
:103880009B9DA0A49EA2DBDCFFFFFFFFFFFFFFFFCD
:10389000FFFFFFFFFFFFFFFFFFFFFFFFFFFFFFFF38
:1038A000FFFFFFFFFFFFFFFF7E7E7B7BFFFF7F7F32
:1038B0007F7FFFFF7B7B7C7CFFFFFFFF6565616196
:1038C000A0A0B4B3C0BECBC8D5D1DDD9E3DEE9E555
:1038D000FFFC9393FFFFFFFFFFFFFFFFFFFF4A4A3D
:1038E0005F5FFFFFFDF9FDF6FBF6FAF6F7F3F6F280
:1038F000F5F1F4F1F4F0F2EFF1ECF0EBEDE8EBE7D9
:10390000E9E5E8E4E5E2E5E0E2DDE2DCE1DBDFDA9F
:10391000DCD8DBD7DAD6D8D3D8D3D4D0D3CFD1CD57
:10392000D0CCCECBCCC8CAC7C9C4C7C3C5C1C3C01D
:10393000C2BEC0BDBEBBBCBABBB8B9B6B7B5B4B2E7
:10394000B2B1B1AFAFAEACACACAAA9A8A8A7A5A4C0
:10395000A3A3A2A2A0A19E9E9B9C9B9B979A979794
:10396000939492939193919392939292929492942E
:10397000929492949294939493949394949594950E
:103980009495949596969496969798989899979AD0
:10399000989B999A9A9C9C9C9C9D9E9D9FA0A0A060
:1039A000A2A2A2A3A3A4A4A6A5A8A9A8AAABABABB4
:1039B000AEAEAFAEB1B1B3B3B6B5B8B7BAB9BDBCC0
:1039C000C0BDC2C0C4C3C7C5C9C8CDCBD0CED3D17A
:1039D000D6D4DAD8DEDAE0DFE5E4696AFFFFFFFF7C
:1039E000FFFFFFFF47475F5FB8B6ACAAA8A6A3A238
:1039F0009F9E9A9A9B9BA2A29FA1DBDBFFFFFFFFEA
:103A0000FFFFFFFFFFFFFFFFFFFFFFFFFFFFFFFFC6
:103A1000FFFFFFFFFFFFFFFFFFFFFFFF7E807B7CBD
:103A2000FFFF7F807F80FFFF7B7E7C7EFFFFFFFFAD
:103A300065676162A0A6B3B8BEC1C8CAD1D2D9D7E2
:103A4000DEDDE5E3FCF79395FFFFFFFFFFFFFFFFE0
:103A5000FFFF4A4C5F60FFF8F9F1F6F2F6F0F6F07E
:103A6000F3EDF2EDF1EDF1EBF0EBEFEAECE8EBE783
:103A7000E8E5E7E3E5E2E4E1E2DEE0DEDDDADCDC36
:103A8000DBD9DAD8D8D7D7D6D6D5D3D2D3D1D0D1DF
:103A9000CFCFCDCFCCCDCBCCC8CAC7C8C4C6C3C589
:103AA000C1C3C0C3BEC2BDC0BBBEBABDB8BBB6B940
:103AB000B5B9B2B7B1B5AFB3AEB2ACB0AAAFA8ADFD
:103AC000A7ABA4AAA3A9A2A8A1A79EA59CA39BA3B8
:103AD0009AA1979F949E939D939B939B939B929B5C
:103AE000949C949D949D949D949D949D949D949D4F
:103AF000959D959D959E959D969F969F979F989F26
:103B000099A09AA19BA29AA29CA39CA39DA49DA4C8
:103B1000A0A6A0A7A2A7A3A9A4AAA6ABA8ACA8AE3A
:103B2000ABB0ABB1AEB2AEB3B1B6B3B8B5B9B7BA6C
:103B3000B9BDBCBFBDC1C0C4C3C6C5C8C8CACBCD52
:103B4000CECFD1D1D4D5D8D9DADADFDEE4E26A6CCF
:103B5000FFFFFFFFFFFFFFFF474A5F60B6B6AAAB5C
:103B6000A6A7A2A39E9F9A9B9B9CA2A4A1A4DBDADA
:103B7000FFFFFFFFFFFFFFFFFFFFFFFFFFFFFFFF55
:103B8000FFFFFFFFFFFFFFFFFFFFFFFFFFFFFFFF45
:103B9000FFFFFFFFFFFFFFFFFFFFFFFFFFFFFFFF35
:103BA000FFFFFFFFFFFF79795F5F5E5E5E5E5D5D39
:103BB0005D5D5C5D5C5C5C5C5C5C9C9CFFFFFFFF36
:103BC000FFFFFFFFFFFFFFFF5959434342424242BD
:103BD00042424242424242434243434343434343BD
:103BE00043434343434343434343434343434343A5
:103BF0004344434444444444444444444444444487
:103C00004444444444444444444444454445454570
:103C10004545454545454545454545454545454554
:103C20004545454546464646464646464646464638
:103C3000464646464646464646474747474747471D
:103C40004747474747474747474747474747474704
:103C500047474747474747474747474747474747F4
:103C600047474747474747474747474747474747E4
:103C700047474747474747474747474747474747D4
:103C800047474747474747474747474646464646C9
:103C900046464646464646464646464646464646C4
:103CA00046464646454545454545454545454545C0
:103CB00045454545444444444444444444444444C0
:103CC00043434545FFFFFFFFFFFFFFFFFFFF555544
:103CD0004A4A4A4A4A4A4A4A4B4A4B4B4B4B4B4B3D
:103CE0004B4BD7D7FFFFFFFFFFFFFFFFFFFFFFFF9C
:103CF000FFFFFFFFFFFFFFFFFFFFFFFFFFFFFFFFD4
:103D0000FFFFFFFFFFFFFFFFFFFFFFFFFFFFFFFFC3
:103D1000FFFFFFFFFFFFFFFFFFFF797B5F615E603B
:103D20005E605D5F5D5F5D5F5C5F5C5E5C5E9C9D39
:103D3000FFFFFFFFFFFFFFFFFFFFFFFF595B434553
:103D40004245424542454245424543454345434538
:103D5000434543454346434643464346434643461D
:103D60004346434644464446444644464446444605
:103D700044464447444744474447444744474547EB
:103D800045474547454745474547454745474547D3
:103D900045484548454845484648464846484648B7
:103DA00046484648464846484648464847484749A0
:103DB0004749474947494749474947494749474983
:103DC0004749474947494749474947494749474973
:103DD0004749474947494749474947494749474963
:103DE0004749474947494749474947494749474953
:103DF0004749474947494749474947494749464944
:103E00004648464846484648464846484648464842
:103E10004648464846484648454845474547454739
:103E20004547454745474547444744474446444638
:103E30004446444643464547FFFFFFFFFFFFFFFF61
:103E4000FFFF55564A4C4A4C4A4D4A4D4A4D4B4D40
:103E50004B4D4B4D4B4ED7D7FFFFFFFFFFFFFFFFF3
:103E6000FFFFFFFFFFFFFFFFFFFFFFFFFFFFFFFF62
:103E7000FFFFFFFFFFFFFFFFFFFFFFFFFFFFFFFF52
:103E8000FFFFFFFFFFFFFFFFFFFFFFFFFFFFFFFF42
:103E9000FFFFFFFFFFFFFFFFFFFFFFFFFFFFFFFF32
:103EA000FFFFFFFFFFFFFFFFFFFFFFFFFFFFFFFF22
:103EB000FFFFFFFFFFFFFFFFFFFFFFFFFFFFFFFF12
:103EC000FFFFFFFFFFFFFFFFFFFFFFFFFFFFFFFF02
:103ED000FFFFFFFFFFFFFFFFFFFFFFFFFFFFFFFFF2
:103EE000FFFFFFFFFFFFFFFFFFFFFFFFFFFFFFFFE2
:103EF000FFFFFFFFFFFFFFFFFFFFFFFFFFFFFFFFD2
:103F0000FFFFFFFFFFFFFFFFFFFFFFFFFFFFFFFFC1
:103F1000FFFFFFFFFFFFFFFFFFFFFFFFFFFFFFFFB1
:103F2000FFFFFFFFFFFFFFFFFFFFFFFFFFFFFFFFA1
:103F3000FFFFFFFFFFFFFFFFFFFFFFFFFFFFFFFF91
:103F4000FFFFFFFFFFFFFFFFFFFFFFFFFFFFFFFF81
:103F5000FFFFFFFFFFFFFFFFFFFFFFFFFFFFFFFF71
:103F6000FFFFFFFFFFFFFFFFFFFFFFFFFFFFFFFF61
:103F7000FFFFFFFFFFFFFFFFFFFFFFFFFFFFFFFF51
:103F8000FFFFFFFFFFFFFFFFFFFFFFFFFFFFFFFF41
:103F9000FFFFFFFFFFFFFFFFFFFFFFFFFFFFFFFF31
:103FA000FFFFFFFFFFFFFFFFFFFFFFFFFFFFFFFF21
:103FB000FFFFFFFFFFFFFFFFFFFFFFFFFFFFFFFF11
:103FC000FFFFFFFFFFFFFFFFFFFFFFFFFFFFFFFF01
:103FD000FFFFFFFFFFFFFFFFFFFFFFFFFFFFFFFFF1
:103FE000FFFFFFFFFFFFFFFFFFFFFFFFFFFFFFFFE1
:103FF000FFFFFFFFFFFFFFFFFFFFFFFFFFFFFFFFD1
:10400000FFFFFFFFFFFFFFFFFFFFFFFFFFFFFFFFC0
:10401000FFFFFFFFFFFFFFFFFFFFFFFFFFFFFFFFB0
:10402000FFFFFFFFFFFFFFFFFFFFFFFFFFFFFFFFA0
:10403000FFFFFFFFFFFFFFFFFFFFFFFFFFFFFFFF90
:10404000FFFFFFFFFFFFFFFFFFFFFFFFFFFFFFFF80
:10405000FFFFFFFFFFFFFFFFFFFFFFFFFFFFFFFF70
:10406000FFFFFFFFFFFFFFFFFFFFFFFFFFFFFFFF60
:10407000FFFFFFFFFFFFFFFFFFFFFFFFFFFFFFFF50
:10408000FFFFFFFFFFFFFFFFFFFFFFFFFFFFFFFF40
:10409000FFFFFFFFFFFFFFFFFFFFFFFFFFFFFFFF30
:1040A000FFFFFFFFFFFFFFFFFFFFFFFFFFFFFFFF20
:1040B000FFFFFFFFFFFFFFFFFFFFFFFFFFFFFFFF10
:1040C000FFFFFFFFFFFFFFFFFFFFFFFFFFFFFFFF00
:1040D000FFFFFFFFFFFFFFFFFFFFFFFFFFFFFFFFF0
:1040E000FFFFFFFFFFFFFFFFFFFFFFFFFFFFFFFFE0
:1040F000FFFFFFFFFFFFFFFFFFFFFFFFFFFFFFFFD0
:10410000FFFFFFFFFFFFFFFFFFFFFFFFFFFFFFFFBF
:10411000FFFFFFFFFFFFFFFFFFFFFFFFFFFFFFFFAF
:10412000FFFFFFFFFFFFFFFFFFFFFFFFFFFFFFFF9F
:10413000FFFFFFFFFFFFFFFFFFFFFFFFFFFFFFFF8F
:10414000FFFFFFFFFFFFFFFFFFFFFFFFFFFFFFFF7F
:10415000FFFFFFFFFFFFFFFFFFFFFFFFFFFFFFFF6F
:10416000FFFFFFFFFFFFFFFFFFFFFFFFFFFFFFFF5F
:10417000FFFFFFFFFFFFFFFFFFFFFFFFFFFFFFFF4F
:10418000FFFFFFFFFFFFFFFFFFFFFFFFFFFFFFFF3F
:10419000FFFFFFFFFFFFFFFFFFFFFFFFFFFFFFFF2F
:1041A000FFFFFFFFFFFFFFFFFFFFFFFFFFFFFFFF1F
:1041B000FFFFFFFFFFFFFFFFFFFFFFFFFFFFFFFF0F
:1041C000FFFFFFFFFFFFFFFFFFFFFFFFFFFFFFFFFF
:1041D000FFFFFFFFFFFFFFFFFFFFFFFFFFFFFFFFEF
:1041E000FFFFFFFFFFFFFFFFFFFFFFFFFFFFFFFFDF
:1041F000FFFFFFFFFFFFFFFFFFFFFFFFFFFFFFFFCF
:10420000FFFFFFFFFFFFFFFFFFFFFFFFFFFFFFFFBE
:10421000FFFFFFFFFFFFFFFFFFFFFFFFFFFFFFFFAE
:10422000FFFFFFFFFFFFFFFFFFFFFFFFFFFFFFFF9E
:10423000FFFFFFFFFFFFFFFFFFFFFFFFFFFFFFFF8E
:10424000FFFFFFFFFFFFFFFFFFFFFFFFFFFFFFFF7E
:10425000FFFFFFFFFFFFFFFFFFFFFFFFFFFFFFFF6E
:10426000FFFFFFFFFFFFFFFFFFFFFFFFFFFFFFFF5E
:10427000FFFFFFFFFFFFFFFFFFFFFFFFFFFFFFFF4E
:10428000FFFFFFFFFFFFFFFFFFFFFFFFFFFFFFFF3E
:10429000FFFFFFFFFFFFFFFFFFFFFFFFFFFFFFFF2E
:1042A000FFFFFFFFFFFFFFFFFFFFFFFFFFFFFFFF1E
:1042B000FFFFFFFFFFFFFFFFFFFFFFFFFFFFFFFF0E
:1042C000FFFFFFFFFFFFFFFFFFFFFFFFFFFFFFFFFE
:1042D000FFFFFFFFFFFFFFFFFFFFFFFFFFFFFFFFEE
:1042E000FFFFFFFFFFFFFFFFFFFFFFFFFFFFFFFFDE
:1042F000FFFFFFFFFFFFFFFFFFFFFFFFFFFFFFFFCE
:10430000FFFFFFFFFFFFFFFFFFFFFFFFFFFFFFFFBD
:10431000FFFFFFFFFFFFFFFFFFFFFFFFFFFFFFFFAD
:10432000FFFFFFFFFFFFFFFFFFFFFFFFFFFFFFFF9D
:10433000FFFFFFFFFFFFFFFFFFFFFFFFFFFFFFFF8D
:10434000FFFFFFFFFFFFFFFFFFFFFFFFFFFFFFFF7D
:10435000FFFFFFFFFFFFFFFFFFFFFFFFFFFFFFFF6D
:10436000FFFFFFFFFFFFFFFFFFFFFFFFFFFFFFFF5D
:10437000FFFFFFFFFFFFFFFFFFFFFFFFFFFFFFFF4D
:10438000FFFFFFFFFFFFFFFFFFFFFFFFFFFFFFFF3D
:10439000FFFFFFFFFFFFFFFFFFFFFFFFFFFFFFFF2D
:1043A000FFFFFFFFFFFFFFFFFFFFFFFFFFFFFFFF1D
:1043B000FFFFFFFFFFFFFFFFFFFFFFFFFFFFFFFF0D
:1043C000FFFFFFFFFFFFFFFFFFFFFFFFFFFFFFFFFD
:1043D000FFFFFFFFFFFFFFFFFFFFFFFFFFFFFFFFED
:1043E000FFFFFFFFFFFFFFFFFFFFFFFFFFFFFFFFDD
:1043F000FFFFFFFFFFFFFFFFFFFFFFFFFFFFFFFFCD
:10440000FFFFFFFFFFFFFFFFFFFFFFFFFFFFFFFFBC
:10441000FFFFFFFFFFFFFFFFFFFFFFFFFFFFFFFFAC
:10442000FFFFFFFFFFFFFFFFFFFFFFFFFFFFFFFF9C
:10443000FFFFFFFFFFFFFFFFFFFFFFFFFFFFFFFF8C
:10444000FFFFFFFFFFFFFFFFFFFFFFFFFFFFFFFF7C
:10445000FFFFFFFFFFFFFFFFFFFFFFFFFFFFFFFF6C
:10446000FFFFFFFFFFFFFFFFFFFFFFFFFFFFFFFF5C
:10447000FFFFFFFFFFFFFFFFFFFFFFFFFFFFFFFF4C
:10448000FFFFFFFFFFFFFFFFFFFFFFFFFFFFFFFF3C
:10449000FFFFFFFFFFFFFFFFFFFFFFFFFFFFFFFF2C
:1044A000FFFFFFFFFFFFFFFFFFFFFFFFFFFFFFFF1C
:1044B000FFFFFFFFFFFFFFFFFFFFFFFFFFFFFFFF0C
:1044C000FFFFFFFFFFFFFFFFFFFFFFFFFFFFFFFFFC
:1044D000FFFFFFFFFFFFFFFFFFFFFFFFFFFFFFFFEC
:1044E000FFFFFFFFFFFFFFFFFFFFFFFFFFFFFFFFDC
:1044F000FFFFFFFFFFFFFFFFFFFFFFFFFFFFFFFFCC
:10450000FFFFFFFFFFFFFFFFFFFFFFFFFFFFFFFFBB
:10451000FFFFFFFFFFFFFFFFFFFFFFFFFFFFFFFFAB
:10452000FFFFFFFFFFFFFFFFFFFFFFFFFFFFFFFF9B
:10453000FFFFFFFFFFFFFFFFFFFFFFFFFFFFFFFF8B
:10454000FFFFFFFFFFFFFFFFFFFFFFFFFFFFFFFF7B
:10455000FFFFFFFFFFFFFFFFFFFFFFFFFFFFFFFF6B
:10456000FFFFFFFFFFFFFFFFFFFFFFFFFFFFFFFF5B
:10457000FFFFFFFFFFFFFFFFFFFFFFFFFFFFFFFF4B
:10458000FFFFFFFFFFFFFFFFFFFFFFFFFFFFFFFF3B
:10459000FFFFFFFFFFFFFFFFFFFFFFFFFFFFFFFF2B
:1045A000FFFFFFFFFFFFFFFFFFFFFFFFFFFFFFFF1B
:1045B000FFFFFFFFFFFFFFFFFFFFFFFFFFFFFFFF0B
:1045C000FFFFFFFFFFFFFFFFFFFFFFFFFFFFFFFFFB
:1045D000FFFFFFFFFFFFFFFFFFFFFFFFFFFFFFFFEB
:1045E000FFFFFFFFFFFFFFFFFFFFFFFFFFFFFFFFDB
:1045F000FFFFFFFFFFFFFFFFFFFFFFFFFFFFFFFFCB
:10460000FFFFFFFFFFFFFFFFFFFFFFFFFFFFFFFFBA
:10461000FFFFFFFFFFFFFFFFFFFFFFFFFFFFFFFFAA
:10462000FFFFFFFFFFFFFFFFFFFFFFFFFFFFFFFF9A
:10463000FFFFFFFFFFFFFFFFFFFFFFFFFFFFFFFF8A
:10464000FFFFFFFFFFFFFFFFFFFFFFFFFFFFFFFF7A
:10465000FFFFFFFFFFFFFFFFFFFFFFFFFFFFFFFF6A
:10466000FFFFFFFFFFFFFFFFFFFFFFFFFFFFFFFF5A
:10467000FFFFFFFFFFFFFFFFFFFFFFFFFFFFFFFF4A
:10468000FFFFFFFFFFFFFFFFFFFFFFFFFFFFFFFF3A
:10469000FFFFFFFFFFFFFFFFFFFFFFFFFFFFFFFF2A
:1046A000FFFFFFFFFFFFFFFFFFFFFFFFFFFFFFFF1A
:1046B000FFFFFFFFFFFFFFFFFFFFFFFFFFFFFFFF0A
:1046C000FFFFFFFFFFFFFFFFFFFFFFFFFFFFFFFFFA
:1046D000FFFFFFFFFFFFFFFFFFFFFFFFFFFFFFFFEA
:1046E000FFFFFFFFFFFFFFFFFFFFFFFFFFFFFFFFDA
:1046F000FFFFFFFFFFFFFFFFFFFFFFFFFFFFFFFFCA
:10470000FFFFFFFFFFFFFFFFFFFFFFFFFFFFFFFFB9
:10471000FFFFFFFFFFFFFFFFFFFFFFFFFFFFFFFFA9
:10472000FFFFFFFFFFFFFFFFFFFFFFFFFFFFFFFF99
:10473000FFFFFFFFFFFFFFFFFFFFFFFFFFFFFFFF89
:10474000FFFFFFFFFFFFFFFFFFFFFFFFFFFFFFFF79
:10475000FFFFFFFFFFFFFFFFFFFFFFFFFFFFFFFF69
:10476000FFFFFFFFFFFFFFFFFFFFFFFFFFFFFFFF59
:10477000FFFFFFFFFFFFFFFFFFFFFFFFFFFFFFFF49
:10478000FFFFFFFFFFFFFFFFFFFFFFFFFFFFFFFF39
:10479000FFFFFFFFFFFFFFFFFFFFFFFFFFFFFFFF29
:1047A000FFFFFFFFFFFFFFFFFFFFFFFFFFFFFFFF19
:1047B000FFFFFFFFFFFFFFFFFFFFFFFFFFFFFFFF09
:1047C000FFFFFFFFFFFFFFFFFFFFFFFFFFFFFFFFF9
:1047D000FFFFFFFFFFFFFFFFFFFFFFFFFFFFFFFFE9
:1047E000FFFFFFFFFFFFFFFFFFFFFFFFFFFFFFFFD9
:1047F000FFFFFFFFFFFFFFFFFFFFFFFFFFFFFFFFC9
:10480000FFFFFFFFFFFFFFFFFFFFFFFFFFFFFFFFB8
:10481000FFFFFFFFFFFFFFFFFFFFFFFFFFFFFFFFA8
:10482000FFFFFFFFFFFFFFFFFFFFFFFFFFFFFFFF98
:10483000FFFFFFFFFFFFFFFFFFFFFFFFFFFFFFFF88
:10484000FFFFFFFFFFFFFFFFFFFFFFFFFFFFFFFF78
:10485000FFFFFFFFFFFFFFFFFFFFFFFFFFFFFFFF68
:10486000FFFFFFFFFFFFFFFFFFFFFFFFFFFFFFFF58
:10487000FFFFFFFFFFFFFFFFFFFFFFFFFFFFFFFF48
:10488000FFFFFFFFFFFFFFFFFFFFFFFFFFFFFFFF38
:10489000FFFFFFFFFFFFFFFFFFFFFFFFFFFFFFFF28
:1048A000FFFFFFFFFFFFFFFFFFFFFFFFFFFFFFFF18
:1048B000FFFFFFFFFFFFFFFFFFFFFFFFFFFFFFFF08
:1048C000FFFFFFFFFFFFFFFFFFFFFFFFFFFFFFFFF8
:1048D000FFFFFFFFFFFFFFFFFFFFFFFFFFFFFFFFE8
:1048E000FFFFFFFFFFFFFFFFFFFFFFFFFFFFFFFFD8
:1048F000FFFFFFFFFFFFFFFFFFFFFFFFFFFFFFFFC8
:10490000FFFFFFFFFFFFFFFFFFFFFFFFFFFFFFFFB7
:10491000FFFFFFFFFFFFFFFFFFFFFFFFFFFFFFFFA7
:10492000FFFFFFFFFFFFFFFFFFFFFFFFFFFFFFFF97
:10493000FFFFFFFFFFFFFFFFFFFFFFFFFFFFFFFF87
:10494000FFFFFFFFFFFFFFFFFFFFFFFFFFFFFFFF77
:10495000FFFFFFFFFFFFFFFFFFFFFFFFFFFFFFFF67
:10496000FFFFFFFFFFFFFFFFFFFFFFFFFFFFFFFF57
:10497000FFFFFFFFFFFFFFFFFFFFFFFFFFFFFFFF47
:10498000FFFFFFFFFFFFFFFFFFFFFFFFFFFFFFFF37
:10499000FFFFFFFFFFFFFFFFFFFFFFFFFFFFFFFF27
:1049A000FFFFFFFFFFFFFFFFFFFFFFFFFFFFFFFF17
:1049B000FFFFFFFFFFFFFFFFFFFFFFFFFFFFFFFF07
:1049C000FFFFFFFFFFFFFFFFFFFFFFFFFFFFFFFFF7
:1049D000FFFFFFFFFFFFFFFFFFFFFFFFFFFFFFFFE7
:1049E000FFFFFFFFFFFFFFFFFFFFFFFFFFFFFFFFD7
:1049F000FFFFFFFFFFFFFFFFFFFFFFFFFFFFFFFFC7
:104A0000FFFFFFFFFFFFFFFFFFFFFFFFFFFFFFFFB6
:104A1000FFFFFFFFFFFFFFFFFFFFFFFFFFFFFFFFA6
:104A2000FFFFFFFFFFFFFFFFFFFFFFFFFFFFFFFF96
:104A3000FFFFFFFFFFFFFFFFFFFFFFFFFFFFFFFF86
:104A4000FFFFFFFFFFFFFFFFFFFFFFFFFFFFFFFF76
:104A5000FFFFFFFFFFFFFFFFFFFFFFFFFFFFFFFF66
:104A6000FFFFFFFFFFFFFFFFFFFFFFFFFFFFFFFF56
:104A7000FFFFFFFFFFFFFFFFFFFFFFFFFFFFFFFF46
:104A8000FFFFFFFFFFFFFFFFFFFFFFFFFFFFFFFF36
:104A9000FFFFFFFFFFFFFFFFFFFFFFFFFFFFFFFF26
:104AA000FFFFFFFFFFFFFFFFFFFFFFFFFFFFFFFF16
:104AB000FFFFFFFFFFFFFFFFFFFFFFFFFFFFFFFF06
:104AC000FFFFFFFFFFFFFFFFFFFFFFFFFFFFFFFFF6
:104AD000FFFFFFFFFFFFFFFFFFFFFFFFFFFFFFFFE6
:104AE000FFFFFFFFFFFFFFFFFFFFFFFFFFFFFFFFD6
:104AF000FFFFFFFFFFFFFFFFFFFFFFFFFFFFFFFFC6
:104B0000FFFFFFFFFFFFFFFFFFFFFFFFFFFFFFFFB5
:104B1000FFFFFFFFFFFFFFFFFFFFFFFFFFFFFFFFA5
:104B2000FFFFFFFFFFFFFFFFFFFFFFFFFFFFFFFF95
:104B3000FFFFFFFFFFFFFFFFFFFFFFFFFFFFFFFF85
:104B4000FFFFFFFFFFFFFFFFFFFFFFFFFFFFFFFF75
:104B5000FFFFFFFFFFFFFFFFFFFFFFFFFFFFFFFF65
:104B6000FFFFFFFFFFFFFFFFFFFFFFFFFFFFFFFF55
:104B7000FFFFFFFFFFFFFFFFFFFFFFFFFFFFFFFF45
:104B8000FFFFFFFFFFFFFFFFFFFFFFFFFFFFFFFF35
:104B9000FFFFFFFFFFFFFFFFFFFFFFFFFFFFFFFF25
:104BA000FFFFFFFFFFFFFFFFFFFFFFFFFFFFFFFF15
:104BB000FFFFFFFFFFFFFFFFFFFFFFFFFFFFFFFF05
:104BC000FFFFFFFFFFFFFFFFFFFFFFFFFFFFFFFFF5
:104BD000FFFFFFFFFFFFFFFFFFFFFFFFFFFFFFFFE5
:104BE000FFFFFFFFFFFFFFFFFFFFFFFFFFFFFFFFD5
:104BF000FFFFFFFFFFFFFFFFFFFFFFFFFFFFFFFFC5
:104C0000FFFFFFFFFFFFFFFFFFFFFFFFFFFFFFFFB4
:104C1000FFFFFFFFFFFFFFFFFFFFFFFFFFFFFFFFA4
:104C2000FFFFFFFFFFFFFFFFFFFFFFFFFFFFFFFF94
:104C3000FFFFFFFFFFFFFFFFFFFFFFFFFFFFFFFF84
:104C4000FFFFFFFFFFFFFFFFFFFFFFFFFFFFFFFF74
:104C5000FFFFFFFFFFFFFFFFFFFFFFFFFFFFFFFF64
:104C6000FFFFFFFFFFFFFFFFFFFFFFFFFFFFFFFF54
:104C7000FFFFFFFFFFFFFFFFFFFFFFFFFFFFFFFF44
:104C8000FFFFFFFFFFFFFFFFFFFFFFFFFFFFFFFF34
:104C9000FFFFFFFFFFFFFFFFFFFFFFFFFFFFFFFF24
:104CA000FFFFFFFFFFFFFFFFFFFFFFFFFFFFFFFF14
:104CB000FFFFFFFFFFFFFFFFFFFFFFFFFFFFFFFF04
:104CC000FFFFFFFFFFFFFFFFFFFFFFFFFFFFFFFFF4
:104CD000FFFFFFFFFFFFFFFFFFFFFFFFFFFFFFFFE4
:104CE000FFFFFFFFFFFFFFFFFFFFFFFFFFFFFFFFD4
:104CF000FFFFFFFFFFFFFFFFFFFFFFFFFFFFFFFFC4
:104D0000FFFFFFFFFFFFFFFFFFFFFFFFFFFFFFFFB3
:104D1000FFFFFFFFFFFFFFFFFFFFFFFFFFFFFFFFA3
:104D2000FFFFFFFFFFFFFFFFFFFFFFFFFFFFFFFF93
:104D3000FFFFFFFFFFFFFFFFFFFFFFFFFFFFFFFF83
:104D4000FFFFFFFFFFFFFFFFFFFFFFFFFFFFFFFF73
:104D5000FFFFFFFFFFFFFFFFFFFFFFFFFFFFFFFF63
:104D6000FFFFFFFFFFFFFFFFFFFFFFFFFFFFFFFF53
:104D7000FFFFFFFFFFFFFFFFFFFFFFFFFFFFFFFF43
:104D8000FFFFFFFFFFFFFFFFFFFFFFFFFFFFFFFF33
:104D9000FFFFFFFFFFFFFFFFFFFFFFFFFFFFFFFF23
:104DA000FFFFFFFFFFFFFFFFFFFFFFFFFFFFFFFF13
:104DB000FFFFFFFFFFFFFFFFFFFFFFFFFFFFFFFF03
:104DC000FFFFFFFFFFFFFFFFFFFFFFFFFFFFFFFFF3
:104DD000FFFFFFFFFFFFFFFFFFFFFFFFFFFFFFFFE3
:104DE000FFFFFFFFFFFFFFFFFFFFFFFFFFFFFFFFD3
:104DF000FFFFFFFFFFFFFFFFFFFFFFFFFFFFFFFFC3
:104E0000FFFFFFFFFFFFFFFFFFFFFFFFFFFFFFFFB2
:104E1000FFFFFFFFFFFFFFFFFFFFFFFFFFFFFFFFA2
:104E2000FFFFFFFFFFFFFFFFFFFFFFFFFFFFFFFF92
:104E3000FFFFFFFFFFFFFFFFFFFFFFFFFFFFFFFF82
:104E4000FFFFFFFFFFFFFFFFFFFFFFFFFFFFFFFF72
:104E5000FFFFFFFFFFFFFFFFFFFFFFFFFFFFFFFF62
:104E6000FFFFFFFFFFFFFFFFFFFFFFFFFFFFFFFF52
:104E7000FFFFFFFFFFFFFFFFFFFFFFFFFFFFFFFF42
:104E8000FFFFFFFFFFFFFFFFFFFFFFFFFFFFFFFF32
:104E9000FFFFFFFFFFFFFFFFFFFFFFFFFFFFFFFF22
:104EA000FFFFFFFFFFFFFFFFFFFFFFFFFFFFFFFF12
:104EB000FFFFFFFFFFFFFFFFFFFFFFFFFFFFFFFF02
:104EC000FFFFFFFFFFFFFFFFFFFFFFFFFFFFFFFFF2
:104ED000FFFFFFFFFFFFFFFFFFFFFFFFFFFFFFFFE2
:104EE000FFFFFFFFFFFFFFFFFFFFFFFFFFFFFFFFD2
:104EF000FFFFFFFFFFFFFFFFFFFFFFFFFFFFFFFFC2
:104F0000FFFFFFFFFFFFFFFFFFFFFFFFFFFFFFFFB1
:104F1000FFFFFFFFFFFFFFFFFFFFFFFFFFFFFFFFA1
:104F2000FFFFFFFFFFFFFFFFFFFFFFFFFFFFFFFF91
:104F3000FFFFFFFFFFFFFFFFFFFFFFFFFFFFFFFF81
:104F4000FFFFFFFFFFFFFFFFFFFFFFFFFFFFFFFF71
:104F5000FFFFFFFFFFFFFFFFFFFFFFFFFFFFFFFF61
:104F6000FFFFFFFFFFFFFFFFFFFFFFFFFFFFFFFF51
:104F7000FFFFFFFFFFFFFFFFFFFFFFFFFFFFFFFF41
:104F8000FFFFFFFFFFFFFFFFFFFFFFFFFFFFFFFF31
:104F9000FFFFFFFFFFFFFFFFFFFFFFFFFFFFFFFF21
:104FA000FFFFFFFFFFFFFFFFFFFFFFFFFFFFFFFF11
:104FB000FFFFFFFFFFFFFFFFFFFFFFFFFFFFFFFF01
:104FC000FFFFFFFFFFFFFFFFFFFFFFFFFFFFFFFFF1
:104FD000FFFFFFFFFFFFFFFFFFFFFFFFFFFFFFFFE1
:104FE000FFFFFFFFFFFFFFFFFFFFFFFFFFFFFFFFD1
:104FF000FFFFFFFFFFFFFFFFFFFFFFFFFFFFFFFFC1
:10500000FFFFFFFFFFFFFFFFFFFFFFFFFFFFFFFFB0
:10501000FFFFFFFFFFFFFFFFFFFFFFFFFFFFFFFFA0
:10502000FFFFFFFFFFFFFFFFFFFFFFFFFFFFFFFF90
:10503000FFFFFFFFFFFFFFFFFFFFFFFFFFFFFFFF80
:10504000FFFFFFFFFFFFFFFFFFFFFFFFFFFFFFFF70
:10505000FFFFFFFFFFFFFFFFFFFFFFFFFFFFFFFF60
:10506000FFFFFFFFFFFFFFFFFFFFFFFFFFFFFFFF50
:10507000FFFFFFFFFFFFFFFFFFFFFFFFFFFFFFFF40
:10508000FFFFFFFFFFFFFFFFFFFFFFFFFFFFFFFF30
:10509000FFFFFFFFFFFFFFFFFFFFFFFFFFFFFFFF20
:1050A000FFFFFFFFFFFFFFFFFFFFFFFFFFFFFFFF10
:1050B000FFFFFFFFFFFFFFFFFFFFFFFFFFFFFFFF00
:1050C000FFFFFFFFFFFFFFFFFFFFFFFFFFFFFFFFF0
:1050D000FFFFFFFFFFFFFFFFFFFFFFFFFFFFFFFFE0
:1050E000FFFFFFFFFFFFFFFFFFFFFFFFFFFFFFFFD0
:1050F000FFFFFFFFFFFFFFFFFFFFFFFFFFFFFFFFC0
:10510000FFFFFFFFFFFFFFFFFFFFFFFFFFFFFFFFAF
:10511000FFFFFFFFFFFFFFFFFFFFFFFFFFFFFFFF9F
:10512000FFFFFFFFFFFFFFFFFFFFFFFFFFFFFFFF8F
:10513000FFFFFFFFFFFFFFFFFFFFFFFFFFFFFFFF7F
:10514000FFFFFFFFFFFFFFFFFFFFFFFFFFFFFFFF6F
:10515000FFFFFFFFFFFFFFFFFFFFFFFFFFFFFFFF5F
:10516000FFFFFFFFFFFFFFFFFFFFFFFFFFFFFFFF4F
:10517000FFFFFFFFFFFFFFFFFFFFFFFFFFFFFFFF3F
:10518000FFFFFFFFFFFFFFFFFFFFFFFFFFFFFFFF2F
:10519000FFFFFFFFFFFFFFFFFFFFFFFFFFFFFFFF1F
:1051A000FFFFFFFFFFFFFFFFFFFFFFFFFFFFFFFF0F
:1051B000FFFFFFFFFFFFFFFFFFFFFFFFFFFFFFFFFF
:1051C000FFFFFFFFFFFFFFFFFFFFFFFFFFFFFFFFEF
:1051D000FFFFFFFFFFFFFFFFFFFFFFFFFFFFFFFFDF
:1051E000FFFFFFFFFFFFFFFFFFFFFFFFFFFFFFFFCF
:1051F000FFFFFFFFFFFFFFFFFFFFFFFFFFFFFFFFBF
:10520000FFFFFFFFFFFFFFFFFFFFFFFFFFFFFFFFAE
:10521000FFFFFFFFFFFFFFFFFFFFFFFFFFFFFFFF9E
:10522000FFFFFFFFFFFFFFFFFFFFFFFFFFFFFFFF8E
:10523000FFFFFFFFFFFFFFFFFFFFFFFFFFFFFFFF7E
:10524000FFFFFFFFFFFFFFFFFFFFFFFFFFFFFFFF6E
:10525000FFFFFFFFFFFFFFFFFFFFFFFFFFFFFFFF5E
:10526000FFFFFFFFFFFFFFFFFFFFFFFFFFFFFFFF4E
:10527000FFFFFFFFFFFFFFFFFFFFFFFFFFFFFFFF3E
:10528000FFFFFFFFFFFFFFFFFFFFFFFFFFFFFFFF2E
:10529000FFFFFFFFFFFFFFFFFFFFFFFFFFFFFFFF1E
:1052A000FFFFFFFFFFFFFFFFFFFFFFFFFFFFFFFF0E
:1052B000FFFFFFFFFFFFFFFFFFFFFFFFFFFFFFFFFE
:1052C000FFFFFFFFFFFFFFFFFFFFFFFFFFFFFFFFEE
:1052D000FFFFFFFFFFFFFFFFFFFFFFFFFFFFFFFFDE
:1052E000FFFFFFFFFFFFFFFFFFFFFFFFFFFFFFFFCE
:1052F000FFFFFFFFFFFFFFFFFFFFFFFFFFFFFFFFBE
:10530000FFFFFFFFFFFFFFFFFFFFFFFFFFFFFFFFAD
:10531000FFFFFFFFFFFFFFFFFFFFFFFFFFFFFFFF9D
:10532000FFFFFFFFFFFFFFFFFFFFFFFFFFFFFFFF8D
:10533000FFFFFFFFFFFFFFFFFFFFFFFFFFFFFFFF7D
:10534000FFFFFFFFFFFFFFFFFFFFFFFFFFFFFFFF6D
:10535000FFFFFFFFFFFFFFFFFFFFFFFFFFFFFFFF5D
:10536000FFFFFFFFFFFFFFFFFFFFFFFFFFFFFFFF4D
:10537000FFFFFFFFFFFFFFFFFFFFFFFFFFFFFFFF3D
:10538000FFFFFFFFFFFFFFFFFFFFFFFFFFFFFFFF2D
:10539000FFFFFFFFFFFFFFFFFFFFFFFFFFFFFFFF1D
:1053A000FFFFFFFFFFFFFFFFFFFFFFFFFFFFFFFF0D
:1053B000FFFFFFFFFFFFFFFFFFFFFFFFFFFFFFFFFD
:1053C000FFFFFFFFFFFFFFFFFFFFFFFFFFFFFFFFED
:1053D000FFFFFFFFFFFFFFFFFFFFFFFFFFFFFFFFDD
:1053E000FFFFFFFFFFFFFFFFFFFFFFFFFFFFFFFFCD
:1053F000FFFFFFFFFFFFFFFFFFFFFFFFFFFFFFFFBD
:10540000FFFFFFFFFFFFFFFFFFFFFFFFFFFFFFFFAC
:10541000FFFFFFFFFFFFFFFFFFFFFFFFFFFFFFFF9C
:10542000FFFFFFFFFFFFFFFFFFFFFFFFFFFFFFFF8C
:10543000FFFFFFFFFFFFFFFFFFFFFFFFFFFFFFFF7C
:10544000FFFFFFFFFFFFFFFFFFFFFFFFFFFFFFFF6C
:10545000FFFFFFFFFFFFFFFFFFFFFFFFFFFFFFFF5C
:10546000FFFFFFFFFFFFFFFFFFFFFFFFFFFFFFFF4C
:10547000FFFFFFFFFFFFFFFFFFFFFFFFFFFFFFFF3C
:10548000FFFFFFFFFFFFFFFFFFFFFFFFFFFFFFFF2C
:10549000FFFFFFFFFFFFFFFFFFFFFFFFFFFFFFFF1C
:1054A000FFFFFFFFFFFFFFFFFFFFFFFFFFFFFFFF0C
:1054B000FFFFFFFFFFFFFFFFFFFFFFFFFFFFFFFFFC
:1054C000FFFFFFFFFFFFFFFFFFFFFFFFFFFFFFFFEC
:1054D000FFFFFFFFFFFFFFFFFFFFFFFFFFFFFFFFDC
:1054E000FFFFFFFFFFFFFFFFFFFFFFFFFFFFFFFFCC
:1054F000FFFFFFFFFFFFFFFFFFFFFFFFFFFFFFFFBC
:10550000FFFFFFFFFFFFFFFFFFFFFFFFFFFFFFFFAB
:10551000FFFFFFFFFFFFFFFFFFFFFFFFFFFFFFFF9B
:10552000FFFFFFFFFFFFFFFFFFFFFFFFFFFFFFFF8B
:10553000FFFFFFFFFFFFFFFFFFFFFFFFFFFFFFFF7B
:10554000FFFFFFFFFFFFFFFFFFFFFFFFFFFFFFFF6B
:10555000FFFFFFFFFFFFFFFFFFFFFFFFFFFFFFFF5B
:10556000FFFFFFFFFFFFFFFFFFFFFFFFFFFFFFFF4B
:10557000FFFFFFFFFFFFFFFFFFFFFFFFFFFFFFFF3B
:10558000FFFFFFFFFFFFFFFFFFFFFFFFFFFFFFFF2B
:10559000FFFFFFFFFFFFFFFFFFFFFFFFFFFFFFFF1B
:1055A000FFFFFFFFFFFFFFFFFFFFFFFFFFFFFFFF0B
:1055B000FFFFFFFFFFFFFFFFFFFFFFFFFFFFFFFFFB
:1055C000FFFFFFFFFFFFFFFFFFFFFFFFFFFFFFFFEB
:1055D000FFFFFFFFFFFFFFFFFFFFFFFFFFFFFFFFDB
:1055E000FFFFFFFFFFFFFFFFFFFFFFFFFFFFFFFFCB
:1055F000FFFFFFFFFFFFFFFFFFFFFFFFFFFFFFFFBB
:10560000FFFFFFFFFFFFFFFFFFFFFFFFFFFFFFFFAA
:10561000FFFFFFFFFFFFFFFFFFFFFFFFFFFFFFFF9A
:10562000FFFFFFFFFFFFFFFFFFFFFFFFFFFFFFFF8A
:10563000FFFFFFFFFFFFFFFFFFFFFFFFFFFFFFFF7A
:10564000FFFFFFFFFFFFFFFFFFFFFFFFFFFFFFFF6A
:10565000FFFFFFFFFFFFFFFFFFFFFFFFFFFFFFFF5A
:10566000FFFFFFFFFFFFFFFFFFFFFFFFFFFFFFFF4A
:10567000FFFFFFFFFFFFFFFFFFFFFFFFFFFFFFFF3A
:10568000FFFFFFFFFFFFFFFFFFFFFFFFFFFFFFFF2A
:10569000FFFFFFFFFFFFFFFFFFFFFFFFFFFFFFFF1A
:1056A000FFFFFFFFFFFFFFFFFFFFFFFFFFFFFFFF0A
:1056B000FFFFFFFFFFFFFFFFFFFFFFFFFFFFFFFFFA
:1056C000FFFFFFFFFFFFFFFFFFFFFFFFFFFFFFFFEA
:1056D000FFFFFFFFFFFFFFFFFFFFFFFFFFFFFFFFDA
:1056E000FFFFFFFFFFFFFFFFFFFFFFFFFFFFFFFFCA
:1056F000FFFFFFFFFFFFFFFFFFFFFFFFFFFFFFFFBA
:10570000FFFFFFFFFFFFFFFFFFFFFFFFFFFFFFFFA9
:10571000FFFFFFFFFFFFFFFFFFFFFFFFFFFFFFFF99
:10572000FFFFFFFFFFFFFFFFFFFFFFFFFFFFFFFF89
:10573000FFFFFFFFFFFFFFFFFFFFFFFFFFFFFFFF79
:10574000FFFFFFFFFFFFFFFFFFFFFFFFFFFFFFFF69
:10575000FFFFFFFFFFFFFFFFFFFFFFFFFFFFFFFF59
:10576000FFFFFFFFFFFFFFFFFFFFFFFFFFFFFFFF49
:10577000FFFFFFFFFFFFFFFFFFFFFFFFFFFFFFFF39
:10578000FFFFFFFFFFFFFFFFFFFFFFFFFFFFFFFF29
:10579000FFFFFFFFFFFFFFFFFFFFFFFFFFFFFFFF19
:1057A000FFFFFFFFFFFFFFFFFFFFFFFFFFFFFFFF09
:1057B000FFFFFFFFFFFFFFFFFFFFFFFFFFFFFFFFF9
:1057C000FFFFFFFFFFFFFFFFFFFFFFFFFFFFFFFFE9
:1057D000FFFFFFFFFFFFFFFFFFFFFFFFFFFFFFFFD9
:1057E000FFFFFFFFFFFFFFFFFFFFFFFFFFFFFFFFC9
:1057F000FFFFFFFFFFFFFFFFFFFFFFFFFFFFFFFFB9
:10580000FFFFFFFFFFFFFFFFFFFFFFFFFFFFFFFFA8
:10581000FFFFFFFFFFFFFFFFFFFFFFFFFFFFFFFF98
:10582000FFFFFFFFFFFFFFFFFFFFFFFFFFFFFFFF88
:10583000FFFFFFFFFFFFFFFFFFFFFFFFFFFFFFFF78
:10584000FFFFFFFFFFFFFFFFFFFFFFFFFFFFFFFF68
:10585000FFFFFFFFFFFFFFFFFFFFFFFFFFFFFFFF58
:10586000FFFFFFFFFFFFFFFFFFFFFFFFFFFFFFFF48
:10587000FFFFFFFFFFFFFFFFFFFFFFFFFFFFFFFF38
:10588000FFFFFFFFFFFFFFFFFFFFFFFFFFFFFFFF28
:10589000FFFFFFFFFFFFFFFFFFFFFFFFFFFFFFFF18
:1058A000FFFFFFFFFFFFFFFFFFFFFFFFFFFFFFFF08
:1058B000FFFFFFFFFFFFFFFFFFFFFFFFFFFFFFFFF8
:1058C000FFFFFFFFFFFFFFFFFFFFFFFFFFFFFFFFE8
:1058D000FFFFFFFFFFFFFFFFFFFFFFFFFFFFFFFFD8
:1058E000FFFFFFFFFFFFFFFFFFFFFFFFFFFFFFFFC8
:1058F000FFFFFFFFFFFFFFFFFFFFFFFFFFFFFFFFB8
:10590000FFFFFFFFFFFFFFFFFFFFFFFFFFFFFFFFA7
:10591000FFFFFFFFFFFFFFFFFFFFFFFFFFFFFFFF97
:10592000FFFFFFFFFFFFFFFFFFFFFFFFFFFFFFFF87
:10593000FFFFFFFFFFFFFFFFFFFFFFFFFFFFFFFF77
:10594000FFFFFFFFFFFFFFFFFFFFFFFFFFFFFFFF67
:10595000FFFFFFFFFFFFFFFFFFFFFFFFFFFFFFFF57
:10596000FFFFFFFFFFFFFFFFFFFFFFFFFFFFFFFF47
:10597000FFFFFFFFFFFFFFFFFFFFFFFFFFFFFFFF37
:10598000FFFFFFFFFFFFFFFFFFFFFFFFFFFFFFFF27
:10599000FFFFFFFFFFFFFFFFFFFFFFFFFFFFFFFF17
:1059A000FFFFFFFFFFFFFFFFFFFFFFFFFFFFFFFF07
:1059B000FFFFFFFFFFFFFFFFFFFFFFFFFFFFFFFFF7
:1059C000FFFFFFFFFFFFFFFFFFFFFFFFFFFFFFFFE7
:1059D000FFFFFFFFFFFFFFFFFFFFFFFFFFFFFFFFD7
:1059E000FFFFFFFFFFFFFFFFFFFFFFFFFFFFFFFFC7
:1059F000FFFFFFFFFFFFFFFFFFFFFFFFFFFFFFFFB7
:105A0000FFFFFFFFFFFFFFFFFFFFFFFFFFFFFFFFA6
:105A1000FFFFFFFFFFFFFFFFFFFFFFFFFFFFFFFF96
:105A2000FFFFFFFFFFFFFFFFFFFFFFFFFFFFFFFF86
:105A3000FFFFFFFFFFFFFFFFFFFFFFFFFFFFFFFF76
:105A4000FFFFFFFFFFFFFFFFFFFFFFFFFFFFFFFF66
:105A5000FFFFFFFFFFFFFFFFFFFFFFFFFFFFFFFF56
:105A6000FFFFFFFFFFFFFFFFFFFFFFFFFFFFFFFF46
:105A7000FFFFFFFFFFFFFFFFFFFFFFFFFFFFFFFF36
:105A8000FFFFFFFFFFFFFFFFFFFFFFFFFFFFFFFF26
:105A9000FFFFFFFFFFFFFFFFFFFFFFFFFFFFFFFF16
:105AA000FFFFFFFFFFFFFFFFFFFFFFFFFFFFFFFF06
:105AB000FFFFFFFFFFFFFFFFFFFFFFFFFFFFFFFFF6
:105AC000FFFFFFFFFFFFFFFFFFFFFFFFFFFFFFFFE6
:105AD000FFFFFFFFFFFFFFFFFFFFFFFFFFFFFFFFD6
:105AE000FFFFFFFFFFFFFFFFFFFFFFFFFFFFFFFFC6
:105AF000FFFFFFFFFFFFFFFFFFFFFFFFFFFFFFFFB6
:105B0000FFFFFFFFFFFFFFFFFFFFFFFFFFFFFFFFA5
:105B1000FFFFFFFFFFFFFFFFFFFFFFFFFFFFFFFF95
:105B2000FFFFFFFFFFFFFFFFFFFFFFFFFFFFFFFF85
:105B3000FFFFFFFFFFFFFFFFFFFFFFFFFFFFFFFF75
:105B4000FFFFFFFFFFFFFFFFFFFFFFFFFFFFFFFF65
:105B5000FFFFFFFFFFFFFFFFFFFFFFFFFFFFFFFF55
:105B6000FFFFFFFFFFFFFFFFFFFFFFFFFFFFFFFF45
:105B7000FFFFFFFFFFFFFFFFFFFFFFFFFFFFFFFF35
:105B8000FFFFFFFFFFFFFFFFFFFFFFFFFFFFFFFF25
:105B9000FFFFFFFFFFFFFFFFFFFFFFFFFFFFFFFF15
:105BA000FFFFFFFFFFFFFFFFFFFFFFFFFFFFFFFF05
:105BB000FFFFFFFFFFFFFFFFFFFFFFFFFFFFFFFFF5
:105BC000FFFFFFFFFFFFFFFFFFFFFFFFFFFFFFFFE5
:105BD000FFFFFFFFFFFFFFFFFFFFFFFFFFFFFFFFD5
:105BE000FFFFFFFFFFFFFFFFFFFFFFFFFFFFFFFFC5
:105BF000FFFFFFFFFFFFFFFFFFFFFFFFFFFFFFFFB5
:105C0000FFFFFFFFFFFFFFFFFFFFFFFFFFFFFFFFA4
:105C1000FFFFFFFFFFFFFFFFFFFFFFFFFFFFFFFF94
:105C2000FFFFFFFFFFFFFFFFFFFFFFFFFFFFFFFF84
:105C3000FFFFFFFFFFFFFFFFFFFFFFFFFFFFFFFF74
:105C4000FFFFFFFFFFFFFFFFFFFFFFFFFFFFFFFF64
:105C5000FFFFFFFFFFFFFFFFFFFFFFFFFFFFFFFF54
:105C6000FFFFFFFFFFFFFFFFFFFFFFFFFFFFFFFF44
:105C7000FFFFFFFFFFFFFFFFFFFFFFFFFFFFFFFF34
:105C8000FFFFFFFFFFFFFFFFFFFFFFFFFFFFFFFF24
:105C9000FFFFFFFFFFFFFFFFFFFFFFFFFFFFFFFF14
:105CA000FFFFFFFFFFFFFFFFFFFFFFFFFFFFFFFF04
:105CB000FFFFFFFFFFFFFFFFFFFFFFFFFFFFFFFFF4
:105CC000FFFFFFFFFFFFFFFFFFFFFFFFFFFFFFFFE4
:105CD000FFFFFFFFFFFFFFFFFFFFFFFFFFFFFFFFD4
:105CE000FFFFFFFFFFFFFFFFFFFFFFFFFFFFFFFFC4
:105CF000FFFFFFFFFFFFFFFFFFFFFFFFFFFFFFFFB4
:105D0000FFFFFFFFFFFFFFFFFFFFFFFFFFFFFFFFA3
:105D1000FFFFFFFFFFFFFFFFFFFFFFFFFFFFFFFF93
:105D2000FFFFFFFFFFFFFFFFFFFFFFFFFFFFFFFF83
:105D3000FFFFFFFFFFFFFFFFFFFFFFFFFFFFFFFF73
:105D4000FFFFFFFFFFFFFFFFFFFFFFFFFFFFFFFF63
:105D5000FFFFFFFFFFFFFFFFFFFFFFFFFFFFFFFF53
:105D6000FFFFFFFFFFFFFFFFFFFFFFFFFFFFFFFF43
:105D7000FFFFFFFFFFFFFFFFFFFFFFFFFFFFFFFF33
:105D8000FFFFFFFFFFFFFFFFFFFFFFFFFFFFFFFF23
:105D9000FFFFFFFFFFFFFFFFFFFFFFFFFFFFFFFF13
:105DA000FFFFFFFFFFFFFFFFFFFFFFFFFFFFFFFF03
:105DB000FFFFFFFFFFFFFFFFFFFFFFFFFFFFFFFFF3
:105DC000FFFFFFFFFFFFFFFFFFFFFFFFFFFFFFFFE3
:105DD000FFFFFFFFFFFFFFFFFFFFFFFFFFFFFFFFD3
:105DE000FFFFFFFFFFFFFFFFFFFFFFFFFFFFFFFFC3
:105DF000FFFFFFFFFFFFFFFFFFFFFFFFFFFFFFFFB3
:105E0000FFFFFFFFFFFFFFFFFFFFFFFFFFFFFFFFA2
:105E1000FFFFFFFFFFFFFFFFFFFFFFFFFFFFFFFF92
:105E2000FFFFFFFFFFFFFFFFFFFFFFFFFFFFFFFF82
:105E3000FFFFFFFFFFFFFFFFFFFFFFFFFFFFFFFF72
:105E4000FFFFFFFFFFFFFFFFFFFFFFFFFFFFFFFF62
:105E5000FFFFFFFFFFFFFFFFFFFFFFFFFFFFFFFF52
:105E6000FFFFFFFFFFFFFFFFFFFFFFFFFFFFFFFF42
:105E7000FFFFFFFFFFFFFFFFFFFFFFFFFFFFFFFF32
:105E8000FFFFFFFFFFFFFFFFFFFFFFFFFFFFFFFF22
:105E9000FFFFFFFFFFFFFFFFFFFFFFFFFFFFFFFF12
:105EA000FFFFFFFFFFFFFFFFFFFFFFFFFFFFFFFF02
:105EB000FFFFFFFFFFFFFFFFFFFFFFFFFFFFFFFFF2
:105EC000FFFFFFFFFFFFFFFFFFFFFFFFFFFFFFFFE2
:105ED000FFFFFFFFFFFFFFFFFFFFFFFFFFFFFFFFD2
:105EE000FFFFFFFFFFFFFFFFFFFFFFFFFFFFFFFFC2
:105EF000FFFFFFFFFFFFFFFFFFFFFFFFFFFFFFFFB2
:105F0000FFFFFFFFFFFFFFFFFFFFFFFFFFFFFFFFA1
:105F1000FFFFFFFFFFFFFFFFFFFFFFFFFFFFFFFF91
:105F2000FFFFFFFFFFFFFFFFFFFFFFFFFFFFFFFF81
:105F3000FFFFFFFFFFFFFFFFFFFFFFFFFFFFFFFF71
:105F4000FFFFFFFFFFFFFFFFFFFFFFFFFFFFFFFF61
:105F5000FFFFFFFFFFFFFFFFFFFFFFFFFFFFFFFF51
:105F6000FFFFFFFFFFFFFFFFFFFFFFFFFFFFFFFF41
:105F7000FFFFFFFFFFFFFFFFFFFFFFFFFFFFFFFF31
:105F8000FFFFFFFFFFFFFFFFFFFFFFFFFFFFFFFF21
:105F9000FFFFFFFFFFFFFFFFFFFFFFFFFFFFFFFF11
:105FA000FFFFFFFFFFFFFFFFFFFFFFFFFFFFFFFF01
:105FB000FFFFFFFFFFFFFFFFFFFFFFFFFFFFFFFFF1
:105FC000FFFFFFFFFFFFFFFFFFFFFFFFFFFFFFFFE1
:105FD000FFFFFFFFFFFFFFFFFFFFFFFFFFFFFFFFD1
:105FE000FFFFFFFFFFFFFFFFFFFFFFFFFFFFFFFFC1
:105FF000FFFFFFFFFFFFFFFFFFFFFFFFFFFFFFFFB1
:10600000FFFFFFFFFFFFFFFFFFFFFFFFFFFFFFFFA0
:10601000FFFFFFFFFFFFFFFFFFFFFFFFFFFFFFFF90
:10602000FFFFFFFFFFFFFFFFFFFFFFFFFFFFFFFF80
:10603000FFFFFFFFFFFFFFFFFFFFFFFFFFFFFFFF70
:10604000FFFFFFFFFFFFFFFFFFFFFFFFFFFFFFFF60
:10605000FFFFFFFFFFFFFFFFFFFFFFFFFFFFFFFF50
:10606000FFFFFFFFFFFFFFFFFFFFFFFFFFFFFFFF40
:10607000FFFFFFFFFFFFFFFFFFFFFFFFFFFFFFFF30
:10608000FFFFFFFFFFFFFFFFFFFFFFFFFFFFFFFF20
:10609000FFFFFFFFFFFFFFFFFFFFFFFFFFFFFFFF10
:1060A000FFFFFFFFFFFFFFFFFFFFFFFFFFFFFFFF00
:1060B000FFFFFFFFFFFFFFFFFFFFFFFFFFFFFFFFF0
:1060C000FFFFFFFFFFFFFFFFFFFFFFFFFFFFFFFFE0
:1060D000FFFFFFFFFFFFFFFFFFFFFFFFFFFFFFFFD0
:1060E000FFFFFFFFFFFFFFFFFFFFFFFFFFFFFFFFC0
:1060F000FFFFFFFFFFFFFFFFFFFFFFFFFFFFFFFFB0
:10610000FFFFFFFFFFFFFFFFFFFFFFFFFFFFFFFF9F
:10611000FFFFFFFFFFFFFFFFFFFFFFFFFFFFFFFF8F
:10612000FFFFFFFFFFFFFFFFFFFFFFFFFFFFFFFF7F
:10613000FFFFFFFFFFFFFFFFFFFFFFFFFFFFFFFF6F
:10614000FFFFFFFFFFFFFFFFFFFFFFFFFFFFFFFF5F
:10615000FFFFFFFFFFFFFFFFFFFFFFFFFFFFFFFF4F
:10616000FFFFFFFFFFFFFFFFFFFFFFFFFFFFFFFF3F
:10617000FFFFFFFFFFFFFFFFFFFFFFFFFFFFFFFF2F
:10618000FFFFFFFFFFFFFFFFFFFFFFFFFFFFFFFF1F
:10619000FFFFFFFFFFFFFFFFFFFFFFFFFFFFFFFF0F
:1061A000FFFFFFFFFFFFFFFFFFFFFFFFFFFFFFFFFF
:1061B000FFFFFFFFFFFFFFFFFFFFFFFFFFFFFFFFEF
:1061C000FFFFFFFFFFFFFFFFFFFFFFFFFFFFFFFFDF
:1061D000FFFFFFFFFFFFFFFFFFFFFFFFFFFFFFFFCF
:1061E000FFFFFFFFFFFFFFFFFFFFFFFFFFFFFFFFBF
:1061F000FFFFFFFFFFFFFFFFFFFFFFFFFFFFFFFFAF
:10620000FFFFFFFFFFFFFFFFFFFFFFFFFFFFFFFF9E
:10621000FFFFFFFFFFFFFFFFFFFFFFFFFFFFFFFF8E
:10622000FFFFFFFFFFFFFFFFFFFFFFFFFFFFFFFF7E
:10623000FFFFFFFFFFFFFFFFFFFFFFFFFFFFFFFF6E
:10624000FFFFFFFFFFFFFFFFFFFFFFFFFFFFFFFF5E
:10625000FFFFFFFFFFFFFFFFFFFFFFFFFFFFFFFF4E
:10626000FFFFFFFFFFFFFFFFFFFFFFFFFFFFFFFF3E
:10627000FFFFFFFFFFFFFFFFFFFFFFFFFFFFFFFF2E
:10628000FFFFFFFFFFFFFFFFFFFFFFFFFFFFFFFF1E
:10629000FFFFFFFFFFFFFFFFFFFFFFFFFFFFFFFF0E
:1062A000FFFFFFFFFFFFFFFFFFFFFFFFFFFFFFFFFE
:1062B000FFFFFFFFFFFFFFFFFFFFFFFFFFFFFFFFEE
:1062C000FFFFFFFFFFFFFFFFFFFFFFFFFFFFFFFFDE
:1062D000FFFFFFFFFFFFFFFFFFFFFFFFFFFFFFFFCE
:1062E000FFFFFFFFFFFFFFFFFFFFFFFFFFFFFFFFBE
:1062F000FFFFFFFFFFFFFFFFFFFFFFFFFFFFFFFFAE
:10630000FFFFFFFFFFFFFFFFFFFFFFFFFFFFFFFF9D
:10631000FFFFFFFFFFFFFFFFFFFFFFFFFFFFFFFF8D
:10632000FFFFFFFFFFFFFFFFFFFFFFFFFFFFFFFF7D
:10633000FFFFFFFFFFFFFFFFFFFFFFFFFFFFFFFF6D
:10634000FFFFFFFFFFFFFFFFFFFFFFFFFFFFFFFF5D
:10635000FFFFFFFFFFFFFFFFFFFFFFFFFFFFFFFF4D
:10636000FFFFFFFFFFFFFFFFFFFFFFFFFFFFFFFF3D
:10637000FFFFFFFFFFFFFFFFFFFFFFFFFFFFFFFF2D
:10638000FFFFFFFFFFFFFFFFFFFFFFFFFFFFFFFF1D
:10639000FFFFFFFFFFFFFFFFFFFFFFFFFFFFFFFF0D
:1063A000FFFFFFFFFFFFFFFFFFFFFFFFFFFFFFFFFD
:1063B000FFFFFFFFFFFFFFFFFFFFFFFFFFFFFFFFED
:1063C000FFFFFFFFFFFFFFFFFFFFFFFFFFFFFFFFDD
:1063D000FFFFFFFFFFFFFFFFFFFFFFFFFFFFFFFFCD
:1063E000FFFFFFFFFFFFFFFFFFFFFFFFFFFFFFFFBD
:1063F000FFFFFFFFFFFFFFFFFFFFFFFFFFFFFFFFAD
:10640000FFFFFFFFFFFFFFFFFFFFFFFFFFFFFFFF9C
:10641000FFFFFFFFFFFFFFFFFFFFFFFFFFFFFFFF8C
:10642000FFFFFFFFFFFFFFFFFFFFFFFFFFFFFFFF7C
:10643000FFFFFFFFFFFFFFFFFFFFFFFFFFFFFFFF6C
:10644000FFFFFFFFFFFFFFFFFFFFFFFFFFFFFFFF5C
:10645000FFFFFFFFFFFFFFFFFFFFFFFFFFFFFFFF4C
:10646000FFFFFFFFFFFFFFFFFFFFFFFFFFFFFFFF3C
:10647000FFFFFFFFFFFFFFFFFFFFFFFFFFFFFFFF2C
:10648000FFFFFFFFFFFFFFFFFFFFFFFFFFFFFFFF1C
:10649000FFFFFFFFFFFFFFFFFFFFFFFFFFFFFFFF0C
:1064A000FFFFFFFFFFFFFFFFFFFFFFFFFFFFFFFFFC
:1064B000FFFFFFFFFFFFFFFFFFFFFFFFFFFFFFFFEC
:1064C000FFFFFFFFFFFFFFFFFFFFFFFFFFFFFFFFDC
:1064D000FFFFFFFFFFFFFFFFFFFFFFFFFFFFFFFFCC
:1064E000FFFFFFFFFFFFFFFFFFFFFFFFFFFFFFFFBC
:1064F000FFFFFFFFFFFFFFFFFFFFFFFFFFFFFFFFAC
:10650000FFFFFFFFFFFFFFFFFFFFFFFFFFFFFFFF9B
:10651000FFFFFFFFFFFFFFFFFFFFFFFFFFFFFFFF8B
:10652000FFFFFFFFFFFFFFFFFFFFFFFFFFFFFFFF7B
:10653000FFFFFFFFFFFFFFFFFFFFFFFFFFFFFFFF6B
:10654000FFFFFFFFFFFFFFFFFFFFFFFFFFFFFFFF5B
:10655000FFFFFFFFFFFFFFFFFFFFFFFFFFFFFFFF4B
:10656000FFFFFFFFFFFFFFFFFFFFFFFFFFFFFFFF3B
:10657000FFFFFFFFFFFFFFFFFFFFFFFFFFFFFFFF2B
:10658000FFFFFFFFFFFFFFFFFFFFFFFFFFFFFFFF1B
:10659000FFFFFFFFFFFFFFFFFFFFFFFFFFFFFFFF0B
:1065A000FFFFFFFFFFFFFFFFFFFFFFFFFFFFFFFFFB
:1065B000FFFFFFFFFFFFFFFFFFFFFFFFFFFFFFFFEB
:1065C000FFFFFFFFFFFFFFFFFFFFFFFFFFFFFFFFDB
:1065D000FFFFFFFFFFFFFFFFFFFFFFFFFFFFFFFFCB
:1065E000FFFFFFFFFFFFFFFFFFFFFFFFFFFFFFFFBB
:1065F000FFFFFFFFFFFFFFFFFFFFFFFFFFFFFFFFAB
:10660000FFFFFFFFFFFFFFFFFFFFFFFFFFFFFFFF9A
:10661000FFFFFFFFFFFFFFFFFFFFFFFFFFFFFFFF8A
:10662000FFFFFFFFFFFFFFFFFFFFFFFFFFFFFFFF7A
:10663000FFFFFFFFFFFFFFFFFFFFFFFFFFFFFFFF6A
:10664000FFFFFFFFFFFFFFFFFFFFFFFFFFFFFFFF5A
:10665000FFFFFFFFFFFFFFFFFFFFFFFFFFFFFFFF4A
:10666000FFFFFFFFFFFFFFFFFFFFFFFFFFFFFFFF3A
:10667000FFFFFFFFFFFFFFFFFFFFFFFFFFFFFFFF2A
:10668000FFFFFFFFFFFFFFFFFFFFFFFFFFFFFFFF1A
:10669000FFFFFFFFFFFFFFFFFFFFFFFFFFFFFFFF0A
:1066A000FFFFFFFFFFFFFFFFFFFFFFFFFFFFFFFFFA
:1066B000FFFFFFFFFFFFFFFFFFFFFFFFFFFFFFFFEA
:1066C000FFFFFFFFFFFFFFFFFFFFFFFFFFFFFFFFDA
:1066D000FFFFFFFFFFFFFFFFFFFFFFFFFFFFFFFFCA
:1066E000FFFFFFFFFFFFFFFFFFFFFFFFFFFFFFFFBA
:1066F000FFFFFFFFFFFFFFFFFFFFFFFFFFFFFFFFAA
:10670000FFFFFFFFFFFFFFFFFFFFFFFFFFFFFFFF99
:10671000FFFFFFFFFFFFFFFFFFFFFFFFFFFFFFFF89
:10672000FFFFFFFF4B4B50505050505050505050B7
:106730005050505050505050505050505050505059
:106740005050505050505050505050505050505049
:106750005050505050505050505050505050505039
:106760005050505050505050505050505050505029
:106770004B4BFFFFFFFFFFFFFFFFFFFFE3E3505027
:106780005050505050505050505050505050505009
:1067900050505050505050505050505050505050F9
:1067A00050505050505050505050505050505050E9
:1067B00050505050505050505050505050505050D9
:1067C00050505050505050505050505050505050C9
:1067D00050505050505050505050505050505050B9
:1067E00050505050505050505050505050505050A9
:1067F0005050505050505050505050505050505099
:106800005050505050505050505050505050505088
:106810005050505050505050505050505050505078
:106820005050505050505050505050505050505068
:106830005050505050505050505050505050505058
:106840005050505050505050505050505050505048
:106850005050505050505050505050505050505038
:106860005050505050505050505050505050505028
:1068700050505050505050509494FFFFFFFFFFFF76
:10688000FFFFFFFFFFFFFFFFFFFFFFFFFFFFFFFF18
:10689000FFFFFFFFFFFFFFFF4B4D50525052505282
:1068A00050525052505250525052505250525052D8
:1068B00050525052505250525052505250525052C8
:1068C00050525052505250525052505250525052B8
:1068D00050525052505250525052505250525052A8
:1068E000505250524B4DFFFFFFFFFFFFFFFFFFFFD6
:1068F000E3E3505250525052505250525052505264
:106900005052505250525052505250525052505277
:106910005052505250525052505250525052505267
:106920005052505250525052505250525052505257
:106930005052505250525052505250525052505247
:106940005052505250525052505250525052505237
:106950005052505250525052505250525052505227
:106960005052505250525052505250525052505217
:106970005052505250525052505250525052505207
:1069800050525052505250525052505250525052F7
:1069900050525052505250525052505250525052E7
:1069A00050525052505250525052505250525052D7
:1069B00050525052505250525052505250525052C7
:1069C00050525052505250525052505250525052B7
:1069D00050525052505250525052505250525052A7
:1069E0005052505250525052505250539495FFFFB3
:1069F000FFFFFFFFFFFFFFFFFFFFFFFFFFFFFFFFA7
:106A0000FFFFFFFFFFFFFFFFFFFFFFFF5050575645
:106A1000565756575657565756575657565756570E
:106A200056575657565756575657565756575657FE
:106A300056575657565756575657565756575657EE
:106A400056575657565756575657565756575657DE
:106A5000565756575657565756574747FFFFFFFF4B
:106A6000FFFFFFFFE6E65556565656565656565603
:106A700056565656565656565656565656565656B6
:106A800056565656565656565656565656565656A6
:106A90005656565656565656565656565656565696
:106AA0005656565656565656565656565656565686
:106AB0005656565656565656565656565656565676
:106AC0005656565656565656565656565656565666
:106AD0005656565656565656565656565656565656
:106AE0005656565656565656565656565656565646
:106AF0005656565656565656565656565656565636
:106B00005656565656565656565656565656565625
:106B10005656565656565656565656565656565615
:106B20005656565656565656565656565656565605
:106B300056565656565656565656565656565656F5
:106B400056565656565656565656565656565656E5
:106B500056565656565656565656565656565757D3
:106B600057579393FFFFFFFFFFFFFFFFFFFFFFFF5D
:106B7000FFFFFFFFFFFFFFFFFFFFFFFFFFFFFFFF25
:106B80005052565857595759575957595759575995
:106B90005759575957595759575957595759575975
:106BA0005759575957595759575957595759575965
:106BB0005759575957595759575957595759575955
:106BC0005759575957595759575957595759474965
:106BD000FFFFFFFFFFFFFFFFE6E5565856585658E8
:106BE0005658565856585658565856585658565835
:106BF0005658565856585658565856585658565825
:106C00005658565856585658565856585658565814
:106C10005658565856585658565856585658565804
:106C200056585658565856585658565856585658F4
:106C300056585658565856585658565856585658E4
:106C400056585658565856585658565856585658D4
:106C500056585658565856585658565856585658C4
:106C600056585658565856585658565856585658B4
:106C700056585658565856585658565856585658A4
:106C80005658565856585658565856585658565894
:106C90005658565856585658565856585658565884
:106CA0005658565856585658565856585658565874
:106CB0005658565856585658565856585658565864
:106CC0005658565856585658565856585658565854
:106CD0005658575957599394FFFFFFFFFFFFFFFF87
:106CE000FFFFFFFFFFFFFFFFFFFFFFFFFFFFFFFFB4
:106CF000FFFFFFFF51515B5B5F5F5D5C5C5B5B5C5B
:106D00005C5C5C5B5B5B5C5B5B5B5B5A5B5A5B5AD2
:106D10005A5A59595A5A59595B5A5A5A5A5B5B5BD3
:106D20005B5B5B5B5B5B5B5B5B5B5C5B5C5C5D5CAD
:106D30005C5D5C5C5D5D5D5D5C5D5D5D5D5D5D5D87
:106D40005E5D5F5EA6A6FFFFFFFFFFFFE6E657570B
:106D500056576864676367646764676567646765F7
:106D600067656864686568656766686668666866BA
:106D7000686668666966696669666966696769679B
:106D8000696769676A676A676A6669676A67696780
:106D90006A686A676A686A686A686A686A686A6864
:106DA0006A686A686A686A686A686A686A686A6853
:106DB0006A686A686A686A686A686A686A686A6843
:106DC0006A6869676A686A686A686A676968696739
:106DD0006967696669676967696769676966696636
:106DE0006866686668666966686668666765676536
:106DF000686568656865686568656864676567652E
:106E00006765676467656765676467646765676426
:106E1000676467646764676467646764676467641A
:106E20006764676567646764676568646765686504
:106E300068656864686567656865686668666966E8
:106E400069666864666568665152E7E7FFFFFFFFA1
:106E5000FFFFFFFFFFFFFFFFFFFFFFFFFFFFFFFF42
:106E6000FFFFFFFFFFFFFFFF51535B5D5F605C5E55
:106E70005B5E5C5E5C5D5B5D5B5D5B5D5B5D5A5D4F
:106E80005A5C5A5C5A5C595C5A5C595B5A5C5A5C55
:106E90005B5D5B5D5B5D5B5D5B5E5B5F5B5E5B5E2D
:106EA0005C5E5C5D5D5E5C5E5D5F5D5E5D5F5D5F0B
:106EB0005D5E5D5F5D5F5E60A6A8FFFFFFFFFFFF99
:106EC000E6E55759575A64626362646364636562B6
:106ED0006463656365636462656365636663666472
:106EE0006664666366636664666366646664666455
:106EF000676367636764676467646764666567653B
:106F0000676567646865676568666865686568661B
:106F10006865686568666866686668666866686603
:106F200068666866686668666866686668666866F1
:106F300068666866686567666866686568656765E7
:106F400068656765676566646765676567656765E2
:106F500066646664666466646664666466646663E2
:106F600065636563656365626563656365626463E4
:106F700065636563656264626562656364636463D7
:106F800065626462646264626462646264626463CF
:106F900064626462646265626462646265636463BD
:106FA00065636563656264636563656365636663A2
:106FB0006663666466636460656066605257E7E6B0
:106FC000FFFFFFFFFFFFFFFFFFFFFFFFFFFFFFFFD1
:106FD000FFFFFFFFFFFFFFFFFFFFFFFF51515B5B65
:106FE000DCD8CFCDCBCBC8C5C4C2C2C0BDBCB9B73D
:106FF000B4B4B1B0ADADA8A7A4A39F9E9B9A96953B
:10700000929299999FA0A3A4A8AAADAFB0B2B3B62B
:10701000B5B6B7BABABDBFC0C1C2C4C4C6C6CBCB71
:10702000CCCDCFCFD3D1D5D2D6D5D6D4A6A6FFFF3F
:10703000FFFFFFFFE6E657575254C181BC81C1866E
:10704000C489C58BC98DCB92CE95D096D399D59C4A
:10705000D89DDBA0DFA4E0A6E3A9E6ACE8AEEAB1E8
:10706000EDB2EEB5F0B6F2B8F4BAF4BBF6BEF6BEC9
:10707000F7C0F7C1F8C4F8C5F9C6F9C8FAC9FACA21
:10708000FACAFACAFACBFBCCFBCCFBCCFBCDFBCDCE
:10709000FBCDFBCDFBCDFBCDFBCDFBCDFBCDFBCDB0
:1070A000FBCDFBCDFACCFACBF9CAF8C9F8C9F7C7C2
:1070B000F6C6F5C5F4C3F2C1F1BFEFBDEDBBECB947
:1070C000EAB7E9B7E6B3E4B1E1ACE0AADEA7DDA731
:1070D000DBA5DAA3D89FD79ED59CD49AD398D19616
:1070E000D195CF93CE94CD90CD8FCB8FCA8CC98DB7
:1070F000C88AC889C687C586C585C486C485C38332
:10710000C383C383C484C484C585C686C789C88A2B
:10711000C98ACB8ECD90CE91D293D396D59BD79C56
:10712000DB9FDEA3E1A8E6ACE9B0EDB5F2BBA08C35
:107130009595FFFFFFFFFFFFFFFFFFFFFFFFFFFF33
:10714000FFFFFFFFFFFFFFFFFFFFFFFFFFFFFFFF4F
:1071500051535B5DD8D6CDCACBC9C5C5C2C1C0BE6F
:10716000BCBAB7B6B4B4B0B0ADADA7A6A3A29E9F4B
:107170009A9B95969293999DA0A4A4AAAAB2AFB700
:10718000B2BCB6C1B6C2BAC5BDC7C0C9C2CAC4CCFA
:10719000C6CDCBD1CDD1CFD4D1D5D2D5D5D7D4D6DC
:1071A000A6A8FFFFFFFFFFFFE6E55759545B8127C5
:1071B000812D862F89308B318D33923495339636DD
:1071C00099379C399D3AA03BA43AA63DA93EAC40D4
:1071D000AE42B143B245B545B646B847BA48BB49D9
:1071E000BE4DBE52C056C159C45CC560C660C862BF
:1071F000C966CA68CA69CA6ACB6ACC6CCC6DCC6EE7
:10720000CD6DCD6FCD6FCD6FCD6ECD70CD70CD709E
:10721000CD70CD70CD6FCD6FCC6ECB6DCA6CC96BA0
:10722000C96AC767C667C565C364C161BF5EBD5D26
:10723000BB5BB958B756B753B351B14DAC4AAA4628
:10724000A743A740A53FA33E9F3C9E3C9C3A9A394A
:107250009838963795369335943490338F328F31F2
:107260008C318D308A2F892E872D862D852C862C6A
:10727000852B832B832B832A842A842B852C862C95
:10728000892C8A2D8A2E8E2C902F91309331963214
:107290009B349C359F36A339A83AAC3BB03EB541F0
:1072A000BB448C619596FFFFFFFFFFFFFFFFFFFFD1
:1072B000FFFFFFFFFFFFFFFFFFFFFFFFFFFFFFFFDE
:1072C000FFFFFFFF50505B5BDFDDD3D0D0CDCBC9DC
:1072D000C8C7C6C3C1C0BDBBB9B9B5B4B2B1ACAB08
:1072E000A9A7A4A29F9E9A9A96959393999B9FA0D3
:1072F000A6A6A8AAADAFB1B3B4B6B4B7B8BABCBD70
:10730000BEC0C1C3C5C5C8C8CACACECDD1CFD4D2EC
:10731000D4D3D3D2A6A6FFFFFFFFFFFFE6E6575761
:107320005254C181BD81C186C489C68CCA8DCC929C
:10733000CF95D096D399D59DD99DDCA0DFA5E1A6A8
:10734000E4AAE7ADE9AEEBB2EEB2EEB6F0B6F2B853
:10735000F5BBF4BCF7BEF6BEF8C0F7C1F9C5F8C678
:10736000FAC6FAC9FBCAFBCBFBCBFBCAFBCCFCCDF4
:10737000FCCDFCCDFCCEFCCEFCCEFCCEFCCEFCCEBF
:10738000FCCEFCCEFCCEFCCEFCCEFCCEFBCDFBCBB3
:10739000FACAF8C9F9CAF8C7F7C7F6C6F5C4F3C2FE
:1073A000F2BFEFBDEDBBEDBAEBB8EAB7E7B2E5AFC0
:1073B000E3AEE1AADFA7DEA7DCA5DBA3D89FD89FB9
:1073C000D59CD49AD398D197D296CF93CE94CD9082
:1073D000CE90CC8FCB8DC98DC88BC98AC687C58608
:1073E000C685C586C585C484C484C383C585C58553
:1073F000C686C786C889C98AC98BCC8ECE90CE92E4
:10740000D393D396D59BD79DDC9FDFA3E1A9E7ADAE
:10741000E9B0EDB5E2B35252FFFFFFFFFFFFFFFF00
:10742000FFFFFFFFFFFFFFFFFFFFFFFFFFFFFFFF6C
:10743000FFFFFFFFFFFFFFFF50535B5DDDD9D0CDA6
:10744000CDCAC9C7C7C3C3C2C0BEBBBAB9B7B4B33C
:10745000B1B1ABABA7A7A2A39E9E9A999596939420
:107460009B9EA0A5A6ACAAB2AFB8B3BDB6C1B7C328
:10747000BAC5BDC8C0CAC3CDC5CDC8CECAD0CDD28D
:10748000CFD5D2D6D3D7D2D4A6A8FFFFFFFFFFFF18
:10749000E6E55759545B8127812D862F89308C3141
:1074A0008D3392349533963599369D399D3AA03B6C
:1074B000A53AA63CAA3DAD40AE42B243B245B64560
:1074C000B645B846BB47BC48BE4CBE52C056C15874
:1074D000C55BC660C660C962CA66CB68CB69CA6A4A
:1074E000CC6ACD6BCD6DCD6ECE6DCE6FCE6FCE6FC7
:1074F000CE6ECE70CE70CE70CE70CE70CE6FCE6FA0
:10750000CD6ECB6CCA6BC96BCA6AC767C767C665E5
:10751000C464C261BF5EBD5DBB5BBA58B856B753A9
:10752000B250AF4BAE4AAA45A743A740A53FA33EE2
:107530009F3B9F3C9C3A9A389838973796359334BE
:107540009434903390318F308D318D308B2F8A2D44
:10755000872C862D852B862C852B842B842B8329A9
:107560008529852B862C862C892B8A2D8B2E8E2C7B
:10757000902F9230933196329B349D359F36A339AC
:10758000A93AAD3BB03EB541B3505254FFFFFFFFA7
:10759000FFFFFFFFFFFFFFFFFFFFFFFFFFFFFFFFFB
:1075A000FFFFFFFFFFFFFFFFFFFFFFFF53535B5B8B
:1075B000E3E2D7D4D4D0D0CDCBC9C8C6C4C3C1C0F0
:1075C000BDBBB9B7B5B4B1B0ADADA8A7A4A29F9EDD
:1075D0009A9A969593939A9A9FA0A5A6A8AAADAFBA
:1075E000B1B3B4B6B5B7B8B9BCBCBFC0C1C3C5C5EB
:1075F000C7C7CBCBCECDD1D0D4D1D1D0A6A6FFFF9B
:10760000FFFFFFFFE6E657575254C181BD81C18697
:10761000C489C68CCA8DCC92CF95D096D399D59D6E
:10762000D99DDCA0DFA5E1A6E4AAE7ADE9AEEBB207
:10763000EEB2EEB6F0B6F2B8F5BBF4BCF7BEF6BEED
:10764000F8C0F7C1F9C5F8C6FAC6FAC9FBCAFBCB40
:10765000FBCBFBCAFBCCFCCDFCCDFCCDFCCEFCCEE9
:10766000FCCEFCCEFCCEFCCEFCCEFCCEFCCEFCCECA
:10767000FCCEFCCEFBCDFBCBFACAF8C9F9CAF8C7E1
:10768000F7C7F6C6F5C4F3C2F2BFEFBDEDBBEDBA66
:10769000EBB8EAB6E7B2E5AFE3AEE1AADFA7DEA753
:1076A000DCA5DBA3D89FD89FD59CD49AD398D1973B
:1076B000D296CF93CE94CD90CE90CC8FCB8DC98DDA
:1076C000C88BC98AC687C586C685C586C585C48454
:1076D000C484C383C585C585C686C786C889C98A4B
:1076E000C98BCC8ECE90CE92D393D396D59BD79D7B
:1076F000DC9FDFA3E1A9E7ADE9B0FFC13738FFFFA9
:10770000FFFFFFFFFFFFFFFFFFFFFFFFFFFFFFFF89
:10771000FFFFFFFFFFFFFFFFFFFFFFFFFFFFFFFF79
:1077200053555B5DE2DCD4D1D0CDCDCAC9C7C6C448
:10773000C3C0C0BEBBBBB7B7B4B4B0B0ADADA7A7F4
:10774000A2A39E9E9A9A959693949A9EA0A4A6AC64
:10775000AAB1AFB8B3BDB6C1B7C3B9C6BCC8C0CA79
:10776000C3CCC5CDC7CECBD1CDD2D0D4D1D5D0D33B
:10777000A6A8FFFFFFFFFFFFE6E55759545B8127EF
:10778000812D862F89308C318D3392349533963507
:1077900099369D399D3AA03BA53AA63CAA3DAD40FD
:1077A000AE42B243B245B645B645B846BB47BC4803
:1077B000BE4CBE52C056C158C55BC660C660C962E9
:1077C000CA66CB68CB69CA6ACC6ACD6BCD6DCD6E0B
:1077D000CE6DCE6FCE6FCE6FCE6ECE70CE70CE70C1
:1077E000CE70CE70CE6FCE6FCD6ECB6CCA6BC96BC8
:1077F000CA6AC767C767C665C464C261BF5EBD5D4C
:10780000BB5BBA58B855B653B250AF4BAE4AAA4557
:10781000A743A740A53FA33E9F3B9F3C9C3A9A3875
:1078200098389737963593349434903390318F301D
:107830008D318D308B2F8A2D872C862D852B862C94
:10784000852B842B842B83298529852B862C862CBC
:10785000892B8A2D8B2E8E2C902F9230933196323D
:107860009B349D359F36A339A93AAD3BB03EC13D0F
:10787000383EFFFFFFFFFFFFFFFFFFFFFFFFFFFFA0
:10788000FFFFFFFFFFFFFFFFFFFFFFFFFFFFFFFF08
:10789000FFFFFFFF53535B5BE7E3DAD7D6D4D3D0C8
:1078A000CFCDCBC9C9C6C5C3C1BFBDBBB9B8B5B3C0
:1078B000B1B0ACABA7A6A3A29E9D9A9A96949393BF
:1078C0009A9AA1A2A5A7A9AAADB0B1B3B3B6B4B80C
:1078D000B9BABCBDBFC0C1C3C5C5C8C8CBCBCECE6D
:1078E000D1D0CFCEA6A6FFFFFFFFFFFFE6E657579A
:1078F0005254C181BD81C186C489C68CCA8DCC92C7
:10790000CF95D096D399D59DD99DDCA0DFA5E1A6D2
:10791000E4AAE7ADE9AEEBB2EEB2EEB6F0B6F2B87D
:10792000F5BBF4BCF7BEF6BEF8C0F7C1F9C5F8C6A2
:10793000FAC6FAC9FBCAFBCBFBCBFBCAFBCCFCCD1E
:10794000FCCDFCCDFCCEFCCEFCCEFCCEFCCEFCCEE9
:10795000FCCEFCCEFCCEFCCEFCCEFCCEFBCDFBCBDD
:10796000FACAF8C9F9CAF8C7F7C7F6C6F5C4F3C228
:10797000F2BFF0BDEDBCEBB8EBB8EAB6E7B2E5AFED
:10798000E3AEE1AADFA7DEA7DCA5DBA3D89FD89FE3
:10799000D59CD49AD398D197D296CF93CE94CD90AC
:1079A000CE90CC8FCB8DC98DC88BC98AC687C58632
:1079B000C685C586C585C484C484C383C585C5857D
:1079C000C686C786C889C98AC98BCC8ECE90CE920E
:1079D000D393D396D59BD79DDC9FDFA3E1A9E7ADD9
:1079E000FEBD3339FFFFFFFFFFFFFFFFFFFFFFFF7C
:1079F000FFFFFFFFFFFFFFFFFFFFFFFFFFFFFFFF97
:107A0000FFFFFFFFFFFFFFFF53555B5DE3DED7D3B3
:107A1000D4D0D0CDCDCAC9C7C6C3C3C1BFBDBBBA00
:107A2000B8B7B3B4B0B0ABABA6A6A2A29D9E9A9ACB
:107A3000949593959A9FA2A6A7ADAAB2B0B9B3BEEA
:107A4000B6C1B8C3BAC6BDC8C0CAC3CBC5CDC8CEFF
:107A5000CBD1CED3D0D4CED2A6A8FFFFFFFFFFFF5D
:107A6000E6E55759545B8127812D862F89308C316B
:107A70008D3392349533963599369D399D3AA03B96
:107A8000A53AA63CAA3DAD40AE42B243B245B6458A
:107A9000B645B846BB47BC48BE4CBE52C056C1589E
:107AA000C55BC660C660C962CA66CB68CB69CA6A74
:107AB000CC6ACD6BCD6DCD6ECE6DCE6FCE6FCE6FF1
:107AC000CE6ECE70CE70CE70CE70CE70CE6FCE6FCA
:107AD000CD6ECB6CCA6BC96BCA6AC767C767C66510
:107AE000C464C261BF5EBD5DBC5AB858B856B653D7
:107AF000B250AF4BAE4AAA45A743A740A53FA33E0D
:107B00009F3B9F3C9C3A9A389838973796359334E8
:107B10009434903390318F308D318D308B2F8A2D6E
:107B2000872C862D852B862C852B842B842B8329D3
:107B30008529852B862C862C892B8A2D8B2E8E2CA5
:107B4000902F9230933196329B349D359F36A339D6
:107B5000A93AAD3BBD363947FFFFFFFFFFFFFFFFEF
:107B6000FFFFFFFFFFFFFFFFFFFFFFFFFFFFFFFF25
:107B7000FFFFFFFFFFFFFFFFFFFFFFFF53535B5BB5
:107B8000E9E7DDDAD9D7D6D4D3CFCFCCCAC8C8C6B7
:107B9000C5C4C0BFBDBBB8B7B5B5B0AEABAAA7A68C
:107BA000A3A29F9E9999959494949B9CA1A1A5A70B
:107BB000A9ABADB0B2B4B3B6B5B7B9BABCBDBFC16D
:107BC000C2C3C5C6C9C9CCCCCFCDCDCCA6A6FFFFFC
:107BD000FFFFFFFFE6E657575254C181BD81C186C2
:107BE000C489C68CCA8DCC92CF95D096D399D59D99
:107BF000D99DDCA0DFA5E1A6E4AAE7ADE9AEEBB232
:107C0000EEB2EEB6F0B6F2B8F5BBF4BCF7BEF6BE17
:107C1000F8C0F7C1F9C5F8C6FAC6FAC9FBCAFBCB6A
:107C2000FBCBFBCAFBCCFCCDFCCDFCCDFCCEFCCE13
:107C3000FCCEFCCEFCCEFCCEFCCEFCCEFCCEFCCEF4
:107C4000FCCEFCCEFBCDFBCBFACAF8C9F9CAF8C70B
:107C5000F7C7F6C6F5C4F3C2F0C0F0BEEDBCEBB892
:107C6000EBB8EAB6E7B2E5AFE3AEE1AADFA7DEA77D
:107C7000DCA5DBA3D89FD89FD59CD49AD398D19765
:107C8000D296CF93CE94CD90CE90CC8FCB8DC98D04
:107C9000C88BC98AC687C586C685C586C585C4847E
:107CA000C484C383C585C585C686C786C889C98A75
:107CB000C98BCC8ECE90CE92D393D396D59BD79DA5
:107CC000DC9FDFA3E1A9EEB03D45FFFFFFFFFFFF13
:107CD000FFFFFFFFFFFFFFFFFFFFFFFFFFFFFFFFB4
:107CE000FFFFFFFFFFFFFFFFFFFFFFFFFFFFFFFFA4
:107CF00053555B5DE7E2DAD6D7D4D4D0CFCCCCC92C
:107D0000C8C6C6C4C4C0BFBEBBBAB7B6B5B3AEAEB4
:107D1000AAAAA6A6A2A29E9E999A949594969C9F82
:107D2000A1A6A7ADABB2B0B9B4BEB6C2B7C4BAC60D
:107D3000BDC8C1CBC3CDC6CEC9CECCD2CDD2CCD19D
:107D4000A6A9FFFFFFFFFFFFE6E55759545B812718
:107D5000812D862F89308C318D3392349533963531
:107D600099369D399D3AA03BA53AA63CAA3DAD4027
:107D7000AE42B243B245B645B645B846BB47BC482D
:107D8000BE4CBE52C056C158C55BC660C660C96213
:107D9000CA66CB68CB69CA6ACC6ACD6BCD6DCD6E35
:107DA000CE6DCE6FCE6FCE6FCE6ECE70CE70CE70EB
:107DB000CE70CE70CE6FCE6FCD6ECB6CCA6BC96BF2
:107DC000CA6AC767C767C665C464C261C05FBE5D73
:107DD000BC5BB858B856B653B250AF4BAE4AAA4582
:107DE000A743A740A53FA33E9F3B9F3C9C3A9A38A0
:107DF00098389737963593349434903390318F3048
:107E00008D318D308B2F8A2D872C862D852B862CBE
:107E1000852B842B842B83298529852B862C862CE6
:107E2000892B8A2D8B2E8E2C902F92309331963267
:107E30009B349D359F36A339A93AB0374558FFFF8B
:107E4000FFFFFFFFFFFFFFFFFFFFFFFFFFFFFFFF42
:107E5000FFFFFFFFFFFFFFFFFFFFFFFFFFFFFFFF32
:107E6000FFFFFFFF52525A5AECE8DFDEDDDAD9D7C6
:107E7000D6D3D3D0CFCCCBC9C7C5C5C3C1C0BCBB7B
:107E8000B9B8B4B3AFAEACABA7A6A3A19E9D9A9967
:107E9000949395959B9BA1A3A6A6A9ABAEB0B2B4B3
:107EA000B4B7B5B8B9BABCBDC0C1C2C3C6C6C9C9EA
:107EB000CCCCCACAA6A6FFFFFFFFFFFFE4E45757DA
:107EC0005053C181BC81C186C489C58BCA8DCB92F8
:107ED000CE95D096D399D59CD89DDCA0DFA4E0A602
:107EE000E3A9E6ADE8AEEAB2EDB2EEB5F0B6F2B8AF
:107EF000F4BAF4BBF6BEF6BEF7C0F7C1F8C5F8C5D4
:107F0000F9C6F9C8FAC9FACAFACAFACAFACBFBCC56
:107F1000FBCCFBCCFBCDFBCDFBCDFBCDFBCDFBCD23
:107F2000FBCDFBCDFBCDFBCDFBCDFBCDFACCFACB16
:107F3000F9CAF8C9F8C9F7C7F6C6F5C6F3C2F2C25E
:107F4000F1BFEFBDEDBBEBB8EAB7E9B5E6B2E4AF20
:107F5000E2ADE0AADEA7DEA7DBA5DAA3D89FD79E15
:107F6000D59CD49AD398D196D195CF93CE94CD90D9
:107F7000CD8FCB8FCA8CC98DC88AC889C687C58664
:107F8000C585C486C485C384C384C383C484C484B0
:107F9000C585C786C889C98AC98BCC8ECE90CE923A
:107FA000D393D396D59BD79DDC9FDFA3E3A9575AE4
:107FB000EEEEFFFFFFFFFFFFFFFFFFFFFFFFFFFFF3
:107FC000FFFFFFFFFFFFFFFFFFFFFFFFFFFFFFFFC1
:107FD000FFFFFFFFFFFFFFFF52545A5CE8E4DED8CB
:107FE000DAD6D7D3D3D0D0CDCCC9C9C7C5C3C3C0C7
:107FF000C0BDBBB9B8B6B3B2AEAEABABA6A6A1A27C
:108000009D9E9999939495969BA0A3A7A6ACABB47B
:10801000B0B8B4BEB7C2B8C4BAC6BDC8C1CAC3CC72
:10802000C6CEC9CFCCD2CACFA6A9FFFFFFFFFFFFA4
:10803000E4E45759535A8127812D862F89308B319B
:108040008D3392349533963699379C399D3AA03BBF
:10805000A43AA63DA93EAD40AE42B243B245B545B5
:10806000B646B847BA48BB48BE4DBE52C056C159C5
:10807000C55CC560C660C862C966CA68CA69CA6AA2
:10808000CB6ACC6BCC6DCC6ECD6DCD6FCD6FCD6F23
:10809000CD6ECD70CD70CD70CD70CD70CD6FCD6FFC
:1080A000CC6ECB6CCA6BC96BC96AC767C667C6653D
:1080B000C262C261BF5FBD5DBB5BB858B756B55306
:1080C000B250AF4BAD4AAA46A743A740A53FA33E37
:1080D0009F3C9E3C9C3A9A39983896379536933512
:1080E000943490338F328F318C318D308A2F892E9A
:1080F000872D862D852C862C852B842B842B832AFB
:10810000842A842B852C862C892B8A2D8B2E8E2CD1
:10811000902F9230933196329B349D359F36A33900
:10812000A9385A61EEEFFFFFFFFFFFFFFFFFFFFFE0
:10813000FFFFFFFFFFFFFFFFFFFFFFFFFFFFFFFF4F
:10814000FFFFFFFFFFFFFFFFFFFFFFFFF7F75F5F8F
:108150009A9A9594949393919190908F8E8D8C8B05
:108160008B89898887878686A5A4B8B7B4B3AFAE54
:10817000ABAAA7A5A3A29E9D9C9B717173737676F3
:1081800079797A7A7B7C7D7F7F808081818283830D
:10819000848586868787888889898989A6A6FFFF3E
:1081A000FFFFFFFFFFFFA6A654557C697A687A6A35
:1081B0007C6A7C6B7C6C7D6D7E6E7F6F806F817165
:1081C00082728372847384738675867687768777E6
:1081D00088788879897989798A7A8A7A8B7B8B7B86
:1081E0008B7C8B7D8C7E8C7E8C7E8C7E8B7F8B7F44
:1081F0008B7F8B7F8B7F8D7F8D7F8D7F8D7F8D7F25
:108200008D7F8D7F8D7F8D7F8D7F8D7F8D7F8D7F0E
:108210008D7F8D7F8B7F8B7F8B7F8C7F8C7F8C7E08
:108220008B7E8A7E8A7D897C897C8A7B897B887A21
:10823000877987798678867785768576847584745C
:10824000837382728271817281708170806F806F9E
:108250007F6F7F6F7E6F7E6E7E6D7D6D7D6C7D6CC2
:108260007E6B7E6B7D6B7D6A7D6A7C697C697C69D7
:108270007C697C697C697C697D6AD28DC889C98A80
:10828000C98BCC8ECE90CE92D393D396D59BD79DCF
:10829000DC9FDEA38F7DA0A0FFFFFFFFFFFFFFFF9E
:1082A000FFFFFFFFFFFFFFFFFFFFFFFFFFFFFFFFDE
:1082B000FFFFFFFFFFFFFFFFFFFFFFFFFFFFFFFFCE
:1082C000F7F75F619A9994939392919190908F8E22
:1082D0008D8C8B8B8989888987888686A4A5B7B67B
:1082E000B3B2AEAEAAAAA5A5A2A29D9E9B9C717296
:1082F00073757679797B7A7F7C817F8580868188AA
:1083000082898389858A868B878C888D898D898DE2
:10831000A6A9FFFFFFFFFFFFFFFFA6A75558694E65
:1083200068506A516A536B526C536D556E556F5558
:108330006F557156725672577358735875597659EE
:10834000765A775B785A795C795C795B7A5D7A5C8E
:108350007B5E7B5F7C607D617E617E637E637E642D
:108360007F647F647F657F657F667F657F667F67EB
:108370007F677F667F667F667F667F667F667F66D4
:108380007F667F667F667F667F677F657F667F66C5
:108390007F657E647E657E637D647C637C627B62D8
:1083A0007B617A60795F795F785D775D765C765B1B
:1083B000755A74597358725871577257705670566F
:1083C0006F566F556F556F556F546E546D536D5397
:1083D0006C536C536B526B516B516A516A506950BC
:1083E0006950695069506950695069506A528D29C5
:1083F000892B8A2D8B2E8E2C902F92309331963292
:108400009B349D359F36A3397D5AA0A1FFFFFFFF06
:10841000FFFFFFFFFFFFFFFFFFFFFFFFFFFFFFFF6C
:10842000FFFFFFFFFFFFFFFFFFFFFFFFFFFFFFFF5C
:10843000FFFFFFFFFFFFFFFFFFFFFFFFFFFFFFFF4C
:10844000FFFFFFFFFFFFFFFFFFFFFFFF49495A5AF2
:108450009392BCBAB8B7B4B3AFAEAAA9A6A5A2A16D
:10846000A4A25252FFFFFFFFFFFFFFFFFFFFFFFF2E
:10847000FFFFFFFFFFFFFFFFFFFFFFFFFFFFFFFF0C
:10848000FFFFFFFFFFFFFFFFFFFFFFFFFFFFFFFFFC
:10849000FFFFFFFFFFFFFFFFFFFFFFFFFFFFFFFFEC
:1084A000FFFFFFFFFFFFFFFFFFFFFFFFFFFFFFFFDC
:1084B000FFFFFFFFFFFFFFFFFFFFFFFFFFFFFFFFCC
:1084C000FFFFFFFFFFFFFFFFFFFFFFFFFFFFFFFFBC
:1084D000FFFFFFFFFFFFFFFFFFFFFFFFFFFFFFFFAC
:1084E000FFFFFFFFFFFFFFFFFFFFFFFFFFFFFFFF9C
:1084F000FFFFFFFFFFFFFFFFFFFFFFFFFFFFFFFF8C
:10850000FFFFFFFFFFFFFFFFFFFFFFFFFFFFFFFF7B
:10851000FFFFFFFFFFFFFFFFFFFFFFFFFFFFFFFF6B
:10852000FFFFFFFFFFFFFFFFFFFFFFFFFFFFFFFF5B
:10853000FFFFFFFFFFFFFFFFFFFFFFFFFFFFFFFF4B
:10854000FFFFFFFFFFFFFFFFFFFFFFFFFFFFFFFF3B
:10855000FFFFFFFFFFFFFFFFFFFFFFFFFFFFFFFF2B
:10856000C1C14A51D08BC98AC98BCC8ECE90CE92D4
:10857000D393D396D59BD79DDC9FC99C6060FFFFAA
:10858000FFFFFFFFFFFFFFFFFFFFFFFFFFFFFFFFFB
:10859000FFFFFFFFFFFFFFFFFFFFFFFFFFFFFFFFEB
:1085A000FFFFFFFFFFFFFFFFFFFFFFFFFFFFFFFFDB
:1085B000FFFFFFFFFFFFFFFFFFFFFFFFFFFFFFFFCB
:1085C000494B5A5C9293BABAB7B6B3B2AEAEA9A948
:1085D000A5A6A1A2A2A35254FFFFFFFFFFFFFFFF2A
:1085E000FFFFFFFFFFFFFFFFFFFFFFFFFFFFFFFF9B
:1085F000FFFFFFFFFFFFFFFFFFFFFFFFFFFFFFFF8B
:10860000FFFFFFFFFFFFFFFFFFFFFFFFFFFFFFFF7A
:10861000FFFFFFFFFFFFFFFFFFFFFFFFFFFFFFFF6A
:10862000FFFFFFFFFFFFFFFFFFFFFFFFFFFFFFFF5A
:10863000FFFFFFFFFFFFFFFFFFFFFFFFFFFFFFFF4A
:10864000FFFFFFFFFFFFFFFFFFFFFFFFFFFFFFFF3A
:10865000FFFFFFFFFFFFFFFFFFFFFFFFFFFFFFFF2A
:10866000FFFFFFFFFFFFFFFFFFFFFFFFFFFFFFFF1A
:10867000FFFFFFFFFFFFFFFFFFFFFFFFFFFFFFFF0A
:10868000FFFFFFFFFFFFFFFFFFFFFFFFFFFFFFFFFA
:10869000FFFFFFFFFFFFFFFFFFFFFFFFFFFFFFFFEA
:1086A000FFFFFFFFFFFFFFFFFFFFFFFFFFFFFFFFDA
:1086B000FFFFFFFFFFFFFFFFFFFFFFFFFFFFFFFFCA
:1086C000FFFFFFFFFFFFFFFFFFFFFFFFFFFFFFFFBA
:1086D000FFFFFFFFC1C1515E8B248A2D8B2E8E2C94
:1086E000902F9230933196329B349D359F369C4823
:1086F0006062FFFFFFFFFFFFFFFFFFFFFFFFFFFFC6
:10870000FFFFFFFFFFFFFFFFFFFFFFFFFFFFFFFF79
:10871000FFFFFFFFFFFFFFFFFFFFFFFFFFFFFFFF69
:10872000FFFFFFFFFFFFFFFFFFFFFFFFFFFFFFFF59
:10873000FFFFFFFF48485A5A9495BFBFBBBBB7B66F
:10874000B3B2AFAEAAA9A6A5A8A75353FFFFFFFFD8
:10875000FFFFFFFFFFFFFFFFFFFFFFFFFFFFFFFF29
:10876000FFFFFFFFFFFFFFFFFFFFFFFFFFFFFFFF19
:10877000FFFFFFFFFFFFFFFFFFFFFFFFFFFFFFFF09
:10878000FFFFFFFFFFFFFFFFFFFFFFFFFFFFFFFFF9
:10879000FFFFFFFFFFFFFFFFFFFFFFFFFFFFFFFFE9
:1087A000FFFFFFFFFFFFFFFFFFFFFFFFFFFFFFFFD9
:1087B000FFFFFFFFFFFFFFFFFFFFFFFFFFFFFFFFC9
:1087C000FFFFFFFFFFFFFFFFFFFFFFFFFFFFFFFFB9
:1087D000FFFFFFFFFFFFFFFFFFFFFFFFFFFFFFFFA9
:1087E000FFFFFFFFFFFFFFFFFFFFFFFFFFFFFFFF99
:1087F000FFFFFFFFFFFFFFFFFFFFFFFFFFFFFFFF89
:10880000FFFFFFFFFFFFFFFFFFFFFFFFFFFFFFFF78
:10881000FFFFFFFFFFFFFFFFFFFFFFFFFFFFFFFF68
:10882000FFFFFFFFFFFFFFFFFFFFFFFFFFFFFFFF58
:10883000FFFFFFFFFFFFFFFFFFFFFFFFFFFFFFFF48
:10884000FFFFFFFFFFFFFFFFFFFF66665A5ACA8A5E
:10885000C98BCC8ECE90CE92D393D396D59BD79DF9
:10886000E9A83E3FFFFFFFFFFFFFFFFFFFFFFFFF06
:10887000FFFFFFFFFFFFFFFFFFFFFFFFFFFFFFFF08
:10888000FFFFFFFFFFFFFFFFFFFFFFFFFFFFFFFFF8
:10889000FFFFFFFFFFFFFFFFFFFFFFFFFFFFFFFFE8
:1088A000FFFFFFFFFFFFFFFF484A5A5C9594BFBCE4
:1088B000BBB9B6B5B2B1AEAEA9A9A5A6A7A7535587
:1088C000FFFFFFFFFFFFFFFFFFFFFFFFFFFFFFFFB8
:1088D000FFFFFFFFFFFFFFFFFFFFFFFFFFFFFFFFA8
:1088E000FFFFFFFFFFFFFFFFFFFFFFFFFFFFFFFF98
:1088F000FFFFFFFFFFFFFFFFFFFFFFFFFFFFFFFF88
:10890000FFFFFFFFFFFFFFFFFFFFFFFFFFFFFFFF77
:10891000FFFFFFFFFFFFFFFFFFFFFFFFFFFFFFFF67
:10892000FFFFFFFFFFFFFFFFFFFFFFFFFFFFFFFF57
:10893000FFFFFFFFFFFFFFFFFFFFFFFFFFFFFFFF47
:10894000FFFFFFFFFFFFFFFFFFFFFFFFFFFFFFFF37
:10895000FFFFFFFFFFFFFFFFFFFFFFFFFFFFFFFF27
:10896000FFFFFFFFFFFFFFFFFFFFFFFFFFFFFFFF17
:10897000FFFFFFFFFFFFFFFFFFFFFFFFFFFFFFFF07
:10898000FFFFFFFFFFFFFFFFFFFFFFFFFFFFFFFFF7
:10899000FFFFFFFFFFFFFFFFFFFFFFFFFFFFFFFFE7
:1089A000FFFFFFFFFFFFFFFFFFFFFFFFFFFFFFFFD7
:1089B000FFFFFFFFFFFFFFFFFFFFFFFFFFFF6669F6
:1089C0005A5C8A2C8B2E8E2C902F923093319632BB
:1089D0009B349D35A8353F43FFFFFFFFFFFFFFFF9F
:1089E000FFFFFFFFFFFFFFFFFFFFFFFFFFFFFFFF97
:1089F000FFFFFFFFFFFFFFFFFFFFFFFFFFFFFFFF87
:108A0000FFFFFFFFFFFFFFFFFFFFFFFFFFFFFFFF76
:108A1000FFFFFFFFFFFFFFFFFFFFFFFF48485A5A1E
:108A20009795C3C1BFBEBBBAB7B6B3B2AFADABAA21
:108A3000ACAC6262FFFFFFFFFFFFFFFFFFFFFFFF26
:108A4000FFFFFFFFFFFFFFFFFFFFFFFFFFFFFFFF36
:108A5000FFFFFFFFFFFFFFFFFFFFFFFFFFFFFFFF26
:108A6000FFFFFFFFFFFFFFFFFFFFFFFFFFFFFFFF16
:108A7000FFFFFFFFFFFFFFFFFFFFFFFFFFFFFFFF06
:108A8000FFFFFFFFFFFFFFFFFFFFFFFFFFFFFFFFF6
:108A9000FFFFFFFFFFFFFFFFFFFFFFFFFFFFFFFFE6
:108AA000FFFFFFFFFFFFFFFFFFFFFFFFFFFFFFFFD6
:108AB000FFFFFFFFFFFFFFFFFFFFFFFFFFFFFFFFC6
:108AC000FFFFFFFFFFFFFFFFFFFFFFFFFFFFFFFFB6
:108AD000FFFFFFFFFFFFFFFFFFFFFFFFFFFFFFFFA6
:108AE000FFFFFFFFFFFFFFFFFFFFFFFFFFFFFFFF96
:108AF000FFFFFFFFFFFFFFFFFFFFFFFFFFFFFFFF86
:108B0000FFFFFFFFFFFFFFFFFFFFFFFFFFFFFFFF75
:108B1000FFFFFFFFFFFFFFFFFFFFFFFFFFFFFFFF65
:108B2000FFFFFFFFFFFFFFFFFFFFFFFFFFFFFFFF55
:108B3000FFFFFFFF4141977AC98ACC8ECE90CE923B
:108B4000D393D396D59BE9A4383DFFFFFFFFFFFFEA
:108B5000FFFFFFFFFFFFFFFFFFFFFFFFFFFFFFFF25
:108B6000FFFFFFFFFFFFFFFFFFFFFFFFFFFFFFFF15
:108B7000FFFFFFFFFFFFFFFFFFFFFFFFFFFFFFFF05
:108B8000FFFFFFFFFFFFFFFFFFFFFFFFFFFFFFFFF5
:108B9000484A5A5C9598C1BFBEBCBAB9B6B5B2B224
:108BA000ADADAAAAACAC6264FFFFFFFFFFFFFFFF01
:108BB000FFFFFFFFFFFFFFFFFFFFFFFFFFFFFFFFC5
:108BC000FFFFFFFFFFFFFFFFFFFFFFFFFFFFFFFFB5
:108BD000FFFFFFFFFFFFFFFFFFFFFFFFFFFFFFFFA5
:108BE000FFFFFFFFFFFFFFFFFFFFFFFFFFFFFFFF95
:108BF000FFFFFFFFFFFFFFFFFFFFFFFFFFFFFFFF85
:108C0000FFFFFFFFFFFFFFFFFFFFFFFFFFFFFFFF74
:108C1000FFFFFFFFFFFFFFFFFFFFFFFFFFFFFFFF64
:108C2000FFFFFFFFFFFFFFFFFFFFFFFFFFFFFFFF54
:108C3000FFFFFFFFFFFFFFFFFFFFFFFFFFFFFFFF44
:108C4000FFFFFFFFFFFFFFFFFFFFFFFFFFFFFFFF34
:108C5000FFFFFFFFFFFFFFFFFFFFFFFFFFFFFFFF24
:108C6000FFFFFFFFFFFFFFFFFFFFFFFFFFFFFFFF14
:108C7000FFFFFFFFFFFFFFFFFFFFFFFFFFFFFFFF04
:108C8000FFFFFFFFFFFFFFFFFFFFFFFFFFFFFFFFF4
:108C9000FFFFFFFFFFFFFFFFFFFFFFFFFFFFFFFFE4
:108CA000FFFFFFFFFFFFFFFF41437A4D8A2E8E2C0F
:108CB000902F9230933196329B34A42E3D48FFFF83
:108CC000FFFFFFFFFFFFFFFFFFFFFFFFFFFFFFFFB4
:108CD000FFFFFFFFFFFFFFFFFFFFFFFFFFFFFFFFA4
:108CE000FFFFFFFFFFFFFFFFFFFFFFFFFFFFFFFF94
:108CF000FFFFFFFFFFFFFFFFFFFFFFFFFFFFFFFF84
:108D0000FFFFFFFF48485A5A9897C5C3C3C1BFBE6B
:108D1000BBB9B8B6B3B2AEAEB0AF6262FFFFFFFF91
:108D2000FFFFFFFFFFFFFFFFFFFFFFFFFFFFFFFF53
:108D3000FFFFFFFFFFFFFFFFFFFFFFFFFFFFFFFF43
:108D4000FFFFFFFFFFFFFFFFFFFFFFFFFFFFFFFF33
:108D5000FFFFFFFFFFFFFFFFFFFFFFFFFFFFFFFF23
:108D6000FFFFFFFFFFFFFFFFFFFFFFFFFFFFFFFF13
:108D7000FFFFFFFFFFFFFFFFFFFFFFFFFFFFFFFF03
:108D8000FFFFFFFFFFFFFFFFFFFFFFFFFFFFFFFFF3
:108D9000FFFFFFFFFFFFFFFFFFFFFFFFFFFFFFFFE3
:108DA000FFFFFFFFFFFFFFFFFFFFFFFFFFFFFFFFD3
:108DB000FFFFFFFFFFFFFFFFFFFFFFFFFFFFFFFFC3
:108DC000FFFFFFFFFFFFFFFFFFFFFFFFFFFFFFFFB3
:108DD000FFFFFFFFFFFFFFFFFFFFFFFFFFFFFFFFA3
:108DE000FFFFFFFFFFFFFFFFFFFFFFFFFFFFFFFF93
:108DF000FFFFFFFFFFFFFFFFFFFFFFFFFFFFFFFF83
:108E0000FFFFFFFFFFFFFFFFFFFFFFFFFFFFFFFF72
:108E1000FFFFFFFFFFFFFFFFFFFFFFFFFFFF4B4DC8
:108E2000D091CC8ECE90CE92D393D396DD9E3C47FC
:108E3000FFFFFFFFFFFFFFFFFFFFFFFFFFFFFFFF42
:108E4000FFFFFFFFFFFFFFFFFFFFFFFFFFFFFFFF32
:108E5000FFFFFFFFFFFFFFFFFFFFFFFFFFFFFFFF22
:108E6000FFFFFFFFFFFFFFFFFFFFFFFFFFFFFFFF12
:108E7000FFFFFFFFFFFFFFFF484A5A5C9799C3C3FC
:108E8000C1BFBEBCB9B8B6B5B2B1AEAEAFAF626429
:108E9000FFFFFFFFFFFFFFFFFFFFFFFFFFFFFFFFE2
:108EA000FFFFFFFFFFFFFFFFFFFFFFFFFFFFFFFFD2
:108EB000FFFFFFFFFFFFFFFFFFFFFFFFFFFFFFFFC2
:108EC000FFFFFFFFFFFFFFFFFFFFFFFFFFFFFFFFB2
:108ED000FFFFFFFFFFFFFFFFFFFFFFFFFFFFFFFFA2
:108EE000FFFFFFFFFFFFFFFFFFFFFFFFFFFFFFFF92
:108EF000FFFFFFFFFFFFFFFFFFFFFFFFFFFFFFFF82
:108F0000FFFFFFFFFFFFFFFFFFFFFFFFFFFFFFFF71
:108F1000FFFFFFFFFFFFFFFFFFFFFFFFFFFFFFFF61
:108F2000FFFFFFFFFFFFFFFFFFFFFFFFFFFFFFFF51
:108F3000FFFFFFFFFFFFFFFFFFFFFFFFFFFFFFFF41
:108F4000FFFFFFFFFFFFFFFFFFFFFFFFFFFFFFFF31
:108F5000FFFFFFFFFFFFFFFFFFFFFFFFFFFFFFFF21
:108F6000FFFFFFFFFFFFFFFFFFFFFFFFFFFFFFFF11
:108F7000FFFFFFFFFFFFFFFFFFFFFFFFFFFFFFFF01
:108F8000FFFFFFFFFFFFFFFFFFFFFFFFFFFFFFFFF1
:108F9000FFFF4D5091328E2C902F923093319632AC
:108FA0009E2F475AFFFFFFFFFFFFFFFFFFFFFFFF5F
:108FB000FFFFFFFFFFFFFFFFFFFFFFFFFFFFFFFFC1
:108FC000FFFFFFFFFFFFFFFFFFFFFFFFFFFFFFFFB1
:108FD000FFFFFFFFFFFFFFFFFFFFFFFFFFFFFFFFA1
:108FE000FFFFFFFFFFFFFFFFFFFFFFFF48485A5A49
:108FF0009C9CCAC7C6C3C2C0BFBDBBB9B7B5B3B1DD
:10900000B5B46161FFFFFFFFFFFFFFFFFFFFFFFF41
:10901000FFFFFFFFFFFFFFFFFFFFFFFFFFFFFFFF60
:10902000FFFFFFFFFFFFFFFFFFFFFFFFFFFFFFFF50
:10903000FFFFFFFFFFFFFFFFFFFFFFFFFFFFFFFF40
:10904000FFFFFFFFFFFFFFFFFFFFFFFFFFFFFFFF30
:10905000FFFFFFFFFFFFFFFFFFFFFFFFFFFFFFFF20
:10906000FFFFFFFFFFFFFFFFFFFFFFFFFFFFFFFF10
:10907000FFFFFFFFFFFFFFFFFFFFFFFFFFFFFFFF00
:10908000FFFFFFFFFFFFFFFFFFFFFFFFFFFFFFFFF0
:10909000FFFFFFFFFFFFFFFFFFFFFFFFFFFFFFFFE0
:1090A000FFFFFFFFFFFFFFFFFFFFFFFFFFFFFFFFD0
:1090B000FFFFFFFFFFFFFFFFFFFFFFFFFFFFFFFFC0
:1090C000FFFFFFFFFFFFFFFFFFFFFFFFFFFFFFFFB0
:1090D000FFFFFFFFFFFFFFFFFFFFFFFFFFFFFFFFA0
:1090E000FFFFFFFFFFFFFFFFFFFFFFFFFFFFFFFF90
:1090F000FFFFFFFFF3F3FFFFFFFFFFFFFFFFFFFF98
:10910000FFFFFFFFFFFFEDED4B50DA93CE90CE92C5
:10911000D393D5975559F0F0FFFFFFFFFFFFFFFFF7
:10912000FFFFFFFFFFFFFFFFFFFFFFFFFFFFFFFF4F
:10913000FFFFFFFFFFFFFFFFFFFFFFFFFFFFFFFF3F
:10914000FFFFFFFFFFFFFFFFFFFFFFFFFFFFFFFF2F
:10915000FFFFFFFFFFFFFFFFFFFFFFFFFFFFFFFF1F
:10916000484A5A5C9C9DC7C5C3C3C0BFBDBBB9B903
:10917000B5B5B1B1B4B36164FFFFFFFFFFFFFFFFFF
:10918000FFFFFFFFFFFFFFFFFFFFFFFFFFFFFFFFEF
:10919000FFFFFFFFFFFFFFFFFFFFFFFFFFFFFFFFDF
:1091A000FFFFFFFFFFFFFFFFFFFFFFFFFFFFFFFFCF
:1091B000FFFFFFFFFFFFFFFFFFFFFFFFFFFFFFFFBF
:1091C000FFFFFFFFFFFFFFFFFFFFFFFFFFFFFFFFAF
:1091D000FFFFFFFFFFFFFFFFFFFFFFFFFFFFFFFF9F
:1091E000FFFFFFFFFFFFFFFFFFFFFFFFFFFFFFFF8F
:1091F000FFFFFFFFFFFFFFFFFFFFFFFFFFFFFFFF7F
:10920000FFFFFFFFFFFFFFFFFFFFFFFFFFFFFFFF6E
:10921000FFFFFFFFFFFFFFFFFFFFFFFFFFFFFFFF5E
:10922000FFFFFFFFFFFFFFFFFFFFFFFFFFFFFFFF4E
:10923000FFFFFFFFFFFFFFFFFFFFFFFFFFFFFFFF3E
:10924000FFFFFFFFFFFFFFFFFFFFFFFFFFFFFFFF2E
:10925000FFFFFFFFFFFFFFFFFFFFFFFFFFFFFFFF1E
:10926000FFFFFFFFFFFFFFFFF3F4FFFFFFFFFFFF25
:10927000FFFFFFFFFFFFFFFFFFFFEDED505B9326BA
:10928000902F9230933197305963F0EFFFFFFFFF3B
:10929000FFFFFFFFFFFFFFFFFFFFFFFFFFFFFFFFDE
:1092A000FFFFFFFFFFFFFFFFFFFFFFFFFFFFFFFFCE
:1092B000FFFFFFFFFFFFFFFFFFFFFFFFFFFFFFFFBE
:1092C000FFFFFFFFFFFFFFFFFFFFFFFFFFFFFFFFAE
:1092D000FFFFFFFF48485A5AAAA9CCCACAC7C6C44A
:1092E000C2C0BEBCBBB9B7B5BAB96161FFFFFFFF71
:1092F000FFFFFFFFFFFF41414545454545454545CA
:1093000045454545454545454040FFFFFFFF3F3F3B
:1093100045454545454545454545454545454545FD
:1093200045454545454545454545454545454545ED
:10933000454545457070FFFFFFFFFFFFFFFFFFFF43
:10934000FFFFFFFFC8C84141FFFFFFFFFFFFFFFF17
:10935000FFFFFFFFFFFFFFFFFFFFFFFFFFFFFFFF1D
:109360009669ED1CED1CED1CED1CED1CED1CFFFFCA
:10937000FFFFFFFFFFFFA4A45656565656565656FB
:10938000565656565656565656566464FFFFFFFFBD
:10939000ADAD5656565656565656565656565656BF
:1093A000565656566363FFFFFFFFAAAA56565656F7
:1093B00056565656565656565656565656565A5A45
:1093C000FFFFBDBD5656565656565656565656561D
:1093D0005656565656565656FFFFFFFFC5C59B9B21
:1093E000FFFFFFFFFFFFFFFFFFFFFFFFFFFFFFFF8D
:1093F0008B8B4B52D091CE92D3938473AAAAFFFF4A
:10940000FFFFFFFFFFFFFFFFFFFFFFFFFFFF4545E0
:109410003C3CFFFFFFFFFFFFFFFFFFFFFFFFFFFFE2
:10942000FFFFFFFFFFFFFFFFFFFFFFFFFFFFFFFF4C
:10943000FFFFFFFFFFFFFFFFFFFFFFFFFFFFFFFF3C
:10944000FFFFFFFFFFFFFFFF484A5A5CA9A9CAC8F8
:10945000C7C5C4C2C0BFBCBBB9B9B5B5B9B86163F3
:10946000FFFFFFFFFFFFFFFFFFFF4143454745476A
:109470004547454745474547454745474042FFFF24
:10948000FFFF3F4145474547454745474547454716
:10949000454745474547454745474547454745476C
:1094A00045474547454745487073FFFFFFFFFFFFAE
:1094B000FFFFFFFFFFFFFFFFC8C94144FFFFFFFFA2
:1094C000FFFFFFFFFFFFFFFFFFFFFFFFFFFFFFFFAC
:1094D000FFFFFFFF696C1C241C241C241C241C247B
:1094E0001C24FFFFFFFFFFFFFFFFA4A5565856589F
:1094F00056585658565856585658565856586465E1
:10950000FFFFFFFFADAF565856585658565856589D
:1095100056585658565856586365FFFFFFFFAAAB7A
:1095200056585658565856585658565856585658CB
:1095300056585A5CFFFFBDBD565856585658565897
:10954000565856585658565856585659FFFFFFFF0A
:10955000C5C59B9CFFFFFFFFFFFFFFFFFFFFFFFF56
:10956000FFFFFFFF8B8B525E912C9230933173592A
:10957000AAABFFFFFFFFFFFFFFFFFFFFFFFFFFFFA4
:10958000FFFF45473C3EFFFFFFFFFFFFFFFFFFFFE1
:10959000FFFFFFFFFFFFFFFFFFFFFFFFFFFFFFFFDB
:1095A000FFFFFFFFFFFFFFFFFFFFFFFFFFFFFFFFCB
:1095B000FFFFFFFFFFFFFFFFFFFFFFFF48485A5A73
:1095C000ACABD1CECCCAC9C6C5C3C2C0BEBCBAB88A
:1095D000BEBD6161FFFFFFFFFFFFFFFFFFFF5151B6
:1095E00057575858585858585858585858585858FD
:1095F00058584848FFFF4E4E5757585858585858D3
:1096000058585858585858585858585858585858DA
:10961000585858585858585858585858585870709A
:10962000FFFFFFFFFFFFFFFFFFFFFFFF53535858F0
:109630006F6FFFFFFFFFFFFFFFFFFFFFFFFFFFFF5A
:10964000FFFFFFFFFFFFF040ED1CED1CED1CED1CCC
:10965000ED1CED1CED1CFFFFFFFFFFFFFFFF9696CB
:10966000585858585858585858585858585858587A
:10967000585858585B5BFFFFADAD5758585858586D
:1096800058585858585858585858585858585A5A56
:10969000FFFFACAC58585858585858585858585854
:1096A00058585858585858585252C4C4575858586F
:1096B000585858585858585858585858585858582A
:1096C0004C4CFFFFC5C55858C1C1FFFFFFFFFFFF4E
:1096D000FFFFFFFFFFFFFFFFFFFF4646796CCE91C4
:1096E000BA8C6464FFFFFFFFFFFFFFFFFFFFFFFF78
:1096F000FFFFFFFF8282585857579A9AFFFFFFFFDC
:10970000FFFFFFFFFFFFFFFFFFFFFFFFFFFFFFFF69
:10971000FFFFFFFFFFFFFFFFFFFFFFFFFFFFFFFF59
:10972000FFFFFFFFFFFFFFFFFFFFFFFFFFFFFFFF49
:10973000484A5A5CABAACECBCAC8C6C5C3C2C0BFD2
:10974000BCBBB8B8BDBC6163FFFFFFFFFFFFFFFFFD
:10975000FFFF51535759585A585A585A585A585A3D
:10976000585A585A585A484AFFFF4E505759585A53
:10977000585A585A585A585A585A585A585A585A59
:10978000585A585A585A585A585A585A585A585A49
:10979000585A7072FFFFFFFFFFFFFFFFFFFFFFFF41
:1097A0005356585A6F71FFFFFFFFFFFFFFFFFFFF88
:1097B000FFFFFFFFFFFFFFFFFFFF40461C241C24AD
:1097C0001C241C241C241C241C24FFFFFFFFFFFF5F
:1097D000FFFF9698585A585A585A585A585A585A31
:1097E000585A585A585A585A5B5DFFFFADB0585AEC
:1097F000585A585A585A585A585A585A585A585AD9
:10980000585A5A5BFFFFACAD585A585A585A585AD2
:10981000585A585A585A585A585A585A5254C4C5ED
:10982000585A585A585A585A585A585A585A585AA8
:10983000585A585A4C4EFFFFC5C5585AC1C2FFFF6F
:10984000FFFFFFFFFFFFFFFFFFFFFFFFFFFF464799
:109850006C5891308C436466FFFFFFFFFFFFFFFFF2
:10986000FFFFFFFFFFFFFFFF8283585A57599A9B64
:10987000FFFFFFFFFFFFFFFFFFFFFFFFFFFFFFFFF8
:10988000FFFFFFFFFFFFFFFFFFFFFFFFFFFFFFFFE8
:10989000FFFFFFFFFFFFFFFFFFFFFFFFFFFFFFFFD8
:1098A000FFFFFFFF48485A5AADADD4D1D0CECCCA45
:1098B000C8C7C5C4C2C0BEBCC2C16161FFFFFFFF53
:1098C000FFFFFFFFFFFF51515A5B626261636363F9
:1098D000636463646565656765666565C6C64F4FA5
:1098E0005A5B66676767676767676767686867681F
:1098F00068686869686969696969696968696868DF
:10990000696969696A6A4949FFFFFFFFFFFFFFFF55
:10991000FFFFFFFF505057574949FFFFFFFFFFFF71
:10992000FFFFFFFFFFFFFFFFFFFFF9AFED1CED1C87
:10993000ED1CED1CED1CED1CED1CED1CED1CFFFFEA
:10994000FFFFFFFFFFFF9898585757577C7B7B7AA4
:109950007A797A7979787979797879785050FFFFBE
:10996000ADAD585855556767666666666665656548
:109970006464656565655050FFFFACAC5858575737
:1099800063636262616261616262636363646464AF
:109990005152CFCF585855556969686968696969E6
:1099A000696A6969696A6A6A5757FFFFC5C5585885
:1099B0005454FFFFFFFFFFFFFFFFFFFFFFFFFFFF0D
:1099C000FFFFFFFF4242C1914142FFFFFFFFFFFF48
:1099D000FFFFFFFFFFFFFFFFFFFFE1E1585858586F
:1099E0005D5D9F9FFFFFFFFFFFFFFFFFFFFFFFFF8B
:1099F000FFFFFFFFFFFFFFFFFFFFFFFFFFFFFFFF77
:109A0000FFFFFFFFFFFFFFFFFFFFFFFFFFFFFFFF66
:109A1000FFFFFFFFFFFFFFFF484A5A5CADADD1CE0D
:109A2000CECACAC8C7C5C4C2C0BFBCBBC1BF6163C0
:109A3000FFFFFFFFFFFFFFFFFFFF51535B5D62650D
:109A400063656366646764676567676866696569B7
:109A5000C6C64F515B5D676A676A676A676B676A0C
:109A6000686B686A686B696B696B696B696B696B5A
:109A7000696B686B696B696B6A6C494BFFFFFFFF31
:109A8000FFFFFFFFFFFFFFFF50525759494BFFFFFA
:109A9000FFFFFFFFFFFFFFFFFFFFFFFFFFFFAFB273
:109AA0001C241C241C241C241C241C241C241C24B6
:109AB0001C24FFFFFFFFFFFFFFFF989957595759DD
:109AC0007B7B7A7A797A7979787979797878787705
:109AD0005052FFFFADB0585A5557676966696668BE
:109AE000656765676468656765675052FFFFACAD81
:109AF000585A57596365626562636163626563665C
:109B0000646664675254CFD0585A5557696C696C73
:109B1000696C696C6A6C696D6A6D6A6D5759FFFF93
:109B2000C5C5585A5456FFFFFFFFFFFFFFFFFFFF59
:109B3000FFFFFFFFFFFFFFFF424591434246FFFF4C
:109B4000FFFFFFFFFFFFFFFFFFFFFFFFFFFFE1E062
:109B5000585A585A5D5F9FA0FFFFFFFFFFFFFFFFAE
:109B6000FFFFFFFFFFFFFFFFFFFFFFFFFFFFFFFF05
:109B7000FFFFFFFFFFFFFFFFFFFFFFFFFFFFFFFFF5
:109B8000FFFFFFFFFFFFFFFFFFFFFFFF48485A5A9D
:109B9000AFAFD7D4D3D0D0CDCBCAC8C6C6C3C2BF4F
:109BA000C7C56262FFFFFFFFFFFFFFFFFFFF5151CD
:109BB000595A989794949A9BA1A1A4A6A9ABADAF2A
:109BC000B1B3AAADC6C64F4F5A5BBCBCC2C3C5C673
:109BD000C8C8CBCBCECDD0D0D3D1D5D2D8D6DBD977
:109BE000DCDAE0DDE2DFE3E0E6E4E7E4ECE9494982
:109BF000FFFFFFFFFFFFFFFFFFFFB1B158585757AF
:109C00008F90E2E2FFFFFFFFFFFFFFFFFFFFFFFF7D
:109C1000EE28ED1CED1CED1CED1CED1CED1CED1CEF
:109C2000ED1CED1CED1CFFFFFFFFFFFFFFFF9898F1
:109C300058575B5BEDE9EAE5E9E5E6E3E7E2E2E0F8
:109C4000DFDEE0DD595AFFFFADAD58585050D0CDA2
:109C5000CBC8C8C5C5C3C1BFBDBBBBB7B7B65D5CCC
:109C6000FFFFACAC58585252A3A39C9B9897949278
:109C700094939B9B9F9FA3A55D5ECFCF5858505058
:109C8000B6B8B4B7B7BABABDBDBEC1C2C2C3C5C605
:109C90005F60FFFFC5C5585856553E3EFFFFFFFFAA
:109CA000FFFFFFFFFFFFFFFFFFFFFFFFFFFF2F2F64
:109CB000FFFFFFFFFFFFFFFFFFFFFFFFFFFFFFFFB4
:109CC000FFFF5353585858586E6F9F9FFFFFFFFF79
:109CD000FFFFFFFFFFFFFFFFFFFFFFFFFFFFFFFF94
:109CE000FFFFFFFFFFFFFFFFFFFFFFFFFFFFFFFF84
:109CF000FFFFFFFFFFFFFFFFFFFFFFFFFFFFFFFF74
:109D0000484A5A5CAFAED4D1D0CECDCBCAC8C6C5B6
:109D1000C3C1BFBFC5C36264FFFFFFFFFFFFFFFFFB
:109D2000FFFF51535A5C979794959B9DA1A5A6ACB4
:109D3000ABB2AFB9B3BEADB7C6C64F515B5DBCC623
:109D4000C3CCC6CEC8CECBD2CDD2D0D4D1D6D2D72A
:109D5000D6D7D9DBDADDDDDCDFE0E0E1E4E2E4E325
:109D6000E9E6494BFFFFFFFFFFFFFFFFFFFFB1B138
:109D7000585A57599091E2E3FFFFFFFFFFFFFFFFA3
:109D8000FFFFFFFF282F1C241C241C241C241C2440
:109D90001C241C241C241C241C24FFFFFFFFFFFF89
:109DA000FFFF989957595B5EE9E4E5E0E5E0E3DE03
:109DB000E2DCE0DADED9DDD85A5BFFFFADB0585AFD
:109DC0005053CDCBC8C5C5C3C3C0BFBEBBBAB7B85F
:109DD000B6B55C5FFFFFACAD585A5254A3A29B9C32
:109DE0009799929393959B9C9FA4A5AB5E5FCFD0D0
:109DF000585A5051B8C4B7C3BAC5BDC6BEC9C2CA05
:109E0000C3CDC6CE6061FFFFC5C5585A55573E4009
:109E1000FFFFFFFFFFFFFFFFFFFFFFFFFFFFFFFF52
:109E2000FFFF2F31FFFFFFFFFFFFFFFFFFFFFFFFE0
:109E3000FFFFFFFFFFFF5355585A585A6F6F9FA0FF
:109E4000FFFFFFFFFFFFFFFFFFFFFFFFFFFFFFFF22
:109E5000FFFFFFFFFFFFFFFFFFFFFFFFFFFFFFFF12
:109E6000FFFFFFFFFFFFFFFFFFFFFFFFFFFFFFFF02
:109E7000FFFFFFFF48485A5AB0B1DAD7D7D5D4D13F
:109E8000CFCDCCCAC8C7C6C4CCCA6262FFFFFFFF31
:109E9000FFFFFFFFFFFF5151595A9E9D95949393E9
:109EA0009A9BA0A1A5A7AAABADB0A8AAC6C64F4FC2
:109EB0005A5BB9B9C0C1C2C3C5C6C8C8CBCBCECD29
:109EC000D1D0D3D1D5D4D8D7DBD8DDDBDFDEE2DF0C
:109ED000E3E0E6E2EAE74949FFFFFFFFFFFFFFFF9C
:109EE000FFFF4B4B58584D4DFFFF5959FFFFFFFFE8
:109EF000FFFFFFFFF8A2ED1CED1CED1CED1CED1C9F
:109F0000ED1CED1CED1CED1CED1CED1CED1CFFFF14
:109F1000FFFFFFFFFFFF989858575B5BF0ECEDE702
:109F2000EBE6E9E6E6E3E7E1E3DFE1DF5A59FFFFCD
:109F3000ADAD58585050D4D1CDCACBC8C7C5C4C395
:109F4000C1C0BEBCBBB95353FFFFACAC5858515352
:109F5000A7A6A09F9D9C9898949495959B9B9FA144
:109F60005D5ECFCF58585150B4B7B3B5B5B7B8B997
:109F7000BABCBEBFC1C1C2C45F5FFFFFC5C55858F0
:109F80004E4EE4E24040FFFFFFFFFFFFFFFFFFFFF9
:109F9000FFFFFFFFFFFFFFFFFFFFFFFFFFFFFFFFD1
:109FA000FFFFFFFFFFFFFFFF424258585758414154
:109FB000FFFFA0A0FFFFFFFFFFFFFFFFFFFFFFFF6F
:109FC000FFFFFFFFFFFFFFFFFFFFFFFFFFFFFFFFA1
:109FD000FFFFFFFFFFFFFFFFFFFFFFFFFFFFFFFF91
:109FE000FFFFFFFFFFFFFFFF484A5A5CB1B0D7D425
:109FF000D5D1D1CECDCACAC8C7C6C4C1CAC8626489
:10A00000FFFFFFFFFFFFFFFFFFFF51535A5C9D9DC6
:10A01000949593959B9FA1A5A7ACABB2B0B9AAB4F8
:10A02000C6C64F515B5DB9C4C1CAC3CDC6CEC8CF89
:10A03000CBD1CDD2D0D4D1D5D4D7D7D9D8DCDBDCD5
:10A04000DEDDDFE0E0DFE2E1E7E5494BFFFFFFFFB8
:10A05000FFFFFFFFFFFF4B4E585A4D4FFFFF595A6E
:10A06000FFFFFFFFFFFFFFFFA2A51C241C241C24F1
:10A070001C241C241C241C241C241C241C241C24E0
:10A080001C24FFFFFFFFFFFFFFFF989957595B5EFE
:10A09000ECE6E7E3E6E1E6E0E3DEE1DDDFDBDFDAA5
:10A0A000595BFFFFADB0585A5053D1CECAC8C8C58E
:10A0B000C5C3C3C0C0BEBCBBB9B95355FFFFACAD2F
:10A0C000585A5355A6A69F9F9C9C989994959596EF
:10A0D0009B9EA1A45E60CFD0585A5052B7C1B5C163
:10A0E000B7C3B9C5BCC5BFCAC1CAC4CD5F62FFFF93
:10A0F000C5C5585A4E50E2E64042FFFFFFFFFFFF42
:10A10000FFFFFFFFFFFFFFFFFFFFFFFFFFFFFFFF5F
:10A11000FFFFFFFFFFFFFFFFFFFFFFFF4245585A12
:10A12000585A4144FFFFA0A1FFFFFFFFFFFFFFFFC1
:10A13000FFFFFFFFFFFFFFFFFFFFFFFFFFFFFFFF2F
:10A14000FFFFFFFFFFFFFFFFFFFFFFFFFFFFFFFF1F
:10A15000FFFFFFFFFFFFFFFFFFFFFFFF4848595AC8
:10A16000B3B2DEDBDAD8D6D5D3D0CFCDCBC9C7C713
:10A17000D0CD6262FFFFFFFFFFFFFFFFFFFF5151E6
:10A180005959A2A19999959495969A9CA1A1A6A88E
:10A19000A9ACA4A7C6C64F4F5A5BB5B7BDBEC1C1D7
:10A1A000C2C3C5C5C8C8CBCBCFCDD1D0D3D2D5D4EF
:10A1B000D8D6DBD8DDDBE0DEE2DFE5E2E9E64949DF
:10A1C000FFFFFFFFFFFFFFFFFFFF53535857606084
:10A1D000F5F25152FFFFFFFFFFFFFFFFED1CED1CEB
:10A1E000ED1CED1CED1CED1CED1CED1CED1CED1C27
:10A1F000ED1CED1CED1CFFFFFFFFFFFFFFFF98981C
:10A2000058575B5BF0ECEDEAECE7EBE7E9E6E6E3F9
:10A21000E6E2E3DF5A5BFFFFADAD58585150D6D3AD
:10A22000D0CECDCBCBC7C7C5C4C2C1BFBEBB5453B4
:10A23000FFFFACAC58585352ABAAA3A29F9E9C9A66
:10A240009898929395949C9B5C5DCFCF58585151B0
:10A25000B1B4B1B4B4B6B4B7B8BBBBBCBEBFC2C274
:10A260005F61FFFFC5C558584F4FD6D5B9B96F705C
:10A27000FFFFFFFFFFFFFFFFFFFFFFFFFFFFFFFFEE
:10A28000FFFFFFFFFFFFFFFFFFFFFFFFFFFF3F3F5E
:10A29000585857574848FFFFFFFDA0A0FFFFFFFF9A
:10A2A000FFFFFFFFFFFFFFFFFFFFFFFFFFFFFFFFBE
:10A2B000FFFFFFFFFFFFFFFFFFFFFFFFFFFFFFFFAE
:10A2C000FFFFFFFFFFFFFFFFFFFFFFFFFFFFFFFF9E
:10A2D000484A5A5CB2B1DBD7D8D4D5D1D0CDCDCA9B
:10A2E000C9C7C7C4CDCB6264FFFFFFFFFFFFFFFFFD
:10A2F000FFFF5153595BA1A1999A949596969C9E04
:10A30000A1A7A8AEACB3A7AFC6C64F515B5DB7C29D
:10A31000BEC8C1CBC3CCC5CEC8CFCBD1CDD2D0D493
:10A32000D2D6D4D9D6D8D8DBDBDDDEDEDFE0E2E082
:10A33000E6E4494DFFFFFFFFFFFFFFFFFFFF53551F
:10A3400057596063F2EC5254FFFFFFFFFFFFFFFF1E
:10A350001C241C241C241C241C241C241C241C24FD
:10A360001C241C241C241C241C24FFFFFFFFFFFFB3
:10A37000FFFF989957595B5EECE6EAE4E7E2E7E213
:10A38000E6E0E3DEE2DEDFDC5B5BFFFFADB0585A08
:10A390005052D3D0CECACBC9C7C6C5C3C2C0BFBE38
:10A3A000BBBA5355FFFFACAD585A5255AAAAA2A347
:10A3B0009E9F9A9C9898939494969B9E5D5FCFD015
:10A3C000585A5152B4BDB4BEB6C1B7C3BBC6BCC661
:10A3D000BFC9C2CB6162FFFFC5C5585A4F50D5DA1D
:10A3E000B9BD7071FFFFFFFFFFFFFFFFFFFFFFFF22
:10A3F000FFFFFFFFFFFFFFFFFFFFFFFFFFFFFFFF6D
:10A40000FFFF3F42585A5759484CFFFBFDF8A0A1A7
:10A41000FFFFFFFFFFFFFFFFFFFFFFFFFFFFFFFF4C
:10A42000FFFFFFFFFFFFFFFFFFFFFFFFFFFFFFFF3C
:10A43000FFFFFFFFFFFFFFFFFFFFFFFFFFFFFFFF2C
:10A44000FFFFFFFF48485858B5B2DFDDDDDADAD844
:10A45000D6D4D3D0D0CCCBC9D3D16262FFFFFFFF1B
:10A46000FFFFFFFFFFFF5252595AA6A49E9D9899E5
:10A47000949395959C9CA2A3A6A8A3A3C6C64F4F50
:10A480005A5BB2B5B9BABDBDC0C0C3C4C6C5C8C8A1
:10A49000CCCCCECDD2D0D3D1D5D4D8D7DCDADEDC7B
:10A4A000E0DDE2E1E7E44949FFFFFFFFFFFFFFFFD7
:10A4B000959558585656D7D5F2EFD5D3D4D4FFFF3B
:10A4C000FFFFFFFFED1CED1CED1CED1CED1CF795D7
:10A4D0005454ED1CED1CED1CED1CED1CED1CFFFFA0
:10A4E000FFFFFFFFFFFF989858575B5BF2EEEEEA25
:10A4F000ECE9EBE7EBE6EAE5E6E3E6E25A5AFFFFD2
:10A50000ADAD58585150D8D7D3D0D0CDCCCAC9C78B
:10A51000C7C5C4C2C1BF5354FFFFACAC5858525258
:10A52000AEADA7A6A3A1A09F9C9B9797939395954B
:10A530005C5BCDCD58585151AFB0AEAFB2B3B4B6ED
:10A54000B5B8B8BBBABDBFC06061FFFFC5C558583C
:10A55000504FD2D2D0D07676C1C1FFFFFFFFFFFFB0
:10A56000FFFFFFFFFFFFFFFFFFFFFFFFFFFFFFFFFB
:10A57000FFFFFFFF7676585858575454FCF6F1ED1C
:10A58000FFFDA0A0FFFFFFFFFFFFFFFFFFFFFFFF9B
:10A59000FFFFFFFFFFFFFFFFFFFFFFFFFFFFFFFFCB
:10A5A000FFFFFFFFFFFFFFFFFFFFFFFFFFFFFFFFBB
:10A5B000FFFFFFFFFFFFFFFF484A585AB2B1DDD847
:10A5C000DAD6D8D4D4D0D0CDCCC9C9C7D1CD626465
:10A5D000FFFFFFFFFFFFFFFFFFFF52545A5CA4A6DF
:10A5E0009D9E9999939495979CA0A3A7A8AEA3AA82
:10A5F000C6C64F515B5DB5C0BAC6BDC9C0CBC4CDE0
:10A60000C5CEC8CFCCD2CDD2D0D4D1D6D4D9D7D93B
:10A61000DADCDCDEDDDCE1E0E4E3494BFFFFFFFFF9
:10A62000FFFFFFFF9597585A5658D5D2EFE8D3CF82
:10A63000D4D4FFFFFFFFFFFF1C241C241C241C2478
:10A640001C24959954561C241C241C241C241C24B2
:10A650001C24FFFFFFFFFFFFFFFF989957595B5E28
:10A66000EEE8EAE5E9E3E7E2E6E1E5E0E3DEE2DFA2
:10A670005A5CFFFFADB0585A5052D7D2D0CDCDCA98
:10A68000CAC8C7C4C5C2C2C0BFBE5455FFFFACAD27
:10A69000585A5254ADACA6A5A1A29F9E9B9C9798D8
:10A6A000939495975B5FCDCF585A5153B0B8AFBADA
:10A6B000B3BEB6C2B8C4BBC6BDC7C0CA6162FFFFE5
:10A6C000C5C5585A4F51D2D7D0D57678C1C2FFFFF1
:10A6D000FFFFFFFFFFFFFFFFFFFFFFFFFFFFFFFF8A
:10A6E000FFFFFFFFFFFFFFFF7677585A5759545679
:10A6F000F6F1EDE9FDF6A0A1FFFFFFFFFFFFFFFF71
:10A70000FFFFFFFFFFFFFFFFFFFFFFFFFFFFFFFF59
:10A71000FFFFFFFFFFFFFFFFFFFFFFFFFFFFFFFF49
:10A72000FFFFFFFFFFFFFFFFFFFFFFFF4A4A5858F1
:10A73000B5B6E3E0DFDDDDDAD9D7D6D4D3D0CFCCE0
:10A74000D6D46261FFFFFFFFFFFFFFFFFFFF535300
:10A75000595AAAA9A2A19D9C9898949397979D9CB9
:10A76000A3A29FA0C6C64F4F5A5BB1B3B5B8B9BB41
:10A77000BDBEC0C1C2C3C6C6C9C9CCCCCFCFD2D062
:10A78000D4D1D6D5D8D7DCD9DEDCE0DEE6E3494942
:10A79000FFFFFFFFFFFFFFFF494958584B4BFDF8F4
:10A7A000F1EDFFFC4C4DFFFFFFFFFFFFED1CED1C2B
:10A7B000ED1CF689FFFFFFFF5454ED1CED1CED1C52
:10A7C000ED1CED1CED1C5F5FFFFFFFFFFFFF989886
:10A7D00058575B5BF3EEEFECEDEAECEAEBE7EBE509
:10A7E000E8E5E6E45958FFFFABAB56564F50DBD8CF
:10A7F000D5D3D3D0D0CDCCCACAC7C7C5C4C2545391
:10A80000FFFFACAC58585252B2AFAAA9A7A6A2A15A
:10A810009F9E9C9B979793925A5ABCBC58585251F2
:10A82000ABACABAEAFB1B1B4B2B6B5B8B9BBBBBDF2
:10A830006060FFFFC5C55858504FD0D0CDCDD4D3A0
:10A840004748FFFFFFFFFFFFFFFFFFFFFFFFFFFF87
:10A85000FFFFFFFFFFFFFFFFFFFFD4D458585858FA
:10A860005858B5B4EFECF2EDFFFCA0A0FFFFFFFFDE
:10A87000FFFFFFFFFFFFFFFFFFFFFFFFFFFFFFFFE8
:10A88000FFFFFFFFFFFFFFFFFFFFFFFFFFFFFFFFD8
:10A89000FFFFFFFFFFFFFFFFFFFFFFFFFFFFFFFFC8
:10A8A0004A4C585AB6B4E0DADDD8DAD5D7D4D4D089
:10A8B000D0CDCCC8D4D16164FFFFFFFFFFFFFFFF05
:10A8C000FFFF53555A5CA9AAA1A29C9D9899939405
:10A8D00097989CA1A2A7A0A5C6C64F515B5DB3BF28
:10A8E000B8C4BBC6BEC8C1CBC3CCC6CEC9D0CCD2FF
:10A8F000CFD4D0D4D1D7D5D9D7D9D9DCDCDDDEDEE1
:10A90000E3E2494BFFFFFFFFFFFFFFFF494C585AAF
:10A910004B4EF8F2EDE9FCF54D4FFFFFFFFFFFFF57
:10A920001C241C241C24898DFFFFFFFF54561C246B
:10A930001C241C241C241C241C245F61FFFFFFFF1B
:10A94000FFFF989957595B5EEEE8ECE6EAE4EAE32C
:10A95000E7E2E5E0E5DFE4DF585AFFFFABAC56582D
:10A960005051D8D5D3CFD0CDCDCACAC8C7C5C5C21E
:10A97000C2BF5356FFFFACAD585A5254AFB0A9A94D
:10A98000A6A5A1A39E9E9B9C979892935A5DBCBD41
:10A99000585A5153ACB3AEB4B1BBB4BFB6C3B8C5CB
:10A9A000BBC6BDC76062FFFFC5C5585A4F51D0D660
:10A9B000CDD2D3D8484AFFFFFFFFFFFFFFFFFFFFC5
:10A9C000FFFFFFFFFFFFFFFFFFFFFFFFFFFFD4D5EC
:10A9D000585A585A585AB4B2ECE7EDE7FCF6A0A121
:10A9E000FFFFFFFFFFFFFFFFFFFFFFFFFFFFFFFF77
:10A9F000FFFFFFFFFFFFFFFFFFFFFFFFFFFFFFFF67
:10AA0000FFFFFFFFFFFFFFFFFFFFFFFFFFFFFFFF56
:10AA1000FFFFFFFF4A4A5858B5B5E5E1E1DEDEDD4C
:10AA2000DDD9D9D6D5D4D3CFDAD76261FFFFFFFF06
:10AA3000FFFFFFFFFFFF5353595AAFADA6A5A2A1D9
:10AA40009E9D9897939298979B9E9A9AC5C54949BF
:10AA5000595AAFB1B5B7B6B8B9BBBDBEC0C1C3C313
:10AA6000C7C7C9C9CDCDCFCFD2D1D5D3D6D5D9D8E7
:10AA7000DAD8DEDCE4E04949FFFFFFFFFFFFFDFD20
:10AA8000555556566C6DF2EDF2ECF1ED6060FFFF3E
:10AA9000FFFFFFFFFABEF795FFFFFFFFFFFFFFFF7E
:10AAA0005454ED1CED1CED1CED1CED1CED1CD0CE2A
:10AAB0005A5AFFFFFFFF989858575B5BF3EFF1EC92
:10AAC000EFECECEAECE8EAE7EAE5E9E65757FFFFE6
:10AAD000969656564E50DFDCD8D5D6D3D3D0CFCCB1
:10AAE000CCCACAC7C7C45454FFFFACAC5858535360
:10AAF000B4B3AFACAAA9A6A5A3A19F9E9B9B979810
:10AB00005959BCBC58585152A8A9A8AAABAEAFB26B
:10AB1000B1B5B5B7B5B8B8BB5F60FFFFC5C558588C
:10AB2000514FCDCDCBCBCECEDDDC3737FFFFFFFF96
:10AB3000FFFFFFFFFFFFFFFFFFFFFFFFFFFFFFFF25
:10AB4000FFFF5353585857596565F0ECF0ECF0EDA2
:10AB5000FFFBA0A0FFFFFFFFFFFFFFFFFFFFFFFFC7
:10AB6000FFFFFFFFFFFFFFFFFFFFFFFFFFFFFFFFF5
:10AB7000FFFFFFFFFFFFFFFFFFFFFFFFFFFFFFFFE5
:10AB8000FFFFFFFFFFFFFFFF4A4C585AB5B4E1DD5E
:10AB9000DEDADDD7D9D5D6D3D4CFCFCCD7D4616444
:10ABA000FFFFFFFFFFFFFFFFFFFF53555A5CADADF7
:10ABB000A5A6A1A19D9D9798929397989EA19A9FD3
:10ABC000C5C6494B5A5CB1BBB7C2B8C4BBC6BEC947
:10ABD000C1CAC3CCC7CFC9D0CDD3CFD4D1D4D3D79A
:10ABE000D5D9D8DAD8DBDCDEE0E0494BFFFFFFFF48
:10ABF000FFFFFDFC555756586D6FEDE8ECE8EDEAA8
:10AC00006063FFFFFFFFFFFFBEC09599FFFFFFFFDF
:10AC1000FFFFFFFF54561C241C241C241C241C244E
:10AC20001C24CECB5A5BFFFFFFFF989957595B5E00
:10AC3000EFEAECE5ECE6EAE4E8E3E7E2E5E0E6DFAC
:10AC40005758FFFF969856585051DCD8D5D2D3D0DC
:10AC5000D0CDCCCACAC8C7C4C4C25455FFFFACAD1E
:10AC6000585A5354B3B3ACACA9A9A5A6A1A29E9EB1
:10AC70009B9B9897595DBCBD585A5253A9AFAAB037
:10AC8000AEB6B2BBB5BFB7C3B8C5BBC76062FFFF46
:10AC9000C5C5585A4F51CDD4CBD1CED2DCE13739CE
:10ACA000FFFFFFFFFFFFFFFFFFFFFFFFFFFFFFFFB4
:10ACB000FFFFFFFFFFFF5355585A595B6567ECE7ED
:10ACC000ECE7EDE8FBF5A0A1FFFFFFFFFFFFFFFFB3
:10ACD000FFFFFFFFFFFFFFFFFFFFFFFFFFFFFFFF84
:10ACE000FFFFFFFFFFFFFFFFFFFFFFFFFFFFFFFF74
:10ACF000FFFFFFFFFFFFFFFFFFFFFFFF4A4A58581C
:10AD0000B8B6E6E3E4E1E2DFDFDDDCD9D9D6D5D4BD
:10AD1000DEDB6161FFFFFFFFFFFFFFFFFFFF53531C
:10AD2000595AB3B2AAA9A6A5A2A29D9C979792929E
:10AD300098989696B8B8FFFF57576A6B6A6B6C6C19
:10AD40006E6E6A69C2C3C1C2C3C4C6C6CACACCCC0D
:10AD5000CFCFD2D0A09F7374747373747575474747
:10AD6000FFFFFFFFFFFF878758585757E2DFF0ECE0
:10AD7000F1EDF1ECDBD8C3C3FFFFFFFFFFFFFFFFE7
:10AD8000FFFFFFFFFFFFFFFF5454ED1CED1CED1C08
:10AD9000ED1CED1CED1CF3EFDAD85959FFFF989824
:10ADA00058575C5CF3F0F1ECF1EBEFECEDEBECE918
:10ADB000E9E7EBE75856FFFF96965656504EE0DC13
:10ADC000DBD9D9D5D4D3D2CFCFCCCACAC9C6545473
:10ADD000FFFFACAC58585353B7B7B1B0ADACAAA84D
:10ADE000A6A5A3A19E9D9B9A595ABCBC58585252E5
:10ADF000A4A5A5A6A9A9ACAFAEB2B2B5B4B7B6B971
:10AE00005F5FFFFFC5C55858514FCACAC9C9CCCCEE
:10AE1000CECEDBD93F3FFFFFFFFFFFFFFFFFFFFF6E
:10AE2000FFFFFFFFFFFFFFFF4545585857574343BC
:10AE3000F3F0EEEBF0ECF0ECFEFBA0A0FFFFFFFF69
:10AE4000FFFFFFFFFFFFFFFFFFFFFFFFFFFFFFFF12
:10AE5000FFFFFFFFFFFFFFFFFFFFFFFFFFFFFFFF02
:10AE6000FFFFFFFFFFFFFFFFFFFFFFFFFFFFFFFFF2
:10AE70004A4C585AB6B5E3DEE1DEDFDADDD8D9D583
:10AE8000D6D3D4CFDBD76164FFFFFFFFFFFFFFFF07
:10AE9000FFFF53555A5CB2B2A9A9A5A5A2A19C9DDA
:10AEA00097989293989A9699B8B9FFFF57596B6EF5
:10AEB0006B6F6C706E72696DC3CFC2CAC4CCC6CEE4
:10AEC000CAD0CCD2CFD4D0D39FA374757375747508
:10AED00075774749FFFFFFFFFFFF8787585A57598C
:10AEE000DFDDECE7EDE8ECE7D8D5C3C4FFFFFFFFFB
:10AEF000FFFFFFFFFFFFFFFFFFFFFFFF54561C2474
:10AF00001C241C241C241C241C24EFE9D8D4595BC9
:10AF1000FFFF989957595C5DF0E9ECE8EBE5ECE64A
:10AF2000EBE4E9E3E7E2E7E25659FFFF969856586B
:10AF30004E52DCD8D9D5D5D3D3CECFCCCCC9CAC804
:10AF4000C6C55457FFFFACAD585A5355B7B6B0B04D
:10AF5000ACADA8A9A5A6A1A29D9E9A9A5A5CBCBD1B
:10AF6000585A5254A5A8A6ACA9B1AFB7B2BCB5C047
:10AF7000B7C3B9C55F63FFFFC5C5585A4F51CAD3A0
:10AF8000C9CFCCD2CED2D9DF3F42FFFFFFFFFFFFB8
:10AF9000FFFFFFFFFFFFFFFFFFFFFFFF4547585A7F
:10AFA00057594346F0ECEBE7ECE7ECE7FBF5A0A1E3
:10AFB000FFFFFFFFFFFFFFFFFFFFFFFFFFFFFFFFA1
:10AFC000FFFFFFFFFFFFFFFFFFFFFFFFFFFFFFFF91
:10AFD000FFFFFFFFFFFFFFFFFFFFFFFFFFFFFFFF81
:10AFE000FFFFFFFF4A4A5858B9B8E9E5E6E2E4E254
:10AFF000E2DFDFDDDDDAD8D5E2DF6161FFFFFFFFF1
:10B00000FFFFFFFFFFFF5353595AB6B5AEADAAA9D4
:10B01000A6A5A2A19C9A989792929190B8B8FFFF8A
:10B02000FFFFFFFFFFFFF8F857575151C1C2BEBEE7
:10B03000C1C1C4C3C7C7CACACCCDCFCE8D8DFFFF97
:10B04000FFFFFFFFFFFFFFFFFFFFFFFFFFFF48487E
:10B050005858494AF6F2EEEBEFEBF1EDFEF84646B2
:10B06000FFFFFFFFFFFFFFFFFFFFFFFFFFFFFFFFF0
:10B070005454ED1CED1CED1CED1CED1CED1CF4F00E
:10B08000F3EFDAD85454A0A058575F60F4F0F1ED14
:10B09000F1ECF1ECEFECECEAECE8EBE95857FFFFF0
:10B0A000969656564F4FE1E0DDDADBD8D9D6D4D3A9
:10B0B000D3D0CFCCCBCA5554FFFFACAC585851516C
:10B0C000BCBAB4B4B0AFAEADAAA8A6A5A3A1A09FC8
:10B0D0005555BCBC585853539F9FA1A2A5A7A8ABD8
:10B0E000ADAFB0B2B2B4B3B75E5FFFFFC5C55858DD
:10B0F0005150C9C9C6C6C9C9CBCBCDCDB0B07A7A7B
:10B10000FFFFFFFFFFFFFFFFFFFFFFFFFFFF4040CD
:10B11000585857574848FDFAECE9EDEAEDEBF0ECEA
:10B12000FEFAA0A0FFFFFFFFFFFFFFFFFFFFFFFFF3
:10B13000FFFFFFFFFFFFFFFFFFFFFFFFFFFFFFFF1F
:10B14000FFFFFFFFFFFFFFFFFFFFFFFFFFFFFFFF0F
:10B15000FFFFFFFFFFFFFFFF4A4C585AB8B7E5E07B
:10B16000E2DDE2DEDFDADDD8DAD6D5D2DFDB61641C
:10B17000FFFFFFFFFFFFFFFFFFFF53555A5CB5B610
:10B18000ADADA9A9A5A5A1A19A9C979892939093DA
:10B19000B8B9FFFFFFFFFFFFFFFFF8F85759515203
:10B1A000C2CEBEC9C1CAC3CCC7CFCACFCDD2CED3FF
:10B1B0008D90FFFFFFFFFFFFFFFFFFFFFFFFFFFF80
:10B1C000FFFF484B585A4A4CF2EEEBE7EBE6EDE84E
:10B1D000F8F24649FFFFFFFFFFFFFFFFFFFFFFFF02
:10B1E000FFFFFFFF54561C241C241C241C241C2479
:10B1F0001C24F0EAEFE9D8D45456A0A15759606254
:10B20000F0EAEDE7ECE8ECE5ECE6EAE4E8E3E9E4B3
:10B210005759FFFF969856584F52E0DBDAD7D8D4EB
:10B22000D6D3D3CED0CDCCC9CAC85456FFFFACAD0F
:10B23000585A5155BAB9B4B2AFB0ADADA8A9A5A589
:10B24000A1A29F9E5557BCBD585A53559FA3A2A675
:10B25000A7ABABB2AFB6B2BCB4BFB7C35F63FFFFBF
:10B26000C5C5585A5051C9D1C6CFC9CECBD1CDD200
:10B27000B0B57A7BFFFFFFFFFFFFFFFFFFFFFFFF80
:10B28000FFFF4042585A5759484BFAF7E9E6EAE6B9
:10B29000EBE7ECE7FAF4A0A1FFFFFFFFFFFFFFFFE2
:10B2A000FFFFFFFFFFFFFFFFFFFFFFFFFFFFFFFFAE
:10B2B000FFFFFFFFFFFFFFFFFFFFFFFFFFFFFFFF9E
:10B2C000FFFFFFFFFFFFFFFFFFFFFFFF4A4A585846
:10B2D000BAB8EAE6E9E5E6E3E4E2E3DFDFDDDDD99B
:10B2E000E6E26161FFFFFFFFFFFFFFFFFFFF535338
:10B2F000595ABBBAB3B2B0ADAAA9A6A6A1A09C9B4D
:10B3000097978A8DB8B8FFFFFFFFFFFFFFFFEBEBBA
:10B3100057575151BDC0BABBBEBFC1C1C4C4C7C7D6
:10B32000CACACCCC8C8DF7F7FFFFFFFFFFFFFFFFF2
:10B33000FFFFFFFFF0F0565657578182EAE7ECE82F
:10B34000EDEBEFEBF1ED6767FFFFFFFFFFFFFFFFA7
:10B35000FFFFFFFFFFFFFFFF5454ED1CED1CED1C32
:10B36000ED1CED1CED1CF4F0F4F0F3EFDCD94F4FC5
:10B3700057576261F3EFF3EFF0EDF1ECF1EBEFEC27
:10B38000EDEBEDEA5857FFFF969656564F4FE5E224
:10B39000DFDDDEDBDBD8D9D5D5D4D3D0D0CD545545
:10B3A000FFFFACAC58585252BFBEB7B7B4B3B1B13F
:10B3B000ADABA9A9A5A4A3A25353BCBC58585253E2
:10B3C0009A9A9C9CA1A2A6A7AAABACAEB0B2B2B608
:10B3D0005F60FFFFC5C558585150C6C7C3C4C6C635
:10B3E000C8C8CBCBCECE7272CBCBFFFFFFFFFFFF27
:10B3F000FFFFFFFF7D7D585857585555F2EFE7E4A2
:10B40000E9E6ECE9ECE8EDEAFDFAA0A0FFFFFFFFBA
:10B41000FFFFFFFFFFFFFFFFFFFFFFFFFFFFFFFF3C
:10B42000FFFFFFFFFFFFFFFFFFFFFFFFFFFFFFFF2C
:10B43000FFFFFFFFFFFFFFFFFFFFFFFFFFFFFFFF1C
:10B440004A4C585AB8B7E6E1E5E0E3DEE2DEDFD980
:10B45000DDD7D9D5E2DE6164FFFFFFFFFFFFFFFF0D
:10B46000FFFF53555A5CBAB9B2B2ADADA9A9A6A5B2
:10B47000A0A09B9C97988D8EB8B9FFFFFFFFFFFFA0
:10B48000FFFFEBEA57595152C0CCBBC6BFC9C1C977
:10B49000C4CCC7CECAD0CCD28D8FF7F7FFFFFFFF49
:10B4A000FFFFFFFFFFFFFFFFF0F056595759828360
:10B4B000E7E4E8E6EBE7EBE6EDE86769FFFFFFFFAF
:10B4C000FFFFFFFFFFFFFFFFFFFFFFFF54561C249E
:10B4D0001C241C241C241C241C24F0EAF0EAEFE9A0
:10B4E000D9D54F5157596164EFE9EFE9EDE7ECE841
:10B4F000EBE5ECE6EBE4EAE45759FFFF9698565883
:10B500004F52E2DDDDD8DBD7D8D4D5D3D4CFD0CDE0
:10B51000CDC95556FFFFACAD585A5254BEBDB7B653
:10B52000B3B2B1B1ABACA9A8A4A5A2A35355BCBDFD
:10B53000585A53559A9C9CA0A2A6A7ADABB2AEB7E1
:10B54000B2BCB6C16062FFFFC5C5585A5051C7CFE3
:10B55000C4CCC6CEC8D0CBD1CED27274CBCDFFFF77
:10B56000FFFFFFFFFFFFFFFF7D7F585A585A5557D7
:10B57000EFEDE4E3E6E3E9E6E8E6EAE7FAF4A0A1C2
:10B58000FFFFFFFFFFFFFFFFFFFFFFFFFFFFFFFFCB
:10B59000FFFFFFFFFFFFFFFFFFFFFFFFFFFFFFFFBB
:10B5A000FFFFFFFFFFFFFFFFFFFFFFFFFFFFFFFFAB
:10B5B000FFFFFFFF4A4A5858BAB9EBE7EBE7E7E568
:10B5C000E6E3E4E1E2DFDFDCEAE56060FFFFFFFFE6
:10B5D000FFFFFFFFFFFF5353595ABFBDB7B5B2B1CD
:10B5E000AEADAAA9A4A4A0A09B9A908FB6B6FFFF67
:10B5F000FFFFFFFFFFFFEBEB57575151BCBEB5B943
:10B60000BABCBDBEC0C2C4C3C7C7CACA8C8CF7F718
:10B61000FFFFFFFFFFFFFFFFFFFFFFFF6C6C5858AE
:10B620005656E9E7E9E6EBE8ECE9EDEAEFEBE7E5AA
:10B63000ADADFFFFFFFFFFFFFFFFFFFFFFFFFFFFBE
:10B640005454ED1CED1CED1CED1CED1CED1CF4F038
:10B65000F4F0F4F0F3EFE7E552516261F5F1F3EF46
:10B66000F3EFEFEDF1ECF1EBF0ECEEEC5858FFFFFF
:10B67000969656564F4FE7E4E2DFDFDDDEDBDAD8A1
:10B68000D8D4D5D3D4D15454FFFFACAC585852526F
:10B69000C2BFBCBAB8B6B5B3B0B0ADACA9A8A7A686
:10B6A0005353BCBC58585353949398989C9DA1A352
:10B6B000A6A7A9ABADAFB0B25F5FFFFFC5C5585835
:10B6C0004F4FC3C4C2C2C4C5C6C6C9C9CBCBD3D2EF
:10B6D0004545FFFFFFFFFFFFFFFFD0D058585858E8
:10B6E0005858B3B3E5E1E6E3E7E4E9E6EBE9ECE972
:10B6F000FCF9A0A0FFFFFFFFFFFFFFFFFFFFFFFF21
:10B70000FFFFFFFFFFFFFFFFFFFFFFFFFFFFFFFF49
:10B71000FFFFFFFFFFFFFFFFFFFFFFFFFFFFFFFF39
:10B72000FFFFFFFFFFFFFFFF4A4C585AB9B7E7E2A0
:10B73000E7E2E5DFE3DEE1DEDFDADCD8E5E0606208
:10B74000FFFFFFFFFFFFFFFFFFFF53555A5CBDBC2C
:10B75000B5B5B1B1ADADA9A9A4A4A09F9A9B8F9096
:10B76000B6B7FFFFFFFFFFFFFFFFEBEA575951524C
:10B77000BECAB9C4BCC6BEC8C2C9C3CBC7CECAD074
:10B780008C8FF7F7FFFFFFFFFFFFFFFFFFFFFFFFBC
:10B790006C6F585A5658E7E4E6E3E8E5E9E6EAE76D
:10B7A000EBE6E5E1ADAEFFFFFFFFFFFFFFFFFFFFB1
:10B7B000FFFFFFFF54561C241C241C241C241C24A3
:10B7C0001C24F0EAF0EAF0EAEFE9E5DF51546164A5
:10B7D000F1EBEFE9EFE9EDE7ECE8EBE5ECE6ECE5C2
:10B7E0005858FFFF969856584F51E4E0DFDBDDD9FB
:10B7F000DBD7D8D4D4D2D3CFD1CE5456FFFFACAD03
:10B80000585A5254BFBEBAB9B6B6B3B2B0B0ACAC67
:10B81000A8A8A6A65355BCBD585A535593949899B9
:10B820009DA0A3A8A7ADABB2AFB7B2BC5F62FFFF4C
:10B83000C5C5585A4F51C4CFC2CAC5CCC6CEC9CF50
:10B84000CBD1D2D74547FFFFFFFFFFFFFFFFD0D18E
:10B85000585A585A585AB3B3E1E0E3E1E4E3E6E357
:10B86000E9E6E9E5F9F4A0A1FFFFFFFFFFFFFFFF15
:10B87000FFFFFFFFFFFFFFFFFFFFFFFFFFFFFFFFD8
:10B88000FFFFFFFFFFFFFFFFFFFFFFFFFFFFFFFFC8
:10B89000FFFFFFFFFFFFFFFFFFFFFFFF4A4A585870
:10B8A000BABAEDEAECE7EBE7E8E5E6E3E4E1E1DE8E
:10B8B000EDE97272FFFFFFFFFFFFFFFFFFFF535332
:10B8C000595AC2C1BAB8B6B5B1B1AEADA9A7A4A410
:10B8D000A09F9392D7D7FFFFFFFFFFFFFFFFEBEB88
:10B8E00057575151B9BCB4B8B7B9BBBCBFC0C2C23D
:10B8F000C4C5C7C78B8CF7F7FFFFFFFFFFFFFFFF34
:10B90000FFFFFFFF4B4B58584949EBE8E7E4E8E6F7
:10B91000EBE9ECE9EDEAF9F43C3DFFFFFFFFFFFF47
:10B92000FFFFFFFFFFFFFFFF5454ED1CED1CED1C5C
:10B93000ED1CED1CED1CF4F0F4F0F4F0F4F0F3EF7A
:10B94000E8E55C5CF5F1F4F0F3EFF3EFEFEDF1EC2B
:10B95000F1EBF0EC5757FFFF969656564F4FEAE53E
:10B96000E4E1E2DFDFDDDEDBDBD8D8D4D5D355552B
:10B97000FFFFACAC58585252C5C2BEBCBBB9B8B739
:10B98000B4B3B0B1ADACAAA95253BCBC58585353D0
:10B99000979792929A989D9EA2A3A6A7A9AAAEAFA6
:10B9A0005C5DFFFFB5B558584F4FC1C1BFC0C1C2A4
:10B9B000C4C4C7C7C9C9CCCCDBDB3837FFFFFFFF26
:10B9C000FFFF535358585858696AE2DFE3E0E4E256
:10B9D000E6E3E8E5E8E7EBE8FBF8A0A0FFFFFFFF00
:10B9E000FFFFFFFFFFFFFFFFFFFFFFFFFFFFFFFF67
:10B9F000FFFFFFFFFFFFFFFFFFFFFFFFFFFFFFFF57
:10BA0000FFFFFFFFFFFFFFFFFFFFFFFFFFFFFFFF46
:10BA10004A4C585ABAB9EAE4E7E3E7E2E5E0E3DE84
:10BA2000E1DCDEDAE9E37274FFFFFFFFFFFFFFFFF7
:10BA3000FFFF53555A5CC1BEB8B7B5B4B1B1ADAD97
:10BA4000A7A7A4A39F9F9294D7D8FFFFFFFFFFFF54
:10BA5000FFFFEBEA57595153BCC8B8C3B9C5BCC6C0
:10BA6000C0C9C2CBC5CCC7CE8C8EF7F7FFFFFFFF96
:10BA7000FFFFFFFFFFFFFFFF4B4D585A494BE8E721
:10BA8000E4E2E6E2E9E5E9E5EAE7F4EF3D3FFFFF5E
:10BA9000FFFFFFFFFFFFFFFFFFFFFFFF54561C24C8
:10BAA0001C241C241C241C241C24F0EAF0EAF0EAC8
:10BAB000F0EAEFE9E5E15C5FF1EBF0EAEFE9EFE9ED
:10BAC000EDE7ECE7EBE5ECE75758FFFF96985658A3
:10BAD0004F50E5DFE1DCDFDADDD8DBD7D8D4D4D2D4
:10BAE000D3CE5557FFFFACAD585A5254C2C2BCBB5F
:10BAF000B9B9B7B6B3B2B1B0ACACA9A95355BCBDD6
:10BB0000585A535597989293989A9EA2A3A8A7AE75
:10BB1000AAB2AFB95D5FFFFFB5B7585A4F50C1CD5C
:10BB2000C0CAC2CAC4CCC7CFC9CFCCD2DBE1373A76
:10BB3000FFFFFFFFFFFF5355585A585A6A6BDFDF6C
:10BB4000E0DFE2E1E3E1E5E2E7E4E8E6F8F3A0A123
:10BB5000FFFFFFFFFFFFFFFFFFFFFFFFFFFFFFFFF5
:10BB6000FFFFFFFFFFFFFFFFFFFFFFFFFFFFFFFFE5
:10BB7000FFFFFFFFFFFFFFFFFFFFFFFFFFFFFFFFD5
:10BB8000FFFFFFFF4A4A5858BCBAEFEBEDEAEBE77C
:10BB9000EAE5E7E4E6E3E3E0EDEB7171FFFFFFFFC9
:10BBA000FFFFFFFFFFFF5353595AC7C5BEBCBAB8CA
:10BBB000B6B5B2B1ADACA9A8A4A39798D6D6FFFFED
:10BBC000FFFFFFFFFFFFEBEB57575151B6B8B3B57F
:10BBD000B4B7B7BABBBCBFBFC2C2C4C38989F7F789
:10BBE000FFFFFFFFFFFFFFFFFFFFDEDE5757575747
:10BBF0009291E3E0E6E3E7E4E8E6EBE8ECE8EEEA7E
:10BC00007D7DFFFFFFFFFFFFFFFFFFFFFFFFFFFF48
:10BC10005454ED1CED1CED1CED1CED1CED1CF4F062
:10BC2000F4F0F4F0F4F0F4F0F3EFEBE8F4F0F4F007
:10BC3000F4F0F3EFF3EFF0EDF1ECF2EC5353FFFF20
:10BC4000969656564E4FEBE8E7E2E4E1E1DFDFDDA2
:10BC5000DDD9DAD8D8D55353FFFF9D9D585851529E
:10BC6000C9C7C1BFBEBCBBB9B8B6B4B3B0AFADAC49
:10BC70005353BCBC585853539C9B969591929B9A96
:10BC80009D9EA3A4A7A7AAAB5C5CFFFFB5B55858BF
:10BC90004F4FBEBFBCBDC0C1C1C2C4C5C7C6CACA62
:10BCA000CCCCD8D84141FFFF44445858585845455A
:10BCB000E2E0DFDEE2DFE3E0E5E2E6E3E8E5EAE654
:10BCC000FAF7A7A7FFFFFFFFFFFFFFFFFFFFFFFF41
:10BCD000FFFFFFFFFFFFFFFFFFFFFFFFFFFFFFFF74
:10BCE000FFFFFFFFFFFFFFFFFFFFFFFFFFFFFFFF64
:10BCF000FFFFFFFFFFFFFFFF4A4C585ABAB9EBE6C0
:10BD0000EAE4E7E2E5E0E4DFE3DEE0DCEBE57173E3
:10BD1000FFFFFFFFFFFFFFFFFFFF53555A5CC5C347
:10BD2000BCBBB8B7B5B4B1B1ACACA8A7A3A3989746
:10BD3000D6D7FFFFFFFFFFFFFFFFEBEA5759515335
:10BD4000B8C3B5C0B7C4BAC6BCC7BFC9C2CBC3CBE2
:10BD5000898DF7F7FFFFFFFFFFFFFFFFFFFFDEDF2C
:10BD6000575957599193E0DFE3E2E4E2E6E3E8E56F
:10BD7000E8E6EAE77D7EFFFFFFFFFFFFFFFFFFFF33
:10BD8000FFFFFFFF54561C241C241C241C241C24CD
:10BD90001C24F0EAF0EAF0EAF0EAF0EAEFE9E8E47D
:10BDA000F0EAF0EAF0EAEFE9EFE9EDE7ECE7ECE6DC
:10BDB0005356FFFF969856584F52E8E2E2DDE1DD18
:10BDC000DFD9DDD8D9D5D8D4D5D25354FFFF9D9E25
:10BDD000585A5254C7C4BFBFBCBBB9B9B6B6B3B248
:10BDE000AFAFACAD5356BCBD585A53559B9C9595BF
:10BDF00092939A9C9EA2A4A7A7AEABB45C5FFFFFF0
:10BE0000B5B6585A4F50BFCBBDC8C1CAC2CAC5CDBE
:10BE1000C6CECAD0CCD2D8DE4144FFFF4446585AE1
:10BE2000585A4548E0E2DEDDDFE0E0DFE2E1E3E151
:10BE3000E5E2E6E3F7F3A7A9FFFFFFFFFFFFFFFF40
:10BE4000FFFFFFFFFFFFFFFFFFFFFFFFFFFFFFFF02
:10BE5000FFFFFFFFFFFFFFFFFFFFFFFFFFFFFFFFF2
:10BE6000FFFFFFFFFFFFFFFFFFFFFFFF4A4A58589A
:10BE7000BAB9F1EAEFEAEDEAEBE7EAE6E7E4E7E18F
:10BE8000F1ED7171FFFFFFFFFFFFFFFFFFFF535356
:10BE9000595ACAC7C2BFBEBCB9B9B5B4B1AFACABD1
:10BEA000A9A79C9BD7D7FFFFFFFFFFFFFFFFEBEB8F
:10BEB00057575252B2B5B0B2B4B5B5B7B8BABBBDA8
:10BEC000BFC0C1C28889F6F6FFFFFFFFFFFFFFFF7B
:10BED000FFFF626258585455E5E3E1DEE4E1E5E333
:10BEE000E7E4E8E6ECE9ECEAEFEB9F9FFFFFFFFFFA
:10BEF000FFFFFFFFFFFFF6F65555ED1CED1CED1C97
:10BF0000ED1CED1CED1CF4F0F4F0F4F0F4F0F4F0A2
:10BF1000F4F0F4F0F4F0F4F0F4F0F4F0F3EFF3EF05
:10BF2000EFEDF2EE5353FFFF969656564E4FECE868
:10BF3000E7E4E7E3E3E0E2DFDFDDDCD9DAD952531F
:10BF4000FFFF9D9D58585151CBC9C5C3C0BEBEBC53
:10BF5000BAB8B7B6B4B2B0B05353BCBC58585252CA
:10BF6000A09F9999949593929B9A9F9FA3A4A8A907
:10BF70005C5DFFFFB5B558584F4FBBBDB9BCBDBEEA
:10BF8000BFC0C1C3C4C4C7C7CACACDCDABAB474786
:10BF9000585857574A4BECEADCD9DEDCDFDEE1DFEC
:10BFA000E3E0E5E2E7E3E7E4F8F4B3B2FFFFFFFF25
:10BFB000FFFFFFFFFFFFFFFFFFFFFFFFFFFFFFFF91
:10BFC000FFFFFFFFFFFFFFFFFFFFFFFFFFFFFFFF81
:10BFD000FFFFFFFFFFFFFFFFFFFFFFFFFFFFFFFF71
:10BFE0004A4C585AB9B8EAE4EAE6EAE4E7E2E6E19C
:10BFF000E4DEE1DDEDE87173FFFFFFFFFFFFFFFF10
:10C00000FFFF53555A5CC7C6BFBEBCBAB9B7B4B47C
:10C01000AFAFABABA7A79B9CD7D8FFFFFFFFFFFF3E
:10C02000FFFFEBEA57595253B5BEB2BDB5C1B7C316
:10C03000BAC5BDC7C0C9C2CB898DF6F6FFFFFFFFE9
:10C04000FFFFFFFFFFFF6264585A5557E3E3DEDF4F
:10C05000E1DFE3E2E4E3E6E3E9E6EAE5EBE89FA01B
:10C06000FFFFFFFFFFFFFFFFFFFFF6F655571C2402
:10C070001C241C241C241C241C24F0EAF0EAF0EAF2
:10C08000F0EAF0EAF0EAF0EAF0EAF0EAF0EAF0EAE0
:10C09000EFE9EFE9EDE7EEE85356FFFF96985658C3
:10C0A0004F51E8E3E4DFE3DDE0DCDFD9DDD8D9D5CB
:10C0B000D9D55355FFFF9D9E585A5154C9C5C3C089
:10C0C000BEBEBCBBB8B9B6B5B2B2B0B05355BCBDBC
:10C0D000585A52559FA09999959692949A9B9FA3CE
:10C0E000A4A8A9AF5D5EFFFFB5B6585A4F50BDCAB0
:10C0F000BCC6BEC8C0CBC3CCC4CCC7CECAD0CDD3BF
:10C10000ABB0474A585A57594B4DEAEDD9DBDCDD05
:10C11000DEDDDFE0E0DFE2E2E3E1E4E2F4F0B2B34F
:10C12000FFFFFFFFFFFFFFFFFFFFFFFFFFFFFFFF1F
:10C13000FFFFFFFFFFFFFFFFFFFFFFFFFFFFFFFF0F
:10C14000FFFFFFFFFFFFFFFFFFFFFFFFFFFFFFFFFF
:10C15000FFFFFFFF4A4A5858D5D3F1ECF0EBEDEA68
:10C16000EDE9E9E7E9E5E6E3F5F07171FFFFFFFFCF
:10C17000FFFFFFFFFFFF53535859CFCCC5C3C1C0CA
:10C18000BDBBB9B8B4B3B0AFACAB9F9ED6D6FFFFC2
:10C19000FFFFFFFFFFFFEBEB57575151AEB0ACAFC6
:10C1A000B2B4B3B5B3B7B8BABCBCBFC08788FBFBE9
:10C1B000FFFFFFFFFFFFFFFFFFFF4D4D58584C4CA7
:10C1C000E0DEDFDDE1DEE4E1E6E3E7E4E9E6EBE93A
:10C1D000F3F03C3CFFFFFFFFFFFFFFFFFFFFF6F622
:10C1E0005555ED1CED1CED1CED1CED1CED1CF4F08B
:10C1F000F4F0F4F0F4F0F4F0F4F0F4F0F4F0F4F01F
:10C20000F4F0F4F0F3EFF3EFF3EFF1EE5454FFFF3B
:10C21000969656564E4EEEE9E9E5E7E4E7E2E3E0AE
:10C22000E1DEDEDDDCD95352FFFF9D9D58585151B0
:10C23000CFCBC7C5C4C2C1BFBEBBBBB8B7B6B4B312
:10C240005353BCBC58585151A3A29D9C98989492AA
:10C2500093939A9A9F9FA3A55C5DFFFFB5B558582D
:10C26000504FB8BAB7B9BABCBDBDC0C1C1C3C5C4CF
:10C27000C8C8C9C9CDCD6A6A58585454DFDED6D66D
:10C28000DAD8DBD9DEDCE0DEE2DFE4E1E5E3E7E4B7
:10C29000F7F3B3B3FFFFFFFFFFFFFFFFFFFFFFFF5A
:10C2A000FFFFFFFFFFFFFFFFFFFFFFFFFFFFFFFF9E
:10C2B000FFFFFFFFFFFFFFFFFFFFFFFFFFFFFFFF8E
:10C2C000FFFFFFFFFFFFFFFF4A4C585AD3D0ECE7B8
:10C2D000EBE5EAE5E9E4E7E2E5E0E3DEF0EA7172E6
:10C2E000FFFFFFFFFFFFFFFFFFFF5355595BCCCA66
:10C2F000C3C1C0BEBBBAB8B8B3B3AFB0ABAB9E9FFF
:10C30000D6D8FFFFFFFFFFFFFFFFEBEA575951535E
:10C31000B0B8AFB7B4BEB5C1B7C4BAC6BCC8C0CA5E
:10C32000888BFBFBFFFFFFFFFFFFFFFFFFFF4D4F72
:10C33000585A4C4EDEE0DDDDDEE0E1E0E3E2E4E22F
:10C34000E6E3E9E6F0EC3C3EFFFFFFFFFFFFFFFF07
:10C35000FFFFF6F655571C241C241C241C241C2407
:10C360001C24F0EAF0EAF0EAF0EAF0EAF0EAF0EA97
:10C37000F0EAF0EAF0EAF0EAEFE9EFE9EFE9EEE8F7
:10C380005456FFFF969856584E51E9E4E5E0E4DF35
:10C39000E2DDE0DBDEDADDD8D9D65255FFFF9D9E27
:10C3A000585A5153CBC9C5C2C2C0BFBEBBBAB8B838
:10C3B000B6B5B3B15355BCBD585A5153A2A29C9DBA
:10C3C0009899929493949A9D9FA3A5AA5D5FFFFF6D
:10C3D000B5B6585A4F51BAC7B9C5BCC6BDC9C1CB0D
:10C3E000C3CDC4CCC8CEC9CFCDD36A6D585A54562C
:10C3F000DEE1D6D8D8DBD9DBDCDDDEDDDFE0E1E075
:10C40000E3E2E4E2F3EFB3B4FFFFFFFFFFFFFFFF60
:10C41000FFFFFFFFFFFFFFFFFFFFFFFFFFFFFFFF2C
:10C42000FFFFFFFFFFFFFFFFFFFFFFFFFFFFFFFF1C
:10C43000FFFFFFFFFFFFFFFFFFFFFFFF4A4A5858C4
:10C44000D6D4F0EEF1ECF0ECEDEAECE8EAE7E9E561
:10C45000F5F27171FFFFFFFFFFFFFFFFFFFF535377
:10C460005859D1D0C9C7C6C3C1C0BEBBB9B8B4B38F
:10C47000B1AFA3A1D6D6FFFFFFFFFFFFFFFFEBEB9E
:10C4800057575251AAABA8AAADB0B0B2B4B6B5B81E
:10C49000B8BBBBBD8686FBFBFFFFFFFFFFFFFFFFB7
:10C4A000CFCF57575758A3A3DBD8DDDBDFDCE1DF65
:10C4B000E4E1E5E3E7E4E9E6EBE98B8CFFFFFFFF6E
:10C4C000FFFFFFFFFFFFF6F65555ED1CED1CED1CC1
:10C4D000ED1CED1CED1CF4F0F4F0F4F0F4F0F4F0CD
:10C4E000F4F0F4F0F4F0F4F0F4F0F4F0F4F0F4F02C
:10C4F000F3EFF4F05453FFFF969656565454EFEB77
:10C50000EBE6E8E5E6E3E6E1E3E0E1DEE1DE535316
:10C51000FFFF9D9D58585151D1CDCBC7C7C5C5C34D
:10C52000C1C0BEBABAB9B8B65252BCBC58585251C2
:10C53000A7A5A1A09D9C9897959394949A9A9E9F45
:10C540005B5CFFFFB5B55858504FB7B9B5B6B6B933
:10C55000B9BCBEBFC0C1C1C2C5C4C7C7CACAD1D198
:10C560004647ACACD4D2D5D3D6D6DAD7DBD9DDDBCF
:10C57000E0DEE2DFE3E0E4E3F4F1B3B3FFFFFFFF6B
:10C58000FFFFFFFFFFFFFFFFFFFFFFFFFFFFFFFFBB
:10C59000FFFFFFFFFFFFFFFFFFFFFFFFFFFFFFFFAB
:10C5A000FFFFFFFFFFFFFFFFFFFFFFFFFFFFFFFF9B
:10C5B0004A4C585AD4CFEEE7ECE7ECE6EAE4E8E37D
:10C5C000E7E2E5E0F2EB7172FFFFFFFFFFFFFFFF25
:10C5D000FFFF5355595BD0CEC7C4C3C1C0BEBBBA61
:10C5E000B8B6B3B3AFAFA1A2D6D7FFFFFFFFFFFF2F
:10C5F000FFFFEBEA57595153ABB1AAB1B0B9B2BD85
:10C60000B6C2B8C3BBC6BDC8868CFBFBFFFFFFFF2D
:10C61000FFFFFFFFCFD05759585AA3A5D8DBDBDC6B
:10C62000DCDDDFE0E1E0E3E2E4E3E6E3E9E68C8D94
:10C63000FFFFFFFFFFFFFFFFFFFFF6F655571C242C
:10C640001C241C241C241C241C24F0EAF0EAF0EA1C
:10C65000F0EAF0EAF0EAF0EAF0EAF0EAF0EAF0EA0A
:10C66000F0EAF0EAEFE9F0EA5356FFFF96985658E1
:10C670005457EBE6E6E1E5DFE3DEE1DDE0DBDED9C2
:10C68000DED95355FFFF9D9E585A5153CDCBC7C598
:10C69000C5C2C3C0C0BDBABAB9B8B6B65255BCBDA2
:10C6A000585A5153A5A5A0A09C9D979993949494F2
:10C6B0009A9D9FA35C5FFFFFB5B6585A4F51B9C60C
:10C6C000B6C2B9C5BCC6BFC9C1CBC2CDC4CCC7CD2B
:10C6D000CAD0D1D84749ACB0D2D6D3D7D6D8D7DA7A
:10C6E000D9DBDBDDDEDDDFE0E0E0E3E2F1EEB3B499
:10C6F000FFFFFFFFFFFFFFFFFFFFFFFFFFFFFFFF4A
:10C70000FFFFFFFFFFFFFFFFFFFFFFFFFFFFFFFF39
:10C71000FFFFFFFFFFFFFFFFFFFFFFFFFFFFFFFF29
:10C72000FFFFFFFF4A4A5858D6D4F3EFF0EDF1EC83
:10C73000EFECECEAECE9EAE7F9F37171FFFFFFFFD8
:10C74000FFFFFFFFFFFF53535859D5D3CCC9C9C6CC
:10C75000C5C3C1C0BCBCB8B9B4B4A6A6D6D6FFFF89
:10C76000FFFFFFFFFFFFEBEB57575252A6A6A4A611
:10C77000A9A9ADAFB1B3B3B6B3B7B8BA8486FBFB62
:10C78000FFFFFFFFFFFFFFFF555558585352DFDEF5
:10C79000D7D6DAD9DDDBE0DDE3E0E3E0E5E4E8E5A8
:10C7A000E9E6F3F08D8DFFFFFFFFFFFFFFFFF6F6D9
:10C7B0005555ED1CED1CED1CED1CED1CED1CF3EEB8
:10C7C000F4F0F4F0F4F0F4F0F4F0F4F0F4F0F4F049
:10C7D000F4F0F4F0F4F0F4F0F3EFF4F05453FFFF5E
:10C7E000969656565454F0EDECE8EBE6E9E5E6E3B0
:10C7F000E7E2E4E0E2DF5353FFFF9D9D58585051BC
:10C80000D4D1CDCACAC7C7C5C3C2C1BFBDBCBBB9DD
:10C810005252BCBC58585151AAA9A4A2A1A09C9B99
:10C820009898949394949A9C5C5CFFFFB5B5585883
:10C830005050B6B8B4B6B4B7B7B9BBBBBDBEC0C034
:10C84000C2C3C4C4C7C7CACAD2D2CFCED1D0D4D231
:10C85000D5D2D7D5D9D8DCDADEDCDFDDE2DFE3E024
:10C86000F3F0B3B3FFFFFFFFFFFFFFFFFFFFFFFF8B
:10C87000FFFFFFFFFFFFFFFFFFFFFFFFFFFFFFFFC8
:10C88000FFFFFFFFFFFFFFFFFFFFFFFFFFFFFFFFB8
:10C89000FFFFFFFFFFFFFFFF4A4C585AD4CFEFE9DD
:10C8A000EDE7ECE7ECE6EAE4E9E3E7E2F3ED7172E9
:10C8B000FFFFFFFFFFFFFFFFFFFF5355595BD3D083
:10C8C000C9C7C6C3C3C1C0BEBCBBB9B6B4B3A6A6B4
:10C8D000D6D7FFFFFFFFFFFFFFFFEBEA5759525488
:10C8E000A6ABA6ACA9B2AFB8B3BEB6C2B7C4BAC500
:10C8F000868AFBFBFFFFFFFFFFFFFFFF5557585ADC
:10C900005254DEE1D6D8D9DBDBDDDDDDE0E0E0E06E
:10C91000E4E2E5E2E6E3F0ED8D8FFFFFFFFFFFFFCE
:10C92000FFFFF6F655571C241C241C241C241C2431
:10C930001C24EEE8F0EAF0EAF0EAF0EAF0EAF0EAC5
:10C94000F0EAF0EAF0EAF0EAF0EAF0EAEFE9F0EA19
:10C950005356FFFF969856585455EDE7E8E3E6E145
:10C96000E5E0E3DFE2DDE0DBDFDA5355FFFF9D9E2C
:10C97000585A5153D1CECAC8C7C5C5C3C2BFBFBE1E
:10C98000BCBAB9B85254BCBD585A5153A9A9A2A3B4
:10C99000A0A09B9C9899939494969C9C5C5FFFFFAD
:10C9A000B5B6585A5051B8C2B6C1B7C3B9C6BBC55F
:10C9B000BEC8C0CBC3CDC4CCC7CECAD0D2D8CED3CC
:10C9C000D0D4D2D6D2D6D5D8D8DADADBDCDDDDDCED
:10C9D000DFE0E0E0F0EEB3B4FFFFFFFFFFFFFFFF9B
:10C9E000FFFFFFFFFFFFFFFFFFFFFFFFFFFFFFFF57
:10C9F000FFFFFFFFFFFFFFFFFFFFFFFFFFFFFFFF47
:10CA0000FFFFFFFFFFFFFFFFFFFFFFFF4A4A5858EE
:10CA1000D6D4F2EEF3EFF0EDF1EDEFECEDEAEDE967
:10CA2000FBF67372FFFFFFFFFFFFFFFFFFFF535394
:10CA30005859D9D6D0CDCAC9C8C6C5C4C0BFBCBB59
:10CA4000B8B7A0A0D7D7FFFFFFFFFFFFFFFFEBEBBB
:10CA5000575752529EA0A1A1A5A7A9ACAEB0B1B3A1
:10CA6000B4B6B5B87D7EFBFBFFFFFFFFFFFFFFFF06
:10CA7000505057575757D6D4D5D4D8D7DAD8DDDB4E
:10CA8000E0DDE2DFE4E1E6E3E8E4EFEB3C3CFFFF7E
:10CA9000FFFFFFFFFFFFF6F65555ED1CED1CED1CEB
:10CAA000ED1CED1CED1CF3EFF3EEF4F0F4F0F4F0FC
:10CAB000F4F0F4F0F4F0F4F0F4F0F4F0F4F0F4F056
:10CAC000F4F0F4F05453FFFF969656565454F1EC9C
:10CAD000EDE9ECE6EBE6E9E5E6E4E6E3E5DF545311
:10CAE000FFFF9D9D58585150D7D4CFCBCCCACBC84F
:10CAF000C7C4C3C2C0BFBEBC5353BCBC58585050BF
:10CB0000ADACA7A6A4A3A09F9B9B97979393959545
:10CB10005050FFFFB5B558585050B3B4B3B4B4B685
:10CB2000B5B7B7BABABCBEBFC1C1C2C3C5C5C8C814
:10CB3000CACACCCCCFCFD2D0D3D1D5D4D7D5DBD9DC
:10CB4000DCD9DDDBE1DEE2DFF1EEB3B3FFFFFFFFB7
:10CB5000FFFFFFFFFFFFFFFFFFFFFFFFFFFFFFFFE5
:10CB6000FFFFFFFFFFFFFFFFFFFFFFFFFFFFFFFFD5
:10CB7000FFFFFFFFFFFFFFFFFFFFFFFFFFFFFFFFC5
:10CB80004A4C585AD4CFEEE8EFE9EDE7EDE7ECE692
:10CB9000EAE4E9E4F6F07275FFFFFFFFFFFFFFFF35
:10CBA000FFFF5355595BD6D3CDC9C9C7C6C4C4C04E
:10CBB000BFBDBBBBB7B6A0A1D7D8FFFFFFFFFFFF2C
:10CBC000FFFFEBEA57595254A0A3A1A6A7ADACB200
:10CBD000B0B9B3BDB6C3B8C47E83FBFBFFFFFFFF94
:10CBE000FFFFFFFF505257595759D4D8D4D8D7D840
:10CBF000D8DBDBDCDDDCDFE0E1E0E3E1E4E2EBE736
:10CC00003C3FFFFFFFFFFFFFFFFFF6F655571C24D9
:10CC10001C241C241C241C241C24EFE7EEE8F0EA4E
:10CC2000F0EAF0EAF0EAF0EAF0EAF0EAF0EAF0EA34
:10CC3000F0EAF0EAF0EAF0E95356FFFF969856580A
:10CC40005455ECE8E9E4E6E2E6E1E5E0E4DFE3DDC3
:10CC5000DFDC5354FFFF9D9E585A5053D4D0CBCAAB
:10CC6000CAC8C8C5C4C3C2BFBFBDBCBB5355BCBD89
:10CC7000585A5053ACACA6A7A3A39F9F9B9B9798D1
:10CC8000939495965052FFFFB5B6585A5051B4BE82
:10CC9000B4BEB6C2B7C3BAC5BCC6BFC8C1CBC3CC8D
:10CCA000C5CDC8CECAD0CCD2CFD3D0D4D1D6D4D78C
:10CCB000D5D8D9DAD9DADBDEDEDDDFE0EEEDB3B4EC
:10CCC000FFFFFFFFFFFFFFFFFFFFFFFFFFFFFFFF74
:10CCD000FFFFFFFFFFFFFFFFFFFFFFFFFFFFFFFF64
:10CCE000FFFFFFFFFFFFFFFFFFFFFFFFFFFFFFFF54
:10CCF000FFFFFFFF4A4A5858D6D4F4F0F3EFF3EFA2
:10CD0000F0EEF1EDF0ECEDEBFCF77272FFFFFFFFE0
:10CD1000FFFFFFFFFFFF53535859DCDAD3D0CFCCCE
:10CD2000CBC9C8C6C3C2C0BFBCBBA3A3D7D7FFFF74
:10CD3000FFFFFFFFFFFFEBEB5757535398999B9C67
:10CD4000A1A2A5A7AAABAEB1B1B3B4B57678FBFBEF
:10CD5000FFFFFFFFFFFFB4B458585858B3B2D1CF0C
:10CD6000D4D2D6D5D8D6DCD9DDDBE0DDE3E0E5E210
:10CD7000E6E3E8E59C9BF7F7FFFFFFFFFFFFF6F612
:10CD80005555ED1CED1CED1CED1CED1CED1CF1EDE5
:10CD9000F3EFF2EFF4F0F4F0F4F0F4F0F4F0F4F078
:10CDA000F4F0F4F0F4F0F4F0F4F0F5F15453FFFF84
:10CDB000969656565354F3EEEEEAEDEAEBE7EBE6C1
:10CDC000E9E6E6E3E8E44D4EFFFF9E9E58585151D8
:10CDD000D9D7D3D0CFCCCCCAC9C7C6C4C4C1C1C1AE
:10CDE0005252BFBF58585050B0AFABA9A7A6A3A28C
:10CDF0009F9E9C9B989794935252FFFFB5B55858AD
:10CE00005050AFB0AFB1B1B4B4B5B5B7B8B9BABCA2
:10CE1000BEBFC0C1C2C3C5C5C8C8CACACDCCCFCFAA
:10CE2000D2D0D3D1D5D3D7D5DAD9DDDADEDCE1DD86
:10CE3000E7E5B3B3FFFFFFFFFFFFFFFFFFFFFFFFCC
:10CE4000FFFFFFFFFFFFFFFFFFFFFFFFFFFFFFFFF2
:10CE5000FFFFFFFFFFFFFFFFFFFFFFFFFFFFFFFFE2
:10CE6000FFFFFFFFFFFFFFFF4A4C585AD4CFF0EA05
:10CE7000EFE9EFE9EEE8EDE7ECE6EBE4F7F27275E7
:10CE8000FFFFFFFFFFFFFFFFFFFF5355595BDAD6A0
:10CE9000D0CDCCC9C9C7C6C4C2C0BFBDBBBAA3A48C
:10CEA000D7D8FFFFFFFFFFFFFFFFEBEA57595355AE
:10CEB000999A9C9EA2A5A7ACABB3B1B9B3BEB5C1BC
:10CEC000787DFBFBFFFFFFFFFFFFB4B4585A585AB1
:10CED000B2B6CFD4D2D6D5D7D6D9D9DBDBDDDDDD1E
:10CEE000E0E0E2E0E3E1E5E19B9CF7F8FFFFFFFF14
:10CEF000FFFFF6F655571C241C241C241C241C245C
:10CF00001C24EDE8EFE7EFE9F0EAF0EAF0EAF0EAF6
:10CF1000F0EAF0EAF0EAF0EAF0EAF0EAF0EAF1EB3F
:10CF20005356FFFF969856585455EEE8EAE5EAE462
:10CF3000E7E2E6E1E6E0E3DEE4DF4E50FFFF9EA03D
:10CF4000585A5152D7D2D0CDCCC8CAC8C7C5C4C30D
:10CF5000C1BFC1BE5255BFC0585A5052AFAFA9AAA7
:10CF6000A6A7A2A39E9E9B9C979893945254FFFFC2
:10CF7000B5B6585A5052B0B8B1BAB4BEB5C1B7C3BD
:10CF8000B9C5BCC5BFC9C1CAC3CDC5CDC8CECAD03D
:10CF9000CCD2CFD4D0D4D1D6D3D7D5D8D9DADADB46
:10CFA000DCDEDDDEE5E4B3B4FFFFFFFFFFFFFFFFE4
:10CFB000FFFFFFFFFFFFFFFFFFFFFFFFFFFFFFFF81
:10CFC000FFFFFFFFFFFFFFFFFFFFFFFFFFFFFFFF71
:10CFD000FFFFFFFFFFFFFFFFFFFFFFFF4A4A585819
:10CFE000D6D4F4F0F4F0F2EEF3EFF0EEF1ECF0EC76
:10CFF000FDFB7272FFFFFFFFFFFFFFFFFFFF5353B9
:10D000005859E0DDD6D4D2CFCFCCCBC8C9C5C4C126
:10D01000C0BFA6A5D7D7FFFFFFFFFFFFFFFFEBEBCA
:10D0200057575252999895959C9CA1A2A6A8A9AC35
:10D03000AEB0B2B47677FBFBFFFFFFFFFFFF4F4FB1
:10D0400058585050D5D4CFCDD2CFD4D2D6D5D9D7A9
:10D05000DCD9DEDCE1DDE2DFE5E2E6E3F1EF7D7D78
:10D06000FFFFFFFFFFFFF6F65555ED1CED1CED1C15
:10D07000ED1CED1CED1CF2ECF2EEF3EFF3F1F4EF2E
:10D08000F4F0F4F0F4F0F4F0F4F0F4F0F4F0F4F080
:10D09000F4F0F5F15453FFFF969656565354F3F0BF
:10D0A000EFECECEAECEAEBE7EBE6E9E6E8E64E4D1E
:10D0B000FFFFA1A158595151DCD9D6D3D3CFCFCD41
:10D0C000CCC9C9C7C6C4C4C25252B0B05A5A5151D1
:10D0D000B4B3AFAEABA9A6A5A3A1A09F9B9A979707
:10D0E0005151FFFFB5B558585150ABACACAEAFB1D4
:10D0F000B1B3B4B6B4B7B8B9BABDBEBFC1C2C2C38A
:10D10000C6C6C7C7CBCBCECED0CFD2D1D4D2D5D343
:10D11000D6D6DAD9DDDBDEDDDEDDB3B3FFFFFFFF20
:10D12000FFFFFFFFFFFFFFFFFFFFFFFFFFFFFFFF0F
:10D13000FFFFFFFFFFFFFFFFFFFFFFFFFFFFFFFFFF
:10D14000FFFFFFFFFFFFFFFFFFFFFFFFFFFFFFFFEF
:10D150004A4C585AD4CFF0EAF0EAEEE8EFE9EEE8AC
:10D16000ECE6ECE6FBF47275FFFFFFFFFFFFFFFF4D
:10D17000FFFF5355595BDDD9D4D0CFCCCCC9C8C63D
:10D18000C5C3C1BFBFBDA5A7D7D8FFFFFFFFFFFF26
:10D19000FFFFEBEA57595255989995979CA0A2A684
:10D1A000A8ADACB3B0BAB4BE777CFBFBFFFFFFFF0A
:10D1B000FFFF4F51585A5052D4DBCDD2CFD4D2D7E3
:10D1C000D5D9D7DAD9DBDCDDDDDEDFDFE2E0E3E194
:10D1D000EFEB7D7EFFFFFFFFFFFFF6F655571C24A8
:10D1E0001C241C241C241C241C24ECE8EEE8EFE77F
:10D1F000F1EBEFE9F0EAF0EAF0EAF0EAF0EAF0EA5F
:10D20000F0EAF0EAF0EAF1EB5356FFFF9698565831
:10D210005455F0E8ECE6EAE4EAE3E7E2E6E1E6E0CA
:10D22000E6E04D50FFFFA1A2595B5152D9D6D3D0B1
:10D23000CFCCCDC8C9C8C7C5C4C3C2BF5254B0B192
:10D240005A5C5152B3B3AEACA9AAA5A6A1A39F9EA6
:10D250009A9B97985154FFFFB5B6585A5052ACB3A9
:10D26000AEB4B1BAB3BEB6C2B7C4B9C6BDC6BFCA02
:10D27000C2CAC3CDC6CEC7CECBD1CED2CFD4D1D4E5
:10D28000D2D6D3D7D6D7D9DBDBDBDDDEDDDDB3B459
:10D29000FFFFFFFFFFFFFFFFFFFFFFFFFFFFFFFF9E
:10D2A000FFFFFFFFFFFFFFFFFFFFFFFFFFFFFFFF8E
:10D2B000FFFFFFFFFFFFFFFFFFFFFFFFFFFFFFFF7E
:10D2C000FFFFFFFF4A4A5858D6D4F4F0F4F0F4F0C8
:10D2D000F2EEF2EFF1EDF1ECFFFC7272FFFFFFFFF7
:10D2E000FFFFFFFFFFFF52525555E4E0D9D6D5D3DB
:10D2F000D2CFCFCCCBC8C7C5C4C2A8A8D7D7FFFF51
:10D30000FFFFFFFFFFFFEBEB575751529E9E92929C
:10D3100096969C9DA2A3A7A8AAABAEB07676FBFB7F
:10D32000FFFFFFFFFFFF535357575E5ECACACDCDC5
:10D33000D0CFD2D1D4D2D6D5DAD8DBD9DEDBE1DE7C
:10D34000E2E0E5E2EBE73F3FFFFFFFFFFFFFF6F61E
:10D350005555ED1CED1CED1CED1CED1CED1CF0EC11
:10D36000F2ECF2EECBC8FFFFF4F0F4F0F4F0F4F0DE
:10D37000F4F0F4F0F4F0F4F0F4F0F5F15453FFFFAE
:10D38000969656565353F3F0F1ECEFECECEAECEAD8
:10D39000EBE7EBE7EAE74E4EFFFFC2C258585051A9
:10D3A000DFDDD8D5D5D3D3D0CFCCCACAC8C6C7C580
:10D3B0005353B0B056564F4FB7B6B1B1AEADAAA8A1
:10D3C000A6A5A3A19F9E9B9A5151FFFFB5B55858A2
:10D3D0005151A7A8A8AAABADAFB1B3B5B4B6B5B813
:10D3E000B8BABBBCBEBFC1C2C3C4C5C5C9C9CCCC19
:10D3F000CDCED0CED2D0D5D3D5D3D8D6DBD9DCDAEA
:10D40000DDDCB3B3FFFFFFFFFFFFFFFFFFFFFFFF09
:10D41000FFFFFFFFFFFFFFFFFFFFFFFFFFFFFFFF1C
:10D42000FFFFFFFFFFFFFFFFFFFFFFFFFFFFFFFF0C
:10D43000FFFFFFFFFFFFFFFF4A4C585AD4CFF0EA2F
:10D44000F0EAF0EAEEE8EFE9EDE8ECE5FCF57275FC
:10D45000FFFFFFFFFFFFFFFFFFFF52545557E0DCC8
:10D46000D6D3D3CFCFCDCCC8C8C5C5C3C2BFA8A75C
:10D47000D7D8FFFFFFFFFFFFFFFFEBEA57595254DA
:10D480009E9D929396979DA0A3A7A8AFABB3B0B96A
:10D49000767AFBFBFFFFFFFFFFFF535557595E5F97
:10D4A000CAD0CDD3CFD4D1D4D2D6D5D9D8DAD9DB3E
:10D4B000DBDEDEDFE0DFE2E1E7E53F42FFFFFFFF2B
:10D4C000FFFFF6F655571C241C241C241C241C2486
:10D4D0001C24ECE6ECE8EEE8C8C3FFFAF0EAF0EA58
:10D4E000F0EAF0EAF0EAF0EAF0EAF0EAF0EAF1EB6A
:10D4F0005356FFFF969856585355F0EAECE6ECE683
:10D50000EAE4EAE3E7E2E7E2E7E14E50FFFFC2C305
:10D51000585A5154DDD8D5D2D3CFD0CCCCC9CAC8F3
:10D52000C6C5C5C25357B0B156584F51B6B6B1B1C2
:10D53000ADACA8A9A5A5A1A29E9E9A9B5153FFFFA1
:10D54000B5B6585A5153A8ADAAB1ADB5B1BAB5BF29
:10D55000B6C2B8C4BAC6BCC6BFCAC2CAC4CCC5CE9D
:10D56000C9CFCCD2CED2CED4D0D4D3D7D3D8D6D89C
:10D57000D9DBDADADCDDB3B4FFFFFFFFFFFFFFFF2B
:10D58000FFFFFFFFFFFFFFFFFFFFFFFFFFFFFFFFAB
:10D59000FFFFFFFFFFFFFFFFFFFFFFFFFFFFFFFF9B
:10D5A000FFFFFFFFFFFFFFFFFFFFFFFF4B4B585841
:10D5B000D6D4F4F0F4F0F4F0F3EFF3EFF2EEF1ED93
:10D5C000FFFC7272FFFFFFFFFFFFFFFFFFFF5555DC
:10D5D0005555E6E3DCD9D9D5D5D3D2CFCECACBC801
:10D5E000C7C4ABABD7D7FFFFFFFFFFFFFFFFDFDFF6
:10D5F00057575252A3A29898929297979C9DA2A394
:10D60000A6A8AAAC7475FBFBFFFFFFFF9D9D5858B1
:10D610005758B4B5C6C6CACACDCDD0CFD3D1D4D24F
:10D62000D7D6DAD8DBDADFDDE2DFE4E1E4E2A4A397
:10D63000F3F2FFFFFFFFF6F65555ED1CED1CED1C58
:10D64000ED1CED1CED1CEFECF0EDF2ECD6D24546F6
:10D65000FFFFF4F0F4F0F4F0F4F0F4F0F4F0F4F090
:10D66000F4F0F5F15453FFFF969656565353F4EFEA
:10D67000F1ECF1ECEFECECEBECE8EAE7ECE74E4E2A
:10D68000FFFFDCDC58584F50E2DFDAD9D8D5D5D2CD
:10D69000D3D0CFCCCBC9C8C75353919156564F4E18
:10D6A000BBBAB5B3B2B1ADACAAA8A8A5A2A1A09FC0
:10D6B0004E4EFFFFB5B558585252A2A3A5A6A8AA30
:10D6C000ACADAFB1B2B4B4B6B5B8B8BBBBBCBEBFFD
:10D6D000C1C1C2C4C6C6C9C9CBCBCDCECFCFD3D0B2
:10D6E000D5D3D6D5D8D7DBDADCDBB3B3FFFFFFFF6A
:10D6F000FFFFFFFFFFFFFFFFFFFFFFFFFFFFFFFF3A
:10D70000FFFFFFFFFFFFFFFFFFFFFFFFFFFFFFFF29
:10D71000FFFFFFFFFFFFFFFFFFFFFFFFFFFFFFFF19
:10D720004B4E585AD4CFF0EAF0EAF0EAEFE9EFE9CD
:10D73000EEE8EDE8FCF57275FFFFFFFFFFFFFFFF6E
:10D74000FFFF55575557E3DDD9D5D5D2D3CFCFCC31
:10D75000CAC8C8C5C4C2ABA9D7D8FFFFFFFFFFFF27
:10D76000FFFFDFDE57595254A2A2989992939799DE
:10D770009DA1A3A8A8AEACB3757AFBFBFFFFFFFF8A
:10D780009D9F585A585AB5BDC6CDCAD0CDD2CFD418
:10D79000D1D4D2D6D6D9D8DADADBDDDEDFDFE1DFED
:10D7A000E2E1A3A3F2F2FFFFFFFFF6F655571C24B8
:10D7B0001C241C241C241C241C24ECE6EDE6ECE8B0
:10D7C000D2CE4648FFF8F0EAF0EAF0EAF0EAF0EAF2
:10D7D000F0EAF0EAF0EAF1EB5356FFFF969856585C
:10D7E0005356EFE9ECE8ECE6ECE6EBE4E8E3E7E2DD
:10D7F000E7E24E50FFFFDCDC585A5052DFDBD9D550
:10D80000D5D2D2CFD0CDCCC9C9C7C7C553579193B4
:10D8100056584E51BABAB3B4B1B2ACADA8A9A5A589
:10D82000A1A29F9E4E4FFFFFB5B6585A5253A3A7D1
:10D83000A6ACAAB1ADB6B1BCB4BFB6C3B8C4BBC682
:10D84000BCC7BFC9C1CAC4CCC6CEC9CECBD1CED24B
:10D85000CFD4D0D4D3D7D5D9D7D9DADCDBDCB3B4A5
:10D86000FFFFFFFFFFFFFFFFFFFFFFFFFFFFFFFFC8
:10D87000FFFFFFFFFFFFFFFFFFFFFFFFFFFFFFFFB8
:10D88000FFFFFFFFFFFFFFFFFFFFFFFFFFFFFFFFA8
:10D89000FFFFFFFF4B4B5858D6D4F4F0F4F0F4F0F0
:10D8A000F4F0F4F0F3EFF2EFFFFD7272FFFFFFFF11
:10D8B000FFFFFFFFFFFF55555555E9E5DFDBDCD9DD
:10D8C000D9D5D4D2D2CFCECACBC7ACACD7D7FFFF35
:10D8D000FFFFFFFFFFFFD8D857575151A7A69D9CC8
:10D8E0009897929397979D9EA2A3A5A87373FBFB0D
:10D8F000FFFFFFFF494958584D4DC9CAC4C4C6C6A9
:10D90000C9C9CDCCD0CED3D0D5D3D7D6DAD8DDDBEC
:10D91000DEDDE1DEE4E0F2EF6B6BFFFFFFFFF6F62A
:10D920005555ED1CED1CED1CED1CED1CED1CECE843
:10D93000EFECF0EDD3D0B9B9494AFAF7F4F0F4F0CE
:10D94000F4F0F4F0F4F0F4F0F4F0F5F15353FFFFD9
:10D95000858556565353F5F1F0EDF1ECF1EBEFEC14
:10D96000EDEBECE9EDEA4E4EFFFFFFFF54544E4E57
:10D97000E6E5DDDADBD9D7D5D4D2D3D0CECACBCA4F
:10D980006262545456565353BEBDB9B8B4B4B1B123
:10D99000AEACA9A8A6A5A4A34647FFFFB5B55858A5
:10D9A00052529E9EA1A2A5A7A8AAACAEAFB1B2B496
:10D9B000B5B6BABCB8BABABDBEBFC1C1C4C3C6C68B
:10D9C000C9C9CBCBCECED0CED3D2D5D3D6D5D8D64F
:10D9D000DBD9B3B3FFFFFFFFFFFFFFFFFFFFFFFF39
:10D9E000FFFFFFFFFFFFFFFFFFFFFFFFFFFFFFFF47
:10D9F000FFFFFFFFFFFFFFFFFFFFFFFFFFFFFFFF37
:10DA0000FFFFFFFFFFFFFFFF4B4D585AD4CFF0EA57
:10DA1000F0EAF0EAF0EAF0EAEFE9EFE9FDF6727514
:10DA2000FFFFFFFFFFFFFFFFFFFF55575557E5E0E3
:10DA3000DBD8D9D5D5D3D2CECFCCCAC9C7C5ACAC2B
:10DA4000D7D8FFFFFFFFFFFFFFFFD8D8575951532B
:10DA5000A6A69C9D9798939397999EA1A3A8A8AEDC
:10DA60007377FBFBFFFFFFFF494B585A4D4ECAD25D
:10DA7000C4CCC6CEC9D0CCD2CED4D0D4D3D6D6D9AD
:10DA8000D8DADBDADDDEDEDFE0DFEFEC6B6EFFFF46
:10DA9000FFFFF6F655571C241C241C241C241C24B0
:10DAA0001C24E8E5ECE7EDE6D0CDB9BA4A4CF7F036
:10DAB000F0EAF0EAF0EAF0EAF0EAF0EAF0EAF1EB94
:10DAC0005355FFFF858756585356F1EBEDE7ECE8C9
:10DAD000EBE5ECE6EBE4E9E3EAE54E50FFFFFFFFA0
:10DAE00054564E51E5DFDAD7D9D5D5D1D2CED0CDE7
:10DAF000CAC9CAC86265545656585355BDBBB8B753
:10DB0000B4B4B1B1ACACA8A8A5A6A3A4474AFFFF82
:10DB1000B5B6585A52549EA0A2A6A7ADAAB1AEB6A9
:10DB2000B1BCB4BFB6C3BCC9BAC6BDC7BFC9C1C901
:10DB3000C3CCC6CEC9CFCBD1CED3CED4D2D6D3D6FA
:10DB4000D5D9D6DAD9DBB3B4FFFFFFFFFFFFFFFF64
:10DB5000FFFFFFFFFFFFFFFFFFFFFFFFFFFFFFFFD5
:10DB6000FFFFFFFFFFFFFFFFFFFFFFFFFFFFFFFFC5
:10DB7000FFFFFFFFFFFFFFFFFFFFFFFF4B4B58586B
:10DB8000D6D4F4F0F4F0F4F0F4F0F4F0F4F0F3EFB1
:10DB9000FFFE7272FFFFFFFFFFFFFFFFFFFF555504
:10DBA0005555EBE7E1DEDFDCDCD8DAD5D4D3D2CFD4
:10DBB000CECAB0B0D7D7FFFFFFFFFFFFFFFFD8D817
:10DBC00057575151ABAAA2A19C9B989792939798B3
:10DBD0009D9EA2A37173FBFBFFFFFFFF5454575799
:10DBE0006868BFC0C1C1C3C5C7C7CACACDCCCFCE84
:10DBF000D2D1D4D2D6D5DAD8DCDADEDCE3B4ED1C6F
:10DC0000ED1CED1CED1CED1CED1CED1CED1CED1CCC
:10DC1000ED1CED1CED1CED1CED1CED1CED1CED1CBC
:10DC2000C664696AF4F2F4F0F4F0F4F0F4F0F4F09D
:10DC3000F4F0F5F15353FFFF878756565353F5F130
:10DC4000F3EFEFEDF1ECF1EBEFEBEDEBEFEA4E4E36
:10DC5000FFFFFFFF4B4B4F4FEEEADFDEDDDADBD895
:10DC6000D8D5D5D3D2CFCFCB8585575757576564F5
:10DC7000BFBDBCBAB9B7B5B4B1B0ADACA9A8A9A87D
:10DC80003F3FFFFFB5B55858535398989C9CA1A1AE
:10DC9000A5A6A9AAACAFAFB1B3B55859BEC1B8BA21
:10DCA000BBBDBEBFC1C1B4B5CDCDC9C9CBCBCECD37
:10DCB000D0D0D3D2D5D2D6D5D7D6B3B3FFFFFFFFBE
:10DCC000FFFFFFFFFFFFFFFFFFFFFFFFFFFFFFFF64
:10DCD000FFFFFFFFFFFFFFFFFFFFFFFFFFFFFFFF54
:10DCE000FFFFFFFFFFFFFFFFFFFFFFFFFFFFFFFF44
:10DCF0004B4D585AD4CFF0EAF0EAF0EAF0EAF0EAF5
:10DD0000F0EAEFE9FEF77275FFFFFFFFFFFFFFFF8D
:10DD1000FFFF55575557E7E3DEDADCD8D8D4D5D422
:10DD2000D3CECFCCCAC9B0AED7D8FFFFFFFFFFFF1D
:10DD3000FFFFD8D857595153AAAAA1A19B9C9799E4
:10DD4000939498999EA2A3A77376FBFBFFFFFFFF16
:10DD500054565759686BC0CAC1C9C5CCC7CECAD0C2
:10DD6000CCD2CED4D1D4D2D7D5D8D8DADADBDCDE57
:10DD7000B4B71C241C241C241C241C241C241C2478
:10DD80001C241C241C241C241C241C241C241C2493
:10DD90001C241C2464686A6BF2ECF0EAF0EAF0EAF6
:10DDA000F0EAF0EAF0EAF1EB5355FFFF87885658A6
:10DDB0005356F1EBEFE9EDE7ECE7EBE5EBE6EBE4EF
:10DDC000EAE64E4FFFFFFFFF4B4D4F51EAE5DED92C
:10DDD000DAD6D8D4D5D2D3CFCFCCCBC985865759B4
:10DDE00057596467BDBCBABBB7B7B4B3B0B0ACAD3C
:10DDF000A8A8A8A83F41FFFFB5B6585A5355989B0D
:10DE00009CA0A1A5A6AAAAB1AFB7B1BCB5C0595AEA
:10DE1000C1CEBAC6BDC8BFC9C1C9B5BDCDD5C9CFB0
:10DE2000CBD2CDD2D0D5D2D6D2D6D5D9D6D9B3B4FD
:10DE3000FFFFFFFFFFFFFFFFFFFFFFFFFFFFFFFFF2
:10DE4000FFFFFFFFFFFFFFFFFFFFFFFFFFFFFFFFE2
:10DE5000FFFFFFFFFFFFFFFFFFFFFFFFFFFFFFFFD2
:10DE6000FFFFFFFF4B4B5858D6D4F4F0F4F0F4F01A
:10DE7000F4F0F4F0F4F0F3EFFFFE7272FFFFFFFF37
:10DE8000FFFFFFFFFFFF55555555EEE9E4E0E0DFEA
:10DE9000DFDCDCD9D9D6D5D2D0CEB1B0D7D7FFFF11
:10DEA000FFFFFFFFFFFFD8D857575151B0AFA4A4D1
:10DEB000A1A09C9A9797929298989D9D7071FBFB58
:10DEC000FFFF848458585858B2B5BABDBEBFC0C110
:10DED000C4C5C7C7CACACDCDD7D5D2D1D5D2D6D55C
:10DEE000DADADDDBEA45ED1CED1CED1CED1CED1C6A
:10DEF000ED1CED1CED1CED1CED1CED1CED1CED1CDA
:10DF0000ED1CED1CED1CED1CED1C6E6E9E9CF2F0EC
:10DF1000F4F0F4F0F4F0F4F0F4F0F5F15353FFFF03
:10DF2000878756565353F7F3F3EFF3EFEFEDF1EC2A
:10DF3000F1EBEFECF0ED4D4EFFFFFFFF5454545565
:10DF4000EAE8E2DFDFDDDDDADAD8D7D5D5D2D2CF25
:10DF5000D7D448494748CFCBC2BFBFBDBBBBB8B77A
:10DF6000B5B4B1B0ADACAFAF5B5BFFFFB5B5585862
:10DF70005353939398979D9DA0A2A5A7A8AAADAF30
:10DF8000B0B258585D5CB5B8B9BBBCBCCDCE515130
:10DF9000CBCBC6C6C9C9CBCCCECDD0D0D3D1D5D2B0
:10DFA000D6D5B3B3FFFFFFFFFFFFFFFFFFFFFFFF6C
:10DFB000FFFFFFFFFFFFFFFFFFFFFFFFFFFFFFFF71
:10DFC000FFFFFFFFFFFFFFFFFFFFFFFFFFFFFFFF61
:10DFD000FFFFFFFFFFFFFFFF4B4D585AD4CFF0EA82
:10DFE000F0EAF0EAF0EAF0EAF0EAEFE9FEF772753B
:10DFF000FFFFFFFFFFFFFFFFFFFF55575557E9E406
:10E00000E0DBDFDADCD7D9D4D6D3D2CFCECBB0B1F8
:10E01000D7D8FFFFFFFFFFFFFFFFD8D85759515355
:10E02000AFAEA4A5A0A09A9C97989293989A9DA110
:10E030007173FBFBFFFF8486585A5859B5BFBDC7A3
:10E04000BFC9C1C9C5CCC7CECAD0CDD2D5DBD1D509
:10E05000D2D5D5D8DADADBDC454C1C241C241C24B0
:10E060001C241C241C241C241C241C241C241C24B0
:10E070001C241C241C241C241C241C241C246E7002
:10E080009C9CF0EAF0EAF0EAF0EAF0EAF0EAF1EB60
:10E090005355FFFF878856585356F3ECEFE9EFE9E5
:10E0A000EDE7ECE7EBE5ECE6EDE74E50FFFFFFFFB9
:10E0B00054555557E8E4DFD9DDD8DAD6D8D4D5D1D0
:10E0C000D2CFCFCCD4D1494C484ACBCABFBFBDBCBC
:10E0D000BBBAB7B6B4B2B0B0ACADAFAE5B5CFFFF2D
:10E0E000B5B6585A53559394979A9DA0A2A7A7AD39
:10E0F000AAB2AFB7B2BD58595C5FB8C4BBC7BCC801
:10E10000CED85152CBD4C6CEC9CFCCD2CDD2D0D519
:10E11000D1D5D2D5D5D8B3B4FFFFFFFFFFFFFFFFA6
:10E12000FFFFFFFFFFFFFFFFFFFFFFFFFFFFFFFFFF
:10E13000FFFFFFFFFFFFFFFFFFFFFFFFFFFFFFFFEF
:10E14000FFFFFFFFFFFFFFFFFFFFFFFF4B4B585895
:10E15000D6D4F4F0F4F0F4F0F4F0F4F0F4F0F4F0D9
:10E16000FFFF7272FFFFFFFFFFFFFFFFFFFF55552D
:10E170005555EEECE7E3E4E0E0DFDFDBDCDAD8D5B1
:10E18000D4D1B5B3D7D7FFFFFFFFFFFFFFFFD8D82C
:10E1900057575151B5B3ABA9A4A4A1A09C9A979687
:10E1A000929298986E6FFBFBFFFF484858584E4E6E
:10E1B000BABCB7BABBBCBFC0C1C3C4C4C7C8CDCD4D
:10E1C0004C4ED3D2D3D2D4D3D7D6DBD8ED1CED1C52
:10E1D000ED1CED1CED1CED1CED1CED1CED1CED1CF7
:10E1E000ED1CED1CED1CED1CED1CED1CED1CED1CE7
:10E1F000ED1CFFFF4E4ED5D3F1EFF4F0F4F0F4F048
:10E20000F4F0F5F15353FFFF878756565353F6F258
:10E21000F3EFF3EFF3EFF0EEF1ECF1EBF2ED4D4E47
:10E22000FFFFFFFFCDCD5858B5B3E4E0E1DEDFDD01
:10E23000DDDADAD8D7D5D5D1D2CFD0CCCECBC8C6BF
:10E24000C5C3C2C0BFBDBABAB8B7B4B3B1B0A4A554
:10E25000B4B4FFFFB5B558585252989892939A9714
:10E260009D9EA2A3A6A7A9ABADAF5A5B56569EA092
:10E27000B6B8BDBE48485B5BC8C9C4C5C7C7CACA33
:10E28000CCCCCECED1D0D4D2D4D2B3B3FFFFFFFF0B
:10E29000FFFFFFFFFFFFFFFFFFFFFFFFFFFFFFFF8E
:10E2A000FFFFFFFFFFFFFFFFFFFFFFFFFFFFFFFF7E
:10E2B000FFFFFFFFFFFFFFFFFFFFFFFFFFFFFFFF6E
:10E2C0004B4D585AD4CFF0EAF0EAF0EAF0EAF0EA1F
:10E2D000F0EAF0EAFFF87275FFFFFFFFFFFFFFFFB4
:10E2E000FFFF55575557ECE7E3DDE0DBDFD9DBD720
:10E2F000DAD5D5D2D1CEB3B4D7D8FFFFFFFFFFFF19
:10E30000FFFFD8D857595153B3B3A9A9A4A4A0A0CB
:10E310009A9B96979293989A6F71FBFBFFFF484BDD
:10E32000585A4E4FBCC9BAC5BCC7C0C9C3CCC4CD6E
:10E33000C8CECDD34E4FD2D8D2D6D3D6D6D8D8DAAF
:10E340001C241C241C241C241C241C241C241C24CD
:10E350001C241C241C241C241C241C241C241C24BD
:10E360001C241C241C24FFFF4E4FD3D0EFEAF0EAFC
:10E37000F0EAF0EAF0EAF1EB5355FFFF87885658D0
:10E380005356F2ECEFE9EFE9EFE9EEE8ECE7EBE505
:10E39000EDE84E50FFFFFFFFCDCE585AB3B0E0DCA2
:10E3A000DEDADDD8DAD6D8D4D5D1D1CFCFCCCCCA2D
:10E3B000CBC8C6C4C3C1C0BFBDBCBAB9B7B6B3B27F
:10E3C000B0B0A5A5B4B5FFFFB5B6585A5255989848
:10E3D000939497999EA2A3A8A7ADABB2AFB75B5C8D
:10E3E0005658A0A9B8C4BECA48485B5CC9D2C5CDBE
:10E3F000C7CECACFCCD2CED3D0D4D2D6D2D6B3B455
:10E40000FFFFFFFFFFFFFFFFFFFFFFFFFFFFFFFF1C
:10E41000FFFFFFFFFFFFFFFFFFFFFFFFFFFFFFFF0C
:10E42000FFFFFFFFFFFFFFFFFFFFFFFFFFFFFFFFFC
:10E43000FFFFFFFF4B4B5858D6D4F4F0F4F0F4F044
:10E44000F4F0F4F0F4F0F4F0FFFF7272FFFFFFFF5E
:10E45000FFFFFFFFFFFF55555555F1EDE7E4E7E2FC
:10E46000E3DFE1DFDEDADAD9D8D5B7B5D6D6FFFFFC
:10E47000FFFFFFFFFFFFD8D857575050B9B7AEADD9
:10E48000A9A7A4A4A09F9B9A979691926C6CFBFB62
:10E49000F2F2565656567274B3B5B4B7B7BABBBD9E
:10E4A000BFC0C1C2C5C4D0D15050D3D4D0CFD3D2B5
:10E4B000D5D4D7D5EC26ED1CED1CED1CED1CED1CC8
:10E4C000ED1CED1CED1CED1CED1CED1CED1CED1C04
:10E4D000ED1CED1CED1CED1CED1CFFFFFFFF404093
:10E4E000F9F5F3F0F4F0F4F0F4F0F5F15353FFFF25
:10E4F000878756565353F6F2F4F0F4F0F3EFF3EF48
:10E50000F0EDF1EDF3ED4D4EFFFFFFFFFFFF454551
:10E510005454E9E4E3E0E1DEDFDDDCD9D9D8D7D437
:10E52000D4D1D2CFCECBCBC8C8C6C5C3C2BFBEBC68
:10E53000BAB9B8B6B4B45D5EFFFFFFFFB5B55858C1
:10E5400052529C9B9695929298989D9EA2A3A6A8A3
:10E55000ABAB5455FFFF5252C2C4757658585A5A45
:10E56000C6C7C1C2C4C5C7C7CACACCCCCECFD1CF1B
:10E57000D2D2B3B3FFFFFFFFFFFFFFFFFFFFFFFF9D
:10E58000FFFFFFFFFFFFFFFFFFFFFFFFFFFFFFFF9B
:10E59000FFFFFFFFFFFFFFFFFFFFFFFFFFFFFFFF8B
:10E5A000FFFFFFFFFFFFFFFF4B4D585AD4CFF0EAAC
:10E5B000F0EAF0EAF0EAF0EAF0EAF0EAFFF9727560
:10E5C000FFFFFFFFFFFFFFFFFFFF55575557EDE828
:10E5D000E4DFE2DDDFDCDFDADAD6D9D4D5D2B5B4D8
:10E5E000D6D7FFFFFFFFFFFFFFFFD8D85759505383
:10E5F000B7B8ADADA7A7A4A49F9F9A9B96979292F8
:10E600006C6FFBFBF2F2565856587477B5C0B7C31F
:10E61000BAC6BDC8C0CAC2CBC4CCD1D75052D4D759
:10E62000CFD5D2D6D4D6D5D7262D1C241C241C2435
:10E630001C241C241C241C241C241C241C241C24DA
:10E640001C241C241C241C241C241C241C24FFFF0C
:10E65000FFFF4042F5EFF0EAF0EAF0EAF0EAF1EB12
:10E660005355FFFF878856585356F2ECF0EAF0EA0C
:10E67000EFE9EFE9EDE7EDE7EDE74E50FFFFFFFFD4
:10E68000FFFF45475456E4DEE0DCDED9DDD8D9D5BE
:10E69000D8D3D4D1D1CECFCCCBC9C8C6C6C4C3C1C0
:10E6A000BFBFBCBBB9B9B6B5B4B25E5FFFFFFFFF79
:10E6B000B5B6585A52549B9C95969293989A9EA29E
:10E6C000A3A8A8AEABB45557FFFF5254C4D2767A74
:10E6D000585A5A5CC7D1C2CDC5CDC7CECACFCCD34C
:10E6E000CFD4CFD4D2D5B3B4FFFFFFFFFFFFFFFFDE
:10E6F000FFFFFFFFFFFFFFFFFFFFFFFFFFFFFFFF2A
:10E70000FFFFFFFFFFFFFFFFFFFFFFFFFFFFFFFF19
:10E71000FFFFFFFFFFFFFFFFFFFFFFFF4B4B5858BF
:10E72000D6D4F4F0F4F0F4F0F4F0F4F0F4F0F4F003
:10E73000FFFF8080FFFFFFFFFFFFFFFFFFFF55553B
:10E740005555F1EEEAE5E7E4E7E2E3DEE0DEDDDAA7
:10E75000D9D7B6B6E1E1FFFFFFFFFFFFFFFFD8D833
:10E7600057575050BDBBB2B1ACACA9A8A4A4A09F50
:10E770009A9A96956B6BFCFC727258585656AEB1CD
:10E78000B0B2B3B4B4B7B7BABCBDBFC0C1C37D7F6C
:10E7900057577E7ECECDD1D0D4D2D6D3E562ED1CF4
:10E7A000ED1CED1CED1CED1CED1CED1CED1CED1C21
:10E7B000ED1CED1CED1CED1CED1CED1CED1CED1C11
:10E7C000EF34FFFFFFFFFFFF3E3EFFFEF3F0F4F0EC
:10E7D000F4F0F5F15453FFFF878756565353F6F282
:10E7E000F4F0F4F0F3EFF3EFF3EFF0EDF3EF4D4E61
:10E7F000FFFFFFFFFFFFD1D15656F6F3E6E1E3DF5F
:10E80000E1DFDFDCDDDADAD7D6D4D4D1D1CECECB9E
:10E81000CBC8C8C6C5C3C1BFBEBCBAB8C1BF4747D5
:10E82000FFFFFFFFB3B3585852529F9E9999969598
:10E8300092939A999D9DA3A4A6A95455FFFFC0C089
:10E8400052526A6A53535A5AC4C5C0C1C2C2C5C5DE
:10E85000C8C8CACACDCDCFCED0CFB2B2FFFFFFFF5E
:10E86000FFFFFFFFFFFFFFFFFFFFFFFFFFFFFFFFB8
:10E87000FFFFFFFFFFFFFFFFFFFFFFFFFFFFFFFFA8
:10E88000FFFFFFFFFFFFFFFFFFFFFFFFFFFFFFFF98
:10E890004B4D585AD4CFF0EAF0EAF0EAF0EAF0EA49
:10E8A000F0EAF0EAFFF98081FFFFFFFFFFFFFFFFC3
:10E8B000FFFF55575557EEE8E5E0E4DFE2DDDEDB2C
:10E8C000DED9DAD6D7D3B6B5E1E2FFFFFFFFFFFF0F
:10E8D000FFFFD8D857595052BBBBB1B1ACACA8A7B9
:10E8E000A4A39F9F9A9A95966B6BFCFB7273585AE0
:10E8F0005658B1B9B2BCB4C0B7C4BAC5BDC8C0CA15
:10E90000C3CB7F8257597E81CDD2D0D5D2D6D3D733
:10E9100062671C241C241C241C241C241C241C246E
:10E920001C241C241C241C241C241C241C241C24E7
:10E930001C241C24343BFFFFFFFFFFFF3E40FEF87A
:10E94000F0EAF0EAF0EAF1EB5356FFFF87885658F9
:10E950005356F2ECF0EAF0EAEFE9EFE9EFE9EDE720
:10E96000EFE84E50FFFFFFFFFFFFD1D15659F3ED07
:10E97000E1DDDFDBDFD9DCD7DAD6D7D4D4D0D1CE16
:10E98000CECCCBC9C8C5C6C3C3C0BFBEBCBBB8B95B
:10E99000BFBF4749FFFFFFFFB3B4585A52549E9F71
:10E9A000999995959394999B9DA2A4A9A9AF555621
:10E9B000FFFFC0C152546A6B53555A5CC5D0C1CBDE
:10E9C000C2CCC5CDC8CFCAD0CDD3CED3CFD4B2B4AC
:10E9D000FFFFFFFFFFFFFFFFFFFFFFFFFFFFFFFF47
:10E9E000FFFFFFFFFFFFFFFFFFFFFFFFFFFFFFFF37
:10E9F000FFFFFFFFFFFFFFFFFFFFFFFFFFFFFFFF27
:10EA0000FFFFFFFF4B4B5858D6D4F4F0F4F0F4F06E
:10EA1000F4F0F4F0F4F0F4F0FFFF8181FFFFFFFF6A
:10EA2000FFFFFFFFFFFF55555555F3F1EAE8EAE612
:10EA3000E7E4E7E1E2DFDFDDDCD9B9B9E0E0FFFFE1
:10EA4000FFFFFFFFFFFFD8D857574F50C1BFB5B4E6
:10EA5000B1B0ADACA8A7A4A29F9E9B9A6B6BFFFF21
:10EA60004A4A58585050ACADADAFB2B4B2B5B5B8D3
:10EA7000B9BBBBBCC6C74A4A51514B4BD2D2CECE12
:10EA8000D1D0D4D1D6D3D8D6DBD9E8E75454F8F8CE
:10EA900055555051C5C1C4C1CCC8D2CFD8D2DCD88D
:10EAA000E0DBE4E0C3C1E7E7FFFFFFFFFFFFFFFF9D
:10EAB000F2F24142FFFBF3F0F4F0F6F24B4CFFFFB1
:10EAC000878756565353F6F2F4F0F4F0F4F0F3EF70
:10EAD000F3EFF3EFF3F04C4DFFFFFFFFFFFFFFFFFE
:10EAE00067676060E7E4E7E1E4E0E0DFDFDDDCD911
:10EAF000D9D6D6D3D3CFD1CECDCACBC7C9C5C4C33F
:10EB0000C1C0BEBC6F6FF8F8FFFFFFFFA4A4585848
:10EB10005151A3A29D9C99999594929299989E9FE8
:10EB2000A4A35456FFFFFFFFAFAFFFFF52525A5A44
:10EB3000C1C1BDBEC0C1C2C2C4C5C8C8CBCBCDCD8A
:10EB4000CECEB1B1FFFFFFFFFFFFFFFFFFFFFFFFD3
:10EB5000FFFFFFFFFFFFFFFFFFFFFFFFFFFFFFFFC5
:10EB6000FFFFFFFFFFFFFFFFFFFFFFFFFFFFFFFFB5
:10EB7000FFFFFFFFFFFFFFFF4B4D585AD4CFF0EAD6
:10EB8000F0EAF0EAF0EAF0EAF0EAF0EAFFF981836D
:10EB9000FFFFFFFFFFFFFFFFFFFF55575557F1E94D
:10EBA000E8E3E6E1E4DFE1DDDFDADDD8D9D6B9B7C5
:10EBB000E0E1FFFFFFFFFFFFFFFFD8D8575950529A
:10EBC000BFBEB4B4B0B0ACACA7A7A2A39E9F9A9BA3
:10EBD0006B6DFFFF4A4C585A5052ADB5AFB7B4BD3C
:10EBE000B5C1B8C4BBC7BCC8C7D14A4C51544B4CC3
:10EBF000D2D8CED2D0D4D1D6D3D7D6D8D9DBE7E8A5
:10EC00005455F8F855575153C1C4C1C2C8C8CFCDE7
:10EC1000D2D1D8D5DBD9E0DCC1BEE7E7FFFFFFFFEB
:10EC2000FFFFFFFFF2F34245FBF4F0EAF0EAF2EBFC
:10EC30004C4FFFFF878856585356F2ECF0EAF0EA43
:10EC4000F0EAEFE9EFE9EFE9F0EA4D4FFFFFFFFFF0
:10EC5000FFFFFFFF676A6062E4DFE1DDE0DCDFD930
:10EC6000DDD8D9D5D6D4D3D0CFCDCECCCAC8C7C5A0
:10EC7000C5C3C3BFC0BEBCBB6F71F8F9FFFFFFFFC8
:10EC8000A4A5585A5153A2A39C9D999994959293E7
:10EC9000989A9FA3A3A85657FFFFFFFFAFB0FFFFAF
:10ECA00052545A5CC1CCBEC9C1CBC2CCC5CDC8CEB2
:10ECB000CBD1CDD2CED5B1B2FFFFFFFFFFFFFFFF1B
:10ECC000FFFFFFFFFFFFFFFFFFFFFFFFFFFFFFFF54
:10ECD000FFFFFFFFFFFFFFFFFFFFFFFFFFFFFFFF44
:10ECE000FFFFFFFFFFFFFFFFFFFFFFFF4B4B5858EA
:10ECF000D6D2F2F0F4F0F4F0F4F0F4F0F4F0F4F032
:10ED0000FFFF8181FFFFFFFFFFFFFFFFFFFF555563
:10ED10005555F5F1ECEAEAE7EAE5E6E3E5E2E3DE9C
:10ED2000DFDEBBBAE0E0FFFFFFFFFFFFFFFFD8D849
:10ED300057574E50C6C3BAB9B5B3B1AFADACA8A61C
:10ED4000A3A3A09F6D6CE4E4575756587C7CA4A6FF
:10ED5000A8AAADAEB0B2B4B5B5B8B9BBB0B0CCCC62
:10ED6000BDBD5656C2C4CCCCCECED1CFD4D2D5D4D4
:10ED7000D8D6DCDA5A5AFFFF55554F4FBCB9BEBA48
:10ED8000C5C2CDC9D2CED7D3DBD7E0DCC2BFE7E75F
:10ED9000FFFFFFFFFFFFFFFFFFFFCDCD5151F9F454
:10EDA000F4F0F6F24D4DFFFF878756565353F6F2B7
:10EDB000F4F0F4F0F4F0F4F0F2EEF3EFF5F14A4A87
:10EDC000FFFFFFFFFFFFFFFFFFFF6060C0BEE5E248
:10EDD000E6E2E3DEE1DFE0DCDDD9D9D7D5D3D3D07D
:10EDE000D1CECDCBCBC8C7C5C4C2B8B76767FFFF0C
:10EDF000FFFFFFFFA4A458585151A6A6A1A09D9CB7
:10EE00009998959492929A9A9E9E5555FFFFFFFF6E
:10EE1000FFFFFFFF52525A5ABCBFBABBBDBEC0C0B3
:10EE2000C1C4C4C5C8C8CACACCCCCBCBFFFFFFFF86
:10EE3000FFFFFFFFFFFFFFFFFFFFFFFFFFFFFFFFE2
:10EE4000FFFFFFFFFFFFFFFFFFFFFFFFFFFFFFFFD2
:10EE5000FFFFFFFFFFFFFFFFFFFFFFFFFFFFFFFFC2
:10EE60004B4D585AD2CFF0EAF0EAF0EAF0EAF0EA75
:10EE7000F0EAF0EAFFF98183FFFFFFFFFFFFFFFFEA
:10EE8000FFFF55575557F1EDEAE3E7E2E5E0E3DE32
:10EE9000E2DEDEDADED9BAB9E0E1FFFFFFFFFFFF15
:10EEA000FFFFD8D857595052C3C2B9B8B3B5AFB0A5
:10EEB000ACACA6A7A3A49F9F6C6DE4E45759585A25
:10EEC0007C7FA6ABAAB1AEB7B2BCB5C2B8C3BBC655
:10EED000B0B9CCCDBDBF5658C4C8CCD3CED3CFD497
:10EEE000D2D6D4D7D6D8DADD5A5CFFFF55574F516A
:10EEF000B9BDBABCC2C3C9C9CECDD3D1D7D5DCD870
:10EF0000BFBEE7E7FFFFFFFFFFFFFFFFFFFFCDCD26
:10EF10005154F4EEF0EAF2EB4D50FFFF878856585B
:10EF20005356F2ECF0EAF0EAF0EAF0EAEEE8EFE944
:10EF3000F1EB4A4DFFFFFFFFFFFFFFFFFFFF6062A6
:10EF4000BEBCE2DDE2DDDEDBDFDADCD8D9D5D7D34B
:10EF5000D3CFD0CDCECBCBC9C8C5C5C2C2C0B7B642
:10EF60006768FFFFFFFFFFFFA4A5585A5153A6A6ED
:10EF7000A0A09C9D989A949592939A9B9EA2555678
:10EF8000FFFFFFFFFFFFFFFF52545A5CBFCBBBC523
:10EF9000BEC9C0CBC4CDC5CEC8CECAD0CCD4CBCCD4
:10EFA000FFFFFFFFFFFFFFFFFFFFFFFFFFFFFFFF71
:10EFB000FFFFFFFFFFFFFFFFFFFFFFFFFFFFFFFF61
:10EFC000FFFFFFFFFFFFFFFFFFFFFFFFFFFFFFFF51
:10EFD000FFFFFFFF4B4B5858E6E2F3EEF2F0F4F080
:10EFE000F4F0F4F0F4F0F4F0FFFF8181FFFFFFFF95
:10EFF000FFFFFFFFFFFF55555353FAF5ECEAEDE92C
:10F00000E9E7E9E5E5E3E5E2E2DEBDBCE0E0FFFFDC
:10F01000FFFFFFFFFFFFD8D857574E4FC9C7BDBBF3
:10F02000B8B8B5B4B0B0ACABA9A7A4A26F6E61611B
:10F0300058585656A0A19FA1A5A6A9AAADADB0B398
:10F04000B4B5B6B94D4EFFFFFFFF4E4E6566C9C958
:10F05000CBCCCECDD1D0D3D1D5D4D8D6C7C6BDBDDB
:10F0600056564F50B2B1B5B4BEBAC5C3CECAD3CF4F
:10F07000D7D3DAD8BFBCE7E7FFFFFFFFFFFFFFFFF3
:10F08000FFFFFFFF97977778F4EFF6F24D4DFFFF04
:10F09000868656565253F6F2F4F0F4F0F4F0F4F09B
:10F0A000F4F0F3EFF5F14A4AFFFFFFFFFFFFFFFF28
:10F0B000FFFFFFFF4D4DC0BEE6E4E6E2E3DFE0DD2B
:10F0C000DFDCDCD9D8D6D6D4D4D1D0CECDCCCBC809
:10F0D000BDBA4141FFFFFFFFFFFFFFFFA4A4585847
:10F0E0005151ABAAA4A3A1A09D9C989894939494E9
:10F0F0009B9A5455FFFFFFFFFFFFFFFF52525A5AE2
:10F10000BABDB7B9BABBBDBEC1C1C2C4C5C6C7C707
:10F11000C9CACACAFFFFFFFFFFFFFFFFFFFFFFFFD4
:10F12000FFFFFFFFFFFFFFFFFFFFFFFFFFFFFFFFEF
:10F13000FFFFFFFFFFFFFFFFFFFFFFFFFFFFFFFFDF
:10F14000FFFFFFFFFFFFFFFF4B4D585AE2DCEEE7EA
:10F15000F0EAF0EAF0EAF0EAF0EAF0EAFFF9818397
:10F16000FFFFFFFFFFFFFFFFFFFF55575355F5EF71
:10F17000EAE3E9E4E7E2E5E0E3DEE2DDDEDABCBBB8
:10F18000E0E1FFFFFFFFFFFFFFFFD8D857594F52C5
:10F19000C7C5BBBBB8B6B4B4B0B0ABABA7A6A2A34F
:10F1A0006E706163585A5658A1A4A1A4A6ABAAB226
:10F1B000ADB8B3BDB5C2B9C54E4FFFFFFFFF4E504E
:10F1C0006668C9D0CCD2CDD2D0D5D1D7D4D8D6D8F4
:10F1D000C6C8BDBF56585051B1B5B4B7BABEC3C307
:10F1E000CAC9CFCED3D2D8D6BCBCE7E7FFFFFFFF5A
:10F1F000FFFFFFFFFFFFFFFF97997879EFE9F2EB41
:10F200004D50FFFF868756585355F2ECF0EAF0EA6E
:10F21000F0EAF0EAF0EAEFE9F1EB4A4DFFFFFFFF19
:10F22000FFFFFFFFFFFFFFFF4D50BEBCE4DFE2DE4C
:10F23000DFDBDDDADCD8D9D5D6D3D4D0D1CECECB76
:10F24000CCCAC8C6BAB94144FFFFFFFFFFFFFFFFAA
:10F25000A4A5585A5153AAA9A3A4A0A09C9D9898CC
:10F26000939494959A9C5557FFFFFFFFFFFFFFFF74
:10F2700052545A5CBDCAB9C6BBC5BEC8C1CBC4CD09
:10F28000C6CEC7CECAD0CACBFFFFFFFFFFFFFFFF2E
:10F29000FFFFFFFFFFFFFFFFFFFFFFFFFFFFFFFF7E
:10F2A000FFFFFFFFFFFFFFFFFFFFFFFFFFFFFFFF6E
:10F2B000FFFFFFFFFFFFFFFFFFFFFFFF4B4B585814
:10F2C000E6E2F2EEF3EFF3F0F4F0F4F0F4F0F4F041
:10F2D000FFFF8181FFFFFFFFFFFFFFFFFFFF4343B2
:10F2E0005353FFFFFFFAFCF9FCF6F9F4F7F2F5F1DE
:10F2F000F3EFCAC8E0E0FFFFFFFFFFFFFFFFFFFFE4
:10F3000045455050D7D4CCCAC7C5C2C2BDBCB8B79A
:10F31000B4B3AFAE73728E8E5757555597979E9E66
:10F32000A4A5A8ABADAFB1B4B6B8BFC27272FFFFAF
:10F33000FFFFA9A95150D5D5D0D0D3D3D6D6D9D790
:10F34000DCD9DDDBEBE9555546465050AAAAAFAEF5
:10F35000BBB8C5C1CDC8D5D0DAD6DFDBC2C0E7E7C0
:10F36000FFFFFFFFFFFFFFFFFFFFFFFFFFFF7070CB
:10F37000B1B0FFFB4E4EFFFFF1F150505757FFFF6A
:10F38000FFFFFFFFFFFFFFFFFFFFFFFFFFFF4B4CF4
:10F39000FFFFFFFFFFFFFFFFFFFFFFFFFFFF87876D
:10F3A0005252F3F1E9E6E3DEDFDEDEDBDBD9D9D66C
:10F3B000D6D4D6D3DFDC5C5D6D6DFFFFFFFFFFFFB2
:10F3C000FFFFFFFFFFFF4D4D5050B7B5AFAEABA9EC
:10F3D000A7A5A2A09E9D9A9799995757FFFFFFFF57
:10F3E000FFFFFFFF52525A5AB9BCB5B8B7BABABC00
:10F3F000BEBFC1C1C3C4C5C5C8C8CACAFFFFFFFFDD
:10F40000FFFFFFFFFFFFFFFFFFFFFFFFFFFFFFFF0C
:10F41000FFFFFFFFFFFFFFFFFFFFFFFFFFFFFFFFFC
:10F42000FFFFFFFFFFFFFFFFFFFFFFFFFFFFFFFFEC
:10F430004B4D585AE2DFEEE8EFE8F0EAF0EAF0EA86
:10F44000F0EAF0EAFFF98183FFFFFFFFFFFFFFFF14
:10F45000FFFF43455355FFFEFAF3F9F1F6F0F4EFE1
:10F46000F2ECF1ECEFEAC8C5E0E1FFFFFFFFFFFFC0
:10F47000FFFFFFFF45475053D4D0CAC8C5C4C2BF21
:10F48000BCBAB7B7B3B3AEAE72738E8E5759555779
:10F4900097999EA1A5AAABB0AFB6B4BCB8C3C2D071
:10F4A0007274FFFFFFFFA9A85052D5DFD0D6D3D981
:10F4B000D6DBD7DCD9DEDBE0E9EC555846485052C4
:10F4C000AAB0AEB3B8BBC1C3C8CAD0CFD6D5DBD9FA
:10F4D000C0BFE7E7FFFFFFFFFFFFFFFFFFFFFFFFEB
:10F4E000FFFF7071B0AEFBF44E51FFFFF1F15051D0
:10F4F000575AFFFAFFF8FFF8FFF8FFF8FFF8FFF898
:10F50000FFF84C4FFFFFFFFFFFFFFFFFFFFFFFFF75
:10F51000FFFF87875255F1ECE6E1DEDADED8DBD774
:10F52000D9D5D6D3D4D0D3D0DCD75D606D6FFFFFF3
:10F53000FFFFFFFFFFFFFFFFFFFF4D4F5052B5B42E
:10F54000AEADA9AAA5A6A0A19D9E9798999A575934
:10F55000FFFFFFFFFFFFFFFF52545A5CBCC8B8C358
:10F56000BAC6BCC7BFC9C1CAC4CCC5CEC8CFCACB36
:10F57000FFFFFFFFFFFFFFFFFFFFFFFFFFFFFFFF9B
:10F58000FFFFFFFFFFFFFFFFFFFFFFFFFFFFFFFF8B
:10F59000FFFFFFFFFFFFFFFFFFFFFFFFFFFFFFFF7B
:10F5A000FFFFFFFF4B4B5858E7E3F2ECF3EFF3EEAE
:10F5B000F3F0F4F0F4F0F4F0FFFF8181FFFFFFFFC0
:10F5C000FFFFFFFFFFFFFFFF4C4C4A4A4A4A4A4AEF
:10F5D0004A4A4A4A4A4A4A4A4A4A4D4DDEDEFFFFF3
:10F5E000FFFFFFFFFFFFFFFFFFFF4D4D4B4C4C4C5C
:10F5F0004C4C4C4C4D4C4D4C4D4D4D4D4D4DFFFFDD
:10F600008F8F52524C4C4C4C4B4B4B4B4A4A4A4AB4
:10F610004A4A4949FCFCFFFFFFFFFFFFACAC4949E8
:10F6200049484848484848484848484848474A4A56
:10F63000FFFF3B3B3A3A3A3A3939393938393737AB
:10F64000373737373939E2E2FFFFFFFFFFFFFFFFB0
:10F65000FFFFFFFFFFFFFFFF6A6A35363535FFFF0B
:10F66000FFFFF5F53D3D3A3A3A3A3A3A3A3A3A3AF4
:10F670003A3A3A3A3A3A3434FFFFFFFFFFFFFFFFCE
:10F68000FFFFFFFFFFFFFFFFFFFF6C6B34356F6F66
:10F69000A6A6BCB9BEBBA7A5727137385D5DFFFFDA
:10F6A000FFFFFFFFFFFFFFFFFFFFFFFFFFFFFFFF6A
:10F6B0003D3D3C3C3C3C3D3D3D3D3D3D3D3D3D3D7E
:10F6C0003D3D3B3BFFFFFFFFFFFFFFFF52525A5AFA
:10F6D000B7BAB4B6B4B7B8BABBBDBEBFC1C2C2C375
:10F6E000C5C6CACAFFFFFFFFFFFFFFFFFFFFFFFF07
:10F6F000FFFFFFFFFFFFFFFFFFFFFFFFFFFFFFFF1A
:10F70000FFFFFFFFFFFFFFFFFFFFFFFFFFFFFFFF09
:10F71000FFFFFFFFFFFFFFFF4B4D585AE3DDECE813
:10F72000EFE8EEE8F0EAF0EAF0EAF0EAFFF98183C8
:10F73000FFFFFFFFFFFFFFFFFFFFFFFF4C4F4A4CA4
:10F740004A4C4A4C4A4C4A4C4A4C4A4C4A4C4D4E04
:10F75000DEDFFFFFFFFFFFFFFFFFFFFFFFFF4D4F5C
:10F760004C4D4C4D4C4E4C4E4C4F4C4F4D4F4D4FC5
:10F770004D4FFFFF8F9152534C4E4C4D4B4D4B4CC8
:10F780004A4B4A4B4A4B494AFCFBFFFFFFFFFFFF36
:10F79000ACAC494A484A484A484A48494849484915
:10F7A00047494A4CFFFF3B3D3A3C3A3C393B393BE9
:10F7B000393B373A373A3739393CE2E2FFFFFFFF4E
:10F7C000FFFFFFFFFFFFFFFFFFFFFFFF6A6B363802
:10F7D0003537FFFFFFFFF5F53D3F3A3C3A3C3A3CF9
:10F7E0003A3C3A3C3A3C3A3C3A3C3436FFFFFFFF65
:10F7F000FFFFFFFFFFFFFFFFFFFFFFFFFFFF6B6C40
:10F8000035386F70A6A5B9B7BBB8A5A57173383ADE
:10F810005D5FFFFFFFFFFFFFFFFFFFFFFFFFFFFF3A
:10F82000FFFFFFFF3D403C3F3C3F3D3F3D3F3D3FF5
:10F830003D3F3D3F3D403B3DFFFFFFFFFFFFFFFFE3
:10F8400052545A5CBAC5B6C2B7C4BAC6BDC6BFC95F
:10F85000C2CAC3CCC6CECACBFFFFFFFFFFFFFFFF6C
:10F86000FFFFFFFFFFFFFFFFFFFFFFFFFFFFFFFFA8
:10F87000FFFFFFFFFFFFFFFFFFFFFFFFFFFFFFFF98
:10F88000FFFFFFFFFFFFFFFFFFFFFFFF4B4B58583E
:10F89000E5E2F1ECF2ECF3EFF3EEF3F0F4F0F4F078
:10F8A000FFFF8383FFFFFFFFFFFFFFFFFFFFFFFF60
:10F8B000FFFFFFFFFFFFFFFFFFFFFFFFFFFFFFFF58
:10F8C000FFFFFFFFFFFFFFFFFFFFFFFFFFFFFFFF48
:10F8D000FFFFFFFFFFFFFFFFFFFFFFFFFFFFFFFF38
:10F8E000FFFFFFFFFFFFFFFFFFFFFFFFFFFFFFFF28
:10F8F000FFFFFFFFFFFFFFFFFFFFFFFFFFFFFFFF18
:10F90000FFFFFFFFFFFFFFFFFFFFFFFFFFFFFFFF07
:10F91000FFFFFFFFFFFFFFFFFFFFFFFFFFFFFFFFF7
:10F92000FFFFFFFFFFFFFFFFFFFFFFFFFFFFFFFFE7
:10F93000FFFFFFFFFFFFFFFFFFFFFFFFFFFFFFFFD7
:10F94000FFFFFFFFFFFFFFFFFFFFFFFFFFFFFFFFC7
:10F95000FFFFFFFFFFFFFFFFFFFFFFFFFFFFFFFFB7
:10F96000FFFFFFFFFFFFFFFFFFFFFFFFFFFFFFFFA7
:10F97000FFFFFFFFFFFFFFFFFBFBDBDBDBDBF5F543
:10F98000FFFFFFFFFFFFFFFFFFFFFFFFFFFFFFFF87
:10F99000FFFFFFFFFFFFFFFFFFFFFFFFFFFFFFFF77
:10F9A000FFFFFFFFFFFFFFFFFFFFFFFFFFFFFFFF67
:10F9B000FFFFFFFF52525959B5B7B2B3B4B6B5B74E
:10F9C000B7BABBBDBEBFC1C2C3C4CACAFFFFFFFF37
:10F9D000FFFFFFFFFFFFFFFFFFFFFFFFFFFFFFFF37
:10F9E000FFFFFFFFFFFFFFFFFFFFFFFFFFFFFFFF27
:10F9F000FFFFFFFFFFFFFFFFFFFFFFFFFFFFFFFF17
:10FA00004B4D585AE2DDECE6ECE8EFE8EEE8F0EAC0
:10FA1000F0EAF0EAFFFA8384FFFFFFFFFFFFFFFF3A
:10FA2000FFFFFFFFFFFFFFFFFFFFFFFFFFFFFFFFE6
:10FA3000FFFFFFFFFFFFFFFFFFFFFFFFFFFFFFFFD6
:10FA4000FFFFFFFFFFFFFFFFFFFFFFFFFFFFFFFFC6
:10FA5000FFFFFFFFFFFFFFFFFFFFFFFFFFFFFFFFB6
:10FA6000FFFFFFFFFFFFFFFFFFFFFFFFFFFFFFFFA6
:10FA7000FFFFFFFFFFFFFFFFFFFFFFFFFFFFFFFF96
:10FA8000FFFFFFFFFFFFFFFFFFFFFFFFFFFFFFFF86
:10FA9000FFFFFFFFFFFFFFFFFFFFFFFFFFFFFFFF76
:10FAA000FFFFFFFFFFFFFFFFFFFFFFFFFFFFFFFF66
:10FAB000FFFFFFFFFFFFFFFFFFFFFFFFFFFFFFFF56
:10FAC000FFFFFFFFFFFFFFFFFFFFFFFFFFFFFFFF46
:10FAD000FFFFFFFFFFFFFFFFFFFFFFFFFFFFFFFF36
:10FAE000FFFFFFFFFFFFFFFFFFFFFFFFFBFCDBDB75
:10FAF000DBDCF5F5FFFFFFFFFFFFFFFFFFFFFFFF71
:10FB0000FFFFFFFFFFFFFFFFFFFFFFFFFFFFFFFF05
:10FB1000FFFFFFFFFFFFFFFFFFFFFFFFFFFFFFFFF5
:10FB2000FFFFFFFFFFFFFFFF5254595BB7C1B3BE9A
:10FB3000B6C1B7C3BAC6BDC7BFC9C2C9C4CDCACB97
:10FB4000FFFFFFFFFFFFFFFFFFFFFFFFFFFFFFFFC5
:10FB5000FFFFFFFFFFFFFFFFFFFFFFFFFFFFFFFFB5
:10FB6000FFFFFFFFFFFFFFFFFFFFFFFFFFFFFFFFA5
:10FB7000FFFFFFFF4B4B5858E3DFEFEBF0ECF2ECED
:10FB8000F3EFF3EEF3F0F4F0FFFF8484FFFFFFFFE9
:10FB9000FFFFFFFFFFFFFFFFFFFFFFFFFFFFFFFF75
:10FBA000FFFFFFFFFFFFFFFFFFFFFFFFFFFFFFFF65
:10FBB000FFFFFFFFFFFFFFFFFFFFFFFFFFFFFFFF55
:10FBC000FFFFFFFFFFFFFFFFFFFFFFFFFFFFFFFF45
:10FBD000FFFFFFFFFFFFFFFFFFFFFFFFFFFFFFFF35
:10FBE000FFFFFFFFFFFFFFFFFFFFFFFFFFFFFFFF25
:10FBF000FFFFFFFFFFFFFFFFFFFFFFFFFFFFFFFF15
:10FC0000FFFFFFFFFFFFFFFFFFFFFFFFFFFFFFFF04
:10FC1000FFFFFFFFFFFFFFFFFFFFFFFFFFFFFFFFF4
:10FC2000FFFFFFFFFFFFFFFFFFFFFFFFFFFFFFFFE4
:10FC3000FFFFFFFFFFFFFFFFFFFFFFFFFFFFFFFFD4
:10FC4000FFFFFFFFFFFFFFFFFFFFFFFFFFFFFFFFC4
:10FC5000FFFFFFFFFFFFFFFFFFFFFFFFFFFFFFFFB4
:10FC6000FFFFFFFFFFFFFFFFFFFFFFFFFFFFFFFFA4
:10FC7000FFFFFFFFFFFFFFFFFFFFFFFFFFFFFFFF94
:10FC8000FFFFFFFFFFFFFFFFFFFFFFFFFFFFFFFF84
:10FC9000FFFFFFFFFFFFFFFFFFFFFFFF525259591A
:10FCA000B2B3AEB1B2B4B3B6B5B8B9BBBBBDBEBFEB
:10FCB000C3C4CACAFFFFFFFFFFFFFFFFFFFFFFFF35
:10FCC000FFFFFFFFFFFFFFFFFFFFFFFFFFFFFFFF44
:10FCD000FFFFFFFFFFFFFFFFFFFFFFFFFFFFFFFF34
:10FCE000FFFFFFFFFFFFFFFF4B4D585ADFDBEBE647
:10FCF000ECE6ECE8EFE8EEE8F0EAF0EAFFFA8485FB
:10FD0000FFFFFFFFFFFFFFFFFFFFFFFFFFFFFFFF03
:10FD1000FFFFFFFFFFFFFFFFFFFFFFFFFFFFFFFFF3
:10FD2000FFFFFFFFFFFFFFFFFFFFFFFFFFFFFFFFE3
:10FD3000FFFFFFFFFFFFFFFFFFFFFFFFFFFFFFFFD3
:10FD4000FFFFFFFFFFFFFFFFFFFFFFFFFFFFFFFFC3
:10FD5000FFFFFFFFFFFFFFFFFFFFFFFFFFFFFFFFB3
:10FD6000FFFFFFFFFFFFFFFFFFFFFFFFFFFFFFFFA3
:10FD7000FFFFFFFFFFFFFFFFFFFFFFFFFFFFFFFF93
:10FD8000FFFFFFFFFFFFFFFFFFFFFFFFFFFFFFFF83
:10FD9000FFFFFFFFFFFFFFFFFFFFFFFFFFFFFFFF73
:10FDA000FFFFFFFFFFFFFFFFFFFFFFFFFFFFFFFF63
:10FDB000FFFFFFFFFFFFFFFFFFFFFFFFFFFFFFFF53
:10FDC000FFFFFFFFFFFFFFFFFFFFFFFFFFFFFFFF43
:10FDD000FFFFFFFFFFFFFFFFFFFFFFFFFFFFFFFF33
:10FDE000FFFFFFFFFFFFFFFFFFFFFFFFFFFFFFFF23
:10FDF000FFFFFFFFFFFFFFFFFFFFFFFFFFFFFFFF13
:10FE0000FFFFFFFFFFFFFFFFFFFFFFFFFFFFFFFF02
:10FE10005254595BB3BBB1BAB4BEB6C2B8C4BBC6C8
:10FE2000BDC8BFCAC4CDCACBFFFFFFFFFFFFFFFFA6
:10FE3000FFFFFFFFFFFFFFFFFFFFFFFFFFFFFFFFD2
:10FE4000FFFFFFFFFFFFFFFFFFFFFFFFFFFFFFFFC2
:10FE5000FFFFFFFFFFFFFFFFFFFFFFFF4B4B585868
:10FE6000E0DDEBE8EFEBF1EDF2ECF3EFF3EEF4F0C5
:10FE7000FFFF8484FFFFFFFFFFFFFFFFFFFFFFFF88
:10FE8000FFFFFFFFFFFFFFFFFFFFFFFFFFFFFFFF82
:10FE9000FFFFFFFFFFFFFFFFFFFFFFFFFFFFFFFF72
:10FEA000FFFFFFFFFFFFFFFFFFFFFFFFFFFFFFFF62
:10FEB000FFFFFFFFFFFFFFFFFFFFFFFFFFFFFFFF52
:10FEC000FFFFFFFFFFFFFFFFFFFFFFFFFFFFFFFF42
:10FED000FFFFFFFFFFFFFFFFFFFFFFFFFFFFFFFF32
:10FEE000FFFFFFFFFFFFFFFFFFFFFFFFFFFFFFFF22
:10FEF000FFFFFFFFFFFFFFFFFFFFFFFFFFFFFFFF12
:10FF0000FFFFFFFFFFFFFFFFFFFFFFFFFFFFFFFF01
:10FF1000FFFFFFFFFFFFFFFFFFFFFFFFFFFFFFFFF1
:10FF2000FFFFFFFFFFFFFFFFFFFFFFFFFFFFFFFFE1
:10FF3000FFFFFFFFFFFFFFFFFFFFFFFFFFFFFFFFD1
:10FF4000FFFFFFFFFFFFFFFFFFFFFFFFFFFFFFFFC1
:10FF5000FFFFFFFFFFFFFFFFFFFFFFFFFFFFFFFFB1
:10FF6000FFFFFFFFFFFFFFFFFFFFFFFFFFFFFFFFA1
:10FF7000FFFFFFFFFFFFFFFFFFFFFFFFFFFFFFFF91
:10FF8000FFFFFFFF52525959AEB0ACADAFB1B1B4A3
:10FF9000B5B6B5B8B9BABCBCB1B3CACAFFFFFFFFAA
:10FFA000FFFFFFFFFFFFFFFFFFFFFFFFFFFFFFFF61
:10FFB000FFFFFFFFFFFFFFFFFFFFFFFFFFFFFFFF51
:10FFC000FFFFFFFFFFFFFFFFFFFFFFFFFFFFFFFF41
:10FFD0004B4D585ADDD7E8E4EBE6EDE6ECE8EFE808
:10FFE000EEE8F0EAFFFA8485FFFFFFFFFFFFFFFF67
:10FFF000FFFFFFFFFFFFFFFFFFFFFFFFFFFFFFFF11
:020000024000BC
:10000000FFFFFFFFFFFFFFFFFFFFFFFFFFFFFFFF00
:10001000FFFFFFFFFFFFFFFFFFFFFFFFFFFFFFFFF0
:10002000FFFFFFFFFFFFFFFFFFFFFFFFFFFFFFFFE0
:10003000FFFFFFFFFFFFFFFFFFFFFFFFFFFFFFFFD0
:10004000FFFFFFFFFFFFFFFFFFFFFFFFFFFFFFFFC0
:10005000FFFFFFFFFFFFFFFFFFFFFFFFFFFFFFFFB0
:10006000FFFFFFFFFFFFFFFFFFFFFFFFFFFFFFFFA0
:10007000FFFFFFFFFFFFFFFFFFFFFFFFFFFFFFFF90
:10008000FFFFFFFFFFFFFFFFFFFFFFFFFFFFFFFF80
:10009000FFFFFFFFFFFFFFFFFFFFFFFFFFFFFFFF70
:1000A000FFFFFFFFFFFFFFFFFFFFFFFFFFFFFFFF60
:1000B000FFFFFFFFFFFFFFFFFFFFFFFFFFFFFFFF50
:1000C000FFFFFFFFFFFFFFFFFFFFFFFFFFFFFFFF40
:1000D000FFFFFFFFFFFFFFFFFFFFFFFFFFFFFFFF30
:1000E000FFFFFFFFFFFFFFFFFFFFFFFFFFFFFFFF20
:1000F000FFFFFFFFFFFFFFFF5254595BB0B7ADB5E5
:10010000B1BBB4BEB6C2B8C4BAC7BCC8B3BACACB16
:10011000FFFFFFFFFFFFFFFFFFFFFFFFFFFFFFFFEF
:10012000FFFFFFFFFFFFFFFFFFFFFFFFFFFFFFFFDF
:10013000FFFFFFFFFFFFFFFFFFFFFFFFFFFFFFFFCF
:10014000FFFFFFFF4B4B5A5ADEDBEAE7EDE8EFEB30
:10015000F1ECF2ECF3EFF3EEFFFF8484FFFFFFFF1F
:10016000FFFFFFFFFFFFFFFFFFFFFFFFFFFFFFFF9F
:10017000FFFFFFFFFFFFFFFFFFFFFFFFFFFFFFFF8F
:10018000FFFFFFFFFFFFFFFFFFFFFFFFFFFFFFFF7F
:10019000FFFFFFFFFFFFFFFFFFFFFFFFFFFFFFFF6F
:1001A000FFFFFFFFFFFFFFFFFFFFFFFFFFFFFFFF5F
:1001B000FFFFFFFFFFFFFFFFFFFFFFFFFFFFFFFF4F
:1001C000FFFFFFFFFFFFFFFFFFFFFFFFFFFFFFFF3F
:1001D000FFFFFFFFFFFFFFFFFFFFFFFFFFFFFFFF2F
:1001E000FFFFFFFFFFFFFFFFFFFFFFFFFFFFFFFF1F
:1001F000FFFFFFFFFFFFFFFFFFFFFFFFFFFFFFFF0F
:10020000FFFFFFFFFFFFFFFFFFFFFFFFFFFFFFFFFE
:10021000FFFFFFFFFFFFFFFFFFFFFFFFFFFFFFFFEE
:10022000FFFFFFFFFFFFFFFFFFFFFFFFFFFFFFFFDE
:10023000FFFFFFFFFFFFFFFFFFFFFFFFFFFFFFFFCE
:10024000FFFFFFFFFFFFFFFFFFFFFFFFFFFFFFFFBE
:10025000FFFFFFFFFFFFFFFFFFFFFFFFFFFFFFFFAE
:10026000FFFFFFFFFFFFFFFFFFFFFFFF5252595944
:10027000ABACA9AAACAEAEB1B2B4B4B6B5B9B9BA6A
:10028000AFB3CACAFFFFFFFFFFFFFFFFFFFFFFFF84
:10029000FFFFFFFFFFFFFFFFFFFFFFFFFFFFFFFF6E
:1002A000FFFFFFFFFFFFFFFFFFFFFFFFFFFFFFFF5E
:1002B000FFFFFFFFFFFFFFFF4B4D5A5CDBD7E7E17E
:1002C000E8E4EBE6ECE6ECE8EFE8EEE8FFFA84853C
:1002D000FFFFFFFFFFFFFFFFFFFFFFFFFFFFFFFF2E
:1002E000FFFFFFFFFFFFFFFFFFFFFFFFFFFFFFFF1E
:1002F000FFFFFFFFFFFFFFFFFFFFFFFFFFFFFFFF0E
:10030000FFFFFFFFFFFFFFFFFFFFFFFFFFFFFFFFFD
:10031000FFFFFFFFFFFFFFFFFFFFFFFFFFFFFFFFED
:10032000FFFFFFFFFFFFFFFFFFFFFFFFFFFFFFFFDD
:10033000FFFFFFFFFFFFFFFFFFFFFFFFFFFFFFFFCD
:10034000FFFFFFFFFFFFFFFFFFFFFFFFFFFFFFFFBD
:10035000FFFFFFFFFFFFFFFFFFFFFFFFFFFFFFFFAD
:10036000FFFFFFFFFFFFFFFFFFFFFFFFFFFFFFFF9D
:10037000FFFFFFFFFFFFFFFFFFFFFFFFFFFFFFFF8D
:10038000FFFFFFFFFFFFFFFFFFFFFFFFFFFFFFFF7D
:10039000FFFFFFFFFFFFFFFFFFFFFFFFFFFFFFFF6D
:1003A000FFFFFFFFFFFFFFFFFFFFFFFFFFFFFFFF5D
:1003B000FFFFFFFFFFFFFFFFFFFFFFFFFFFFFFFF4D
:1003C000FFFFFFFFFFFFFFFFFFFFFFFFFFFFFFFF3D
:1003D000FFFFFFFFFFFFFFFFFFFFFFFFFFFFFFFF2D
:1003E0005254595BACB2AAB2AEB6B1BBB4BFB6C23E
:1003F000B9C5BAC7B3BACACBFFFFFFFFFFFFFFFF04
:10040000FFFFFFFFFFFFFFFFFFFFFFFFFFFFFFFFFC
:10041000FFFFFFFFFFFFFFFFFFFFFFFFFFFFFFFFEC
:10042000FFFFFFFFFFFFFFFFFFFFFFFF4D4D5B5C87
:10043000DAD6E7E4E9E7ECE9EEECF0EDF1EDF3EF25
:10044000FFFF8484FFFFFFFFFFFFFFFFFFFFFFFFB2
:10045000FFFFFFFFFFFFFFFFFFFFFFFFFFFFFFFFAC
:10046000FFFFFFFFFFFFFFFFFFFFFFFFFFFFFFFF9C
:10047000FFFFFFFFFFFFFFFFFFFFFFFFFFFFFFFF8C
:10048000FFFFFFFFFFFFFFFFFFFFFFFFFFFFFFFF7C
:10049000FFFFFFFFFFFFFFFFFFFFFFFFFFFFFFFF6C
:1004A000FFFFFFFFFFFFFFFFFFFFFFFFFFFFFFFF5C
:1004B000FFFFFFFFFFFFFFFFFFFFFFFFFFFFFFFF4C
:1004C000FFFFFFFFFFFFFFFFFFFFFFFFFFFFFFFF3C
:1004D000FFFFFFFFFFFFFFFFFFFFFFFFFFFFFFFF2C
:1004E000FFFFFFFFFFFFFFFFFFFFFFFFFFFFFFFF1C
:1004F000FFFFFFFFFFFFFFFFFFFFFFFFFFFFFFFF0C
:10050000FFFFFFFFFFFFFFFFFFFFFFFFFFFFFFFFFB
:10051000FFFFFFFFFFFFFFFFFFFFFFFFFFFFFFFFEB
:10052000FFFFFFFFFFFFFFFFFFFFFFFFFFFFFFFFDB
:10053000FFFFFFFFFFFFFFFFFFFFFFFFFFFFFFFFCB
:10054000FFFFFFFFFFFFFFFFFFFFFFFFFFFFFFFFBB
:10055000FFFFFFFF52525959A6A8A5A7A9AAACAF01
:10056000B0B1B1B4B3B6B5B9AEB0CACAFFFFFFFF00
:10057000FFFFFFFFFFFFFFFFFFFFFFFFFFFFFFFF8B
:10058000FFFFFFFFFFFFFFFFFFFFFFFFFFFFFFFF7B
:10059000FFFFFFFFFFFFFFFFFFFFFFFFFFFFFFFF6B
:1005A0004D4F5C5ED6D4E4E0E7E1E9E3ECE6EDE64E
:1005B000EDE8EFE7FFF98485FFFFFFFFFFFFFFFF97
:1005C000FFFFFFFFFFFFFFFFFFFFFFFFFFFFFFFF3B
:1005D000FFFFFFFFFFFFFFFFFFFFFFFFFFFFFFFF2B
:1005E000FFFFFFFFFFFFFFFFFFFFFFFFFFFFFFFF1B
:1005F000FFFFFFFFFFFFFFFFFFFFFFFFFFFFFFFF0B
:10060000FFFFFFFFFFFFFFFFFFFFFFFFFFFFFFFFFA
:10061000FFFFFFFFFFFFFFFFFFFFFFFFFFFFFFFFEA
:10062000FFFFFFFFFFFFFFFFFFFFFFFFFFFFFFFFDA
:10063000FFFFFFFFFFFFFFFFFFFFFFFFFFFFFFFFCA
:10064000FFFFFFFFFFFFFFFFFFFFFFFFFFFFFFFFBA
:10065000FFFFFFFFFFFFFFFFFFFFFFFFFFFFFFFFAA
:10066000FFFFFFFFFFFFFFFFFFFFFFFFFFFFFFFF9A
:10067000FFFFFFFFFFFFFFFFFFFFFFFFFFFFFFFF8A
:10068000FFFFFFFFFFFFFFFFFFFFFFFFFFFFFFFF7A
:10069000FFFFFFFFFFFFFFFFFFFFFFFFFFFFFFFF6A
:1006A000FFFFFFFFFFFFFFFFFFFFFFFFFFFFFFFF5A
:1006B000FFFFFFFFFFFFFFFFFFFFFFFFFFFFFFFF4A
:1006C000FFFFFFFFFFFFFFFF5254595BA8ACA7AB32
:1006D000AAB1AFB6B1BBB4BFB6C3B9C5B0B8CACB87
:1006E000FFFFFFFFFFFFFFFFFFFFFFFFFFFFFFFF1A
:1006F000FFFFFFFFFFFFFFFFFFFFFFFFFFFFFFFF0A
:10070000FFFFFFFFFFFFFFFFFFFFFFFFFFFFFFFFF9
:10071000FFFFFFFF4E4E5B5CD6D3E4E0E8E4EAE780
:10072000ECE8EFECF0EDF1EDFFFF8484FFFFFFFF5D
:10073000FFFFFFFFFFFF5252575757575757575763
:100740005757575757575757575757575757575739
:100750005757575757575757575757575757575729
:100760005757575757575757575757575757575719
:100770005757575757575757575757575757575709
:1007800057575757575757575757575757575757F9
:1007900057575757575757575757575757575757E9
:1007A00057575757575757575757575757575757D9
:1007B00057575757575757575757575757575757C9
:1007C00057575757575757575757575757575757B9
:1007D00057575757575757575757575757575757A9
:1007E0005757575757575757575757575757575799
:1007F0005757575757575757575757575757575789
:100800005757575757575757575757575757575778
:100810005757575757575757575757575757575768
:100820005757575757575757575757575757575758
:100830005353F8F8FFFFFFFFFFFFFFFF52525959D4
:10084000A1A1A2A3A5A7A9AAADAEB0B2B3B5B5B7F1
:10085000ACAFCACAFFFFFFFFFFFFFFFFFFFFFFFFB5
:10086000FFFFFFFFFFFFFFFFFFFFFFFFFFFFFFFF98
:10087000FFFFFFFFFFFFFFFFFFFFFFFFFFFFFFFF88
:10088000FFFFFFFFFFFFFFFF4E505C5ED3CFE0DCBA
:10089000E4E0E7E1E8E4ECE6EDE6EDE8FFF8848586
:1008A000FFFFFFFFFFFFFFFFFFFF5254575957594C
:1008B00057595759575957595759575957595759B8
:1008C00057595759575957595759575957595759A8
:1008D0005759575957595759575957595759575998
:1008E0005759575957595759575957595759575988
:1008F0005759575957595759575957595759575978
:100900005759575957595759575957595759575967
:100910005759575957595759575957595759575957
:100920005759575957595759575957595759575947
:100930005759575957595759575957595759575937
:100940005759575957595759575957595759575927
:100950005759575957595759575957595759575917
:100960005759575957595759575957595759575907
:1009700057595759575957595759575957595759F7
:1009800057595759575957595759575957595759E7
:1009900057595759575957595759575957595759D7
:1009A000575957595355F8F8FFFFFFFFFFFFFFFF57
:1009B0005254595BA1A6A3A7A7ACAAB2AEB7B2BCCA
:1009C000B5C0B7C3AFB8CACBFFFFFFFFFFFFFFFF44
:1009D000FFFFFFFFFFFFFFFFFFFFFFFFFFFFFFFF27
:1009E000FFFFFFFFFFFFFFFFFFFFFFFFFFFFFFFF17
:1009F000FFFFFFFFFFFFFFFFFFFFFFFF4E4E5B5CB0
:100A0000D0CDDFDBE4E0E7E3EBE7EDE9EFECF0EDA1
:100A1000FFFF8484FFFFFFFFFFFFFFFFFFFF4F4F3C
:100A20005959565656565656565656565656565660
:100A30005656565656575657565756575657565750
:100A4000565756575657565756575657565756573E
:100A5000565756575657565756575657575757572C
:100A60005757575757575757575757575757575716
:100A700057585758575857585758575857585758FE
:100A800057585758575857585758575857585758EE
:100A900058585858585858585858585858585858D6
:100AA00058585858585858585858585858585858C6
:100AB00058585858585858585858585858585858B6
:100AC00058585758575857585758575857585758AD
:100AD000575857585758575857585758575857589E
:100AE0005758575857585758575857585757575790
:100AF0005757575757575757575757575657565788
:100B0000565756575657565756575657565756567E
:100B1000565656565656555655565656FFFFFFFFD3
:100B2000FFFFFFFF525259599D9D9D9DA1A2A6A76F
:100B3000A9AAADAFB0B2B4B5AAADCACAFFFFFFFF54
:100B4000FFFFFFFFFFFFFFFFFFFFFFFFFFFFFFFFB5
:100B5000FFFFFFFFFFFFFFFFFFFFFFFFFFFFFFFFA5
:100B6000FFFFFFFFFFFFFFFFFFFFFFFFFFFFFFFF95
:100B70004E505C5ECDCBDBD7E0DDE3DFE7E1E9E5BE
:100B8000ECE7EDE6FFF88485FFFFFFFFFFFFFFFFC7
:100B9000FFFF4F51595B565856585658565856589D
:100BA00056585659565956595759575957595759CA
:100BB00057595759575957595759575957595759B5
:100BC00057595759575957595759575957595759A5
:100BD0005759575957595759575957595759575995
:100BE00057595759585958595859585A585A585A7C
:100BF000585A585A585A585A585A585A585A585A65
:100C0000585A585A585A585A585A585A585A585A54
:100C1000585A585A585A585A585A585A585A585A44
:100C2000585A585A585A585A585A585A585A585A34
:100C3000585A585A585A585A585A585A585A585A24
:100C4000585A585A585A585A585A585A585A585A14
:100C5000585A585A585A585A585A585A5859585906
:100C60005759575957595759575957595759575904
:100C700057595759575957595759575957595759F4
:100C800057595658565856585658565856585658F2
:100C9000FFFFFFFFFFFFFFFF5255595B9D9E9DA188
:100CA000A2A6A7ADAAB2AFB8B2BCB5C0ADB7CACB09
:100CB000FFFFFFFFFFFFFFFFFFFFFFFFFFFFFFFF44
:100CC000FFFFFFFFFFFFFFFFFFFFFFFFFFFF7A7A3E
:100CD0008585858588889595FFFFFFFFFFFFCDCD32
:100CE000FFFFFFFF4E4E5B5CCCC7D9D6E0DBE4E1F3
:100CF000E8E3EBE7ECE9EFEBFFFE8484FFFFFFFFA7
:100D0000FFFFFFFFFFFF4F4F585AFFFFFFFBFDFBA9
:100D1000FCF7FBF6FBF5F8F4F5F1F5F0F2EDF1EC8C
:100D2000EDEAECE8EAE5E9E4E8E3E6E2E5DFE3DE64
:100D3000E1DDE0DBDEDADBD7DBD6D8D4D7D1D4D126
:100D4000D2CED0CDCFCACDCACBC8C9C6C8C4C5C201
:100D5000C4C1C1BFC1BDBEBBBCBAB9B7B7B6B5B4DB
:100D6000B4B3B1B1AFAFAEADABABAAA8A7A7A7A5BF
:100D7000A4A4A2A29EA09D9E9B9D9A9B97989697A5
:100D80009396949696969596959895979597959708
:100D900095979697969796989899989998999899DB
:100DA000989A999A9A9B9B9B9C9C9B9D9C9E9C9D90
:100DB0009E9F9F9EA1A0A2A1A3A5A3A3A6A6A6A80D
:100DC000A9A9AAAAABABAEAEAEB0B1B1B3B2B4B33F
:100DD000B7B6B8B8BBBBBDBCC0BFC3C1C6C4C8C62C
:100DE000CBC8CDCBCFCED4D2D6D5DAD8DEDCE1DFBE
:100DF000E6E2E7E6EDEBF1F0F7F6FCFAFFFFFFFFC6
:100E0000FFFF7C7CFFFFFFFFFFFFFFFF535359599C
:100E1000979799989D9EA1A3A6A7AAABAFAEB0B293
:100E2000A9ACCACAFFFFFFFFFFFFFFFFFFFFFFFFE5
:100E3000FFFFFFFFFFFFFFFFFFFFFFFFFFFFFFFFC2
:100E4000FFFF7A7C85878587888B9597FFFFFFFF5B
:100E5000FFFFCDCDFFFFFFFF4E505C5EC7C7D6D46E
:100E6000DBD8E1DDE3E0E7E1E9E5EBE7FEF88485E7
:100E7000FFFFFFFFFFFFFFFFFFFF4F515A5CFFFB2C
:100E8000FBF5FBF2F7F3F6F2F5EEF4EEF1EDF0EA36
:100E9000EDE9ECE9EAE6E8E5E5E2E4E3E3E0E2E0F7
:100EA000DFDEDEDDDDDBDBDADAD8D7D7D6D6D4D6A7
:100EB000D1D2D1D1CED0CDCECACCCACCC8CAC6C868
:100EC000C4C7C2C4C1C4BFC3BDC0BBBFBABEB7BB29
:100ED000B6BBB4B8B3B8B1B4AFB4ADB2ABB0A8AEF2
:100EE000A7AEA5ACA4AAA2A9A0A79EA69DA59BA1BA
:100EF00098A097A0969E969F969F969F989F97A042
:100F000097A097A097A097A097A098A099A099A123
:100F100099A199A19AA29AA29BA29BA49CA39DA5E8
:100F20009EA69DA59FA79EA6A0A8A1A9A5ABA3AC80
:100F3000A6ADA8AEA9AFAAB0ABB1AEB3B0B5B1B6CD
:100F4000B2B8B3B8B6BBB8BDBBBFBCC0BFC3C1C5E8
:100F5000C4C8C6CAC8CDCBCECED0D2D4D5D6D8D9A7
:100F6000DCDCDFE0E2E2E6E6EBE9F0EEF6F3FAF7EE
:100F7000FFFAFFFFFFFF7C7DFFFFFFFFFFFFFFFF8B
:100F80005355595B9798989A9EA2A3A7A7ADABB368
:100F9000AEB8B2BCACB5CACBFFFFFFFFFFFFFFFF8F
:100FA000FFFFFFFFFFFFFFFFFFFFFFFFFFFFFFFF51
:100FB000FFFFFFFFFFFF31315757575746464B4B57
:100FC000F9F9FFFFFFFF3F3FFFFFFFFF4E4E5B5C66
:100FD000C7C3D5D1D9D6E0DCE5E1E8E5EBE8ECE83C
:100FE000FFFD8484FFFFFFFFFFFFFFFFFFFF515165
:100FF000585AF4EFECE9ECE8EAE8E9E5E8E4E7E27E
:10100000E5E1E3DFE2DEE0DCDFDBDCD8DAD7D9D50F
:10101000D8D4D8D3D5D3D4D0D2CFD3CED1CCCFCBB4
:10102000CCC8CBC7C9C6C8C4C8C3C4C1C3C0C2BD6D
:10103000C0BCBFBBBCB9BCB8B9B7B8B5B6B3B6B223
:10104000B3B0B0AFAEADADACABAAAAA8A7A7A6A6E9
:10105000A4A3A3A3A2A09F9F9D9E9C9C9B9B9898AA
:1010600097989496949391928F918E908F9190915E
:101070009090909290929092909290929092919261
:101080009192919292939293929292949293949538
:1010900094959495949795979697979999989999E7
:1010A0009A9A9C9D9C9C9E9E9EA0A0A1A1A2A3A357
:1010B000A4A4A6A6A7A7A9A9AAA8ACACAEAEB1AF96
:1010C000B2B2B4B3B7B6BAB8BBBABDBCC1BEC2C285
:1010D000C6C4C9C7CBCACECCD2CFD6D2D7D6DBDA1C
:1010E000DFDEE4E3E7E6EDEBF1F06F6FFFFFFFFF1C
:1010F000FFFFFFFF535359599B9A939299999E9ED4
:10110000A3A4A7A8AAABADAFA7AACACAFFFFFFFFB7
:10111000FFFFFFFFFFFFFFFFFFFFFFFFFFFFFFFFDF
:10112000FFFFFFFFFFFFFFFFFFFF31335759575905
:1011300046494B4CF9FAFFFFFFFF3F41FFFFFFFF1E
:101140004E505C5EC3C2D1CFD6D5DCD8E1DDE5E13F
:10115000E8E2E8E5FDF78485FFFFFFFFFFFFFFFF03
:10116000FFFF51535A5CEFEAE9E4E8E3E8E1E5E226
:10117000E4E1E2DDE1DDDFDCDEDADCD9DBD8D8D6A4
:10118000D7D5D5D3D4D3D3D1D3D0D0D0CFCFCECD44
:10119000CCCBCBCAC8C9C7C7C6C8C4C5C3C4C1C3E2
:1011A000C0C1BDBFBCBEBBBDB9BCB8BBB7BAB5B88A
:1011B000B3B7B2B5B0B3AFB4ADB1ACB0AAAEA8AC32
:1011C000A7ABA6ABA3A8A3A7A0A59FA49EA49CA2DF
:1011D0009BA1989F989F969D939B929A919A909885
:1011E00091999199909992999299929A929A929AA8
:1011F000929A929A929A929A9399939B929A949C89
:10120000939C959C959C959C979E979E979E99A044
:10121000989F99A09AA29DA29CA39EA4A0A5A1A6D6
:10122000A2A7A3A9A4A9A6ABA7ACA9ADA8AEACB12F
:10123000AEB2AFB3B2B6B3B7B6B9B8BBBABEBCC044
:10124000BEC1C2C4C4C6C7C9CACACCCDCFD1D2D10F
:10125000D6D6DAD9DEDDE3E1E6E5EBE8F0EC6F7057
:10126000FFFFFFFFFFFFFFFF5355595B9A9B9293D0
:10127000999B9EA2A4A7A8ADABB4AFB8AAB1CACBA4
:10128000FFFFFFFFFFFFFFFFFFFFFFFFFFFFFFFF6E
:10129000FFFFFFFFFFFFFFFFFFFFFFFFFFFFFFFF5E
:1012A00049494545FFFF4A4A4444FFFF3E3E4848FE
:1012B000FFFFFFFF4E4E5B5CC0BCCFCBD5D1DAD673
:1012C000E0DCE5E1E9E5EAE7FFFB8484FFFFFFFFFF
:1012D000FFFFFFFFFFFF5151585AF5F1ECE8ECE931
:1012E000ECE8E9E8E9E5E8E5E6E2E5E1E4E0E2DDAD
:1012F000DFDDDFDBDCD8DBD7D9D4D9D4D8D3D6D265
:10130000D3CFD3CFD1CED1CCD0CCCCC8CCC8C9C50B
:10131000C8C4C6C3C4C1C3C0C1BDC0BDBEBBBCBAC6
:10132000BCB7B9B6B8B6B5B4B5B2B3B0B1AFAFAD7E
:10133000ACABABABA9A9A7A8A6A6A5A4A3A3A2A042
:10134000A09F9E9D9D9C9B9B979997989497939403
:1013500090918F918E908F91909190919092909288
:101360009092909290929092919291929293929365
:10137000929392929294939394959595959694972F
:10138000959796979799999899999A9A9B9D9C9CCD
:101390009E9E9EA0A0A0A1A2A2A3A5A5A5A6A7A728
:1013A000A9A9AAA9ADACAEADB1B0B2B1B5B3B7B64B
:1013B000BAB8BBBABEBCC0BEC2C1C6C4C8C7CACA1E
:1013C000CECDD1D0D6D2D7D6DBDADFDEE3E3E8E785
:1013D000EDEB6667FFFFFFFFFFFFFFFF5353595918
:1013E000A09E9595929299999E9EA3A3A7A8AAAB19
:1013F000A6A7CACAFFFFFFFFFFFFFFFFFFFFFFFF18
:10140000FFFFFFFFFFFFFFFFFFFFFFFFFFFFFFFFEC
:10141000FFFFFFFF494B4549FFFF4A4B4446FFFF93
:101420003E41484AFFFFFFFF4E505C5EBCBDCBCA49
:10143000D1CFD6D4DCD8E1DDE5E1E7E2FBF5848568
:10144000FFFFFFFFFFFFFFFFFFFF51535A5CF1EC6F
:10145000E8E3E9E4E8E3E8E0E5E2E5E1E2DEE1DD56
:10146000E0DBDDDADDDADBD8D8D6D7D5D4D3D4D4F7
:10147000D3D1D2D1CFD0CFCFCECDCCCBCCCAC8C98F
:10148000C8C8C5C8C4C5C3C4C1C3C0C2BDBFBDBF31
:10149000BBBDBABCB7BBB6B9B6B8B4B7B2B5B0B3DA
:1014A000AFB4ADB1ABB0ABAFA9ADA8AAA6ABA4A980
:1014B000A3A6A0A59FA59DA49CA29BA1999F989F30
:1014C000979E949B9199919A9098919991999199BD
:1014D0009299929A929A929A929A929A929A929AAD
:1014E000939A9399939B929A949C939C959C959C88
:1014F000969D979E979E979E99A0989F99A09AA136
:101500009DA29CA39EA4A0A6A0A6A2A7A3A8A5A9AD
:10151000A6ABA7ACA9AEA9AEACB1ADB2B0B3B1B5F4
:10152000B3B8B6B9B8BBBABEBCC0BEC2C1C3C4C6EC
:10153000C7C8CACBCDCED0D1D2D2D6D5DAD9DEDD8E
:10154000E3E0E7E4EBE86769FFFFFFFFFFFFFFFF72
:101550005355595B9E9F95969293999C9EA2A3A9E1
:10156000A8AEABB3A7AECACBFFFFFFFFFFFFFFFFE5
:10157000FFFFFFFFFFFFFFFFFFFFFFFFFFFFFFFF7B
:10158000FFFFFFFFFFFFFFFF49494545FFFF4A4AB5
:101590005858484858584848FFFFFFFF4E4E5B5C7C
:1015A000B9B4C8C4CFCBD6D0DAD7DFDAE5E0E8E407
:1015B000FDFA8484FFFFFFFFFFFFFFFFFFFF515194
:1015C000585AF7F3EFECECE8ECE9ECE8E9E8E9E588
:1015D000E8E5E7E3E6E2E3DFE2DEDFDCDFDBDDD800
:1015E000DAD8DAD5D8D4D8D3D5D2D4D0D2CFD1CEB8
:1015F000D1CDCFCBCDC9CBC7C9C6C9C5C7C3C5C25D
:10160000C3C0C1BEC0BDBEBBBDB9BBB8BAB7B8B61A
:10161000B6B3B6B2B3B0B0B0AFADAEACABABAAA8D8
:10162000A8A7A6A6A4A3A3A2A2A1A09F9D9D9C9C9F
:101630009B9B9899979794979593919290918E9060
:101640008F9190919090909290929092909290928F
:10165000909291929192919292939293929292946B
:101660009293949594949496949794979697979927
:10167000999798999A9A9C9D9B9B9E9E9EA0A1A1AA
:10168000A1A1A3A3A4A4A6A6A7A7A9A9ABA9ACABF3
:10169000ADAEB1AFB2B1B4B3B6B6BAB8BBBABDBBFA
:1016A000C0BEC2C2C6C4C9C6CAC9CDCCD1CFD6D2AB
:1016B000D8D7DBDADFDFE3E3E7E66767FFFFFFFFAB
:1016C000FFFFFFFF53535959A4A299979593949400
:1016D000999A9EA0A3A4A7A8A3A4CACAFFFFFFFF2C
:1016E000FFFFFFFFFFFFFFFFFFFFFFFFFFFFFFFF0A
:1016F000FFFFFFFFFFFFFFFFFFFFFFFF494C4549D3
:10170000FFFF4A4B585A484A585A484AFFFFFFFFC2
:101710004E505C5EB4B6C4C5CBCAD0CFD7D5DAD7ED
:10172000E0DCE4E1FAF38486FFFFFFFFFFFFFFFF49
:10173000FFFF51535A5CF3ECECE7E8E4E9E4E8E33B
:10174000E8E1E5E1E5E1E3DEE2DEDFDBDEDADCD99C
:10175000DBD8D8D6D8D5D5D3D4D4D3D1D2D0D0D045
:10176000CFCFCECDCDCCCBCAC9C9C7C8C6C8C5C5D9
:10177000C3C4C2C3C0C1BEC0BDBFBBBDB9BCB8BA83
:10178000B7BAB6B8B3B7B2B5B0B3B0B4ADB0ACB029
:10179000ABAFA8ACA7ABA6ABA3A8A2A7A1A59FA4DB
:1017A0009DA49CA29BA1999F979E979E939B929A82
:1017B000919A909891999199909992999299929AD7
:1017C000929A929A929A929A929A929A9399939BB7
:1017D000929A949C939C959C949B969D979E979E81
:1017E000979E99A0979E99A09AA29DA29BA39EA422
:1017F000A0A5A1A7A1A8A3A9A4A9A6ABA7ACA9AD80
:10180000A9AEABB0AEB1AFB3B1B5B3B7B6B9B8BBB3
:10181000BABEBBC0BEC1C2C4C4C6C6C9C9CACCCD8B
:10182000CFD1D2D1D7D6DAD9DFDEE3E1E6E56769F9
:10183000FFFFFFFFFFFFFFFF5355595BA2A49799DE
:10184000939494949A9BA0A3A4A9A8AEA4ABCACB4A
:10185000FFFFFFFFFFFFFFFFFFFFFFFFFFFFFFFF98
:10186000FFFFFFFFFFFFFFFFFFFFFFFFFFFFFFFF88
:1018700049494545FFFF4A4A58585858575748481C
:10188000FFFFFFFF4E4E5B5CB0ADC0BDC8C5D0CB07
:10189000D6D1DAD7E0DCE6E2FBF79393FFFFFFFF58
:1018A000FFFFFFFFFFFF5151585AF8F3F0ECEFEC48
:1018B000ECE8EBE8EAE7EAE8EAE6E8E5E7E2E6E2B0
:1018C000E4E0E1DEDFDDDEDBDCD9DCD8D9D5D9D35D
:1018D000D8D3D6D2D3CFD2CFD1CED1CCD0CCCDC904
:1018E000CBC7C9C5C8C4C6C3C4C1C4C0C2BDC1BCBE
:1018F000BEBABCB9BCB7B9B7B8B6B6B3B6B1B2B078
:10190000B1AFAFADADACABABAAA8A8A8A6A6A5A336
:10191000A3A2A2A0A09F9D9D9D9C9B9B98989798F9
:101920009496949491928F918E908F918F919090A4
:101930009092909290929092909290929192919295
:10194000919292939293929292949293949594946A
:1019500095969497959796979799999898999A9A12
:101960009C9D9C9C9E9E9EA09FA0A1A2A2A3A4A47D
:10197000A5A6A6A6A9A9AAA9ACACAEADB1B0B1B2B4
:10198000B5B4B7B6BAB8BBBABDBDC1BEC2C2C6C493
:10199000C9C7CBC9CECCD1CFD6D2D7D6DBDADFE020
:1019A000E4E36666FFFFFFFFFFFFFFFF5353595954
:1019B000A7A69D9C9898959493939A9A9E9FA4A568
:1019C0009FA1CACAFFFFFFFFFFFFFFFFFFFFFFFF4F
:1019D000FFFFFFFFFFFFFFFFFFFFFFFFFFFFFFFF17
:1019E000FFFFFFFF494C4549FFFF4A4B585A585AE1
:1019F0005759484AFFFFFFFF4E505C5EADAFBDBF79
:101A0000C5C6CBCBD1D0D7D4DCD9E2DDF7F29395E4
:101A1000FFFFFFFFFFFFFFFFFFFF51535A5CF3EC97
:101A2000ECE5ECE7E8E3E8E3E7E3E8E1E6E1E5E15C
:101A3000E2DEE2DEE0DCDEDBDDDADBD8D9D6D8D5EB
:101A4000D5D3D3D4D3D1D2D1CFD0CFCFCECDCCCB91
:101A5000CCC9C9C9C7C8C5C8C4C5C3C4C1C3C0C12E
:101A6000BDBFBCBEBABCB9BCB7BCB7BAB6B8B3B7D9
:101A7000B1B4B0B3AFB4ADB2ACB0ABAFA8ACA8AA80
:101A8000A6ABA3A8A2A6A0A59FA59DA49CA29BA12E
:101A9000989F989F969D949B929A919A90989199CD
:101AA0009199909992999299929A929A929A929ADD
:101AB000929A929A929A9399939B929A949C939CBD
:101AC000959C949B969D979E979E979E99A0989F74
:101AD00099A09AA19DA29CA39EA4A0A5A0A6A2A8FD
:101AE000A3A8A4A9A6ABA6ACA9ADA9AEACB1ADB252
:101AF000B0B3B2B5B4B8B6B9B8BBBABEBDBFBEC25A
:101B0000C2C4C4C6C7C9C9CACCCDCFD1D2D2D6D619
:101B1000DAD9E0DEE3E16669FFFFFFFFFFFFFFFFC9
:101B20005355595BA6A69C9D9899949593949A9D1C
:101B30009FA3A5AAA1A7CACBFFFFFFFFFFFFFFFF3F
:101B4000FFFFFFFFFFFFFFFFFFFFFFFFFFFFFFFFA5
:101B5000FFFFFFFFFFFFFFFF49494545FFFF4A4ADF
:101B60004B4B747448484848FFFFFFFF4E4E5B5C88
:101B7000A6A5B7B4C1BCC8C4CFCCD6D1DCD8E0DCF4
:101B8000F8F39393FFFFFFFFFFFFFFFFFFFF5151AC
:101B9000585AF9F5F1ECF0EBEEECECE8EBE8EBE79A
:101BA000E9E8E9E4E7E4E7E2E5E1E3DFE2DDDFDC01
:101BB000DFDBDDD8DAD8D9D5D8D4D8D3D5D2D4D0B4
:101BC000D2CFD1CED1CCCFCBCCC8CBC7C9C6C9C55B
:101BD000C6C3C4C1C3C0C1BDC0BCBEBBBCB9BBB819
:101BE000BAB7B8B6B6B3B6B2B2B0B1B0AFACADACCE
:101BF000AAABA9A8A7A7A6A6A4A3A3A2A1A19F9E9A
:101C00009E9E9C9D9B9A979996979496959390915A
:101C10008F928E908F9190919090909290929092BE
:101C20009092909290929192919292939293929399
:101C30009292929492939495949494969497959763
:101C400095969799999798999A9A9B9D9C9C9E9EF8
:101C50009EA0A1A1A1A2A3A3A5A5A6A6A7A7A8A847
:101C6000ABA9ACABADAEB1AFB2B1B4B3B7B6BAB865
:101C7000BBB9BEBBC0BEC2C2C6C4C8C7CBCACDCC2E
:101C8000D1D0D6D2D8D7DBDAE0DE6767FFFFFFFF1F
:101C9000FFFFFFFF53535959ABAAA1A09C9B9898F3
:101CA000949494949A9B9FA09C9EDBDBFFFFFFFF84
:101CB000FFFFFFFFFFFFFFFFFFFFFFFFFFFFFFFF34
:101CC000FFFFFFFFFFFFFFFFFFFFFFFF494C4549FD
:101CD000FFFF4A4B4B4D7476484B484AFFFFFFFFCE
:101CE0004E505C5EA5A9B4B6BCBFC4C6CCCBD1D1A6
:101CF000D8D5DCD9F3EF9395FFFFFFFFFFFFFFFF80
:101D0000FFFF51535A5CF5ECECE8EBE6ECE7E8E357
:101D1000E8E3E7E3E8E1E4E1E4E1E2DEE1DDDFDBA3
:101D2000DDDADCD9DBD8D8D6D8D5D5D3D4D4D3D145
:101D3000D2D0D0CFCFCECECDCCCBCBCAC8C9C7C7DF
:101D4000C6C8C5C5C3C4C1C3C0C2BDBFBCBEBBBD80
:101D5000B9BCB8BAB7BAB6B8B3B7B2B5B0B3B0B425
:101D6000ACB0ACAFABAFA8ACA7AAA6AAA3A8A2A7D9
:101D7000A1A59EA49EA49DA39AA099A0979E969D7E
:101D8000939A9199929A9098919991999099929900
:101D9000929A929A929A929A929A929A929A939AE2
:101DA0009399939B929A949C939C959C949B969DBB
:101DB000979E979E969D99A0979E99A09AA29DA264
:101DC0009CA39EA5A0A5A1A7A2A8A3A9A5A9A6ABCF
:101DD000A7ACA8ADA9AEABB0AEB1AFB3B1B5B3B718
:101DE000B6B9B8BBB9BEBBC0BEC1C2C4C4C6C7C801
:101DF000CACACCCDD0D1D2D2D7D6DAD9DEDD676986
:101E0000FFFFFFFFFFFFFFFF5355595BAAA9A09FEC
:101E10009B9C9899949594959B9DA0A49EA2DBDC95
:101E2000FFFFFFFFFFFFFFFFFFFFFFFFFFFFFFFFC2
:101E3000FFFFFFFFFFFFFFFFFFFFFFFFFFFFFFFFB2
:101E40007E7E7B7BFFFF7F7F7F7FFFFF7B7B7C7CBA
:101E5000FFFFFFFF65656161A0A0B4B3C0BECBC842
:101E6000D5D1DDD9E3DEE9E5FFFC9393FFFFFFFF6A
:101E7000FFFFFFFFFFFF4A4A5F5FFFFFFDF9FDF62F
:101E8000FBF6FAF6F7F3F6F2F5F1F4F1F4F0F2EF0F
:101E9000F1ECF0EBEDE8EBE7E9E5E8E4E5E2E5E0BD
:101EA000E2DDE2DCE1DBDFDADCD8DBD7DAD6D8D37F
:101EB000D8D3D4D0D3CFD1CDD0CCCECBCCC8CAC739
:101EC000C9C4C7C3C5C1C3C0C2BEC0BDBEBBBCBA06
:101ED000BBB8B9B6B7B5B4B2B2B1B1AFAFAEACACD6
:101EE000ACAAA9A8A8A7A5A4A3A3A2A2A0A19E9EAC
:101EF0009B9C9B9B979A9797939492939193919382
:101F000092939292929492949294929492949394A3
:101F10009394939494959495949594959696949679
:101F2000969798989899979A989B999A9A9C9C9C1E
:101F30009C9D9E9D9FA0A0A0A2A2A2A3A3A4A4A694
:101F4000A5A8A9A8AAABABABAEAEAFAEB1B1B3B3C7
:101F5000B6B5B8B7BAB9BDBCC0BDC2C0C4C3C7C5A9
:101F6000C9C8CDCBD0CED3D1D6D4DAD8DEDAE0DF33
:101F7000E5E4696AFFFFFFFFFFFFFFFF47475F5F81
:101F8000B8B6ACAAA8A6A3A29F9E9A9A9B9BA2A20F
:101F90009FA1DBDBFFFFFFFFFFFFFFFFFFFFFFFF57
:101FA000FFFFFFFFFFFFFFFFFFFFFFFFFFFFFFFF41
:101FB000FFFFFFFF7E807B7CFFFF7F807F80FFFF36
:101FC0007B7E7C7EFFFFFFFF65676162A0A6B3B8E2
:101FD000BEC1C8CAD1D2D9D7DEDDE5E3FCF79395FF
:101FE000FFFFFFFFFFFFFFFFFFFF4A4C5F60FFF8AF
:101FF000F9F1F6F2F6F0F6F0F3EDF2EDF1EDF1EBCA
:10200000F0EBEFEAECE8EBE7E8E5E7E3E5E2E4E153
:10201000E2DEE0DEDDDADCDCDBD9DAD8D8D7D7D611
:10202000D6D5D3D2D3D1D0D1CFCFCDCFCCCDCBCCB1
:10203000C8CAC7C8C4C6C3C5C1C3C0C3BEC2BDC069
:10204000BBBEBABDB8BBB6B9B5B9B2B7B1B5AFB31F
:10205000AEB2ACB0AAAFA8ADA7ABA4AAA3A9A2A8E0
:10206000A1A79EA59CA39BA39AA1979F949E939D95
:10207000939B939B939B929B949C949D949D949DE6
:10208000949D949D949D949D959D959D959E959DC3
:10209000969F969F979F989F99A09AA19BA29AA27C
:1020A0009CA39CA39DA49DA4A0A6A0A7A2A7A3A90E
:1020B000A4AAA6ABA8ACA8AEABB0ABB1AEB2AEB35F
:1020C000B1B6B3B8B5B9B7BAB9BDBCBFBDC1C0C46C
:1020D000C3C6C5C8C8CACBCDCECFD1D1D4D5D8D927
:1020E000DADADFDEE4E26A6CFFFFFFFFFFFFFFFFEB
:1020F000474A5F60B6B6AAABA6A7A2A39E9F9A9BCB
:102100009B9CA2A4A1A4DBDAFFFFFFFFFFFFFFFF60
:10211000FFFFFFFFFFFFFFFFFFFFFFFFFFFFFFFFCF
:10212000FFFFFFFFFFFFFFFFFFFFFFFFFFFFFFFFBF
:10213000FFFFFFFFFFFFFFFFFFFFFFFFFFFF7979BB
:102140005F5F5E5E5E5E5D5D5D5D5C5D5C5C5C5CBC
:102150005C5C9C9CFFFFFFFFFFFFFFFFFFFFFFFF9B
:10216000595943434242424242424242424242431E
:102170004243434343434343434343434343434330
:102180004343434343434343434443444444444419
:1021900044444444444444444444444444444444FF
:1021A00044444445444545454545454545454545E3
:1021B00045454545454545454545454546464646CB
:1021C00046464646464646464646464646464646AF
:1021D0004647474747474747474747474747474790
:1021E000474747474747474747474747474747477F
:1021F000474747474747474747474747474747476F
:10220000474747474747474747474747474747475E
:10221000474747474747474747474747474747474E
:10222000474747464646464646464646464646464B
:102230004646464646464646464646464545454542
:102240004545454545454545454545454444444442
:10225000444444444444444443434545FFFFFFFF52
:10226000FFFFFFFFFFFF55554A4A4A4A4A4A4A4A7A
:102270004B4A4B4B4B4B4B4B4B4BD7D7FFFFFFFFC7
:10228000FFFFFFFFFFFFFFFFFFFFFFFFFFFFFFFF5E
:10229000FFFFFFFFFFFFFFFFFFFFFFFFFFFFFFFF4E
:1022A000FFFFFFFFFFFFFFFFFFFFFFFFFFFFFFFF3E
:1022B000FFFF797B5F615E605E605D5F5D5F5D5FBC
:1022C0005C5F5C5E5C5E9C9DFFFFFFFFFFFFFFFFAE
:1022D000FFFFFFFF595B43454245424542454245AA
:1022E00042454345434543454345434543464346AD
:1022F0004346434643464346434643464446444694
:10230000444644464446444644464447444744477A
:102310004447444744474547454745474547454760
:102320004547454745474547454845484548454849
:10233000464846484648464846484648464846482D
:102340004648464847484749474947494749474912
:1023500047494749474947494749474947494749FD
:1023600047494749474947494749474947494749ED
:1023700047494749474947494749474947494749DD
:1023800047494749474947494749474947494749CD
:1023900047494749474946494648464846484648C6
:1023A00046484648464846484648464846484648BD
:1023B00045484547454745474547454745474547BC
:1023C00044474447444644464446444643464547BA
:1023D000FFFFFFFFFFFFFFFFFFFF55564A4C4A4C30
:1023E0004A4D4A4D4A4D4B4D4B4D4B4D4B4ED7D719
:1023F000FFFFFFFFFFFFFFFFFFFFFFFFFFFFFFFFED
:10240000FFFFFFFFFFFFFFFFFFFFFFFFFFFFFFFFDC
:10241000FFFFFFFFFFFFFFFFFFFFFFFFFFFFFFFFCC
:10242000FFFFFFFFFFFFFFFFFFFFFFFFFFFFFFFFBC
:10243000FFFFFFFFFFFFFFFFFFFFFFFFFFFFFFFFAC
:10244000FFFFFFFFFFFFFFFFFFFFFFFFFFFFFFFF9C
:10245000FFFFFFFFFFFFFFFFFFFFFFFFFFFFFFFF8C
:10246000FFFFFFFFFFFFFFFFFFFFFFFFFFFFFFFF7C
:10247000FFFFFFFFFFFFFFFFFFFFFFFFFFFFFFFF6C
:10248000FFFFFFFFFFFFFFFFFFFFFFFFFFFFFFFF5C
:10249000FFFFFFFFFFFFFFFFFFFFFFFFFFFFFFFF4C
:1024A000FFFFFFFFFFFFFFFFFFFFFFFFFFFFFFFF3C
:1024B000FFFFFFFFFFFFFFFFFFFFFFFFFFFFFFFF2C
:1024C000FFFFFFFFFFFFFFFFFFFFFFFFFFFFFFFF1C
:1024D000FFFFFFFFFFFFFFFFFFFFFFFFFFFFFFFF0C
:1024E000FFFFFFFFFFFFFFFFFFFFFFFFFFFFFFFFFC
:1024F000FFFFFFFFFFFFFFFFFFFFFFFFFFFFFFFFEC
:10250000FFFFFFFFFFFFFFFFFFFFFFFFFFFFFFFFDB
:10251000FFFFFFFFFFFFFFFFFFFFFFFFFFFFFFFFCB
:10252000FFFFFFFFFFFFFFFFFFFFFFFFFFFFFFFFBB
:10253000FFFFFFFFFFFFFFFFFFFFFFFFFFFFFFFFAB
:10254000FFFFFFFFFFFFFFFFFFFFFFFFFFFFFFFF9B
:10255000FFFFFFFFFFFFFFFFFFFFFFFFFFFFFFFF8B
:10256000FFFFFFFFFFFFFFFFFFFFFFFFFFFFFFFF7B
:10257000FFFFFFFFFFFFFFFFFFFFFFFFFFFFFFFF6B
:10258000FFFFFFFFFFFFFFFFFFFFFFFFFFFFFFFF5B
:10259000FFFFFFFFFFFFFFFFFFFFFFFFFFFFFFFF4B
:1025A000FFFFFFFFFFFFFFFFFFFFFFFFFFFFFFFF3B
:1025B000FFFFFFFFFFFFFFFFFFFFFFFFFFFFFFFF2B
:1025C000FFFFFFFFFFFFFFFFFFFFFFFFFFFFFFFF1B
:1025D000FFFFFFFFFFFFFFFFFFFFFFFFFFFFFFFF0B
:1025E000FFFFFFFFFFFFFFFFFFFFFFFFFFFFFFFFFB
:1025F000FFFFFFFFFFFFFFFFFFFFFFFFFFFFFFFFEB
:10260000FFFFFFFFFFFFFFFFFFFFFFFFFFFFFFFFDA
:10261000FFFFFFFFFFFFFFFFFFFFFFFFFFFFFFFFCA
:10262000FFFFFFFFFFFFFFFFFFFFFFFFFFFFFFFFBA
:10263000FFFFFFFFFFFFFFFFFFFFFFFFFFFFFFFFAA
:10264000FFFFFFFFFFFFFFFFFFFFFFFFFFFFFFFF9A
:10265000FFFFFFFFFFFFFFFFFFFFFFFFFFFFFFFF8A
:10266000FFFFFFFFFFFFFFFFFFFFFFFFFFFFFFFF7A
:10267000FFFFFFFFFFFFFFFFFFFFFFFFFFFFFFFF6A
:10268000FFFFFFFFFFFFFFFFFFFFFFFFFFFFFFFF5A
:10269000FFFFFFFFFFFFFFFFFFFFFFFFFFFFFFFF4A
:1026A000FFFFFFFFFFFFFFFFFFFFFFFFFFFFFFFF3A
:1026B000FFFFFFFFFFFFFFFFFFFFFFFFFFFFFFFF2A
:1026C000FFFFFFFFFFFFFFFFFFFFFFFFFFFFFFFF1A
:1026D000FFFFFFFFFFFFFFFFFFFFFFFFFFFFFFFF0A
:1026E000FFFFFFFFFFFFFFFFFFFFFFFFFFFFFFFFFA
:1026F000FFFFFFFFFFFFFFFFFFFFFFFFFFFFFFFFEA
:10270000FFFFFFFFFFFFFFFFFFFFFFFFFFFFFFFFD9
:10271000FFFFFFFFFFFFFFFFFFFFFFFFFFFFFFFFC9
:10272000FFFFFFFFFFFFFFFFFFFFFFFFFFFFFFFFB9
:10273000FFFFFFFFFFFFFFFFFFFFFFFFFFFFFFFFA9
:10274000FFFFFFFFFFFFFFFFFFFFFFFFFFFFFFFF99
:10275000FFFFFFFFFFFFFFFFFFFFFFFFFFFFFFFF89
:10276000FFFFFFFFFFFFFFFFFFFFFFFFFFFFFFFF79
:10277000FFFFFFFFFFFFFFFFFFFFFFFFFFFFFFFF69
:10278000FFFFFFFFFFFFFFFFFFFFFFFFFFFFFFFF59
:10279000FFFFFFFFFFFFFFFFFFFFFFFFFFFFFFFF49
:1027A000FFFFFFFFFFFFFFFFFFFFFFFFFFFFFFFF39
:1027B000FFFFFFFFFFFFFFFFFFFFFFFFFFFFFFFF29
:1027C000FFFFFFFFFFFFFFFFFFFFFFFFFFFFFFFF19
:1027D000FFFFFFFFFFFFFFFFFFFFFFFFFFFFFFFF09
:1027E000FFFFFFFFFFFFFFFFFFFFFFFFFFFFFFFFF9
:1027F000FFFFFFFFFFFFFFFFFFFFFFFFFFFFFFFFE9
:10280000FFFFFFFFFFFFFFFFFFFFFFFFFFFFFFFFD8
:10281000FFFFFFFFFFFFFFFFFFFFFFFFFFFFFFFFC8
:10282000FFFFFFFFFFFFFFFFFFFFFFFFFFFFFFFFB8
:10283000FFFFFFFFFFFFFFFFFFFFFFFFFFFFFFFFA8
:10284000FFFFFFFFFFFFFFFFFFFFFFFFFFFFFFFF98
:10285000FFFFFFFFFFFFFFFFFFFFFFFFFFFFFFFF88
:10286000FFFFFFFFFFFFFFFFFFFFFFFFFFFFFFFF78
:10287000FFFFFFFFFFFFFFFFFFFFFFFFFFFFFFFF68
:10288000FFFFFFFFFFFFFFFFFFFFFFFFFFFFFFFF58
:10289000FFFFFFFFFFFFFFFFFFFFFFFFFFFFFFFF48
:1028A000FFFFFFFFFFFFFFFFFFFFFFFFFFFFFFFF38
:1028B000FFFFFFFFFFFFFFFFFFFFFFFFFFFFFFFF28
:1028C000FFFFFFFFFFFFFFFFFFFFFFFFFFFFFFFF18
:1028D000FFFFFFFFFFFFFFFFFFFFFFFFFFFFFFFF08
:1028E000FFFFFFFFFFFFFFFFFFFFFFFFFFFFFFFFF8
:1028F000FFFFFFFFFFFFFFFFFFFFFFFFFFFFFFFFE8
:10290000FFFFFFFFFFFFFFFFFFFFFFFFFFFFFFFFD7
:10291000FFFFFFFFFFFFFFFFFFFFFFFFFFFFFFFFC7
:10292000FFFFFFFFFFFFFFFFFFFFFFFFFFFFFFFFB7
:10293000FFFFFFFFFFFFFFFFFFFFFFFFFFFFFFFFA7
:10294000FFFFFFFFFFFFFFFFFFFFFFFFFFFFFFFF97
:10295000FFFFFFFFFFFFFFFFFFFFFFFFFFFFFFFF87
:10296000FFFFFFFFFFFFFFFFFFFFFFFFFFFFFFFF77
:10297000FFFFFFFFFFFFFFFFFFFFFFFFFFFFFFFF67
:10298000FFFFFFFFFFFFFFFFFFFFFFFFFFFFFFFF57
:10299000FFFFFFFFFFFFFFFFFFFFFFFFFFFFFFFF47
:1029A000FFFFFFFFFFFFFFFFFFFFFFFFFFFFFFFF37
:1029B000FFFFFFFFFFFFFFFFFFFFFFFFFFFFFFFF27
:1029C000FFFFFFFFFFFFFFFFFFFFFFFFFFFFFFFF17
:1029D000FFFFFFFFFFFFFFFFFFFFFFFFFFFFFFFF07
:1029E000FFFFFFFFFFFFFFFFFFFFFFFFFFFFFFFFF7
:1029F000FFFFFFFFFFFFFFFFFFFFFFFFFFFFFFFFE7
:102A0000FFFFFFFFFFFFFFFFFFFFFFFFFFFFFFFFD6
:102A1000FFFFFFFFFFFFFFFFFFFFFFFFFFFFFFFFC6
:102A2000FFFFFFFFFFFFFFFFFFFFFFFFFFFFFFFFB6
:102A3000FFFFFFFFFFFFFFFFFFFFFFFFFFFFFFFFA6
:102A4000FFFFFFFFFFFFFFFFFFFFFFFFFFFFFFFF96
:102A5000FFFFFFFFFFFFFFFFFFFFFFFFFFFFFFFF86
:102A6000FFFFFFFFFFFFFFFFFFFFFFFFFFFFFFFF76
:102A7000FFFFFFFFFFFFFFFFFFFFFFFFFFFFFFFF66
:102A8000FFFFFFFFFFFFFFFFFFFFFFFFFFFFFFFF56
:102A9000FFFFFFFFFFFFFFFFFFFFFFFFFFFFFFFF46
:102AA000FFFFFFFFFFFFFFFFFFFFFFFFFFFFFFFF36
:102AB000FFFFFFFFFFFFFFFFFFFFFFFFFFFFFFFF26
:102AC000FFFFFFFFFFFFFFFFFFFFFFFFFFFFFFFF16
:102AD000FFFFFFFFFFFFFFFFFFFFFFFFFFFFFFFF06
:102AE000FFFFFFFFFFFFFFFFFFFFFFFFFFFFFFFFF6
:102AF000FFFFFFFFFFFFFFFFFFFFFFFFFFFFFFFFE6
:102B0000FFFFFFFFFFFFFFFFFFFFFFFFFFFFFFFFD5
:102B1000FFFFFFFFFFFFFFFFFFFFFFFFFFFFFFFFC5
:102B2000FFFFFFFFFFFFFFFFFFFFFFFFFFFFFFFFB5
:102B3000FFFFFFFFFFFFFFFFFFFFFFFFFFFFFFFFA5
:102B4000FFFFFFFFFFFFFFFFFFFFFFFFFFFFFFFF95
:102B5000FFFFFFFFFFFFFFFFFFFFFFFFFFFFFFFF85
:102B6000FFFFFFFFFFFFFFFFFFFFFFFFFFFFFFFF75
:102B7000FFFFFFFFFFFFFFFFFFFFFFFFFFFFFFFF65
:102B8000FFFFFFFFFFFFFFFFFFFFFFFFFFFFFFFF55
:102B9000FFFFFFFFFFFFFFFFFFFFFFFFFFFFFFFF45
:102BA000FFFFFFFFFFFFFFFFFFFFFFFFFFFFFFFF35
:102BB000FFFFFFFFFFFFFFFFFFFFFFFFFFFFFFFF25
:102BC000FFFFFFFFFFFFFFFFFFFFFFFFFFFFFFFF15
:102BD000FFFFFFFFFFFFFFFFFFFFFFFFFFFFFFFF05
:102BE000FFFFFFFFFFFFFFFFFFFFFFFFFFFFFFFFF5
:102BF000FFFFFFFFFFFFFFFFFFFFFFFFFFFFFFFFE5
:102C0000FFFFFFFFFFFFFFFFFFFFFFFFFFFFFFFFD4
:102C1000FFFFFFFFFFFFFFFFFFFFFFFFFFFFFFFFC4
:102C2000FFFFFFFFFFFFFFFFFFFFFFFFFFFFFFFFB4
:102C3000FFFFFFFFFFFFFFFFFFFFFFFFFFFFFFFFA4
:102C4000FFFFFFFFFFFFFFFFFFFFFFFFFFFFFFFF94
:102C5000FFFFFFFFFFFFFFFFFFFFFFFFFFFFFFFF84
:102C6000FFFFFFFFFFFFFFFFFFFFFFFFFFFFFFFF74
:102C7000FFFFFFFFFFFFFFFFFFFFFFFFFFFFFFFF64
:102C8000FFFFFFFFFFFFFFFFFFFFFFFFFFFFFFFF54
:102C9000FFFFFFFFFFFFFFFFFFFFFFFFFFFFFFFF44
:102CA000FFFFFFFFFFFFFFFFFFFFFFFFFFFFFFFF34
:102CB000FFFFFFFFFFFFFFFFFFFFFFFFFFFFFFFF24
:102CC000FFFFFFFFFFFFFFFFFFFFFFFFFFFFFFFF14
:102CD000FFFFFFFFFFFFFFFFFFFFFFFFFFFFFFFF04
:102CE000FFFFFFFFFFFFFFFFFFFFFFFFFFFFFFFFF4
:102CF000FFFFFFFFFFFFFFFFFFFFFFFFFFFFFFFFE4
:102D0000FFFFFFFFFFFFFFFFFFFFFFFFFFFFFFFFD3
:102D1000FFFFFFFFFFFFFFFFFFFFFFFFFFFFFFFFC3
:102D2000FFFFFFFFFFFFFFFFFFFFFFFFFFFFFFFFB3
:102D3000FFFFFFFFFFFFFFFFFFFFFFFFFFFFFFFFA3
:102D4000FFFFFFFFFFFFFFFFFFFFFFFFFFFFFFFF93
:102D5000FFFFFFFFFFFFFFFFFFFFFFFFFFFFFFFF83
:102D6000FFFFFFFFFFFFFFFFFFFFFFFFFFFFFFFF73
:102D7000FFFFFFFFFFFFFFFFFFFFFFFFFFFFFFFF63
:102D8000FFFFFFFFFFFFFFFFFFFFFFFFFFFFFFFF53
:102D9000FFFFFFFFFFFFFFFFFFFFFFFFFFFFFFFF43
:102DA000FFFFFFFFFFFFFFFFFFFFFFFFFFFFFFFF33
:102DB000FFFFFFFFFFFFFFFFFFFFFFFFFFFFFFFF23
:102DC000FFFFFFFFFFFFFFFFFFFFFFFFFFFFFFFF13
:102DD000FFFFFFFFFFFFFFFFFFFFFFFFFFFFFFFF03
:102DE000FFFFFFFFFFFFFFFFFFFFFFFFFFFFFFFFF3
:102DF000FFFFFFFFFFFFFFFFFFFFFFFFFFFFFFFFE3
:102E0000FFFFFFFFFFFFFFFFFFFFFFFFFFFFFFFFD2
:102E1000FFFFFFFFFFFFFFFFFFFFFFFFFFFFFFFFC2
:102E2000FFFFFFFFFFFFFFFFFFFFFFFFFFFFFFFFB2
:102E3000FFFFFFFFFFFFFFFFFFFFFFFFFFFFFFFFA2
:102E4000FFFFFFFFFFFFFFFFFFFFFFFFFFFFFFFF92
:102E5000FFFFFFFFFFFFFFFFFFFFFFFFFFFFFFFF82
:102E6000FFFFFFFFFFFFFFFFFFFFFFFFFFFFFFFF72
:102E7000FFFFFFFFFFFFFFFFFFFFFFFFFFFFFFFF62
:102E8000FFFFFFFFFFFFFFFFFFFFFFFFFFFFFFFF52
:102E9000FFFFFFFFFFFFFFFFFFFFFFFFFFFFFFFF42
:102EA000FFFFFFFFFFFFFFFFFFFFFFFFFFFFFFFF32
:102EB000FFFFFFFFFFFFFFFFFFFFFFFFFFFFFFFF22
:102EC000FFFFFFFFFFFFFFFFFFFFFFFFFFFFFFFF12
:102ED000FFFFFFFFFFFFFFFFFFFFFFFFFFFFFFFF02
:102EE000FFFFFFFFFFFFFFFFFFFFFFFFFFFFFFFFF2
:102EF000FFFFFFFFFFFFFFFFFFFFFFFFFFFFFFFFE2
:102F0000FFFFFFFFFFFFFFFFFFFFFFFFFFFFFFFFD1
:102F1000FFFFFFFFFFFFFFFFFFFFFFFFFFFFFFFFC1
:102F2000FFFFFFFFFFFFFFFFFFFFFFFFFFFFFFFFB1
:102F3000FFFFFFFFFFFFFFFFFFFFFFFFFFFFFFFFA1
:102F4000FFFFFFFFFFFFFFFFFFFFFFFFFFFFFFFF91
:102F5000FFFFFFFFFFFFFFFFFFFFFFFFFFFFFFFF81
:102F6000FFFFFFFFFFFFFFFFFFFFFFFFFFFFFFFF71
:102F7000FFFFFFFFFFFFFFFFFFFFFFFFFFFFFFFF61
:102F8000FFFFFFFFFFFFFFFFFFFFFFFFFFFFFFFF51
:102F9000FFFFFFFFFFFFFFFFFFFFFFFFFFFFFFFF41
:102FA000FFFFFFFFFFFFFFFFFFFFFFFFFFFFFFFF31
:102FB000FFFFFFFFFFFFFFFFFFFFFFFFFFFFFFFF21
:102FC000FFFFFFFFFFFFFFFFFFFFFFFFFFFFFFFF11
:102FD000FFFFFFFFFFFFFFFFFFFFFFFFFFFFFFFF01
:102FE000FFFFFFFFFFFFFFFFFFFFFFFFFFFFFFFFF1
:102FF000FFFFFFFFFFFFFFFFFFFFFFFFFFFFFFFFE1
:10300000FFFFFFFFFFFFFFFFFFFFFFFFFFFFFFFFD0
:10301000FFFFFFFFFFFFFFFFFFFFFFFFFFFFFFFFC0
:10302000FFFFFFFFFFFFFFFFFFFFFFFFFFFFFFFFB0
:10303000FFFFFFFFFFFFFFFFFFFFFFFFFFFFFFFFA0
:10304000FFFFFFFFFFFFFFFFFFFFFFFFFFFFFFFF90
:10305000FFFFFFFFFFFFFFFFFFFFFFFFFFFFFFFF80
:10306000FFFFFFFFFFFFFFFFFFFFFFFFFFFFFFFF70
:10307000FFFFFFFFFFFFFFFFFFFFFFFFFFFFFFFF60
:10308000FFFFFFFFFFFFFFFFFFFFFFFFFFFFFFFF50
:10309000FFFFFFFFFFFFFFFFFFFFFFFFFFFFFFFF40
:1030A000FFFFFFFFFFFFFFFFFFFFFFFFFFFFFFFF30
:1030B000FFFFFFFFFFFFFFFFFFFFFFFFFFFFFFFF20
:1030C000FFFFFFFFFFFFFFFFFFFFFFFFFFFFFFFF10
:1030D000FFFFFFFFFFFFFFFFFFFFFFFFFFFFFFFF00
:1030E000FFFFFFFFFFFFFFFFFFFFFFFFFFFFFFFFF0
:1030F000FFFFFFFFFFFFFFFFFFFFFFFFFFFFFFFFE0
:10310000FFFFFFFFFFFFFFFFFFFFFFFFFFFFFFFFCF
:10311000FFFFFFFFFFFFFFFFFFFFFFFFFFFFFFFFBF
:10312000FFFFFFFFFFFFFFFFFFFFFFFFFFFFFFFFAF
:10313000FFFFFFFFFFFFFFFFFFFFFFFFFFFFFFFF9F
:10314000FFFFFFFFFFFFFFFFFFFFFFFFFFFFFFFF8F
:10315000FFFFFFFFFFFFFFFFFFFFFFFFFFFFFFFF7F
:10316000FFFFFFFFFFFFFFFFFFFFFFFFFFFFFFFF6F
:10317000FFFFFFFFFFFFFFFFFFFFFFFFFFFFFFFF5F
:10318000FFFFFFFFFFFFFFFFFFFFFFFFFFFFFFFF4F
:10319000FFFFFFFFFFFFFFFFFFFFFFFFFFFFFFFF3F
:1031A000FFFFFFFFFFFFFFFFFFFFFFFFFFFFFFFF2F
:1031B000FFFFFFFFFFFFFFFFFFFFFFFFFFFFFFFF1F
:1031C000FFFFFFFFFFFFFFFFFFFFFFFFFFFFFFFF0F
:1031D000FFFFFFFFFFFFFFFFFFFFFFFFFFFFFFFFFF
:1031E000FFFFFFFFFFFFFFFFFFFFFFFFFFFFFFFFEF
:1031F000FFFFFFFFFFFFFFFFFFFFFFFFFFFFFFFFDF
:10320000FFFFFFFFFFFFFFFFFFFFFFFFFFFFFFFFCE
:10321000FFFFFFFFFFFFFFFFFFFFFFFFFFFFFFFFBE
:10322000FFFFFFFFFFFFFFFFFFFFFFFFFFFFFFFFAE
:10323000FFFFFFFFFFFFFFFFFFFFFFFFFFFFFFFF9E
:10324000FFFFFFFFFFFFFFFFFFFFFFFFFFFFFFFF8E
:10325000FFFFFFFFFFFFFFFFFFFFFFFFFFFFFFFF7E
:10326000FFFFFFFFFFFFFFFFFFFFFFFFFFFFFFFF6E
:10327000FFFFFFFFFFFFFFFFFFFFFFFFFFFFFFFF5E
:10328000FFFFFFFFFFFFFFFFFFFFFFFFFFFFFFFF4E
:10329000FFFFFFFFFFFFFFFFFFFFFFFFFFFFFFFF3E
:1032A000FFFFFFFFFFFFFFFFFFFFFFFFFFFFFFFF2E
:1032B000FFFFFFFFFFFFFFFFFFFFFFFFFFFFFFFF1E
:1032C000FFFFFFFFFFFFFFFFFFFFFFFFFFFFFFFF0E
:1032D000FFFFFFFFFFFFFFFFFFFFFFFFFFFFFFFFFE
:1032E000FFFFFFFFFFFFFFFFFFFFFFFFFFFFFFFFEE
:1032F000FFFFFFFFFFFFFFFFFFFFFFFFFFFFFFFFDE
:10330000FFFFFFFFFFFFFFFFFFFFFFFFFFFFFFFFCD
:10331000FFFFFFFFFFFFFFFFFFFFFFFFFFFFFFFFBD
:10332000FFFFFFFFFFFFFFFFFFFFFFFFFFFFFFFFAD
:10333000FFFFFFFFFFFFFFFFFFFFFFFFFFFFFFFF9D
:10334000FFFFFFFFFFFFFFFFFFFFFFFFFFFFFFFF8D
:10335000FFFFFFFFFFFFFFFFFFFFFFFFFFFFFFFF7D
:10336000FFFFFFFFFFFFFFFFFFFFFFFFFFFFFFFF6D
:10337000FFFFFFFFFFFFFFFFFFFFFFFFFFFFFFFF5D
:10338000FFFFFFFFFFFFFFFFFFFFFFFFFFFFFFFF4D
:10339000FFFFFFFFFFFFFFFFFFFFFFFFFFFFFFFF3D
:1033A000FFFFFFFFFFFFFFFFFFFFFFFFFFFFFFFF2D
:1033B000FFFFFFFFFFFFFFFFFFFFFFFFFFFFFFFF1D
:1033C000FFFFFFFFFFFFFFFFFFFFFFFFFFFFFFFF0D
:1033D000FFFFFFFFFFFFFFFFFFFFFFFFFFFFFFFFFD
:1033E000FFFFFFFFFFFFFFFFFFFFFFFFFFFFFFFFED
:1033F000FFFFFFFFFFFFFFFFFFFFFFFFFFFFFFFFDD
:10340000FFFFFFFFFFFFFFFFFFFFFFFFFFFFFFFFCC
:10341000FFFFFFFFFFFFFFFFFFFFFFFFFFFFFFFFBC
:10342000FFFFFFFFFFFFFFFFFFFFFFFFFFFFFFFFAC
:10343000FFFFFFFFFFFFFFFFFFFFFFFFFFFFFFFF9C
:10344000FFFFFFFFFFFFFFFFFFFFFFFFFFFFFFFF8C
:10345000FFFFFFFFFFFFFFFFFFFFFFFFFFFFFFFF7C
:10346000FFFFFFFFFFFFFFFFFFFFFFFFFFFFFFFF6C
:10347000FFFFFFFFFFFFFFFFFFFFFFFFFFFFFFFF5C
:10348000FFFFFFFFFFFFFFFFFFFFFFFFFFFFFFFF4C
:10349000FFFFFFFFFFFFFFFFFFFFFFFFFFFFFFFF3C
:1034A000FFFFFFFFFFFFFFFFFFFFFFFFFFFFFFFF2C
:1034B000FFFFFFFFFFFFFFFFFFFFFFFFFFFFFFFF1C
:1034C000FFFFFFFFFFFFFFFFFFFFFFFFFFFFFFFF0C
:1034D000FFFFFFFFFFFFFFFFFFFFFFFFFFFFFFFFFC
:1034E000FFFFFFFFFFFFFFFFFFFFFFFFFFFFFFFFEC
:1034F000FFFFFFFFFFFFFFFFFFFFFFFFFFFFFFFFDC
:10350000FFFFFFFFFFFFFFFFFFFFFFFFFFFFFFFFCB
:10351000FFFFFFFFFFFFFFFFFFFFFFFFFFFFFFFFBB
:10352000FFFFFFFFFFFFFFFFFFFFFFFFFFFFFFFFAB
:10353000FFFFFFFFFFFFFFFFFFFFFFFFFFFFFFFF9B
:10354000FFFFFFFFFFFFFFFFFFFFFFFFFFFFFFFF8B
:10355000FFFFFFFFFFFFFFFFFFFFFFFFFFFFFFFF7B
:10356000FFFFFFFFFFFFFFFFFFFFFFFFFFFFFFFF6B
:10357000FFFFFFFFFFFFFFFFFFFFFFFFFFFFFFFF5B
:10358000FFFFFFFFFFFFFFFFFFFFFFFFFFFFFFFF4B
:10359000FFFFFFFFFFFFFFFFFFFFFFFFFFFFFFFF3B
:1035A000FFFFFFFFFFFFFFFFFFFFFFFFFFFFFFFF2B
:1035B000FFFFFFFFFFFFFFFFFFFFFFFFFFFFFFFF1B
:1035C000FFFFFFFFFFFFFFFFFFFFFFFFFFFFFFFF0B
:1035D000FFFFFFFFFFFFFFFFFFFFFFFFFFFFFFFFFB
:1035E000FFFFFFFFFFFFFFFFFFFFFFFFFFFFFFFFEB
:1035F000FFFFFFFFFFFFFFFFFFFFFFFFFFFFFFFFDB
:10360000FFFFFFFFFFFFFFFFFFFFFFFFFFFFFFFFCA
:10361000FFFFFFFFFFFFFFFFFFFFFFFFFFFFFFFFBA
:10362000FFFFFFFFFFFFFFFFFFFFFFFFFFFFFFFFAA
:10363000FFFFFFFFFFFFFFFFFFFFFFFFFFFFFFFF9A
:10364000FFFFFFFFFFFFFFFFFFFFFFFFFFFFFFFF8A
:10365000FFFFFFFFFFFFFFFFFFFFFFFFFFFFFFFF7A
:10366000FFFFFFFFFFFFFFFFFFFFFFFFFFFFFFFF6A
:10367000FFFFFFFFFFFFFFFFFFFFFFFFFFFFFFFF5A
:10368000FFFFFFFFFFFFFFFFFFFFFFFFFFFFFFFF4A
:10369000FFFFFFFFFFFFFFFFFFFFFFFFFFFFFFFF3A
:1036A000FFFFFFFFFFFFFFFFFFFFFFFFFFFFFFFF2A
:1036B000FFFFFFFFFFFFFFFFFFFFFFFFFFFFFFFF1A
:1036C000FFFFFFFFFFFFFFFFFFFFFFFFFFFFFFFF0A
:1036D000FFFFFFFFFFFFFFFFFFFFFFFFFFFFFFFFFA
:1036E000FFFFFFFFFFFFFFFFFFFFFFFFFFFFFFFFEA
:1036F000FFFFFFFFFFFFFFFFFFFFFFFFFFFFFFFFDA
:10370000FFFFFFFFFFFFFFFFFFFFFFFFFFFFFFFFC9
:10371000FFFFFFFFFFFFFFFFFFFFFFFFFFFFFFFFB9
:10372000FFFFFFFFFFFFFFFFFFFFFFFFFFFFFFFFA9
:10373000FFFFFFFFFFFFFFFFFFFFFFFFFFFFFFFF99
:10374000FFFFFFFFFFFFFFFFFFFFFFFFFFFFFFFF89
:10375000FFFFFFFFFFFFFFFFFFFFFFFFFFFFFFFF79
:10376000FFFFFFFFFFFFFFFFFFFFFFFFFFFFFFFF69
:10377000FFFFFFFFFFFFFFFFFFFFFFFFFFFFFFFF59
:10378000FFFFFFFFFFFFFFFFFFFFFFFFFFFFFFFF49
:10379000FFFFFFFFFFFFFFFFFFFFFFFFFFFFFFFF39
:1037A000FFFFFFFFFFFFFFFFFFFFFFFFFFFFFFFF29
:1037B000FFFFFFFFFFFFFFFFFFFFFFFFFFFFFFFF19
:1037C000FFFFFFFFFFFFFFFFFFFFFFFFFFFFFFFF09
:1037D000FFFFFFFFFFFFFFFFFFFFFFFFFFFFFFFFF9
:1037E000FFFFFFFFFFFFFFFFFFFFFFFFFFFFFFFFE9
:1037F000FFFFFFFFFFFFFFFFFFFFFFFFFFFFFFFFD9
:10380000FFFFFFFFFFFFFFFFFFFFFFFFFFFFFFFFC8
:10381000FFFFFFFFFFFFFFFFFFFFFFFFFFFFFFFFB8
:10382000FFFFFFFFFFFFFFFFFFFFFFFFFFFFFFFFA8
:10383000FFFFFFFFFFFFFFFFFFFFFFFFFFFFFFFF98
:10384000FFFFFFFFFFFFFFFFFFFFFFFFFFFFFFFF88
:10385000FFFFFFFFFFFFFFFFFFFFFFFFFFFFFFFF78
:10386000FFFFFFFFFFFFFFFFFFFFFFFFFFFFFFFF68
:10387000FFFFFFFFFFFFFFFFFFFFFFFFFFFFFFFF58
:10388000FFFFFFFFFFFFFFFFFFFFFFFFFFFFFFFF48
:10389000FFFFFFFFFFFFFFFFFFFFFFFFFFFFFFFF38
:1038A000FFFFFFFFFFFFFFFFFFFFFFFFFFFFFFFF28
:1038B000FFFFFFFFFFFFFFFFFFFFFFFFFFFFFFFF18
:1038C000FFFFFFFFFFFFFFFFFFFFFFFFFFFFFFFF08
:1038D000FFFFFFFFFFFFFFFFFFFFFFFFFFFFFFFFF8
:1038E000FFFFFFFFFFFFFFFFFFFFFFFFFFFFFFFFE8
:1038F000FFFFFFFFFFFFFFFFFFFFFFFFFFFFFFFFD8
:10390000FFFFFFFFFFFFFFFFFFFFFFFFFFFFFFFFC7
:10391000FFFFFFFFFFFFFFFFFFFFFFFFFFFFFFFFB7
:10392000FFFFFFFFFFFFFFFFFFFFFFFFFFFFFFFFA7
:10393000FFFFFFFFFFFFFFFFFFFFFFFFFFFFFFFF97
:10394000FFFFFFFFFFFFFFFFFFFFFFFFFFFFFFFF87
:10395000FFFFFFFFFFFFFFFFFFFFFFFFFFFFFFFF77
:10396000FFFFFFFFFFFFFFFFFFFFFFFFFFFFFFFF67
:10397000FFFFFFFFFFFFFFFFFFFFFFFFFFFFFFFF57
:10398000FFFFFFFFFFFFFFFFFFFFFFFFFFFFFFFF47
:10399000FFFFFFFFFFFFFFFFFFFFFFFFFFFFFFFF37
:1039A000FFFFFFFFFFFFFFFFFFFFFFFFFFFFFFFF27
:1039B000FFFFFFFFFFFFFFFFFFFFFFFFFFFFFFFF17
:1039C000FFFFFFFFFFFFFFFFFFFFFFFFFFFFFFFF07
:1039D000FFFFFFFFFFFFFFFFFFFFFFFFFFFFFFFFF7
:1039E000FFFFFFFFFFFFFFFFFFFFFFFFFFFFFFFFE7
:1039F000FFFFFFFFFFFFFFFFFFFFFFFFFFFFFFFFD7
:103A0000FFFFFFFFFFFFFFFFFFFFFFFFFFFFFFFFC6
:103A1000FFFFFFFFFFFFFFFFFFFFFFFFFFFFFFFFB6
:103A2000FFFFFFFFFFFFFFFFFFFFFFFFFFFFFFFFA6
:103A3000FFFFFFFFFFFFFFFFFFFFFFFFFFFFFFFF96
:103A4000FFFFFFFFFFFFFFFFFFFFFFFFFFFFFFFF86
:103A5000FFFFFFFFFFFFFFFFFFFFFFFFFFFFFFFF76
:103A6000FFFFFFFFFFFFFFFFFFFFFFFFFFFFFFFF66
:103A7000FFFFFFFFFFFFFFFFFFFFFFFFFFFFFFFF56
:103A8000FFFFFFFFFFFFFFFFFFFFFFFFFFFFFFFF46
:103A9000FFFFFFFFFFFFFFFFFFFFFFFFFFFFFFFF36
:103AA000FFFFFFFFFFFFFFFFFFFFFFFFFFFFFFFF26
:103AB000FFFFFFFFFFFFFFFFFFFFFFFFFFFFFFFF16
:103AC000FFFFFFFFFFFFFFFFFFFFFFFFFFFFFFFF06
:103AD000FFFFFFFFFFFFFFFFFFFFFFFFFFFFFFFFF6
:103AE000FFFFFFFFFFFFFFFFFFFFFFFFFFFFFFFFE6
:103AF000FFFFFFFFFFFFFFFFFFFFFFFFFFFFFFFFD6
:103B0000FFFFFFFFFFFFFFFFFFFFFFFFFFFFFFFFC5
:103B1000FFFFFFFFFFFFFFFFFFFFFFFFFFFFFFFFB5
:103B2000FFFFFFFFFFFFFFFFFFFFFFFFFFFFFFFFA5
:103B3000FFFFFFFFFFFFFFFFFFFFFFFFFFFFFFFF95
:103B4000FFFFFFFFFFFFFFFFFFFFFFFFFFFFFFFF85
:103B5000FFFFFFFFFFFFFFFFFFFFFFFFFFFFFFFF75
:103B6000FFFFFFFFFFFFFFFFFFFFFFFFFFFFFFFF65
:103B7000FFFFFFFFFFFFFFFFFFFFFFFFFFFFFFFF55
:103B8000FFFFFFFFFFFFFFFFFFFFFFFFFFFFFFFF45
:103B9000FFFFFFFFFFFFFFFFFFFFFFFFFFFFFFFF35
:103BA000FFFFFFFFFFFFFFFFFFFFFFFFFFFFFFFF25
:103BB000FFFFFFFFFFFFFFFFFFFFFFFFFFFFFFFF15
:103BC000FFFFFFFFFFFFFFFFFFFFFFFFFFFFFFFF05
:103BD000FFFFFFFFFFFFFFFFFFFFFFFFFFFFFFFFF5
:103BE000FFFFFFFFFFFFFFFFFFFFFFFFFFFFFFFFE5
:103BF000FFFFFFFFFFFFFFFFFFFFFFFFFFFFFFFFD5
:103C0000FFFFFFFFFFFFFFFFFFFFFFFFFFFFFFFFC4
:103C1000FFFFFFFFFFFFFFFFFFFFFFFFFFFFFFFFB4
:103C2000FFFFFFFFFFFFFFFFFFFFFFFFFFFFFFFFA4
:103C3000FFFFFFFFFFFFFFFFFFFFFFFFFFFFFFFF94
:103C4000FFFFFFFFFFFFFFFFFFFFFFFFFFFFFFFF84
:103C5000FFFFFFFFFFFFFFFFFFFFFFFFFFFFFFFF74
:103C6000FFFFFFFFFFFFFFFFFFFFFFFFFFFFFFFF64
:103C7000FFFFFFFFFFFFFFFFFFFFFFFFFFFFFFFF54
:103C8000FFFFFFFFFFFFFFFFFFFFFFFFFFFFFFFF44
:103C9000FFFFFFFFFFFFFFFFFFFFFFFFFFFFFFFF34
:103CA000FFFFFFFFFFFFFFFFFFFFFFFFFFFFFFFF24
:103CB000FFFFFFFFFFFFFFFFFFFFFFFFFFFFFFFF14
:103CC000FFFFFFFFFFFFFFFFFFFFFFFFFFFFFFFF04
:103CD000FFFFFFFFFFFFFFFFFFFFFFFFFFFFFFFFF4
:103CE000FFFFFFFFFFFFFFFFFFFFFFFFFFFFFFFFE4
:103CF000FFFFFFFFFFFFFFFFFFFFFFFFFFFFFFFFD4
:103D0000FFFFFFFFFFFFFFFFFFFFFFFFFFFFFFFFC3
:103D1000FFFFFFFFFFFFFFFFFFFFFFFFFFFFFFFFB3
:103D2000FFFFFFFFFFFFFFFFFFFFFFFFFFFFFFFFA3
:103D3000FFFFFFFFFFFFFFFFFFFFFFFFFFFFFFFF93
:103D4000FFFFFFFFFFFFFFFFFFFFFFFFFFFFFFFF83
:103D5000FFFFFFFFFFFFFFFFFFFFFFFFFFFFFFFF73
:103D6000FFFFFFFFFFFFFFFFFFFFFFFFFFFFFFFF63
:103D7000FFFFFFFFFFFFFFFFFFFFFFFFFFFFFFFF53
:103D8000FFFFFFFFFFFFFFFFFFFFFFFFFFFFFFFF43
:103D9000FFFFFFFFFFFFFFFFFFFFFFFFFFFFFFFF33
:103DA000FFFFFFFFFFFFFFFFFFFFFFFFFFFFFFFF23
:103DB000FFFFFFFFFFFFFFFFFFFFFFFFFFFFFFFF13
:103DC000FFFFFFFFFFFFFFFFFFFFFFFFFFFFFFFF03
:103DD000FFFFFFFFFFFFFFFFFFFFFFFFFFFFFFFFF3
:103DE000FFFFFFFFFFFFFFFFFFFFFFFFFFFFFFFFE3
:103DF000FFFFFFFFFFFFFFFFFFFFFFFFFFFFFFFFD3
:103E0000FFFFFFFFFFFFFFFFFFFFFFFFFFFFFFFFC2
:103E1000FFFFFFFFFFFFFFFFFFFFFFFFFFFFFFFFB2
:103E2000FFFFFFFFFFFFFFFFFFFFFFFFFFFFFFFFA2
:103E3000FFFFFFFFFFFFFFFFFFFFFFFFFFFFFFFF92
:103E4000FFFFFFFFFFFFFFFFFFFFFFFFFFFFFFFF82
:103E5000FFFFFFFFFFFFFFFFFFFFFFFFFFFFFFFF72
:103E6000FFFFFFFFFFFFFFFFFFFFFFFFFFFFFFFF62
:103E7000FFFFFFFFFFFFFFFFFFFFFFFFFFFFFFFF52
:103E8000FFFFFFFFFFFFFFFFFFFFFFFFFFFFFFFF42
:103E9000FFFFFFFFFFFFFFFFFFFFFFFFFFFFFFFF32
:103EA000FFFFFFFFFFFFFFFFFFFFFFFFFFFFFFFF22
:103EB000FFFFFFFFFFFFFFFFFFFFFFFFFFFFFFFF12
:103EC000FFFFFFFFFFFFFFFFFFFFFFFFFFFFFFFF02
:103ED000FFFFFFFFFFFFFFFFFFFFFFFFFFFFFFFFF2
:103EE000FFFFFFFFFFFFFFFFFFFFFFFFFFFFFFFFE2
:103EF000FFFFFFFFFFFFFFFFFFFFFFFFFFFFFFFFD2
:103F0000FFFFFFFFFFFFFFFFFFFFFFFFFFFFFFFFC1
:103F1000FFFFFFFFFFFFFFFFFFFFFFFFFFFFFFFFB1
:103F2000FFFFFFFFFFFFFFFFFFFFFFFFFFFFFFFFA1
:103F3000FFFFFFFFFFFFFFFFFFFFFFFFFFFFFFFF91
:103F4000FFFFFFFFFFFFFFFFFFFFFFFFFFFFFFFF81
:103F5000FFFFFFFFFFFFFFFFFFFFFFFFFFFFFFFF71
:103F6000FFFFFFFFFFFFFFFFFFFFFFFFFFFFFFFF61
:103F7000FFFFFFFFFFFFFFFFFFFFFFFFFFFFFFFF51
:103F8000FFFFFFFFFFFFFFFFFFFFFFFFFFFFFFFF41
:103F9000FFFFFFFFFFFFFFFFFFFFFFFFFFFFFFFF31
:103FA000FFFFFFFFFFFFFFFFFFFFFFFFFFFFFFFF21
:103FB000FFFFFFFFFFFFFFFFFFFFFFFFFFFFFFFF11
:103FC000FFFFFFFFFFFFFFFFFFFFFFFFFFFFFFFF01
:103FD000FFFFFFFFFFFFFFFFFFFFFFFFFFFFFFFFF1
:103FE000FFFFFFFFFFFFFFFFFFFFFFFFFFFFFFFFE1
:103FF000FFFFFFFFFFFFFFFFFFFFFFFFFFFFFFFFD1
:10400000FFFFFFFFFFFFFFFFFFFFFFFFFFFFFFFFC0
:10401000FFFFFFFFFFFFFFFFFFFFFFFFFFFFFFFFB0
:10402000FFFFFFFFFFFFFFFFFFFFFFFFFFFFFFFFA0
:10403000FFFFFFFFFFFFFFFFFFFFFFFFFFFFFFFF90
:10404000FFFFFFFFFFFFFFFFFFFFFFFFFFFFFFFF80
:10405000FFFFFFFFFFFFFFFFFFFFFFFFFFFFFFFF70
:10406000FFFFFFFFFFFFFFFFFFFFFFFFFFFFFFFF60
:10407000FFFFFFFFFFFFFFFFFFFFFFFFFFFFFFFF50
:10408000FFFFFFFFFFFFFFFFFFFFFFFFFFFFFFFF40
:10409000FFFFFFFFFFFFFFFFFFFFFFFFFFFFFFFF30
:1040A000FFFFFFFFFFFFFFFFFFFFFFFFFFFFFFFF20
:1040B000FFFFFFFFFFFFFFFFFFFFFFFFFFFFFFFF10
:1040C000FFFFFFFFFFFFFFFFFFFFFFFFFFFFFFFF00
:1040D000FFFFFFFFFFFFFFFFFFFFFFFFFFFFFFFFF0
:1040E000FFFFFFFFFFFFFFFFFFFFFFFFFFFFFFFFE0
:1040F000FFFFFFFFFFFFFFFFFFFFFFFFFFFFFFFFD0
:10410000FFFFFFFFFFFFFFFFFFFFFFFFFFFFFFFFBF
:10411000FFFFFFFFFFFFFFFFFFFFFFFFFFFFFFFFAF
:10412000FFFFFFFFFFFFFFFFFFFFFFFFFFFFFFFF9F
:10413000FFFFFFFFFFFFFFFFFFFFFFFFFFFFFFFF8F
:10414000FFFFFFFFFFFFFFFFFFFFFFFFFFFFFFFF7F
:10415000FFFFFFFFFFFFFFFFFFFFFFFFFFFFFFFF6F
:10416000FFFFFFFFFFFFFFFFFFFFFFFFFFFFFFFF5F
:10417000FFFFFFFFFFFFFFFFFFFFFFFFFFFFFFFF4F
:10418000FFFFFFFFFFFFFFFFFFFFFFFFFFFFFFFF3F
:10419000FFFFFFFFFFFFFFFFFFFFFFFFFFFFFFFF2F
:1041A000FFFFFFFFFFFFFFFFFFFFFFFFFFFFFFFF1F
:1041B000FFFFFFFFFFFFFFFFFFFFFFFFFFFFFFFF0F
:1041C000FFFFFFFFFFFFFFFFFFFFFFFFFFFFFFFFFF
:1041D000FFFFFFFFFFFFFFFFFFFFFFFFFFFFFFFFEF
:1041E000FFFFFFFFFFFFFFFFFFFFFFFFFFFFFFFFDF
:1041F000FFFFFFFFFFFFFFFFFFFFFFFFFFFFFFFFCF
:10420000FFFFFFFFFFFFFFFFFFFFFFFFFFFFFFFFBE
:10421000FFFFFFFFFFFFFFFFFFFFFFFFFFFFFFFFAE
:10422000FFFFFFFFFFFFFFFFFFFFFFFFFFFFFFFF9E
:10423000FFFFFFFFFFFFFFFFFFFFFFFFFFFFFFFF8E
:10424000FFFFFFFFFFFFFFFFFFFFFFFFFFFFFFFF7E
:10425000FFFFFFFFFFFFFFFFFFFFFFFFFFFFFFFF6E
:10426000FFFFFFFFFFFFFFFFFFFFFFFFFFFFFFFF5E
:10427000FFFFFFFFFFFFFFFFFFFFFFFFFFFFFFFF4E
:10428000FFFFFFFFFFFFFFFFFFFFFFFFFFFFFFFF3E
:10429000FFFFFFFFFFFFFFFFFFFFFFFFFFFFFFFF2E
:1042A000FFFFFFFFFFFFFFFFFFFFFFFFFFFFFFFF1E
:1042B000FFFFFFFFFFFFFFFFFFFFFFFFFFFFFFFF0E
:1042C000FFFFFFFFFFFFFFFFFFFFFFFFFFFFFFFFFE
:1042D000FFFFFFFFFFFFFFFFFFFFFFFFFFFFFFFFEE
:1042E000FFFFFFFFFFFFFFFFFFFFFFFFFFFFFFFFDE
:1042F000FFFFFFFFFFFFFFFFFFFFFFFFFFFFFFFFCE
:10430000FFFFFFFFFFFFFFFFFFFFFFFFFFFFFFFFBD
:10431000FFFFFFFFFFFFFFFFFFFFFFFFFFFFFFFFAD
:10432000FFFFFFFFFFFFFFFFFFFFFFFFFFFFFFFF9D
:10433000FFFFFFFFFFFFFFFFFFFFFFFFFFFFFFFF8D
:10434000FFFFFFFFFFFFFFFFFFFFFFFFFFFFFFFF7D
:10435000FFFFFFFFFFFFFFFFFFFFFFFFFFFFFFFF6D
:10436000FFFFFFFFFFFFFFFFFFFFFFFFFFFFFFFF5D
:10437000FFFFFFFFFFFFFFFFFFFFFFFFFFFFFFFF4D
:10438000FFFFFFFFFFFFFFFFFFFFFFFFFFFFFFFF3D
:10439000FFFFFFFFFFFFFFFFFFFFFFFFFFFFFFFF2D
:1043A000FFFFFFFFFFFFFFFFFFFFFFFFFFFFFFFF1D
:1043B000FFFFFFFFFFFFFFFFFFFFFFFFFFFFFFFF0D
:1043C000FFFFFFFFFFFFFFFFFFFFFFFFFFFFFFFFFD
:1043D000FFFFFFFFFFFFFFFFFFFFFFFFFFFFFFFFED
:1043E000FFFFFFFFFFFFFFFFFFFFFFFFFFFFFFFFDD
:1043F000FFFFFFFFFFFFFFFFFFFFFFFFFFFFFFFFCD
:10440000FFFFFFFFFFFFFFFFFFFFFFFFFFFFFFFFBC
:10441000FFFFFFFFFFFFFFFFFFFFFFFFFFFFFFFFAC
:10442000FFFFFFFFFFFFFFFFFFFFFFFFFFFFFFFF9C
:10443000FFFFFFFFFFFFFFFFFFFFFFFFFFFFFFFF8C
:10444000FFFFFFFFFFFFFFFFFFFFFFFFFFFFFFFF7C
:10445000FFFFFFFFFFFFFFFFFFFFFFFFFFFFFFFF6C
:10446000FFFFFFFFFFFFFFFFFFFFFFFFFFFFFFFF5C
:10447000FFFFFFFFFFFFFFFFFFFFFFFFFFFFFFFF4C
:10448000FFFFFFFFFFFFFFFFFFFFFFFFFFFFFFFF3C
:10449000FFFFFFFFFFFFFFFFFFFFFFFFFFFFFFFF2C
:1044A000FFFFFFFFFFFFFFFFFFFFFFFFFFFFFFFF1C
:1044B000FFFFFFFFFFFFFFFFFFFFFFFFFFFFFFFF0C
:1044C000FFFFFFFFFFFFFFFFFFFFFFFFFFFFFFFFFC
:1044D000FFFFFFFFFFFFFFFFFFFFFFFFFFFFFFFFEC
:1044E000FFFFFFFFFFFFFFFFFFFFFFFFFFFFFFFFDC
:1044F000FFFFFFFFFFFFFFFFFFFFFFFFFFFFFFFFCC
:10450000FFFFFFFFFFFFFFFFFFFFFFFFFFFFFFFFBB
:10451000FFFFFFFFFFFFFFFFFFFFFFFFFFFFFFFFAB
:10452000FFFFFFFFFFFFFFFFFFFFFFFFFFFFFFFF9B
:10453000FFFFFFFFFFFFFFFFFFFFFFFFFFFFFFFF8B
:10454000FFFFFFFFFFFFFFFFFFFFFFFFFFFFFFFF7B
:10455000FFFFFFFFFFFFFFFFFFFFFFFFFFFFFFFF6B
:10456000FFFFFFFFFFFFFFFFFFFFFFFFFFFFFFFF5B
:10457000FFFFFFFFFFFFFFFFFFFFFFFFFFFFFFFF4B
:10458000FFFFFFFFFFFFFFFFFFFFFFFFFFFFFFFF3B
:10459000FFFFFFFFFFFFFFFFFFFFFFFFFFFFFFFF2B
:1045A000FFFFFFFFFFFFFFFFFFFFFFFFFFFFFFFF1B
:1045B000FFFFFFFFFFFFFFFFFFFFFFFFFFFFFFFF0B
:1045C000FFFFFFFFFFFFFFFFFFFFFFFFFFFFFFFFFB
:1045D000FFFFFFFFFFFFFFFFFFFFFFFFFFFFFFFFEB
:1045E000FFFFFFFFFFFFFFFFFFFFFFFFFFFFFFFFDB
:1045F000FFFFFFFFFFFFFFFFFFFFFFFFFFFFFFFFCB
:10460000FFFFFFFFFFFFFFFFFFFFFFFFFFFFFFFFBA
:10461000FFFFFFFFFFFFFFFFFFFFFFFFFFFFFFFFAA
:10462000FFFFFFFFFFFFFFFFFFFFFFFFFFFFFFFF9A
:10463000FFFFFFFFFFFFFFFFFFFFFFFFFFFFFFFF8A
:10464000FFFFFFFFFFFFFFFFFFFFFFFFFFFFFFFF7A
:10465000FFFFFFFFFFFFFFFFFFFFFFFFFFFFFFFF6A
:10466000FFFFFFFFFFFFFFFFFFFFFFFFFFFFFFFF5A
:10467000FFFFFFFFFFFFFFFFFFFFFFFFFFFFFFFF4A
:10468000FFFFFFFFFFFFFFFFFFFFFFFFFFFFFFFF3A
:10469000FFFFFFFFFFFFFFFFFFFFFFFFFFFFFFFF2A
:1046A000FFFFFFFFFFFFFFFFFFFFFFFFFFFFFFFF1A
:1046B000FFFFFFFFFFFFFFFFFFFFFFFFFFFFFFFF0A
:1046C000FFFFFFFFFFFFFFFFFFFFFFFFFFFFFFFFFA
:1046D000FFFFFFFFFFFFFFFFFFFFFFFFFFFFFFFFEA
:1046E000FFFFFFFFFFFFFFFFFFFFFFFFFFFFFFFFDA
:1046F000FFFFFFFFFFFFFFFFFFFFFFFFFFFFFFFFCA
:10470000FFFFFFFFFFFFFFFFFFFFFFFFFFFFFFFFB9
:10471000FFFFFFFFFFFFFFFFFFFFFFFFFFFFFFFFA9
:10472000FFFFFFFFFFFFFFFFFFFFFFFFFFFFFFFF99
:10473000FFFFFFFFFFFFFFFFFFFFFFFFFFFFFFFF89
:10474000FFFFFFFFFFFFFFFFFFFFFFFFFFFFFFFF79
:10475000FFFFFFFFFFFFFFFFFFFFFFFFFFFFFFFF69
:10476000FFFFFFFFFFFFFFFFFFFFFFFFFFFFFFFF59
:10477000FFFFFFFFFFFFFFFFFFFFFFFFFFFFFFFF49
:10478000FFFFFFFFFFFFFFFFFFFFFFFFFFFFFFFF39
:10479000FFFFFFFFFFFFFFFFFFFFFFFFFFFFFFFF29
:1047A000FFFFFFFFFFFFFFFFFFFFFFFFFFFFFFFF19
:1047B000FFFFFFFFFFFFFFFFFFFFFFFFFFFFFFFF09
:1047C000FFFFFFFFFFFFFFFFFFFFFFFFFFFFFFFFF9
:1047D000FFFFFFFFFFFFFFFFFFFFFFFFFFFFFFFFE9
:1047E000FFFFFFFFFFFFFFFFFFFFFFFFFFFFFFFFD9
:1047F000FFFFFFFFFFFFFFFFFFFFFFFFFFFFFFFFC9
:10480000FFFFFFFFFFFFFFFFFFFFFFFFFFFFFFFFB8
:10481000FFFFFFFFFFFFFFFFFFFFFFFFFFFFFFFFA8
:10482000FFFFFFFFFFFFFFFFFFFFFFFFFFFFFFFF98
:10483000FFFFFFFFFFFFFFFFFFFFFFFFFFFFFFFF88
:10484000FFFFFFFFFFFFFFFFFFFFFFFFFFFFFFFF78
:10485000FFFFFFFFFFFFFFFFFFFFFFFFFFFFFFFF68
:10486000FFFFFFFFFFFFFFFFFFFFFFFFFFFFFFFF58
:10487000FFFFFFFFFFFFFFFFFFFFFFFFFFFFFFFF48
:10488000FFFFFFFFFFFFFFFFFFFFFFFFFFFFFFFF38
:10489000FFFFFFFFFFFFFFFFFFFFFFFFFFFFFFFF28
:1048A000FFFFFFFFFFFFFFFFFFFFFFFFFFFFFFFF18
:1048B000FFFFFFFFFFFFFFFFFFFFFFFFFFFFFFFF08
:1048C000FFFFFFFFFFFFFFFFFFFFFFFFFFFFFFFFF8
:1048D000FFFFFFFFFFFFFFFFFFFFFFFFFFFFFFFFE8
:1048E000FFFFFFFFFFFFFFFFFFFFFFFFFFFFFFFFD8
:1048F000FFFFFFFFFFFFFFFFFFFFFFFFFFFFFFFFC8
:10490000FFFFFFFFFFFFFFFFFFFFFFFFFFFFFFFFB7
:10491000FFFFFFFFFFFFFFFFFFFFFFFFFFFFFFFFA7
:10492000FFFFFFFFFFFFFFFFFFFFFFFFFFFFFFFF97
:10493000FFFFFFFFFFFFFFFFFFFFFFFFFFFFFFFF87
:10494000FFFFFFFFFFFFFFFFFFFFFFFFFFFFFFFF77
:10495000FFFFFFFFFFFFFFFFFFFFFFFFFFFFFFFF67
:10496000FFFFFFFFFFFFFFFFFFFFFFFFFFFFFFFF57
:10497000FFFFFFFFFFFFFFFFFFFFFFFFFFFFFFFF47
:10498000FFFFFFFFFFFFFFFFFFFFFFFFFFFFFFFF37
:10499000FFFFFFFFFFFFFFFFFFFFFFFFFFFFFFFF27
:1049A000FFFFFFFFFFFFFFFFFFFFFFFFFFFFFFFF17
:1049B000FFFFFFFFFFFFFFFFFFFFFFFFFFFFFFFF07
:1049C000FFFFFFFFFFFFFFFFFFFFFFFFFFFFFFFFF7
:1049D000FFFFFFFFFFFFFFFFFFFFFFFFFFFFFFFFE7
:1049E000FFFFFFFFFFFFFFFFFFFFFFFFFFFFFFFFD7
:1049F000FFFFFFFFFFFFFFFFFFFFFFFFFFFFFFFFC7
:104A0000FFFFFFFFFFFFFFFFFFFFFFFFFFFFFFFFB6
:104A1000FFFFFFFFFFFFFFFFFFFFFFFFFFFFFFFFA6
:104A2000FFFFFFFFFFFFFFFFFFFFFFFFFFFFFFFF96
:104A3000FFFFFFFFFFFFFFFFFFFFFFFFFFFFFFFF86
:104A4000FFFFFFFFFFFFFFFFFFFFFFFFFFFFFFFF76
:104A5000FFFFFFFFFFFFFFFFFFFFFFFFFFFFFFFF66
:104A6000FFFFFFFFFFFFFFFFFFFFFFFFFFFFFFFF56
:104A7000FFFFFFFFFFFFFFFFFFFFFFFFFFFFFFFF46
:104A8000FFFFFFFFFFFFFFFFFFFFFFFFFFFFFFFF36
:104A9000FFFFFFFFFFFFFFFFFFFFFFFFFFFFFFFF26
:104AA000FFFFFFFFFFFFFFFFFFFFFFFFFFFFFFFF16
:104AB000FFFFFFFFFFFFFFFFFFFFFFFFFFFFFFFF06
:104AC000FFFFFFFFFFFFFFFFFFFFFFFFFFFFFFFFF6
:104AD000FFFFFFFFFFFFFFFFFFFFFFFFFFFFFFFFE6
:104AE000FFFFFFFFFFFFFFFFFFFFFFFFFFFFFFFFD6
:104AF000FFFFFFFFFFFFFFFFFFFFFFFFFFFFFFFFC6
:104B0000FFFFFFFFFFFFFFFFFFFFFFFFFFFFFFFFB5
:104B1000FFFFFFFFFFFFFFFFFFFFFFFFFFFFFFFFA5
:104B2000FFFFFFFFFFFFFFFFFFFFFFFFFFFFFFFF95
:104B3000FFFFFFFFFFFFFFFFFFFFFFFFFFFFFFFF85
:104B4000FFFFFFFFFFFFFFFFFFFFFFFFFFFFFFFF75
:104B5000FFFFFFFFFFFFFFFFFFFFFFFFFFFFFFFF65
:104B6000FFFFFFFFFFFFFFFFFFFFFFFFFFFFFFFF55
:104B7000FFFFFFFFFFFFFFFFFFFFFFFFFFFFFFFF45
:104B8000FFFFFFFFFFFFFFFFFFFFFFFFFFFFFFFF35
:104B9000FFFFFFFFFFFFFFFFFFFFFFFFFFFFFFFF25
:104BA000FFFFFFFFFFFFFFFFFFFFFFFFFFFFFFFF15
:104BB000FFFFFFFFFFFFFFFFFFFFFFFFFFFFFFFF05
:104BC000FFFFFFFFFFFFFFFFFFFFFFFFFFFFFFFFF5
:104BD000FFFFFFFFFFFFFFFFFFFFFFFFFFFFFFFFE5
:104BE000FFFFFFFFFFFFFFFFFFFFFFFFFFFFFFFFD5
:104BF000FFFFFFFFFFFFFFFFFFFFFFFFFFFFFFFFC5
:104C0000FFFFFFFFFFFFFFFFFFFFFFFFFFFFFFFFB4
:104C1000FFFFFFFFFFFFFFFFFFFFFFFFFFFFFFFFA4
:104C2000FFFFFFFFFFFFFFFFFFFFFFFFFFFFFFFF94
:104C3000FFFFFFFFFFFFFFFFFFFFFFFFFFFFFFFF84
:104C4000FFFFFFFFFFFFFFFFFFFFFFFFFFFFFFFF74
:104C5000FFFFFFFFFFFFFFFFFFFFFFFFFFFFFFFF64
:104C6000FFFFFFFFFFFFFFFFFFFFFFFFFFFFFFFF54
:104C7000FFFFFFFFFFFFFFFFFFFFFFFFFFFFFFFF44
:104C8000FFFFFFFFFFFFFFFFFFFFFFFFFFFFFFFF34
:104C9000FFFFFFFFFFFFFFFFFFFFFFFFFFFFFFFF24
:104CA000FFFFFFFFFFFFFFFFFFFFFFFFFFFFFFFF14
:104CB000FFFFFFFFFFFFFFFFFFFFFFFF4B4B5050CA
:104CC00050505050505050505050505050505050E4
:104CD00050505050505050505050505050505050D4
:104CE00050505050505050505050505050505050C4
:104CF00050505050505050505050505050505050B4
:104D000050505050505050504B4BFFFFFFFFFFFF93
:104D1000FFFFFFFFE3E350505050505050505050B1
:104D20005050505050505050505050505050505083
:104D30005050505050505050505050505050505073
:104D40005050505050505050505050505050505063
:104D50005050505050505050505050505050505053
:104D60005050505050505050505050505050505043
:104D70005050505050505050505050505050505033
:104D80005050505050505050505050505050505023
:104D90005050505050505050505050505050505013
:104DA0005050505050505050505050505050505003
:104DB00050505050505050505050505050505050F3
:104DC00050505050505050505050505050505050E3
:104DD00050505050505050505050505050505050D3
:104DE00050505050505050505050505050505050C3
:104DF00050505050505050505050505050505050B3
:104E000050505050505050505050505050505050A2
:104E10009494FFFFFFFFFFFFFFFFFFFFFFFFFFFF78
:104E2000FFFFFFFFFFFFFFFFFFFFFFFFFFFFFFFF92
:104E30004B4D50525052505250525052505250526C
:104E40005052505250525052505250525052505252
:104E50005052505250525052505250525052505242
:104E60005052505250525052505250525052505232
:104E70005052505250525052505250524B4DFFFFD0
:104E8000FFFFFFFFFFFFFFFFE3E35052505250527E
:104E90005052505250525052505250525052505202
:104EA00050525052505250525052505250525052F2
:104EB00050525052505250525052505250525052E2
:104EC00050525052505250525052505250525052D2
:104ED00050525052505250525052505250525052C2
:104EE00050525052505250525052505250525052B2
:104EF00050525052505250525052505250525052A2
:104F00005052505250525052505250525052505291
:104F10005052505250525052505250525052505281
:104F20005052505250525052505250525052505271
:104F30005052505250525052505250525052505261
:104F40005052505250525052505250525052505251
:104F50005052505250525052505250525052505241
:104F60005052505250525052505250525052505231
:104F70005052505250525052505250525052505221
:104F8000505250539495FFFFFFFFFFFFFFFFFFFFBD
:104F9000FFFFFFFFFFFFFFFFFFFFFFFFFFFFFFFF21
:104FA000FFFFFFFF50505756565756575657565704
:104FB0005657565756575657565756575657565789
:104FC0005657565756575657565756575657565779
:104FD0005657565756575657565756575657565769
:104FE0005657565756575657565756575657565759
:104FF00056574747FFFFFFFFFFFFFFFFE6E6555607
:105000005656565656565656565656565656565640
:105010005656565656565656565656565656565630
:105020005656565656565656565656565656565620
:105030005656565656565656565656565656565610
:105040005656565656565656565656565656565600
:1050500056565656565656565656565656565656F0
:1050600056565656565656565656565656565656E0
:1050700056565656565656565656565656565656D0
:1050800056565656565656565656565656565656C0
:1050900056565656565656565656565656565656B0
:1050A00056565656565656565656565656565656A0
:1050B0005656565656565656565656565656565690
:1050C0005656565656565656565656565656565680
:1050D0005656565656565656565656565656565670
:1050E0005656565656565656565656565656565660
:1050F000565656565656575757579393FFFFFFFF2E
:10510000FFFFFFFFFFFFFFFFFFFFFFFFFFFFFFFFAF
:10511000FFFFFFFFFFFFFFFF5052565857595759E7
:1051200057595759575957595759575957595759FF
:1051300057595759575957595759575957595759EF
:1051400057595759575957595759575957595759DF
:1051500057595759575957595759575957595759CF
:105160005759575957594749FFFFFFFFFFFFFFFFA7
:10517000E6E55658565856585658565856585658A2
:1051800056585658565856585658565856585658AF
:10519000565856585658565856585658565856589F
:1051A000565856585658565856585658565856588F
:1051B000565856585658565856585658565856587F
:1051C000565856585658565856585658565856586F
:1051D000565856585658565856585658565856585F
:1051E000565856585658565856585658565856584F
:1051F000565856585658565856585658565856583F
:10520000565856585658565856585658565856582E
:10521000565856585658565856585658565856581E
:10522000565856585658565856585658565856580E
:1052300056585658565856585658565856585658FE
:1052400056585658565856585658565856585658EE
:1052500056585658565856585658565856585658DE
:105260005658565856585658565857595759939451
:10527000FFFFFFFFFFFFFFFFFFFFFFFFFFFFFFFF3E
:10528000FFFFFFFFFFFFFFFFFFFFFFFF51515B5BD2
:105290005F5F5D5C5C5B5B5C5C5C5C5B5B5B5C5B4D
:1052A0005B5B5B5A5B5A5B5A5A5A59595A5A59595D
:1052B0005B5A5A5A5A5B5B5B5B5B5B5B5B5B5B5B42
:1052C0005B5B5C5B5C5C5D5C5C5D5C5C5D5D5D5D1B
:1052D0005C5D5D5D5D5D5D5D5E5D5F5EA6A6FFFF25
:1052E000FFFFFFFFE6E6575756576864676367643A
:1052F000676467656764676567656864686568654E
:10530000676668666866686668666866696669662C
:105310006966696669676967696769676A676A670D
:105320006A6669676A6769676A686A676A686A68F5
:105330006A686A686A686A686A686A686A686A68DD
:105340006A686A686A686A686A686A686A686A68CD
:105350006A686A686A686A686A6869676A686A68BF
:105360006A686A67696869676967696669676967BA
:1053700069676967696669666866686668666966B6
:1053800068666866676567656865686568656865B5
:1053900068656864676567656765676467656765AD
:1053A00067646764676567646764676467646764A4
:1053B0006764676467646764676467656764676494
:1053C000676568646765686568656864686567657A
:1053D0006865686668666966696668646665686661
:1053E0005152E7E7FFFFFFFFFFFFFFFFFFFFFFFF58
:1053F000FFFFFFFFFFFFFFFFFFFFFFFFFFFFFFFFBD
:1054000051535B5D5F605C5E5B5E5C5E5C5D5B5DE3
:105410005B5D5B5D5B5D5A5D5A5C5A5C5A5C595CD6
:105420005A5C595B5A5C5A5C5B5D5B5D5B5D5B5DC6
:105430005B5E5B5F5B5E5B5E5C5E5C5D5D5E5C5E9F
:105440005D5F5D5E5D5F5D5F5D5E5D5F5D5F5E607C
:10545000A6A8FFFFFFFFFFFFE6E55759575A646212
:105460006362646364636562646365636563646205
:1054700065636563666366646664666366636664E3
:1054800066636664666466646763676367646764CB
:1054900067646764666567656765676468656765AF
:1054A0006866686568656866686568656866686690
:1054B000686668666866686668666866686668667C
:1054C000686668666866686668666866686567666E
:1054D0006866686568656765686567656765666469
:1054E0006765676567656765666466646664666464
:1054F0006664666466646663656365636563656266
:105500006563656365626463656365636562646260
:105510006562656364636463656264626462646255
:105520006462646264626463646264626462656249
:105530006462646265636463656365636562646332
:10554000656365636563666366636664666364601A
:10555000656066605257E7E6FFFFFFFFFFFFFFFF52
:10556000FFFFFFFFFFFFFFFFFFFFFFFFFFFFFFFF4B
:10557000FFFFFFFF51515B5BDCD8CFCDCBCBC8C564
:10558000C4C2C2C0BDBCB9B7B4B4B1B0ADADA8A7B8
:10559000A4A39F9E9B9A9695929299999FA0A3A44B
:1055A000A8AAADAFB0B2B3B6B5B6B7BABABDBFC0B0
:1055B000C1C2C4C4C6C6CBCBCCCDCFCFD3D1D5D23C
:1055C000D6D5D6D4A6A6FFFFFFFFFFFFE6E65757C6
:1055D0005254C181BC81C186C489C58BC98DCB920F
:1055E000CE95D096D399D59CD89DDBA0DFA4E0A61C
:1055F000E3A9E6ACE8AEEAB1EDB2EEB5F0B6F2B8CA
:10560000F4BAF4BBF6BEF6BEF7C0F7C1F8C4F8C5ED
:10561000F9C6F9C8FAC9FACAFACAFACAFACBFBCC6F
:10562000FBCCFBCCFBCDFBCDFBCDFBCDFBCDFBCD3C
:10563000FBCDFBCDFBCDFBCDFBCDFBCDFACCFACB2F
:10564000F9CAF8C9F8C9F7C7F6C6F5C5F4C3F2C177
:10565000F1BFEFBDEDBBECB9EAB7E9B7E6B3E4B132
:10566000E1ACE0AADEA7DDA7DBA5DAA3D89FD79E31
:10567000D59CD49AD398D196D195CF93CE94CD90F2
:10568000CD8FCB8FCA8CC98DC88AC889C687C5867D
:10569000C585C486C485C383C383C383C484C484CB
:1056A000C585C686C789C88AC98ACB8ECD90CE915A
:1056B000D293D396D59BD79CDB9FDEA3E1A8E6AC23
:1056C000E9B0EDB5F2BBA08C9595FFFFFFFFFFFFA2
:1056D000FFFFFFFFFFFFFFFFFFFFFFFFFFFFFFFFDA
:1056E000FFFFFFFFFFFFFFFF51535B5DD8D6CDCA21
:1056F000CBC9C5C5C2C1C0BEBCBAB7B6B4B4B0B0E0
:10570000ADADA7A6A3A29E9F9A9B95969293999DB5
:10571000A0A4A4AAAAB2AFB7B2BCB6C1B6C2BAC559
:10572000BDC7C0C9C2CAC4CCC6CDCBD1CDD1CFD4E0
:10573000D1D5D2D5D5D7D4D6A6A8FFFFFFFFFFFF7E
:10574000E6E55759545B8127812D862F89308B31AF
:105750008D3392349533963699379C399D3AA03BD8
:10576000A43AA63DA93EAC40AE42B143B245B545D0
:10577000B646B847BA48BB49BE4DBE52C056C159DD
:10578000C45CC560C660C862C966CA68CA69CA6ABC
:10579000CB6ACC6CCC6DCC6ECD6DCD6FCD6FCD6F3B
:1057A000CD6ECD70CD70CD70CD70CD70CD6FCD6F15
:1057B000CC6ECB6DCA6CC96BC96AC767C667C56555
:1057C000C364C161BF5EBD5DBB5BB958B756B7531B
:1057D000B351B14DAC4AAA46A743A740A53FA33E4B
:1057E0009F3C9E3C9C3A9A3998389637953693352B
:1057F000943490338F328F318C318D308A2F892EB3
:10580000872D862D852C862C852B832B832B832A15
:10581000842A842B852C862C892C8A2D8A2E8E2CEA
:10582000902F9130933196329B349C359F36A3391B
:10583000A83AAC3BB03EB541BB448C619596FFFFA6
:10584000FFFFFFFFFFFFFFFFFFFFFFFFFFFFFFFF68
:10585000FFFFFFFFFFFFFFFFFFFFFFFF50505B5BFE
:10586000DFDDD3D0D0CDCBC9C8C7C6C3C1C0BDBB97
:10587000B9B9B5B4B2B1ACABA9A7A4A29F9E9A9A8C
:1058800096959393999B9FA0A6A6A8AAADAFB1B3F6
:10589000B4B6B4B7B8BABCBDBEC0C1C3C5C5C8C82C
:1058A000CACACECDD1CFD4D2D4D3D3D2A6A6FFFFED
:1058B000FFFFFFFFE6E657575254C181BD81C18605
:1058C000C489C68CCA8DCC92CF95D096D399D59DDC
:1058D000D99DDCA0DFA5E1A6E4AAE7ADE9AEEBB275
:1058E000EEB2EEB6F0B6F2B8F5BBF4BCF7BEF6BE5B
:1058F000F8C0F7C1F9C5F8C6FAC6FAC9FBCAFBCBAE
:10590000FBCBFBCAFBCCFCCDFCCDFCCDFCCEFCCE56
:10591000FCCEFCCEFCCEFCCEFCCEFCCEFCCEFCCE37
:10592000FCCEFCCEFBCDFBCBFACAF8C9F9CAF8C74E
:10593000F7C7F6C6F5C4F3C2F2BFEFBDEDBBEDBAD3
:10594000EBB8EAB7E7B2E5AFE3AEE1AADFA7DEA7BF
:10595000DCA5DBA3D89FD89FD59CD49AD398D197A8
:10596000D296CF93CE94CD90CE90CC8FCB8DC98D47
:10597000C88BC98AC687C586C685C586C585C484C1
:10598000C484C383C585C585C686C786C889C98AB8
:10599000C98BCC8ECE90CE92D393D396D59BD79DE8
:1059A000DC9FDFA3E1A9E7ADE9B0EDB5E2B3525268
:1059B000FFFFFFFFFFFFFFFFFFFFFFFFFFFFFFFFF7
:1059C000FFFFFFFFFFFFFFFFFFFFFFFFFFFFFFFFE7
:1059D00050535B5DDDD9D0CDCDCAC9C7C7C3C3C2E3
:1059E000C0BEBBBAB9B7B4B3B1B1ABABA7A7A2A3A2
:1059F0009E9E9A99959693949B9EA0A5A6ACAAB2BA
:105A0000AFB8B3BDB6C1B7C3BAC5BDC8C0CAC3CDB0
:105A1000C5CDC8CECAD0CDD2CFD5D2D6D3D7D2D489
:105A2000A6A8FFFFFFFFFFFFE6E55759545B81275C
:105A3000812D862F89308C318D3392349533963574
:105A400099369D399D3AA03BA53AA63CAA3DAD406A
:105A5000AE42B243B245B645B645B846BB47BC4870
:105A6000BE4CBE52C056C158C55BC660C660C96256
:105A7000CA66CB68CB69CA6ACC6ACD6BCD6DCD6E78
:105A8000CE6DCE6FCE6FCE6FCE6ECE70CE70CE702E
:105A9000CE70CE70CE6FCE6FCD6ECB6CCA6BC96B35
:105AA000CA6AC767C767C665C464C261BF5EBD5DB9
:105AB000BB5BBA58B856B753B250AF4BAE4AAA45C3
:105AC000A743A740A53FA33E9F3B9F3C9C3A9A38E3
:105AD00098389737963593349434903390318F308B
:105AE0008D318D308B2F8A2D872C862D852B862C02
:105AF000852B842B842B83298529852B862C862C2A
:105B0000892B8A2D8B2E8E2C902F923093319632AA
:105B10009B349D359F36A339A93AAD3BB03EB54184
:105B2000B3505254FFFFFFFFFFFFFFFFFFFFFFFFD8
:105B3000FFFFFFFFFFFFFFFFFFFFFFFFFFFFFFFF75
:105B4000FFFFFFFF53535B5BE3E2D7D4D4D0D0CD4C
:105B5000CBC9C8C6C4C3C1C0BDBBB9B7B5B4B1B069
:105B6000ADADA8A7A4A29F9E9A9A969593939A9A50
:105B70009FA0A5A6A8AAADAFB1B3B4B6B5B7B8B942
:105B8000BCBCBFC0C1C3C5C5C7C7CBCBCECDD1D0B0
:105B9000D4D1D1D0A6A6FFFFFFFFFFFFE6E65757FF
:105BA0005254C181BD81C186C489C68CCA8DCC9234
:105BB000CF95D096D399D59DD99DDCA0DFA5E1A640
:105BC000E4AAE7ADE9AEEBB2EEB2EEB6F0B6F2B8EB
:105BD000F5BBF4BCF7BEF6BEF8C0F7C1F9C5F8C610
:105BE000FAC6FAC9FBCAFBCBFBCBFBCAFBCCFCCD8C
:105BF000FCCDFCCDFCCEFCCEFCCEFCCEFCCEFCCE57
:105C0000FCCEFCCEFCCEFCCEFCCEFCCEFBCDFBCB4A
:105C1000FACAF8C9F9CAF8C7F7C7F6C6F5C4F3C295
:105C2000F2BFEFBDEDBBEDBAEBB8EAB6E7B2E5AF58
:105C3000E3AEE1AADFA7DEA7DCA5DBA3D89FD89F50
:105C4000D59CD49AD398D197D296CF93CE94CD9019
:105C5000CE90CC8FCB8DC98DC88BC98AC687C5869F
:105C6000C685C586C585C484C484C383C585C585EA
:105C7000C686C786C889C98AC98BCC8ECE90CE927B
:105C8000D393D396D59BD79DDC9FDFA3E1A9E7AD46
:105C9000E9B0FFC13738FFFFFFFFFFFFFFFFFFFF46
:105CA000FFFFFFFFFFFFFFFFFFFFFFFFFFFFFFFF04
:105CB000FFFFFFFFFFFFFFFF53555B5DE2DCD4D129
:105CC000D0CDCDCAC9C7C6C4C3C0C0BEBBBBB7B7A1
:105CD000B4B4B0B0ADADA7A7A2A39E9E9A9A959674
:105CE00093949A9EA0A4A6ACAAB1AFB8B3BDB6C116
:105CF000B7C3B9C6BCC8C0CAC3CCC5CDC7CECBD14B
:105D0000CDD2D0D4D1D5D0D3A6A8FFFFFFFFFFFFBF
:105D1000E6E55759545B8127812D862F89308C31D8
:105D20008D3392349533963599369D399D3AA03B03
:105D3000A53AA63CAA3DAD40AE42B243B245B645F7
:105D4000B645B846BB47BC48BE4CBE52C056C1580B
:105D5000C55BC660C660C962CA66CB68CB69CA6AE1
:105D6000CC6ACD6BCD6DCD6ECE6DCE6FCE6FCE6F5E
:105D7000CE6ECE70CE70CE70CE70CE70CE6FCE6F37
:105D8000CD6ECB6CCA6BC96BCA6AC767C767C6657D
:105D9000C464C261BF5EBD5DBB5BBA58B855B65343
:105DA000B250AF4BAE4AAA45A743A740A53FA33E7A
:105DB0009F3B9F3C9C3A9A38983897379635933456
:105DC0009434903390318F308D318D308B2F8A2DDC
:105DD000872C862D852B862C852B842B842B832941
:105DE0008529852B862C862C892B8A2D8B2E8E2C13
:105DF000902F9230933196329B349D359F36A33944
:105E0000A93AAD3BB03EC13D383EFFFFFFFFFFFF6B
:105E1000FFFFFFFFFFFFFFFFFFFFFFFFFFFFFFFF92
:105E2000FFFFFFFFFFFFFFFFFFFFFFFF53535B5B22
:105E3000E7E3DAD7D6D4D3D0CFCDCBC9C9C6C5C353
:105E4000C1BFBDBBB9B8B5B3B1B0ACABA7A6A3A237
:105E50009E9D9A9A969493939A9AA1A2A5A7A9AA6D
:105E6000ADB0B1B3B3B6B4B8B9BABCBDBFC0C1C3AD
:105E7000C5C5C8C8CBCBCECED1D0CFCEA6A6FFFF4E
:105E8000FFFFFFFFE6E657575254C181BD81C1862F
:105E9000C489C68CCA8DCC92CF95D096D399D59D06
:105EA000D99DDCA0DFA5E1A6E4AAE7ADE9AEEBB29F
:105EB000EEB2EEB6F0B6F2B8F5BBF4BCF7BEF6BE85
:105EC000F8C0F7C1F9C5F8C6FAC6FAC9FBCAFBCBD8
:105ED000FBCBFBCAFBCCFCCDFCCDFCCDFCCEFCCE81
:105EE000FCCEFCCEFCCEFCCEFCCEFCCEFCCEFCCE62
:105EF000FCCEFCCEFBCDFBCBFACAF8C9F9CAF8C779
:105F0000F7C7F6C6F5C4F3C2F2BFF0BDEDBCEBB8FF
:105F1000EBB8EAB6E7B2E5AFE3AEE1AADFA7DEA7EA
:105F2000DCA5DBA3D89FD89FD59CD49AD398D197D2
:105F3000D296CF93CE94CD90CE90CC8FCB8DC98D71
:105F4000C88BC98AC687C586C685C586C585C484EB
:105F5000C484C383C585C585C686C786C889C98AE2
:105F6000C98BCC8ECE90CE92D393D396D59BD79D12
:105F7000DC9FDFA3E1A9E7ADFEBD3339FFFFFFFFE3
:105F8000FFFFFFFFFFFFFFFFFFFFFFFFFFFFFFFF21
:105F9000FFFFFFFFFFFFFFFFFFFFFFFFFFFFFFFF11
:105FA00053555B5DE3DED7D3D4D0D0CDCDCAC9C7BE
:105FB000C6C3C3C1BFBDBBBAB8B7B3B4B0B0ABAB57
:105FC000A6A6A2A29D9E9A9A949593959A9FA2A600
:105FD000A7ADAAB2B0B9B3BEB6C1B8C3BAC6BDC840
:105FE000C0CAC3CBC5CDC8CECBD1CED3D0D4CED2F0
:105FF000A6A8FFFFFFFFFFFFE6E55759545B812787
:10600000812D862F89308C318D339234953396359E
:1060100099369D399D3AA03BA53AA63CAA3DAD4094
:10602000AE42B243B245B645B645B846BB47BC489A
:10603000BE4CBE52C056C158C55BC660C660C96280
:10604000CA66CB68CB69CA6ACC6ACD6BCD6DCD6EA2
:10605000CE6DCE6FCE6FCE6FCE6ECE70CE70CE7058
:10606000CE70CE70CE6FCE6FCD6ECB6CCA6BC96B5F
:10607000CA6AC767C767C665C464C261BF5EBD5DE3
:10608000BC5AB858B856B653B250AF4BAE4AAA45F0
:10609000A743A740A53FA33E9F3B9F3C9C3A9A380D
:1060A00098389737963593349434903390318F30B5
:1060B0008D318D308B2F8A2D872C862D852B862C2C
:1060C000852B842B842B83298529852B862C862C54
:1060D000892B8A2D8B2E8E2C902F923093319632D5
:1060E0009B349D359F36A339A93AAD3BBD36394720
:1060F000FFFFFFFFFFFFFFFFFFFFFFFFFFFFFFFFB0
:10610000FFFFFFFFFFFFFFFFFFFFFFFFFFFFFFFF9F
:10611000FFFFFFFF53535B5BE9E7DDDAD9D7D6D446
:10612000D3CFCFCCCAC8C8C6C5C4C0BFBDBBB8B723
:10613000B5B5B0AEABAAA7A6A3A29F9E9999959418
:1061400094949B9CA1A1A5A7A9ABADB0B2B4B3B6E2
:10615000B5B7B9BABCBDBFC1C2C3C5C6C9C9CCCC2D
:10616000CFCDCDCCA6A6FFFFFFFFFFFFE6E657573A
:106170005254C181BD81C186C489C68CCA8DCC925E
:10618000CF95D096D399D59DD99DDCA0DFA5E1A66A
:10619000E4AAE7ADE9AEEBB2EEB2EEB6F0B6F2B815
:1061A000F5BBF4BCF7BEF6BEF8C0F7C1F9C5F8C63A
:1061B000FAC6FAC9FBCAFBCBFBCBFBCAFBCCFCCDB6
:1061C000FCCDFCCDFCCEFCCEFCCEFCCEFCCEFCCE81
:1061D000FCCEFCCEFCCEFCCEFCCEFCCEFBCDFBCB75
:1061E000FACAF8C9F9CAF8C7F7C7F6C6F5C4F3C2C0
:1061F000F0C0F0BEEDBCEBB8EBB8EAB6E7B2E5AF85
:10620000E3AEE1AADFA7DEA7DCA5DBA3D89FD89F7A
:10621000D59CD49AD398D197D296CF93CE94CD9043
:10622000CE90CC8FCB8DC98DC88BC98AC687C586C9
:10623000C685C586C585C484C484C383C585C58514
:10624000C686C786C889C98AC98BCC8ECE90CE92A5
:10625000D393D396D59BD79DDC9FDFA3E1A9EEB066
:106260003D45FFFFFFFFFFFFFFFFFFFFFFFFFFFFBA
:10627000FFFFFFFFFFFFFFFFFFFFFFFFFFFFFFFF2E
:10628000FFFFFFFFFFFFFFFF53555B5DE7E2DAD63D
:10629000D7D4D4D0CFCCCCC9C8C6C6C4C4C0BFBE66
:1062A000BBBAB7B6B5B3AEAEAAAAA6A6A2A29E9E28
:1062B000999A949594969C9FA1A6A7ADABB2B0B9BC
:1062C000B4BEB6C2B7C4BAC6BDC8C1CBC3CDC6CEB4
:1062D000C9CECCD2CDD2CCD1A6A9FFFFFFFFFFFF04
:1062E000E6E55759545B8127812D862F89308C3103
:1062F0008D3392349533963599369D399D3AA03B2E
:10630000A53AA63CAA3DAD40AE42B243B245B64521
:10631000B645B846BB47BC48BE4CBE52C056C15835
:10632000C55BC660C660C962CA66CB68CB69CA6A0B
:10633000CC6ACD6BCD6DCD6ECE6DCE6FCE6FCE6F88
:10634000CE6ECE70CE70CE70CE70CE70CE6FCE6F61
:10635000CD6ECB6CCA6BC96BCA6AC767C767C665A7
:10636000C464C261C05FBE5DBC5BB858B856B6536A
:10637000B250AF4BAE4AAA45A743A740A53FA33EA4
:106380009F3B9F3C9C3A9A38983897379635933480
:106390009434903390318F308D318D308B2F8A2D06
:1063A000872C862D852B862C852B842B842B83296B
:1063B0008529852B862C862C892B8A2D8B2E8E2C3D
:1063C000902F9230933196329B349D359F36A3396E
:1063D000A93AB0374558FFFFFFFFFFFFFFFFFFFF60
:1063E000FFFFFFFFFFFFFFFFFFFFFFFFFFFFFFFFBD
:1063F000FFFFFFFFFFFFFFFFFFFFFFFF52525A5A51
:10640000ECE8DFDEDDDAD9D7D6D3D3D0CFCCCBC919
:10641000C7C5C5C3C1C0BCBBB9B8B4B3AFAEACABE4
:10642000A7A6A3A19E9D9A99949395959B9BA1A3A2
:10643000A6A6A9ABAEB0B2B4B4B7B5B8B9BABCBD34
:10644000C0C1C2C3C6C6C9C9CCCCCACAA6A6FFFFB2
:10645000FFFFFFFFE4E457575053C181BC81C18661
:10646000C489C58BCA8DCB92CE95D096D399D59C35
:10647000D89DDCA0DFA4E0A6E3A9E6ADE8AEEAB2D1
:10648000EDB2EEB5F0B6F2B8F4BAF4BBF6BEF6BEB5
:10649000F7C0F7C1F8C5F8C5F9C6F9C8FAC9FACA0C
:1064A000FACAFACAFACBFBCCFBCCFBCCFBCDFBCDBA
:1064B000FBCDFBCDFBCDFBCDFBCDFBCDFBCDFBCD9C
:1064C000FBCDFBCDFACCFACBF9CAF8C9F8C9F7C7AE
:1064D000F6C6F5C6F3C2F2C2F1BFEFBDEDBBEBB835
:1064E000EAB7E9B5E6B2E4AFE2ADE0AADEA7DEA71F
:1064F000DBA5DAA3D89FD79ED59CD49AD398D19602
:10650000D195CF93CE94CD90CD8FCB8FCA8CC98DA2
:10651000C88AC889C687C586C585C486C485C3841C
:10652000C384C383C484C484C585C786C889C98A13
:10653000C98BCC8ECE90CE92D393D396D59BD79D3C
:10654000DC9FDFA3E3A9575AEEEEFFFFFFFFFFFF3B
:10655000FFFFFFFFFFFFFFFFFFFFFFFFFFFFFFFF4B
:10656000FFFFFFFFFFFFFFFFFFFFFFFFFFFFFFFF3B
:1065700052545A5CE8E4DED8DAD6D7D3D3D0D0CDA3
:10658000CCC9C9C7C5C3C3C0C0BDBBB9B8B6B3B217
:10659000AEAEABABA6A6A1A29D9E999993949596FB
:1065A0009BA0A3A7A6ACABB4B0B8B4BEB7C2B8C4E6
:1065B000BAC6BDC8C1CAC3CCC6CEC9CFCCD2CACF59
:1065C000A6A9FFFFFFFFFFFFE4E45759535A8127B5
:1065D000812D862F89308B318D33923495339636C9
:1065E00099379C399D3AA03BA43AA63DA93EAD40BF
:1065F000AE42B243B245B545B646B847BA48BB48C5
:10660000BE4DBE52C056C159C55CC560C660C862A9
:10661000C966CA68CA69CA6ACB6ACC6BCC6DCC6ED3
:10662000CD6DCD6FCD6FCD6FCD6ECD70CD70CD708A
:10663000CD70CD70CD6FCD6FCC6ECB6CCA6BC96B8E
:10664000C96AC767C667C665C262C261BF5FBD5D12
:10665000BB5BB858B756B553B250AF4BAD4AAA461C
:10666000A743A740A53FA33E9F3C9E3C9C3A9A3936
:106670009838963795369335943490338F328F31DE
:106680008C318D308A2F892E872D862D852C862C56
:10669000852B842B842B832A842A842B852C862C7F
:1066A000892B8A2D8B2E8E2C902F923093319632FF
:1066B0009B349D359F36A339A9385A61EEEFFFFF11
:1066C000FFFFFFFFFFFFFFFFFFFFFFFFFFFFFFFFDA
:1066D000FFFFFFFFFFFFFFFFFFFFFFFFFFFFFFFFCA
:1066E000FFFFFFFFF7F75F5F9A9A9594949393915A
:1066F0009190908F8E8D8C8B8B89898887878686E9
:10670000A5A4B8B7B4B3AFAEABAAA7A5A3A29E9DEC
:106710009C9B71717373767679797A7A7B7C7D7FB5
:106720007F8080818182838384858686878788882D
:1067300089898989A6A6FFFFFFFFFFFFFFFFA6A6A5
:1067400054557C697A687A6A7C6A7C6B7C6C7D6D56
:106750007E6E7F6F806F81718272837284738473A7
:106760008675867687768777887888798979897932
:106770008A7A8A7A8B7B8B7B8B7C8B7D8C7E8C7EE2
:106780008C7E8C7E8B7F8B7F8B7F8B7F8B7F8D7FB7
:106790008D7F8D7F8D7F8D7F8D7F8D7F8D7F8D7F99
:1067A0008D7F8D7F8D7F8D7F8D7F8D7F8B7F8B7F8D
:1067B0008B7F8C7F8C7F8C7E8B7E8A7E8A7D897C92
:1067C000897C8A7B897B887A8779877986788677BE
:1067D0008576857684758474837382728271817202
:1067E00081708170806F806F7F6F7F6F7E6F7E6E34
:1067F0007E6D7D6D7D6C7D6C7E6B7E6B7D6B7D6A51
:106800007D6A7C697C697C697C697C697C697C695E
:106810007D6AD28DC889C98AC98BCC8ECE90CE9222
:10682000D393D396D59BD79DDC9FDEA38F7DA0A06D
:10683000FFFFFFFFFFFFFFFFFFFFFFFFFFFFFFFF68
:10684000FFFFFFFFFFFFFFFFFFFFFFFFFFFFFFFF58
:10685000FFFFFFFFFFFFFFFFF7F75F619A99949338
:106860009392919190908F8E8D8C8B8B8989888952
:1068700087888686A4A5B7B6B3B2AEAEAAAAA5A5E8
:10688000A2A29D9E9B9C717273757679797B7A7FAB
:106890007C817F858086818882898389858A868BB1
:1068A000878C888D898D898DA6A9FFFFFFFFFFFF4B
:1068B000FFFFA6A75558694E68506A516A536B523C
:1068C0006C536D556E556F556F55715672567257A4
:1068D0007358735875597659765A775B785A795C3C
:1068E000795C795B7A5D7A5C7B5E7B5F7C607D61E5
:1068F0007E617E637E637E647F647F647F657F6587
:106900007F667F657F667F677F677F667F667F665E
:106910007F667F667F667F667F667F667F667F664F
:106920007F677F657F667F667F657E647E657E6349
:106930007D647C637C627B627B617A60795F795F76
:10694000785D775D765C765B755A745973587258CA
:1069500071577257705670566F566F556F556F5509
:106960006F546E546D536D536C536C536B526B512B
:106970006B516A516A506950695069506950695049
:10698000695069506A528D29892B8A2D8B2E8E2C45
:10699000902F9230933196329B349D359F36A33998
:1069A0007D5AA0A1FFFFFFFFFFFFFFFFFFFFFFFFDB
:1069B000FFFFFFFFFFFFFFFFFFFFFFFFFFFFFFFFE7
:1069C000FFFFFFFFFFFFFFFFFFFFFFFFFFFFFFFFD7
:1069D000FFFFFFFFFFFFFFFFFFFFFFFFFFFFFFFFC7
:1069E000FFFFFFFF49495A5A9392BCBAB8B7B4B3F4
:1069F000AFAEAAA9A6A5A2A1A4A25252FFFFFFFF73
:106A0000FFFFFFFFFFFFFFFFFFFFFFFFFFFFFFFF96
:106A1000FFFFFFFFFFFFFFFFFFFFFFFFFFFFFFFF86
:106A2000FFFFFFFFFFFFFFFFFFFFFFFFFFFFFFFF76
:106A3000FFFFFFFFFFFFFFFFFFFFFFFFFFFFFFFF66
:106A4000FFFFFFFFFFFFFFFFFFFFFFFFFFFFFFFF56
:106A5000FFFFFFFFFFFFFFFFFFFFFFFFFFFFFFFF46
:106A6000FFFFFFFFFFFFFFFFFFFFFFFFFFFFFFFF36
:106A7000FFFFFFFFFFFFFFFFFFFFFFFFFFFFFFFF26
:106A8000FFFFFFFFFFFFFFFFFFFFFFFFFFFFFFFF16
:106A9000FFFFFFFFFFFFFFFFFFFFFFFFFFFFFFFF06
:106AA000FFFFFFFFFFFFFFFFFFFFFFFFFFFFFFFFF6
:106AB000FFFFFFFFFFFFFFFFFFFFFFFFFFFFFFFFE6
:106AC000FFFFFFFFFFFFFFFFFFFFFFFFFFFFFFFFD6
:106AD000FFFFFFFFFFFFFFFFFFFFFFFFFFFFFFFFC6
:106AE000FFFFFFFFFFFFFFFFFFFFFFFFFFFFFFFFB6
:106AF000FFFFFFFFFFFFFFFFC1C14A51D08BC98AD3
:106B0000C98BCC8ECE90CE92D393D396D59BD79D66
:106B1000DC9FC99C6060FFFFFFFFFFFFFFFFFFFFDF
:106B2000FFFFFFFFFFFFFFFFFFFFFFFFFFFFFFFF75
:106B3000FFFFFFFFFFFFFFFFFFFFFFFFFFFFFFFF65
:106B4000FFFFFFFFFFFFFFFFFFFFFFFFFFFFFFFF55
:106B5000FFFFFFFFFFFFFFFF494B5A5C9293BABA5A
:106B6000B7B6B3B2AEAEA9A9A5A6A1A2A2A352542C
:106B7000FFFFFFFFFFFFFFFFFFFFFFFFFFFFFFFF25
:106B8000FFFFFFFFFFFFFFFFFFFFFFFFFFFFFFFF15
:106B9000FFFFFFFFFFFFFFFFFFFFFFFFFFFFFFFF05
:106BA000FFFFFFFFFFFFFFFFFFFFFFFFFFFFFFFFF5
:106BB000FFFFFFFFFFFFFFFFFFFFFFFFFFFFFFFFE5
:106BC000FFFFFFFFFFFFFFFFFFFFFFFFFFFFFFFFD5
:106BD000FFFFFFFFFFFFFFFFFFFFFFFFFFFFFFFFC5
:106BE000FFFFFFFFFFFFFFFFFFFFFFFFFFFFFFFFB5
:106BF000FFFFFFFFFFFFFFFFFFFFFFFFFFFFFFFFA5
:106C0000FFFFFFFFFFFFFFFFFFFFFFFFFFFFFFFF94
:106C1000FFFFFFFFFFFFFFFFFFFFFFFFFFFFFFFF84
:106C2000FFFFFFFFFFFFFFFFFFFFFFFFFFFFFFFF74
:106C3000FFFFFFFFFFFFFFFFFFFFFFFFFFFFFFFF64
:106C4000FFFFFFFFFFFFFFFFFFFFFFFFFFFFFFFF54
:106C5000FFFFFFFFFFFFFFFFFFFFFFFFFFFFFFFF44
:106C6000FFFFFFFFFFFFFFFFFFFFFFFFC1C1515EFF
:106C70008B248A2D8B2E8E2C902F9230933196322E
:106C80009B349D359F369C486062FFFFFFFFFFFFEE
:106C9000FFFFFFFFFFFFFFFFFFFFFFFFFFFFFFFF04
:106CA000FFFFFFFFFFFFFFFFFFFFFFFFFFFFFFFFF4
:106CB000FFFFFFFFFFFFFFFFFFFFFFFFFFFFFFFFE4
:106CC000FFFFFFFFFFFFFFFFFFFFFFFF48485A5A8C
:106CD0009495BFBFBBBBB7B6B3B2AFAEAAA9A6A5CA
:106CE000A8A75353FFFFFFFFFFFFFFFFFFFFFFFFBB
:106CF000FFFFFFFFFFFFFFFFFFFFFFFFFFFFFFFFA4
:106D0000FFFFFFFFFFFFFFFFFFFFFFFFFFFFFFFF93
:106D1000FFFFFFFFFFFFFFFFFFFFFFFFFFFFFFFF83
:106D2000FFFFFFFFFFFFFFFFFFFFFFFFFFFFFFFF73
:106D3000FFFFFFFFFFFFFFFFFFFFFFFFFFFFFFFF63
:106D4000FFFFFFFFFFFFFFFFFFFFFFFFFFFFFFFF53
:106D5000FFFFFFFFFFFFFFFFFFFFFFFFFFFFFFFF43
:106D6000FFFFFFFFFFFFFFFFFFFFFFFFFFFFFFFF33
:106D7000FFFFFFFFFFFFFFFFFFFFFFFFFFFFFFFF23
:106D8000FFFFFFFFFFFFFFFFFFFFFFFFFFFFFFFF13
:106D9000FFFFFFFFFFFFFFFFFFFFFFFFFFFFFFFF03
:106DA000FFFFFFFFFFFFFFFFFFFFFFFFFFFFFFFFF3
:106DB000FFFFFFFFFFFFFFFFFFFFFFFFFFFFFFFFE3
:106DC000FFFFFFFFFFFFFFFFFFFFFFFFFFFFFFFFD3
:106DD000FFFFFFFFFFFFFFFFFFFFFFFFFFFFFFFFC3
:106DE000FFFF66665A5ACA8AC98BCC8ECE90CE9265
:106DF000D393D396D59BD79DE9A83E3FFFFFFFFFD6
:106E0000FFFFFFFFFFFFFFFFFFFFFFFFFFFFFFFF92
:106E1000FFFFFFFFFFFFFFFFFFFFFFFFFFFFFFFF82
:106E2000FFFFFFFFFFFFFFFFFFFFFFFFFFFFFFFF72
:106E3000FFFFFFFFFFFFFFFFFFFFFFFFFFFFFFFF62
:106E4000484A5A5C9594BFBCBBB9B6B5B2B1AEAEB8
:106E5000A9A9A5A6A7A75355FFFFFFFFFFFFFFFFA7
:106E6000FFFFFFFFFFFFFFFFFFFFFFFFFFFFFFFF32
:106E7000FFFFFFFFFFFFFFFFFFFFFFFFFFFFFFFF22
:106E8000FFFFFFFFFFFFFFFFFFFFFFFFFFFFFFFF12
:106E9000FFFFFFFFFFFFFFFFFFFFFFFFFFFFFFFF02
:106EA000FFFFFFFFFFFFFFFFFFFFFFFFFFFFFFFFF2
:106EB000FFFFFFFFFFFFFFFFFFFFFFFFFFFFFFFFE2
:106EC000FFFFFFFFFFFFFFFFFFFFFFFFFFFFFFFFD2
:106ED000FFFFFFFFFFFFFFFFFFFFFFFFFFFFFFFFC2
:106EE000FFFFFFFFFFFFFFFFFFFFFFFFFFFFFFFFB2
:106EF000FFFFFFFFFFFFFFFFFFFFFFFFFFFFFFFFA2
:106F0000FFFFFFFFFFFFFFFFFFFFFFFFFFFFFFFF91
:106F1000FFFFFFFFFFFFFFFFFFFFFFFFFFFFFFFF81
:106F2000FFFFFFFFFFFFFFFFFFFFFFFFFFFFFFFF71
:106F3000FFFFFFFFFFFFFFFFFFFFFFFFFFFFFFFF61
:106F4000FFFFFFFFFFFFFFFFFFFFFFFFFFFFFFFF51
:106F5000FFFFFFFFFFFF66695A5C8A2C8B2E8E2C89
:106F6000902F9230933196329B349D35A8353F4314
:106F7000FFFFFFFFFFFFFFFFFFFFFFFFFFFFFFFF21
:106F8000FFFFFFFFFFFFFFFFFFFFFFFFFFFFFFFF11
:106F9000FFFFFFFFFFFFFFFFFFFFFFFFFFFFFFFF01
:106FA000FFFFFFFFFFFFFFFFFFFFFFFFFFFFFFFFF1
:106FB000FFFFFFFF48485A5A9795C3C1BFBEBBBAEF
:106FC000B7B6B3B2AFADABAAACAC6262FFFFFFFF26
:106FD000FFFFFFFFFFFFFFFFFFFFFFFFFFFFFFFFC1
:106FE000FFFFFFFFFFFFFFFFFFFFFFFFFFFFFFFFB1
:106FF000FFFFFFFFFFFFFFFFFFFFFFFFFFFFFFFFA1
:10700000FFFFFFFFFFFFFFFFFFFFFFFFFFFFFFFF90
:10701000FFFFFFFFFFFFFFFFFFFFFFFFFFFFFFFF80
:10702000FFFFFFFFFFFFFFFFFFFFFFFFFFFFFFFF70
:10703000FFFFFFFFFFFFFFFFFFFFFFFFFFFFFFFF60
:10704000FFFFFFFFFFFFFFFFFFFFFFFFFFFFFFFF50
:10705000FFFFFFFFFFFFFFFFFFFFFFFFFFFFFFFF40
:10706000FFFFFFFFFFFFFFFFFFFFFFFFFFFFFFFF30
:10707000FFFFFFFFFFFFFFFFFFFFFFFFFFFFFFFF20
:10708000FFFFFFFFFFFFFFFFFFFFFFFFFFFFFFFF10
:10709000FFFFFFFFFFFFFFFFFFFFFFFFFFFFFFFF00
:1070A000FFFFFFFFFFFFFFFFFFFFFFFFFFFFFFFFF0
:1070B000FFFFFFFFFFFFFFFFFFFFFFFFFFFFFFFFE0
:1070C000FFFFFFFFFFFFFFFFFFFFFFFF4141977A39
:1070D000C98ACC8ECE90CE92D393D396D59BE9A479
:1070E000383DFFFFFFFFFFFFFFFFFFFFFFFFFFFF39
:1070F000FFFFFFFFFFFFFFFFFFFFFFFFFFFFFFFFA0
:10710000FFFFFFFFFFFFFFFFFFFFFFFFFFFFFFFF8F
:10711000FFFFFFFFFFFFFFFFFFFFFFFFFFFFFFFF7F
:10712000FFFFFFFFFFFFFFFF484A5A5C9598C1BF72
:10713000BEBCBAB9B6B5B2B2ADADAAAAACAC6264C7
:10714000FFFFFFFFFFFFFFFFFFFFFFFFFFFFFFFF4F
:10715000FFFFFFFFFFFFFFFFFFFFFFFFFFFFFFFF3F
:10716000FFFFFFFFFFFFFFFFFFFFFFFFFFFFFFFF2F
:10717000FFFFFFFFFFFFFFFFFFFFFFFFFFFFFFFF1F
:10718000FFFFFFFFFFFFFFFFFFFFFFFFFFFFFFFF0F
:10719000FFFFFFFFFFFFFFFFFFFFFFFFFFFFFFFFFF
:1071A000FFFFFFFFFFFFFFFFFFFFFFFFFFFFFFFFEF
:1071B000FFFFFFFFFFFFFFFFFFFFFFFFFFFFFFFFDF
:1071C000FFFFFFFFFFFFFFFFFFFFFFFFFFFFFFFFCF
:1071D000FFFFFFFFFFFFFFFFFFFFFFFFFFFFFFFFBF
:1071E000FFFFFFFFFFFFFFFFFFFFFFFFFFFFFFFFAF
:1071F000FFFFFFFFFFFFFFFFFFFFFFFFFFFFFFFF9F
:10720000FFFFFFFFFFFFFFFFFFFFFFFFFFFFFFFF8E
:10721000FFFFFFFFFFFFFFFFFFFFFFFFFFFFFFFF7E
:10722000FFFFFFFFFFFFFFFFFFFFFFFFFFFFFFFF6E
:10723000FFFFFFFFFFFFFFFFFFFFFFFFFFFFFFFF5E
:1072400041437A4D8A2E8E2C902F92309331963274
:107250009B34A42E3D48FFFFFFFFFFFFFFFFFFFF12
:10726000FFFFFFFFFFFFFFFFFFFFFFFFFFFFFFFF2E
:10727000FFFFFFFFFFFFFFFFFFFFFFFFFFFFFFFF1E
:10728000FFFFFFFFFFFFFFFFFFFFFFFFFFFFFFFF0E
:10729000FFFFFFFFFFFFFFFFFFFFFFFF48485A5AB6
:1072A0009897C5C3C3C1BFBEBBB9B8B6B3B2AEAE83
:1072B000B0AF6262FFFFFFFFFFFFFFFFFFFFFFFFB7
:1072C000FFFFFFFFFFFFFFFFFFFFFFFFFFFFFFFFCE
:1072D000FFFFFFFFFFFFFFFFFFFFFFFFFFFFFFFFBE
:1072E000FFFFFFFFFFFFFFFFFFFFFFFFFFFFFFFFAE
:1072F000FFFFFFFFFFFFFFFFFFFFFFFFFFFFFFFF9E
:10730000FFFFFFFFFFFFFFFFFFFFFFFFFFFFFFFF8D
:10731000FFFFFFFFFFFFFFFFFFFFFFFFFFFFFFFF7D
:10732000FFFFFFFFFFFFFFFFFFFFFFFFFFFFFFFF6D
:10733000FFFFFFFFFFFFFFFFFFFFFFFFFFFFFFFF5D
:10734000FFFFFFFFFFFFFFFFFFFFFFFFFFFFFFFF4D
:10735000FFFFFFFFFFFFFFFFFFFFFFFFFFFFFFFF3D
:10736000FFFFFFFFFFFFFFFFFFFFFFFFFFFFFFFF2D
:10737000FFFFFFFFFFFFFFFFFFFFFFFFFFFFFFFF1D
:10738000FFFFFFFFFFFFFFFFFFFFFFFFFFFFFFFF0D
:10739000FFFFFFFFFFFFFFFFFFFFFFFFFFFFFFFFFD
:1073A000FFFFFFFFFFFFFFFFFFFFFFFFFFFFFFFFED
:1073B000FFFFFFFFFFFF4B4DD091CC8ECE90CE92C2
:1073C000D393D396DD9E3C47FFFFFFFFFFFFFFFFF8
:1073D000FFFFFFFFFFFFFFFFFFFFFFFFFFFFFFFFBD
:1073E000FFFFFFFFFFFFFFFFFFFFFFFFFFFFFFFFAD
:1073F000FFFFFFFFFFFFFFFFFFFFFFFFFFFFFFFF9D
:10740000FFFFFFFFFFFFFFFFFFFFFFFFFFFFFFFF8C
:10741000484A5A5C9799C3C3C1BFBEBCB9B8B6B598
:10742000B2B1AEAEAFAF6264FFFFFFFFFFFFFFFF81
:10743000FFFFFFFFFFFFFFFFFFFFFFFFFFFFFFFF5C
:10744000FFFFFFFFFFFFFFFFFFFFFFFFFFFFFFFF4C
:10745000FFFFFFFFFFFFFFFFFFFFFFFFFFFFFFFF3C
:10746000FFFFFFFFFFFFFFFFFFFFFFFFFFFFFFFF2C
:10747000FFFFFFFFFFFFFFFFFFFFFFFFFFFFFFFF1C
:10748000FFFFFFFFFFFFFFFFFFFFFFFFFFFFFFFF0C
:10749000FFFFFFFFFFFFFFFFFFFFFFFFFFFFFFFFFC
:1074A000FFFFFFFFFFFFFFFFFFFFFFFFFFFFFFFFEC
:1074B000FFFFFFFFFFFFFFFFFFFFFFFFFFFFFFFFDC
:1074C000FFFFFFFFFFFFFFFFFFFFFFFFFFFFFFFFCC
:1074D000FFFFFFFFFFFFFFFFFFFFFFFFFFFFFFFFBC
:1074E000FFFFFFFFFFFFFFFFFFFFFFFFFFFFFFFFAC
:1074F000FFFFFFFFFFFFFFFFFFFFFFFFFFFFFFFF9C
:10750000FFFFFFFFFFFFFFFFFFFFFFFFFFFFFFFF8B
:10751000FFFFFFFFFFFFFFFFFFFFFFFFFFFFFFFF7B
:10752000FFFFFFFFFFFFFFFFFFFF4D5091328E2C4B
:10753000902F9230933196329E2F475AFFFFFFFFD4
:10754000FFFFFFFFFFFFFFFFFFFFFFFFFFFFFFFF4B
:10755000FFFFFFFFFFFFFFFFFFFFFFFFFFFFFFFF3B
:10756000FFFFFFFFFFFFFFFFFFFFFFFFFFFFFFFF2B
:10757000FFFFFFFFFFFFFFFFFFFFFFFFFFFFFFFF1B
:10758000FFFFFFFF48485A5A9C9CCAC7C6C3C2C0E7
:10759000BFBDBBB9B7B5B3B1B5B46161FFFFFFFF04
:1075A000FFFFFFFFFFFFFFFFFFFFFFFFFFFFFFFFEB
:1075B000FFFFFFFFFFFFFFFFFFFFFFFFFFFFFFFFDB
:1075C000FFFFFFFFFFFFFFFFFFFFFFFFFFFFFFFFCB
:1075D000FFFFFFFFFFFFFFFFFFFFFFFFFFFFFFFFBB
:1075E000FFFFFFFFFFFFFFFFFFFFFFFFFFFFFFFFAB
:1075F000FFFFFFFFFFFFFFFFFFFFFFFFFFFFFFFF9B
:10760000FFFFFFFFFFFFFFFFFFFFFFFFFFFFFFFF8A
:10761000FFFFFFFFFFFFFFFFFFFFFFFFFFFFFFFF7A
:10762000FFFFFFFFFFFFFFFFFFFFFFFFFFFFFFFF6A
:10763000FFFFFFFFFFFFFFFFFFFFFFFFFFFFFFFF5A
:10764000FFFFFFFFFFFFFFFFFFFFFFFFFFFFFFFF4A
:10765000FFFFFFFFFFFFFFFFFFFFFFFFFFFFFFFF3A
:10766000FFFFFFFFFFFFFFFFFFFFFFFFFFFFFFFF2A
:10767000FFFFFFFFFFFFFFFFFFFFFFFFFFFFFFFF1A
:10768000FFFFFFFFFFFFFFFFFFFFFFFFF3F3FFFF22
:10769000FFFFFFFFFFFFFFFFFFFFFFFFFFFFEDED1E
:1076A0004B50DA93CE90CE92D393D5975559F0F0B4
:1076B000FFFFFFFFFFFFFFFFFFFFFFFFFFFFFFFFDA
:1076C000FFFFFFFFFFFFFFFFFFFFFFFFFFFFFFFFCA
:1076D000FFFFFFFFFFFFFFFFFFFFFFFFFFFFFFFFBA
:1076E000FFFFFFFFFFFFFFFFFFFFFFFFFFFFFFFFAA
:1076F000FFFFFFFFFFFFFFFF484A5A5C9C9DC7C585
:10770000C3C3C0BFBDBBB9B9B5B5B1B1B4B3616492
:10771000FFFFFFFFFFFFFFFFFFFFFFFFFFFFFFFF79
:10772000FFFFFFFFFFFFFFFFFFFFFFFFFFFFFFFF69
:10773000FFFFFFFFFFFFFFFFFFFFFFFFFFFFFFFF59
:10774000FFFFFFFFFFFFFFFFFFFFFFFFFFFFFFFF49
:10775000FFFFFFFFFFFFFFFFFFFFFFFFFFFFFFFF39
:10776000FFFFFFFFFFFFFFFFFFFFFFFFFFFFFFFF29
:10777000FFFFFFFFFFFFFFFFFFFFFFFFFFFFFFFF19
:10778000FFFFFFFFFFFFFFFFFFFFFFFFFFFFFFFF09
:10779000FFFFFFFFFFFFFFFFFFFFFFFFFFFFFFFFF9
:1077A000FFFFFFFFFFFFFFFFFFFFFFFFFFFFFFFFE9
:1077B000FFFFFFFFFFFFFFFFFFFFFFFFFFFFFFFFD9
:1077C000FFFFFFFFFFFFFFFFFFFFFFFFFFFFFFFFC9
:1077D000FFFFFFFFFFFFFFFFFFFFFFFFFFFFFFFFB9
:1077E000FFFFFFFFFFFFFFFFFFFFFFFFFFFFFFFFA9
:1077F000FFFFFFFFFFFFFFFFFFFFFFFFFFFFFFFF99
:10780000F3F4FFFFFFFFFFFFFFFFFFFFFFFFFFFF9F
:10781000FFFFEDED505B9326902F92309331973020
:107820005963F0EFFFFFFFFFFFFFFFFFFFFFFFFFC9
:10783000FFFFFFFFFFFFFFFFFFFFFFFFFFFFFFFF58
:10784000FFFFFFFFFFFFFFFFFFFFFFFFFFFFFFFF48
:10785000FFFFFFFFFFFFFFFFFFFFFFFFFFFFFFFF38
:10786000FFFFFFFFFFFFFFFFFFFFFFFF48485A5AE0
:10787000AAA9CCCACAC7C6C4C2C0BEBCBBB9B7B528
:10788000BAB96161FFFFFFFFFFFFFFFFFFFF41414B
:107890004545454545454545454545454545454598
:1078A0004040FFFFFFFF3F3F4545454545454545B6
:1078B0004545454545454545454545454545454578
:1078C0004545454545454545454545457070FFFF9E
:1078D000FFFFFFFFFFFFFFFFFFFFFFFFC8C84141A2
:1078E000FFFFFFFFFFFFFFFFFFFFFFFFFFFFFFFFA8
:1078F000FFFFFFFFFFFFFFFF7E7EFFFFFFFFFFFF9A
:10790000FFFFFFFFFFFFFFFFFFFFFFFFFFFFA4A43D
:107910005656565656565656565656565656565607
:1079200056566464FFFFFFFFADAD56565656565689
:107930005656565656565656565656566363FFFF7B
:10794000FFFFAAAA565656565656565656565656DD
:107950005656565656565A5AFFFFBDBD565656569F
:1079600056565656565656565656565656565656B7
:10797000FFFFFFFFC5C59B9BFFFFFFFFFFFFFFFF53
:10798000FFFFFFFFFFFFFFFF8B8B4B52D091CE928B
:10799000D3938473AAAAFFFFFFFFFFFFFFFFFFFF40
:1079A000FFFFFFFFFFFF45453C3CFFFFFFFFFFFFE1
:1079B000FFFFFFFFFFFFFFFFFFFFFFFFFFFFFFFFD7
:1079C000FFFFFFFFFFFFFFFFFFFFFFFFFFFFFFFFC7
:1079D000FFFFFFFFFFFFFFFFFFFFFFFFFFFFFFFFB7
:1079E000484A5A5CA9A9CAC8C7C5C4C2C0BFBCBB63
:1079F000B9B9B5B5B9B86163FFFFFFFFFFFFFFFF7E
:107A0000FFFF4143454745474547454745474547AC
:107A1000454745474042FFFFFFFF3F414547454738
:107A200045474547454745474547454745474547F6
:107A300045474547454745474547454745474548E5
:107A40007073FFFFFFFFFFFFFFFFFFFFFFFFFFFF61
:107A5000C8C94144FFFFFFFFFFFFFFFFFFFFFFFF1C
:107A6000FFFFFFFFFFFFFFFFFFFFFFFF7E80FFFF26
:107A7000FFFFFFFFFFFFFFFFFFFFFFFFFFFFFFFF16
:107A8000FFFFA4A55658565856585658565856589B
:107A90005658565856586465FFFFFFFFADAF56580D
:107AA0005658565856585658565856585658565866
:107AB0006365FFFFFFFFAAAB5658565856585658F5
:107AC000565856585658565856585A5CFFFFBDBD22
:107AD0005658565856585658565856585658565836
:107AE00056585659FFFFFFFFC5C59B9CFFFFFFFF80
:107AF000FFFFFFFFFFFFFFFFFFFFFFFF8B8B525ECC
:107B0000912C923093317359AAABFFFFFFFFFFFF17
:107B1000FFFFFFFFFFFFFFFFFFFF45473C3EFFFF6B
:107B2000FFFFFFFFFFFFFFFFFFFFFFFFFFFFFFFF65
:107B3000FFFFFFFFFFFFFFFFFFFFFFFFFFFFFFFF55
:107B4000FFFFFFFFFFFFFFFFFFFFFFFFFFFFFFFF45
:107B5000FFFFFFFF48485A5AACABD1CECCCAC9C6CA
:107B6000C5C3C2C0BEBCBAB8BEBD6161FFFFFFFFE6
:107B7000FFFFFFFFFFFF51515757585858585858AB
:107B8000585858585858585858584848FFFF4E4E5B
:107B90005757585858585858585858585858585867
:107BA0005858585858585858585858585858585855
:107BB0005858585858587070FFFFFFFFFFFFFFFFDD
:107BC000FFFFFFFF535358586F6FFFFFFFFFFFFF8B
:107BD000FFFFFFFFFFFFFFFFFFFFFFFFFFFFFFFFB5
:107BE00055558585FFFFFFFFFFFFFFFFFFFFFFFFED
:107BF000FFFFFFFFFFFF969658585858585858589F
:107C00005858585858585858585858585B5BFFFFA0
:107C1000ADAD57585858585858585858585858583B
:107C20005858585858585A5AFFFFACAC58585858DA
:107C300058585858585858585858585858585858C4
:107C40005252C4C4575858585858585858585858E9
:107C500058585858585858584C4CFFFFC5C5585894
:107C6000C1C1FFFFFFFFFFFFFFFFFFFFFFFFFFFFA0
:107C7000FFFF4646796CCE91BA8C6464FFFFFFFF2C
:107C8000FFFFFFFFFFFFFFFFFFFFFFFF828258584C
:107C900057579A9AFFFFFFFFFFFFFFFFFFFFFFFF0E
:107CA000FFFFFFFFFFFFFFFFFFFFFFFFFFFFFFFFE4
:107CB000FFFFFFFFFFFFFFFFFFFFFFFFFFFFFFFFD4
:107CC000FFFFFFFFFFFFFFFF484A5A5CABAACECB86
:107CD000CAC8C6C5C3C2C0BFBCBBB8B8BDBC61635F
:107CE000FFFFFFFFFFFFFFFFFFFF51535759585A98
:107CF000585A585A585A585A585A585A585A484A14
:107D0000FFFF4E505759585A585A585A585A585AAD
:107D1000585A585A585A585A585A585A585A585AD3
:107D2000585A585A585A585A585A7072FFFFFFFFFB
:107D3000FFFFFFFFFFFFFFFF5356585A6F71FFFF12
:107D4000FFFFFFFFFFFFFFFFFFFFFFFFFFFFFFFF43
:107D5000FFFFFFFF55578586FFFFFFFFFFFFFFFF78
:107D6000FFFFFFFFFFFFFFFFFFFF9698585A585A8B
:107D7000585A585A585A585A585A585A585A585A73
:107D80005B5DFFFFADB0585A585A585A585A585A66
:107D9000585A585A585A585A585A5A5BFFFFACAD5D
:107DA000585A585A585A585A585A585A585A585A43
:107DB000585A585A5254C4C5585A585A585A585A68
:107DC000585A585A585A585A585A585A4C4EFFFFEF
:107DD000C5C5585AC1C2FFFFFFFFFFFFFFFFFFFFEE
:107DE000FFFFFFFFFFFF46476C5891308C436466EE
:107DF000FFFFFFFFFFFFFFFFFFFFFFFFFFFFFFFF93
:107E00008283585A57599A9BFFFFFFFFFFFFFFFFDE
:107E1000FFFFFFFFFFFFFFFFFFFFFFFFFFFFFFFF72
:107E2000FFFFFFFFFFFFFFFFFFFFFFFFFFFFFFFF62
:107E3000FFFFFFFFFFFFFFFFFFFFFFFF48485A5A0A
:107E4000ADADD4D1D0CECCCAC8C7C5C4C2C0BEBCEB
:107E5000C2C16161FFFFFFFFFFFFFFFFFFFF515145
:107E60005A5B6262616363636364636465656567EB
:107E700065666565C6C64F4F5A5B66676767676725
:107E80006767676768686768686868696869696973
:107E90006969696968696868696969696A6A494993
:107EA000FFFFFFFFFFFFFFFFFFFFFFFF5050575790
:107EB0004949FFFFFFFFFFFFFFFFFFFFFFFFFFFF3E
:107EC000FFFFFFFFFFFFFFFF54545A5A7878FFFF70
:107ED000FFFFFFFFFFFFFFFFFFFFFFFFFFFF989880
:107EE000585757577C7B7B7A7A797A797978797980
:107EF000797879785050FFFFADAD58585555676780
:107F00006666666666656565646465656565505048
:107F1000FFFFACAC5858575763636262616261619E
:107F200062626363636464645152CFCF585855559D
:107F30006969686968696969696A6969696A6A6AAF
:107F40005757FFFFC5C558585454FFFFFFFFFFFFA9
:107F5000FFFFFFFFFFFFFFFFFFFFFFFF4242C19157
:107F60004142FFFFFFFFFFFFFFFFFFFFFFFFFFFF9C
:107F7000FFFFE1E1585858585D5D9F9FFFFFFFFFED
:107F8000FFFFFFFFFFFFFFFFFFFFFFFFFFFFFFFF01
:107F9000FFFFFFFFFFFFFFFFFFFFFFFFFFFFFFFFF1
:107FA000FFFFFFFFFFFFFFFFFFFFFFFFFFFFFFFFE1
:107FB000484A5A5CADADD1CECECACAC8C7C5C4C244
:107FC000C0BFBCBBC1BF6163FFFFFFFFFFFFFFFF7F
:107FD000FFFF51535B5D6265636563666467646759
:107FE0006567676866696569C6C64F515B5D676AA4
:107FF000676A676A676B676A686B686A686B696BF0
:10800000696B696B696B696B696B686B696B696BD1
:108010006A6C494BFFFFFFFFFFFFFFFFFFFFFFFF02
:1080200050525759494BFFFFFFFFFFFFFFFFFFFF74
:10803000FFFFFFFFFFFFFFFFFFFFFFFF54565A5CEC
:10804000787AFFFFFFFFFFFFFFFFFFFFFFFFFFFF4C
:10805000FFFF9899575957597B7B7A7A797A7979C2
:1080600078797979787878775052FFFFADB0585A9F
:1080700055576769666966686567656764686567B7
:1080800065675052FFFFACAD585A5759636562653A
:108090006263616362656366646664675254CFD0ED
:1080A000585A5557696C696C696C696C6A6C696D72
:1080B0006A6D6A6D5759FFFFC5C5585A5456FFFF80
:1080C000FFFFFFFFFFFFFFFFFFFFFFFFFFFFFFFFC0
:1080D000424591434246FFFFFFFFFFFFFFFFFFFFC7
:1080E000FFFFFFFFFFFFE1E0585A585A5D5F9FA076
:1080F000FFFFFFFFFFFFFFFFFFFFFFFFFFFFFFFF90
:10810000FFFFFFFFFFFFFFFFFFFFFFFFFFFFFFFF7F
:10811000FFFFFFFFFFFFFFFFFFFFFFFFFFFFFFFF6F
:10812000FFFFFFFF48485A5AAFAFD7D4D3D0D0CDC6
:10813000CBCAC8C6C6C3C2BFC7C56262FFFFFFFFC6
:10814000FFFFFFFFFFFF5151595A989794949A9B54
:10815000A1A1A4A6A9ABADAFB1B3AAADC6C64F4FFE
:108160005A5BBCBCC2C3C5C6C8C8CBCBCECDD0D071
:10817000D3D1D5D2D8D6DBD9DCDAE0DDE2DFE3E05B
:10818000E6E4E7E4ECE94949FFFFFFFFFFFFFFFFFB
:10819000FFFFB1B1585857578F90E2E2FFFFFFFF42
:1081A000FFFFFFFFFFFFFFFFFFFFFFFFFFFFFFFFDF
:1081B00054545353D1CF7373FFFFFFFFFFFFFFFFF3
:1081C000FFFFFFFFFFFF989858575B5BEDE9EAE57B
:1081D000E9E5E6E3E7E2E2E0DFDEE0DD595AFFFF52
:1081E000ADAD58585050D0CDCBC8C8C5C5C3C1BF20
:1081F000BDBBBBB7B7B65D5CFFFFACAC58585252C5
:10820000A3A39C9B9897949294939B9B9F9FA3A5B9
:108210005D5ECFCF58585050B6B8B4B7B7BABABDF4
:10822000BDBEC1C2C2C3C5C65F60FFFFC5C5585849
:1082300056553E3EFFFFFFFFFFFFFFFFFFFFFFFF23
:10824000FFFFFFFFFFFF2F2FFFFFFFFFFFFFFFFFDE
:10825000FFFFFFFFFFFFFFFFFFFF53535858585822
:108260006E6F9F9FFFFFFFFFFFFFFFFFFFFFFFFFFF
:10827000FFFFFFFFFFFFFFFFFFFFFFFFFFFFFFFF0E
:10828000FFFFFFFFFFFFFFFFFFFFFFFFFFFFFFFFFE
:10829000FFFFFFFFFFFFFFFF484A5A5CAFAED4D19C
:1082A000D0CECDCBCAC8C6C5C3C1BFBFC5C362642B
:1082B000FFFFFFFFFFFFFFFFFFFF51535A5C979740
:1082C00094959B9DA1A5A6ACABB2AFB9B3BEADB71B
:1082D000C6C64F515B5DBCC6C3CCC6CEC8CECBD2E2
:1082E000CDD2D0D4D1D6D2D7D6D7D9DBDADDDDDC2A
:1082F000DFE0E0E1E4E2E4E3E9E6494BFFFFFFFF12
:10830000FFFFFFFFFFFFB1B1585A57599091E2E3C9
:10831000FFFFFFFFFFFFFFFFFFFFFFFFFFFFFFFF6D
:10832000FFFFFFFF54565355CFCD7375FFFFFFFF7F
:10833000FFFFFFFFFFFFFFFFFFFF989957595B5EAD
:10834000E9E4E5E0E5E0E3DEE2DCE0DADED9DDD831
:108350005A5BFFFFADB0585A5053CDCBC8C5C5C30B
:10836000C3C0BFBEBBBAB7B8B6B55C5FFFFFACADAC
:10837000585A5254A3A29B9C9799929393959B9C75
:108380009FA4A5AB5E5FCFD0585A5051B8C4B7C3B5
:10839000BAC5BDC6BEC9C2CAC3CDC6CE6061FFFFE5
:1083A000C5C5585A55573E40FFFFFFFFFFFFFFFF6F
:1083B000FFFFFFFFFFFFFFFFFFFF2F31FFFFFFFF6B
:1083C000FFFFFFFFFFFFFFFFFFFFFFFFFFFF535513
:1083D000585A585A6F6F9FA0FFFFFFFFFFFFFFFF24
:1083E000FFFFFFFFFFFFFFFFFFFFFFFFFFFFFFFF9D
:1083F000FFFFFFFFFFFFFFFFFFFFFFFFFFFFFFFF8D
:10840000FFFFFFFFFFFFFFFFFFFFFFFF48485A5A34
:10841000B0B1DAD7D7D5D4D1CFCDCCCAC8C7C6C4AE
:10842000CCCA6262FFFFFFFFFFFFFFFFFFFF51515A
:10843000595A9E9D959493939A9BA0A1A5A7AAABE8
:10844000ADB0A8AAC6C64F4F5A5BB9B9C0C1C2C326
:10845000C5C6C8C8CBCBCECDD1D0D3D1D5D4D8D733
:10846000DBD8DDDBDFDEE2DFE3E0E6E2EAE7494935
:10847000FFFFFFFFFFFFFFFFFFFF4B4B58584D4D26
:10848000FFFF5959FFFFFFFFFFFFFFFFFFFFFFFF48
:10849000FFFFFFFFFFFFFFFF54545454FEFBC7C50F
:1084A0007474FFFFFFFFFFFFFFFFFFFFFFFF9898C0
:1084B00058575B5BF0ECEDE7EBE6E9E6E6E3E7E176
:1084C000E3DFE1DF5A59FFFFADAD58585050D4D12A
:1084D000CDCACBC8C7C5C4C3C1C0BEBCBBB953534A
:1084E000FFFFACAC58585153A7A6A09F9D9C9898ED
:1084F000949495959B9B9FA15D5ECFCF585851500A
:10850000B4B7B3B5B5B7B8B9BABCBEBFC1C1C2C4C0
:108510005F5FFFFFC5C558584E4EE4E24040FFFF85
:10852000FFFFFFFFFFFFFFFFFFFFFFFFFFFFFFFF5B
:10853000FFFFFFFFFFFFFFFFFFFFFFFFFFFFFFFF4B
:108540004242585857584141FFFFA0A0FFFFFFFF8C
:10855000FFFFFFFFFFFFFFFFFFFFFFFFFFFFFFFF2B
:10856000FFFFFFFFFFFFFFFFFFFFFFFFFFFFFFFF1B
:10857000FFFFFFFFFFFFFFFFFFFFFFFFFFFFFFFF0B
:10858000484A5A5CB1B0D7D4D5D1D1CECDCACAC829
:10859000C7C6C4C1CAC86264FFFFFFFFFFFFFFFF79
:1085A000FFFF51535A5C9D9D949593959B9FA1A568
:1085B000A7ACABB2B0B9AAB4C6C64F515B5DB9C4E3
:1085C000C1CAC3CDC6CEC8CFCBD1CDD2D0D4D1D5E0
:1085D000D4D7D7D9D8DCDBDCDEDDDFE0E0DFE2E1D9
:1085E000E7E5494BFFFFFFFFFFFFFFFFFFFF4B4E9C
:1085F000585A4D4FFFFF595AFFFFFFFFFFFFFFFF84
:10860000FFFFFFFFFFFFFFFFFFFFFFFF5456545622
:10861000FBF4C5C37475FFFFFFFFFFFFFFFFFFFF04
:10862000FFFF989957595B5EECE6E7E3E6E1E6E089
:10863000E3DEE1DDDFDBDFDA595BFFFFADB0585A87
:108640005053D1CECAC8C8C5C5C3C3C0C0BEBCBBC9
:10865000B9B95355FFFFACAD585A5355A6A69F9FC5
:108660009C9C9899949595969B9EA1A45E60CFD072
:10867000585A5052B7C1B5C1B7C3B9C5BCC5BFCAB6
:10868000C1CAC4CD5F62FFFFC5C5585A4E50E2E66D
:108690004042FFFFFFFFFFFFFFFFFFFFFFFFFFFF66
:1086A000FFFFFFFFFFFFFFFFFFFFFFFFFFFFFFFFDA
:1086B000FFFFFFFF4245585A585A4144FFFFA0A10F
:1086C000FFFFFFFFFFFFFFFFFFFFFFFFFFFFFFFFBA
:1086D000FFFFFFFFFFFFFFFFFFFFFFFFFFFFFFFFAA
:1086E000FFFFFFFFFFFFFFFFFFFFFFFFFFFFFFFF9A
:1086F000FFFFFFFF4848595AB3B2DEDBDAD8D6D5C0
:10870000D3D0CFCDCBC9C7C7D0CD6262FFFFFFFFAB
:10871000FFFFFFFFFFFF51515959A2A1999995946D
:1087200095969A9CA1A1A6A8A9ACA4A7C6C64F4F8E
:108730005A5BB5B7BDBEC1C1C2C3C5C5C8C8CBCBE6
:10874000CFCDD1D0D3D2D5D4D8D6DBD8DDDBE0DEC7
:10875000E2DFE5E2E9E64949FFFFFFFFFFFFFFFF38
:10876000FFFF535358576060F5F25152FFFFFFFF70
:10877000FFFFFFFFFFFFFFFFFFFFFFFFFFFFFFFF09
:1087800054545454FEFBF3EFC8C66262FFFFFFFF70
:10879000FFFFFFFFFFFF989858575B5BF0ECEDEA97
:1087A000ECE7EBE7E9E6E6E3E6E2E3DF5A5BFFFF4F
:1087B000ADAD58585150D6D3D0CECDCBCBC7C7C511
:1087C000C4C2C1BFBEBB5453FFFFACAC58585352D8
:1087D000ABAAA3A29F9E9C9A9898929395949C9BD7
:1087E0005C5DCFCF58585151B1B4B1B4B4B6B4B741
:1087F000B8BBBBBCBEBFC2C25F61FFFFC5C5585896
:108800004F4FD6D5B9B96F70FFFFFFFFFFFFFFFFD6
:10881000FFFFFFFFFFFFFFFFFFFFFFFFFFFFFFFF68
:10882000FFFFFFFFFFFF3F3F585857574848FFFFE4
:10883000FFFDA0A0FFFFFFFFFFFFFFFFFFFFFFFF08
:10884000FFFFFFFFFFFFFFFFFFFFFFFFFFFFFFFF38
:10885000FFFFFFFFFFFFFFFFFFFFFFFFFFFFFFFF28
:10886000FFFFFFFFFFFFFFFF484A5A5CB2B1DBD7B3
:10887000D8D4D5D1D0CDCDCAC9C7C7C4CDCB6264F9
:10888000FFFFFFFFFFFFFFFFFFFF5153595BA1A158
:10889000999A949596969C9EA1A7A8AEACB3A7AFC3
:1088A000C6C64F515B5DB7C2BEC8C1CBC3CCC5CE37
:1088B000C8CFCBD1CDD2D0D4D2D6D4D9D6D8D8DB8C
:1088C000DBDDDEDEDFE0E2E0E6E4494DFFFFFFFF57
:1088D000FFFFFFFFFFFF535557596063F2EC5254FF
:1088E000FFFFFFFFFFFFFFFFFFFFFFFFFFFFFFFF98
:1088F000FFFFFFFF54565456FBF4EFE9C6C4626411
:10890000FFFFFFFFFFFFFFFFFFFF989957595B5ED7
:10891000ECE6EAE4E7E2E7E2E6E0E3DEE2DEDFDC23
:108920005B5BFFFFADB0585A5052D3D0CECACBC913
:10893000C7C6C5C3C2C0BFBEBBBA5355FFFFACADAF
:10894000585A5255AAAAA2A39E9F9A9C989893946B
:1089500094969B9E5D5FCFD0585A5152B4BDB4BE21
:10896000B6C1B7C3BBC6BCC6BFC9C2CB6162FFFF3D
:10897000C5C5585A4F50D5DAB9BD7071FFFFFFFF1A
:10898000FFFFFFFFFFFFFFFFFFFFFFFFFFFFFFFFF7
:10899000FFFFFFFFFFFFFFFFFFFF3F42585A5759FE
:1089A000484CFFFBFDF8A0A1FFFFFFFFFFFFFFFF0B
:1089B000FFFFFFFFFFFFFFFFFFFFFFFFFFFFFFFFC7
:1089C000FFFFFFFFFFFFFFFFFFFFFFFFFFFFFFFFB7
:1089D000FFFFFFFFFFFFFFFFFFFFFFFF4848585863
:1089E000B5B2DFDDDDDADAD8D6D4D3D0D0CCCBC97E
:1089F000D3D16262FFFFFFFFFFFFFFFFFFFF525275
:108A0000595AA6A49E9D9899949395959C9CA2A32F
:108A1000A6A8A3A3C6C64F4F5A5BB2B5B9BABDBD8F
:108A2000C0C0C3C4C6C5C8C8CCCCCECDD2D0D3D1AB
:108A3000D5D4D8D7DCDADEDCE0DDE2E1E7E4494991
:108A4000FFFFFFFFFFFFFFFF959558585656D7D5FC
:108A5000F2EFD5D3D4D4FFFFFFFFFFFFFFFFFFFFEF
:108A6000FFFFFFFFFFFFFFFF54545454FEFBF4F0E1
:108A7000F3EFD0CE6262FFFFFFFFFFFFFFFF98988A
:108A800058575B5BF2EEEEEAECE9EBE7EBE6EAE582
:108A9000E6E3E6E25A5AFFFFADAD58585150D8D739
:108AA000D3D0D0CDCCCAC9C7C7C5C4C2C1BF535427
:108AB000FFFFACAC58585252AEADA7A6A3A1A09FE1
:108AC0009C9B9797939395955C5BCDCD585851514E
:108AD000AFB0AEAFB2B3B4B6B5B8B8BBBABDBFC035
:108AE0006061FFFFC5C55858504FD2D2D0D07676BE
:108AF000C1C1FFFFFFFFFFFFFFFFFFFFFFFFFFFF02
:108B0000FFFFFFFFFFFFFFFFFFFFFFFF76765858D5
:108B100058575454FCF6F1EDFFFDA0A0FFFFFFFFF6
:108B2000FFFFFFFFFFFFFFFFFFFFFFFFFFFFFFFF55
:108B3000FFFFFFFFFFFFFFFFFFFFFFFFFFFFFFFF45
:108B4000FFFFFFFFFFFFFFFFFFFFFFFFFFFFFFFF35
:108B5000484A585AB2B1DDD8DAD6D8D4D4D0D0CD1C
:108B6000CCC9C9C7D1CD6264FFFFFFFFFFFFFFFF84
:108B7000FFFF52545A5CA4A69D9E99999394959791
:108B80009CA0A3A7A8AEA3AAC6C64F515B5DB5C063
:108B9000BAC6BDC9C0CBC4CDC5CEC8CFCCD2CDD24C
:108BA000D0D4D1D6D4D9D7D9DADCDCDEDDDCE1E033
:108BB000E4E3494BFFFFFFFFFFFFFFFF9597585A84
:108BC0005658D5D2EFE8D3CFD4D4FFFFFFFFFFFF35
:108BD000FFFFFFFFFFFFFFFFFFFFFFFF545654564D
:108BE000FBF4F0EAEFE9CECB6265FFFFFFFFFFFF8A
:108BF000FFFF989957595B5EEEE8EAE5E9E3E7E2A3
:108C0000E6E1E5E0E3DEE2DF5A5CFFFFADB0585A93
:108C10005052D7D2D0CDCDCACAC8C7C4C5C2C2C0AF
:108C2000BFBE5455FFFFACAD585A5254ADACA6A5CB
:108C3000A1A29F9E9B9C9798939495975B5FCDCFA5
:108C4000585A5153B0B8AFBAB3BEB6C2B8C4BBC617
:108C5000BDC7C0CA6162FFFFC5C5585A4F51D2D7C0
:108C6000D0D57678C1C2FFFFFFFFFFFFFFFFFFFFF8
:108C7000FFFFFFFFFFFFFFFFFFFFFFFFFFFFFFFF04
:108C80007677585A57595456F6F1EDE9FDF6A0A1FA
:108C9000FFFFFFFFFFFFFFFFFFFFFFFFFFFFFFFFE4
:108CA000FFFFFFFFFFFFFFFFFFFFFFFFFFFFFFFFD4
:108CB000FFFFFFFFFFFFFFFFFFFFFFFFFFFFFFFFC4
:108CC000FFFFFFFF4A4A5858B5B6E3E0DFDDDDDAC3
:108CD000D9D7D6D4D3D0CFCCD6D46261FFFFFFFF93
:108CE000FFFFFFFFFFFF5353595AAAA9A2A19D9C62
:108CF0009898949397979D9CA3A29FA0C6C64F4F08
:108D00005A5BB1B3B5B8B9BBBDBEC0C1C2C3C6C65C
:108D1000C9C9CCCCCFCFD2D0D4D1D6D5D8D7DCD935
:108D2000DEDCE0DEE6E34949FFFFFFFFFFFFFFFF78
:108D3000494958584B4BFDF8F1EDFFFC4C4DFFFFF6
:108D4000FFFFFFFFFFFFFFFFFFFFFFFFFFFFFFFF33
:108D500054545454FEFBF4F0F4F0F3EFD0CE5F5FC4
:108D6000FFFFFFFFFFFF989858575B5BF3EEEFECB8
:108D7000EDEAECEAEBE7EBE5E8E5E6E45958FFFF5E
:108D8000ABAB56564F50DBD8D5D3D3D0D0CDCCCA11
:108D9000CAC7C7C5C4C25453FFFFACAC58585252DF
:108DA000B2AFAAA9A7A6A2A19F9E9C9B97979392B8
:108DB0005A5ABCBC58585251ABACABAEAFB1B1B4BF
:108DC000B2B6B5B8B9BBBBBD6060FFFFC5C55858EA
:108DD000504FD0D0CDCDD4D34748FFFFFFFFFFFF8A
:108DE000FFFFFFFFFFFFFFFFFFFFFFFFFFFFFFFF93
:108DF000FFFFD4D4585858585858B5B4EFECF2ED9A
:108E0000FFFCA0A0FFFFFFFFFFFFFFFFFFFFFFFF33
:108E1000FFFFFFFFFFFFFFFFFFFFFFFFFFFFFFFF62
:108E2000FFFFFFFFFFFFFFFFFFFFFFFFFFFFFFFF52
:108E3000FFFFFFFFFFFFFFFF4A4C585AB6B4E0DACE
:108E4000DDD8DAD5D7D4D4D0D0CDCCC8D4D16164D4
:108E5000FFFFFFFFFFFFFFFFFFFF53555A5CA9AA6B
:108E6000A1A29C9D9899939497989CA1A2A7A0A534
:108E7000C6C64F515B5DB3BFB8C4BBC6BEC8C1CB8D
:108E8000C3CCC6CEC9D0CCD2CFD4D0D4D1D7D5D9EB
:108E9000D7D9D9DCDCDDDEDEE3E2494BFFFFFFFFA3
:108EA000FFFFFFFF494C585A4B4EF8F2EDE9FCF535
:108EB0004D4FFFFFFFFFFFFFFFFFFFFFFFFFFFFF24
:108EC000FFFFFFFF54565456FBF3F0EAF0EAEFE9D8
:108ED000CECB5F61FFFFFFFFFFFF989957595B5EA5
:108EE000EEE8ECE6EAE4EAE3E7E2E5E0E5DFE4DF2A
:108EF000585AFFFFABAC56585051D8D5D3CFD0CD30
:108F0000CDCACAC8C7C5C5C2C2BF5356FFFFACADA4
:108F1000585A5254AFB0A9A9A6A5A1A39E9E9B9C46
:108F2000979892935A5DBCBD585A5153ACB3AEB4A6
:108F3000B1BBB4BFB6C3B8C5BBC6BDC76062FFFF97
:108F4000C5C5585A4F51D0D6CDD2D3D8484AFFFFC5
:108F5000FFFFFFFFFFFFFFFFFFFFFFFFFFFFFFFF21
:108F6000FFFFFFFFFFFFD4D5585A585A585AB4B2E2
:108F7000ECE7EDE7FCF6A0A1FFFFFFFFFFFFFFFF1F
:108F8000FFFFFFFFFFFFFFFFFFFFFFFFFFFFFFFFF1
:108F9000FFFFFFFFFFFFFFFFFFFFFFFFFFFFFFFFE1
:108FA000FFFFFFFFFFFFFFFFFFFFFFFF4A4A585889
:108FB000B5B5E5E1E1DEDEDDDDD9D9D6D5D4D3CF57
:108FC000DAD76261FFFFFFFFFFFFFFFFFFFF535391
:108FD000595AAFADA6A5A2A19E9D98979392989736
:108FE0009B9E9A9AC5C54949595AAFB1B5B7B6B80B
:108FF000B9BBBDBEC0C1C3C3C7C7C9C9CDCDCFCF23
:10900000D2D1D5D3D6D5D9D8DAD8DEDCE4E04949F7
:10901000FFFFFFFFFFFFFDFD555556566C6DF2ED4E
:10902000F2ECF1ED6060FFFFFFFFFFFFFFFFFFFFCE
:10903000FFFFFFFFFFFFFFFF54545051FEFBF4F012
:10904000F4F0F4F0F3EFD0CE5A5AFFFFFFFF9898F8
:1090500058575B5BF3EFF1ECEFECECEAECE8EAE796
:10906000EAE5E9E65757FFFF969656564E50DFDC85
:10907000D8D5D6D3D3D0CFCCCCCACAC7C7C4545402
:10908000FFFFACAC58585353B4B3AFACAAA9A6A5D4
:10909000A3A19F9E9B9B97985959BCBC585851526D
:1090A000A8A9A8AAABAEAFB2B1B5B5B7B5B8B8BBB1
:1090B0005F60FFFFC5C55858514FCDCDCBCBCECE4D
:1090C000DDDC3737FFFFFFFFFFFFFFFFFFFFFFFF85
:1090D000FFFFFFFFFFFFFFFFFFFF53535858575994
:1090E0006565F0ECF0ECF0EDFFFBA0A0FFFFFFFFEB
:1090F000FFFFFFFFFFFFFFFFFFFFFFFFFFFFFFFF80
:10910000FFFFFFFFFFFFFFFFFFFFFFFFFFFFFFFF6F
:10911000FFFFFFFFFFFFFFFFFFFFFFFFFFFFFFFF5F
:109120004A4C585AB5B4E1DDDEDADDD7D9D5D6D30D
:10913000D4CFCFCCD7D46164FFFFFFFFFFFFFFFF89
:10914000FFFF53555A5CADADA5A6A1A19D9D979873
:10915000929397989EA19A9FC5C6494B5A5CB1BB02
:10916000B7C2B8C4BBC6BEC9C1CAC3CCC7CFC9D0B9
:10917000CDD3CFD4D1D4D3D7D5D9D8DAD8DBDCDE90
:10918000E0E0494BFFFFFFFFFFFFFDFC555756583E
:109190006D6FEDE8ECE8EDEA6063FFFFFFFFFFFFB6
:1091A000FFFFFFFFFFFFFFFFFFFFFFFF545651537D
:1091B000FBF4F0EAF0EAF0EAEFE9CECB5A5BFFFF0E
:1091C000FFFF989957595B5EEFEAECE5ECE6EAE4BD
:1091D000E8E3E7E2E5E0E6DF5758FFFF96985658E8
:1091E0005051DCD8D5D2D3D0D0CDCCCACAC8C7C490
:1091F000C4C25455FFFFACAD585A5354B3B3ACACD2
:10920000A9A9A5A6A1A29E9E9B9B9897595DBCBDAE
:10921000585A5253A9AFAAB0AEB6B2BBB5BFB7C386
:10922000B8C5BBC76062FFFFC5C5585A4F51CDD402
:10923000CBD1CED2DCE13739FFFFFFFFFFFFFFFFCD
:10924000FFFFFFFFFFFFFFFFFFFFFFFFFFFF535584
:10925000585A595B6567ECE7ECE7EDE8FBF5A0A130
:10926000FFFFFFFFFFFFFFFFFFFFFFFFFFFFFFFF0E
:10927000FFFFFFFFFFFFFFFFFFFFFFFFFFFFFFFFFE
:10928000FFFFFFFFFFFFFFFFFFFFFFFFFFFFFFFFEE
:10929000FFFFFFFF4A4A5858B8B6E6E3E4E1E2DFD1
:1092A000DFDDDCD9D9D6D5D4DEDB6161FFFFFFFF7E
:1092B000FFFFFFFFFFFF5353595AB3B2AAA9A6A558
:1092C000A2A29D9C9797929298989696B8B8FFFF05
:1092D00057576A6B6A6B6C6C6E6E6A69C2C3C1C2A7
:1092E000C3C4C6C6CACACCCCCFCFD2D0A09F7374D9
:1092F0007473737475754747FFFFFFFFFFFF878720
:1093000058585757E2DFF0ECF1EDF1ECDBD8C3C36E
:10931000FFFFFFFFFFFFFFFFFFFFFFFFFFFFFFFF5D
:1093200054545051FEFBF4F0F4F0F4F0F4F0F3EF89
:10933000DAD85959FFFF989858575C5CF3F0F1EC74
:10934000F1EBEFECEDEBECE9E9E7EBE75856FFFF6B
:1093500096965656504EE0DCDBD9D9D5D4D3D2CF31
:10936000CFCCCACAC9C65454FFFFACAC58585353EB
:10937000B7B7B1B0ADACAAA8A6A5A3A19E9D9B9A74
:10938000595ABCBC58585252A4A5A5A6A9A9ACAF1D
:10939000AEB2B2B5B4B7B6B95F5FFFFFC5C5585836
:1093A000514FCACAC9C9CCCCCECEDBD93F3FFFFF93
:1093B000FFFFFFFFFFFFFFFFFFFFFFFFFFFFFFFFBD
:1093C0004545585857574343F3F0EEEBF0ECF0ECBB
:1093D000FEFBA0A0FFFFFFFFFFFFFFFFFFFFFFFF60
:1093E000FFFFFFFFFFFFFFFFFFFFFFFFFFFFFFFF8D
:1093F000FFFFFFFFFFFFFFFFFFFFFFFFFFFFFFFF7D
:10940000FFFFFFFFFFFFFFFF4A4C585AB6B5E3DEF0
:10941000E1DEDFDADDD8D9D5D6D3D4CFDBD76164AE
:10942000FFFFFFFFFFFFFFFFFFFF53555A5CB2B284
:10943000A9A9A5A5A2A19C9D97989293989A96995F
:10944000B8B9FFFF57596B6E6B6F6C706E72696DB8
:10945000C3CFC2CAC4CCC6CECAD0CCD2CFD4D0D34C
:109460009FA374757375747575774749FFFFFFFF88
:10947000FFFF8787585A5759DFDDECE7EDE8ECE747
:10948000D8D5C3C4FFFFFFFFFFFFFFFFFFFFFFFFB4
:10949000FFFFFFFF54565153FBF4F0EAF0EAF0EA05
:1094A000F0EAEFE9D8D4595BFFFF989957595C5D12
:1094B000F0E9ECE8EBE5ECE6EBE4E9E3E7E2E7E230
:1094C0005659FFFF969856584E52DCD8D9D5D5D369
:1094D000D3CECFCCCCC9CAC8C6C55457FFFFACAD9C
:1094E000585A5355B7B6B0B0ACADA8A9A5A6A1A21D
:1094F0009D9E9A9A5A5CBCBD585A5254A5A8A6ACD7
:10950000A9B1AFB7B2BCB5C0B7C3B9C55F63FFFF00
:10951000C5C5585A4F51CAD3C9CFCCD2CED2D9DF44
:109520003F42FFFFFFFFFFFFFFFFFFFFFFFFFFFFC8
:10953000FFFFFFFF4547585A57594346F0ECEBE70A
:10954000ECE7ECE7FBF5A0A1FFFFFFFFFFFFFFFF4C
:10955000FFFFFFFFFFFFFFFFFFFFFFFFFFFFFFFF1B
:10956000FFFFFFFFFFFFFFFFFFFFFFFFFFFFFFFF0B
:10957000FFFFFFFFFFFFFFFFFFFFFFFF4A4A5858B3
:10958000B9B8E9E5E6E2E4E2E2DFDFDDDDDAD8D52D
:10959000E2DF6161FFFFFFFFFFFFFFFFFFFF5353AC
:1095A000595AB6B5AEADAAA9A6A5A2A19C9A9897FC
:1095B00092929190B8B8FFFFFFFFFFFFFFFFF8F80E
:1095C00057575151C1C2BEBEC1C1C4C3C7C7CACA21
:1095D000CCCDCFCE8D8DFFFFFFFFFFFFFFFFFFFF45
:1095E000FFFFFFFFFFFF48485858494AF6F2EEEBED
:1095F000EFEBF1EDFEF84646FFFFFFFFFFFFFFFF39
:10960000FFFFFFFFFFFFFFFF54545051FEFBF4F03C
:10961000F4F0F4F0F4F0F4F0F3EFDAD85454A0A03E
:1096200058575F60F4F0F1EDF1ECF1ECEFECECEA9F
:10963000ECE8EBE95857FFFF969656564F4FE1E09E
:10964000DDDADBD8D9D6D4D3D3D0CFCCCBCA5554DE
:10965000FFFFACAC58585151BCBAB4B4B0AFAEADCA
:10966000AAA8A6A5A3A1A09F5555BCBC5858535362
:109670009F9FA1A2A5A7A8ABADAFB0B2B2B4B3B73C
:109680005E5FFFFFC5C558585150C9C9C6C6C9C994
:10969000CBCBCDCDB0B07A7AFFFFFFFFFFFFFFFF4E
:1096A000FFFFFFFFFFFF4040585857574848FDFA5B
:1096B000ECE9EDEAEDEBF0ECFEFAA0A0FFFFFFFF16
:1096C000FFFFFFFFFFFFFFFFFFFFFFFFFFFFFFFFAA
:1096D000FFFFFFFFFFFFFFFFFFFFFFFFFFFFFFFF9A
:1096E000FFFFFFFFFFFFFFFFFFFFFFFFFFFFFFFF8A
:1096F0004A4C585AB8B7E5E0E2DDE2DEDFDADDD801
:10970000DAD6D5D2DFDB6164FFFFFFFFFFFFFFFF8B
:10971000FFFF53555A5CB5B6ADADA9A9A5A5A1A14A
:109720009A9C979892939093B8B9FFFFFFFFFFFF21
:10973000FFFFF8F857595152C2CEBEC9C1CAC3CCB7
:10974000C7CFCACFCDD2CED38D90FFFFFFFFFFFF93
:10975000FFFFFFFFFFFFFFFFFFFF484B585A4A4C38
:10976000F2EEEBE7EBE6EDE8F8F24649FFFFFFFF2C
:10977000FFFFFFFFFFFFFFFFFFFFFFFF54565153A7
:10978000FBF4F0EAF0EAF0EAF0EAF0EAEFE9D8D424
:109790005456A0A157596062F0EAEDE7ECE8ECE519
:1097A000ECE6EAE4E8E3E9E45759FFFF96985658F7
:1097B0004F52E0DBDAD7D8D4D6D3D3CED0CDCCC974
:1097C000CAC85456FFFFACAD585A5155BAB9B4B2D5
:1097D000AFB0ADADA8A9A5A5A1A29F9E5557BCBD90
:1097E000585A53559FA3A2A6A7ABABB2AFB6B2BC13
:1097F000B4BFB7C35F63FFFFC5C5585A5051C9D145
:10980000C6CFC9CECBD1CDD2B0B57A7BFFFFFFFF9B
:10981000FFFFFFFFFFFFFFFFFFFF4042585A57596E
:10982000484BFAF7E9E6EAE6EBE7ECE7FAF4A0A141
:10983000FFFFFFFFFFFFFFFFFFFFFFFFFFFFFFFF38
:10984000FFFFFFFFFFFFFFFFFFFFFFFFFFFFFFFF28
:10985000FFFFFFFFFFFFFFFFFFFFFFFFFFFFFFFF18
:10986000FFFFFFFF4A4A5858BAB8EAE6E9E5E6E3DF
:10987000E4E2E3DFDFDDDDD9E6E26161FFFFFFFF68
:10988000FFFFFFFFFFFF5353595ABBBAB3B2B0AD4E
:10989000AAA9A6A6A1A09C9B97978A8DB8B8FFFFFE
:1098A000FFFFFFFFFFFFEBEB57575151BDC0BABBA6
:1098B000BEBFC1C1C4C4C7C7CACACCCC8C8DF7F760
:1098C000FFFFFFFFFFFFFFFFFFFFFFFFF0F0565618
:1098D00057578182EAE7ECE8EDEBEFEBF1ED6767D4
:1098E000FFFFFFFFFFFFFFFFFFFFFFFFFFFFFFFF88
:1098F00054545051FEFBF4F0F4F0F4F0F4F0F4F0B2
:10990000F4F0F3EFDCD94F4F57576261F3EFF3EF09
:10991000F0EDF1ECF1EBEFECEDEBEDEA5857FFFF7A
:10992000969656564F4FE5E2DFDDDEDBDBD8D9D524
:10993000D5D4D3D0D0CD5455FFFFACAC58585252EB
:10994000BFBEB7B7B4B3B1B1ADABA9A9A5A4A3A22B
:109950005353BCBC585852539A9A9C9CA1A2A6A798
:10996000AAABACAEB0B2B2B65F60FFFFC5C5585887
:109970005150C6C7C3C4C6C6C8C8CBCBCECE727200
:10998000CBCBFFFFFFFFFFFFFFFFFFFF7D7D5858A1
:1099900057585555F2EFE7E4E9E6ECE9ECE8EDEA73
:1099A000FDFAA0A0FFFFFFFFFFFFFFFFFFFFFFFF8C
:1099B000FFFFFFFFFFFFFFFFFFFFFFFFFFFFFFFFB7
:1099C000FFFFFFFFFFFFFFFFFFFFFFFFFFFFFFFFA7
:1099D000FFFFFFFFFFFFFFFF4A4C585AB8B7E6E111
:1099E000E5E0E3DEE2DEDFD9DDD7D9D5E2DE616492
:1099F000FFFFFFFFFFFFFFFFFFFF53555A5CBAB9A0
:109A0000B2B2ADADA9A9A6A5A0A09B9C97988D8E3A
:109A1000B8B9FFFFFFFFFFFFFFFFEBEA57595152B5
:109A2000C0CCBBC6BFC9C1C9C4CCC7CECAD0CCD2BA
:109A30008D8FF7F7FFFFFFFFFFFFFFFFFFFFFFFF28
:109A4000F0F0565957598283E7E4E8E6EBE7EBE696
:109A5000EDE86769FFFFFFFFFFFFFFFFFFFFFFFF6D
:109A6000FFFFFFFF54565153FBF4F0EAF0EAF0EA2F
:109A7000F0EAF0EAF0EAEFE9D9D54F5157596164BD
:109A8000EFE9EFE9EDE7ECE8EBE5ECE6EBE4EAE43F
:109A90005759FFFF969856584F52E2DDDDD8DBD775
:109AA000D8D4D5D3D4CFD0CDCDC95556FFFFACAD8A
:109AB000585A5254BEBDB7B6B3B2B1B1ABACA9A8F7
:109AC000A4A5A2A35355BCBD585A53559A9C9CA01B
:109AD000A2A6A7ADABB2AEB7B2BCB6C16062FFFF83
:109AE000C5C5585A5051C7CFC4CCC6CEC8D0CBD1AB
:109AF000CED27274CBCDFFFFFFFFFFFFFFFFFFFF52
:109B00007D7F585A585A5557EFEDE4E3E6E3E9E60E
:109B1000E8E6EAE7FAF4A0A1FFFFFFFFFFFFFFFF7F
:109B2000FFFFFFFFFFFFFFFFFFFFFFFFFFFFFFFF45
:109B3000FFFFFFFFFFFFFFFFFFFFFFFFFFFFFFFF35
:109B4000FFFFFFFFFFFFFFFFFFFFFFFF4A4A5858DD
:109B5000BAB9EBE7EBE7E7E5E6E3E4E1E2DFDFDC18
:109B6000EAE56060FFFFFFFFFFFFFFFFFFFF5353CA
:109B7000595ABFBDB7B5B2B1AEADAAA9A4A4A0A0B1
:109B80009B9A908FB6B6FFFFFFFFFFFFFFFFEBEB47
:109B900057575151BCBEB5B9BABCBDBEC0C2C4C393
:109BA000C7C7CACA8C8CF7F7FFFFFFFFFFFFFFFF95
:109BB000FFFFFFFF6C6C58585656E9E7E9E6EBE803
:109BC000ECE9EDEAEFEBE7E5ADADFFFFFFFFFFFFEF
:109BD000FFFFFFFFFFFFFFFF54545051FEFBF4F067
:109BE000F4F0F4F0F4F0F4F0F4F0F4F0F3EFE7E56F
:109BF00052516261F5F1F3EFF3EFEFEDF1ECF1EBC0
:109C0000F0ECEEEC5858FFFF969656564F4FE7E4AF
:109C1000E2DFDFDDDEDBDAD8D8D4D5D3D4D15454BB
:109C2000FFFFACAC58585252C2BFBCBAB8B6B5B3BD
:109C3000B0B0ADACA9A8A7A65353BCBC5858535359
:109C4000949398989C9DA1A3A6A7A9ABADAFB0B2E1
:109C50005F5FFFFFC5C558584F4FC3C4C2C2C4C5DC
:109C6000C6C6C9C9CBCBD3D24545FFFFFFFFFFFF17
:109C7000FFFFD0D0585858585858B3B3E5E1E6E341
:109C8000E7E4E9E6EBE9ECE9FCF9A0A0FFFFFFFF60
:109C9000FFFFFFFFFFFFFFFFFFFFFFFFFFFFFFFFD4
:109CA000FFFFFFFFFFFFFFFFFFFFFFFFFFFFFFFFC4
:109CB000FFFFFFFFFFFFFFFFFFFFFFFFFFFFFFFFB4
:109CC0004A4C585AB9B7E7E2E7E2E5DFE3DEE1DE06
:109CD000DFDADCD8E5E06062FFFFFFFFFFFFFFFF98
:109CE000FFFF53555A5CBDBCB5B5B1B1ADADA9A927
:109CF000A4A4A09F9A9B8F90B6B7FFFFFFFFFFFF22
:109D0000FFFFEBEA57595152BECAB9C4BCC6BEC820
:109D1000C2C9C3CBC7CECAD08C8FF7F7FFFFFFFFF6
:109D2000FFFFFFFFFFFFFFFF6C6F585A5658E7E435
:109D3000E6E3E8E5E9E6EAE7EBE6E5E1ADAEFFFFFD
:109D4000FFFFFFFFFFFFFFFFFFFFFFFF54565153D1
:109D5000FBF4F0EAF0EAF0EAF0EAF0EAF0EAF0EA1E
:109D6000EFE9E5DF51546164F1EBEFE9EFE9EDE78D
:109D7000ECE8EBE5ECE6ECE55858FFFF9698565812
:109D80004F51E4E0DFDBDDD9DBD7D8D4D4D2D3CF59
:109D9000D1CE5456FFFFACAD585A5254BFBEBAB9DB
:109DA000B6B6B3B2B0B0ACACA8A8A6A65355BCBD6D
:109DB000585A5355939498999DA0A3A8A7ADABB2B8
:109DC000AFB7B2BC5F62FFFFC5C5585A4F51C4CF91
:109DD000C2CAC5CCC6CEC9CFCBD1D2D74547FFFF6B
:109DE000FFFFFFFFFFFFD0D1585A585A585AB3B35C
:109DF000E1E0E3E1E4E3E6E3E9E6E9E5F9F4A0A183
:109E0000FFFFFFFFFFFFFFFFFFFFFFFFFFFFFFFF62
:109E1000FFFFFFFFFFFFFFFFFFFFFFFFFFFFFFFF52
:109E2000FFFFFFFFFFFFFFFFFFFFFFFFFFFFFFFF42
:109E3000FFFFFFFF4A4A5858BABAEDEAECE7EBE7F2
:109E4000E8E5E6E3E4E1E1DEEDE97272FFFFFFFF42
:109E5000FFFFFFFFFFFF5353595AC2C1BAB8B6B54F
:109E6000B1B1AEADA9A7A4A4A09F9392D7D7FFFF8D
:109E7000FFFFFFFFFFFFEBEB57575151B9BCB4B8E1
:109E8000B7B9BBBCBFC0C2C2C4C5C7C78B8CF7F7CC
:109E9000FFFFFFFFFFFFFFFFFFFFFFFF4B4B585888
:109EA0004949EBE8E7E4E8E6EBE9ECE9EDEAF9F447
:109EB0003C3DFFFFFFFFFFFFFFFFFFFFFFFFFFFF37
:109EC00054545051FDF9F2F0F4F0F4F0F4F0F4F0E1
:109ED000F4F0F4F0F4F0F3EFE8E55C5CF5F1F4F0A5
:109EE000F3EFF3EFEFEDF1ECF1EBF0EC5757FFFF91
:109EF000969656564F4FEAE5E4E1E2DFDFDDDEDB22
:109F0000DBD8D8D4D5D35555FFFFACAC58585252F6
:109F1000C5C2BEBCBBB9B8B7B4B3B0B1ADACAAA9E9
:109F20005253BCBC58585353979792929A989D9EFF
:109F3000A2A3A6A7A9AAAEAF5C5DFFFFB5B558580E
:109F40004F4FC1C1BFC0C1C2C4C4C7C7C9C9CCCCAF
:109F5000DBDB3837FFFFFFFFFFFF535358585858DC
:109F6000696AE2DFE3E0E4E2E6E3E8E5E8E7EBE89C
:109F7000FBF8A0A0FFFFFFFFFFFFFFFFFFFFFFFFBA
:109F8000FFFFFFFFFFFFFFFFFFFFFFFFFFFFFFFFE1
:109F9000FFFFFFFFFFFFFFFFFFFFFFFFFFFFFFFFD1
:109FA000FFFFFFFFFFFFFFFF4A4C585ABAB9EAE430
:109FB000E7E3E7E2E5E0E3DEE1DCDEDAE9E3727461
:109FC000FFFFFFFFFFFFFFFFFFFF53555A5CC1BEBE
:109FD000B8B7B5B4B1B1ADADA7A7A4A39F9F9294F4
:109FE000D7D8FFFFFFFFFFFFFFFFEBEA57595153A1
:109FF000BCC8B8C3B9C5BCC6C0C9C2CBC5CCC7CE26
:10A000008C8EF7F7FFFFFFFFFFFFFFFFFFFFFFFF54
:10A010004B4D585A494BE8E7E4E2E6E2E9E5E9E569
:10A02000EAE7F4EF3D3FFFFFFFFFFFFFFFFFFFFF0A
:10A03000FFFFFFFF54565153F9F3F0EAF0EAF0EA5C
:10A04000F0EAF0EAF0EAF0EAF0EAEFE9E5E15C5F75
:10A05000F1EBF0EAEFE9EFE9EDE7ECE7EBE5ECE750
:10A060005758FFFF969856584F50E5DFE1DCDFDA8E
:10A07000DDD8DBD7D8D4D4D2D3CE5557FFFFACAD83
:10A08000585A5254C2C2BCBBB9B9B7B6B3B2B1B0D8
:10A09000ACACA9A95355BCBD585A53559798929347
:10A0A000989A9EA2A3A8A7AEAAB2AFB95D5FFFFF20
:10A0B000B5B7585A4F50C1CDC0CAC2CAC4CCC7CF19
:10A0C000C9CFCCD2DBE1373AFFFFFFFFFFFF53558B
:10A0D000585A585A6A6BDFDFE0DFE2E1E3E1E5E27C
:10A0E000E7E4E8E6F8F3A0A1FFFFFFFFFFFFFFFFB3
:10A0F000FFFFFFFFFFFFFFFFFFFFFFFFFFFFFFFF70
:10A10000FFFFFFFFFFFFFFFFFFFFFFFFFFFFFFFF5F
:10A11000FFFFFFFFFFFFFFFFFFFFFFFF4A4A585807
:10A12000BCBAEFEBEDEAEBE7EAE5E7E4E6E3E3E010
:10A13000EDEB7171FFFFFFFFFFFFFFFFFFFF5353C9
:10A14000595AC7C5BEBCBAB8B6B5B2B1ADACA9A86C
:10A15000A4A39798D6D6FFFFFFFFFFFFFFFFEBEB0F
:10A1600057575151B6B8B3B5B4B7B7BABBBCBFBFF8
:10A17000C2C2C4C38989F7F7FFFFFFFFFFFFFFFFDC
:10A18000FFFFDEDE575757579291E3E0E6E3E7E43F
:10A19000E8E6EBE8ECE8EEEA7D7DFFFFFFFFFFFF7E
:10A1A000FFFFFFFFFFFFFFFF54545051FDFAF3EE96
:10A1B000F3F0F4F0F4F0F4F0F4F0F4F0F4F0F4F080
:10A1C000F3EFEBE8F4F0F4F0F4F0F3EFF3EFF0ED8D
:10A1D000F1ECF2EC5353FFFF969656564E4FEBE8D8
:10A1E000E7E2E4E1E1DFDFDDDDD9DAD8D8D55353AA
:10A1F000FFFF9D9D58585152C9C7C1BFBEBCBBB9D6
:10A20000B8B6B4B3B0AFADAC5353BCBC585853534D
:10A210009C9B969591929B9A9D9EA3A4A7A7AAAB5F
:10A220005C5CFFFFB5B558584F4FBEBFBCBDC0C149
:10A23000C1C2C4C5C7C6CACACCCCD8D84141FFFF29
:10A240004444585858584545E2E0DFDEE2DFE3E099
:10A25000E5E2E6E3E8E5EAE6FAF7A7A7FFFFFFFF96
:10A26000FFFFFFFFFFFFFFFFFFFFFFFFFFFFFFFFFE
:10A27000FFFFFFFFFFFFFFFFFFFFFFFFFFFFFFFFEE
:10A28000FFFFFFFFFFFFFFFFFFFFFFFFFFFFFFFFDE
:10A290004A4C585ABAB9EBE6EAE4E7E2E5E0E4DF13
:10A2A000E3DEE0DCEBE57173FFFFFFFFFFFFFFFF85
:10A2B000FFFF53555A5CC5C3BCBBB8B7B5B4B1B109
:10A2C000ACACA8A7A3A39897D6D7FFFFFFFFFFFFCB
:10A2D000FFFFEBEA57595153B8C3B5C0B7C4BAC66C
:10A2E000BCC7BFC9C2CBC3CB898DF7F7FFFFFFFF48
:10A2F000FFFFFFFFFFFFDEDF575957599193E0DF64
:10A30000E3E2E4E2E6E3E8E5E8E6EAE77D7EFFFF94
:10A31000FFFFFFFFFFFFFFFFFFFFFFFF54565154FA
:10A32000FAF2EEE8F0EAF0EAF0EAF0EAF0EAF0EA4F
:10A33000F0EAF0EAEFE9E8E4F0EAF0EAF0EAEFE95F
:10A34000EFE9EDE7ECE7ECE65356FFFF9698565839
:10A350004F52E8E2E2DDE1DDDFD9DDD8D9D5D8D44E
:10A36000D5D25354FFFF9D9E585A5254C7C4BFBF05
:10A37000BCBBB9B9B6B6B3B2AFAFACAD5356BCBD4A
:10A38000585A53559B9C959592939A9C9EA2A4A72C
:10A39000A7AEABB45C5FFFFFB5B6585A4F50BFCB0A
:10A3A000BDC8C1CAC2CAC5CDC6CECAD0CCD2D8DEFD
:10A3B0004144FFFF4446585A585A4548E0E2DEDD22
:10A3C000DFE0E0DFE2E1E3E1E5E2E6E3F7F3A7A9BE
:10A3D000FFFFFFFFFFFFFFFFFFFFFFFFFFFFFFFF8D
:10A3E000FFFFFFFFFFFFFFFFFFFFFFFFFFFFFFFF7D
:10A3F000FFFFFFFFFFFFFFFFFFFFFFFFFFFFFFFF6D
:10A40000FFFFFFFF4A4A5858BAB9F1EAEFEAEDEA0E
:10A41000EBE7EAE6E7E4E7E1F1ED7171FFFFFFFF4B
:10A42000FFFFFFFFFFFF5353595ACAC7C2BFBEBC4D
:10A43000B9B9B5B4B1AFACABA9A79C9BD7D7FFFF57
:10A44000FFFFFFFFFFFFEBEB57575252B2B5B0B221
:10A45000B4B5B5B7B8BABBBDBFC0C1C28889F6F63E
:10A46000FFFFFFFFFFFFFFFFFFFF626258585455D9
:10A47000E5E3E1DEE4E1E5E3E7E4E8E6ECE9ECEA84
:10A48000EFEB9F9FFFFFFFFFFFFFFFFFFFFFF6F6D2
:10A4900055555051FCF8F3EFF3EEF3F0F4F0F4F00F
:10A4A000F4F0F4F0F4F0F4F0F4F0F4F0F4F0F4F08C
:10A4B000F4F0F4F0F3EFF3EFEFEDF2EE5353FFFFB0
:10A4C000969656564E4FECE8E7E4E7E3E3E0E2DF2A
:10A4D000DFDDDCD9DAD95253FFFF9D9D5858515129
:10A4E000CBC9C5C3C0BEBEBCBAB8B7B6B4B2B0B0B3
:10A4F0005353BCBC58585252A09F9999949593922B
:10A500009B9A9F9FA3A4A8A95C5DFFFFB5B558586F
:10A510004F4FBBBDB9BCBDBEBFC0C1C3C4C4C7C71C
:10A52000CACACDCDABAB4747585857574A4BECEA50
:10A53000DCD9DEDCDFDEE1DFE3E0E5E2E7E3E7E410
:10A54000F8F4B3B2FFFFFFFFFFFFFFFFFFFFFFFFC6
:10A55000FFFFFFFFFFFFFFFFFFFFFFFFFFFFFFFF0B
:10A56000FFFFFFFFFFFFFFFFFFFFFFFFFFFFFFFFFB
:10A57000FFFFFFFFFFFFFFFF4A4C585AB9B8EAE45C
:10A58000EAE6EAE4E7E2E6E1E4DEE1DDEDE8717364
:10A59000FFFFFFFFFFFFFFFFFFFF53555A5CC7C6DA
:10A5A000BFBEBCBAB9B7B4B4AFAFABABA7A79B9CA7
:10A5B000D7D8FFFFFFFFFFFFFFFFEBEA57595253CA
:10A5C000B5BEB2BDB5C1B7C3BAC5BDC7C0C9C2CBA0
:10A5D000898DF6F6FFFFFFFFFFFFFFFFFFFF6264BD
:10A5E000585A5557E3E3DEDFE1DFE3E2E4E3E6E375
:10A5F000E9E6EAE5EBE89FA0FFFFFFFFFFFFFFFFB3
:10A60000FFFFF6F655575154F8F2EFE7EEE8F0EA9F
:10A61000F0EAF0EAF0EAF0EAF0EAF0EAF0EAF0EA6A
:10A62000F0EAF0EAF0EAF0EAEFE9EFE9EDE7EEE868
:10A630005356FFFF969856584F51E8E3E4DFE3DDA9
:10A64000E0DCDFD9DDD8D9D5D9D55355FFFF9D9EA4
:10A65000585A5154C9C5C3C0BEBEBCBBB8B9B6B5C3
:10A66000B2B2B0B05355BCBD585A52559FA099993B
:10A67000959692949A9B9FA3A4A8A9AF5D5EFFFFB5
:10A68000B5B6585A4F50BDCABCC6BEC8C0CBC3CC65
:10A69000C4CCC7CECAD0CDD3ABB0474A585A57590D
:10A6A0004B4DEAEDD9DBDCDDDEDDDFE0E0DFE2E2D1
:10A6B000E3E1E4E2F4F0B2B3FFFFFFFFFFFFFFFFCF
:10A6C000FFFFFFFFFFFFFFFFFFFFFFFFFFFFFFFF9A
:10A6D000FFFFFFFFFFFFFFFFFFFFFFFFFFFFFFFF8A
:10A6E000FFFFFFFFFFFFFFFFFFFFFFFF4A4A585832
:10A6F000D5D3F1ECF0EBEDEAEDE9E9E7E9E5E6E3E6
:10A70000F5F07171FFFFFFFFFFFFFFFFFFFF5353E6
:10A710005859CFCCC5C3C1C0BDBBB9B8B4B3B0AF35
:10A72000ACAB9F9ED6D6FFFFFFFFFFFFFFFFEBEB1B
:10A7300057575151AEB0ACAFB2B4B3B5B3B7B8BA66
:10A74000BCBCBFC08788FBFBFFFFFFFFFFFFFFFF15
:10A75000FFFF4D4D58584C4CE0DEDFDDE1DEE4E11B
:10A76000E6E3E7E4E9E6EBE9F3F03C3CFFFFFFFF5B
:10A77000FFFFFFFFFFFFF6F655555051FCF8F1EED5
:10A78000F3EFF3EEF3F0F4F0F4F0F4F0F4F0F4F0AF
:10A79000F4F0F4F0F4F0F4F0F4F0F4F0F3EFF3EF9D
:10A7A000F3EFF1EE5454FFFF969656564E4EEEE9F7
:10A7B000E9E5E7E4E7E2E3E0E1DEDEDDDCD95352A0
:10A7C000FFFF9D9D58585151CFCBC7C5C4C2C1BFD3
:10A7D000BEBBBBB8B7B6B4B35353BCBC5858515149
:10A7E000A3A29D9C9898949293939A9A9F9FA3A5B5
:10A7F0005C5DFFFFB5B55858504FB8BAB7B9BABC91
:10A80000BDBDC0C1C1C3C5C4C8C8C9C9CDCD6A6AB0
:10A8100058585454DFDED6D6DAD8DBD9DEDCE0DE99
:10A82000E2DFE4E1E5E3E7E4F7F3B3B3FFFFFFFFC3
:10A83000FFFFFFFFFFFFFFFFFFFFFFFFFFFFFFFF28
:10A84000FFFFFFFFFFFFFFFFFFFFFFFFFFFFFFFF18
:10A85000FFFFFFFFFFFFFFFFFFFFFFFFFFFFFFFF08
:10A860004A4C585AD3D0ECE7EBE5EAE5E9E4E7E2F5
:10A87000E5E0E3DEF0EA7172FFFFFFFFFFFFFFFF9D
:10A88000FFFF5355595BCCCAC3C1C0BEBBBAB8B8F1
:10A89000B3B3AFB0ABAB9E9FD6D8FFFFFFFFFFFFB8
:10A8A000FFFFEBEA57595153B0B8AFB7B4BEB5C1CB
:10A8B000B7C4BAC6BCC8C0CA888BFBFBFFFFFFFF8A
:10A8C000FFFFFFFFFFFF4D4F585A4C4EDEE0DDDD2E
:10A8D000DEE0E1E0E3E2E4E2E6E3E9E6F0EC3C3E80
:10A8E000FFFFFFFFFFFFFFFFFFFFF6F65557515435
:10A8F000F8F2EEE8EFE8EEE8F0EAF0EAF0EAF0EA83
:10A90000F0EAF0EAF0EAF0EAF0EAF0EAF0EAF0EA77
:10A91000EFE9EFE9EFE9EEE85456FFFF9698565855
:10A920004E51E9E4E5E0E4DFE2DDE0DBDEDADDD84C
:10A93000D9D65255FFFF9D9E585A5153CBC9C5C217
:10A94000C2C0BFBEBBBAB8B8B6B5B3B15355BCBD33
:10A95000585A5153A2A29C9D9899929493949A9D6F
:10A960009FA3A5AA5D5FFFFFB5B6585A4F51BAC75E
:10A97000B9C5BCC6BDC9C1CBC3CDC4CCC8CEC9CF77
:10A98000CDD36A6D585A5456DEE1D6D8D8DBD9DB20
:10A99000DCDDDEDDDFE0E1E0E3E2E4E2F3EFB3B4EF
:10A9A000FFFFFFFFFFFFFFFFFFFFFFFFFFFFFFFFB7
:10A9B000FFFFFFFFFFFFFFFFFFFFFFFFFFFFFFFFA7
:10A9C000FFFFFFFFFFFFFFFFFFFFFFFFFFFFFFFF97
:10A9D000FFFFFFFF4A4A5858D6D4F0EEF1ECF0ECF6
:10A9E000EDEAECE8EAE7E9E5F5F27171FFFFFFFF58
:10A9F000FFFFFFFFFFFF53535859D1D0C9C7C6C34C
:10AA0000C1C0BEBBB9B8B4B3B1AFA3A1D6D6FFFF26
:10AA1000FFFFFFFFFFFFEBEB57575251AAABA8AA6E
:10AA2000ADB0B0B2B4B6B5B8B8BBBBBD8686FBFBA3
:10AA3000FFFFFFFFFFFFFFFFCFCF57575758A3A3DD
:10AA4000DBD8DDDBDFDCE1DFE4E1E5E3E7E4E9E6F9
:10AA5000EBE98B8CFFFFFFFFFFFFFFFFFFFFF6F629
:10AA600055555051FBF6F1EDF1EDF3EFF3EEF4F047
:10AA7000F4F0F4F0F4F0F4F0F4F0F4F0F4F0F4F0B6
:10AA8000F4F0F4F0F4F0F4F0F3EFF4F05453FFFFCB
:10AA9000969656565454EFEBEBE6E8E5E6E3E6E12E
:10AAA000E3E0E1DEE1DE5353FFFF9D9D5858515135
:10AAB000D1CDCBC7C7C5C5C3C1C0BEBABAB9B8B678
:10AAC0005252BCBC58585251A7A5A1A09D9C989722
:10AAD000959394949A9A9E9F5B5CFFFFB5B55858E6
:10AAE000504FB7B9B5B6B6B9B9BCBEBFC0C1C1C287
:10AAF000C5C4C7C7CACAD1D14647ACACD4D2D5D3D6
:10AB0000D6D6DAD7DBD9DDDBE0DEE2DFE3E0E4E373
:10AB1000F4F1B3B3FFFFFFFFFFFFFFFFFFFFFFFFF6
:10AB2000FFFFFFFFFFFFFFFFFFFFFFFFFFFFFFFF35
:10AB3000FFFFFFFFFFFFFFFFFFFFFFFFFFFFFFFF25
:10AB4000FFFFFFFFFFFFFFFF4A4C585AD4CFEEE74D
:10AB5000ECE7ECE6EAE4E8E3E7E2E5E0F2EB717269
:10AB6000FFFFFFFFFFFFFFFFFFFF5355595BD0CEF5
:10AB7000C7C4C3C1C0BEBBBAB8B6B3B3AFAFA1A25E
:10AB8000D6D7FFFFFFFFFFFFFFFFEBEA57595153F7
:10AB9000ABB1AAB1B0B9B2BDB6C2B8C3BBC6BDC82D
:10ABA000868CFBFBFFFFFFFFFFFFFFFFCFD0575956
:10ABB000585AA3A5D8DBDBDCDCDDDFE0E1E0E3E233
:10ABC000E4E3E6E3E9E68C8DFFFFFFFFFFFFFFFF15
:10ABD000FFFFF6F655575154F6F1EDE8EDE8EFE7D3
:10ABE000EEE8F0EAF0EAF0EAF0EAF0EAF0EAF0EA99
:10ABF000F0EAF0EAF0EAF0EAF0EAF0EAEFE9F0EA87
:10AC00005356FFFF969856585457EBE6E6E1E5DFBA
:10AC1000E3DEE1DDE0DBDED9DED95355FFFF9D9EAB
:10AC2000585A5153CDCBC7C5C5C2C3C0C0BDBABAAF
:10AC3000B9B8B6B65255BCBD585A5153A5A5A0A037
:10AC40009C9D9799939494949A9D9FA35C5FFFFF1A
:10AC5000B5B6585A4F51B9C6B6C2B9C5BCC6BFC9B8
:10AC6000C1CBC2CDC4CCC7CDCAD0D1D84749ACB076
:10AC7000D2D6D3D7D6D8D7DAD9DBDBDDDEDDDFE03D
:10AC8000E0E0E3E2F1EEB3B4FFFFFFFFFFFFFFFF01
:10AC9000FFFFFFFFFFFFFFFFFFFFFFFFFFFFFFFFC4
:10ACA000FFFFFFFFFFFFFFFFFFFFFFFFFFFFFFFFB4
:10ACB000FFFFFFFFFFFFFFFFFFFFFFFF4A4A58585C
:10ACC000D6D4F3EFF0EDF1ECEFECECEAECE9EAE7E7
:10ACD000F9F37171FFFFFFFFFFFFFFFFFFFF53530A
:10ACE0005859D5D3CCC9C9C6C5C3C1C0BCBCB8B9F5
:10ACF000B4B4A6A6D6D6FFFFFFFFFFFFFFFFEBEB26
:10AD000057575252A6A6A4A6A9A9ADAFB1B3B3B6E0
:10AD1000B3B7B8BA8486FBFBFFFFFFFFFFFFFFFF5F
:10AD2000555558585352DFDED7D6DAD9DDDBE0DD92
:10AD3000E3E0E3E0E5E4E8E5E9E6F3F08D8DFFFF2D
:10AD4000FFFFFFFFFFFFF6F655555051F9F6F0EB08
:10AD5000F1EDF1EDF3EFF3EEF4F0F4F0F4F0F4F0E4
:10AD6000F4F0F4F0F4F0F4F0F4F0F4F0F4F0F4F0C3
:10AD7000F3EFF4F05453FFFF969656565454F0ED0B
:10AD8000ECE8EBE6E9E5E6E3E7E2E4E0E2DF535393
:10AD9000FFFF9D9D58585051D4D1CDCACAC7C7C5D1
:10ADA000C3C2C1BFBDBCBBB95252BCBC5858515143
:10ADB000AAA9A4A2A1A09C9B9898949394949A9CCD
:10ADC0005C5CFFFFB5B558585050B6B8B4B6B4B7D0
:10ADD000B7B9BBBBBDBEC0C0C2C3C4C4C7C7CACA63
:10ADE000D2D2CFCED1D0D4D2D5D2D7D5D9D8DCDA21
:10ADF000DEDCDFDDE2DFE3E0F3F0B3B3FFFFFFFF14
:10AE0000FFFFFFFFFFFFFFFFFFFFFFFFFFFFFFFF52
:10AE1000FFFFFFFFFFFFFFFFFFFFFFFFFFFFFFFF42
:10AE2000FFFFFFFFFFFFFFFFFFFFFFFFFFFFFFFF32
:10AE30004A4C585AD4CFEFE9EDE7ECE7ECE6EAE408
:10AE4000E9E3E7E2F3ED7172FFFFFFFFFFFFFFFFB2
:10AE5000FFFF5355595BD3D0C9C7C6C3C3C1C0BEDA
:10AE6000BCBBB9B6B4B3A6A6D6D7FFFFFFFFFFFFA2
:10AE7000FFFFEBEA57595254A6ABA6ACA9B2AFB844
:10AE8000B3BEB6C2B7C4BAC5868AFBFBFFFFFFFFDD
:10AE9000FFFFFFFF5557585A5254DEE1D6D8D9DB91
:10AEA000DBDDDDDDE0E0E0E0E4E2E5E2E6E3F0ED7D
:10AEB0008D8FFFFFFFFFFFFFFFFFF6F65557515441
:10AEC000F6F1EBE7EDE8EDE8EFE7EEE8F0EAF0EABF
:10AED000F0EAF0EAF0EAF0EAF0EAF0EAF0EAF0EAA2
:10AEE000F0EAF0EAEFE9F0EA5356FFFF9698565879
:10AEF0005455EDE7E8E3E6E1E5E0E3DFE2DDE0DB42
:10AF0000DFDA5355FFFF9D9E585A5153D1CECAC820
:10AF1000C7C5C5C3C2BFBFBEBCBAB9B85254BCBD19
:10AF2000585A5153A9A9A2A3A0A09B9C9899939465
:10AF300094969C9C5C5FFFFFB5B6585A5051B8C2BE
:10AF4000B6C1B7C3B9C6BBC5BEC8C0CBC3CDC4CCE0
:10AF5000C7CECAD0D2D8CED3D0D4D2D6D2D6D5D8D6
:10AF6000D8DADADBDCDDDDDCDFE0E0E0F0EEB3B444
:10AF7000FFFFFFFFFFFFFFFFFFFFFFFFFFFFFFFFE1
:10AF8000FFFFFFFFFFFFFFFFFFFFFFFFFFFFFFFFD1
:10AF9000FFFFFFFFFFFFFFFFFFFFFFFFFFFFFFFFC1
:10AFA000FFFFFFFF4A4A5858D6D4F2EEF3EFF0ED18
:10AFB000F1EDEFECEDEAEDE9FBF67372FFFFFFFF59
:10AFC000FFFFFFFFFFFF53535859D9D6D0CDCAC951
:10AFD000C8C6C5C4C0BFBCBBB8B7A0A0D7D7FFFF09
:10AFE000FFFFFFFFFFFFEBEB575752529EA0A1A1BF
:10AFF000A5A7A9ACAEB0B1B3B4B6B5B87D7EFBFB26
:10B00000FFFFFFFFFFFFFFFF505057575757D6D4A2
:10B01000D5D4D8D7DAD8DDDBE0DDE2DFE4E1E6E362
:10B02000E8E4EFEB3C3CFFFFFFFFFFFFFFFFF6F61E
:10B0300055555051F8F3EFECF1ECF2ECF1EDF3EF84
:10B04000F3EEF4F0F4F0F4F0F4F0F4F0F4F0F4F0E3
:10B05000F4F0F4F0F4F0F4F0F4F0F4F05453FFFFF3
:10B06000969656565454F1ECEDE9ECE6EBE6E9E53C
:10B07000E6E4E6E3E5DF5453FFFF9D9D5858515049
:10B08000D7D4CFCBCCCACBC8C7C4C3C2C0BFBEBC49
:10B090005353BCBC58585050ADACA7A6A4A3A09F16
:10B0A0009B9B9797939395955050FFFFB5B5585834
:10B0B0005050B3B4B3B4B4B6B5B7B7BABABCBEBFE8
:10B0C000C1C1C2C3C5C5C8C8CACACCCCCFCFD2D0F3
:10B0D000D3D1D5D4D7D5DBD9DCD9DDDBE1DEE2DFD6
:10B0E000F1EEB3B3FFFFFFFFFFFFFFFFFFFFFFFF27
:10B0F000FFFFFFFFFFFFFFFFFFFFFFFFFFFFFFFF60
:10B10000FFFFFFFFFFFFFFFFFFFFFFFFFFFFFFFF4F
:10B11000FFFFFFFFFFFFFFFF4A4C585AD4CFEEE876
:10B12000EFE9EDE7EDE7ECE6EAE4E9E4F6F0727565
:10B13000FFFFFFFFFFFFFFFFFFFF5355595BD6D314
:10B14000CDC9C9C7C6C4C4C0BFBDBBBBB7B6A0A12B
:10B15000D7D8FFFFFFFFFFFFFFFFEBEA575952541D
:10B16000A0A3A1A6A7ADACB2B0B9B3BDB6C3B8C4D5
:10B170007E83FBFBFFFFFFFFFFFFFFFF505257598E
:10B180005759D4D8D4D8D7D8D8DBDBDCDDDCDFE026
:10B19000E1E0E3E1E4E2EBE73C3FFFFFFFFFFFFF1D
:10B1A000FFFFF6F655575154F3EEECE5ECE7ECE80B
:10B1B000EDE8EFE7EEE8F0EAF0EAF0EAF0EAF0EACC
:10B1C000F0EAF0EAF0EAF0EAF0EAF0EAF0EAF0E9B0
:10B1D0005356FFFF969856585455ECE8E9E4E6E2DA
:10B1E000E6E1E5E0E4DFE3DDDFDC5354FFFF9D9EB5
:10B1F000585A5053D4D0CBCACAC8C8C5C4C3C2BF9A
:10B20000BFBDBCBB5355BCBD585A5053ACACA6A730
:10B21000A3A39F9F9B9B9798939495965052FFFF53
:10B22000B5B6585A5051B4BEB4BEB6C2B7C3BAC50B
:10B23000BCC6BFC8C1CBC3CCC5CDC8CECAD0CCD28A
:10B24000CFD3D0D4D1D6D4D7D5D8D9DAD9DADBDE9A
:10B25000DEDDDFE0EEEDB3B4FFFFFFFFFFFFFFFF3A
:10B26000FFFFFFFFFFFFFFFFFFFFFFFFFFFFFFFFEE
:10B27000FFFFFFFFFFFFFFFFFFFFFFFFFFFFFFFFDE
:10B28000FFFFFFFFFFFFFFFFFFFFFFFF4A4A585886
:10B29000D6D4F4F0F3EFF3EFF0EEF1EDF0ECEDEBEC
:10B2A000FCF77272FFFFFFFFFFFFFFFFFFFF53532B
:10B2B0005859DCDAD3D0CFCCCBC9C8C6C3C2C0BFC3
:10B2C000BCBBA3A3D7D7FFFFFFFFFFFFFFFFEBEB45
:10B2D0005757535398999B9CA1A2A5A7AAABAEB16F
:10B2E000B1B3B4B57678FBFBFFFFFFFFFFFFB4B44B
:10B2F00058585858B3B2D1CFD4D2D6D5D8D6DCD935
:10B30000DDDBE0DDE3E0E5E2E6E3E8E59C9BF7F783
:10B31000FFFFFFFFFFFFF6F655555051F6F2ECE840
:10B32000EFECF1ECF2ECF1EDF3EFF2EFF4F0F4F01E
:10B33000F4F0F4F0F4F0F4F0F4F0F4F0F4F0F4F0ED
:10B34000F4F0F5F15453FFFF969656565354F3EE2E
:10B35000EEEAEDEAEBE7EBE6E9E6E6E3E8E44D4E9C
:10B36000FFFF9E9E58585151D9D7D3D0CFCCCCCACD
:10B37000C9C7C6C4C4C1C1C15252BFBF585850503A
:10B38000B0AFABA9A7A6A3A29F9E9C9B98979493AE
:10B390005252FFFFB5B558585050AFB0AFB1B1B42D
:10B3A000B4B5B5B7B8B9BABCBEBFC0C1C2C3C5C5D4
:10B3B000C8C8CACACDCCCFCFD2D0D3D1D5D3D7D598
:10B3C000DAD9DDDADEDCE1DDE7E5B3B3FFFFFFFF6D
:10B3D000FFFFFFFFFFFFFFFFFFFFFFFFFFFFFFFF7D
:10B3E000FFFFFFFFFFFFFFFFFFFFFFFFFFFFFFFF6D
:10B3F000FFFFFFFFFFFFFFFFFFFFFFFFFFFFFFFF5D
:10B400004A4C585AD4CFF0EAEFE9EFE9EEE8EDE71D
:10B41000ECE6EBE4F7F27275FFFFFFFFFFFFFFFFC3
:10B42000FFFF5355595BDAD6D0CDCCC9C9C7C6C4C6
:10B43000C2C0BFBDBBBAA3A4D7D8FFFFFFFFFFFFA9
:10B44000FFFFEBEA57595355999A9C9EA2A5A7ACCA
:10B45000ABB3B1B9B3BEB5C1787DFBFBFFFFFFFF56
:10B46000FFFFB4B4585A585AB2B6CFD4D2D6D5D7B3
:10B47000D6D9D9DBDBDDDDDDE0E0E2E0E3E1E5E1EB
:10B480009B9CF7F8FFFFFFFFFFFFF6F6555751545F
:10B49000F2ECE8E4ECE5ECE6ECE8EDE8EFE7EFE908
:10B4A000F0EAF0EAF0EAF0EAF0EAF0EAF0EAF0EACC
:10B4B000F0EAF0EAF0EAF1EB5356FFFF969856589F
:10B4C0005455EEE8EAE5EAE4E7E2E6E1E6E0E3DE49
:10B4D000E4DF4E50FFFF9EA0585A5152D7D2D0CD34
:10B4E000CCC8CAC8C7C5C4C3C1BFC1BE5255BFC0FE
:10B4F000585A5052AFAFA9AAA6A7A2A39E9E9B9C42
:10B50000979893945254FFFFB5B6585A5052B0B81A
:10B51000B1BAB4BEB5C1B7C3B9C5BCC5BFC9C1CA4C
:10B52000C3CDC5CDC8CECAD0CCD2CFD4D0D4D1D63D
:10B53000D3D7D5D8D9DADADBDCDEDDDEE5E4B3B4A7
:10B54000FFFFFFFFFFFFFFFFFFFFFFFFFFFFFFFF0B
:10B55000FFFFFFFFFFFFFFFFFFFFFFFFFFFFFFFFFB
:10B56000FFFFFFFFFFFFFFFFFFFFFFFFFFFFFFFFEB
:10B57000FFFFFFFF4A4A5858D6D4F4F0F4F0F2EE39
:10B58000F3EFF0EEF1ECF0ECFDFB7272FFFFFFFF6A
:10B59000FFFFFFFFFFFF53535859E0DDD6D4D2CF52
:10B5A000CFCCCBC8C9C5C4C1C0BFA6A5D7D7FFFFE4
:10B5B000FFFFFFFFFFFFEBEB57575252999895950E
:10B5C0009C9CA1A2A6A8A9ACAEB0B2B47677FBFBB6
:10B5D000FFFFFFFFFFFF4F4F58585050D5D4CFCD3E
:10B5E000D2CFD4D2D6D5D9D7DCD9DEDCE1DDE2DFCB
:10B5F000E5E2E6E3F1EF7D7DFFFFFFFFFFFFF6F6FB
:10B6000055555052F3EFEBE7EDE9EFECF0ECF2ECCF
:10B61000F2EEF3EFF3F1F4EFF4F0F4F0F4F0F4F011
:10B62000F4F0F4F0F4F0F4F0F4F0F5F15453FFFF1B
:10B63000969656565354F3F0EFECECEAECEAEBE74F
:10B64000EBE6E9E6E8E64E4DFFFFA1A1585951515E
:10B65000DCD9D6D3D3CFCFCDCCC9C9C7C6C4C4C219
:10B660005252B0B05A5A5151B4B3AFAEABA9A6A51D
:10B67000A3A1A09F9B9A97975151FFFFB5B558582A
:10B680005150ABACACAEAFB1B1B3B4B6B4B7B8B95E
:10B69000BABDBEBFC1C2C2C3C6C6C7C7CBCBCECE62
:10B6A000D0CFD2D1D4D2D5D3D6D6DAD9DDDBDEDD38
:10B6B000DEDDB3B3FFFFFFFFFFFFFFFFFFFFFFFF75
:10B6C000FFFFFFFFFFFFFFFFFFFFFFFFFFFFFFFF8A
:10B6D000FFFFFFFFFFFFFFFFFFFFFFFFFFFFFFFF7A
:10B6E000FFFFFFFFFFFFFFFF4A4C585AD4CFF0EA9D
:10B6F000F0EAEEE8EFE9EEE8ECE6ECE6FBF4727572
:10B70000FFFFFFFFFFFFFFFFFFFF5355595BDDD931
:10B71000D4D0CFCCCCC9C8C6C5C3C1BFBFBDA5A7F7
:10B72000D7D8FFFFFFFFFFFFFFFFEBEA5759525546
:10B73000989995979CA0A2A6A8ADACB3B0BAB4BE98
:10B74000777CFBFBFFFFFFFFFFFF4F51585A505222
:10B75000D4DBCDD2CFD4D2D7D5D9D7DAD9DBDCDD83
:10B76000DDDEDFDFE2E0E3E1EFEB7D7EFFFFFFFF09
:10B77000FFFFF6F655575254EFEAE7E1E9E4ECE64D
:10B78000ECE6ECE8EEE8EFE7F1EBEFE9F0EAF0EAFF
:10B79000F0EAF0EAF0EAF0EAF0EAF0EAF0EAF1EBD7
:10B7A0005356FFFF969856585455F0E8ECE6EAE4F5
:10B7B000EAE3E7E2E6E1E6E0E6E04D50FFFFA1A2C2
:10B7C000595B5152D9D6D3D0CFCCCDC8C9C8C7C583
:10B7D000C4C3C2BF5254B0B15A5C5152B3B3AEAC41
:10B7E000A9AAA5A6A1A39F9E9A9B97985154FFFF33
:10B7F000B5B6585A5052ACB3AEB4B1BAB3BEB6C275
:10B80000B7C4B9C6BDC6BFCAC2CAC3CDC6CEC7CEED
:10B81000CBD1CED2CFD4D1D4D2D6D3D7D6D7D9DBF1
:10B82000DBDBDDDEDDDDB3B4FFFFFFFFFFFFFFFF8E
:10B83000FFFFFFFFFFFFFFFFFFFFFFFFFFFFFFFF18
:10B84000FFFFFFFFFFFFFFFFFFFFFFFFFFFFFFFF08
:10B85000FFFFFFFFFFFFFFFFFFFFFFFF4A4A5858B0
:10B86000D6D4F4F0F4F0F4F0F2EEF2EFF1EDF1EC06
:10B87000FFFC7272FFFFFFFFFFFFFFFFFFFF52524F
:10B880005555E4E0D9D6D5D3D2CFCFCCCBC8C7C598
:10B89000C4C2A8A8D7D7FFFFFFFFFFFFFFFFEBEB56
:10B8A000575751529E9E929296969C9DA2A3A7A8EE
:10B8B000AAABAEB07676FBFBFFFFFFFFFFFF535353
:10B8C00057575E5ECACACDCDD0CFD2D1D4D2D6D54D
:10B8D000DAD8DBD9DEDBE1DEE2E0E5E2EBE73F3FB1
:10B8E000FFFFFFFFFFFFF6F655555052F1ECE8E47D
:10B8F000EBE7EDE9EFECF0ECF2ECF2EECBC8FFFF9A
:10B90000F4F0F4F0F4F0F4F0F4F0F4F0F4F0F4F017
:10B91000F4F0F5F15453FFFF969656565353F3F057
:10B92000F1ECEFECECEAECEAEBE7EBE7EAE74E4EA2
:10B93000FFFFC2C258585051DFDDD8D5D5D3D3D080
:10B94000CFCCCACAC8C6C7C55353B0B056564F4F5E
:10B95000B7B6B1B1AEADAAA8A6A5A3A19F9E9B9A6A
:10B960005151FFFFB5B558585151A7A8A8AAABAD82
:10B97000AFB1B3B5B4B6B5B8B8BABBBCBEBFC1C23F
:10B98000C3C4C5C5C9C9CCCCCDCED0CED2D0D5D3F9
:10B99000D5D3D8D6DBD9DCDADDDCB3B3FFFFFFFFCC
:10B9A000FFFFFFFFFFFFFFFFFFFFFFFFFFFFFFFFA7
:10B9B000FFFFFFFFFFFFFFFFFFFFFFFFFFFFFFFF97
:10B9C000FFFFFFFFFFFFFFFFFFFFFFFFFFFFFFFF87
:10B9D0004A4C585AD4CFF0EAF0EAF0EAEEE8EFE940
:10B9E000EDE8ECE5FCF57275FFFFFFFFFFFFFFFFE1
:10B9F000FFFF52545557E0DCD6D3D3CFCFCDCCC8C0
:10BA0000C8C5C5C3C2BFA8A7D7D8FFFFFFFFFFFFA8
:10BA1000FFFFEBEA575952549E9D929396979DA033
:10BA2000A3A7A8AFABB3B0B9767AFBFBFFFFFFFFCC
:10BA3000FFFF535557595E5FCAD0CDD3CFD4D1D471
:10BA4000D2D6D5D9D8DAD9DBDBDEDEDFE0DFE2E142
:10BA5000E7E53F42FFFFFFFFFFFFF6F65557525461
:10BA6000ECE8E4E1E7E3E9E4ECE6ECE6ECE8EEE858
:10BA7000C8C3FFFAF0EAF0EAF0EAF0EAF0EAF0EA26
:10BA8000F0EAF0EAF0EAF1EB5356FFFF96985658C9
:10BA90005355F0EAECE6ECE6EAE4EAE3E7E2E7E253
:10BAA000E7E14E50FFFFC2C3585A5154DDD8D5D2FA
:10BAB000D3CFD0CCCCC9CAC8C6C5C5C25357B0B104
:10BAC00056584F51B6B6B1B1ADACA8A9A5A5A1A223
:10BAD0009E9E9A9B5153FFFFB5B6585A5153A8AD3D
:10BAE000AAB1ADB5B1BAB5BFB6C2B8C4BAC6BCC6C4
:10BAF000BFCAC2CAC4CCC5CEC9CFCCD2CED2CED496
:10BB0000D0D4D3D7D3D8D6D8D9DBDADADCDDB3B406
:10BB1000FFFFFFFFFFFFFFFFFFFFFFFFFFFFFFFF35
:10BB2000FFFFFFFFFFFFFFFFFFFFFFFFFFFFFFFF25
:10BB3000FFFFFFFFFFFFFFFFFFFFFFFFFFFFFFFF15
:10BB4000FFFFFFFF4B4B5858D6D4F4F0F4F0F4F05D
:10BB5000F3EFF3EFF2EEF1EDFFFC7272FFFFFFFF88
:10BB6000FFFFFFFFFFFF55555555E6E3DCD9D9D55B
:10BB7000D5D3D2CFCECACBC8C7C4ABABD7D7FFFFC4
:10BB8000FFFFFFFFFFFFDFDF57575252A3A2989836
:10BB9000929297979C9DA2A3A6A8AAAC7475FBFB52
:10BBA000FFFFFFFF9D9D58585758B4B5C6C6CACA77
:10BBB000CDCDD0CFD3D1D4D2D7D6DAD8DBDADFDD32
:10BBC000E2DFE4E1E4E2A4A3F3F2FFFFFFFFF6F615
:10BBD00055555152EDE8E6E2E8E4EBE8EDE9EFEC2B
:10BBE000F0EDF2ECD6D24546FFFFF4F0F4F0F4F0BD
:10BBF000F4F0F4F0F4F0F4F0F4F0F5F15453FFFF46
:10BC0000969656565353F4EFF1ECF1ECEFECECEB67
:10BC1000ECE8EAE7ECE74E4EFFFFDCDC58584F500B
:10BC2000E2DFDAD9D8D5D5D2D3D0CFCCCBC9C8C7EB
:10BC30005353919156564F4EBBBAB5B3B2B1ADAC5A
:10BC4000AAA8A8A5A2A1A09F4E4EFFFFB5B558581F
:10BC50005252A2A3A5A6A8AAACADAFB1B2B4B4B6D5
:10BC6000B5B8B8BBBBBCBEBFC1C1C2C4C6C6C9C9DA
:10BC7000CBCBCDCECFCFD3D0D5D3D6D5D8D7DBDA9B
:10BC8000DCDBB3B3FFFFFFFFFFFFFFFFFFFFFFFFA3
:10BC9000FFFFFFFFFFFFFFFFFFFFFFFFFFFFFFFFB4
:10BCA000FFFFFFFFFFFFFFFFFFFFFFFFFFFFFFFFA4
:10BCB000FFFFFFFFFFFFFFFF4B4E585AD4CFF0EAC4
:10BCC000F0EAF0EAEFE9EFE9EEE8EDE8FCF572758D
:10BCD000FFFFFFFFFFFFFFFFFFFF55575557E3DD56
:10BCE000D9D5D5D2D3CFCFCCCAC8C8C5C4C2ABA9C9
:10BCF000D7D8FFFFFFFFFFFFFFFFDFDE575952548A
:10BD0000A2A29899929397999DA1A3A8A8AEACB32B
:10BD1000757AFBFBFFFFFFFF9D9F585A585AB5BD30
:10BD2000C6CDCAD0CDD2CFD4D1D4D2D6D6D9D8DAF6
:10BD3000DADBDDDEDFDFE1DFE2E1A3A3F2F2FFFF2A
:10BD4000FFFFF6F655575254E8E4E2DEE4E1E8E39B
:10BD5000E9E5ECE6EDE6ECE8D2CE4648FFF8F0EA9D
:10BD6000F0EAF0EAF0EAF0EAF0EAF0EAF0EAF1EB01
:10BD70005356FFFF969856585356EFE9ECE8ECE619
:10BD8000ECE6EBE4E8E3E7E2E7E24E50FFFFDCDC61
:10BD9000585A5052DFDBD9D5D5D2D2CFD0CDCCC96D
:10BDA000C9C7C7C55357919356584E51BABAB3B481
:10BDB000B1B2ACADA8A9A5A5A1A29F9E4E4FFFFF11
:10BDC000B5B6585A5253A3A7A6ACAAB1ADB6B1BCEA
:10BDD000B4BFB6C3B8C4BBC6BCC7BFC9C1CAC4CC54
:10BDE000C6CEC9CECBD1CED2CFD4D0D4D3D7D5D94D
:10BDF000D7D9DADCDBDCB3B4FFFFFFFFFFFFFFFFC7
:10BE0000FFFFFFFFFFFFFFFFFFFFFFFFFFFFFFFF42
:10BE1000FFFFFFFFFFFFFFFFFFFFFFFFFFFFFFFF32
:10BE2000FFFFFFFFFFFFFFFFFFFFFFFF4B4B5858D8
:10BE3000D6D4F4F0F4F0F4F0F4F0F4F0F3EFF2EF21
:10BE4000FFFD7272FFFFFFFFFFFFFFFFFFFF555572
:10BE50005555E9E5DFDBDCD9D9D5D4D2D2CFCECA6E
:10BE6000CBC7ACACD7D7FFFFFFFFFFFFFFFFD8D892
:10BE700057575151A7A69D9C9897929397979D9E2F
:10BE8000A2A3A5A87373FBFBFFFFFFFF4949585806
:10BE90004D4DC9CAC4C4C6C6C9C9CDCCD0CED3D0F5
:10BEA000D5D3D7D6DAD8DDDBDEDDE1DEE4E0F2EFB4
:10BEB0006B6BFFFFFFFFF6F655555051E8E5E2DEEC
:10BEC000E7E3E8E5ECE8ECE8EFECF0EDD3D0B9B966
:10BED000494AFAF7F4F0F4F0F4F0F4F0F4F0F4F086
:10BEE000F4F0F5F15353FFFF858556565353F5F1A2
:10BEF000F0EDF1ECF1EBEFECEDEBECE9EDEA4E4EB1
:10BF0000FFFFFFFF54544E4EE6E5DDDADBD9D7D50F
:10BF1000D4D2D3D0CECACBCA6262545456565353ED
:10BF2000BEBDB9B8B4B4B1B1AEACA9A8A6A5A4A31E
:10BF30004647FFFFB5B5585852529E9EA1A2A5A7ED
:10BF4000A8AAACAEAFB1B2B4B5B6BABCB8BABABDB5
:10BF5000BEBFC1C1C4C3C6C6C9C9CBCBCECED0CE6D
:10BF6000D3D2D5D3D6D5D8D6DBD9B3B3FFFFFFFF15
:10BF7000FFFFFFFFFFFFFFFFFFFFFFFFFFFFFFFFD1
:10BF8000FFFFFFFFFFFFFFFFFFFFFFFFFFFFFFFFC1
:10BF9000FFFFFFFFFFFFFFFFFFFFFFFFFFFFFFFFB1
:10BFA0004B4D585AD4CFF0EAF0EAF0EAF0EAF0EA62
:10BFB000EFE9EFE9FDF67275FFFFFFFFFFFFFFFFFF
:10BFC000FFFF55575557E5E0DBD8D9D5D5D3D2CEAD
:10BFD000CFCCCAC9C7C5ACACD7D8FFFFFFFFFFFFA6
:10BFE000FFFFD8D857595153A6A69C9D9798939375
:10BFF00097999EA1A3A8A8AE7377FBFBFFFFFFFF55
:10C00000494B585A4D4ECAD2C4CCC6CEC9D0CCD258
:10C01000CED4D0D4D3D6D6D9D8DADBDADDDEDEDFA3
:10C02000E0DFEFEC6B6EFFFFFFFFF6F65557515365
:10C03000E5E1DEDAE3DFE5E1E8E2E8E5ECE7EDE6BD
:10C04000D0CDB9BA4A4CF7F0F0EAF0EAF0EAF0EAFB
:10C05000F0EAF0EAF0EAF1EB5355FFFF8587565816
:10C060005356F1EBEDE7ECE8EBE5ECE6EBE4E9E366
:10C07000EAE54E50FFFFFFFF54564E51E5DFDAD799
:10C08000D9D5D5D1D2CED0CDCAC9CAC86265545689
:10C0900056585355BDBBB8B7B4B4B1B1ACACA8A8F1
:10C0A000A5A6A3A4474AFFFFB5B6585A52549EA06E
:10C0B000A2A6A7ADAAB1AEB6B1BCB4BFB6C3BCC947
:10C0C000BAC6BDC7BFC9C1C9C3CCC6CEC9CFCBD103
:10C0D000CED3CED4D2D6D3D6D5D9D6DAD9DBB3B453
:10C0E000FFFFFFFFFFFFFFFFFFFFFFFFFFFFFFFF60
:10C0F000FFFFFFFFFFFFFFFFFFFFFFFFFFFFFFFF50
:10C10000FFFFFFFFFFFFFFFFFFFFFFFFFFFFFFFF3F
:10C11000FFFFFFFF4B4B5858D6D4F4F0F4F0F4F087
:10C12000F4F0F4F0F4F0F3EFFFFE7272FFFFFFFFA4
:10C13000FFFFFFFFFFFF55555555EBE7E1DEDFDC65
:10C14000DCD8DAD5D4D3D2CFCECAB0B0D7D7FFFFA0
:10C15000FFFFFFFFFFFFD8D857575151ABAAA2A14D
:10C160009C9B9897929397989D9EA2A37173FBFBBB
:10C17000FFFFFFFF545457576868BFC0C1C1C3C514
:10C18000C7C7CACACDCCCFCED2D1D4D2D6D5DAD8B1
:10C19000DCDADEDCE1DEE5E24546FFFFFFFFF6F636
:10C1A00055554F50E3E0DFDAE2DEE6E3E9E5EBE8A0
:10C1B000ECE9EFECD3D0E7E7A3A3696AF4F2F4F07B
:10C1C000F4F0F4F0F4F0F4F0F4F0F5F15353FFFF71
:10C1D000878756565353F5F1F3EFEFEDF1ECF1EBA2
:10C1E000EFEBEDEBEFEA4E4EFFFFFFFF4B4B4F4FF8
:10C1F000EEEADFDEDDDADBD8D8D5D5D3D2CFCFCBB0
:10C200008585575757576564BFBDBCBAB9B7B5B434
:10C21000B1B0ADACA9A8A9A83F3FFFFFB5B558582C
:10C22000535398989C9CA1A1A5A6A9AAACAFAFB165
:10C23000B3B55859BEC1B8BABBBDBEBFC1C1B4B514
:10C24000CDCDC9C9CBCBCECDD0D0D3D2D5D2D6D5FA
:10C25000D7D6B3B3FFFFFFFFFFFFFFFFFFFFFFFFD7
:10C26000FFFFFFFFFFFFFFFFFFFFFFFFFFFFFFFFDE
:10C27000FFFFFFFFFFFFFFFFFFFFFFFFFFFFFFFFCE
:10C28000FFFFFFFFFFFFFFFF4B4D585AD4CFF0EAEF
:10C29000F0EAF0EAF0EAF0EAF0EAEFE9FEF77275A8
:10C2A000FFFFFFFFFFFFFFFFFFFF55575557E7E376
:10C2B000DEDADCD8D8D4D5D4D3CECFCCCAC9B0AE90
:10C2C000D7D8FFFFFFFFFFFFFFFFD8D857595153C3
:10C2D000AAAAA1A19B9C9799939498999EA2A3A77F
:10C2E0007376FBFBFFFFFFFF54565759686BC0CABC
:10C2F000C1C9C5CCC7CECAD0CCD2CED4D1D4D2D766
:10C30000D5D8D8DADADBDCDEDEDFE2E14648FFFF53
:10C31000FFFFF6F655575052E0DDDAD7DEDBE3DEFD
:10C32000E5E1E8E3E9E4ECE6D0CCE7E7A3A46A6B57
:10C33000F2ECF0EAF0EAF0EAF0EAF0EAF0EAF1EB27
:10C340005355FFFF878856585356F1EBEFE9EDE759
:10C35000ECE7EBE5EBE6EBE4EAE64E4FFFFFFFFF31
:10C360004B4D4F51EAE5DED9DAD6D8D4D5D2D3CF6A
:10C37000CFCCCBC98586575957596467BDBCBABB6A
:10C38000B7B7B4B3B0B0ACADA8A8A8A83F41FFFF01
:10C39000B5B6585A5355989B9CA0A1A5A6AAAAB178
:10C3A000AFB7B1BCB5C0595AC1CEBAC6BDC8BFC976
:10C3B000C1C9B5BDCDD5C9CFCBD2CDD2D0D5D2D6BE
:10C3C000D2D6D5D9D6D9B3B4FFFFFFFFFFFFFFFF09
:10C3D000FFFFFFFFFFFFFFFFFFFFFFFFFFFFFFFF6D
:10C3E000FFFFFFFFFFFFFFFFFFFFFFFFFFFFFFFF5D
:10C3F000FFFFFFFFFFFFFFFFFFFFFFFF4B4B585803
:10C40000D6D4F4F0F4F0F4F0F4F0F4F0F4F0F3EF48
:10C41000FFFE7272FFFFFFFFFFFFFFFFFFFF55559B
:10C420005555EEE9E4E0E0DFDFDCDCD9D9D6D5D242
:10C43000D0CEB1B0D7D7FFFFFFFFFFFFFFFFD8D8A7
:10C4400057575151B0AFA4A4A1A09C9A979792922C
:10C4500098989D9D7071FBFBFFFF84845858585835
:10C46000B2B5BABDBEBFC0C1C4C5C7C7CACACDCDAB
:10C47000D7D5D2D1D5D2D6D5DADADDDBDEDCE1DE36
:10C48000BAB9E4E4FFFFF6F655555050DFDBD9D6D4
:10C49000DFDAE4DFE6E3E9E5EBE8ECE9D2CFE7E772
:10C4A000FFFF6E6E9E9CF2F0F4F0F4F0F4F0F4F006
:10C4B000F4F0F5F15353FFFF878756565353F7F3C4
:10C4C000F3EFF3EFEFEDF1ECF1EBEFECF0ED4D4EC0
:10C4D000FFFFFFFF54545455EAE8E2DFDFDDDDDA09
:10C4E000DAD8D7D5D5D2D2CFD7D448494748CFCB41
:10C4F000C2BFBFBDBBBBB8B7B5B4B1B0ADACAFAFD9
:10C500005B5BFFFFB5B558585353939398979D9D28
:10C51000A0A2A5A7A8AAADAFB0B258585D5CB5B8A7
:10C52000B9BBBCBCCDCE5151CBCBC6C6C9C9CBCC97
:10C53000CECDD0D0D3D1D5D2D6D5B3B3FFFFFFFF68
:10C54000FFFFFFFFFFFFFFFFFFFFFFFFFFFFFFFFFB
:10C55000FFFFFFFFFFFFFFFFFFFFFFFFFFFFFFFFEB
:10C56000FFFFFFFFFFFFFFFFFFFFFFFFFFFFFFFFDB
:10C570004B4D585AD4CFF0EAF0EAF0EAF0EAF0EA8C
:10C58000F0EAEFE9FEF77275FFFFFFFFFFFFFFFF25
:10C59000FFFF55575557E9E4E0DBDFDADCD7D9D4A4
:10C5A000D6D3D2CFCECBB0B1D7D8FFFFFFFFFFFF9E
:10C5B000FFFFD8D857595153AFAEA4A5A0A09A9C5D
:10C5C00097989293989A9DA17173FBFBFFFF8486C5
:10C5D000585A5859B5BFBDC7BFC9C1C9C5CCC7CEC8
:10C5E000CAD0CDD2D5DBD1D5D2D5D5D8DADADBDCFD
:10C5F000DCDEDEE0B9B9E4E4FFFFF6F65557505251
:10C60000DBD8D6D3DAD7DFDBE3DFE5E1E8E2E9E444
:10C61000CFCCE7E7FFFF6E709C9CF0EAF0EAF0EA0F
:10C62000F0EAF0EAF0EAF1EB5355FFFF878856583D
:10C630005356F3ECEFE9EFE9EDE7ECE7EBE5ECE679
:10C64000EDE74E50FFFFFFFF54555557E8E4DFD9A3
:10C65000DDD8DAD6D8D4D5D1D2CFCFCCD4D1494CAD
:10C66000484ACBCABFBFBDBCBBBAB7B6B4B2B0B004
:10C67000ACADAFAE5B5CFFFFB5B6585A5355939463
:10C68000979A9DA0A2A7A7ADAAB2AFB7B2BD5859BD
:10C690005C5FB8C4BBC7BCC8CED85152CBD4C6CEE1
:10C6A000C9CFCCD2CDD2D0D5D1D5D2D5D5D8B3B4AF
:10C6B000FFFFFFFFFFFFFFFFFFFFFFFFFFFFFFFF8A
:10C6C000FFFFFFFFFFFFFFFFFFFFFFFFFFFFFFFF7A
:10C6D000FFFFFFFFFFFFFFFFFFFFFFFFFFFFFFFF6A
:10C6E000FFFFFFFF4B4B5858D6D4F4F0F4F0F4F0B2
:10C6F000F4F0F4F0F4F0F4F0FFFF7272FFFFFFFFCC
:10C70000FFFFFFFFFFFF55555555EEECE7E3E4E073
:10C71000E0DFDFDBDCDAD8D5D4D1B5B3D7D7FFFF84
:10C72000FFFFFFFFFFFFD8D857575151B5B3ABA953
:10C73000A4A4A1A09C9A9796929298986E6FFBFBE6
:10C74000FFFF484858584E4EBABCB7BABBBCBFC032
:10C75000C1C3C4C4C7C8CDCD4C4ED3D2D3D2D4D319
:10C76000D7D6DBD8DDDBDFDCEFEC5F5FFFFFF6F673
:10C7700055555050DAD7D5D1DAD7DFDBE4E0E7E31F
:10C78000EAE6EBE8CECBE7E7FFFFFFFF4E4ED5D35F
:10C79000F1EFF4F0F4F0F4F0F4F0F5F15353FFFF9F
:10C7A000878756565353F6F2F3EFF3EFF3EFF0EEBD
:10C7B000F1ECF1EBF2ED4D4EFFFFFFFFCDCD585800
:10C7C000B5B3E4E0E1DEDFDDDDDADAD8D7D5D5D107
:10C7D000D2CFD0CCCECBC8C6C5C3C2C0BFBDBABAFB
:10C7E000B8B7B4B3B1B0A4A5B4B4FFFFB5B5585849
:10C7F0005252989892939A979D9EA2A3A6A7A9ABEE
:10C80000ADAF5A5B56569EA0B6B8BDBE48485B5BFE
:10C81000C8C9C4C5C7C7CACACCCCCECED1D0D4D261
:10C82000D4D2B3B3FFFFFFFFFFFFFFFFFFFFFFFF08
:10C83000FFFFFFFFFFFFFFFFFFFFFFFFFFFFFFFF08
:10C84000FFFFFFFFFFFFFFFFFFFFFFFFFFFFFFFFF8
:10C85000FFFFFFFFFFFFFFFF4B4D585AD4CFF0EA19
:10C86000F0EAF0EAF0EAF0EAF0EAF0EAFFF87275CE
:10C87000FFFFFFFFFFFFFFFFFFFF55575557ECE797
:10C88000E3DDE0DBDFD9DBD7DAD5D5D2D1CEB3B467
:10C89000D7D8FFFFFFFFFFFFFFFFD8D857595153ED
:10C8A000B3B3A9A9A4A4A0A09A9B96979293989A8F
:10C8B0006F71FBFBFFFF484B585A4E4FBCC9BAC5BE
:10C8C000BCC7C0C9C3CCC4CDC8CECDD34E4FD2D8BF
:10C8D000D2D6D3D6D6D8D8DADBDCDCDDECEC5F619F
:10C8E000FFFFF6F655575052D7D6D1CFD7D4DBD865
:10C8F000E0DCE3DFE6E0E8E3CBC7E7E7FFFFFFFFCD
:10C900004E4FD3D0EFEAF0EAF0EAF0EAF0EAF1EBCA
:10C910005355FFFF878856585356F2ECEFE9EFE97D
:10C92000EFE9EEE8ECE7EBE5EDE84E50FFFFFFFF47
:10C93000CDCE585AB3B0E0DCDEDADDD8DAD6D8D4C2
:10C94000D5D1D1CFCFCCCCCACBC8C6C4C3C1C0BF50
:10C95000BDBCBAB9B7B6B3B2B0B0A5A5B4B5FFFF08
:10C96000B5B6585A52559898939497999EA2A3A8F1
:10C97000A7ADABB2AFB75B5C5658A0A9B8C4BECAEE
:10C9800048485B5CC9D2C5CDC7CECACFCCD2CED3C6
:10C99000D0D4D2D6D2D6B3B4FFFFFFFFFFFFFFFF44
:10C9A000FFFFFFFFFFFFFFFFFFFFFFFFFFFFFFFF97
:10C9B000FFFFFFFFFFFFFFFFFFFFFFFFFFFFFFFF87
:10C9C000FFFFFFFFFFFFFFFFFFFFFFFF4B4B58582D
:10C9D000D6D4F4F0F4F0F4F0F4F0F4F0F4F0F4F071
:10C9E000FFFF7272FFFFFFFFFFFFFFFFFFFF5555C5
:10C9F0005555F1EDE7E4E7E2E3DFE1DFDEDADAD92E
:10CA0000D8D5B7B5D6D6FFFFFFFFFFFFFFFFD8D8B9
:10CA100057575050B9B7AEADA9A7A4A4A09F9B9AF1
:10CA2000979691926C6CFBFBF2F2565656567274C6
:10CA3000B3B5B4B7B7BABBBDBFC0C1C2C5C4D0D10E
:10CA40005050D3D4D0CFD3D2D5D4D7D5DAD9DDDB9B
:10CA5000E0DE5150FFFFF6F655555050D4D0D1CD01
:10CA6000D8D2DBD7E0DBE4E0E7E3EAE6C5C3E7E7FB
:10CA7000FFFFFFFFFFFF4040F9F5F3F0F4F0F4F0A3
:10CA8000F4F0F5F15353FFFF878756565353F6F2F0
:10CA9000F4F0F4F0F3EFF3EFF0EDF1EDF3ED4D4ED4
:10CAA000FFFFFFFFFFFF45455454E9E4E3E0E1DE0B
:10CAB000DFDDDCD9D9D8D7D4D4D1D2CFCECBCBC837
:10CAC000C8C6C5C3C2BFBEBCBAB9B8B6B4B45D5E51
:10CAD000FFFFFFFFB5B5585852529C9B9695929216
:10CAE00098989D9EA2A3A6A8ABAB5455FFFF5252A7
:10CAF000C2C4757658585A5AC6C7C1C2C4C5C7C73A
:10CB0000CACACCCCCECFD1CFD2D2B3B3FFFFFFFFB6
:10CB1000FFFFFFFFFFFFFFFFFFFFFFFFFFFFFFFF25
:10CB2000FFFFFFFFFFFFFFFFFFFFFFFFFFFFFFFF15
:10CB3000FFFFFFFFFFFFFFFFFFFFFFFFFFFFFFFF05
:10CB40004B4D585AD4CFF0EAF0EAF0EAF0EAF0EAB6
:10CB5000F0EAF0EAFFF97275FFFFFFFFFFFFFFFF4A
:10CB6000FFFF55575557EDE8E4DFE2DDDFDCDFDAA4
:10CB7000DAD6D9D4D5D2B5B4D6D7FFFFFFFFFFFFA1
:10CB8000FFFFD8D857595053B7B8ADADA7A7A4A445
:10CB90009F9F9A9B969792926C6FFBFBF2F256586E
:10CBA00056587477B5C0B7C3BAC6BDC8C0CAC2CBE1
:10CBB000C4CCD1D75052D4D7CFD5D2D6D4D6D5D74E
:10CBC000D9DBDBDCDEDE5053FFFFF6F65557505362
:10CBD000D0D0CDCCD2D0D7D4DBD8E0DCE3DFE6E1D7
:10CBE000C3C1E7E7FFFFFFFFFFFF4042F5EFF0EAB9
:10CBF000F0EAF0EAF0EAF1EB5355FFFF8788565868
:10CC00005356F2ECF0EAF0EAEFE9EFE9EDE7EDE791
:10CC1000EDE74E50FFFFFFFFFFFF45475456E4DEB0
:10CC2000E0DCDED9DDD8D9D5D8D3D4D1D1CECFCCA4
:10CC3000CBC9C8C6C6C4C3C1BFBFBCBBB9B9B6B5F2
:10CC4000B4B25E5FFFFFFFFFB5B6585A52549B9CCB
:10CC500095969293989A9EA2A3A8A8AEABB4555766
:10CC6000FFFF5254C4D2767A585A5A5CC7D1C2CD0B
:10CC7000C5CDC7CECACFCCD3CFD4CFD4D2D5B3B401
:10CC8000FFFFFFFFFFFFFFFFFFFFFFFFFFFFFFFFB4
:10CC9000FFFFFFFFFFFFFFFFFFFFFFFFFFFFFFFFA4
:10CCA000FFFFFFFFFFFFFFFFFFFFFFFFFFFFFFFF94
:10CCB000FFFFFFFF4B4B5858D6D4F4F0F4F0F4F0DC
:10CCC000F4F0F4F0F4F0F4F0FFFF8080FFFFFFFFDA
:10CCD000FFFFFFFFFFFF55555555F1EEEAE5E7E48D
:10CCE000E7E2E3DEE0DEDDDAD9D7B6B6E1E1FFFF69
:10CCF000FFFFFFFFFFFFD8D857575050BDBBB2B161
:10CD0000ACACA9A8A4A4A09F9A9A96956B6BFCFCC6
:10CD1000727258585656AEB1B0B2B3B4B4B7B7BACF
:10CD2000BCBDBFC0C1C37D7F57577E7ECECDD1D0A5
:10CD3000D4D2D6D3D8D7DBD9DDDBC2C0DFDFF6F65D
:10CD400055555151CCC8CCC7D1CFD7D3DAD8E0DBB9
:10CD5000E4E0E7E4C4C2E7E7FFFFFFFFFFFFFFFFF8
:10CD60003E3EFFFEF3F0F4F0F4F0F5F15453FFFF14
:10CD7000878756565353F6F2F4F0F4F0F3EFF3EFDF
:10CD8000F3EFF0EDF3EF4D4EFFFFFFFFFFFFD1D1CB
:10CD90005656F6F3E6E1E3DFE1DFDFDCDDDADAD792
:10CDA000D6D4D4D1D1CECECBCBC8C8C6C5C3C1BFD3
:10CDB000BEBCBAB8C1BF4747FFFFFFFFB3B3585867
:10CDC00052529F9E9999969592939A999D9DA3A44C
:10CDD000A6A95455FFFFC0C052526A6A53535A5A0B
:10CDE000C4C5C0C1C2C2C5C5C8C8CACACDCDCFCED0
:10CDF000D0CFB2B2FFFFFFFFFFFFFFFFFFFFFFFF3C
:10CE0000FFFFFFFFFFFFFFFFFFFFFFFFFFFFFFFF32
:10CE1000FFFFFFFFFFFFFFFFFFFFFFFFFFFFFFFF22
:10CE2000FFFFFFFFFFFFFFFF4B4D585AD4CFF0EA43
:10CE3000F0EAF0EAF0EAF0EAF0EAF0EAFFF98081DD
:10CE4000FFFFFFFFFFFFFFFFFFFF55575557EEE8BE
:10CE5000E5E0E4DFE2DDDEDBDED9DAD6D7D3B6B556
:10CE6000E1E2FFFFFFFFFFFFFFFFD8D85759505205
:10CE7000BBBBB1B1ACACA8A7A4A39F9F9A9A95964F
:10CE80006B6BFCFB7273585A5658B1B9B2BCB4C044
:10CE9000B7C4BAC5BDC8C0CAC3CB7F8257597E814B
:10CEA000CDD2D0D5D2D6D3D7D7D7D9DBDBDCC0C251
:10CEB000DFDEF6F655575153C8CAC7C8CFCDD3D118
:10CEC000D8D5DBD9E0DCE4E0C2C0E7E7FFFFFFFF35
:10CED000FFFFFFFF3E40FEF8F0EAF0EAF0EAF1EB78
:10CEE0005356FFFF878856585356F2ECF0EAF0EAA3
:10CEF000EFE9EFE9EFE9EDE7EFE84E50FFFFFFFF65
:10CF0000FFFFD1D15659F3EDE1DDDFDBDFD9DCD70F
:10CF1000DAD6D7D4D4D0D1CECECCCBC9C8C5C6C32F
:10CF2000C3C0BFBEBCBBB8B9BFBF4749FFFFFFFF0F
:10CF3000B3B4585A52549E9F999995959394999B3E
:10CF40009DA2A4A9A9AF5556FFFFC0C152546A6B58
:10CF500053555A5CC5D0C1CBC2CCC5CDC8CFCAD001
:10CF6000CDD3CED3CFD4B2B4FFFFFFFFFFFFFFFF7F
:10CF7000FFFFFFFFFFFFFFFFFFFFFFFFFFFFFFFFC1
:10CF8000FFFFFFFFFFFFFFFFFFFFFFFFFFFFFFFFB1
:10CF9000FFFFFFFFFFFFFFFFFFFFFFFF4B4B585857
:10CFA000D6D4F4F0F4F0F4F0F4F0F4F0F4F0F4F09B
:10CFB000FFFF8181FFFFFFFFFFFFFFFFFFFF5555D1
:10CFC0005555F3F1EAE8EAE6E7E4E7E1E2DFDFDD21
:10CFD000DCD9B9B9E0E0FFFFFFFFFFFFFFFFD8D8C2
:10CFE00057574F50C1BFB5B4B1B0ADACA8A7A4A2BC
:10CFF0009F9E9B9A6B6BFFFF4A4A58585050ACADAE
:10D00000ADAFB2B4B2B5B5B8B9BBBBBCC6C74A4A7E
:10D0100051514B4BD2D2CECED1D0D4D1D6D3D8D6FB
:10D02000DBD9E8E75454F8F855555051C5C1C4C18F
:10D03000CCC8D2CFD8D2DCD8E0DBE4E0C3C1E7E78C
:10D04000FFFFFFFFFFFFFFFFF2F24142FFFBF3F0A4
:10D05000F4F0F6F24B4CFFFF878756565353F6F227
:10D06000F4F0F4F0F4F0F3EFF3EFF3EFF3F04C4DF2
:10D07000FFFFFFFFFFFFFFFF67676060E7E4E7E197
:10D08000E4E0E0DFDFDDDCD9D9D6D6D3D3CFD1CE13
:10D09000CDCACBC7C9C5C4C3C1C0BEBC6F6FF8F889
:10D0A000FFFFFFFFA4A458585151A3A29D9C99993A
:10D0B0009594929299989E9FA4A35456FFFFFFFFC8
:10D0C000AFAFFFFF52525A5AC1C1BDBEC0C1C2C2AA
:10D0D000C4C5C8C8CBCBCDCDCECEB1B1FFFFFFFF0D
:10D0E000FFFFFFFFFFFFFFFFFFFFFFFFFFFFFFFF50
:10D0F000FFFFFFFFFFFFFFFFFFFFFFFFFFFFFFFF40
:10D10000FFFFFFFFFFFFFFFFFFFFFFFFFFFFFFFF2F
:10D110004B4D585AD4CFF0EAF0EAF0EAF0EAF0EAE0
:10D12000F0EAF0EAFFF98183FFFFFFFFFFFFFFFF57
:10D13000FFFF55575557F1E9E8E3E6E1E4DFE1DDAC
:10D14000DFDADDD8D9D6B9B7E0E1FFFFFFFFFFFF97
:10D15000FFFFD8D857595052BFBEB4B4B0B0ACAC32
:10D16000A7A7A2A39E9F9A9B6B6DFFFF4A4C585A9C
:10D170005052ADB5AFB7B4BDB5C1B8C4BBC7BCC8DC
:10D18000C7D14A4C51544B4CD2D8CED2D0D4D1D6A0
:10D19000D3D7D6D8D9DBE7E85455F8F855575153CB
:10D1A000C1C4C1C2C8C8CFCDD2D1D8D5DBD9E0DC8B
:10D1B000C1BEE7E7FFFFFFFFFFFFFFFFF2F34245BE
:10D1C000FBF4F0EAF0EAF2EB4C4FFFFF8788565889
:10D1D0005356F2ECF0EAF0EAF0EAEFE9EFE9EFE9B2
:10D1E000F0EA4D4FFFFFFFFFFFFFFFFF676A60623E
:10D1F000E4DFE1DDE0DCDFD9DDD8D9D5D6D4D3D08A
:10D20000CFCDCECCCAC8C7C5C5C3C3BFC0BEBCBBCB
:10D210006F71F8F9FFFFFFFFA4A5585A5153A2A35D
:10D220009C9D999994959293989A9FA3A3A85657D9
:10D23000FFFFFFFFAFB0FFFF52545A5CC1CCBEC925
:10D24000C1CBC2CCC5CDC8CECBD1CDD2CED5B1B25B
:10D25000FFFFFFFFFFFFFFFFFFFFFFFFFFFFFFFFDE
:10D26000FFFFFFFFFFFFFFFFFFFFFFFFFFFFFFFFCE
:10D27000FFFFFFFFFFFFFFFFFFFFFFFFFFFFFFFFBE
:10D28000FFFFFFFF4B4B5858D6D2F2F0F4F0F4F00A
:10D29000F4F0F4F0F4F0F4F0FFFF8181FFFFFFFF02
:10D2A000FFFFFFFFFFFF55555555F5F1ECEAEAE7A3
:10D2B000EAE5E6E3E5E2E3DEDFDEBBBAE0E0FFFF5E
:10D2C000FFFFFFFFFFFFD8D857574E50C6C3BAB96C
:10D2D000B5B3B1AFADACA8A6A3A3A09F6D6CE4E4B9
:10D2E000575756587C7CA4A6A8AAADAEB0B2B4B528
:10D2F000B5B8B9BBB0B0CCCCBDBD5656C2C4CCCC11
:10D30000CECED1CFD4D2D5D4D8D6DCDA5A5AFFFF7C
:10D3100055554F4FBCB9BEBAC5C2CDC9D2CED7D371
:10D32000DBD7E0DCC2BFE7E7FFFFFFFFFFFFFFFF48
:10D33000FFFFCDCD5151F9F4F4F0F6F24D4DFFFF62
:10D34000878756565353F6F2F4F0F4F0F4F0F4F005
:10D35000F2EEF3EFF5F14A4AFFFFFFFFFFFFFFFF99
:10D36000FFFF6060C0BEE5E2E6E2E3DEE1DFE0DCB5
:10D37000DDD9D9D7D5D3D3D0D1CECDCBCBC8C7C5A6
:10D38000C4C2B8B76767FFFFFFFFFFFFA4A45858E8
:10D390005151A6A6A1A09D9C9998959492929A9A73
:10D3A0009E9E5555FFFFFFFFFFFFFFFF52525A5A47
:10D3B000BCBFBABBBDBEC0C0C1C4C4C5C8C8CACA50
:10D3C000CCCCCBCBFFFFFFFFFFFFFFFFFFFFFFFF3B
:10D3D000FFFFFFFFFFFFFFFFFFFFFFFFFFFFFFFF5D
:10D3E000FFFFFFFFFFFFFFFFFFFFFFFFFFFFFFFF4D
:10D3F000FFFFFFFFFFFFFFFF4B4D585AD2CFF0EA70
:10D40000F0EAF0EAF0EAF0EAF0EAF0EAFFF9818304
:10D41000FFFFFFFFFFFFFFFFFFFF55575557F1EDE0
:10D42000EAE3E7E2E5E0E3DEE2DEDEDADED9BAB93E
:10D43000E0E1FFFFFFFFFFFFFFFFD8D85759505231
:10D44000C3C2B9B8B3B5AFB0ACACA6A7A3A49F9FF5
:10D450006C6DE4E45759585A7C7FA6ABAAB1AEB7BD
:10D46000B2BCB5C2B8C3BBC6B0B9CCCDBDBF5658AF
:10D47000C4C8CCD3CED3CFD4D2D6D4D7D6D8DADD85
:10D480005A5CFFFF55574F51B9BDBABCC2C3C9C999
:10D49000CECDD3D1D7D5DCD8BFBEE7E7FFFFFFFFA6
:10D4A000FFFFFFFFFFFFCDCD5154F4EEF0EAF2EBAA
:10D4B0004D50FFFF878856585356F2ECF0EAF0EAD9
:10D4C000F0EAF0EAEEE8EFE9F1EB4A4DFFFFFFFF8B
:10D4D000FFFFFFFFFFFF6062BEBCE2DDE2DDDEDBDF
:10D4E000DFDADCD8D9D5D7D3D3CFD0CDCECBCBC90B
:10D4F000C8C5C5C2C2C0B7B66768FFFFFFFFFFFF60
:10D50000A4A5585A5153A6A6A0A09C9D989A94955C
:10D5100092939A9B9EA25556FFFFFFFFFFFFFFFFCE
:10D5200052545A5CBFCBBBC5BEC9C0CBC4CDC5CE5F
:10D53000C8CECAD0CCD4CBCCFFFFFFFFFFFFFFFF8C
:10D54000FFFFFFFFFFFFFFFFFFFFFFFFFFFFFFFFEB
:10D55000FFFFFFFFFFFFFFFFFFFFFFFFFFFFFFFFDB
:10D56000FFFFFFFFFFFFFFFFFFFFFFFF4B4B585881
:10D57000E6E2F3EEF2F0F4F0F4F0F4F0F4F0F4F0AC
:10D58000FFFF8181FFFFFFFFFFFFFFFFFFFF5555FB
:10D590005353FAF5ECEAEDE9E9E7E9E5E5E3E5E21D
:10D5A000E2DEBDBCE0E0FFFFFFFFFFFFFFFFD8D8DA
:10D5B00057574E4FC9C7BDBBB8B8B5B4B0B0ACAB88
:10D5C000A9A7A4A26F6E616158585656A0A19FA149
:10D5D000A5A6A9AAADADB0B3B4B5B6B94D4EFFFF7F
:10D5E000FFFF4E4E6566C9C9CBCCCECDD1D0D3D1CD
:10D5F000D5D4D8D6C7C6BDBD56564F50B2B1B5B4B6
:10D60000BEBAC5C3CECAD3CFD7D3DAD8BFBCE7E73B
:10D61000FFFFFFFFFFFFFFFFFFFFFFFF97977778F9
:10D62000F4EFF6F24D4DFFFF868656565253F6F252
:10D63000F4F0F4F0F4F0F4F0F4F0F3EFF5F14A4A1A
:10D64000FFFFFFFFFFFFFFFFFFFFFFFF4D4DC0BECE
:10D65000E6E4E6E2E3DFE0DDDFDCDCD9D8D6D6D4F1
:10D66000D4D1D0CECDCCCBC8BDBA4141FFFFFFFF56
:10D67000FFFFFFFFA4A458585151ABAAA4A3A1A037
:10D680009D9C9898949394949B9A5455FFFFFFFF08
:10D69000FFFFFFFF52525A5ABABDB7B9BABBBDBE5F
:10D6A000C1C1C2C4C5C6C7C7C9CACACAFFFFFFFF36
:10D6B000FFFFFFFFFFFFFFFFFFFFFFFFFFFFFFFF7A
:10D6C000FFFFFFFFFFFFFFFFFFFFFFFFFFFFFFFF6A
:10D6D000FFFFFFFFFFFFFFFFFFFFFFFFFFFFFFFF5A
:10D6E0004B4D585AE2DCEEE7F0EAF0EAF0EAF0EAF5
:10D6F000F0EAF0EAFFF98183FFFFFFFFFFFFFFFF82
:10D70000FFFF55575355F5EFEAE3E9E4E7E2E5E0BB
:10D71000E3DEE2DDDEDABCBBE0E1FFFFFFFFFFFF9F
:10D72000FFFFD8D857594F52C7C5BBBBB8B6B4B422
:10D73000B0B0ABABA7A6A2A36E706163585A56589F
:10D74000A1A4A1A4A6ABAAB2ADB8B3BDB5C2B9C5D8
:10D750004E4FFFFFFFFF4E506668C9D0CCD2CDD2EE
:10D76000D0D5D1D7D4D8D6D8C6C8BDBF56585051B9
:10D77000B1B5B4B7BABEC3C3CAC9CFCED3D2D8D657
:10D78000BCBCE7E7FFFFFFFFFFFFFFFFFFFFFFFF5F
:10D7900097997879EFE9F2EB4D50FFFF868756585D
:10D7A0005355F2ECF0EAF0EAF0EAF0EAF0EAEFE9D9
:10D7B000F1EB4A4DFFFFFFFFFFFFFFFFFFFFFFFF02
:10D7C0004D50BEBCE4DFE2DEDFDBDDDADCD8D9D5EC
:10D7D000D6D3D4D0D1CECECBCCCAC8C6BAB94144A8
:10D7E000FFFFFFFFFFFFFFFFA4A5585A5153AAA94F
:10D7F000A3A4A0A09C9D9898939494959A9C555707
:10D80000FFFFFFFFFFFFFFFF52545A5CBDCAB9C6BE
:10D81000BBC5BEC8C1CBC4CDC6CEC7CECAD0CACB8D
:10D82000FFFFFFFFFFFFFFFFFFFFFFFFFFFFFFFF08
:10D83000FFFFFFFFFFFFFFFFFFFFFFFFFFFFFFFFF8
:10D84000FFFFFFFFFFFFFFFFFFFFFFFFFFFFFFFFE8
:10D85000FFFFFFFF4B4B5858E6E2F2EEF3EFF3F019
:10D86000F4F0F4F0F4F0F4F0FFFF8181FFFFFFFF2C
:10D87000FFFFFFFFFFFF43435353FFFFFFFAFCF996
:10D88000FCF6F9F4F7F2F5F1F3EFCAC8E0E0FFFFB8
:10D89000FFFFFFFFFFFFFFFF45455050D7D4CCCA25
:10D8A000C7C5C2C2BDBCB8B7B4B3AFAE73728E8EBB
:10D8B0005757555597979E9EA4A5A8ABADAFB1B449
:10D8C000B6B8BFC27272FFFFFFFFA9A95150D5D5EC
:10D8D000D0D0D3D3D6D6D9D7DCD9DDDBEBE95555BB
:10D8E00046465050AAAAAFAEBBB8C5C1CDC8D5D028
:10D8F000DAD6DFDBC2C0E7E7FFFFFFFFFFFFFFFF76
:10D90000FFFFFFFFFFFF7070B1B0FFFB4E4EFFFF48
:10D91000F1F150505757FFFFFFFFFFFFFFFFFFFFE1
:10D92000FFFFFFFFFFFF4B4CFFFFFFFFFFFFFFFF6E
:10D93000FFFFFFFFFFFF87875252F3F1E9E6E3DEC7
:10D94000DFDEDEDBDBD9D9D6D6D4D6D3DFDC5C5D37
:10D950006D6DFFFFFFFFFFFFFFFFFFFFFFFF4D4D5F
:10D960005050B7B5AFAEABA9A7A5A2A09E9D9A9700
:10D9700099995757FFFFFFFFFFFFFFFF52525A5A77
:10D98000B9BCB5B8B7BABABCBEBFC1C1C3C4C5C5BE
:10D99000C8C8CACAFFFFFFFFFFFFFFFFFFFFFFFF6F
:10D9A000FFFFFFFFFFFFFFFFFFFFFFFFFFFFFFFF87
:10D9B000FFFFFFFFFFFFFFFFFFFFFFFFFFFFFFFF77
:10D9C000FFFFFFFFFFFFFFFF4B4D585AE2DFEEE87E
:10D9D000EFE8F0EAF0EAF0EAF0EAF0EAFFF9818332
:10D9E000FFFFFFFFFFFFFFFFFFFF43455355FFFE14
:10D9F000FAF3F9F1F6F0F4EFF2ECF1ECEFEAC8C566
:10DA0000E0E1FFFFFFFFFFFFFFFFFFFF4547505330
:10DA1000D4D0CAC8C5C4C2BFBCBAB7B7B3B3AEAE20
:10DA200072738E8E5759555797999EA1A5AAABB080
:10DA3000AFB6B4BCB8C3C2D07274FFFFFFFFA9A8D1
:10DA40005052D5DFD0D6D3D9D6DBD7DCD9DEDBE058
:10DA5000E9EC555846485052AAB0AEB3B8BBC1C362
:10DA6000C8CAD0CFD6D5DBD9C0BFE7E7FFFFFFFFDD
:10DA7000FFFFFFFFFFFFFFFFFFFF7071B0AEFBF482
:10DA80004E51FFFFF1F15051575AFFFAFFF8FFF8DE
:10DA9000FFF8FFF8FFF8FFF8FFF84C4FFFFFFFFF1C
:10DAA000FFFFFFFFFFFFFFFFFFFF87875255F1ECEE
:10DAB000E6E1DEDADED8DBD7D9D5D6D3D4D0D3D0E1
:10DAC000DCD75D606D6FFFFFFFFFFFFFFFFFFFFF14
:10DAD000FFFF4D4F5052B5B4AEADA9AAA5A6A0A167
:10DAE0009D9E9798999A5759FFFFFFFFFFFFFFFFF1
:10DAF00052545A5CBCC8B8C3BAC6BCC7BFC9C1CAB5
:10DB0000C4CCC5CEC8CFCACBFFFFFFFFFFFFFFFFCE
:10DB1000FFFFFFFFFFFFFFFFFFFFFFFFFFFFFFFF15
:10DB2000FFFFFFFFFFFFFFFFFFFFFFFFFFFFFFFF05
:10DB3000FFFFFFFFFFFFFFFFFFFFFFFF4B4B5858AB
:10DB4000E7E3F2ECF3EFF3EEF3F0F4F0F4F0F4F0DB
:10DB5000FFFF8181FFFFFFFFFFFFFFFFFFFFFFFFD1
:10DB60004C4C4A4A4A4A4A4A4A4A4A4A4A4A4A4A11
:10DB70004A4A4D4DDEDEFFFFFFFFFFFFFFFFFFFFC5
:10DB8000FFFF4D4D4B4C4C4C4C4C4C4C4D4C4D4C6C
:10DB90004D4D4D4D4D4DFFFF8F8F52524C4C4C4CC7
:10DBA0004B4B4B4B4A4A4A4A4A4A4949FCFCFFFF05
:10DBB000FFFFFFFFACAC494949484848484848483E
:10DBC0004848484848474A4AFFFF3B3B3A3A3A3AB6
:10DBD0003939393938393737373737373939E2E270
:10DBE000FFFFFFFFFFFFFFFFFFFFFFFFFFFFFFFF45
:10DBF0006A6A35363535FFFFFFFFF5F53D3D3A3AA8
:10DC00003A3A3A3A3A3A3A3A3A3A3A3A3A3A343480
:10DC1000FFFFFFFFFFFFFFFFFFFFFFFFFFFFFFFF14
:10DC2000FFFF6C6B34356F6FA6A6BCB9BEBBA7A552
:10DC3000727137385D5DFFFFFFFFFFFFFFFFFFFFE2
:10DC4000FFFFFFFFFFFFFFFF3D3D3C3C3C3C3D3DF8
:10DC50003D3D3D3D3D3D3D3D3D3D3B3BFFFFFFFFF0
:10DC6000FFFFFFFF52525A5AB7BAB4B6B4B7B8BAA8
:10DC7000BBBDBEBFC1C2C2C3C5C6CACAFFFFFFFF8C
:10DC8000FFFFFFFFFFFFFFFFFFFFFFFFFFFFFFFFA4
:10DC9000FFFFFFFFFFFFFFFFFFFFFFFFFFFFFFFF94
:10DCA000FFFFFFFFFFFFFFFFFFFFFFFFFFFFFFFF84
:10DCB0004B4D585AE3DDECE8EFE8EEE8F0EAF0EA25
:10DCC000F0EAF0EAFFF98183FFFFFFFFFFFFFFFFAC
:10DCD000FFFFFFFF4C4F4A4C4A4C4A4C4A4C4A4CBF
:10DCE0004A4C4A4C4A4C4D4EDEDFFFFFFFFFFFFF20
:10DCF000FFFFFFFFFFFF4D4F4C4D4C4D4C4E4C4E28
:10DD00004C4F4C4F4D4F4D4F4D4FFFFF8F91525346
:10DD10004C4E4C4D4B4D4B4C4A4B4A4B4A4B494A4F
:10DD2000FCFBFFFFFFFFFFFFACAC494A484A484AF3
:10DD3000484A48494849484947494A4CFFFF3B3D02
:10DD40003A3C3A3C393B393B393B373A373A373939
:10DD5000393CE2E2FFFFFFFFFFFFFFFFFFFFFFFF96
:10DD6000FFFFFFFF6A6B36383537FFFFFFFFF5F522
:10DD70003D3F3A3C3A3C3A3C3A3C3A3C3A3C3A3CED
:10DD80003A3C3436FFFFFFFFFFFFFFFFFFFFFFFFBF
:10DD9000FFFFFFFFFFFF6B6C35386F70A6A5B9B7AB
:10DDA000BBB8A5A57173383A5D5FFFFFFFFFFFFFAA
:10DDB000FFFFFFFFFFFFFFFFFFFFFFFF3D403C3F77
:10DDC0003C3F3D3F3D3F3D3F3D3F3D3F3D403B3D77
:10DDD000FFFFFFFFFFFFFFFF52545A5CBAC5B6C2F8
:10DDE000B7C4BAC6BDC6BFC9C2CAC3CCC6CECACBE9
:10DDF000FFFFFFFFFFFFFFFFFFFFFFFFFFFFFFFF33
:10DE0000FFFFFFFFFFFFFFFFFFFFFFFFFFFFFFFF22
:10DE1000FFFFFFFFFFFFFFFFFFFFFFFFFFFFFFFF12
:10DE2000FFFFFFFF4B4B5858E5E2F1ECF2ECF3EF4C
:10DE3000F3EEF3F0F4F0F4F0FFFF8383FFFFFFFF56
:10DE4000FFFFFFFFFFFFFFFFFFFFFFFFFFFFFFFFE2
:10DE5000FFFFFFFFFFFFFFFFFFFFFFFFFFFFFFFFD2
:10DE6000FFFFFFFFFFFFFFFFFFFFFFFFFFFFFFFFC2
:10DE7000FFFFFFFFFFFFFFFFFFFFFFFFFFFFFFFFB2
:10DE8000FFFFFFFFFFFFFFFFFFFFFFFFFFFFFFFFA2
:10DE9000FFFFFFFFFFFFFFFFFFFFFFFFFFFFFFFF92
:10DEA000FFFFFFFFFFFFFFFFFFFFFFFFFFFFFFFF82
:10DEB000FFFFFFFFFFFFFFFFFFFFFFFFFFFFFFFF72
:10DEC000FFFFFFFFFFFFFFFFFFFFFFFFFFFFFFFF62
:10DED000FFFFFFFFFFFFFFFFFFFFFFFFFFFFFFFF52
:10DEE000FFFFFFFFFFFFFFFFFFFFFFFFFFFFFFFF42
:10DEF000FFFFFFFFFFFFFFFFFFFFFFFFFFFFFFFF32
:10DF0000FFFFFFFFFFFFFFFFFFFFFFFFFFFFFFFF21
:10DF1000FBFBDBDBDBDBF5F5FFFFFFFFFFFFFFFFBD
:10DF2000FFFFFFFFFFFFFFFFFFFFFFFFFFFFFFFF01
:10DF3000FFFFFFFFFFFFFFFFFFFFFFFFFFFFFFFFF1
:10DF4000FFFFFFFFFFFFFFFFFFFFFFFF5252595987
:10DF5000B5B7B2B3B4B6B5B7B7BABBBDBEBFC1C231
:10DF6000C3C4CACAFFFFFFFFFFFFFFFFFFFFFFFFA2
:10DF7000FFFFFFFFFFFFFFFFFFFFFFFFFFFFFFFFB1
:10DF8000FFFFFFFFFFFFFFFFFFFFFFFFFFFFFFFFA1
:10DF9000FFFFFFFFFFFFFFFF4B4D585AE2DDECE6AE
:10DFA000ECE8EFE8EEE8F0EAF0EAF0EAFFFA838462
:10DFB000FFFFFFFFFFFFFFFFFFFFFFFFFFFFFFFF71
:10DFC000FFFFFFFFFFFFFFFFFFFFFFFFFFFFFFFF61
:10DFD000FFFFFFFFFFFFFFFFFFFFFFFFFFFFFFFF51
:10DFE000FFFFFFFFFFFFFFFFFFFFFFFFFFFFFFFF41
:10DFF000FFFFFFFFFFFFFFFFFFFFFFFFFFFFFFFF31
:10E00000FFFFFFFFFFFFFFFFFFFFFFFFFFFFFFFF20
:10E01000FFFFFFFFFFFFFFFFFFFFFFFFFFFFFFFF10
:10E02000FFFFFFFFFFFFFFFFFFFFFFFFFFFFFFFF00
:10E03000FFFFFFFFFFFFFFFFFFFFFFFFFFFFFFFFF0
:10E04000FFFFFFFFFFFFFFFFFFFFFFFFFFFFFFFFE0
:10E05000FFFFFFFFFFFFFFFFFFFFFFFFFFFFFFFFD0
:10E06000FFFFFFFFFFFFFFFFFFFFFFFFFFFFFFFFC0
:10E07000FFFFFFFFFFFFFFFFFFFFFFFFFFFFFFFFB0
:10E08000FFFFFFFFFBFCDBDBDBDCF5F5FFFFFFFF4A
:10E09000FFFFFFFFFFFFFFFFFFFFFFFFFFFFFFFF90
:10E0A000FFFFFFFFFFFFFFFFFFFFFFFFFFFFFFFF80
:10E0B000FFFFFFFFFFFFFFFFFFFFFFFFFFFFFFFF70
:10E0C0005254595BB7C1B3BEB6C1B7C3BAC6BDC718
:10E0D000BFC9C2C9C4CDCACBFFFFFFFFFFFFFFFF0F
:10E0E000FFFFFFFFFFFFFFFFFFFFFFFFFFFFFFFF40
:10E0F000FFFFFFFFFFFFFFFFFFFFFFFFFFFFFFFF30
:10E10000FFFFFFFFFFFFFFFFFFFFFFFF4B4B5858D5
:10E11000E3DFEFEBF0ECF2ECF3EFF3EEF3F0F4F01F
:10E12000FFFF8484FFFFFFFFFFFFFFFFFFFFFFFFF5
:10E13000FFFFFFFFFFFFFFFFFFFFFFFFFFFFFFFFEF
:10E14000FFFFFFFFFFFFFFFFFFFFFFFFFFFFFFFFDF
:10E15000FFFFFFFFFFFFFFFFFFFFFFFFFFFFFFFFCF
:10E16000FFFFFFFFFFFFFFFFFFFFFFFFFFFFFFFFBF
:10E17000FFFFFFFFFFFFFFFFFFFFFFFFFFFFFFFFAF
:10E18000FFFFFFFFFFFFFFFFFFFFFFFFFFFFFFFF9F
:10E19000FFFFFFFFFFFFFFFFFFFFFFFFFFFFFFFF8F
:10E1A000FFFFFFFFFFFFFFFFFFFFFFFFFFFFFFFF7F
:10E1B000FFFFFFFFFFFFFFFFFFFFFFFFFFFFFFFF6F
:10E1C000FFFFFFFFFFFFFFFFFFFFFFFFFFFFFFFF5F
:10E1D000FFFFFFFFFFFFFFFFFFFFFFFFFFFFFFFF4F
:10E1E000FFFFFFFFFFFFFFFFFFFFFFFFFFFFFFFF3F
:10E1F000FFFFFFFFFFFFFFFFFFFFFFFFFFFFFFFF2F
:10E20000FFFFFFFFFFFFFFFFFFFFFFFFFFFFFFFF1E
:10E21000FFFFFFFFFFFFFFFFFFFFFFFFFFFFFFFF0E
:10E22000FFFFFFFFFFFFFFFFFFFFFFFFFFFFFFFFFE
:10E23000FFFFFFFF52525959B2B3AEB1B2B4B3B6F9
:10E24000B5B8B9BBBBBDBEBFC3C4CACAFFFFFFFFE1
:10E25000FFFFFFFFFFFFFFFFFFFFFFFFFFFFFFFFCE
:10E26000FFFFFFFFFFFFFFFFFFFFFFFFFFFFFFFFBE
:10E27000FFFFFFFFFFFFFFFFFFFFFFFFFFFFFFFFAE
:10E280004B4D585ADFDBEBE6ECE6ECE8EFE8EEE866
:10E29000F0EAF0EAFFFA8485FFFFFFFFFFFFFFFFD0
:10E2A000FFFFFFFFFFFFFFFFFFFFFFFFFFFFFFFF7E
:10E2B000FFFFFFFFFFFFFFFFFFFFFFFFFFFFFFFF6E
:10E2C000FFFFFFFFFFFFFFFFFFFFFFFFFFFFFFFF5E
:10E2D000FFFFFFFFFFFFFFFFFFFFFFFFFFFFFFFF4E
:10E2E000FFFFFFFFFFFFFFFFFFFFFFFFFFFFFFFF3E
:10E2F000FFFFFFFFFFFFFFFFFFFFFFFFFFFFFFFF2E
:10E30000FFFFFFFFFFFFFFFFFFFFFFFFFFFFFFFF1D
:10E31000FFFFFFFFFFFFFFFFFFFFFFFFFFFFFFFF0D
:10E32000FFFFFFFFFFFFFFFFFFFFFFFFFFFFFFFFFD
:10E33000FFFFFFFFFFFFFFFFFFFFFFFFFFFFFFFFED
:10E34000FFFFFFFFFFFFFFFFFFFFFFFFFFFFFFFFDD
:10E35000FFFFFFFFFFFFFFFFFFFFFFFFFFFFFFFFCD
:10E36000FFFFFFFFFFFFFFFFFFFFFFFFFFFFFFFFBD
:10E37000FFFFFFFFFFFFFFFFFFFFFFFFFFFFFFFFAD
:10E38000FFFFFFFFFFFFFFFFFFFFFFFFFFFFFFFF9D
:10E39000FFFFFFFFFFFFFFFFFFFFFFFFFFFFFFFF8D
:10E3A000FFFFFFFFFFFFFFFF5254595BB3BBB1BA42
:10E3B000B4BEB6C2B8C4BBC6BDC8BFCAC4CDCACB42
:10E3C000FFFFFFFFFFFFFFFFFFFFFFFFFFFFFFFF5D
:10E3D000FFFFFFFFFFFFFFFFFFFFFFFFFFFFFFFF4D
:10E3E000FFFFFFFFFFFFFFFFFFFFFFFFFFFFFFFF3D
:10E3F000FFFFFFFF4B4B5858E0DDEBE8EFEBF1ED93
:10E40000F2ECF3EFF3EEF4F0FFFF8484FFFFFFFF85
:10E41000FFFFFFFFFFFFFFFFFFFFFFFFFFFFFFFF0C
:10E42000FFFFFFFFFFFFFFFFFFFFFFFFFFFFFFFFFC
:10E43000FFFFFFFFFFFFFFFFFFFFFFFFFFFFFFFFEC
:10E44000FFFFFFFFFFFFFFFFFFFFFFFFFFFFFFFFDC
:10E45000FFFFFFFFFFFFFFFFFFFFFFFFFFFFFFFFCC
:10E46000FFFFFFFFFFFFFFFFFFFFFFFFFFFFFFFFBC
:10E47000FFFFFFFFFFFFFFFFFFFFFFFFFFFFFFFFAC
:10E48000FFFFFFFFFFFFFFFFFFFFFFFFFFFFFFFF9C
:10E49000FFFFFFFFFFFFFFFFFFFFFFFFFFFFFFFF8C
:10E4A000FFFFFFFFFFFFFFFFFFFFFFFFFFFFFFFF7C
:10E4B000FFFFFFFFFFFFFFFFFFFFFFFFFFFFFFFF6C
:10E4C000FFFFFFFFFFFFFFFFFFFFFFFFFFFFFFFF5C
:10E4D000FFFFFFFFFFFFFFFFFFFFFFFFFFFFFFFF4C
:10E4E000FFFFFFFFFFFFFFFFFFFFFFFFFFFFFFFF3C
:10E4F000FFFFFFFFFFFFFFFFFFFFFFFFFFFFFFFF2C
:10E50000FFFFFFFFFFFFFFFFFFFFFFFFFFFFFFFF1B
:10E51000FFFFFFFFFFFFFFFFFFFFFFFF52525959B1
:10E52000AEB0ACADAFB1B1B4B5B6B5B8B9BABCBCAC
:10E53000B1B3CACAFFFFFFFFFFFFFFFFFFFFFFFFEF
:10E54000FFFFFFFFFFFFFFFFFFFFFFFFFFFFFFFFDB
:10E55000FFFFFFFFFFFFFFFFFFFFFFFFFFFFFFFFCB
:10E56000FFFFFFFFFFFFFFFF4B4D585ADDD7E8E4E9
:10E57000EBE6EDE6ECE8EFE8EEE8F0EAFFFA84859A
:10E58000FFFFFFFFFFFFFFFFFFFFFFFFFFFFFFFF9B
:10E59000FFFFFFFFFFFFFFFFFFFFFFFFFFFFFFFF8B
:10E5A000FFFFFFFFFFFFFFFFFFFFFFFFFFFFFFFF7B
:10E5B000FFFFFFFFFFFFFFFFFFFFFFFFFFFFFFFF6B
:10E5C000FFFFFFFFFFFFFFFFFFFFFFFFFFFFFFFF5B
:10E5D000FFFFFFFFFFFFFFFFFFFFFFFFFFFFFFFF4B
:10E5E000FFFFFFFFFFFFFFFFFFFFFFFFFFFFFFFF3B
:10E5F000FFFFFFFFFFFFFFFFFFFFFFFFFFFFFFFF2B
:10E60000FFFFFFFFFFFFFFFFFFFFFFFFFFFFFFFF1A
:10E61000FFFFFFFFFFFFFFFFFFFFFFFFFFFFFFFF0A
:10E62000FFFFFFFFFFFFFFFFFFFFFFFFFFFFFFFFFA
:10E63000FFFFFFFFFFFFFFFFFFFFFFFFFFFFFFFFEA
:10E64000FFFFFFFFFFFFFFFFFFFFFFFFFFFFFFFFDA
:10E65000FFFFFFFFFFFFFFFFFFFFFFFFFFFFFFFFCA
:10E66000FFFFFFFFFFFFFFFFFFFFFFFFFFFFFFFFBA
:10E67000FFFFFFFFFFFFFFFFFFFFFFFFFFFFFFFFAA
:10E68000FFFFFFFFFFFFFFFFFFFFFFFFFFFFFFFF9A
:10E690005254595BB0B7ADB5B1BBB4BEB6C2B8C485
:10E6A000BAC7BCC8B3BACACBFFFFFFFFFFFFFFFF6B
:10E6B000FFFFFFFFFFFFFFFFFFFFFFFFFFFFFFFF6A
:10E6C000FFFFFFFFFFFFFFFFFFFFFFFFFFFFFFFF5A
:10E6D000FFFFFFFFFFFFFFFFFFFFFFFF4B4B5A5AFC
:10E6E000DEDBEAE7EDE8EFEBF1ECF2ECF3EFF3EE73
:10E6F000FFFF8484FFFFFFFFFFFFFFFFFFFFFFFF20
:10E70000FFFFFFFFFFFFFFFFFFFFFFFFFFFFFFFF19
:10E71000FFFFFFFFFFFFFFFFFFFFFFFFFFFFFFFF09
:10E72000FFFFFFFFFFFFFFFFFFFFFFFFFFFFFFFFF9
:10E73000FFFFFFFFFFFFFFFFFFFFFFFFFFFFFFFFE9
:10E74000FFFFFFFFFFFFFFFFFFFFFFFFFFFFFFFFD9
:10E75000FFFFFFFFFFFFFFFFFFFFFFFFFFFFFFFFC9
:10E76000FFFFFFFFFFFFFFFFFFFFFFFFFFFFFFFFB9
:10E77000FFFFFFFFFFFFFFFFFFFFFFFFFFFFFFFFA9
:10E78000FFFFFFFFFFFFFFFFFFFFFFFFFFFFFFFF99
:10E79000FFFFFFFFFFFFFFFFFFFFFFFFFFFFFFFF89
:10E7A000FFFFFFFFFFFFFFFFFFFFFFFFFFFFFFFF79
:10E7B000FFFFFFFFFFFFFFFFFFFFFFFFFFFFFFFF69
:10E7C000FFFFFFFFFFFFFFFFFFFFFFFFFFFFFFFF59
:10E7D000FFFFFFFFFFFFFFFFFFFFFFFFFFFFFFFF49
:10E7E000FFFFFFFFFFFFFFFFFFFFFFFFFFFFFFFF39
:10E7F000FFFFFFFFFFFFFFFFFFFFFFFFFFFFFFFF29
:10E80000FFFFFFFF52525959ABACA9AAACAEAEB153
:10E81000B2B4B4B6B5B9B9BAAFB3CACAFFFFFFFF55
:10E82000FFFFFFFFFFFFFFFFFFFFFFFFFFFFFFFFF8
:10E83000FFFFFFFFFFFFFFFFFFFFFFFFFFFFFFFFE8
:10E84000FFFFFFFFFFFFFFFFFFFFFFFFFFFFFFFFD8
:10E850004B4D5A5CDBD7E7E1E8E4EBE6ECE6ECE8AD
:10E86000EFE8EEE8FFFA8485FFFFFFFFFFFFFFFF01
:10E87000FFFFFFFFFFFFFFFFFFFFFFFFFFFFFFFFA8
:10E88000FFFFFFFFFFFFFFFFFFFFFFFFFFFFFFFF98
:10E89000FFFFFFFFFFFFFFFFFFFFFFFFFFFFFFFF88
:10E8A000FFFFFFFFFFFFFFFFFFFFFFFFFFFFFFFF78
:10E8B000FFFFFFFFFFFFFFFFFFFFFFFFFFFFFFFF68
:10E8C000FFFFFFFFFFFFFFFFFFFFFFFFFFFFFFFF58
:10E8D000FFFFFFFFFFFFFFFFFFFFFFFFFFFFFFFF48
:10E8E000FFFFFFFFFFFFFFFFFFFFFFFFFFFFFFFF38
:10E8F000FFFFFFFFFFFFFFFFFFFFFFFFFFFFFFFF28
:10E90000FFFFFFFFFFFFFFFFFFFFFFFFFFFFFFFF17
:10E91000FFFFFFFFFFFFFFFFFFFFFFFFFFFFFFFF07
:10E92000FFFFFFFFFFFFFFFFFFFFFFFFFFFFFFFFF7
:10E93000FFFFFFFFFFFFFFFFFFFFFFFFFFFFFFFFE7
:10E94000FFFFFFFFFFFFFFFFFFFFFFFFFFFFFFFFD7
:10E95000FFFFFFFFFFFFFFFFFFFFFFFFFFFFFFFFC7
:10E96000FFFFFFFFFFFFFFFFFFFFFFFFFFFFFFFFB7
:10E97000FFFFFFFFFFFFFFFF5254595BACB2AAB28B
:10E98000AEB6B1BBB4BFB6C2B9C5BAC7B3BACACBCB
:10E99000FFFFFFFFFFFFFFFFFFFFFFFFFFFFFFFF87
:10E9A000FFFFFFFFFFFFFFFFFFFFFFFFFFFFFFFF77
:10E9B000FFFFFFFFFFFFFFFFFFFFFFFFFFFFFFFF67
:10E9C000FFFFFFFF4D4D5B5CDAD6E7E4E9E7ECE9DA
:10E9D000EEECF0EDF1EDF3EFFFFF8484FFFFFFFFBE
:10E9E000FFFFFFFFFFFFFFFFFFFFFFFFFFFFFFFF37
:10E9F000FFFFFFFFFFFFFFFFFFFFFFFFFFFFFFFF27
:10EA0000FFFFFFFFFFFFFFFFFFFFFFFFFFFFFFFF16
:10EA1000FFFFFFFFFFFFFFFFFFFFFFFFFFFFFFFF06
:10EA2000FFFFFFFFFFFFFFFFFFFFFFFFFFFFFFFFF6
:10EA3000FFFFFFFFFFFFFFFFFFFFFFFFFFFFFFFFE6
:10EA4000FFFFFFFFFFFFFFFFFFFFFFFFFFFFFFFFD6
:10EA5000FFFFFFFFFFFFFFFFFFFFFFFFFFFFFFFFC6
:10EA6000FFFFFFFFFFFFFFFFFFFFFFFFFFFFFFFFB6
:10EA7000FFFFFFFFFFFFFFFFFFFFFFFFFFFFFFFFA6
:10EA8000FFFFFFFFFFFFFFFFFFFFFFFFFFFFFFFF96
:10EA9000FFFFFFFFFFFFFFFFFFFFFFFFFFFFFFFF86
:10EAA000FFFFFFFFFFFFFFFFFFFFFFFFFFFFFFFF76
:10EAB000FFFFFFFFFFFFFFFFFFFFFFFFFFFFFFFF66
:10EAC000FFFFFFFFFFFFFFFFFFFFFFFFFFFFFFFF56
:10EAD000FFFFFFFFFFFFFFFFFFFFFFFFFFFFFFFF46
:10EAE000FFFFFFFFFFFFFFFFFFFFFFFF52525959DC
:10EAF000A6A8A5A7A9AAACAFB0B1B1B4B3B6B5B931
:10EB0000AEB0CACAFFFFFFFFFFFFFFFFFFFFFFFF1F
:10EB1000FFFFFFFFFFFFFFFFFFFFFFFFFFFFFFFF05
:10EB2000FFFFFFFFFFFFFFFFFFFFFFFFFFFFFFFFF5
:10EB3000FFFFFFFFFFFFFFFF4D4F5C5ED6D4E4E019
:10EB4000E7E1E9E3ECE6EDE6EDE8EFE7FFF98485E0
:10EB5000FFFFFFFFFFFFFFFFFFFFFFFFFFFFFFFFC5
:10EB6000FFFFFFFFFFFFFFFFFFFFFFFFFFFFFFFFB5
:10EB7000FFFFFFFFFFFFFFFFFFFFFFFFFFFFFFFFA5
:10EB8000FFFFFFFFFFFFFFFFFFFFFFFFFFFFFFFF95
:10EB9000FFFFFFFFFFFFFFFFFFFFFFFFFFFFFFFF85
:10EBA000FFFFFFFFFFFFFFFFFFFFFFFFFFFFFFFF75
:10EBB000FFFFFFFFFFFFFFFFFFFFFFFFFFFFFFFF65
:10EBC000FFFFFFFFFFFFFFFFFFFFFFFFFFFFFFFF55
:10EBD000FFFFFFFFFFFFFFFFFFFFFFFFFFFFFFFF45
:10EBE000FFFFFFFFFFFFFFFFFFFFFFFFFFFFFFFF35
:10EBF000FFFFFFFFFFFFFFFFFFFFFFFFFFFFFFFF25
:10EC0000FFFFFFFFFFFFFFFFFFFFFFFFFFFFFFFF14
:10EC1000FFFFFFFFFFFFFFFFFFFFFFFFFFFFFFFF04
:10EC2000FFFFFFFFFFFFFFFFFFFFFFFFFFFFFFFFF4
:10EC3000FFFFFFFFFFFFFFFFFFFFFFFFFFFFFFFFE4
:10EC4000FFFFFFFFFFFFFFFFFFFFFFFFFFFFFFFFD4
:10EC5000FFFFFFFFFFFFFFFFFFFFFFFFFFFFFFFFC4
:10EC60005254595BA8ACA7ABAAB1AFB6B1BBB4BF05
:10EC7000B6C3B9C5B0B8CACBFFFFFFFFFFFFFFFFA8
:10EC8000FFFFFFFFFFFFFFFFFFFFFFFFFFFFFFFF94
:10EC9000FFFFFFFFFFFFFFFFFFFFFFFFFFFFFFFF84
:10ECA000FFFFFFFFFFFFFFFFFFFFFFFF4E4E5B5C1D
:10ECB000D6D3E4E0E8E4EAE7ECE8EFECF0EDF1EDE0
:10ECC000FFFF8484FFFFFFFFFFFFFFFFFFFF5252A4
:10ECD00057575757575757575757575757575757C4
:10ECE00057575757575757575757575757575757B4
:10ECF00057575757575757575757575757575757A4
:10ED00005757575757575757575757575757575793
:10ED10005757575757575757575757575757575783
:10ED20005757575757575757575757575757575773
:10ED30005757575757575757575757575757575763
:10ED40005757575757575757575757575757575753
:10ED50005757575757575757575757575757575743
:10ED60005757575757575757575757575757575733
:10ED70005757575757575757575757575757575723
:10ED80005757575757575757575757575757575713
:10ED90005757575757575757575757575757575703
:10EDA00057575757575757575757575757575757F3
:10EDB00057575757575757575757575757575757E3
:10EDC00057575757575757575353F8F8FFFFFFFFF9
:10EDD000FFFFFFFF52525959A1A1A2A3A5A7A9AABB
:10EDE000ADAEB0B2B3B5B5B7ACAFCACAFFFFFFFFA7
:10EDF000FFFFFFFFFFFFFFFFFFFFFFFFFFFFFFFF23
:10EE0000FFFFFFFFFFFFFFFFFFFFFFFFFFFFFFFF12
:10EE1000FFFFFFFFFFFFFFFFFFFFFFFFFFFFFFFF02
:10EE20004E505C5ED3CFE0DCE4E0E7E1E8E4ECE602
:10EE3000EDE6EDE8FFF88485FFFFFFFFFFFFFFFF32
:10EE4000FFFF5254575957595759575957595759FE
:10EE50005759575957595759575957595759575932
:10EE60005759575957595759575957595759575922
:10EE70005759575957595759575957595759575912
:10EE80005759575957595759575957595759575902
:10EE900057595759575957595759575957595759F2
:10EEA00057595759575957595759575957595759E2
:10EEB00057595759575957595759575957595759D2
:10EEC00057595759575957595759575957595759C2
:10EED00057595759575957595759575957595759B2
:10EEE00057595759575957595759575957595759A2
:10EEF0005759575957595759575957595759575992
:10EF00005759575957595759575957595759575981
:10EF10005759575957595759575957595759575971
:10EF20005759575957595759575957595759575961
:10EF30005759575957595759575957595355F8F819
:10EF4000FFFFFFFFFFFFFFFF5254595BA1A6A3A7DE
:10EF5000A7ACAAB2AEB7B2BCB5C0B7C3AFB8CACB44
:10EF6000FFFFFFFFFFFFFFFFFFFFFFFFFFFFFFFFB1
:10EF7000FFFFFFFFFFFFFFFFFFFFFFFFFFFFFFFFA1
:10EF8000FFFFFFFFFFFFFFFFFFFFFFFFFFFFFFFF91
:10EF9000FFFFFFFF4E4E5B5CD0CDDFDBE4E0E7E33D
:10EFA000EBE7EDE9EFECF0EDFFFF8484FFFFFFFFFF
:10EFB000FFFFFFFFFFFF4F4F595956565656565603
:10EFC00056565656565656565656565656575657DF
:10EFD00056575657565756575657565756575657C9
:10EFE00056575657565756575657565756575657B9
:10EFF00056575657575757575757575757575757A3
:10F00000575757575757575757585758575857588C
:10F010005758575857585758575857585758575878
:10F020005758575857585758585858585858585864
:10F030005858585858585858585858585858585850
:10F040005858585858585858585858585858585840
:10F050005858585858585858585857585758575833
:10F060005758575857585758575857585758575828
:10F070005758575857585758575857585758575818
:10F08000575857585757575757575757575757570E
:10F090005757575756575657565756575657565706
:10F0A00056575657565756565656565656565556FE
:10F0B00055565656FFFFFFFFFFFFFFFF52525959AB
:10F0C0009D9D9D9DA1A2A6A7A9AAADAFB0B2B4B5C2
:10F0D000AAADCACAFFFFFFFFFFFFFFFFFFFFFFFF51
:10F0E000FFFFFFFFFFFFFFFFFFFFFFFFFFFFFFFF30
:10F0F000FFFFFFFFFFFFFFFFFFFFFFFFFFFFFFFF20
:10F10000FFFFFFFFFFFFFFFF4E505C5ECDCBDBD765
:10F11000E0DDE3DFE7E1E9E5ECE7EDE6FFF8848534
:10F12000FFFFFFFFFFFFFFFFFFFF4F51595B5658E7
:10F13000565856585658565856585659565956595C
:10F14000575957595759575957595759575957593F
:10F15000575957595759575957595759575957592F
:10F16000575957595759575957595759575957591F
:10F17000575957595759575957595759585958590D
:10F180005859585A585A585A585A585A585A585AF0
:10F19000585A585A585A585A585A585A585A585ADF
:10F1A000585A585A585A585A585A585A585A585ACF
:10F1B000585A585A585A585A585A585A585A585ABF
:10F1C000585A585A585A585A585A585A585A585AAF
:10F1D000585A585A585A585A585A585A585A585A9F
:10F1E000585A585A585A585A585A585A585A585A8F
:10F1F000585A585A58595859575957595759575989
:10F20000575957595759575957595759575957597E
:10F210005759575957595759575956585658565874
:10F220005658565856585658FFFFFFFFFFFFFFFF2E
:10F230005255595B9D9E9DA1A2A6A7ADAAB2AFB89B
:10F24000B2BCB5C0ADB7CACBFFFFFFFFFFFFFFFFEA
:10F25000FFFFFFFFFFFFFFFFFFFFFFFFFFFFFFFFBE
:10F26000FFFFFFFFFFFF7A7A858585858888959562
:10F27000FFFFFFFFFFFFCDCDFFFFFFFF4E4E5B5CAB
:10F28000CCC7D9D6E0DBE4E1E8E3EBE7ECE9EFEB70
:10F29000FFFE8484FFFFFFFFFFFFFFFFFFFF4F4FD5
:10F2A000585AFFFFFFFBFDFBFCF7FBF6FBF5F8F4FC
:10F2B000F5F1F5F0F2EDF1ECEDEAECE8EAE5E9E480
:10F2C000E8E3E6E2E5DFE3DEE1DDE0DBDEDADBD743
:10F2D000DBD6D8D4D7D1D4D1D2CED0CDCFCACDCA17
:10F2E000CBC8C9C6C8C4C5C2C4C1C1BFC1BDBEBBED
:10F2F000BCBAB9B7B7B6B5B4B4B3B1B1AFAFAEADD0
:10F30000ABABAAA8A7A7A7A5A4A4A2A29EA09D9EB6
:10F310009B9D9A9B9798969793969496969695967A
:10F320009598959795979597959796979697969878
:10F330009899989998999899989A999A9A9B9B9B39
:10F340009C9C9B9D9C9E9C9D9E9F9F9EA1A0A2A1DC
:10F35000A3A5A3A3A6A6A6A8A9A9AAAAABABAEAE2D
:10F36000AEB0B1B1B3B2B4B3B7B6B8B8BBBBBDBC45
:10F37000C0BFC3C1C6C4C8C6CBC8CDCBCFCED4D204
:10F38000D6D5DAD8DEDCE1DFE6E2E7E6EDEBF1F058
:10F39000F7F6FCFAFFFFFFFFFFFF7C7CFFFFFFFF9C
:10F3A000FFFFFFFF53535959979799989D9EA1A32B
:10F3B000A6A7AAABAFAEB0B2A9ACCACAFFFFFFFF07
:10F3C000FFFFFFFFFFFFFFFFFFFFFFFFFFFFFFFF4D
:10F3D000FFFFFFFFFFFFFFFFFFFF7A7C8587858729
:10F3E000888B9597FFFFFFFFFFFFCDCDFFFFFFFF4E
:10F3F0004E505C5EC7C7D6D4DBD8E1DDE3E0E7E181
:10F40000E9E5EBE7FEF88485FFFFFFFFFFFFFFFF65
:10F41000FFFF4F515A5CFFFBFBF5FBF2F7F3F6F2EF
:10F42000F5EEF4EEF1EDF0EAEDE9ECE9EAE6E8E517
:10F43000E5E2E4E3E3E0E2E0DFDEDEDDDDDBDBDAD4
:10F44000DAD8D7D7D6D6D4D6D1D2D1D1CED0CDCE88
:10F45000CACCCACCC8CAC6C8C4C7C2C4C1C4BFC348
:10F46000BDC0BBBFBABEB7BBB6BBB4B8B3B8B1B40E
:10F47000AFB4ADB2ABB0A8AEA7AEA5ACA4AAA2A9DA
:10F48000A0A79EA69DA59BA198A097A0969E969F9B
:10F49000969F969F989F97A097A097A097A097A0B8
:10F4A00097A098A099A099A199A199A19AA29AA28E
:10F4B0009BA29BA49CA39DA59EA69DA59FA79EA63F
:10F4C000A0A8A1A9A5ABA3ACA6ADA8AEA9AFAAB0B0
:10F4D000ABB1AEB3B0B5B1B6B2B8B3B8B6BBB8BDE8
:10F4E000BBBFBCC0BFC3C1C5C4C8C6CAC8CDCBCED4
:10F4F000CED0D2D4D5D6D8D9DCDCDFE0E2E2E6E665
:10F50000EBE9F0EEF6F3FAF7FFFAFFFFFFFF7C7D81
:10F51000FFFFFFFFFFFFFFFF5355595B9798989A36
:10F520009EA2A3A7A7ADABB3AEB8B2BCACB5CACBD5
:10F53000FFFFFFFFFFFFFFFFFFFFFFFFFFFFFFFFDB
:10F54000FFFFFFFFFFFFFFFFFFFFFFFFFFFF313167
:10F550005757575746464B4BF9F9FFFFFFFF3F3FC1
:10F56000FFFFFFFF4E4E5B5CC7C3D5D1D9D6E0DCB1
:10F57000E5E1E8E5EBE8ECE8FFFD8484FFFFFFFF51
:10F58000FFFFFFFFFFFF5151585AF4EFECE9ECE8A1
:10F59000EAE8E9E5E8E4E7E2E5E1E3DFE2DEE0DC32
:10F5A000DFDBDCD8DAD7D9D5D8D4D8D3D5D3D4D0EB
:10F5B000D2CFD3CED1CCCFCBCCC8CBC7C9C6C8C491
:10F5C000C8C3C4C1C3C0C2BDC0BCBFBBBCB9BCB84A
:10F5D000B9B7B8B5B6B3B6B2B3B0B0AFAEADADAC07
:10F5E000ABAAAAA8A7A7A6A6A4A3A3A3A2A09F9FCD
:10F5F0009D9E9C9C9B9B989897989496949391928F
:10F600008F918E908F9190919090909290929092F5
:10F6100090929092909291929192919292939293D1
:10F620009292929492939495949594959497959799
:10F6300096979799999899999A9A9C9D9C9C9E9E29
:10F640009EA0A0A1A1A2A3A3A4A4A6A6A7A7A9A97E
:10F65000AAA8ACACAEAEB1AFB2B2B4B3B7B6BAB89A
:10F66000BBBABDBCC1BEC2C2C6C4C9C7CBCACECC60
:10F67000D2CFD6D2D7D6DBDADFDEE4E3E7E6EDEBB6
:10F68000F1F06F6FFFFFFFFFFFFFFFFF535359596B
:10F690009B9A939299999E9EA3A4A7A8AAABADAF5B
:10F6A000A7AACACAFFFFFFFFFFFFFFFFFFFFFFFF81
:10F6B000FFFFFFFFFFFFFFFFFFFFFFFFFFFFFFFF5A
:10F6C000FFFF31335759575946494B4CF9FAFFFF61
:10F6D000FFFF3F41FFFFFFFF4E505C5EC3C2D1CF33
:10F6E000D6D5DCD8E1DDE5E1E8E2E8E5FDF78485A3
:10F6F000FFFFFFFFFFFFFFFFFFFF51535A5CEFEAE1
:10F70000E9E4E8E3E8E1E5E2E4E1E2DDE1DDDFDCD4
:10F71000DEDADCD9DBD8D8D6D7D5D5D3D4D3D3D17C
:10F72000D3D0D0D0CFCFCECDCCCBCBCAC8C9C7C712
:10F73000C6C8C4C5C3C4C1C3C0C1BDBFBCBEBBBDB8
:10F74000B9BCB8BBB7BAB5B8B3B7B2B5B0B3AFB45C
:10F75000ADB1ACB0AAAEA8ACA7ABA6ABA3A8A3A70B
:10F76000A0A59FA49EA49CA29BA1989F989F969DB4
:10F77000939B929A919A9098919991999099929934
:10F780009299929A929A929A929A929A929A929A1A
:10F790009399939B929A949C939C959C959C959CF1
:10F7A000979E979E979E99A0989F99A09AA29DA296
:10F7B0009CA39EA4A0A5A1A6A2A7A3A9A4A9A6AB09
:10F7C000A7ACA9ADA8AEACB1AEB2AFB3B2B6B3B749
:10F7D000B6B9B8BBBABEBCC0BEC1C2C4C4C6C7C934
:10F7E000CACACCCDCFD1D2D1D6D6DAD9DEDDE3E1CB
:10F7F000E6E5EBE8F0EC6F70FFFFFFFFFFFFFFFFB8
:10F800005355595B9A9B9293999B9EA2A4A7A8AD2E
:10F81000ABB4AFB8AAB1CACBFFFFFFFFFFFFFFFF3A
:10F82000FFFFFFFFFFFFFFFFFFFFFFFFFFFFFFFFE8
:10F83000FFFFFFFFFFFFFFFF49494545FFFF4A4A22
:10F840004444FFFF3E3E4848FFFFFFFF4E4E5B5CD7
:10F85000C0BCCFCBD5D1DAD6E0DCE5E1E9E5EAE71B
:10F86000FFFB8484FFFFFFFFFFFFFFFFFFFF5151FE
:10F87000585AF5F1ECE8ECE9ECE8E9E8E9E5E8E507
:10F88000E6E2E5E1E4E0E2DDDFDDDFDBDCD8DBD78B
:10F89000D9D4D9D4D8D3D6D2D3CFD3CFD1CED1CC3B
:10F8A000D0CCCCC8CCC8C9C5C8C4C6C3C4C1C3C0E9
:10F8B000C1BDC0BDBEBBBCBABCB7B9B6B8B6B5B4A5
:10F8C000B5B2B3B0B1AFAFADACABABABA9A9A7A864
:10F8D000A6A6A5A4A3A3A2A0A09F9E9D9D9C9B9B22
:10F8E000979997989497939490918F918E908F91E8
:10F8F00090919091909290929092909290929092FA
:10F9000091929192929392939293929292949393D2
:10F910009495959595969497959796979799999884
:10F9200099999A9A9B9D9C9C9E9E9EA0A0A0A1A204
:10F93000A2A3A5A5A5A6A7A7A9A9AAA9ADACAEAD46
:10F94000B1B0B2B1B5B3B7B6BAB8BBBABEBCC0BE3F
:10F95000C2C1C6C4C8C7CACACECDD1D0D6D2D7D6E6
:10F96000DBDADFDEE3E3E8E7EDEB6667FFFFFFFFEF
:10F97000FFFFFFFF53535959A09E95959292999975
:10F980009E9EA3A3A7A8AAABA6A7CACAFFFFFFFF74
:10F99000FFFFFFFFFFFFFFFFFFFFFFFFFFFFFFFF77
:10F9A000FFFFFFFFFFFFFFFFFFFFFFFF494B454941
:10F9B000FFFF4A4B4446FFFF3E41484AFFFFFFFF1F
:10F9C0004E505C5EBCBDCBCAD1CFD6D4DCD8E1DD15
:10F9D000E5E1E7E2FBF58485FFFFFFFFFFFFFFFFA7
:10F9E000FFFF51535A5CF1ECE8E3E9E4E8E3E8E0B7
:10F9F000E5E2E5E1E2DEE1DDE0DBDDDADDDADBD820
:10FA0000D8D6D7D5D4D3D4D4D3D1D2D1CFD0CFCFC9
:10FA1000CECDCCCBCCCAC8C9C8C8C5C8C4C5C3C460
:10FA2000C1C3C0C2BDBFBDBFBBBDBABCB7BBB6B909
:10FA3000B6B8B4B7B2B5B0B3AFB4ADB1ABB0ABAFAD
:10FA4000A9ADA8AAA6ABA4A9A3A6A0A59FA59DA45D
:10FA50009CA29BA1999F989F979E949B9199919A04
:10FA600090989199919991999299929A929A929A41
:10FA7000929A929A929A929A939A9399939B929A23
:10FA8000949C939C959C959C969D979E979E979EE3
:10FA900099A0989F99A09AA19DA29CA39EA4A0A67C
:10FAA000A0A6A2A7A3A8A5A9A6ABA7ACA9AEA9AEDC
:10FAB000ACB1ADB2B0B3B1B5B3B8B6B9B8BBBABEFC
:10FAC000BCC0BEC2C1C3C4C6C7C8CACBCDCED0D1CC
:10FAD000D2D2D6D5DAD9DEDDE3E0E7E4EBE8676938
:10FAE000FFFFFFFFFFFFFFFF5355595B9E9F95965A
:10FAF0009293999C9EA2A3A9A8AEABB3A7AECACB82
:10FB0000FFFFFFFFFFFFFFFFFFFFFFFFFFFFFFFF05
:10FB1000FFFFFFFFFFFFFFFFFFFFFFFFFFFFFFFFF5
:10FB200049494545FFFF4A4A5858484858584848A7
:10FB3000FFFFFFFF4E4E5B5CB9B4C8C4CFCBD6D03D
:10FB4000DAD7DFDAE5E0E8E4FDFA8484FFFFFFFFBF
:10FB5000FFFFFFFFFFFF5151585AF7F3EFECECE8BE
:10FB6000ECE9ECE8E9E8E9E5E8E5E7E3E6E2E3DF2C
:10FB7000E2DEDFDCDFDBDDD8DAD8DAD5D8D4D8D3E3
:10FB8000D5D2D4D0D2CFD1CED1CDCFCBCDC9CBC78A
:10FB9000C9C6C9C5C7C3C5C2C3C0C1BEC0BDBEBB3F
:10FBA000BDB9BBB8BAB7B8B6B6B3B6B2B3B0B0B0F9
:10FBB000AFADAEACABABAAA8A8A7A6A6A4A3A3A2C0
:10FBC000A2A1A09F9D9D9C9C9B9B98999797949781
:10FBD0009593919290918E908F9190919090909218
:10FBE0009092909290929092909291929192919202
:10FBF00092939293929292949293949594949496D1
:10FC00009497949796979799999798999A9A9C9D73
:10FC10009B9B9E9E9EA0A1A1A1A1A3A3A4A4A6A6D6
:10FC2000A7A7A9A9ABA9ACABADAEB1AFB2B1B4B304
:10FC3000B6B6BAB8BBBABDBBC0BEC2C2C6C4C9C6DE
:10FC4000CAC9CDCCD1CFD6D2D8D7DBDADFDFE3E358
:10FC5000E7E66767FFFFFFFFFFFFFFFF53535959B9
:10FC6000A4A2999795939494999A9EA0A3A4A7A8C7
:10FC7000A3A4CACAFFFFFFFFFFFFFFFFFFFFFFFFB5
:10FC8000FFFFFFFFFFFFFFFFFFFFFFFFFFFFFFFF84
:10FC9000FFFFFFFF494C4549FFFF4A4B585A484A6E
:10FCA000585A484AFFFFFFFF4E505C5EB4B6C4C5C9
:10FCB000CBCAD0CFD7D5DAD7E0DCE4E1FAF384863B
:10FCC000FFFFFFFFFFFFFFFFFFFF51535A5CF3EC05
:10FCD000ECE7E8E4E9E4E8E3E8E1E5E1E5E1E3DED7
:10FCE000E2DEDFDBDEDADCD9DBD8D8D6D8D5D5D377
:10FCF000D4D4D3D1D2D0D0D0CFCFCECDCDCCCBCA0F
:10FD0000C9C9C7C8C6C8C5C5C3C4C2C3C0C1BEC0AF
:10FD1000BDBFBBBDB9BCB8BAB7BAB6B8B3B7B2B558
:10FD2000B0B3B0B4ADB0ACB0ABAFA8ACA7ABA6AB02
:10FD3000A3A8A2A7A1A59FA49DA49CA29BA1999FB3
:10FD4000979E979E939B929A919A90989199919948
:10FD5000909992999299929A929A929A929A929A48
:10FD6000929A929A9399939B929A949C939C959C25
:10FD7000949B969D979E979E979E99A0979E99A0DB
:10FD80009AA29DA29BA39EA4A0A5A1A7A1A8A3A956
:10FD9000A4A9A6ABA7ACA9ADA9AEABB0AEB1AFB3A9
:10FDA000B1B5B3B7B6B9B8BBBABEBBC0BEC1C2C4A9
:10FDB000C4C6C6C9C9CACCCDCFD1D2D1D7D6DAD95B
:10FDC000DFDEE3E1E6E56769FFFFFFFFFFFFFFFF1F
:10FDD0005355595BA2A49799939494949A9BA0A38A
:10FDE000A4A9A8AEA4ABCACBFFFFFFFFFFFFFFFF94
:10FDF000FFFFFFFFFFFFFFFFFFFFFFFFFFFFFFFF13
:10FE0000FFFFFFFFFFFFFFFF49494545FFFF4A4A4C
:10FE10005858585857574848FFFFFFFF4E4E5B5CF5
:10FE2000B0ADC0BDC8C5D0CBD6D1DAD7E0DCE6E2F4
:10FE3000FBF79393FFFFFFFFFFFFFFFFFFFF515112
:10FE4000585AF8F3F0ECEFECECE8EBE8EAE7EAE814
:10FE5000EAE6E8E5E7E2E6E2E4E0E1DEDFDDDEDB7C
:10FE6000DCD9DCD8D9D5D9D3D8D3D6D2D3CFD2CF39
:10FE7000D1CED1CCD0CCCDC9CBC7C9C5C8C4C6C3DF
:10FE8000C4C1C4C0C2BDC1BCBEBABCB9BCB7B9B79D
:10FE9000B8B6B6B3B6B1B2B0B1AFAFADADACABAB57
:10FEA000AAA8A8A8A6A6A5A3A3A2A2A0A09F9D9D1C
:10FEB0009D9C9B9B989897989496949491928F91DF
:10FEC0008E908F918F91909090929092909290922C
:10FED0009092909291929192919292939293929207
:10FEE00092949293949594949596949795979697C7
:10FEF0009799999898999A9A9C9D9C9C9E9E9EA051
:10FF00009FA0A1A2A2A3A4A4A5A6A6A6A9A9AAA9A6
:10FF1000ACACAEADB1B0B1B2B5B4B7B6BAB8BBBAAD
:10FF2000BDBDC1BEC2C2C6C4C9C7CBC9CECCD1CF6C
:10FF3000D6D2D7D6DBDADFE0E4E36666FFFFFFFF69
:10FF4000FFFFFFFF53535959A7A69D9C989895947E
:10FF500093939A9A9E9FA4A59FA1CACAFFFFFFFFF1
:10FF6000FFFFFFFFFFFFFFFFFFFFFFFFFFFFFFFFA1
:10FF7000FFFFFFFFFFFFFFFFFFFFFFFF494C45496A
:10FF8000FFFF4A4B585A585A5759484AFFFFFFFF3C
:10FF90004E505C5EADAFBDBFC5C6CBCBD1D0D7D4C4
:10FFA000DCD9E2DDF7F29395FFFFFFFFFFFFFFFFD4
:10FFB000FFFF51535A5CF3ECECE5ECE7E8E3E8E3D0
:10FFC000E7E3E8E1E6E1E5E1E2DEE2DEE0DCDEDB1C
:10FFD000DDDADBD8D9D6D8D5D5D3D3D4D3D1D2D1C5
:10FFE000CFD0CFCFCECDCCCBCCC9C9C9C7C8C5C85F
:10FFF000C4C5C3C4C1C3C0C1BDBFBCBEBABCB9BC0B
:020000025000AC
:10000000B7BCB7BAB6B8B3B7B1B4B0B3AFB4ADB2AA
:10001000ACB0ABAFA8ACA8AAA6ABA3A8A2A6A0A55B
:100020009FA59DA49CA29BA1989F989F969D949B01
:10003000929A919A9098919991999099929992996E
:10004000929A929A929A929A929A929A929A939950
:10005000939B929A949C939C959C949B969D979E1F
:10006000979E979E99A0989F99A09AA19DA29CA3C4
:100070009EA4A0A5A0A6A2A8A3A8A4A9A6ABA6AC2E
:10008000A9ADA9AEACB1ADB2B0B3B2B5B4B8B6B962
:10009000B8BBBABEBDBFBEC2C2C4C4C6C7C9C9CA46
:1000A000CCCDCFD1D2D2D6D6DAD9E0DEE3E16669C3
:1000B000FFFFFFFFFFFFFFFF5355595BA6A69C9D67
:1000C0009899949593949A9D9FA3A5AAA1A7CACB0A
:1000D000FFFFFFFFFFFFFFFFFFFFFFFFFFFFFFFF30
:1000E000FFFFFFFFFFFFFFFFFFFFFFFFFFFFFFFF20
:1000F00049494545FFFF4A4A4B4B747448484848B4
:10010000FFFFFFFF4E4E5B5CA6A5B7B4C1BCC8C4E1
:10011000CFCCD6D1DCD8E0DCF8F39393FFFFFFFF20
:10012000FFFFFFFFFFFF5151585AF9F5F1ECF0EBDB
:10013000EEECECE8EBE8EBE7E9E8E9E4E7E4E7E23A
:10014000E5E1E3DFE2DDDFDCDFDBDDD8DAD8D9D5DE
:10015000D8D4D8D3D5D2D4D0D2CFD1CED1CCCFCB86
:10016000CCC8CBC7C9C6C9C5C6C3C4C1C3C0C1BD3D
:10017000C0BCBEBBBCB9BBB8BAB7B8B6B6B3B6B2F2
:10018000B2B0B1B0AFACADACAAABA9A8A7A7A6A6B8
:10019000A4A3A3A2A1A19F9E9E9E9C9D9B9A97997A
:1001A00096979496959390918F928E908F9190912F
:1001B0009090909290929092909290929092919230
:1001C0009192929392939293929292949293949505
:1001D00094949496949795979596979999979899BA
:1001E0009A9A9B9D9C9C9E9E9EA0A1A1A1A2A3A326
:1001F000A5A5A6A6A7A7A8A8ABA9ACABADAEB1AF65
:10020000B2B1B4B3B7B6BAB8BBB9BEBBC0BEC2C256
:10021000C6C4C8C7CBCACDCCD1D0D6D2D8D7DBDAEA
:10022000E0DE6767FFFFFFFFFFFFFFFF53535959F2
:10023000ABAAA1A09C9B9898949494949A9B9FA0FD
:100240009C9EDBDBFFFFFFFFFFFFFFFFFFFFFFFFCA
:10025000FFFFFFFFFFFFFFFFFFFFFFFFFFFFFFFFAE
:10026000FFFFFFFF494C4549FFFF4A4B4B4D74765A
:10027000484B484AFFFFFFFF4E505C5EA5A9B4B64D
:10028000BCBFC4C6CCCBD1D1D8D5DCD9F3EF9395C4
:10029000FFFFFFFFFFFFFFFFFFFF51535A5CF5EC2D
:1002A000ECE8EBE6ECE7E8E3E8E3E7E3E8E1E4E1E8
:1002B000E4E1E2DEE1DDDFDBDDDADCD9DBD8D8D674
:1002C000D8D5D5D3D4D4D3D1D2D0D0CFCFCECECD14
:1002D000CCCBCBCAC8C9C7C7C6C8C5C5C3C4C1C3B0
:1002E000C0C2BDBFBCBEBBBDB9BCB8BAB7BAB6B858
:1002F000B3B7B2B5B0B3B0B4ACB0ACAFABAFA8AC01
:10030000A7AAA6AAA3A8A2A7A1A59EA49EA49DA3AE
:100310009AA099A0979E969D939A9199929A909857
:100320009199919990999299929A929A929A929A75
:10033000929A929A929A939A9399939B929A949C56
:10034000939C959C949B969D979E979E969D99A015
:10035000979E99A09AA29DA29CA39EA5A0A5A1A7A5
:10036000A2A8A3A9A5A9A6ABA7ACA8ADA9AEABB0FE
:10037000AEB1AFB3B1B5B3B7B6B9B8BBB9BEBBC018
:10038000BEC1C2C4C4C6C7C8CACACCCDD0D1D2D2DD
:10039000D7D6DAD9DEDD6769FFFFFFFFFFFFFFFF7A
:1003A0005355595BAAA9A09F9B9C989994959495A5
:1003B0009B9DA0A49EA2DBDCFFFFFFFFFFFFFFFFD2
:1003C000FFFFFFFFFFFFFFFFFFFFFFFFFFFFFFFF3D
:1003D000FFFFFFFFFFFFFFFF7E7E7B7BFFFF7F7F37
:1003E0007F7FFFFF7B7B7C7CFFFFFFFF656561619B
:1003F000A0A0B4B3C0BECBC8D5D1DDD9E3DEE9E55A
:10040000FFFC9393FFFFFFFFFFFFFFFFFFFF4A4A41
:100410005F5FFFFFFDF9FDF6FBF6FAF6F7F3F6F284
:10042000F5F1F4F1F4F0F2EFF1ECF0EBEDE8EBE7DD
:10043000E9E5E8E4E5E2E5E0E2DDE2DCE1DBDFDAA4
:10044000DCD8DBD7DAD6D8D3D8D3D4D0D3CFD1CD5C
:10045000D0CCCECBCCC8CAC7C9C4C7C3C5C1C3C022
:10046000C2BEC0BDBEBBBCBABBB8B9B6B7B5B4B2EC
:10047000B2B1B1AFAFAEACACACAAA9A8A8A7A5A4C5
:10048000A3A3A2A2A0A19E9E9B9C9B9B979A979799
:100490009394929391939193929392929294929433
:1004A0009294929492949394939493949495949513
:1004B0009495949596969496969798989899979AD5
:1004C000989B999A9A9C9C9C9C9D9E9D9FA0A0A065
:1004D000A2A2A2A3A3A4A4A6A5A8A9A8AAABABABB9
:1004E000AEAEAFAEB1B1B3B3B6B5B8B7BAB9BDBCC5
:1004F000C0BDC2C0C4C3C7C5C9C8CDCBD0CED3D17F
:10050000D6D4DAD8DEDAE0DFE5E4696AFFFFFFFF80
:10051000FFFFFFFF47475F5FB8B6ACAAA8A6A3A23C
:100520009F9E9A9A9B9BA2A29FA1DBDBFFFFFFFFEE
:10053000FFFFFFFFFFFFFFFFFFFFFFFFFFFFFFFFCB
:10054000FFFFFFFFFFFFFFFFFFFFFFFF7E807B7CC2
:10055000FFFF7F807F80FFFF7B7E7C7EFFFFFFFFB2
:1005600065676162A0A6B3B8BEC1C8CAD1D2D9D7E7
:10057000DEDDE5E3FCF79395FFFFFFFFFFFFFFFFE5
:10058000FFFF4A4C5F60FFF8F9F1F6F2F6F0F6F083
:10059000F3EDF2EDF1EDF1EBF0EBEFEAECE8EBE788
:1005A000E8E5E7E3E5E2E4E1E2DEE0DEDDDADCDC3B
:1005B000DBD9DAD8D8D7D7D6D6D5D3D2D3D1D0D1E4
:1005C000CFCFCDCFCCCDCBCCC8CAC7C8C4C6C3C58E
:1005D000C1C3C0C3BEC2BDC0BBBEBABDB8BBB6B945
:1005E000B5B9B2B7B1B5AFB3AEB2ACB0AAAFA8AD02
:1005F000A7ABA4AAA3A9A2A8A1A79EA59CA39BA3BD
:100600009AA1979F949E939D939B939B939B929B60
:10061000949C949D949D949D949D949D949D949D53
:10062000959D959D959E959D969F969F979F989F2A
:1006300099A09AA19BA29AA29CA39CA39DA49DA4CD
:10064000A0A6A0A7A2A7A3A9A4AAA6ABA8ACA8AE3F
:10065000ABB0ABB1AEB2AEB3B1B6B3B8B5B9B7BA71
:10066000B9BDBCBFBDC1C0C4C3C6C5C8C8CACBCD57
:10067000CECFD1D1D4D5D8D9DADADFDEE4E26A6CD4
:10068000FFFFFFFFFFFFFFFF474A5F60B6B6AAAB61
:10069000A6A7A2A39E9F9A9B9B9CA2A4A1A4DBDADF
:1006A000FFFFFFFFFFFFFFFFFFFFFFFFFFFFFFFF5A
:1006B000FFFFFFFFFFFFFFFFFFFFFFFFFFFFFFFF4A
:1006C000FFFFFFFFFFFFFFFFFFFFFFFFFFFFFFFF3A
:1006D000FFFFFFFFFFFF79795F5F5E5E5E5E5D5D3E
:1006E0005D5D5C5D5C5C5C5C5C5C9C9CFFFFFFFF3B
:1006F000FFFFFFFFFFFFFFFF5959434342424242C2
:1007000042424242424242434243434343434343C1
:1007100043434343434343434343434343434343A9
:10072000434443444444444444444444444444448B
:100730004444444444444444444444454445454575
:100740004545454545454545454545454545454559
:10075000454545454646464646464646464646463D
:100760004646464646464646464747474747474722
:100770004747474747474747474747474747474709
:1007800047474747474747474747474747474747F9
:1007900047474747474747474747474747474747E9
:1007A00047474747474747474747474747474747D9
:1007B00047474747474747474747474646464646CE
:1007C00046464646464646464646464646464646C9
:1007D00046464646454545454545454545454545C5
:1007E00045454545444444444444444444444444C5
:1007F00043434545FFFFFFFFFFFFFFFFFFFF555549
:100800004A4A4A4A4A4A4A4A4B4A4B4B4B4B4B4B41
:100810004B4BD7D7FFFFFFFFFFFFFFFFFFFFFFFFA0
:10082000FFFFFFFFFFFFFFFFFFFFFFFFFFFFFFFFD8
:10083000FFFFFFFFFFFFFFFFFFFFFFFFFFFFFFFFC8
:10084000FFFFFFFFFFFFFFFFFFFF797B5F615E6040
:100850005E605D5F5D5F5D5F5C5F5C5E5C5E9C9D3E
:10086000FFFFFFFFFFFFFFFFFFFFFFFF595B434558
:10087000424542454245424542454345434543453D
:100880004345434543464346434643464346434622
:10089000434643464446444644464446444644460A
:1008A00044464447444744474447444744474547F0
:1008B00045474547454745474547454745474547D8
:1008C00045484548454845484648464846484648BC
:1008D00046484648464846484648464847484749A5
:1008E0004749474947494749474947494749474988
:1008F0004749474947494749474947494749474978
:100900004749474947494749474947494749474967
:100910004749474947494749474947494749474957
:100920004749474947494749474947494749464948
:100930004648464846484648464846484648464847
:10094000464846484648464845484547454745473E
:10095000454745474547454744474447444644463D
:100960004446444643464547FFFFFFFFFFFFFFFF66
:10097000FFFF55564A4C4A4C4A4D4A4D4A4D4B4D45
:100980004B4D4B4D4B4ED7D7FFFFFFFFFFFFFFFFF8
:10099000FFFFFFFFFFFFFFFFFFFFFFFFFFFFFFFF67
:1009A000FFFFFFFFFFFFFFFFFFFFFFFFFFFFFFFF57
:1009B000FFFFFFFFFFFFFFFFFFFFFFFFFFFFFFFF47
:1009C000FFFFFFFFFFFFFFFFFFFFFFFFFFFFFFFF37
:1009D000FFFFFFFFFFFFFFFFFFFFFFFFFFFFFFFF27
:1009E000FFFFFFFFFFFFFFFFFFFFFFFFFFFFFFFF17
:1009F000FFFFFFFFFFFFFFFFFFFFFFFFFFFFFFFF07
:100A0000FFFFFFFFFFFFFFFFFFFFFFFFFFFFFFFFF6
:100A1000FFFFFFFFFFFFFFFFFFFFFFFFFFFFFFFFE6
:100A2000FFFFFFFFFFFFFFFFFFFFFFFFFFFFFFFFD6
:100A3000FFFFFFFFFFFFFFFFFFFFFFFFFFFFFFFFC6
:100A4000FFFFFFFFFFFFFFFFFFFFFFFFFFFFFFFFB6
:100A5000FFFFFFFFFFFFFFFFFFFFFFFFFFFFFFFFA6
:100A6000FFFFFFFFFFFFFFFFFFFFFFFFFFFFFFFF96
:100A7000FFFFFFFFFFFFFFFFFFFFFFFFFFFFFFFF86
:100A8000FFFFFFFFFFFFFFFFFFFFFFFFFFFFFFFF76
:100A9000FFFFFFFFFFFFFFFFFFFFFFFFFFFFFFFF66
:100AA000FFFFFFFFFFFFFFFFFFFFFFFFFFFFFFFF56
:100AB000FFFFFFFFFFFFFFFFFFFFFFFFFFFFFFFF46
:100AC000FFFFFFFFFFFFFFFFFFFFFFFFFFFFFFFF36
:100AD000FFFFFFFFFFFFFFFFFFFFFFFFFFFFFFFF26
:100AE000FFFFFFFFFFFFFFFFFFFFFFFFFFFFFFFF16
:100AF000FFFFFFFFFFFFFFFFFFFFFFFFFFFFFFFF06
:100B0000FFFFFFFFFFFFFFFFFFFFFFFFFFFFFFFFF5
:100B1000FFFFFFFFFFFFFFFFFFFFFFFFFFFFFFFFE5
:100B2000FFFFFFFFFFFFFFFFFFFFFFFFFFFFFFFFD5
:100B3000FFFFFFFFFFFFFFFFFFFFFFFFFFFFFFFFC5
:100B4000FFFFFFFFFFFFFFFFFFFFFFFFFFFFFFFFB5
:100B5000FFFFFFFFFFFFFFFFFFFFFFFFFFFFFFFFA5
:100B6000FFFFFFFFFFFFFFFFFFFFFFFFFFFFFFFF95
:100B7000FFFFFFFFFFFFFFFFFFFFFFFFFFFFFFFF85
:100B8000FFFFFFFFFFFFFFFFFFFFFFFFFFFFFFFF75
:100B9000FFFFFFFFFFFFFFFFFFFFFFFFFFFFFFFF65
:100BA000FFFFFFFFFFFFFFFFFFFFFFFFFFFFFFFF55
:100BB000FFFFFFFFFFFFFFFFFFFFFFFFFFFFFFFF45
:100BC000FFFFFFFFFFFFFFFFFFFFFFFFFFFFFFFF35
:100BD000FFFFFFFFFFFFFFFFFFFFFFFFFFFFFFFF25
:100BE000FFFFFFFFFFFFFFFFFFFFFFFFFFFFFFFF15
:100BF000FFFFFFFFFFFFFFFFFFFFFFFFFFFFFFFF05
:100C0000FFFFFFFFFFFFFFFFFFFFFFFFFFFFFFFFF4
:100C1000FFFFFFFFFFFFFFFFFFFFFFFFFFFFFFFFE4
:100C2000FFFFFFFFFFFFFFFFFFFFFFFFFFFFFFFFD4
:100C3000FFFFFFFFFFFFFFFFFFFFFFFFFFFFFFFFC4
:100C4000FFFFFFFFFFFFFFFFFFFFFFFFFFFFFFFFB4
:100C5000FFFFFFFFFFFFFFFFFFFFFFFFFFFFFFFFA4
:100C6000FFFFFFFFFFFFFFFFFFFFFFFFFFFFFFFF94
:100C7000FFFFFFFFFFFFFFFFFFFFFFFFFFFFFFFF84
:100C8000FFFFFFFFFFFFFFFFFFFFFFFFFFFFFFFF74
:100C9000FFFFFFFFFFFFFFFFFFFFFFFFFFFFFFFF64
:100CA000FFFFFFFFFFFFFFFFFFFFFFFFFFFFFFFF54
:100CB000FFFFFFFFFFFFFFFFFFFFFFFFFFFFFFFF44
:100CC000FFFFFFFFFFFFFFFFFFFFFFFFFFFFFFFF34
:100CD000FFFFFFFFFFFFFFFFFFFFFFFFFFFFFFFF24
:100CE000FFFFFFFFFFFFFFFFFFFFFFFFFFFFFFFF14
:100CF000FFFFFFFFFFFFFFFFFFFFFFFFFFFFFFFF04
:100D0000FFFFFFFFFFFFFFFFFFFFFFFFFFFFFFFFF3
:100D1000FFFFFFFFFFFFFFFFFFFFFFFFFFFFFFFFE3
:100D2000FFFFFFFFFFFFFFFFFFFFFFFFFFFFFFFFD3
:100D3000FFFFFFFFFFFFFFFFFFFFFFFFFFFFFFFFC3
:100D4000FFFFFFFFFFFFFFFFFFFFFFFFFFFFFFFFB3
:100D5000FFFFFFFFFFFFFFFFFFFFFFFFFFFFFFFFA3
:100D6000FFFFFFFFFFFFFFFFFFFFFFFFFFFFFFFF93
:100D7000FFFFFFFFFFFFFFFFFFFFFFFFFFFFFFFF83
:100D8000FFFFFFFFFFFFFFFFFFFFFFFFFFFFFFFF73
:100D9000FFFFFFFFFFFFFFFFFFFFFFFFFFFFFFFF63
:100DA000FFFFFFFFFFFFFFFFFFFFFFFFFFFFFFFF53
:100DB000FFFFFFFFFFFFFFFFFFFFFFFFFFFFFFFF43
:100DC000FFFFFFFFFFFFFFFFFFFFFFFFFFFFFFFF33
:100DD000FFFFFFFFFFFFFFFFFFFFFFFFFFFFFFFF23
:100DE000FFFFFFFFFFFFFFFFFFFFFFFFFFFFFFFF13
:100DF000FFFFFFFFFFFFFFFFFFFFFFFFFFFFFFFF03
:100E0000FFFFFFFFFFFFFFFFFFFFFFFFFFFFFFFFF2
:100E1000FFFFFFFFFFFFFFFFFFFFFFFFFFFFFFFFE2
:100E2000FFFFFFFFFFFFFFFFFFFFFFFFFFFFFFFFD2
:100E3000FFFFFFFFFFFFFFFFFFFFFFFFFFFFFFFFC2
:100E4000FFFFFFFFFFFFFFFFFFFFFFFFFFFFFFFFB2
:100E5000FFFFFFFFFFFFFFFFFFFFFFFFFFFFFFFFA2
:100E6000FFFFFFFFFFFFFFFFFFFFFFFFFFFFFFFF92
:100E7000FFFFFFFFFFFFFFFFFFFFFFFFFFFFFFFF82
:100E8000FFFFFFFFFFFFFFFFFFFFFFFFFFFFFFFF72
:100E9000FFFFFFFFFFFFFFFFFFFFFFFFFFFFFFFF62
:100EA000FFFFFFFFFFFFFFFFFFFFFFFFFFFFFFFF52
:100EB000FFFFFFFFFFFFFFFFFFFFFFFFFFFFFFFF42
:100EC000FFFFFFFFFFFFFFFFFFFFFFFFFFFFFFFF32
:100ED000FFFFFFFFFFFFFFFFFFFFFFFFFFFFFFFF22
:100EE000FFFFFFFFFFFFFFFFFFFFFFFFFFFFFFFF12
:100EF000FFFFFFFFFFFFFFFFFFFFFFFFFFFFFFFF02
:100F0000FFFFFFFFFFFFFFFFFFFFFFFFFFFFFFFFF1
:100F1000FFFFFFFFFFFFFFFFFFFFFFFFFFFFFFFFE1
:100F2000FFFFFFFFFFFFFFFFFFFFFFFFFFFFFFFFD1
:100F3000FFFFFFFFFFFFFFFFFFFFFFFFFFFFFFFFC1
:100F4000FFFFFFFFFFFFFFFFFFFFFFFFFFFFFFFFB1
:100F5000FFFFFFFFFFFFFFFFFFFFFFFFFFFFFFFFA1
:100F6000FFFFFFFFFFFFFFFFFFFFFFFFFFFFFFFF91
:100F7000FFFFFFFFFFFFFFFFFFFFFFFFFFFFFFFF81
:100F8000FFFFFFFFFFFFFFFFFFFFFFFFFFFFFFFF71
:100F9000FFFFFFFFFFFFFFFFFFFFFFFFFFFFFFFF61
:100FA000FFFFFFFFFFFFFFFFFFFFFFFFFFFFFFFF51
:100FB000FFFFFFFFFFFFFFFFFFFFFFFFFFFFFFFF41
:100FC000FFFFFFFFFFFFFFFFFFFFFFFFFFFFFFFF31
:100FD000FFFFFFFFFFFFFFFFFFFFFFFFFFFFFFFF21
:100FE000FFFFFFFFFFFFFFFFFFFFFFFFFFFFFFFF11
:100FF000FFFFFFFFFFFFFFFFFFFFFFFFFFFFFFFF01
:10100000FFFFFFFFFFFFFFFFFFFFFFFFFFFFFFFFF0
:10101000FFFFFFFFFFFFFFFFFFFFFFFFFFFFFFFFE0
:10102000FFFFFFFFFFFFFFFFFFFFFFFFFFFFFFFFD0
:10103000FFFFFFFFFFFFFFFFFFFFFFFFFFFFFFFFC0
:10104000FFFFFFFFFFFFFFFFFFFFFFFFFFFFFFFFB0
:10105000FFFFFFFFFFFFFFFFFFFFFFFFFFFFFFFFA0
:10106000FFFFFFFFFFFFFFFFFFFFFFFFFFFFFFFF90
:10107000FFFFFFFFFFFFFFFFFFFFFFFFFFFFFFFF80
:10108000FFFFFFFFFFFFFFFFFFFFFFFFFFFFFFFF70
:10109000FFFFFFFFFFFFFFFFFFFFFFFFFFFFFFFF60
:1010A000FFFFFFFFFFFFFFFFFFFFFFFFFFFFFFFF50
:1010B000FFFFFFFFFFFFFFFFFFFFFFFFFFFFFFFF40
:1010C000FFFFFFFFFFFFFFFFFFFFFFFFFFFFFFFF30
:1010D000FFFFFFFFFFFFFFFFFFFFFFFFFFFFFFFF20
:1010E000FFFFFFFFFFFFFFFFFFFFFFFFFFFFFFFF10
:1010F000FFFFFFFFFFFFFFFFFFFFFFFFFFFFFFFF00
:10110000FFFFFFFFFFFFFFFFFFFFFFFFFFFFFFFFEF
:10111000FFFFFFFFFFFFFFFFFFFFFFFFFFFFFFFFDF
:10112000FFFFFFFFFFFFFFFFFFFFFFFFFFFFFFFFCF
:10113000FFFFFFFFFFFFFFFFFFFFFFFFFFFFFFFFBF
:10114000FFFFFFFFFFFFFFFFFFFFFFFFFFFFFFFFAF
:10115000FFFFFFFFFFFFFFFFFFFFFFFFFFFFFFFF9F
:10116000FFFFFFFFFFFFFFFFFFFFFFFFFFFFFFFF8F
:10117000FFFFFFFFFFFFFFFFFFFFFFFFFFFFFFFF7F
:10118000FFFFFFFFFFFFFFFFFFFFFFFFFFFFFFFF6F
:10119000FFFFFFFFFFFFFFFFFFFFFFFFFFFFFFFF5F
:1011A000FFFFFFFFFFFFFFFFFFFFFFFFFFFFFFFF4F
:1011B000FFFFFFFFFFFFFFFFFFFFFFFFFFFFFFFF3F
:1011C000FFFFFFFFFFFFFFFFFFFFFFFFFFFFFFFF2F
:1011D000FFFFFFFFFFFFFFFFFFFFFFFFFFFFFFFF1F
:1011E000FFFFFFFFFFFFFFFFFFFFFFFFFFFFFFFF0F
:1011F000FFFFFFFFFFFFFFFFFFFFFFFFFFFFFFFFFF
:10120000FFFFFFFFFFFFFFFFFFFFFFFFFFFFFFFFEE
:10121000FFFFFFFFFFFFFFFFFFFFFFFFFFFFFFFFDE
:10122000FFFFFFFFFFFFFFFFFFFFFFFFFFFFFFFFCE
:10123000FFFFFFFFFFFFFFFFFFFFFFFFFFFFFFFFBE
:10124000FFFFFFFFFFFFFFFFFFFFFFFFFFFFFFFFAE
:10125000FFFFFFFFFFFFFFFFFFFFFFFFFFFFFFFF9E
:10126000FFFFFFFFFFFFFFFFFFFFFFFFFFFFFFFF8E
:10127000FFFFFFFFFFFFFFFFFFFFFFFFFFFFFFFF7E
:10128000FFFFFFFFFFFFFFFFFFFFFFFFFFFFFFFF6E
:10129000FFFFFFFFFFFFFFFFFFFFFFFFFFFFFFFF5E
:1012A000FFFFFFFFFFFFFFFFFFFFFFFFFFFFFFFF4E
:1012B000FFFFFFFFFFFFFFFFFFFFFFFFFFFFFFFF3E
:1012C000FFFFFFFFFFFFFFFFFFFFFFFFFFFFFFFF2E
:1012D000FFFFFFFFFFFFFFFFFFFFFFFFFFFFFFFF1E
:1012E000FFFFFFFFFFFFFFFFFFFFFFFFFFFFFFFF0E
:1012F000FFFFFFFFFFFFFFFFFFFFFFFFFFFFFFFFFE
:10130000FFFFFFFFFFFFFFFFFFFFFFFFFFFFFFFFED
:10131000FFFFFFFFFFFFFFFFFFFFFFFFFFFFFFFFDD
:10132000FFFFFFFFFFFFFFFFFFFFFFFFFFFFFFFFCD
:10133000FFFFFFFFFFFFFFFFFFFFFFFFFFFFFFFFBD
:10134000FFFFFFFFFFFFFFFFFFFFFFFFFFFFFFFFAD
:10135000FFFFFFFFFFFFFFFFFFFFFFFFFFFFFFFF9D
:10136000FFFFFFFFFFFFFFFFFFFFFFFFFFFFFFFF8D
:10137000FFFFFFFFFFFFFFFFFFFFFFFFFFFFFFFF7D
:10138000FFFFFFFFFFFFFFFFFFFFFFFFFFFFFFFF6D
:10139000FFFFFFFFFFFFFFFFFFFFFFFFFFFFFFFF5D
:1013A000FFFFFFFFFFFFFFFFFFFFFFFFFFFFFFFF4D
:1013B000FFFFFFFFFFFFFFFFFFFFFFFFFFFFFFFF3D
:1013C000FFFFFFFFFFFFFFFFFFFFFFFFFFFFFFFF2D
:1013D000FFFFFFFFFFFFFFFFFFFFFFFFFFFFFFFF1D
:1013E000FFFFFFFFFFFFFFFFFFFFFFFFFFFFFFFF0D
:1013F000FFFFFFFFFFFFFFFFFFFFFFFFFFFFFFFFFD
:10140000FFFFFFFFFFFFFFFFFFFFFFFFFFFFFFFFEC
:10141000FFFFFFFFFFFFFFFFFFFFFFFFFFFFFFFFDC
:10142000FFFFFFFFFFFFFFFFFFFFFFFFFFFFFFFFCC
:10143000FFFFFFFFFFFFFFFFFFFFFFFFFFFFFFFFBC
:10144000FFFFFFFFFFFFFFFFFFFFFFFFFFFFFFFFAC
:10145000FFFFFFFFFFFFFFFFFFFFFFFFFFFFFFFF9C
:10146000FFFFFFFFFFFFFFFFFFFFFFFFFFFFFFFF8C
:10147000FFFFFFFFFFFFFFFFFFFFFFFFFFFFFFFF7C
:10148000FFFFFFFFFFFFFFFFFFFFFFFFFFFFFFFF6C
:10149000FFFFFFFFFFFFFFFFFFFFFFFFFFFFFFFF5C
:1014A000FFFFFFFFFFFFFFFFFFFFFFFFFFFFFFFF4C
:1014B000FFFFFFFFFFFFFFFFFFFFFFFFFFFFFFFF3C
:1014C000FFFFFFFFFFFFFFFFFFFFFFFFFFFFFFFF2C
:1014D000FFFFFFFFFFFFFFFFFFFFFFFFFFFFFFFF1C
:1014E000FFFFFFFFFFFFFFFFFFFFFFFFFFFFFFFF0C
:1014F000FFFFFFFFFFFFFFFFFFFFFFFFFFFFFFFFFC
:10150000FFFFFFFFFFFFFFFFFFFFFFFFFFFFFFFFEB
:10151000FFFFFFFFFFFFFFFFFFFFFFFFFFFFFFFFDB
:10152000FFFFFFFFFFFFFFFFFFFFFFFFFFFFFFFFCB
:10153000FFFFFFFF73746F7020646D6120436820AC
:101540002578200A0D2077697468205347204D4F75
:1015500044450000537461727420646D61204368D7
:10156000202578200A0D2077697468205347204D84
:101570006F64650073746F7020646D612043682030
:1015800025782077697468205347206D6F64652043
:101590000A0D000073746F7020646D6120696E70B5
:1015A00075742028534729200A0D00005374617276
:1015B0007420646D6120696E70757428534729200A
:1015C0000A0D000073746F7020646D61206F757474
:1015D00028534729200A0D00537461727420646DEA
:1015E00061206F757428534729200A0D0000000000
:1015F00073746F7020646D612043682031696E20C0
:101600000A0D000073746F7020646D6120436832AE
:1016100020696E200A0D000073746F7020646D6184
:10162000204368202578200A0D00000073746F7035
:1016300020646D61204F7574200A0D00537461722F
:101640007420646D61206F7574200A0D0000000025
:1016500073746F7020646D6120696E707574200AF8
:101660000D000000437573746F6D205347206D6F3C
:10167000646520496E70757420696E697421200A52
:101680000D000000496E697469616C20435320525B
:1016900065676973746572200A0D00005374617286
:1016A0007420646D61204368202578200A0D20771E
:1016B000697468204353205347204D6F64650000D0
:1016C000537461727420646D6120696E707574204A
:1016D000776974682063732063670A0D0000000057
:1016E00073746F7020646D61206F7574200A0D0033
:1016F000437573746F6D205347206D6F6465206F61
:10170000757470757420696E6974200A0D0000008C
:10171000537461727420646D61206F7574207769F1
:1017200074682063732063670A0D000000010202E1
:101730000303030304040404040404040505050569
:101740000505050505050505050505050606060645
:101750000606060606060606060606060606060629
:101760000606060606060606060606060707070715
:1017700007070707070707070707070707070707F9
:1017800007070707070707070707070707070707E9
:1017900007070707070707070707070707070707D9
:1017A00007070707070707070707070708080808C5
:1017B00008080808080808080808080808080808A9
:1017C0000808080808080808080808080808080899
:1017D0000808080808080808080808080808080889
:1017E0000808080808080808080808080808080879
:1017F0000808080808080808080808080808080869
:101800000808080808080808080808080808080858
:101810000808080808080808080808080808080848
:101820000808080808080808080808080000000058
:10183000000000002C1805002C18050034180500C5
:10184000341805003C1805003C1805004418050034
:10185000441805004C1805004C18050054180500E4
:10186000541805005C1805005C1805006418050094
:10187000641805006C1805006C1805007418050044
:10188000741805007C1805007C18050084180500F4
:10189000841805008C1805008C18050094180500A4
:1018A000941805009C1805009C180500A418050054
:1018B000A4180500AC180500AC180500B418050004
:1018C000B4180500BC180500BC180500C4180500B4
:1018D000C4180500CC180500CC180500D418050064
:1018E000D4180500DC180500DC180500E418050014
:1018F000E4180500EC180500EC180500F4180500C4
:10190000F4180500FC180500FC1805000419050072
:10191000041905000C1905000C190500141905001F
:10192000141905001C1905001C19050024190500CF
:10193000241905002C1905002C190500341905007F
:10194000341905003C1905003C190500441905002F
:10195000441905004C1905004C19050054190500DF
:10196000541905005C1905005C190500641905008F
:10197000641905006C1905006C190500741905003F
:10198000741905007C1905007C19050084190500EF
:10199000841905008C1905008C190500941905009F
:1019A000941905009C1905009C190500A41905004F
:1019B000A4190500AC190500AC190500B4190500FF
:1019C000B4190500BC190500BC190500C4190500AF
:1019D000C4190500CC190500CC190500D41905005F
:1019E000D4190500DC190500DC190500E41905000F
:1019F000E4190500EC190500EC190500F4190500BF
:101A0000F4190500FC190500FC190500041A05006D
:101A1000041A05000C1A05000C1A0500141A05001A
:101A2000141A05001C1A05001C1A0500241A0500CA
:101A3000241A05002C1A05002C1A0500341A05007A
:101A4000341A05003C1A05003C1A0500441A05002A
:101A5000441A05004C1A05004C1A0500541A0500DA
:101A6000541A05005C1A05005C1A0500641A05008A
:101A7000641A05006C1A05006C1A0500741A05003A
:101A8000741A05007C1A05007C1A0500841A0500EA
:101A9000841A05008C1A05008C1A0500941A05009A
:101AA000941A05009C1A05009C1A0500A41A05004A
:101AB000A41A0500AC1A0500AC1A0500B41A0500FA
:101AC000B41A0500BC1A0500BC1A0500C41A0500AA
:101AD000C41A0500CC1A0500CC1A0500D41A05005A
:101AE000D41A0500DC1A0500DC1A0500E41A05000A
:101AF000E41A0500EC1A0500EC1A0500F41A0500BA
:101B0000F41A0500FC1A0500FC1A0500041B050068
:101B1000041B05000C1B05000C1B0500141B050015
:101B2000141B05001C1B05001C1B0500241B0500C5
:101B3000241B05002C1B05002C1B0500341B050075
:101B4000341B05003C1B05003C1B0500441B050025
:101B5000441B05004C1B05004C1B0500541B0500D5
:101B6000541B05005C1B05005C1B0500641B050085
:101B7000641B05006C1B05006C1B0500741B050035
:101B8000741B05007C1B05007C1B0500841B0500E5
:101B9000841B05008C1B05008C1B0500941B050095
:101BA000941B05009C1B05009C1B0500A41B050045
:101BB000A41B0500AC1B0500AC1B0500B41B0500F5
:101BC000B41B0500BC1B0500BC1B0500C41B0500A5
:101BD000C41B0500CC1B0500CC1B0500D41B050055
:101BE000D41B0500DC1B0500DC1B0500E41B050005
:101BF000E41B0500EC1B0500EC1B0500F41B0500B5
:101C0000F41B0500FC1B0500FC1B0500041C050063
:101C1000041C05000C1C05000C1C0500141C050010
:101C2000141C05001C1C05001C1C0500241C0500C0
:101C3000241C05000000000000000000241F050017
:101C40008C1F0500F41F05000000000000000000CC
:101C50000000000000000000000000000000000084
:101C60000000000000000000000000000000000074
:101C70000000000000000000000000000000000064
:101C80000000000000000000000000000000000054
:101C90000000000000000000000000000000000044
:101CA0000000000000000000000000000000000034
:101CB0000000000000000000000000000000000024
:101CC0000000000000000000000000000000000014
:101CD0000000000000000000000000000000000004
:101CE00001000000000000000E33CDAB34126DE6A1
:101CF000ECDE05000B00000000000000000000000A
:101D000000000000000000000000000000000000D3
:101D100000000000000000000000000000000000C3
:101D200000000000000000000000000000000000B3
:101D300000000000000000000000000000000000A3
:101D40000000000000000000000000000000000093
:101D50000000000000000000000000000000000083
:101D60000000000000000000000000000000000073
:101D70000000000000000000000000000000000063
:101D80000000000000000000000000000000000053
:101D90000000000000000000000000000000000043
:101DA0000000000000000000000000000000000033
:101DB0000000000000000000000000000000000023
:101DC0000000000000000000000000000000000013
:101DD0000000000000000000000000000000000003
:101DE00000000000000000000000000000000000F3
:101DF00000000000000000000000000000000000E3
:101E000000000000000000000000000000000000D2
:101E100000000000000000000000000000000000C2
:101E200000000000000000000000000000000000B2
:101E300000000000000000000000000000000000A2
:101E40000000000000000000000000000000000092
:101E50000000000000000000000000000000000082
:101E60000000000000000000000000000000000072
:101E70000000000000000000000000000000000062
:101E80000000000000000000000000000000000052
:101E90000000000000000000000000000000000042
:101EA0000000000000000000000000000000000032
:101EB0000000000000000000000000000000000022
:101EC0000000000000000000000000000000000012
:101ED0000000000000000000000000000000000002
:101EE00000000000000000000000000000000000F2
:101EF00000000000000000000000000000000000E2
:101F000000000000000000000000000000000000D1
:101F100000000000000000000000000000000000C1
:101F200000000000000000000000000000000000B1
:101F300000000000000000000000000000000000A1
:101F40000000000000000000000000000000000091
:101F50000000000000000000000000000000000081
:101F60000000000000000000000000000000000071
:101F70000000000000000000000000000000000061
:101F80000000000000000000000000000000000051
:101F90000000000000000000000000000000000041
:101FA0000000000000000000000000000000000031
:101FB0000000000000000000000000000000000021
:101FC0000000000000000000000000000000000011
:101FD0000000000000000000000000000000000001
:101FE00000000000000000000000000000000000F1
:101FF00000000000000000000000000000000000E1
:1020000000000000000000000000000000000000D0
:1020100000000000000000000000000000000000C0
:1020200000000000000000000000000000000000B0
:1020300000000000000000000000000000000000A0
:102040000000000000000000000000000000000090
:102050000000000000000000000000000000000080
:10206000010000000300000002000000000C00005E
:1020700000080000000A000000040400FFFFFFFF4A
:1020800000000200381C0500313233343536370089
:0920900000000000000000000047
:0400000300001000E9
:00000001FF
